symbol,date,open,high,low,close,volume,adjclose,dividends,splits
ADX,2000-01-03,22.333332061767578,22.5,22.166667938232422,22.291667938232422,117450,3.739119529724121,0.0,0.0
ADX,2000-01-04,22.125,22.166667938232422,21.791667938232422,22.0,115950,3.690197229385376,0.0,0.0
ADX,2000-01-05,21.833332061767578,21.916667938232422,21.583332061767578,21.833332061767578,177600,3.6622414588928223,0.0,0.0
ADX,2000-01-06,21.708332061767578,21.875,21.666667938232422,21.833332061767578,67650,3.6622414588928223,0.0,0.0
ADX,2000-01-07,21.833332061767578,21.916667938232422,21.708332061767578,21.916667938232422,55500,3.6762194633483887,0.0,0.0
ADX,2000-01-10,21.833332061767578,22.166667938232422,21.833332061767578,21.916667938232422,145800,3.6762194633483887,0.0,0.0
ADX,2000-01-11,21.958332061767578,22.416667938232422,21.875,22.166667938232422,111300,3.7181525230407715,0.0,0.0
ADX,2000-01-12,22.083332061767578,22.375,22.0,22.125,71250,3.7111635208129883,0.0,0.0
ADX,2000-01-13,22.041667938232422,22.375,22.041667938232422,22.208332061767578,103050,3.7251412868499756,0.0,0.0
ADX,2000-01-14,22.125,22.5,22.125,22.25,63900,3.7321290969848633,0.0,0.0
ADX,2000-01-18,22.25,22.458332061767578,22.125,22.458332061767578,102600,3.767077684402466,0.0,0.0
ADX,2000-01-19,22.416667938232422,22.75,22.416667938232422,22.666667938232422,83850,3.802018880844116,0.0,0.0
ADX,2000-01-20,22.583332061767578,22.708332061767578,22.333332061767578,22.333332061767578,127350,3.7461094856262207,0.0,0.0
ADX,2000-01-21,22.25,22.625,22.208332061767578,22.541667938232422,52200,3.7810542583465576,0.0,0.0
ADX,2000-01-24,22.541667938232422,22.75,22.5,22.541667938232422,46950,3.7810542583465576,0.0,0.0
ADX,2000-01-25,22.458332061767578,22.5,22.166667938232422,22.333332061767578,44100,3.7461094856262207,0.0,0.0
ADX,2000-01-26,22.25,22.5,22.25,22.458332061767578,42000,3.767077684402466,0.0,0.0
ADX,2000-01-27,22.5,22.666667938232422,22.458332061767578,22.583332061767578,79200,3.788043260574341,0.0,0.0
ADX,2000-01-28,22.5,22.541667938232422,22.083332061767578,22.083332061767578,58650,3.704174757003784,0.0,0.0
ADX,2000-01-31,22.083332061767578,22.166667938232422,21.916667938232422,22.0,146100,3.690197229385376,0.0,0.0
ADX,2000-02-01,21.958332061767578,22.166667938232422,21.916667938232422,22.125,41700,3.7111635208129883,0.0,0.0
ADX,2000-02-02,22.083332061767578,22.166667938232422,21.916667938232422,22.0,44400,3.690197229385376,0.0,0.0
ADX,2000-02-03,22.083332061767578,22.291667938232422,22.083332061767578,22.208332061767578,46950,3.7251412868499756,0.0,0.0
ADX,2000-02-04,22.291667938232422,22.5,22.291667938232422,22.375,38250,3.75309681892395,0.0,0.0
ADX,2000-02-07,22.541667938232422,22.625,22.333332061767578,22.375,57900,3.75309681892395,0.0,0.0
ADX,2000-02-08,22.375,22.916667938232422,22.375,22.75,64950,3.81600022315979,0.0,0.0
ADX,2000-02-09,22.708332061767578,22.916667938232422,22.583332061767578,22.583332061767578,87150,3.788043260574341,0.0,0.0
ADX,2000-02-10,22.583332061767578,22.791667938232422,22.541667938232422,22.583332061767578,39000,3.788043260574341,0.0,0.0
ADX,2000-02-11,22.708332061767578,22.708332061767578,22.125,22.125,43500,3.7111635208129883,0.0,0.0
ADX,2000-02-14,22.166667938232422,22.166667938232422,21.875,22.041667938232422,61350,3.6971840858459473,0.0,0.0
ADX,2000-02-15,22.125,22.166667938232422,21.625,22.041667938232422,63000,3.6971840858459473,0.0,0.0
ADX,2000-02-16,21.833332061767578,21.958332061767578,21.666667938232422,21.708332061767578,53100,3.65453839302063,0.08,0.0
ADX,2000-02-17,21.791667938232422,22.083332061767578,21.75,21.916667938232422,56700,3.6896111965179443,0.0,0.0
ADX,2000-02-18,22.0,22.208332061767578,21.583332061767578,21.583332061767578,79650,3.6334939002990723,0.0,0.0
ADX,2000-02-22,21.583332061767578,21.833332061767578,21.583332061767578,21.791667938232422,57450,3.6685664653778076,0.0,0.0
ADX,2000-02-23,21.791667938232422,22.041667938232422,21.791667938232422,21.916667938232422,42000,3.6896111965179443,0.0,0.0
ADX,2000-02-24,21.958332061767578,22.125,21.666667938232422,21.958332061767578,63300,3.6966233253479004,0.0,0.0
ADX,2000-02-25,22.0,22.25,21.958332061767578,22.041667938232422,39300,3.7106547355651855,0.0,0.0
ADX,2000-02-28,22.083332061767578,22.25,21.875,21.875,69600,3.6825971603393555,0.0,0.0
ADX,2000-02-29,21.958332061767578,22.25,21.958332061767578,22.083332061767578,44850,3.7176668643951416,0.0,0.0
ADX,2000-03-01,21.958332061767578,22.25,21.875,22.125,123450,3.7246811389923096,0.0,0.0
ADX,2000-03-02,22.291667938232422,22.666667938232422,22.25,22.666667938232422,73200,3.8158698081970215,0.0,0.0
ADX,2000-03-03,22.541667938232422,22.958332061767578,22.5,22.875,74400,3.8509442806243896,0.0,0.0
ADX,2000-03-06,23.0,23.166667938232422,22.833332061767578,22.833332061767578,99000,3.8439297676086426,0.0,0.0
ADX,2000-03-07,22.875,23.041667938232422,22.541667938232422,22.541667938232422,59700,3.794827461242676,0.0,0.0
ADX,2000-03-08,22.541667938232422,22.791667938232422,22.5,22.708332061767578,74550,3.8228843212127686,0.0,0.0
ADX,2000-03-09,22.708332061767578,22.75,22.666667938232422,22.708332061767578,49950,3.8228843212127686,0.0,0.0
ADX,2000-03-10,22.75,23.166667938232422,22.708332061767578,22.833332061767578,83100,3.8439297676086426,0.0,0.0
ADX,2000-03-13,22.708332061767578,22.791667938232422,22.541667938232422,22.625,59100,3.8088560104370117,0.0,0.0
ADX,2000-03-14,22.541667938232422,22.916667938232422,22.541667938232422,22.75,53550,3.8299002647399902,0.0,0.0
ADX,2000-03-15,22.75,23.083332061767578,22.708332061767578,23.0,61200,3.8719866275787354,0.0,0.0
ADX,2000-03-16,23.083332061767578,24.041667938232422,23.083332061767578,23.958332061767578,50400,4.033319473266602,0.0,0.0
ADX,2000-03-17,24.041667938232422,24.125,23.791667938232422,23.833332061767578,67800,4.012272834777832,0.0,0.0
ADX,2000-03-20,23.75,24.0,23.75,23.75,57300,3.9982473850250244,0.0,0.0
ADX,2000-03-21,23.625,24.166667938232422,23.625,24.0,60600,4.040332794189453,0.0,0.0
ADX,2000-03-22,24.083332061767578,24.083332061767578,24.0,24.041667938232422,46500,4.0473480224609375,0.0,0.0
ADX,2000-03-23,24.083332061767578,24.666667938232422,24.083332061767578,24.583332061767578,36900,4.13853645324707,0.0,0.0
ADX,2000-03-24,24.666667938232422,24.833332061767578,24.416667938232422,24.458332061767578,43350,4.117491722106934,0.0,0.0
ADX,2000-03-27,24.541667938232422,24.625,24.25,24.25,31500,4.082420825958252,0.0,0.0
ADX,2000-03-28,24.25,24.916667938232422,24.25,24.791667938232422,66900,4.173609256744385,0.0,0.0
ADX,2000-03-29,24.625,24.833332061767578,24.416667938232422,24.416667938232422,82950,4.110480308532715,0.0,0.0
ADX,2000-03-30,24.583332061767578,24.833332061767578,24.583332061767578,24.666667938232422,33750,4.152567386627197,0.0,0.0
ADX,2000-03-31,24.541667938232422,24.916667938232422,24.333332061767578,24.916667938232422,78300,4.19465446472168,0.0,0.0
ADX,2000-04-03,24.833332061767578,24.875,24.833332061767578,24.875,37800,4.187639236450195,0.0,0.0
ADX,2000-04-04,24.875,24.958332061767578,23.666667938232422,24.083332061767578,102150,4.054364204406738,0.0,0.0
ADX,2000-04-05,24.25,24.5,23.833332061767578,23.958332061767578,79800,4.033319473266602,0.0,0.0
ADX,2000-04-06,24.0,24.583332061767578,24.0,24.333332061767578,55050,4.096449851989746,0.0,0.0
ADX,2000-04-07,24.25,24.583332061767578,24.208332061767578,24.458332061767578,35700,4.117491722106934,0.0,0.0
ADX,2000-04-10,24.583332061767578,24.583332061767578,24.416667938232422,24.5,54900,4.12450647354126,0.0,0.0
ADX,2000-04-11,24.5,24.625,24.333332061767578,24.458332061767578,55650,4.117491722106934,0.0,0.0
ADX,2000-04-12,24.5,24.625,24.333332061767578,24.416667938232422,56550,4.110480308532715,0.0,0.0
ADX,2000-04-13,24.25,24.291667938232422,23.75,23.833332061767578,66150,4.012272834777832,0.0,0.0
ADX,2000-04-14,23.666667938232422,23.666667938232422,22.5,22.583332061767578,136200,3.80184268951416,0.0,0.0
ADX,2000-04-17,22.25,22.5,22.125,22.5,69300,3.787811279296875,0.0,0.0
ADX,2000-04-18,22.5,23.041667938232422,22.5,22.958332061767578,74100,3.8649721145629883,0.0,0.0
ADX,2000-04-19,22.916667938232422,23.333332061767578,22.916667938232422,23.166667938232422,33000,3.9000444412231445,0.0,0.0
ADX,2000-04-20,23.166667938232422,23.458332061767578,22.916667938232422,22.916667938232422,56850,3.857959032058716,0.0,0.0
ADX,2000-04-24,22.875,22.958332061767578,22.458332061767578,22.666667938232422,71550,3.8158698081970215,0.0,0.0
ADX,2000-04-25,22.708332061767578,23.25,22.666667938232422,23.208332061767578,46350,3.9070589542388916,0.0,0.0
ADX,2000-04-26,23.208332061767578,23.5,23.041667938232422,23.083332061767578,60150,3.8860151767730713,0.0,0.0
ADX,2000-04-27,23.208332061767578,23.208332061767578,22.916667938232422,23.041667938232422,54600,3.8790016174316406,0.0,0.0
ADX,2000-04-28,23.166667938232422,23.25,23.125,23.166667938232422,27150,3.9000444412231445,0.0,0.0
ADX,2000-05-01,23.166667938232422,23.583332061767578,23.166667938232422,23.416667938232422,56400,3.942131757736206,0.0,0.0
ADX,2000-05-02,23.375,23.458332061767578,23.333332061767578,23.375,22650,3.9351155757904053,0.0,0.0
ADX,2000-05-03,23.333332061767578,23.375,23.208332061767578,23.208332061767578,37950,3.9070589542388916,0.0,0.0
ADX,2000-05-04,23.166667938232422,23.208332061767578,23.0,23.0,46050,3.8719866275787354,0.0,0.0
ADX,2000-05-05,22.875,23.333332061767578,22.875,23.166667938232422,46800,3.9000444412231445,0.0,0.0
ADX,2000-05-08,23.083332061767578,23.416667938232422,23.083332061767578,23.333332061767578,36150,3.928102493286133,0.0,0.0
ADX,2000-05-09,23.416667938232422,23.541667938232422,23.208332061767578,23.375,41850,3.9351155757904053,0.0,0.0
ADX,2000-05-10,23.291667938232422,23.333332061767578,23.083332061767578,23.166667938232422,35700,3.9000444412231445,0.0,0.0
ADX,2000-05-11,23.208332061767578,23.291667938232422,23.083332061767578,23.208332061767578,46200,3.9070589542388916,0.0,0.0
ADX,2000-05-12,23.208332061767578,23.5,23.208332061767578,23.25,33300,3.914072275161743,0.0,0.0
ADX,2000-05-15,23.25,23.5,23.083332061767578,23.5,43800,3.9561612606048584,0.0,0.0
ADX,2000-05-16,23.541667938232422,23.875,23.541667938232422,23.708332061767578,39750,3.9912304878234863,0.0,0.0
ADX,2000-05-17,23.375,23.458332061767578,23.041667938232422,23.041667938232422,46200,3.892132520675659,0.08,0.0
ADX,2000-05-18,23.083332061767578,23.125,22.958332061767578,23.083332061767578,47400,3.8991711139678955,0.0,0.0
ADX,2000-05-19,22.958332061767578,23.083332061767578,22.875,22.916667938232422,34050,3.871021270751953,0.0,0.0
ADX,2000-05-22,23.0,23.0,22.541667938232422,22.541667938232422,57600,3.8076775074005127,0.0,0.0
ADX,2000-05-23,22.583332061767578,22.625,22.5,22.5,46050,3.8006389141082764,0.0,0.0
ADX,2000-05-24,22.541667938232422,22.541667938232422,22.208332061767578,22.416667938232422,51750,3.786560535430908,0.0,0.0
ADX,2000-05-25,22.333332061767578,22.583332061767578,22.291667938232422,22.375,26700,3.7795236110687256,0.0,0.0
ADX,2000-05-26,22.416667938232422,22.458332061767578,22.291667938232422,22.458332061767578,16950,3.7935988903045654,0.0,0.0
ADX,2000-05-30,22.541667938232422,22.791667938232422,22.5,22.791667938232422,42150,3.8499064445495605,0.0,0.0
ADX,2000-05-31,22.833332061767578,22.958332061767578,22.791667938232422,22.833332061767578,52650,3.856943130493164,0.0,0.0
ADX,2000-06-01,22.916667938232422,23.666667938232422,22.916667938232422,23.458332061767578,76950,3.9625160694122314,0.0,0.0
ADX,2000-06-02,23.75,24.458332061767578,23.75,24.083332061767578,126750,4.068090438842773,0.0,0.0
ADX,2000-06-05,24.208332061767578,24.375,23.708332061767578,24.25,78450,4.096243381500244,0.0,0.0
ADX,2000-06-06,24.25,24.625,24.208332061767578,24.541667938232422,69450,4.145511150360107,0.0,0.0
ADX,2000-06-07,24.458332061767578,24.541667938232422,24.333332061767578,24.5,22200,4.138472080230713,0.0,0.0
ADX,2000-06-08,24.5,24.5,24.083332061767578,24.166667938232422,64950,4.0821661949157715,0.0,0.0
ADX,2000-06-09,24.166667938232422,24.333332061767578,24.166667938232422,24.291667938232422,25950,4.103281021118164,0.0,0.0
ADX,2000-06-12,24.208332061767578,24.25,23.958332061767578,23.958332061767578,43500,4.046976566314697,0.0,0.0
ADX,2000-06-13,24.041667938232422,24.25,23.958332061767578,24.208332061767578,18150,4.089203834533691,0.0,0.0
ADX,2000-06-14,24.333332061767578,24.5,24.291667938232422,24.5,34950,4.138472080230713,0.0,0.0
ADX,2000-06-15,24.541667938232422,24.541667938232422,24.0,24.166667938232422,51750,4.0821661949157715,0.0,0.0
ADX,2000-06-16,24.208332061767578,24.375,24.208332061767578,24.375,43950,4.11735725402832,0.0,0.0
ADX,2000-06-19,24.291667938232422,24.5,24.25,24.5,52350,4.138472080230713,0.0,0.0
ADX,2000-06-20,24.541667938232422,24.625,24.5,24.583332061767578,33450,4.152547836303711,0.0,0.0
ADX,2000-06-21,24.5,24.541667938232422,24.416667938232422,24.541667938232422,18450,4.145511150360107,0.0,0.0
ADX,2000-06-22,24.375,24.458332061767578,24.25,24.333332061767578,41100,4.110321044921875,0.0,0.0
ADX,2000-06-23,24.333332061767578,24.5,24.333332061767578,24.375,25650,4.11735725402832,0.0,0.0
ADX,2000-06-26,24.458332061767578,24.458332061767578,24.25,24.333332061767578,23400,4.110321044921875,0.0,0.0
ADX,2000-06-27,24.458332061767578,24.666667938232422,24.333332061767578,24.416667938232422,56100,4.124396324157715,0.0,0.0
ADX,2000-06-28,24.458332061767578,24.458332061767578,23.958332061767578,24.208332061767578,52200,4.089203834533691,0.0,0.0
ADX,2000-06-29,24.291667938232422,24.291667938232422,24.125,24.208332061767578,17400,4.089203834533691,0.0,0.0
ADX,2000-06-30,24.083332061767578,24.583332061767578,24.083332061767578,24.583332061767578,30300,4.152547836303711,0.0,0.0
ADX,2000-07-03,24.583332061767578,24.666667938232422,24.5,24.625,14250,4.159586429595947,0.0,0.0
ADX,2000-07-05,24.625,24.708332061767578,24.208332061767578,24.25,59250,4.096243381500244,0.0,0.0
ADX,2000-07-06,24.333332061767578,24.583332061767578,24.333332061767578,24.583332061767578,13800,4.152547836303711,0.0,0.0
ADX,2000-07-07,24.625,24.916667938232422,24.625,24.916667938232422,36450,4.208853721618652,0.0,0.0
ADX,2000-07-10,24.916667938232422,24.958332061767578,24.666667938232422,24.916667938232422,39750,4.208853721618652,0.0,0.0
ADX,2000-07-11,24.833332061767578,25.166667938232422,24.833332061767578,25.125,47100,4.244046211242676,0.0,0.0
ADX,2000-07-12,25.416667938232422,25.416667938232422,25.166667938232422,25.333332061767578,52200,4.279234409332275,0.0,0.0
ADX,2000-07-13,25.458332061767578,25.791667938232422,25.333332061767578,25.416667938232422,66150,4.293315410614014,0.0,0.0
ADX,2000-07-14,25.625,25.666667938232422,25.541667938232422,25.583332061767578,35250,4.321466445922852,0.0,0.0
ADX,2000-07-17,25.583332061767578,25.833332061767578,25.583332061767578,25.833332061767578,65100,4.363694667816162,0.0,0.0
ADX,2000-07-18,25.666667938232422,25.875,25.583332061767578,25.833332061767578,54150,4.363694667816162,0.0,0.0
ADX,2000-07-19,25.833332061767578,25.833332061767578,25.75,25.75,22350,4.349620342254639,0.0,0.0
ADX,2000-07-20,25.75,26.208332061767578,25.708332061767578,25.916667938232422,110550,4.377772331237793,0.0,0.0
ADX,2000-07-21,25.916667938232422,25.916667938232422,25.5,25.666667938232422,54150,4.335542678833008,0.0,0.0
ADX,2000-07-24,25.708332061767578,25.875,25.583332061767578,25.666667938232422,30150,4.335542678833008,0.0,0.0
ADX,2000-07-25,25.583332061767578,25.666667938232422,25.5,25.666667938232422,55350,4.335542678833008,0.0,0.0
ADX,2000-07-26,25.75,25.75,25.333332061767578,25.375,34200,4.286275386810303,0.0,0.0
ADX,2000-07-27,25.333332061767578,25.5,25.333332061767578,25.416667938232422,49800,4.293315410614014,0.0,0.0
ADX,2000-07-28,25.333332061767578,25.333332061767578,24.833332061767578,24.833332061767578,60450,4.194777488708496,0.0,0.0
ADX,2000-07-31,24.916667938232422,24.916667938232422,24.75,24.916667938232422,36600,4.208853721618652,0.0,0.0
ADX,2000-08-01,24.833332061767578,25.083332061767578,24.833332061767578,24.875,38100,4.201815605163574,0.0,0.0
ADX,2000-08-02,24.791667938232422,25.083332061767578,24.791667938232422,25.083332061767578,18600,4.237006187438965,0.0,0.0
ADX,2000-08-03,24.916667938232422,25.041667938232422,24.833332061767578,25.041667938232422,33150,4.229968070983887,0.0,0.0
ADX,2000-08-04,25.083332061767578,25.291667938232422,25.083332061767578,25.25,40950,4.265159606933594,0.0,0.0
ADX,2000-08-07,25.25,25.416667938232422,25.25,25.416667938232422,16500,4.293315410614014,0.0,0.0
ADX,2000-08-08,25.458332061767578,25.666667938232422,25.458332061767578,25.541667938232422,33600,4.314426898956299,0.0,0.0
ADX,2000-08-09,25.625,25.75,25.5,25.625,38850,4.328502655029297,0.0,0.0
ADX,2000-08-10,25.625,25.916667938232422,25.625,25.916667938232422,34800,4.377772331237793,0.0,0.0
ADX,2000-08-11,25.833332061767578,26.333332061767578,25.833332061767578,26.333332061767578,44100,4.448153018951416,0.0,0.0
ADX,2000-08-14,26.333332061767578,26.333332061767578,25.75,26.0,75300,4.391849517822266,0.0,0.0
ADX,2000-08-15,26.0,26.125,25.833332061767578,26.041667938232422,39450,4.3988847732543945,0.0,0.0
ADX,2000-08-16,25.958332061767578,25.958332061767578,25.666667938232422,25.666667938232422,51150,4.348903656005859,0.08,0.0
ADX,2000-08-17,25.75,25.833332061767578,25.541667938232422,25.75,52650,4.3630242347717285,0.0,0.0
ADX,2000-08-18,25.833332061767578,26.0,25.833332061767578,25.875,38250,4.384200572967529,0.0,0.0
ADX,2000-08-21,25.958332061767578,26.083332061767578,25.875,25.958332061767578,53550,4.39832067489624,0.0,0.0
ADX,2000-08-22,25.916667938232422,26.125,25.833332061767578,26.083332061767578,40350,4.419500350952148,0.0,0.0
ADX,2000-08-23,26.125,26.125,25.875,25.916667938232422,38250,4.391262054443359,0.0,0.0
ADX,2000-08-24,25.916667938232422,26.125,25.916667938232422,26.083332061767578,18900,4.419500350952148,0.0,0.0
ADX,2000-08-25,26.125,26.166667938232422,26.041667938232422,26.125,34650,4.4265618324279785,0.0,0.0
ADX,2000-08-28,26.166667938232422,26.583332061767578,26.083332061767578,26.416667938232422,66900,4.475979328155518,0.0,0.0
ADX,2000-08-29,26.375,26.416667938232422,26.0,26.0,49650,4.405381679534912,0.0,0.0
ADX,2000-08-30,26.083332061767578,26.208332061767578,26.083332061767578,26.166667938232422,21900,4.433619499206543,0.0,0.0
ADX,2000-08-31,26.333332061767578,26.5,26.25,26.416667938232422,27900,4.475979328155518,0.0,0.0
ADX,2000-09-01,26.416667938232422,26.625,26.25,26.541667938232422,44700,4.497159957885742,0.0,0.0
ADX,2000-09-05,26.625,27.041667938232422,26.583332061767578,27.041667938232422,56250,4.5818772315979,0.0,0.0
ADX,2000-09-06,27.0,27.0,26.708332061767578,26.833332061767578,41400,4.546579360961914,0.0,0.0
ADX,2000-09-07,26.666667938232422,26.958332061767578,26.666667938232422,26.958332061767578,22050,4.567759037017822,0.0,0.0
ADX,2000-09-08,26.875,26.875,26.666667938232422,26.875,33450,4.5536394119262695,0.0,0.0
ADX,2000-09-11,26.708332061767578,26.875,26.583332061767578,26.625,43800,4.511277675628662,0.0,0.0
ADX,2000-09-12,26.541667938232422,26.666667938232422,26.25,26.333332061767578,40350,4.4618611335754395,0.0,0.0
ADX,2000-09-13,26.208332061767578,26.25,26.083332061767578,26.25,48000,4.4477410316467285,0.0,0.0
ADX,2000-09-14,26.333332061767578,26.458332061767578,26.041667938232422,26.166667938232422,44250,4.433619499206543,0.0,0.0
ADX,2000-09-15,26.25,26.5,26.208332061767578,26.208332061767578,33000,4.440678119659424,0.0,0.0
ADX,2000-09-18,26.25,26.25,25.541667938232422,25.75,56250,4.3630242347717285,0.0,0.0
ADX,2000-09-19,25.791667938232422,26.0,25.666667938232422,25.75,50700,4.3630242347717285,0.0,0.0
ADX,2000-09-20,25.791667938232422,25.833332061767578,25.416667938232422,25.583332061767578,82500,4.334782123565674,0.0,0.0
ADX,2000-09-21,25.625,25.666667938232422,24.833332061767578,25.041667938232422,78000,4.243003845214844,0.0,0.0
ADX,2000-09-22,24.958332061767578,25.75,24.75,25.625,116850,4.341841220855713,0.0,0.0
ADX,2000-09-25,25.458332061767578,25.5,25.166667938232422,25.25,108900,4.278303146362305,0.0,0.0
ADX,2000-09-26,25.416667938232422,25.583332061767578,25.166667938232422,25.416667938232422,55950,4.306542873382568,0.0,0.0
ADX,2000-09-27,25.416667938232422,25.666667938232422,25.416667938232422,25.541667938232422,29400,4.327721118927002,0.0,0.0
ADX,2000-09-28,25.583332061767578,26.166667938232422,25.416667938232422,26.041667938232422,22800,4.412440299987793,0.0,0.0
ADX,2000-09-29,26.0,26.041667938232422,25.708332061767578,25.75,38700,4.3630242347717285,0.0,0.0
ADX,2000-10-02,25.666667938232422,25.75,25.5,25.541667938232422,12000,4.327721118927002,0.0,0.0
ADX,2000-10-03,25.666667938232422,26.0,25.541667938232422,25.833332061767578,25050,4.377140998840332,0.0,0.0
ADX,2000-10-04,25.916667938232422,25.916667938232422,25.666667938232422,25.708332061767578,35850,4.35596227645874,0.0,0.0
ADX,2000-10-05,25.791667938232422,25.791667938232422,25.583332061767578,25.708332061767578,36600,4.35596227645874,0.0,0.0
ADX,2000-10-06,25.666667938232422,25.791667938232422,25.291667938232422,25.291667938232422,36300,4.285362720489502,0.0,0.0
ADX,2000-10-09,25.166667938232422,25.25,25.083332061767578,25.166667938232422,27150,4.264184951782227,0.0,0.0
ADX,2000-10-10,25.166667938232422,25.208332061767578,25.041667938232422,25.166667938232422,18450,4.264184951782227,0.0,0.0
ADX,2000-10-11,25.083332061767578,25.083332061767578,24.166667938232422,24.208332061767578,83250,4.101806640625,0.0,0.0
ADX,2000-10-12,24.166667938232422,24.25,23.416667938232422,23.583332061767578,84600,3.995906114578247,0.0,0.0
ADX,2000-10-13,23.666667938232422,24.25,23.666667938232422,24.25,40500,4.1088643074035645,0.0,0.0
ADX,2000-10-16,24.416667938232422,24.833332061767578,24.208332061767578,24.666667938232422,64650,4.1794633865356445,0.0,0.0
ADX,2000-10-17,24.833332061767578,24.833332061767578,24.25,24.291667938232422,36000,4.115924835205078,0.0,0.0
ADX,2000-10-18,24.333332061767578,24.333332061767578,23.833332061767578,24.0,60750,4.066506862640381,0.0,0.0
ADX,2000-10-19,24.0,24.75,24.0,24.625,31500,4.172405242919922,0.0,0.0
ADX,2000-10-20,24.6875,25.1875,24.625,25.125,44800,4.2571234703063965,0.0,1.5
ADX,2000-10-23,25.3125,25.8125,25.3125,25.625,63600,4.341841220855713,0.0,0.0
ADX,2000-10-24,25.625,25.6875,25.3125,25.6875,50400,4.352430820465088,0.0,0.0
ADX,2000-10-25,25.5625,25.5625,25.25,25.375,42300,4.299483299255371,0.0,0.0
ADX,2000-10-26,25.125,25.125,24.6875,24.875,23400,4.214763164520264,0.0,0.0
ADX,2000-10-27,24.875,25.0,24.75,24.8125,29000,4.204174995422363,0.0,0.0
ADX,2000-10-30,24.875,25.0,24.5625,25.0,25700,4.23594331741333,0.0,0.0
ADX,2000-10-31,25.0,25.0625,24.8125,25.0,49300,4.23594331741333,0.0,0.0
ADX,2000-11-01,24.875,25.0,24.625,24.6875,41300,4.1829938888549805,0.0,0.0
ADX,2000-11-02,24.8125,24.9375,24.4375,24.8125,41600,4.204174995422363,0.0,0.0
ADX,2000-11-03,24.9375,25.0,24.625,24.6875,20200,4.1829938888549805,0.0,0.0
ADX,2000-11-06,24.875,25.375,24.8125,25.0625,24200,4.246533393859863,0.0,0.0
ADX,2000-11-07,25.1875,25.1875,24.8125,25.0625,37100,4.246533393859863,0.0,0.0
ADX,2000-11-08,25.1875,25.1875,24.9375,24.9375,18600,4.225353717803955,0.0,0.0
ADX,2000-11-09,24.875,24.875,24.3125,24.625,38200,4.172405242919922,0.0,0.0
ADX,2000-11-10,24.75,24.75,24.25,24.25,35300,4.1088643074035645,0.0,0.0
ADX,2000-11-13,24.0,24.0,23.625,23.875,87000,4.045325756072998,0.0,0.0
ADX,2000-11-14,24.0,24.5,24.0,24.375,75700,4.130044937133789,0.0,0.0
ADX,2000-11-15,24.4375,24.4375,24.0625,24.375,448400,4.130044937133789,0.0,0.0
ADX,2000-11-16,22.6875,23.0,22.25,22.375,483900,4.059291362762451,1.61,0.0
ADX,2000-11-17,22.3125,22.625,22.125,22.3125,77500,4.0479536056518555,0.0,0.0
ADX,2000-11-20,21.5,22.25,21.5,22.25,64700,4.036613941192627,0.0,0.0
ADX,2000-11-21,22.0625,22.25,21.625,22.1875,50800,4.025274276733398,0.0,0.0
ADX,2000-11-22,22.0625,22.0625,21.5,21.5625,25500,3.911886692047119,0.0,0.0
ADX,2000-11-24,21.6875,21.9375,21.6875,21.9375,9800,3.979919910430908,0.0,0.0
ADX,2000-11-27,22.0625,22.3125,21.75,22.0,64800,3.9912595748901367,0.0,0.0
ADX,2000-11-28,22.0,22.0,21.625,21.75,33700,3.9459054470062256,0.0,0.0
ADX,2000-11-29,21.625,21.8125,21.5,21.8125,26900,3.9572408199310303,0.0,0.0
ADX,2000-11-30,21.625,21.625,20.9375,21.3125,41800,3.8665318489074707,0.0,0.0
ADX,2000-12-01,21.3125,21.5,21.3125,21.5,23800,3.900548219680786,0.0,0.0
ADX,2000-12-04,21.375,21.4375,21.1875,21.25,27600,3.855191469192505,0.0,0.0
ADX,2000-12-05,21.25,21.875,21.25,21.875,88000,3.968581438064575,0.0,0.0
ADX,2000-12-06,21.9375,21.9375,21.375,21.5625,42800,3.911886692047119,0.0,0.0
ADX,2000-12-07,21.5625,21.5625,21.4375,21.5625,16900,3.911886692047119,0.0,0.0
ADX,2000-12-08,21.625,22.125,21.625,21.8125,56400,3.9572408199310303,0.0,0.0
ADX,2000-12-11,21.875,22.25,21.75,22.125,56000,4.0139360427856445,0.0,0.0
ADX,2000-12-12,22.125,22.3125,21.875,22.3125,38000,4.0479536056518555,0.0,0.0
ADX,2000-12-13,22.1875,22.75,22.1875,22.5625,46600,4.093308448791504,0.0,0.0
ADX,2000-12-14,22.5625,22.6875,22.1875,22.375,33700,4.059291362762451,0.0,0.0
ADX,2000-12-15,22.1875,22.1875,21.625,21.875,46500,3.968581438064575,0.0,0.0
ADX,2000-12-18,21.875,22.125,21.6875,21.6875,24600,3.9345645904541016,0.0,0.0
ADX,2000-12-19,21.6875,22.1875,21.6875,21.875,33600,3.968581438064575,0.0,0.0
ADX,2000-12-20,21.75,21.75,21.125,21.1875,36900,3.8438541889190674,0.0,0.0
ADX,2000-12-21,21.1875,21.1875,20.25,20.25,86000,3.6737735271453857,0.0,0.0
ADX,2000-12-22,20.5,21.0,20.375,20.5,73100,3.719128131866455,0.0,0.0
ADX,2000-12-26,20.6875,21.0,20.625,20.8125,62100,3.775822401046753,0.0,0.0
ADX,2000-12-27,21.25,21.6875,21.125,21.5,77200,3.900548219680786,0.0,0.0
ADX,2000-12-28,21.5625,21.5625,20.75,21.0,100600,3.8098368644714355,0.0,0.0
ADX,2000-12-29,21.125,21.375,20.875,21.0,78200,3.8098368644714355,0.0,0.0
ADX,2001-01-02,21.0,21.1875,20.375,20.375,76600,3.696450710296631,0.0,0.0
ADX,2001-01-03,20.3125,21.6875,20.3125,21.5,116000,3.900548219680786,0.0,0.0
ADX,2001-01-04,21.4375,21.6875,21.25,21.375,62900,3.8778700828552246,0.0,0.0
ADX,2001-01-05,21.125,21.25,20.4375,20.5,65200,3.719128131866455,0.0,0.0
ADX,2001-01-08,20.625,20.625,20.25,20.4375,61800,3.7077879905700684,0.0,0.0
ADX,2001-01-09,20.4375,20.8125,20.4375,20.625,70300,3.7418053150177,0.0,0.0
ADX,2001-01-10,20.5,20.875,20.375,20.8125,69800,3.775822401046753,0.0,0.0
ADX,2001-01-11,20.8125,21.1875,20.8125,21.125,92000,3.832515001296997,0.0,0.0
ADX,2001-01-12,21.1875,21.5,21.0625,21.25,58900,3.855191469192505,0.0,0.0
ADX,2001-01-16,21.25,21.4375,21.0,21.125,94100,3.832515001296997,0.0,0.0
ADX,2001-01-17,21.1875,21.3125,21.0,21.0625,304800,3.8211746215820312,0.0,0.0
ADX,2001-01-18,21.1875,21.9375,21.0625,21.9375,90800,3.979919910430908,0.0,0.0
ADX,2001-01-19,21.75,22.0,21.5625,21.8125,49900,3.9572408199310303,0.0,0.0
ADX,2001-01-22,21.75,21.875,21.5625,21.75,64700,3.9459054470062256,0.0,0.0
ADX,2001-01-23,21.75,21.875,21.5625,21.8125,94200,3.9572408199310303,0.0,0.0
ADX,2001-01-24,21.875,22.0,21.6875,21.8125,91500,3.9572408199310303,0.0,0.0
ADX,2001-01-25,21.8125,21.875,21.6875,21.6875,61400,3.9345645904541016,0.0,0.0
ADX,2001-01-26,21.5625,21.6875,21.5,21.625,48200,3.9232254028320312,0.0,0.0
ADX,2001-01-29,21.600000381469727,21.770000457763672,21.5,21.75,47500,3.9459054470062256,0.0,0.0
ADX,2001-01-30,21.719999313354492,21.8799991607666,21.510000228881836,21.8700008392334,66500,3.9676759243011475,0.0,0.0
ADX,2001-01-31,21.799999237060547,21.979999542236328,21.799999237060547,21.8700008392334,33900,3.9676759243011475,0.0,0.0
ADX,2001-02-01,21.860000610351562,21.860000610351562,21.600000381469727,21.690000534057617,43600,3.9350194931030273,0.0,0.0
ADX,2001-02-02,21.899999618530273,21.90999984741211,21.420000076293945,21.540000915527344,73100,3.9078052043914795,0.0,0.0
ADX,2001-02-05,21.600000381469727,21.6299991607666,21.25,21.440000534057617,59200,3.889662265777588,0.0,0.0
ADX,2001-02-06,21.290000915527344,21.709999084472656,21.290000915527344,21.440000534057617,65600,3.889662265777588,0.0,0.0
ADX,2001-02-07,21.3799991607666,21.3799991607666,21.100000381469727,21.190000534057617,36200,3.8443081378936768,0.0,0.0
ADX,2001-02-08,21.260000228881836,21.260000228881836,21.010000228881836,21.110000610351562,39700,3.8297946453094482,0.0,0.0
ADX,2001-02-09,21.040000915527344,21.079999923706055,20.799999237060547,20.850000381469727,62100,3.7826249599456787,0.0,0.0
ADX,2001-02-12,20.450000762939453,20.969999313354492,20.450000762939453,20.950000762939453,63200,3.800767183303833,0.0,0.0
ADX,2001-02-13,20.75,21.040000915527344,20.75,20.899999618530273,65600,3.7916958332061768,0.0,0.0
ADX,2001-02-14,20.700000762939453,20.739999771118164,20.520000457763672,20.700000762939453,80600,3.7698423862457275,0.08,0.0
ADX,2001-02-15,20.829999923706055,20.8700008392334,20.739999771118164,20.75,67600,3.7789456844329834,0.0,0.0
ADX,2001-02-16,20.600000381469727,20.600000381469727,20.450000762939453,20.530000686645508,52300,3.738882064819336,0.0,0.0
ADX,2001-02-20,20.5,20.510000228881836,20.170000076293945,20.170000076293945,59100,3.673318386077881,0.0,0.0
ADX,2001-02-21,20.110000610351562,20.1299991607666,19.399999618530273,19.510000228881836,94600,3.5531210899353027,0.0,0.0
ADX,2001-02-22,19.520000457763672,19.719999313354492,19.299999237060547,19.469999313354492,123500,3.54583477973938,0.0,0.0
ADX,2001-02-23,19.34000015258789,19.350000381469727,18.950000762939453,19.200000762939453,77500,3.496663808822632,0.0,0.0
ADX,2001-02-26,19.549999237060547,19.549999237060547,19.200000762939453,19.530000686645508,69300,3.556762456893921,0.0,0.0
ADX,2001-02-27,19.530000686645508,19.6299991607666,19.350000381469727,19.420000076293945,65200,3.5367300510406494,0.0,0.0
ADX,2001-02-28,19.459999084472656,19.59000015258789,19.200000762939453,19.25,37000,3.5057687759399414,0.0,0.0
ADX,2001-03-01,19.18000030517578,19.260000228881836,18.700000762939453,19.06999969482422,82000,3.4729905128479004,0.0,0.0
ADX,2001-03-02,19.1200008392334,19.43000030517578,19.0,19.399999618530273,156000,3.533087968826294,0.0,0.0
ADX,2001-03-05,19.5,19.549999237060547,19.399999618530273,19.440000534057617,46100,3.5403735637664795,0.0,0.0
ADX,2001-03-06,19.549999237060547,19.799999237060547,19.530000686645508,19.610000610351562,73900,3.5713319778442383,0.0,0.0
ADX,2001-03-07,19.600000381469727,19.700000762939453,19.579999923706055,19.700000762939453,43000,3.587723970413208,0.0,0.0
ADX,2001-03-08,19.6299991607666,19.700000762939453,19.43000030517578,19.549999237060547,48400,3.560405969619751,0.0,0.0
ADX,2001-03-09,19.469999313354492,19.469999313354492,19.229999542236328,19.239999771118164,22700,3.503948926925659,0.0,0.0
ADX,2001-03-12,18.399999618530273,18.600000381469727,18.229999542236328,18.3799991607666,96500,3.347327947616577,0.0,0.0
ADX,2001-03-13,18.360000610351562,18.579999923706055,18.290000915527344,18.479999542236328,103900,3.3655381202697754,0.0,0.0
ADX,2001-03-14,18.190000534057617,18.299999237060547,18.110000610351562,18.149999618530273,64400,3.3054401874542236,0.0,0.0
ADX,2001-03-15,18.209999084472656,18.450000762939453,18.209999084472656,18.329999923706055,54500,3.338222026824951,0.0,0.0
ADX,2001-03-16,18.280000686645508,18.34000015258789,18.149999618530273,18.15999984741211,44600,3.3072612285614014,0.0,0.0
ADX,2001-03-19,18.15999984741211,18.270000457763672,18.149999618530273,18.18000030517578,42000,3.3109028339385986,0.0,0.0
ADX,2001-03-20,18.25,18.309999465942383,17.559999465942383,17.600000381469727,116900,3.2052760124206543,0.0,0.0
ADX,2001-03-21,17.350000381469727,17.649999618530273,17.200000762939453,17.260000228881836,94700,3.1433565616607666,0.0,0.0
ADX,2001-03-22,17.25,17.260000228881836,16.010000228881836,16.799999237060547,225300,3.0595810413360596,0.0,0.0
ADX,2001-03-23,17.049999237060547,17.489999771118164,17.0,17.389999389648438,104500,3.1670308113098145,0.0,0.0
ADX,2001-03-26,17.450000762939453,17.649999618530273,17.399999618530273,17.459999084472656,74800,3.1797780990600586,0.0,0.0
ADX,2001-03-27,17.520000457763672,17.950000762939453,17.520000457763672,17.950000762939453,58300,3.269017457962036,0.0,0.0
ADX,2001-03-28,17.600000381469727,17.6200008392334,17.299999237060547,17.5,65500,3.1870639324188232,0.0,0.0
ADX,2001-03-29,17.399999618530273,17.600000381469727,17.270000457763672,17.3799991607666,73300,3.165208339691162,0.0,0.0
ADX,2001-03-30,17.3799991607666,17.649999618530273,17.3799991607666,17.520000457763672,26700,3.1907060146331787,0.0,0.0
ADX,2001-04-02,17.59000015258789,17.75,17.200000762939453,17.290000915527344,138300,3.1488196849823,0.0,0.0
ADX,2001-04-03,17.200000762939453,17.200000762939453,16.81999969482422,16.81999969482422,69900,3.0632238388061523,0.0,0.0
ADX,2001-04-04,16.809999465942383,17.0,16.600000381469727,16.829999923706055,121200,3.06504487991333,0.0,0.0
ADX,2001-04-05,17.0,17.56999969482422,17.0,17.5,75900,3.1870639324188232,0.0,0.0
ADX,2001-04-06,17.440000534057617,17.440000534057617,17.010000228881836,17.079999923706055,72100,3.1105754375457764,0.0,0.0
ADX,2001-04-09,17.15999984741211,17.299999237060547,17.020000457763672,17.200000762939453,42200,3.132427453994751,0.0,0.0
ADX,2001-04-10,17.350000381469727,17.850000381469727,17.350000381469727,17.75,99900,3.2325940132141113,0.0,0.0
ADX,2001-04-11,18.0,18.149999618530273,17.6200008392334,17.75,84700,3.2325940132141113,0.0,0.0
ADX,2001-04-12,17.520000457763672,18.100000381469727,17.520000457763672,18.0,77300,3.278122901916504,0.0,0.0
ADX,2001-04-16,17.899999618530273,18.0,17.799999237060547,18.0,73100,3.278122901916504,0.0,0.0
ADX,2001-04-17,17.799999237060547,18.170000076293945,17.649999618530273,18.110000610351562,106600,3.298156261444092,0.0,0.0
ADX,2001-04-18,18.25,19.200000762939453,18.25,18.799999237060547,94400,3.423818349838257,0.0,0.0
ADX,2001-04-19,18.549999237060547,19.0,18.510000228881836,19.0,107700,3.460239887237549,0.0,0.0
ADX,2001-04-20,18.84000015258789,18.940000534057617,18.510000228881836,18.75,60300,3.4147117137908936,0.0,0.0
ADX,2001-04-23,18.549999237060547,18.700000762939453,18.3799991607666,18.5,59600,3.369180679321289,0.0,0.0
ADX,2001-04-24,18.5,18.649999618530273,18.309999465942383,18.40999984741211,38900,3.3527896404266357,0.0,0.0
ADX,2001-04-25,18.350000381469727,18.700000762939453,18.299999237060547,18.649999618530273,30800,3.3965003490448,0.0,0.0
ADX,2001-04-26,18.649999618530273,18.940000534057617,18.639999389648438,18.709999084472656,39600,3.407426595687866,0.0,0.0
ADX,2001-04-27,18.899999618530273,19.0,18.780000686645508,18.979999542236328,43200,3.456599473953247,0.0,0.0
ADX,2001-04-30,19.049999237060547,19.389999389648438,19.030000686645508,19.229999542236328,68400,3.502126693725586,0.0,0.0
ADX,2001-05-01,19.299999237060547,19.450000762939453,19.18000030517578,19.450000762939453,35700,3.54219388961792,0.0,0.0
ADX,2001-05-02,19.399999618530273,19.700000762939453,19.229999542236328,19.56999969482422,78900,3.564047336578369,0.0,0.0
ADX,2001-05-03,19.450000762939453,19.450000762939453,19.25,19.280000686645508,29200,3.5112335681915283,0.0,0.0
ADX,2001-05-04,19.030000686645508,19.440000534057617,19.020000457763672,19.350000381469727,59700,3.5239813327789307,0.0,0.0
ADX,2001-05-07,19.18000030517578,19.31999969482422,19.059999465942383,19.219999313354492,52000,3.5003066062927246,0.0,0.0
ADX,2001-05-08,19.25,19.450000762939453,19.1200008392334,19.149999618530273,43900,3.487558603286743,0.0,0.0
ADX,2001-05-09,19.030000686645508,19.149999618530273,18.959999084472656,19.110000610351562,94100,3.480273962020874,0.0,0.0
ADX,2001-05-10,19.25,19.350000381469727,19.200000762939453,19.290000915527344,46500,3.5130536556243896,0.0,0.0
ADX,2001-05-11,19.239999771118164,19.25,19.06999969482422,19.100000381469727,21600,3.478452444076538,0.0,0.0
ADX,2001-05-14,19.06999969482422,19.1200008392334,19.0,19.100000381469727,60500,3.478452444076538,0.0,0.0
ADX,2001-05-15,19.149999618530273,19.200000762939453,19.059999465942383,19.1200008392334,35400,3.482095241546631,0.0,0.0
ADX,2001-05-16,18.979999542236328,19.399999618530273,18.969999313354492,19.399999618530273,74500,3.5479331016540527,0.08,0.0
ADX,2001-05-17,19.350000381469727,19.5,19.329999923706055,19.360000610351562,73300,3.540616750717163,0.0,0.0
ADX,2001-05-18,19.350000381469727,19.450000762939453,19.25,19.399999618530273,81400,3.5479331016540527,0.0,0.0
ADX,2001-05-21,19.450000762939453,19.809999465942383,19.399999618530273,19.809999465942383,129000,3.622915506362915,0.0,0.0
ADX,2001-05-22,19.809999465942383,20.049999237060547,19.799999237060547,19.940000534057617,104900,3.6466898918151855,0.0,0.0
ADX,2001-05-23,19.84000015258789,19.899999618530273,19.75,19.799999237060547,71300,3.621086835861206,0.0,0.0
ADX,2001-05-24,19.75,19.84000015258789,19.729999542236328,19.799999237060547,38800,3.621086835861206,0.0,0.0
ADX,2001-05-25,19.709999084472656,19.770000457763672,19.670000076293945,19.719999313354492,35700,3.6064553260803223,0.0,0.0
ADX,2001-05-29,19.719999313354492,19.719999313354492,19.600000381469727,19.649999618530273,54800,3.593653440475464,0.0,0.0
ADX,2001-05-30,19.549999237060547,19.600000381469727,19.139999389648438,19.15999984741211,52300,3.5040409564971924,0.0,0.0
ADX,2001-05-31,19.149999618530273,19.280000686645508,19.149999618530273,19.260000228881836,46600,3.5223283767700195,0.0,0.0
ADX,2001-06-01,19.280000686645508,19.290000915527344,19.149999618530273,19.25,57200,3.520498037338257,0.0,0.0
ADX,2001-06-04,19.270000457763672,19.5,19.170000076293945,19.5,101300,3.566223382949829,0.0,0.0
ADX,2001-06-05,19.399999618530273,19.489999771118164,19.299999237060547,19.479999542236328,70200,3.5625627040863037,0.0,0.0
ADX,2001-06-06,19.31999969482422,19.329999923706055,19.25,19.25,47300,3.520498037338257,0.0,0.0
ADX,2001-06-07,19.25,19.299999237060547,19.209999084472656,19.25,27300,3.520498037338257,0.0,0.0
ADX,2001-06-08,19.31999969482422,19.31999969482422,19.149999618530273,19.229999542236328,32800,3.5168440341949463,0.0,0.0
ADX,2001-06-11,19.229999542236328,19.229999542236328,19.06999969482422,19.110000610351562,33000,3.494894504547119,0.0,0.0
ADX,2001-06-12,19.049999237060547,19.1200008392334,19.010000228881836,19.100000381469727,27700,3.493068218231201,0.0,0.0
ADX,2001-06-13,19.100000381469727,19.100000381469727,18.600000381469727,18.780000686645508,71200,3.434544801712036,0.0,0.0
ADX,2001-06-14,18.850000381469727,18.850000381469727,18.5,18.56999969482422,46300,3.3961405754089355,0.0,0.0
ADX,2001-06-15,18.559999465942383,18.559999465942383,18.309999465942383,18.450000762939453,39500,3.374194383621216,0.0,0.0
ADX,2001-06-18,18.549999237060547,18.549999237060547,18.0,18.18000030517578,79400,3.3248157501220703,0.0,0.0
ADX,2001-06-19,18.350000381469727,18.350000381469727,17.93000030517578,17.969999313354492,59200,3.2864086627960205,0.0,0.0
ADX,2001-06-20,17.93000030517578,18.1200008392334,17.799999237060547,18.020000457763672,51000,3.295555591583252,0.0,0.0
ADX,2001-06-21,17.950000762939453,18.100000381469727,17.8799991607666,17.93000030517578,85000,3.2790939807891846,0.0,0.0
ADX,2001-06-22,17.809999465942383,17.899999618530273,17.729999542236328,17.739999771118164,50200,3.2443466186523438,0.0,0.0
ADX,2001-06-25,17.780000686645508,17.84000015258789,17.549999237060547,17.600000381469727,62400,3.218743324279785,0.0,0.0
ADX,2001-06-26,17.56999969482422,17.6200008392334,17.420000076293945,17.510000228881836,38600,3.202284097671509,0.0,0.0
ADX,2001-06-27,17.600000381469727,17.610000610351562,17.399999618530273,17.520000457763672,50100,3.204113721847534,0.0,0.0
ADX,2001-06-28,17.600000381469727,17.84000015258789,17.600000381469727,17.709999084472656,65200,3.2388601303100586,0.0,0.0
ADX,2001-06-29,17.65999984741211,17.950000762939453,17.65999984741211,17.8700008392334,50700,3.2681212425231934,0.0,0.0
ADX,2001-07-02,17.8700008392334,18.190000534057617,17.860000610351562,18.010000228881836,71400,3.2937252521514893,0.0,0.0
ADX,2001-07-03,18.100000381469727,18.100000381469727,17.959999084472656,18.030000686645508,28400,3.297386407852173,0.0,0.0
ADX,2001-07-05,17.899999618530273,17.950000762939453,17.65999984741211,17.670000076293945,66700,3.2315454483032227,0.0,0.0
ADX,2001-07-06,17.510000228881836,17.549999237060547,17.34000015258789,17.459999084472656,85400,3.1931400299072266,0.0,0.0
ADX,2001-07-09,17.459999084472656,17.59000015258789,17.440000534057617,17.540000915527344,68200,3.2077696323394775,0.0,0.0
ADX,2001-07-10,17.6200008392334,17.6200008392334,17.270000457763672,17.299999237060547,59900,3.1638784408569336,0.0,0.0
ADX,2001-07-11,17.299999237060547,17.350000381469727,17.010000228881836,17.059999465942383,86000,3.119986057281494,0.0,0.0
ADX,2001-07-12,17.290000915527344,17.469999313354492,17.219999313354492,17.360000610351562,88900,3.174851894378662,0.0,0.0
ADX,2001-07-13,17.399999618530273,17.6299991607666,17.3700008392334,17.520000457763672,75700,3.204113721847534,0.0,0.0
ADX,2001-07-16,17.579999923706055,17.6200008392334,17.3700008392334,17.440000534057617,55700,3.189481496810913,0.0,0.0
ADX,2001-07-17,17.469999313354492,17.530000686645508,17.350000381469727,17.5,49800,3.200456142425537,0.0,0.0
ADX,2001-07-18,17.420000076293945,17.420000076293945,17.25,17.299999237060547,39100,3.1638784408569336,0.0,0.0
ADX,2001-07-19,17.40999984741211,17.549999237060547,17.3799991607666,17.3799991607666,58500,3.1785099506378174,0.0,0.0
ADX,2001-07-20,17.350000381469727,17.40999984741211,17.299999237060547,17.329999923706055,56000,3.1693639755249023,0.0,0.0
ADX,2001-07-23,17.440000534057617,17.549999237060547,17.34000015258789,17.34000015258789,67400,3.171194314956665,0.0,0.0
ADX,2001-07-24,17.399999618530273,17.399999618530273,17.020000457763672,17.079999923706055,67900,3.123643159866333,0.0,0.0
ADX,2001-07-25,17.1299991607666,17.15999984741211,17.0,17.15999984741211,46400,3.1382734775543213,0.0,0.0
ADX,2001-07-26,17.06999969482422,17.229999542236328,16.899999618530273,17.229999542236328,95700,3.1510767936706543,0.0,0.0
ADX,2001-07-27,17.299999237060547,17.299999237060547,17.209999084472656,17.25,50800,3.1547329425811768,0.0,0.0
ADX,2001-07-30,17.299999237060547,17.299999237060547,17.200000762939453,17.290000915527344,73300,3.16204833984375,0.0,0.0
ADX,2001-07-31,17.299999237060547,17.440000534057617,17.299999237060547,17.3799991607666,55300,3.1785099506378174,0.0,0.0
ADX,2001-08-01,17.329999923706055,17.700000762939453,17.329999923706055,17.459999084472656,58300,3.1931400299072266,0.0,0.0
ADX,2001-08-02,17.510000228881836,17.6299991607666,17.399999618530273,17.510000228881836,69200,3.202284097671509,0.0,0.0
ADX,2001-08-03,17.510000228881836,17.510000228881836,17.280000686645508,17.329999923706055,64000,3.1693639755249023,0.0,0.0
ADX,2001-08-06,17.299999237060547,17.31999969482422,17.1200008392334,17.18000030517578,72600,3.141932487487793,0.0,0.0
ADX,2001-08-07,17.1200008392334,17.219999313354492,17.06999969482422,17.09000015258789,57800,3.125473976135254,0.0,0.0
ADX,2001-08-08,17.06999969482422,17.110000610351562,16.90999984741211,16.90999984741211,86200,3.0925540924072266,0.0,0.0
ADX,2001-08-09,16.799999237060547,16.979999542236328,16.780000686645508,16.920000076293945,47400,3.0943822860717773,0.0,0.0
ADX,2001-08-10,16.940000534057617,16.969999313354492,16.760000228881836,16.899999618530273,57600,3.090726137161255,0.0,0.0
ADX,2001-08-13,16.809999465942383,17.049999237060547,16.799999237060547,16.809999465942383,76000,3.074265718460083,0.0,0.0
ADX,2001-08-14,17.0,17.030000686645508,16.75,16.75,87300,3.06329345703125,0.0,0.0
ADX,2001-08-15,16.670000076293945,16.739999771118164,16.579999923706055,16.600000381469727,70600,3.0504300594329834,0.08,0.0
ADX,2001-08-16,16.600000381469727,16.649999618530273,16.450000762939453,16.600000381469727,93900,3.0504300594329834,0.0,0.0
ADX,2001-08-17,16.549999237060547,16.549999237060547,16.420000076293945,16.459999084472656,67200,3.024702310562134,0.0,0.0
ADX,2001-08-20,16.299999237060547,16.6299991607666,16.299999237060547,16.600000381469727,68100,3.0504300594329834,0.0,0.0
ADX,2001-08-21,16.6299991607666,16.700000762939453,16.420000076293945,16.5,85400,3.032052755355835,0.0,0.0
ADX,2001-08-22,16.530000686645508,16.549999237060547,16.360000610351562,16.530000686645508,80200,3.0375654697418213,0.0,0.0
ADX,2001-08-23,16.399999618530273,16.59000015258789,16.399999618530273,16.530000686645508,71700,3.0375654697418213,0.0,0.0
ADX,2001-08-24,16.469999313354492,16.739999771118164,16.399999618530273,16.700000762939453,102800,3.06880521774292,0.0,0.0
ADX,2001-08-27,16.729999542236328,16.729999542236328,16.450000762939453,16.5,62400,3.032052755355835,0.0,0.0
ADX,2001-08-28,16.549999237060547,16.549999237060547,16.280000686645508,16.329999923706055,86600,3.0008137226104736,0.0,0.0
ADX,2001-08-29,16.399999618530273,16.399999618530273,16.06999969482422,16.09000015258789,63300,2.9567110538482666,0.0,0.0
ADX,2001-08-30,16.09000015258789,16.149999618530273,15.8100004196167,15.84000015258789,106500,2.910770893096924,0.0,0.0
ADX,2001-08-31,15.800000190734863,16.110000610351562,15.800000190734863,16.059999465942383,97300,2.951197862625122,0.0,0.0
ADX,2001-09-04,16.06999969482422,16.3799991607666,15.979999542236328,16.280000686645508,166500,2.9916255474090576,0.0,0.0
ADX,2001-09-05,16.280000686645508,16.280000686645508,16.010000228881836,16.079999923706055,83600,2.9548730850219727,0.0,0.0
ADX,2001-09-06,16.049999237060547,16.049999237060547,15.800000190734863,15.859999656677246,54100,2.9144463539123535,0.0,0.0
ADX,2001-09-07,15.760000228881836,15.869999885559082,15.550000190734863,15.630000114440918,93600,2.8721818923950195,0.0,0.0
ADX,2001-09-10,15.520000457763672,15.600000381469727,15.5,15.59000015258789,74800,2.8648297786712646,0.0,0.0
ADX,2001-09-17,15.0,15.0,14.699999809265137,14.90999984741211,146500,2.7398736476898193,0.0,0.0
ADX,2001-09-18,14.859999656677246,14.979999542236328,14.8100004196167,14.9399995803833,119100,2.7453858852386475,0.0,0.0
ADX,2001-09-19,14.829999923706055,14.880000114440918,13.850000381469727,14.170000076293945,127200,2.6038901805877686,0.0,0.0
ADX,2001-09-20,13.699999809265137,13.800000190734863,13.260000228881836,13.600000381469727,262300,2.4991471767425537,0.0,0.0
ADX,2001-09-21,12.75,13.5,12.699999809265137,13.300000190734863,241600,2.444018602371216,0.0,0.0
ADX,2001-09-24,13.329999923706055,14.289999961853027,13.329999923706055,14.239999771118164,179900,2.616753578186035,0.0,0.0
ADX,2001-09-25,14.279999732971191,14.350000381469727,13.9399995803833,14.100000381469727,113700,2.591027021408081,0.0,0.0
ADX,2001-09-26,14.119999885559082,14.3100004196167,13.8100004196167,14.0,244900,2.5726513862609863,0.0,0.0
ADX,2001-09-27,13.989999771118164,14.270000457763672,13.899999618530273,14.239999771118164,73700,2.616753578186035,0.0,0.0
ADX,2001-09-28,14.319999694824219,14.989999771118164,14.319999694824219,14.899999618530273,141100,2.738034963607788,0.0,0.0
ADX,2001-10-01,14.800000190734863,14.880000114440918,14.65999984741211,14.800000190734863,34100,2.7196600437164307,0.0,0.0
ADX,2001-10-02,14.699999809265137,14.899999618530273,14.5,14.65999984741211,87600,2.6939332485198975,0.0,0.0
ADX,2001-10-03,14.5600004196167,15.0,14.5,14.970000267028809,166800,2.75089955329895,0.0,0.0
ADX,2001-10-04,14.979999542236328,15.25,14.979999542236328,15.0600004196167,240900,2.7674379348754883,0.0,0.0
ADX,2001-10-05,15.010000228881836,15.149999618530273,14.850000381469727,15.149999618530273,71300,2.7839760780334473,0.0,0.0
ADX,2001-10-08,15.100000381469727,15.100000381469727,14.850000381469727,14.949999809265137,26200,2.7472238540649414,0.0,0.0
ADX,2001-10-09,14.949999809265137,14.949999809265137,14.829999923706055,14.890000343322754,37600,2.736196994781494,0.0,0.0
ADX,2001-10-10,14.859999656677246,15.239999771118164,14.859999656677246,15.229999542236328,90200,2.798677444458008,0.0,0.0
ADX,2001-10-11,15.100000381469727,15.5,15.100000381469727,15.460000038146973,219100,2.8409416675567627,0.0,0.0
ADX,2001-10-12,15.170000076293945,15.850000381469727,15.170000076293945,15.739999771118164,205300,2.8923943042755127,0.0,0.0
ADX,2001-10-15,15.699999809265137,15.699999809265137,15.399999618530273,15.520000457763672,41700,2.8519670963287354,0.0,0.0
ADX,2001-10-16,15.600000381469727,15.699999809265137,15.470000267028809,15.600000381469727,58200,2.866668939590454,0.0,0.0
ADX,2001-10-17,15.829999923706055,15.890000343322754,15.399999618530273,15.399999618530273,67500,2.82991623878479,0.0,0.0
ADX,2001-10-18,15.359999656677246,15.399999618530273,15.25,15.319999694824219,34000,2.815215587615967,0.0,0.0
ADX,2001-10-19,15.300000190734863,15.449999809265137,15.0,15.399999618530273,64300,2.82991623878479,0.0,0.0
ADX,2001-10-22,15.300000190734863,15.529999732971191,15.25,15.470000267028809,57900,2.842780351638794,0.0,0.0
ADX,2001-10-23,15.470000267028809,15.539999961853027,15.199999809265137,15.350000381469727,31800,2.820727586746216,0.0,0.0
ADX,2001-10-24,15.399999618530273,15.40999984741211,15.100000381469727,15.15999984741211,30800,2.785813331604004,0.0,0.0
ADX,2001-10-25,15.100000381469727,15.300000190734863,14.960000038146973,15.25,65600,2.8023533821105957,0.0,0.0
ADX,2001-10-26,15.229999542236328,15.430000305175781,15.199999809265137,15.350000381469727,58300,2.820727586746216,0.0,0.0
ADX,2001-10-29,15.380000114440918,15.380000114440918,15.029999732971191,15.050000190734863,47100,2.7656006813049316,0.0,0.0
ADX,2001-10-30,15.0,15.0,14.329999923706055,14.800000190734863,106000,2.7196600437164307,0.0,0.0
ADX,2001-10-31,14.869999885559082,15.010000228881836,14.8100004196167,14.829999923706055,55600,2.725172758102417,0.0,0.0
ADX,2001-11-01,14.829999923706055,15.119999885559082,14.649999618530273,15.079999923706055,116700,2.7711129188537598,0.0,0.0
ADX,2001-11-02,15.0,15.149999618530273,14.899999618530273,15.079999923706055,71600,2.7711129188537598,0.0,0.0
ADX,2001-11-05,15.100000381469727,15.350000381469727,15.100000381469727,15.329999923706055,62800,2.8170533180236816,0.0,0.0
ADX,2001-11-06,15.289999961853027,15.489999771118164,15.15999984741211,15.399999618530273,80300,2.82991623878479,0.0,0.0
ADX,2001-11-07,15.430000305175781,15.479999542236328,15.350000381469727,15.399999618530273,61100,2.82991623878479,0.0,0.0
ADX,2001-11-08,15.420000076293945,15.949999809265137,15.420000076293945,15.5600004196167,107800,2.8593170642852783,0.0,0.0
ADX,2001-11-09,15.5600004196167,15.800000190734863,15.5,15.65999984741211,66000,2.8776941299438477,0.0,0.0
ADX,2001-11-12,15.5,15.6899995803833,15.380000114440918,15.579999923706055,62700,2.862992763519287,0.0,0.0
ADX,2001-11-13,15.600000381469727,15.9399995803833,15.600000381469727,15.829999923706055,97800,2.908933162689209,0.0,0.0
ADX,2001-11-14,15.850000381469727,16.139999389648438,15.760000228881836,15.970000267028809,1153700,2.9346604347229004,0.0,0.0
ADX,2001-11-15,14.5600004196167,14.720000267028809,14.350000381469727,14.470000267028809,638700,2.9165191650390625,1.41,0.0
ADX,2001-11-16,14.470000267028809,14.569999694824219,14.380000114440918,14.390000343322754,86900,2.900395154953003,0.0,0.0
ADX,2001-11-19,14.40999984741211,14.649999618530273,14.40999984741211,14.5,416000,2.9225659370422363,0.0,0.0
ADX,2001-11-20,14.4399995803833,14.699999809265137,14.300000190734863,14.380000114440918,64100,2.898379325866699,0.0,0.0
ADX,2001-11-21,14.449999809265137,14.449999809265137,14.199999809265137,14.329999923706055,38300,2.888301134109497,0.0,0.0
ADX,2001-11-23,14.34000015258789,14.529999732971191,14.300000190734863,14.449999809265137,28800,2.912490129470825,0.0,0.0
ADX,2001-11-26,14.550000190734863,14.619999885559082,14.300000190734863,14.5,83400,2.9225659370422363,0.0,0.0
ADX,2001-11-27,14.40999984741211,14.640000343322754,14.350000381469727,14.359999656677246,101500,2.8943495750427246,0.0,0.0
ADX,2001-11-28,14.350000381469727,14.449999809265137,14.25,14.279999732971191,68500,2.878225326538086,0.0,0.0
ADX,2001-11-29,14.329999923706055,14.430000305175781,14.260000228881836,14.350000381469727,39700,2.8923325538635254,0.0,0.0
ADX,2001-11-30,14.3100004196167,14.489999771118164,14.279999732971191,14.319999694824219,32400,2.8862876892089844,0.0,0.0
ADX,2001-12-03,14.279999732971191,14.300000190734863,14.109999656677246,14.15999984741211,60900,2.854037284851074,0.0,0.0
ADX,2001-12-04,14.149999618530273,14.329999923706055,14.050000190734863,14.329999923706055,59900,2.888301134109497,0.0,0.0
ADX,2001-12-05,14.399999618530273,14.649999618530273,14.319999694824219,14.640000343322754,68000,2.95078444480896,0.0,0.0
ADX,2001-12-06,14.550000190734863,14.680000305175781,14.550000190734863,14.579999923706055,53900,2.938692331314087,0.0,0.0
ADX,2001-12-07,14.510000228881836,14.600000381469727,14.449999809265137,14.449999809265137,69600,2.912490129470825,0.0,0.0
ADX,2001-12-10,14.5,14.5,14.220000267028809,14.220000267028809,74600,2.8661305904388428,0.0,0.0
ADX,2001-12-11,14.260000228881836,14.420000076293945,14.15999984741211,14.199999809265137,134600,2.8620986938476562,0.0,0.0
ADX,2001-12-12,14.270000457763672,14.34000015258789,14.149999618530273,14.199999809265137,72700,2.8620986938476562,0.0,0.0
ADX,2001-12-13,14.039999961853027,14.119999885559082,13.970000267028809,14.020000457763672,60300,2.8258206844329834,0.0,0.0
ADX,2001-12-14,13.989999771118164,14.079999923706055,13.930000305175781,14.050000190734863,62900,2.8318674564361572,0.0,0.0
ADX,2001-12-17,14.050000190734863,14.130000114440918,13.949999809265137,14.0600004196167,70000,2.833881378173828,0.0,0.0
ADX,2001-12-18,14.0600004196167,14.130000114440918,14.029999732971191,14.100000381469727,88600,2.8419432640075684,0.0,0.0
ADX,2001-12-19,13.920000076293945,14.130000114440918,13.920000076293945,14.039999961853027,91000,2.829850912094116,0.0,0.0
ADX,2001-12-20,14.140000343322754,14.140000343322754,13.880000114440918,13.949999809265137,117000,2.8117105960845947,0.0,0.0
ADX,2001-12-21,13.930000305175781,14.050000190734863,13.930000305175781,13.979999542236328,157500,2.8177571296691895,0.0,0.0
ADX,2001-12-24,13.899999618530273,14.069999694824219,13.850000381469727,14.0,85200,2.8217880725860596,0.0,0.0
ADX,2001-12-26,13.859999656677246,14.229999542236328,13.859999656677246,14.130000114440918,133700,2.847991943359375,0.0,0.0
ADX,2001-12-27,14.399999618530273,14.399999618530273,14.029999732971191,14.220000267028809,200700,2.8661305904388428,0.0,0.0
ADX,2001-12-28,14.020000457763672,14.350000381469727,14.020000457763672,14.279999732971191,181500,2.878225326538086,0.0,0.0
ADX,2001-12-31,14.279999732971191,14.369999885559082,14.0600004196167,14.220000267028809,187700,2.8661305904388428,0.0,0.0
ADX,2002-01-02,14.25,14.390000343322754,14.149999618530273,14.1899995803833,1910800,2.8600847721099854,0.0,0.0
ADX,2002-01-03,14.1899995803833,14.390000343322754,14.15999984741211,14.289999961853027,140600,2.8802385330200195,0.0,0.0
ADX,2002-01-04,14.199999809265137,14.5,14.199999809265137,14.350000381469727,65600,2.8923325538635254,0.0,0.0
ADX,2002-01-07,14.420000076293945,14.550000190734863,14.359999656677246,14.40999984741211,143600,2.9044270515441895,0.0,0.0
ADX,2002-01-08,14.3100004196167,14.460000038146973,14.25,14.3100004196167,90100,2.884272813796997,0.0,0.0
ADX,2002-01-09,14.3100004196167,14.489999771118164,14.3100004196167,14.350000381469727,75100,2.8923325538635254,0.0,0.0
ADX,2002-01-10,14.3100004196167,14.430000305175781,14.260000228881836,14.319999694824219,63500,2.8862876892089844,0.0,0.0
ADX,2002-01-11,14.319999694824219,14.4399995803833,14.199999809265137,14.260000228881836,135500,2.8741936683654785,0.0,0.0
ADX,2002-01-14,14.199999809265137,14.279999732971191,14.069999694824219,14.15999984741211,108800,2.854037284851074,0.0,0.0
ADX,2002-01-15,14.170000076293945,14.300000190734863,14.0600004196167,14.140000343322754,75800,2.850006580352783,0.0,0.0
ADX,2002-01-16,14.050000190734863,14.09000015258789,13.920000076293945,13.920000076293945,87000,2.805663824081421,0.0,0.0
ADX,2002-01-17,14.15999984741211,14.15999984741211,13.949999809265137,14.029999732971191,93200,2.8278355598449707,0.0,0.0
ADX,2002-01-18,13.979999542236328,14.0,13.869999885559082,13.899999618530273,103500,2.8016321659088135,0.0,0.0
ADX,2002-01-22,13.960000038146973,14.100000381469727,13.680000305175781,13.8100004196167,100000,2.783491849899292,0.0,0.0
ADX,2002-01-23,13.90999984741211,13.989999771118164,13.760000228881836,13.9399995803833,75900,2.809694290161133,0.0,0.0
ADX,2002-01-24,14.0,14.0600004196167,13.989999771118164,13.989999771118164,75300,2.819772481918335,0.0,0.0
ADX,2002-01-25,14.020000457763672,14.050000190734863,13.9399995803833,14.0,107800,2.8217880725860596,0.0,0.0
ADX,2002-01-28,13.989999771118164,14.039999961853027,13.930000305175781,14.010000228881836,90700,2.8238043785095215,0.0,0.0
ADX,2002-01-29,13.960000038146973,14.029999732971191,13.800000190734863,13.800000190734863,102300,2.781477928161621,0.0,0.0
ADX,2002-01-30,13.8100004196167,13.949999809265137,13.649999618530273,13.949999809265137,77000,2.8117105960845947,0.0,0.0
ADX,2002-01-31,13.989999771118164,14.069999694824219,13.850000381469727,14.0,73400,2.8217880725860596,0.0,0.0
ADX,2002-02-01,13.989999771118164,14.100000381469727,13.859999656677246,13.9399995803833,72500,2.809694290161133,0.0,0.0
ADX,2002-02-04,13.869999885559082,13.890000343322754,13.649999618530273,13.800000190734863,41800,2.781477928161621,0.0,0.0
ADX,2002-02-05,13.699999809265137,13.75,13.5,13.550000190734863,130100,2.731088638305664,0.0,0.0
ADX,2002-02-06,13.550000190734863,13.65999984741211,13.399999618530273,13.399999618530273,83400,2.700855255126953,0.0,0.0
ADX,2002-02-07,13.529999732971191,13.539999961853027,13.350000381469727,13.489999771118164,81500,2.7189950942993164,0.0,0.0
ADX,2002-02-08,13.390000343322754,13.5600004196167,13.390000343322754,13.5600004196167,54300,2.7331032752990723,0.0,0.0
ADX,2002-02-11,13.600000381469727,13.789999961853027,13.550000190734863,13.760000228881836,79900,2.7734150886535645,0.0,0.0
ADX,2002-02-12,13.609999656677246,13.84000015258789,13.609999656677246,13.680000305175781,91000,2.757289409637451,0.0,0.0
ADX,2002-02-13,13.710000038146973,13.850000381469727,13.710000038146973,13.779999732971191,53200,2.7774462699890137,0.0,0.0
ADX,2002-02-14,13.829999923706055,13.829999923706055,13.670000076293945,13.729999542236328,60800,2.78352952003479,0.08,0.0
ADX,2002-02-15,13.670000076293945,13.760000228881836,13.600000381469727,13.6899995803833,59200,2.775418281555176,0.0,0.0
ADX,2002-02-19,13.789999961853027,13.789999961853027,13.5,13.640000343322754,134400,2.76528263092041,0.0,0.0
ADX,2002-02-20,13.479999542236328,13.600000381469727,13.119999885559082,13.600000381469727,99400,2.7571728229522705,0.0,0.0
ADX,2002-02-21,13.5,13.59000015258789,13.449999809265137,13.449999809265137,54400,2.7267637252807617,0.0,0.0
ADX,2002-02-22,13.350000381469727,13.609999656677246,13.34000015258789,13.5,77900,2.7368993759155273,0.0,0.0
ADX,2002-02-25,13.479999542236328,13.699999809265137,13.420000076293945,13.699999809265137,63400,2.777446985244751,0.0,0.0
ADX,2002-02-26,13.710000038146973,13.8100004196167,13.680000305175781,13.699999809265137,106400,2.777446985244751,0.0,0.0
ADX,2002-02-27,13.699999809265137,14.0,13.65999984741211,13.880000114440918,54000,2.813938617706299,0.0,0.0
ADX,2002-02-28,13.779999732971191,13.979999542236328,13.649999618530273,13.699999809265137,65100,2.777446985244751,0.0,0.0
ADX,2002-03-01,13.84000015258789,13.989999771118164,13.65999984741211,13.989999771118164,81700,2.8362388610839844,0.0,0.0
ADX,2002-03-04,14.09000015258789,14.4399995803833,14.0,14.25,117100,2.8889496326446533,0.0,0.0
ADX,2002-03-05,14.350000381469727,14.489999771118164,14.300000190734863,14.34000015258789,155300,2.9071950912475586,0.0,0.0
ADX,2002-03-06,14.239999771118164,14.5,14.170000076293945,14.380000114440918,67200,2.915304183959961,0.0,0.0
ADX,2002-03-07,14.40999984741211,14.550000190734863,14.050000190734863,14.149999618530273,85800,2.868675947189331,0.0,0.0
ADX,2002-03-08,14.229999542236328,14.489999771118164,14.229999542236328,14.399999618530273,75400,2.9193596839904785,0.0,0.0
ADX,2002-03-11,14.479999542236328,14.529999732971191,14.260000228881836,14.359999656677246,75500,2.911250591278076,0.0,0.0
ADX,2002-03-12,14.289999961853027,14.479999542236328,14.199999809265137,14.260000228881836,99700,2.890976905822754,0.0,0.0
ADX,2002-03-13,14.279999732971191,14.279999732971191,14.149999618530273,14.25,103000,2.8889496326446533,0.0,0.0
ADX,2002-03-14,14.25,14.350000381469727,14.109999656677246,14.329999923706055,52000,2.905167579650879,0.0,0.0
ADX,2002-03-15,14.329999923706055,14.489999771118164,14.300000190734863,14.369999885559082,65500,2.9132776260375977,0.0,0.0
ADX,2002-03-18,14.470000267028809,14.5,14.199999809265137,14.199999809265137,100300,2.878812551498413,0.0,0.0
ADX,2002-03-19,14.260000228881836,14.4399995803833,14.25,14.319999694824219,78600,2.9031412601470947,0.0,0.0
ADX,2002-03-20,14.170000076293945,14.350000381469727,14.170000076293945,14.199999809265137,61800,2.878812551498413,0.0,0.0
ADX,2002-03-21,14.25,14.34000015258789,14.199999809265137,14.220000267028809,37800,2.882866859436035,0.0,0.0
ADX,2002-03-22,14.210000038146973,14.34000015258789,14.109999656677246,14.1899995803833,62900,2.87678599357605,0.0,0.0
ADX,2002-03-25,14.119999885559082,14.170000076293945,14.020000457763672,14.09000015258789,76500,2.8565115928649902,0.0,0.0
ADX,2002-03-26,14.09000015258789,14.229999542236328,14.039999961853027,14.140000343322754,45900,2.8666481971740723,0.0,0.0
ADX,2002-03-27,14.039999961853027,14.199999809265137,14.039999961853027,14.119999885559082,53200,2.862593173980713,0.0,0.0
ADX,2002-03-28,14.039999961853027,14.279999732971191,14.039999961853027,14.119999885559082,65100,2.862593173980713,0.0,0.0
ADX,2002-04-01,14.199999809265137,14.199999809265137,14.029999732971191,14.130000114440918,54500,2.864621639251709,0.0,0.0
ADX,2002-04-02,14.029999732971191,14.199999809265137,14.010000228881836,14.199999809265137,88300,2.878812551498413,0.0,0.0
ADX,2002-04-03,14.149999618530273,14.1899995803833,14.020000457763672,14.039999961853027,46500,2.846374988555908,0.0,0.0
ADX,2002-04-04,14.020000457763672,14.079999923706055,13.8100004196167,13.850000381469727,95300,2.8078558444976807,0.0,0.0
ADX,2002-04-05,13.90999984741211,14.100000381469727,13.859999656677246,14.0,54000,2.838266611099243,0.0,0.0
ADX,2002-04-08,13.859999656677246,14.010000228881836,13.8100004196167,13.890000343322754,50400,2.815965414047241,0.0,0.0
ADX,2002-04-09,13.90999984741211,14.039999961853027,13.859999656677246,13.859999656677246,64300,2.8098838329315186,0.0,0.0
ADX,2002-04-10,13.949999809265137,14.09000015258789,13.859999656677246,13.949999809265137,70800,2.8281283378601074,0.0,0.0
ADX,2002-04-11,14.020000457763672,14.079999923706055,13.75,13.789999961853027,79600,2.795692205429077,0.0,0.0
ADX,2002-04-12,13.829999923706055,13.899999618530273,13.710000038146973,13.779999732971191,82900,2.793663740158081,0.0,0.0
ADX,2002-04-15,13.779999732971191,13.949999809265137,13.710000038146973,13.75,54100,2.7875819206237793,0.0,0.0
ADX,2002-04-16,13.739999771118164,14.079999923706055,13.739999771118164,13.949999809265137,82800,2.8281283378601074,0.0,0.0
ADX,2002-04-17,13.949999809265137,14.069999694824219,13.800000190734863,13.920000076293945,91900,2.8220460414886475,0.0,0.0
ADX,2002-04-18,14.0,14.050000190734863,13.869999885559082,13.920000076293945,53000,2.8220460414886475,0.0,0.0
ADX,2002-04-19,13.930000305175781,14.020000457763672,13.930000305175781,13.949999809265137,60300,2.8281283378601074,0.0,0.0
ADX,2002-04-22,14.010000228881836,14.020000457763672,13.760000228881836,13.760000228881836,96400,2.789609670639038,0.0,0.0
ADX,2002-04-23,13.850000381469727,14.0,13.710000038146973,13.75,60700,2.7875819206237793,0.0,0.0
ADX,2002-04-24,13.720000267028809,13.84000015258789,13.579999923706055,13.6899995803833,36900,2.775418281555176,0.0,0.0
ADX,2002-04-25,13.6899995803833,13.6899995803833,13.270000457763672,13.550000190734863,150200,2.747037887573242,0.0,0.0
ADX,2002-04-26,13.569999694824219,13.640000343322754,13.420000076293945,13.520000457763672,69800,2.7409536838531494,0.0,0.0
ADX,2002-04-29,13.510000228881836,13.739999771118164,13.399999618530273,13.4399995803833,66900,2.7247347831726074,0.0,0.0
ADX,2002-04-30,13.369999885559082,13.569999694824219,13.300000190734863,13.539999961853027,99800,2.7450082302093506,0.0,0.0
ADX,2002-05-01,13.520000457763672,13.6899995803833,13.399999618530273,13.609999656677246,56500,2.7592010498046875,0.0,0.0
ADX,2002-05-02,13.510000228881836,13.6899995803833,13.510000228881836,13.640000343322754,63700,2.76528263092041,0.0,0.0
ADX,2002-05-03,13.640000343322754,13.640000343322754,13.430000305175781,13.470000267028809,45900,2.7308170795440674,0.0,0.0
ADX,2002-05-06,13.5,13.5,13.399999618530273,13.40999984741211,55500,2.718653917312622,0.0,0.0
ADX,2002-05-07,13.420000076293945,13.59000015258789,13.319999694824219,13.399999618530273,69300,2.716627597808838,0.0,0.0
ADX,2002-05-08,13.479999542236328,13.6899995803833,13.479999542236328,13.600000381469727,87100,2.7571728229522705,0.0,0.0
ADX,2002-05-09,13.680000305175781,13.699999809265137,13.550000190734863,13.569999694824219,72900,2.7510910034179688,0.0,0.0
ADX,2002-05-10,13.609999656677246,13.619999885559082,13.430000305175781,13.449999809265137,130600,2.7267637252807617,0.0,0.0
ADX,2002-05-13,13.369999885559082,13.5,13.369999885559082,13.430000305175781,73400,2.7227072715759277,0.0,0.0
ADX,2002-05-14,13.5,13.699999809265137,13.5,13.6899995803833,82100,2.775418281555176,0.0,0.0
ADX,2002-05-15,13.600000381469727,13.640000343322754,13.5,13.5,103000,2.7529869079589844,0.08,0.0
ADX,2002-05-16,13.460000038146973,13.569999694824219,13.460000038146973,13.5,67900,2.7529869079589844,0.0,0.0
ADX,2002-05-17,13.520000457763672,13.6899995803833,13.460000038146973,13.550000190734863,67500,2.7631828784942627,0.0,0.0
ADX,2002-05-20,13.510000228881836,13.5600004196167,13.4399995803833,13.449999809265137,40800,2.7427914142608643,0.0,0.0
ADX,2002-05-21,13.470000267028809,13.539999961853027,13.399999618530273,13.399999618530273,93000,2.732595920562744,0.0,0.0
ADX,2002-05-22,13.399999618530273,13.430000305175781,13.380000114440918,13.399999618530273,114300,2.732595920562744,0.0,0.0
ADX,2002-05-23,13.369999885559082,13.470000267028809,13.369999885559082,13.460000038146973,77400,2.744830369949341,0.0,0.0
ADX,2002-05-24,13.460000038146973,13.510000228881836,13.40999984741211,13.470000267028809,87000,2.746868848800659,0.0,0.0
ADX,2002-05-28,13.399999618530273,13.5,13.350000381469727,13.40999984741211,87700,2.734633684158325,0.0,0.0
ADX,2002-05-29,13.359999656677246,13.380000114440918,13.3100004196167,13.3100004196167,90100,2.7142415046691895,0.0,0.0
ADX,2002-05-30,13.3100004196167,13.3100004196167,13.140000343322754,13.15999984741211,86600,2.6836531162261963,0.0,0.0
ADX,2002-05-31,13.130000114440918,13.350000381469727,13.119999885559082,13.25,75300,2.702005386352539,0.0,0.0
ADX,2002-06-03,13.350000381469727,13.350000381469727,13.109999656677246,13.119999885559082,188200,2.6754953861236572,0.0,0.0
ADX,2002-06-04,13.09000015258789,13.15999984741211,13.0,13.0,101100,2.651024341583252,0.0,0.0
ADX,2002-06-05,12.9399995803833,13.039999961853027,12.9399995803833,13.0,49600,2.651024341583252,0.0,0.0
ADX,2002-06-06,13.010000228881836,13.050000190734863,12.930000305175781,12.949999809265137,91600,2.640829086303711,0.0,0.0
ADX,2002-06-07,12.930000305175781,12.930000305175781,12.699999809265137,12.760000228881836,121000,2.602083444595337,0.0,0.0
ADX,2002-06-10,12.65999984741211,12.890000343322754,12.65999984741211,12.800000190734863,139900,2.610239267349243,0.0,0.0
ADX,2002-06-11,12.8100004196167,12.880000114440918,12.649999618530273,12.649999618530273,116700,2.579650402069092,0.0,0.0
ADX,2002-06-12,12.649999618530273,12.649999618530273,12.449999809265137,12.640000343322754,120700,2.577611207962036,0.0,0.0
ADX,2002-06-13,12.579999923706055,12.699999809265137,12.5,12.550000190734863,82900,2.559258222579956,0.0,0.0
ADX,2002-06-14,12.470000267028809,12.489999771118164,12.369999885559082,12.449999809265137,123800,2.538865804672241,0.0,0.0
ADX,2002-06-17,12.470000267028809,12.699999809265137,12.460000038146973,12.699999809265137,127500,2.5898473262786865,0.0,0.0
ADX,2002-06-18,12.649999618530273,12.850000381469727,12.649999618530273,12.75,104500,2.6000442504882812,0.0,0.0
ADX,2002-06-19,12.75,12.75,12.600000381469727,12.600000381469727,76900,2.5694546699523926,0.0,0.0
ADX,2002-06-20,12.609999656677246,12.65999984741211,12.539999961853027,12.539999961853027,109800,2.557218313217163,0.0,0.0
ADX,2002-06-21,12.5,12.510000228881836,12.359999656677246,12.380000114440918,76000,2.5245909690856934,0.0,0.0
ADX,2002-06-24,12.359999656677246,12.460000038146973,12.170000076293945,12.380000114440918,164700,2.5245909690856934,0.0,0.0
ADX,2002-06-25,12.390000343322754,12.479999542236328,12.25,12.25,123000,2.4980804920196533,0.0,0.0
ADX,2002-06-26,11.25,12.109999656677246,11.25,12.0600004196167,278100,2.4593353271484375,0.0,0.0
ADX,2002-06-27,12.130000114440918,12.25,12.029999732971191,12.210000038146973,128500,2.4899230003356934,0.0,0.0
ADX,2002-06-28,12.149999618530273,12.329999923706055,12.149999618530273,12.260000228881836,113400,2.50011944770813,0.0,0.0
ADX,2002-07-01,12.210000038146973,12.3100004196167,12.149999618530273,12.149999618530273,107900,2.477689027786255,0.0,0.0
ADX,2002-07-02,12.130000114440918,12.140000343322754,11.800000190734863,11.979999542236328,130300,2.4430196285247803,0.0,0.0
ADX,2002-07-03,11.829999923706055,11.9399995803833,11.609999656677246,11.899999618530273,237700,2.4267067909240723,0.0,0.0
ADX,2002-07-05,11.869999885559082,12.149999618530273,11.819999694824219,12.109999656677246,72500,2.4695305824279785,0.0,0.0
ADX,2002-07-08,12.180000305175781,12.220000267028809,12.039999961853027,12.079999923706055,152300,2.463414192199707,0.0,0.0
ADX,2002-07-09,12.020000457763672,12.130000114440918,11.90999984741211,11.90999984741211,92300,2.4287455081939697,0.0,0.0
ADX,2002-07-10,11.899999618530273,11.949999809265137,11.420000076293945,11.510000228881836,153100,2.3471765518188477,0.0,0.0
ADX,2002-07-11,11.4399995803833,11.5,11.210000038146973,11.380000114440918,194500,2.3206658363342285,0.0,0.0
ADX,2002-07-12,11.449999809265137,11.479999542236328,11.300000190734863,11.390000343322754,148600,2.322705030441284,0.0,0.0
ADX,2002-07-15,11.470000267028809,11.470000267028809,11.010000228881836,11.319999694824219,195800,2.308429718017578,0.0,0.0
ADX,2002-07-16,11.25,11.380000114440918,11.149999618530273,11.199999809265137,120600,2.2839596271514893,0.0,0.0
ADX,2002-07-17,11.289999961853027,11.579999923706055,11.229999542236328,11.390000343322754,223300,2.322705030441284,0.0,0.0
ADX,2002-07-18,11.369999885559082,11.399999618530273,11.149999618530273,11.15999984741211,172800,2.2758023738861084,0.0,0.0
ADX,2002-07-19,11.010000228881836,11.020000457763672,10.75,10.75,265500,2.192193031311035,0.0,0.0
ADX,2002-07-22,10.550000190734863,10.760000228881836,10.449999809265137,10.5,312600,2.14121150970459,0.0,0.0
ADX,2002-07-23,10.420000076293945,10.699999809265137,10.25,10.289999961853027,276100,2.098388910293579,0.0,0.0
ADX,2002-07-24,10.199999809265137,10.779999732971191,10.010000228881836,10.720000267028809,213600,2.1860756874084473,0.0,0.0
ADX,2002-07-25,10.5600004196167,10.8100004196167,10.510000228881836,10.75,166200,2.192193031311035,0.0,0.0
ADX,2002-07-26,10.75,10.829999923706055,10.600000381469727,10.779999732971191,56000,2.1983108520507812,0.0,0.0
ADX,2002-07-29,10.880000114440918,11.329999923706055,10.880000114440918,11.329999923706055,137200,2.310469388961792,0.0,0.0
ADX,2002-07-30,11.329999923706055,11.369999885559082,11.079999923706055,11.300000190734863,422700,2.3043510913848877,0.0,0.0
ADX,2002-07-31,11.300000190734863,11.4399995803833,11.199999809265137,11.420000076293945,191300,2.3288230895996094,0.0,0.0
ADX,2002-08-01,11.40999984741211,11.479999542236328,11.1899995803833,11.220000267028809,70100,2.288038730621338,0.0,0.0
ADX,2002-08-02,11.140000343322754,11.199999809265137,11.0,11.010000228881836,86100,2.2452139854431152,0.0,0.0
ADX,2002-08-05,10.949999809265137,11.050000190734863,10.609999656677246,10.609999656677246,128600,2.1636431217193604,0.0,0.0
ADX,2002-08-06,10.800000190734863,11.149999618530273,10.800000190734863,11.010000228881836,180000,2.2452139854431152,0.0,0.0
ADX,2002-08-07,11.130000114440918,11.25,10.989999771118164,11.25,60500,2.294156312942505,0.0,0.0
ADX,2002-08-08,11.300000190734863,11.569999694824219,11.260000228881836,11.569999694824219,95300,2.359412670135498,0.0,0.0
ADX,2002-08-09,11.569999694824219,11.75,11.359999656677246,11.600000381469727,145400,2.365530490875244,0.0,0.0
ADX,2002-08-12,11.4399995803833,11.65999984741211,11.420000076293945,11.600000381469727,131900,2.365530490875244,0.0,0.0
ADX,2002-08-13,11.5,11.789999961853027,11.489999771118164,11.5,138100,2.345137596130371,0.0,0.0
ADX,2002-08-14,11.350000381469727,11.779999732971191,11.260000228881836,11.770000457763672,113100,2.417010545730591,0.08,0.0
ADX,2002-08-15,11.770000457763672,11.979999542236328,11.760000228881836,11.920000076293945,144300,2.447814464569092,0.0,0.0
ADX,2002-08-16,11.850000381469727,11.9399995803833,11.770000457763672,11.850000381469727,59400,2.4334394931793213,0.0,0.0
ADX,2002-08-19,11.899999618530273,12.140000343322754,11.899999618530273,12.09000015258789,75900,2.482724189758301,0.0,0.0
ADX,2002-08-20,12.0,12.119999885559082,11.75,11.869999885559082,117300,2.4375460147857666,0.0,0.0
ADX,2002-08-21,11.970000267028809,12.069999694824219,11.819999694824219,12.029999732971191,108500,2.4704020023345947,0.0,0.0
ADX,2002-08-22,12.010000228881836,12.220000267028809,12.010000228881836,12.220000267028809,108900,2.509420394897461,0.0,0.0
ADX,2002-08-23,12.069999694824219,12.069999694824219,11.90999984741211,12.029999732971191,46400,2.4704020023345947,0.0,0.0
ADX,2002-08-26,12.100000381469727,12.100000381469727,11.90999984741211,12.039999961853027,42500,2.472456216812134,0.0,0.0
ADX,2002-08-27,12.020000457763672,12.09000015258789,11.890000343322754,11.979999542236328,65200,2.4601335525512695,0.0,0.0
ADX,2002-08-28,12.079999923706055,12.079999923706055,11.869999885559082,11.869999885559082,36500,2.4375460147857666,0.0,0.0
ADX,2002-08-29,11.800000190734863,11.880000114440918,11.760000228881836,11.869999885559082,26100,2.4375460147857666,0.0,0.0
ADX,2002-08-30,11.75,11.949999809265137,11.710000038146973,11.890000343322754,30400,2.441652774810791,0.0,0.0
ADX,2002-09-03,11.720000267028809,11.800000190734863,11.149999618530273,11.579999923706055,143200,2.3779940605163574,0.0,0.0
ADX,2002-09-04,11.729999542236328,11.739999771118164,11.359999656677246,11.430000305175781,165100,2.3471903800964355,0.0,0.0
ADX,2002-09-05,11.270000457763672,11.319999694824219,11.0600004196167,11.0600004196167,73400,2.2712109088897705,0.0,0.0
ADX,2002-09-06,11.149999618530273,11.399999618530273,11.100000381469727,11.25,83300,2.310227155685425,0.0,0.0
ADX,2002-09-09,11.149999618530273,11.420000076293945,11.050000190734863,11.289999961853027,121500,2.318441867828369,0.0,0.0
ADX,2002-09-10,11.289999961853027,11.649999618530273,11.289999961853027,11.380000114440918,86400,2.3369226455688477,0.0,0.0
ADX,2002-09-11,11.289999961853027,11.579999923706055,11.289999961853027,11.479999542236328,79000,2.3574583530426025,0.0,0.0
ADX,2002-09-12,11.449999809265137,11.449999809265137,11.199999809265137,11.239999771118164,67400,2.3081724643707275,0.0,0.0
ADX,2002-09-13,11.170000076293945,11.239999771118164,11.010000228881836,11.199999809265137,37800,2.299959182739258,0.0,0.0
ADX,2002-09-16,11.149999618530273,11.180000305175781,11.029999732971191,11.109999656677246,38700,2.281477212905884,0.0,0.0
ADX,2002-09-17,11.199999809265137,11.369999885559082,11.130000114440918,11.130000114440918,88400,2.2855851650238037,0.0,0.0
ADX,2002-09-18,11.029999732971191,11.079999923706055,10.850000381469727,10.9399995803833,45800,2.246568202972412,0.0,0.0
ADX,2002-09-19,10.850000381469727,10.869999885559082,10.680000305175781,10.6899995803833,73100,2.1952292919158936,0.0,0.0
ADX,2002-09-20,10.649999618530273,10.75,10.609999656677246,10.699999809265137,60500,2.197282552719116,0.0,0.0
ADX,2002-09-23,10.699999809265137,10.699999809265137,10.300000190734863,10.40999984741211,145500,2.1377296447753906,0.0,0.0
ADX,2002-09-24,10.3100004196167,10.449999809265137,10.170000076293945,10.210000038146973,109300,2.0966598987579346,0.0,0.0
ADX,2002-09-25,10.319999694824219,10.5,10.25,10.449999809265137,129900,2.1459436416625977,0.0,0.0
ADX,2002-09-26,10.399999618530273,10.680000305175781,10.399999618530273,10.579999923706055,124900,2.172640085220337,0.0,0.0
ADX,2002-09-27,10.529999732971191,10.619999885559082,10.300000190734863,10.300000190734863,81200,2.1151411533355713,0.0,0.0
ADX,2002-09-30,10.399999618530273,10.399999618530273,10.0,10.279999732971191,119100,2.1110341548919678,0.0,0.0
ADX,2002-10-01,10.319999694824219,10.699999809265137,10.260000228881836,10.680000305175781,141200,2.193176031112671,0.0,0.0
ADX,2002-10-02,10.6899995803833,10.720000267028809,10.529999732971191,10.579999923706055,83200,2.172640085220337,0.0,0.0
ADX,2002-10-03,10.579999923706055,10.800000190734863,10.510000228881836,10.510000228881836,87900,2.158266067504883,0.0,0.0
ADX,2002-10-04,10.600000381469727,10.630000114440918,10.220000267028809,10.279999732971191,97400,2.1110341548919678,0.0,0.0
ADX,2002-10-07,10.279999732971191,10.289999961853027,10.010000228881836,10.010000228881836,83500,2.0555882453918457,0.0,0.0
ADX,2002-10-08,10.069999694824219,10.229999542236328,10.010000228881836,10.210000038146973,137500,2.0966598987579346,0.0,0.0
ADX,2002-10-09,10.119999885559082,10.119999885559082,9.9399995803833,9.960000038146973,163700,2.045321464538574,0.0,0.0
ADX,2002-10-10,9.869999885559082,10.25,9.859999656677246,10.220000267028809,139200,2.0987131595611572,0.0,0.0
ADX,2002-10-11,10.229999542236328,10.699999809265137,10.229999542236328,10.5600004196167,205800,2.1685335636138916,0.0,0.0
ADX,2002-10-14,10.460000038146973,10.680000305175781,10.4399995803833,10.609999656677246,130800,2.178799629211426,0.0,0.0
ADX,2002-10-15,10.760000228881836,11.149999618530273,10.760000228881836,11.149999618530273,139500,2.28969144821167,0.0,0.0
ADX,2002-10-16,10.949999809265137,11.0,10.850000381469727,10.850000381469727,83800,2.2280852794647217,0.0,0.0
ADX,2002-10-17,11.300000190734863,11.300000190734863,11.100000381469727,11.170000076293945,123900,2.2937989234924316,0.0,0.0
ADX,2002-10-18,11.0600004196167,11.270000457763672,11.0600004196167,11.199999809265137,79600,2.299959182739258,0.0,0.0
ADX,2002-10-21,11.149999618530273,11.479999542236328,11.050000190734863,11.460000038146973,87500,2.353350877761841,0.0,0.0
ADX,2002-10-22,11.4399995803833,11.4399995803833,11.25,11.300000190734863,104000,2.320493698120117,0.0,0.0
ADX,2002-10-23,11.300000190734863,11.319999694824219,11.010000228881836,11.3100004196167,114800,2.322547435760498,0.0,0.0
ADX,2002-10-24,11.350000381469727,11.479999542236328,11.220000267028809,11.239999771118164,88700,2.3081724643707275,0.0,0.0
ADX,2002-10-25,11.140000343322754,11.390000343322754,11.140000343322754,11.34000015258789,68400,2.3287079334259033,0.0,0.0
ADX,2002-10-28,11.4399995803833,11.539999961853027,11.350000381469727,11.449999809265137,119500,2.3512980937957764,0.0,0.0
ADX,2002-10-29,11.350000381469727,11.4399995803833,11.210000038146973,11.369999885559082,78100,2.334869384765625,0.0,0.0
ADX,2002-10-30,11.380000114440918,11.489999771118164,11.3100004196167,11.359999656677246,77300,2.3328161239624023,0.0,0.0
ADX,2002-10-31,11.399999618530273,11.449999809265137,11.260000228881836,11.369999885559082,75300,2.334869384765625,0.0,0.0
ADX,2002-11-01,11.369999885559082,11.510000228881836,11.260000228881836,11.5,66700,2.3615658283233643,0.0,0.0
ADX,2002-11-04,11.59000015258789,11.829999923706055,11.59000015258789,11.630000114440918,73300,2.3882601261138916,0.0,0.0
ADX,2002-11-05,11.539999961853027,11.670000076293945,11.539999961853027,11.670000076293945,53400,2.396475315093994,0.0,0.0
ADX,2002-11-06,11.770000457763672,11.789999961853027,11.619999885559082,11.710000038146973,74500,2.404688835144043,0.0,0.0
ADX,2002-11-07,11.670000076293945,11.670000076293945,11.359999656677246,11.399999618530273,55700,2.3410298824310303,0.0,0.0
ADX,2002-11-08,11.40999984741211,11.520000457763672,11.300000190734863,11.3100004196167,55300,2.322547435760498,0.0,0.0
ADX,2002-11-11,11.25,11.300000190734863,11.020000457763672,11.039999961853027,64700,2.2671029567718506,0.0,0.0
ADX,2002-11-12,11.079999923706055,11.270000457763672,11.079999923706055,11.180000305175781,91800,2.295851230621338,0.0,0.0
ADX,2002-11-13,11.029999732971191,11.270000457763672,11.020000457763672,11.09000015258789,72600,2.277371406555176,0.0,0.0
ADX,2002-11-14,11.239999771118164,11.350000381469727,11.229999542236328,11.319999694824219,54900,2.3246009349823,0.0,0.0
ADX,2002-11-15,11.279999732971191,11.399999618530273,11.25,11.399999618530273,66200,2.3410298824310303,0.0,0.0
ADX,2002-11-18,11.420000076293945,11.539999961853027,11.300000190734863,11.380000114440918,79700,2.3369226455688477,0.0,0.0
ADX,2002-11-19,11.380000114440918,11.399999618530273,11.260000228881836,11.279999732971191,58300,2.3163881301879883,0.0,0.0
ADX,2002-11-20,11.289999961853027,11.529999732971191,11.25,11.529999732971191,52900,2.3677263259887695,0.0,0.0
ADX,2002-11-21,11.050000190734863,11.399999618530273,11.050000190734863,11.199999809265137,99500,2.408585786819458,0.52,0.0
ADX,2002-11-22,11.149999618530273,11.220000267028809,11.039999961853027,11.09000015258789,150700,2.3849313259124756,0.0,0.0
ADX,2002-11-25,11.100000381469727,11.149999618530273,11.0,11.140000343322754,103300,2.3956832885742188,0.0,0.0
ADX,2002-11-26,11.149999618530273,11.149999618530273,10.989999771118164,10.989999771118164,83800,2.363424777984619,0.0,0.0
ADX,2002-11-27,10.970000267028809,11.239999771118164,10.970000267028809,11.239999771118164,93500,2.417187452316284,0.0,0.0
ADX,2002-11-29,11.229999542236328,11.260000228881836,11.149999618530273,11.149999618530273,18500,2.3978323936462402,0.0,0.0
ADX,2002-12-02,11.25,11.329999923706055,11.100000381469727,11.130000114440918,139600,2.3935329914093018,0.0,0.0
ADX,2002-12-03,11.199999809265137,11.199999809265137,10.989999771118164,11.0,112100,2.3655757904052734,0.0,0.0
ADX,2002-12-04,10.970000267028809,11.0600004196167,10.850000381469727,10.949999809265137,74300,2.3548219203948975,0.0,0.0
ADX,2002-12-05,10.979999542236328,11.09000015258789,10.779999732971191,10.84000015258789,105200,2.3311665058135986,0.0,0.0
ADX,2002-12-06,10.789999961853027,10.899999618530273,10.699999809265137,10.829999923706055,84900,2.329016923904419,0.0,0.0
ADX,2002-12-09,10.729999542236328,10.779999732971191,10.649999618530273,10.670000076293945,85900,2.2946085929870605,0.0,0.0
ADX,2002-12-10,10.6899995803833,10.850000381469727,10.6899995803833,10.84000015258789,103600,2.3311665058135986,0.0,0.0
ADX,2002-12-11,10.75,10.880000114440918,10.720000267028809,10.880000114440918,66400,2.339768648147583,0.0,0.0
ADX,2002-12-12,10.90999984741211,10.90999984741211,10.710000038146973,10.710000038146973,82700,2.303211212158203,0.0,0.0
ADX,2002-12-13,10.699999809265137,10.739999771118164,10.619999885559082,10.649999618530273,125400,2.2903072834014893,0.0,0.0
ADX,2002-12-16,10.630000114440918,10.789999961853027,10.609999656677246,10.720000267028809,154200,2.3053605556488037,0.0,0.0
ADX,2002-12-17,10.720000267028809,10.75,10.619999885559082,10.630000114440918,83400,2.286006212234497,0.0,0.0
ADX,2002-12-18,10.600000381469727,10.609999656677246,10.399999618530273,10.479999542236328,127900,2.2537481784820557,0.0,0.0
ADX,2002-12-19,10.420000076293945,10.579999923706055,10.300000190734863,10.359999656677246,145100,2.2279417514801025,0.0,0.0
ADX,2002-12-20,10.460000038146973,10.600000381469727,10.449999809265137,10.539999961853027,116800,2.2666518688201904,0.0,0.0
ADX,2002-12-23,10.5,10.649999618530273,10.5,10.539999961853027,147100,2.2666518688201904,0.0,0.0
ADX,2002-12-24,10.520000457763672,10.649999618530273,10.479999542236328,10.619999885559082,117400,2.283855438232422,0.0,0.0
ADX,2002-12-26,10.710000038146973,10.800000190734863,10.5,10.600000381469727,149200,2.279554605484009,0.0,0.0
ADX,2002-12-27,10.520000457763672,10.569999694824219,10.40999984741211,10.449999809265137,158000,2.247296094894409,0.0,0.0
ADX,2002-12-30,10.430000305175781,10.520000457763672,10.350000381469727,10.449999809265137,211700,2.247296094894409,0.0,0.0
ADX,2002-12-31,10.5,10.619999885559082,10.449999809265137,10.569999694824219,179600,2.273101568222046,0.0,0.0
ADX,2003-01-02,10.609999656677246,10.890000343322754,10.609999656677246,10.829999923706055,106900,2.329016923904419,0.0,0.0
ADX,2003-01-03,10.800000190734863,10.890000343322754,10.760000228881836,10.850000381469727,92300,2.333317279815674,0.0,0.0
ADX,2003-01-06,10.880000114440918,11.100000381469727,10.869999885559082,11.010000228881836,165000,2.3677265644073486,0.0,0.0
ADX,2003-01-07,11.079999923706055,11.140000343322754,10.949999809265137,11.010000228881836,134200,2.3677265644073486,0.0,0.0
ADX,2003-01-08,11.020000457763672,11.020000457763672,10.850000381469727,10.859999656677246,55600,2.335467576980591,0.0,0.0
ADX,2003-01-09,10.899999618530273,11.050000190734863,10.899999618530273,11.029999732971191,98300,2.3720264434814453,0.0,0.0
ADX,2003-01-10,10.930000305175781,11.119999885559082,10.899999618530273,11.029999732971191,98100,2.3720264434814453,0.0,0.0
ADX,2003-01-13,11.100000381469727,11.100000381469727,10.930000305175781,11.029999732971191,85600,2.3720264434814453,0.0,0.0
ADX,2003-01-14,11.029999732971191,11.140000343322754,10.930000305175781,11.029999732971191,140200,2.3720264434814453,0.0,0.0
ADX,2003-01-15,11.010000228881836,11.029999732971191,10.899999618530273,10.930000305175781,112100,2.35052227973938,0.0,0.0
ADX,2003-01-16,10.930000305175781,11.039999961853027,10.819999694824219,10.90999984741211,69700,2.346220016479492,0.0,0.0
ADX,2003-01-17,10.869999885559082,10.869999885559082,10.800000190734863,10.800000190734863,71500,2.3225646018981934,0.0,0.0
ADX,2003-01-21,10.800000190734863,10.890000343322754,10.75,10.75,112400,2.311812162399292,0.0,0.0
ADX,2003-01-22,10.760000228881836,10.869999885559082,10.720000267028809,10.720000267028809,94300,2.3053605556488037,0.0,0.0
ADX,2003-01-23,10.699999809265137,10.850000381469727,10.699999809265137,10.8100004196167,53200,2.3247153759002686,0.0,0.0
ADX,2003-01-24,10.899999618530273,10.899999618530273,10.5600004196167,10.600000381469727,120000,2.279554605484009,0.0,0.0
ADX,2003-01-27,10.5600004196167,10.640000343322754,10.430000305175781,10.5,135000,2.2580487728118896,0.0,0.0
ADX,2003-01-28,10.5,10.699999809265137,10.460000038146973,10.619999885559082,111000,2.283855438232422,0.0,0.0
ADX,2003-01-29,10.5,10.680000305175781,10.479999542236328,10.649999618530273,84400,2.2903072834014893,0.0,0.0
ADX,2003-01-30,10.630000114440918,10.640000343322754,10.460000038146973,10.460000038146973,74800,2.2494466304779053,0.0,0.0
ADX,2003-01-31,10.539999961853027,10.59000015258789,10.460000038146973,10.59000015258789,56500,2.2774033546447754,0.0,0.0
ADX,2003-02-03,10.640000343322754,10.649999618530273,10.600000381469727,10.640000343322754,33000,2.2881574630737305,0.0,0.0
ADX,2003-02-04,10.609999656677246,10.609999656677246,10.359999656677246,10.449999809265137,76900,2.247296094894409,0.0,0.0
ADX,2003-02-05,10.399999618530273,10.5600004196167,10.399999618530273,10.449999809265137,68600,2.247296094894409,0.0,0.0
ADX,2003-02-06,10.350000381469727,10.420000076293945,10.3100004196167,10.34000015258789,62100,2.223640203475952,0.0,0.0
ADX,2003-02-07,10.399999618530273,10.430000305175781,10.220000267028809,10.270000457763672,71000,2.2085862159729004,0.0,0.0
ADX,2003-02-10,10.25,10.270000457763672,10.130000114440918,10.220000267028809,76300,2.1978347301483154,0.0,0.0
ADX,2003-02-11,10.210000038146973,10.329999923706055,10.130000114440918,10.1899995803833,99400,2.1913833618164062,0.0,0.0
ADX,2003-02-12,10.140000343322754,10.210000038146973,10.050000190734863,10.100000381469727,52000,2.1720290184020996,0.0,0.0
ADX,2003-02-13,10.050000190734863,10.050000190734863,9.920000076293945,10.010000228881836,154500,2.1526737213134766,0.0,0.0
ADX,2003-02-14,9.960000038146973,10.069999694824219,9.899999618530273,10.039999961853027,81500,2.1699631214141846,0.05,0.0
ADX,2003-02-18,10.199999809265137,10.25,10.140000343322754,10.15999984741211,88100,2.195899724960327,0.0,0.0
ADX,2003-02-19,10.15999984741211,10.15999984741211,10.020000457763672,10.100000381469727,50900,2.1829323768615723,0.0,0.0
ADX,2003-02-20,10.180000305175781,10.1899995803833,10.039999961853027,10.050000190734863,58200,2.1721253395080566,0.0,0.0
ADX,2003-02-21,10.0,10.15999984741211,10.0,10.109999656677246,74600,2.1850929260253906,0.0,0.0
ADX,2003-02-24,10.039999961853027,10.079999923706055,9.960000038146973,9.970000267028809,85200,2.1548352241516113,0.0,0.0
ADX,2003-02-25,9.930000305175781,10.029999732971191,9.850000381469727,10.029999732971191,63100,2.1678028106689453,0.0,0.0
ADX,2003-02-26,10.010000228881836,10.079999923706055,9.960000038146973,10.0,73900,2.1613190174102783,0.0,0.0
ADX,2003-02-27,10.0,10.069999694824219,9.970000267028809,10.029999732971191,75300,2.1678028106689453,0.0,0.0
ADX,2003-02-28,10.100000381469727,10.140000343322754,10.0,10.050000190734863,41200,2.1721253395080566,0.0,0.0
ADX,2003-03-03,10.149999618530273,10.15999984741211,10.010000228881836,10.15999984741211,225900,2.195899724960327,0.0,0.0
ADX,2003-03-04,10.199999809265137,10.199999809265137,10.0600004196167,10.09000015258789,88100,2.1807706356048584,0.0,0.0
ADX,2003-03-05,10.09000015258789,10.09000015258789,10.020000457763672,10.039999961853027,47300,2.1699631214141846,0.0,0.0
ADX,2003-03-06,10.069999694824219,10.069999694824219,9.970000267028809,9.989999771118164,84900,2.1591570377349854,0.0,0.0
ADX,2003-03-07,9.949999809265137,10.079999923706055,9.899999618530273,10.079999923706055,72500,2.178609609603882,0.0,0.0
ADX,2003-03-10,9.979999542236328,10.039999961853027,9.800000190734863,9.8100004196167,112400,2.1202526092529297,0.0,0.0
ADX,2003-03-11,9.800000190734863,9.9399995803833,9.760000228881836,9.8100004196167,103200,2.1202526092529297,0.0,0.0
ADX,2003-03-12,9.8100004196167,9.819999694824219,9.710000038146973,9.789999961853027,81200,2.115931510925293,0.0,0.0
ADX,2003-03-13,9.850000381469727,10.069999694824219,9.850000381469727,10.069999694824219,1222800,2.176448106765747,0.0,0.0
ADX,2003-03-14,9.970000267028809,10.130000114440918,9.970000267028809,10.020000457763672,89300,2.1656415462493896,0.0,0.0
ADX,2003-03-17,9.979999542236328,10.279999732971191,9.949999809265137,10.270000457763672,172500,2.219674825668335,0.0,0.0
ADX,2003-03-18,10.270000457763672,10.329999923706055,10.220000267028809,10.260000228881836,86300,2.217512845993042,0.0,0.0
ADX,2003-03-19,10.300000190734863,10.34000015258789,10.229999542236328,10.3100004196167,94700,2.228318929672241,0.0,0.0
ADX,2003-03-20,10.239999771118164,10.420000076293945,10.180000305175781,10.34000015258789,71500,2.2348029613494873,0.0,0.0
ADX,2003-03-21,10.40999984741211,10.65999984741211,10.34000015258789,10.640000343322754,82800,2.2996432781219482,0.0,0.0
ADX,2003-03-24,10.5,10.5,10.25,10.300000190734863,88400,2.2261576652526855,0.0,0.0
ADX,2003-03-25,10.300000190734863,10.539999961853027,10.25,10.390000343322754,51200,2.2456107139587402,0.0,0.0
ADX,2003-03-26,10.390000343322754,10.399999618530273,10.270000457763672,10.3100004196167,71400,2.228318929672241,0.0,0.0
ADX,2003-03-27,10.300000190734863,10.350000381469727,10.220000267028809,10.260000228881836,46700,2.217512845993042,0.0,0.0
ADX,2003-03-28,10.229999542236328,10.329999923706055,10.229999542236328,10.270000457763672,80500,2.219674825668335,0.0,0.0
ADX,2003-03-31,10.25,10.25,10.100000381469727,10.140000343322754,91600,2.191577434539795,0.0,0.0
ADX,2003-04-01,10.199999809265137,10.25,10.149999618530273,10.1899995803833,98600,2.202383518218994,0.0,0.0
ADX,2003-04-02,10.329999923706055,10.479999542236328,10.329999923706055,10.460000038146973,71500,2.260739326477051,0.0,0.0
ADX,2003-04-03,10.479999542236328,10.479999542236328,10.369999885559082,10.369999885559082,42300,2.24128794670105,0.0,0.0
ADX,2003-04-04,10.369999885559082,10.479999542236328,10.369999885559082,10.460000038146973,74400,2.260739326477051,0.0,0.0
ADX,2003-04-07,10.619999885559082,10.760000228881836,10.5,10.5,90800,2.269385576248169,0.0,0.0
ADX,2003-04-08,10.5,10.520000457763672,10.380000114440918,10.520000457763672,60400,2.2737069129943848,0.0,0.0
ADX,2003-04-09,10.449999809265137,10.600000381469727,10.420000076293945,10.479999542236328,73900,2.2650625705718994,0.0,0.0
ADX,2003-04-10,10.470000267028809,10.489999771118164,10.369999885559082,10.460000038146973,29700,2.260739326477051,0.0,0.0
ADX,2003-04-11,10.510000228881836,10.579999923706055,10.369999885559082,10.579999923706055,98600,2.286674976348877,0.0,0.0
ADX,2003-04-14,10.4399995803833,10.59000015258789,10.4399995803833,10.550000190734863,48300,2.280191659927368,0.0,0.0
ADX,2003-04-15,10.529999732971191,10.739999771118164,10.529999732971191,10.619999885559082,66600,2.2953202724456787,0.0,0.0
ADX,2003-04-16,10.680000305175781,10.729999542236328,10.539999961853027,10.539999961853027,42600,2.278029441833496,0.0,0.0
ADX,2003-04-17,10.5600004196167,10.640000343322754,10.420000076293945,10.579999923706055,76300,2.286674976348877,0.0,0.0
ADX,2003-04-21,10.630000114440918,10.670000076293945,10.510000228881836,10.579999923706055,59900,2.286674976348877,0.0,0.0
ADX,2003-04-22,10.579999923706055,10.949999809265137,10.520000457763672,10.800000190734863,76700,2.3342244625091553,0.0,0.0
ADX,2003-04-23,10.84000015258789,10.850000381469727,10.75,10.84000015258789,64300,2.3428702354431152,0.0,0.0
ADX,2003-04-24,10.729999542236328,10.84000015258789,10.699999809265137,10.789999961853027,58000,2.3320624828338623,0.0,0.0
ADX,2003-04-25,10.699999809265137,10.739999771118164,10.619999885559082,10.670000076293945,52000,2.3061275482177734,0.0,0.0
ADX,2003-04-28,10.630000114440918,10.850000381469727,10.630000114440918,10.819999694824219,69800,2.3385462760925293,0.0,0.0
ADX,2003-04-29,10.880000114440918,10.890000343322754,10.800000190734863,10.800000190734863,58500,2.3342244625091553,0.0,0.0
ADX,2003-04-30,10.800000190734863,10.920000076293945,10.770000457763672,10.859999656677246,59600,2.3471922874450684,0.0,0.0
ADX,2003-05-01,10.800000190734863,10.930000305175781,10.710000038146973,10.869999885559082,66900,2.349353551864624,0.0,0.0
ADX,2003-05-02,10.880000114440918,11.079999923706055,10.869999885559082,11.020000457763672,87400,2.3817741870880127,0.0,0.0
ADX,2003-05-05,11.079999923706055,11.149999618530273,10.989999771118164,11.09000015258789,82600,2.3969030380249023,0.0,0.0
ADX,2003-05-06,11.15999984741211,11.270000457763672,11.100000381469727,11.140000343322754,95900,2.4077091217041016,0.0,0.0
ADX,2003-05-07,11.130000114440918,11.229999542236328,11.100000381469727,11.170000076293945,70200,2.414193630218506,0.0,0.0
ADX,2003-05-08,11.109999656677246,11.119999885559082,10.989999771118164,11.010000228881836,84400,2.3796114921569824,0.0,0.0
ADX,2003-05-09,11.020000457763672,11.170000076293945,11.020000457763672,11.100000381469727,75800,2.399064064025879,0.0,0.0
ADX,2003-05-12,11.079999923706055,11.279999732971191,11.0600004196167,11.25,64600,2.4314842224121094,0.0,0.0
ADX,2003-05-13,11.25,11.260000228881836,11.180000305175781,11.199999809265137,63500,2.42067813873291,0.0,0.0
ADX,2003-05-14,11.239999771118164,11.350000381469727,11.029999732971191,11.140000343322754,106800,2.418505907058716,0.05,0.0
ADX,2003-05-15,11.15999984741211,11.270000457763672,11.119999885559082,11.149999618530273,72000,2.420677423477173,0.0,0.0
ADX,2003-05-16,11.149999618530273,11.229999542236328,11.079999923706055,11.199999809265137,57700,2.431532621383667,0.0,0.0
ADX,2003-05-19,11.130000114440918,11.130000114440918,10.960000038146973,10.960000038146973,83200,2.379427671432495,0.0,0.0
ADX,2003-05-20,10.970000267028809,11.0600004196167,10.970000267028809,10.970000267028809,61500,2.381599187850952,0.0,0.0
ADX,2003-05-21,11.0,11.0600004196167,10.970000267028809,11.039999961853027,114600,2.396796464920044,0.0,0.0
ADX,2003-05-22,11.020000457763672,11.180000305175781,11.0,11.149999618530273,69900,2.420677423477173,0.0,0.0
ADX,2003-05-23,11.109999656677246,11.1899995803833,11.079999923706055,11.15999984741211,61600,2.4228479862213135,0.0,0.0
ADX,2003-05-27,11.15999984741211,11.420000076293945,11.109999656677246,11.40999984741211,80000,2.477123498916626,0.0,0.0
ADX,2003-05-28,11.4399995803833,11.479999542236328,11.329999923706055,11.369999885559082,55500,2.4684383869171143,0.0,0.0
ADX,2003-05-29,11.359999656677246,11.5,11.350000381469727,11.369999885559082,57600,2.4684383869171143,0.0,0.0
ADX,2003-05-30,11.350000381469727,11.5600004196167,11.350000381469727,11.550000190734863,52600,2.5075185298919678,0.0,0.0
ADX,2003-06-02,11.649999618530273,11.760000228881836,11.520000457763672,11.619999885559082,152100,2.522714614868164,0.0,0.0
ADX,2003-06-03,11.800000190734863,11.800000190734863,11.649999618530273,11.65999984741211,115000,2.5313985347747803,0.0,0.0
ADX,2003-06-04,11.600000381469727,11.949999809265137,11.600000381469727,11.84000015258789,72400,2.57047700881958,0.0,0.0
ADX,2003-06-05,11.84000015258789,11.890000343322754,11.729999542236328,11.84000015258789,90700,2.57047700881958,0.0,0.0
ADX,2003-06-06,11.84000015258789,12.0600004196167,11.84000015258789,11.859999656677246,100200,2.5748186111450195,0.0,0.0
ADX,2003-06-09,11.8100004196167,11.8100004196167,11.720000267028809,11.739999771118164,89100,2.548766613006592,0.0,0.0
ADX,2003-06-10,11.739999771118164,11.890000343322754,11.600000381469727,11.869999885559082,119700,2.5769896507263184,0.0,0.0
ADX,2003-06-11,11.859999656677246,11.979999542236328,11.829999923706055,11.970000267028809,66000,2.5986998081207275,0.0,0.0
ADX,2003-06-12,11.979999542236328,12.0,11.699999809265137,11.899999618530273,106600,2.583502769470215,0.0,0.0
ADX,2003-06-13,11.90999984741211,11.9399995803833,11.819999694824219,11.84000015258789,71100,2.57047700881958,0.0,0.0
ADX,2003-06-16,11.859999656677246,12.100000381469727,11.859999656677246,12.079999923706055,114100,2.622580051422119,0.0,0.0
ADX,2003-06-17,12.09000015258789,12.15999984741211,12.09000015258789,12.149999618530273,79400,2.637777805328369,0.0,0.0
ADX,2003-06-18,12.149999618530273,12.149999618530273,12.029999732971191,12.069999694824219,57900,2.6204092502593994,0.0,0.0
ADX,2003-06-19,12.050000190734863,12.100000381469727,11.9399995803833,11.960000038146973,59600,2.5965287685394287,0.0,0.0
ADX,2003-06-20,12.0,12.140000343322754,11.960000038146973,12.020000457763672,65700,2.6095550060272217,0.0,0.0
ADX,2003-06-23,11.970000267028809,12.010000228881836,11.800000190734863,11.899999618530273,107300,2.583502769470215,0.0,0.0
ADX,2003-06-24,11.829999923706055,11.960000038146973,11.819999694824219,11.9399995803833,66200,2.5921859741210938,0.0,0.0
ADX,2003-06-25,11.930000305175781,12.020000457763672,11.770000457763672,11.8100004196167,34400,2.563964366912842,0.0,0.0
ADX,2003-06-26,11.75,11.899999618530273,11.75,11.859999656677246,57300,2.5748186111450195,0.0,0.0
ADX,2003-06-27,11.8100004196167,11.920000076293945,11.8100004196167,11.819999694824219,63100,2.5661351680755615,0.0,0.0
ADX,2003-06-30,11.829999923706055,11.859999656677246,11.739999771118164,11.8100004196167,45700,2.563964366912842,0.0,0.0
ADX,2003-07-01,11.8100004196167,11.850000381469727,11.600000381469727,11.819999694824219,55500,2.5661351680755615,0.0,0.0
ADX,2003-07-02,11.819999694824219,11.920000076293945,11.819999694824219,11.869999885559082,76300,2.5769896507263184,0.0,0.0
ADX,2003-07-03,11.829999923706055,11.880000114440918,11.75,11.800000190734863,67800,2.561793327331543,0.0,0.0
ADX,2003-07-07,11.859999656677246,12.09000015258789,11.859999656677246,12.010000228881836,53800,2.607384443283081,0.0,0.0
ADX,2003-07-08,11.90999984741211,12.140000343322754,11.880000114440918,12.0600004196167,74700,2.6182398796081543,0.0,0.0
ADX,2003-07-09,11.960000038146973,12.09000015258789,11.829999923706055,11.949999809265137,106900,2.594357967376709,0.0,0.0
ADX,2003-07-10,11.880000114440918,11.890000343322754,11.75,11.8100004196167,68800,2.563964366912842,0.0,0.0
ADX,2003-07-11,11.819999694824219,11.970000267028809,11.819999694824219,11.84000015258789,40200,2.57047700881958,0.0,0.0
ADX,2003-07-14,11.979999542236328,12.09000015258789,11.9399995803833,11.9399995803833,101100,2.5921859741210938,0.0,0.0
ADX,2003-07-15,11.979999542236328,12.020000457763672,11.859999656677246,11.890000343322754,66900,2.5813307762145996,0.0,0.0
ADX,2003-07-16,11.9399995803833,11.970000267028809,11.770000457763672,11.8100004196167,44300,2.563964366912842,0.0,0.0
ADX,2003-07-17,11.760000228881836,11.850000381469727,11.699999809265137,11.739999771118164,99400,2.548766613006592,0.0,0.0
ADX,2003-07-18,11.789999961853027,11.9399995803833,11.729999542236328,11.869999885559082,65700,2.5769896507263184,0.0,0.0
ADX,2003-07-21,11.819999694824219,11.819999694824219,11.649999618530273,11.770000457763672,95600,2.5552799701690674,0.0,0.0
ADX,2003-07-22,11.760000228881836,11.930000305175781,11.75,11.90999984741211,70600,2.58567476272583,0.0,0.0
ADX,2003-07-23,11.84000015258789,11.890000343322754,11.75,11.84000015258789,38500,2.57047700881958,0.0,0.0
ADX,2003-07-24,11.869999885559082,11.989999771118164,11.84000015258789,11.84000015258789,47800,2.57047700881958,0.0,0.0
ADX,2003-07-25,11.899999618530273,12.039999961853027,11.850000381469727,12.0,55100,2.605213165283203,0.0,0.0
ADX,2003-07-28,12.0,12.050000190734863,11.9399995803833,11.960000038146973,79200,2.5965287685394287,0.0,0.0
ADX,2003-07-29,11.979999542236328,12.0,11.850000381469727,11.890000343322754,72000,2.5813307762145996,0.0,0.0
ADX,2003-07-30,11.949999809265137,11.949999809265137,11.859999656677246,11.920000076293945,70300,2.5878446102142334,0.0,0.0
ADX,2003-07-31,11.9399995803833,12.079999923706055,11.90999984741211,11.989999771118164,110100,2.6030426025390625,0.0,0.0
ADX,2003-08-01,11.970000267028809,11.970000267028809,11.779999732971191,11.829999923706055,69800,2.568305730819702,0.0,0.0
ADX,2003-08-04,11.800000190734863,11.880000114440918,11.670000076293945,11.859999656677246,47300,2.5748186111450195,0.0,0.0
ADX,2003-08-05,11.859999656677246,11.859999656677246,11.760000228881836,11.800000190734863,48300,2.561793327331543,0.0,0.0
ADX,2003-08-06,11.770000457763672,11.819999694824219,11.600000381469727,11.779999732971191,91700,2.557450532913208,0.0,0.0
ADX,2003-08-07,11.779999732971191,11.8100004196167,11.65999984741211,11.8100004196167,16300,2.563964366912842,0.0,0.0
ADX,2003-08-08,11.8100004196167,11.819999694824219,11.649999618530273,11.75,47800,2.550938367843628,0.0,0.0
ADX,2003-08-11,11.84000015258789,11.84000015258789,11.720000267028809,11.779999732971191,27600,2.557450532913208,0.0,0.0
ADX,2003-08-12,11.819999694824219,11.880000114440918,11.800000190734863,11.880000114440918,44600,2.5791616439819336,0.0,0.0
ADX,2003-08-13,11.779999732971191,11.930000305175781,11.779999732971191,11.8100004196167,34900,2.5748016834259033,0.05,0.0
ADX,2003-08-14,11.710000038146973,11.899999618530273,11.710000038146973,11.819999694824219,67400,2.5769808292388916,0.0,0.0
ADX,2003-08-15,11.829999923706055,11.859999656677246,11.789999961853027,11.8100004196167,25200,2.5748016834259033,0.0,0.0
ADX,2003-08-18,11.84000015258789,11.930000305175781,11.699999809265137,11.869999885559082,73600,2.5878820419311523,0.0,0.0
ADX,2003-08-19,11.90999984741211,11.979999542236328,11.869999885559082,11.899999618530273,68300,2.594421863555908,0.0,0.0
ADX,2003-08-20,11.880000114440918,12.0,11.869999885559082,11.960000038146973,54500,2.607503652572632,0.0,0.0
ADX,2003-08-21,12.0,12.079999923706055,11.960000038146973,11.989999771118164,56800,2.614043712615967,0.0,0.0
ADX,2003-08-22,12.069999694824219,12.119999885559082,11.90999984741211,11.949999809265137,42300,2.6053237915039062,0.0,0.0
ADX,2003-08-25,11.859999656677246,11.920000076293945,11.8100004196167,11.890000343322754,66800,2.592243194580078,0.0,0.0
ADX,2003-08-26,11.859999656677246,11.960000038146973,11.760000228881836,11.90999984741211,54900,2.596601724624634,0.0,0.0
ADX,2003-08-27,11.960000038146973,11.970000267028809,11.800000190734863,11.899999618530273,71500,2.594421863555908,0.0,0.0
ADX,2003-08-28,11.90999984741211,12.0,11.90999984741211,12.0,70000,2.6162242889404297,0.0,0.0
ADX,2003-08-29,11.949999809265137,12.0600004196167,11.949999809265137,12.0600004196167,40300,2.629305601119995,0.0,0.0
ADX,2003-09-02,12.119999885559082,12.220000267028809,12.010000228881836,12.180000305175781,66900,2.655466079711914,0.0,0.0
ADX,2003-09-03,12.289999961853027,12.329999923706055,12.199999809265137,12.210000038146973,139100,2.6620090007781982,0.0,0.0
ADX,2003-09-04,12.260000228881836,12.350000381469727,12.210000038146973,12.300000190734863,33300,2.681629180908203,0.0,0.0
ADX,2003-09-05,12.220000267028809,12.289999961853027,12.180000305175781,12.229999542236328,47100,2.666367292404175,0.0,0.0
ADX,2003-09-08,12.300000190734863,12.34000015258789,12.229999542236328,12.260000228881836,49700,2.6729092597961426,0.0,0.0
ADX,2003-09-09,12.260000228881836,12.270000457763672,12.119999885559082,12.119999885559082,32200,2.6423869132995605,0.0,0.0
ADX,2003-09-10,12.079999923706055,12.140000343322754,12.0,12.0,53600,2.6162242889404297,0.0,0.0
ADX,2003-09-11,12.010000228881836,12.109999656677246,12.010000228881836,12.029999732971191,55300,2.622765064239502,0.0,0.0
ADX,2003-09-12,12.0600004196167,12.130000114440918,11.960000038146973,12.100000381469727,40100,2.638025999069214,0.0,0.0
ADX,2003-09-15,12.100000381469727,12.149999618530273,11.960000038146973,11.979999542236328,57600,2.611863613128662,0.0,0.0
ADX,2003-09-16,12.020000457763672,12.149999618530273,12.0,12.119999885559082,61700,2.6423869132995605,0.0,0.0
ADX,2003-09-17,12.119999885559082,12.25,12.100000381469727,12.100000381469727,57500,2.638025999069214,0.0,0.0
ADX,2003-09-18,12.130000114440918,12.289999961853027,12.100000381469727,12.199999809265137,30100,2.659827947616577,0.0,0.0
ADX,2003-09-19,12.050000190734863,12.239999771118164,12.050000190734863,12.170000076293945,32100,2.6532864570617676,0.0,0.0
ADX,2003-09-22,12.09000015258789,12.130000114440918,11.979999542236328,12.029999732971191,90700,2.622765064239502,0.0,0.0
ADX,2003-09-23,12.130000114440918,12.180000305175781,12.039999961853027,12.170000076293945,49600,2.6532864570617676,0.0,0.0
ADX,2003-09-24,12.210000038146973,12.210000038146973,11.949999809265137,11.979999542236328,44200,2.611863613128662,0.0,0.0
ADX,2003-09-25,11.949999809265137,12.029999732971191,11.920000076293945,11.930000305175781,36800,2.600964069366455,0.0,0.0
ADX,2003-09-26,11.90999984741211,11.920000076293945,11.800000190734863,11.800000190734863,55000,2.572619915008545,0.0,0.0
ADX,2003-09-29,11.829999923706055,11.979999542236328,11.800000190734863,11.880000114440918,66400,2.590062379837036,0.0,0.0
ADX,2003-09-30,11.880000114440918,11.880000114440918,11.760000228881836,11.829999923706055,82900,2.5791611671447754,0.0,0.0
ADX,2003-10-01,11.899999618530273,12.020000457763672,11.800000190734863,12.0,101300,2.6162242889404297,0.0,0.0
ADX,2003-10-02,11.960000038146973,12.069999694824219,11.960000038146973,12.069999694824219,39300,2.631484031677246,0.0,0.0
ADX,2003-10-03,12.130000114440918,12.270000457763672,12.109999656677246,12.15999984741211,124900,2.651106595993042,0.0,0.0
ADX,2003-10-06,12.119999885559082,12.229999542236328,12.109999656677246,12.199999809265137,65100,2.659827947616577,0.0,0.0
ADX,2003-10-07,12.149999618530273,12.239999771118164,12.119999885559082,12.239999771118164,62100,2.668548107147217,0.0,0.0
ADX,2003-10-08,12.25,12.25,12.09000015258789,12.140000343322754,99300,2.64674711227417,0.0,0.0
ADX,2003-10-09,12.229999542236328,12.300000190734863,12.15999984741211,12.220000267028809,105400,2.664188861846924,0.0,0.0
ADX,2003-10-10,12.199999809265137,12.260000228881836,12.149999618530273,12.25,47300,2.6707282066345215,0.0,0.0
ADX,2003-10-13,12.199999809265137,12.350000381469727,12.199999809265137,12.279999732971191,87900,2.6772687435150146,0.0,0.0
ADX,2003-10-14,12.229999542236328,12.369999885559082,12.229999542236328,12.3100004196167,42000,2.683809518814087,0.0,0.0
ADX,2003-10-15,12.359999656677246,12.380000114440918,12.279999732971191,12.289999961853027,71600,2.6794497966766357,0.0,0.0
ADX,2003-10-16,12.390000343322754,12.390000343322754,12.260000228881836,12.359999656677246,113300,2.6947109699249268,0.0,0.0
ADX,2003-10-17,12.300000190734863,12.34000015258789,12.220000267028809,12.279999732971191,39600,2.6772687435150146,0.0,0.0
ADX,2003-10-20,12.319999694824219,12.34000015258789,12.220000267028809,12.3100004196167,44600,2.683809518814087,0.0,0.0
ADX,2003-10-21,12.260000228881836,12.34000015258789,12.260000228881836,12.300000190734863,65000,2.681629180908203,0.0,0.0
ADX,2003-10-22,12.199999809265137,12.220000267028809,12.09000015258789,12.140000343322754,149500,2.64674711227417,0.0,0.0
ADX,2003-10-23,12.100000381469727,12.199999809265137,12.020000457763672,12.130000114440918,130100,2.644566297531128,0.0,0.0
ADX,2003-10-24,12.0600004196167,12.149999618530273,12.039999961853027,12.109999656677246,108100,2.640204668045044,0.0,0.0
ADX,2003-10-27,12.199999809265137,12.270000457763672,12.170000076293945,12.199999809265137,64100,2.659827947616577,0.0,0.0
ADX,2003-10-28,12.199999809265137,12.329999923706055,12.199999809265137,12.329999923706055,65600,2.6881701946258545,0.0,0.0
ADX,2003-10-29,12.3100004196167,12.399999618530273,12.279999732971191,12.369999885559082,63700,2.6968905925750732,0.0,0.0
ADX,2003-10-30,12.420000076293945,12.5,12.3100004196167,12.3100004196167,82200,2.683809518814087,0.0,0.0
ADX,2003-10-31,12.350000381469727,12.4399995803833,12.350000381469727,12.399999618530273,37100,2.7034308910369873,0.0,0.0
ADX,2003-11-03,12.369999885559082,12.510000228881836,12.369999885559082,12.4399995803833,53600,2.7121527194976807,0.0,0.0
ADX,2003-11-04,12.449999809265137,12.539999961853027,12.359999656677246,12.520000457763672,100200,2.729593515396118,0.0,0.0
ADX,2003-11-05,12.449999809265137,12.489999771118164,12.350000381469727,12.4399995803833,46000,2.7121527194976807,0.0,0.0
ADX,2003-11-06,12.5,12.510000228881836,12.369999885559082,12.460000038146973,60700,2.716513156890869,0.0,0.0
ADX,2003-11-07,12.529999732971191,12.619999885559082,12.449999809265137,12.449999809265137,73000,2.714332342147827,0.0,0.0
ADX,2003-11-10,12.40999984741211,12.470000267028809,12.380000114440918,12.399999618530273,49800,2.7034308910369873,0.0,0.0
ADX,2003-11-11,12.399999618530273,12.510000228881836,12.34000015258789,12.5,134700,2.725233316421509,0.0,0.0
ADX,2003-11-12,12.449999809265137,12.699999809265137,12.449999809265137,12.699999809265137,81800,2.7688374519348145,0.0,0.0
ADX,2003-11-13,12.699999809265137,12.699999809265137,12.600000381469727,12.65999984741211,74100,2.7601163387298584,0.0,0.0
ADX,2003-11-14,12.699999809265137,12.75,12.630000114440918,12.65999984741211,73200,2.7601163387298584,0.0,0.0
ADX,2003-11-17,12.640000343322754,12.65999984741211,12.5,12.59000015258789,96900,2.744854688644409,0.0,0.0
ADX,2003-11-18,12.5600004196167,12.649999618530273,12.529999732971191,12.569999694824219,74800,2.7404937744140625,0.0,0.0
ADX,2003-11-19,12.569999694824219,12.699999809265137,12.550000190734863,12.699999809265137,91400,2.7688374519348145,0.0,0.0
ADX,2003-11-20,12.25,12.25,11.949999809265137,12.020000457763672,116800,2.7573673725128174,0.63,0.0
ADX,2003-11-21,12.020000457763672,12.0600004196167,11.649999618530273,11.850000381469727,126000,2.7183709144592285,0.0,0.0
ADX,2003-11-24,11.949999809265137,12.010000228881836,11.899999618530273,11.979999542236328,102600,2.7481913566589355,0.0,0.0
ADX,2003-11-25,12.010000228881836,12.050000190734863,11.920000076293945,12.010000228881836,97800,2.755072832107544,0.0,0.0
ADX,2003-11-26,12.050000190734863,12.109999656677246,11.979999542236328,12.020000457763672,84900,2.7573673725128174,0.0,0.0
ADX,2003-11-28,12.050000190734863,12.0600004196167,11.979999542236328,12.0600004196167,72600,2.7665445804595947,0.0,0.0
ADX,2003-12-01,12.100000381469727,12.1899995803833,12.069999694824219,12.149999618530273,139400,2.787188768386841,0.0,0.0
ADX,2003-12-02,12.119999885559082,12.1899995803833,12.09000015258789,12.100000381469727,85100,2.7757198810577393,0.0,0.0
ADX,2003-12-03,12.199999809265137,12.229999542236328,12.119999885559082,12.119999885559082,45600,2.780306577682495,0.0,0.0
ADX,2003-12-04,12.100000381469727,12.199999809265137,12.069999694824219,12.130000114440918,76800,2.782602310180664,0.0,0.0
ADX,2003-12-05,12.149999618530273,12.149999618530273,12.029999732971191,12.069999694824219,69400,2.7688376903533936,0.0,0.0
ADX,2003-12-08,12.0600004196167,12.130000114440918,12.050000190734863,12.109999656677246,76300,2.77801251411438,0.0,0.0
ADX,2003-12-09,12.119999885559082,12.149999618530273,12.050000190734863,12.050000190734863,94500,2.764248847961426,0.0,0.0
ADX,2003-12-10,12.050000190734863,12.100000381469727,12.0,12.029999732971191,96500,2.7596611976623535,0.0,0.0
ADX,2003-12-11,12.0,12.130000114440918,12.0,12.100000381469727,113000,2.7757198810577393,0.0,0.0
ADX,2003-12-12,12.100000381469727,12.199999809265137,12.0600004196167,12.170000076293945,66600,2.7917773723602295,0.0,0.0
ADX,2003-12-15,12.170000076293945,12.25,12.100000381469727,12.140000343322754,94000,2.7848949432373047,0.0,0.0
ADX,2003-12-16,12.170000076293945,12.170000076293945,12.050000190734863,12.119999885559082,82300,2.780306577682495,0.0,0.0
ADX,2003-12-17,12.069999694824219,12.1899995803833,12.069999694824219,12.119999885559082,69900,2.780306577682495,0.0,0.0
ADX,2003-12-18,12.119999885559082,12.279999732971191,12.119999885559082,12.25,73400,2.8101282119750977,0.0,0.0
ADX,2003-12-19,12.220000267028809,12.319999694824219,12.180000305175781,12.239999771118164,80000,2.8078343868255615,0.0,0.0
ADX,2003-12-22,12.170000076293945,12.329999923706055,12.170000076293945,12.260000228881836,96300,2.812422752380371,0.0,0.0
ADX,2003-12-23,12.220000267028809,12.329999923706055,12.220000267028809,12.3100004196167,87400,2.8238918781280518,0.0,0.0
ADX,2003-12-24,12.25,12.350000381469727,12.25,12.329999923706055,41700,2.828479766845703,0.0,0.0
ADX,2003-12-26,12.350000381469727,12.390000343322754,12.3100004196167,12.350000381469727,32400,2.833068370819092,0.0,0.0
ADX,2003-12-29,12.319999694824219,12.520000457763672,12.319999694824219,12.479999542236328,139100,2.8628900051116943,0.0,0.0
ADX,2003-12-30,12.40999984741211,12.449999809265137,12.34000015258789,12.399999618530273,276700,2.844538688659668,0.0,0.0
ADX,2003-12-31,12.399999618530273,12.449999809265137,12.34000015258789,12.40999984741211,159200,2.8468306064605713,0.0,0.0
ADX,2004-01-02,12.4399995803833,12.489999771118164,12.34000015258789,12.34000015258789,123000,2.8307740688323975,0.0,0.0
ADX,2004-01-05,12.479999542236328,12.529999732971191,12.40999984741211,12.520000457763672,144500,2.8720672130584717,0.0,0.0
ADX,2004-01-06,12.479999542236328,12.600000381469727,12.479999542236328,12.600000381469727,84400,2.8904197216033936,0.0,0.0
ADX,2004-01-07,12.5600004196167,12.600000381469727,12.510000228881836,12.550000190734863,90500,2.8789477348327637,0.0,0.0
ADX,2004-01-08,12.600000381469727,12.680000305175781,12.579999923706055,12.649999618530273,84700,2.901888608932495,0.0,0.0
ADX,2004-01-09,12.59000015258789,12.6899995803833,12.5600004196167,12.569999694824219,110400,2.883535861968994,0.0,0.0
ADX,2004-01-12,12.5600004196167,12.649999618530273,12.529999732971191,12.630000114440918,106700,2.897298574447632,0.0,0.0
ADX,2004-01-13,12.609999656677246,12.6899995803833,12.520000457763672,12.5600004196167,176000,2.8812437057495117,0.0,0.0
ADX,2004-01-14,12.649999618530273,12.6899995803833,12.59000015258789,12.680000305175781,106800,2.9087700843811035,0.0,0.0
ADX,2004-01-15,12.710000038146973,12.789999961853027,12.649999618530273,12.739999771118164,134300,2.9225339889526367,0.0,0.0
ADX,2004-01-16,13.710000038146973,13.710000038146973,12.720000267028809,12.789999961853027,94500,2.9340038299560547,0.0,0.0
ADX,2004-01-20,12.869999885559082,12.880000114440918,12.760000228881836,12.859999656677246,92400,2.9500620365142822,0.0,0.0
ADX,2004-01-21,12.869999885559082,12.899999618530273,12.760000228881836,12.869999885559082,148400,2.9523558616638184,0.0,0.0
ADX,2004-01-22,12.880000114440918,12.930000305175781,12.850000381469727,12.890000343322754,104700,2.9569435119628906,0.0,0.0
ADX,2004-01-23,12.899999618530273,12.960000038146973,12.829999923706055,12.850000381469727,116400,2.9477672576904297,0.0,0.0
ADX,2004-01-26,12.829999923706055,12.970000267028809,12.829999923706055,12.970000267028809,122400,2.975294828414917,0.0,0.0
ADX,2004-01-27,12.920000076293945,12.960000038146973,12.850000381469727,12.880000114440918,88800,2.954650640487671,0.0,0.0
ADX,2004-01-28,12.949999809265137,12.949999809265137,12.800000190734863,12.819999694824219,94400,2.9408864974975586,0.0,0.0
ADX,2004-01-29,12.819999694824219,12.850000381469727,12.75,12.8100004196167,65700,2.938591480255127,0.0,0.0
ADX,2004-01-30,12.829999923706055,12.829999923706055,12.75,12.819999694824219,100800,2.9408864974975586,0.0,0.0
ADX,2004-02-02,12.75,12.949999809265137,12.75,12.850000381469727,86300,2.9477672576904297,0.0,0.0
ADX,2004-02-03,12.770000457763672,12.9399995803833,12.770000457763672,12.880000114440918,88500,2.954650640487671,0.0,0.0
ADX,2004-02-04,12.890000343322754,12.920000076293945,12.779999732971191,12.8100004196167,127400,2.938591480255127,0.0,0.0
ADX,2004-02-05,12.75,12.890000343322754,12.75,12.869999885559082,99600,2.9523558616638184,0.0,0.0
ADX,2004-02-06,12.869999885559082,12.960000038146973,12.819999694824219,12.930000305175781,112300,2.966120481491089,0.0,0.0
ADX,2004-02-09,12.930000305175781,13.050000190734863,12.880000114440918,13.0,117100,2.982177257537842,0.0,0.0
ADX,2004-02-10,12.979999542236328,13.079999923706055,12.899999618530273,13.039999961853027,86900,2.9913525581359863,0.0,0.0
ADX,2004-02-11,13.039999961853027,13.1899995803833,13.0,13.1899995803833,96000,3.025763511657715,0.0,0.0
ADX,2004-02-12,13.029999732971191,13.109999656677246,13.029999732971191,13.069999694824219,73600,3.0096442699432373,0.05,0.0
ADX,2004-02-13,13.079999923706055,13.140000343322754,12.989999771118164,12.989999771118164,54700,2.991222381591797,0.0,0.0
ADX,2004-02-17,12.989999771118164,13.1899995803833,12.989999771118164,13.130000114440918,84400,3.0234601497650146,0.0,0.0
ADX,2004-02-18,13.100000381469727,13.15999984741211,13.09000015258789,13.119999885559082,55800,3.021157741546631,0.0,0.0
ADX,2004-02-19,13.170000076293945,13.180000305175781,13.069999694824219,13.119999885559082,58800,3.021157741546631,0.0,0.0
ADX,2004-02-20,13.130000114440918,13.130000114440918,12.989999771118164,13.010000228881836,60000,2.9958279132843018,0.0,0.0
ADX,2004-02-23,13.010000228881836,13.100000381469727,12.960000038146973,12.960000038146973,95200,2.9843130111694336,0.0,0.0
ADX,2004-02-24,12.949999809265137,13.0,12.90999984741211,12.979999542236328,40100,2.988919734954834,0.0,0.0
ADX,2004-02-25,12.979999542236328,13.050000190734863,12.930000305175781,12.949999809265137,49300,2.982011079788208,0.0,0.0
ADX,2004-02-26,12.920000076293945,13.050000190734863,12.859999656677246,13.050000190734863,50500,3.005038022994995,0.0,0.0
ADX,2004-02-27,13.050000190734863,13.079999923706055,12.970000267028809,13.020000457763672,46400,2.9981303215026855,0.0,0.0
ADX,2004-03-01,13.050000190734863,13.149999618530273,13.020000457763672,13.109999656677246,98600,3.0188543796539307,0.0,0.0
ADX,2004-03-02,13.119999885559082,13.119999885559082,13.069999694824219,13.119999885559082,105300,3.021157741546631,0.0,0.0
ADX,2004-03-03,13.069999694824219,13.119999885559082,13.0,13.119999885559082,97500,3.021157741546631,0.0,0.0
ADX,2004-03-04,13.119999885559082,13.1899995803833,13.0600004196167,13.1899995803833,40900,3.0372767448425293,0.0,0.0
ADX,2004-03-05,13.170000076293945,13.239999771118164,13.100000381469727,13.119999885559082,93000,3.021157741546631,0.0,0.0
ADX,2004-03-08,13.180000305175781,13.239999771118164,13.100000381469727,13.100000381469727,77900,3.0165529251098633,0.0,0.0
ADX,2004-03-09,13.0600004196167,13.100000381469727,13.050000190734863,13.079999923706055,81200,3.0119471549987793,0.0,0.0
ADX,2004-03-10,13.010000228881836,13.079999923706055,12.930000305175781,12.930000305175781,125700,2.9774069786071777,0.0,0.0
ADX,2004-03-11,12.84000015258789,12.930000305175781,12.770000457763672,12.84000015258789,91400,2.9566824436187744,0.0,0.0
ADX,2004-03-12,12.779999732971191,12.920000076293945,12.760000228881836,12.920000076293945,47300,2.9751033782958984,0.0,0.0
ADX,2004-03-15,12.800000190734863,12.84000015258789,12.619999885559082,12.640000343322754,123700,2.9106266498565674,0.0,0.0
ADX,2004-03-16,12.6899995803833,12.800000190734863,12.619999885559082,12.699999809265137,62200,2.9244425296783447,0.0,0.0
ADX,2004-03-17,12.720000267028809,12.829999923706055,12.720000267028809,12.789999961853027,52500,2.9451680183410645,0.0,0.0
ADX,2004-03-18,12.779999732971191,12.800000190734863,12.699999809265137,12.75,33800,2.935957670211792,0.0,0.0
ADX,2004-03-19,12.789999961853027,12.800000190734863,12.699999809265137,12.699999809265137,44100,2.9244425296783447,0.0,0.0
ADX,2004-03-22,12.619999885559082,12.619999885559082,12.5,12.5600004196167,125600,2.892207145690918,0.0,0.0
ADX,2004-03-23,12.520000457763672,12.579999923706055,12.5,12.510000228881836,89100,2.8806934356689453,0.0,0.0
ADX,2004-03-24,12.430000305175781,12.489999771118164,12.399999618530273,12.399999618530273,101600,2.8553624153137207,0.0,0.0
ADX,2004-03-25,12.399999618530273,12.59000015258789,12.399999618530273,12.579999923706055,85900,2.896810531616211,0.0,0.0
ADX,2004-03-26,12.550000190734863,12.59000015258789,12.460000038146973,12.5600004196167,72500,2.892207145690918,0.0,0.0
ADX,2004-03-29,12.600000381469727,12.710000038146973,12.600000381469727,12.640000343322754,56300,2.9106266498565674,0.0,0.0
ADX,2004-03-30,12.609999656677246,12.710000038146973,12.609999656677246,12.680000305175781,40900,2.9198384284973145,0.0,0.0
ADX,2004-03-31,12.710000038146973,12.720000267028809,12.619999885559082,12.680000305175781,65100,2.9198384284973145,0.0,0.0
ADX,2004-04-01,12.65999984741211,12.760000228881836,12.65999984741211,12.739999771118164,49300,2.933654546737671,0.0,0.0
ADX,2004-04-02,12.899999618530273,12.920000076293945,12.770000457763672,12.84000015258789,81600,2.9566824436187744,0.0,0.0
ADX,2004-04-05,12.8100004196167,12.970000267028809,12.8100004196167,12.960000038146973,80100,2.9843130111694336,0.0,0.0
ADX,2004-04-06,12.9399995803833,12.9399995803833,12.680000305175781,12.869999885559082,86300,2.963590383529663,0.0,0.0
ADX,2004-04-07,12.850000381469727,12.899999618530273,12.760000228881836,12.850000381469727,50000,2.958983898162842,0.0,0.0
ADX,2004-04-08,12.899999618530273,12.9399995803833,12.760000228881836,12.800000190734863,48900,2.9474711418151855,0.0,0.0
ADX,2004-04-12,12.859999656677246,12.930000305175781,12.859999656677246,12.899999618530273,84700,2.97049880027771,0.0,0.0
ADX,2004-04-13,12.890000343322754,12.930000305175781,12.8100004196167,12.829999923706055,64500,2.954378843307495,0.0,0.0
ADX,2004-04-14,12.75,12.859999656677246,12.699999809265137,12.729999542236328,48000,2.931352376937866,0.0,0.0
ADX,2004-04-15,12.770000457763672,12.8100004196167,12.649999618530273,12.720000267028809,51300,2.929048776626587,0.0,0.0
ADX,2004-04-16,12.760000228881836,12.819999694824219,12.720000267028809,12.8100004196167,40600,2.9497733116149902,0.0,0.0
ADX,2004-04-19,12.829999923706055,12.899999618530273,12.760000228881836,12.850000381469727,79100,2.958983898162842,0.0,0.0
ADX,2004-04-20,12.850000381469727,12.930000305175781,12.819999694824219,12.819999694824219,104500,2.9520773887634277,0.0,0.0
ADX,2004-04-21,12.829999923706055,12.829999923706055,12.720000267028809,12.829999923706055,76600,2.954378843307495,0.0,0.0
ADX,2004-04-22,12.819999694824219,12.949999809265137,12.770000457763672,12.890000343322754,57600,2.9681951999664307,0.0,0.0
ADX,2004-04-23,12.899999618530273,12.920000076293945,12.829999923706055,12.899999618530273,53400,2.97049880027771,0.0,0.0
ADX,2004-04-26,12.880000114440918,12.949999809265137,12.739999771118164,12.819999694824219,69500,2.9520773887634277,0.0,0.0
ADX,2004-04-27,12.850000381469727,12.9399995803833,12.829999923706055,12.90999984741211,48800,2.97280216217041,0.0,0.0
ADX,2004-04-28,12.90999984741211,12.90999984741211,12.720000267028809,12.720000267028809,57200,2.929048776626587,0.0,0.0
ADX,2004-04-29,12.699999809265137,12.770000457763672,12.550000190734863,12.579999923706055,54000,2.896810531616211,0.0,0.0
ADX,2004-04-30,12.609999656677246,12.6899995803833,12.550000190734863,12.5600004196167,33300,2.892207145690918,0.0,0.0
ADX,2004-05-03,12.550000190734863,12.670000076293945,12.550000190734863,12.619999885559082,38200,2.9060215950012207,0.0,0.0
ADX,2004-05-04,12.600000381469727,12.670000076293945,12.510000228881836,12.640000343322754,59800,2.9106266498565674,0.0,0.0
ADX,2004-05-05,12.600000381469727,12.65999984741211,12.539999961853027,12.649999618530273,53700,2.912930727005005,0.0,0.0
ADX,2004-05-06,12.619999885559082,12.619999885559082,12.510000228881836,12.59000015258789,30300,2.899113893508911,0.0,0.0
ADX,2004-05-07,12.510000228881836,12.5600004196167,12.449999809265137,12.460000038146973,80100,2.8691790103912354,0.0,0.0
ADX,2004-05-10,12.390000343322754,12.390000343322754,12.0,12.220000267028809,111800,2.8139142990112305,0.0,0.0
ADX,2004-05-11,12.270000457763672,12.359999656677246,12.100000381469727,12.170000076293945,94100,2.802400588989258,0.0,0.0
ADX,2004-05-12,12.180000305175781,12.399999618530273,12.039999961853027,12.399999618530273,87600,2.8553624153137207,0.0,0.0
ADX,2004-05-13,12.25,12.34000015258789,12.130000114440918,12.199999809265137,94400,2.8206827640533447,0.05,0.0
ADX,2004-05-14,12.180000305175781,12.260000228881836,12.130000114440918,12.170000076293945,53900,2.8137457370758057,0.0,0.0
ADX,2004-05-17,12.069999694824219,12.149999618530273,11.960000038146973,12.069999694824219,50100,2.79062557220459,0.0,0.0
ADX,2004-05-18,12.039999961853027,12.149999618530273,12.039999961853027,12.079999923706055,29500,2.7929365634918213,0.0,0.0
ADX,2004-05-19,12.149999618530273,12.220000267028809,12.079999923706055,12.079999923706055,73100,2.7929365634918213,0.0,0.0
ADX,2004-05-20,12.039999961853027,12.100000381469727,12.0,12.0600004196167,92400,2.7883145809173584,0.0,0.0
ADX,2004-05-21,12.069999694824219,12.130000114440918,12.020000457763672,12.069999694824219,58600,2.79062557220459,0.0,0.0
ADX,2004-05-24,12.130000114440918,12.1899995803833,12.100000381469727,12.119999885559082,52900,2.802185297012329,0.0,0.0
ADX,2004-05-25,12.109999656677246,12.279999732971191,12.079999923706055,12.239999771118164,60600,2.8299295902252197,0.0,0.0
ADX,2004-05-26,12.300000190734863,12.300000190734863,12.210000038146973,12.25,67700,2.832242012023926,0.0,0.0
ADX,2004-05-27,12.279999732971191,12.350000381469727,12.270000457763672,12.3100004196167,40600,2.8461129665374756,0.0,0.0
ADX,2004-05-28,12.300000190734863,12.390000343322754,12.260000228881836,12.329999923706055,88200,2.850738763809204,0.0,0.0
ADX,2004-06-01,12.300000190734863,12.380000114440918,12.270000457763672,12.350000381469727,147200,2.8553619384765625,0.0,0.0
ADX,2004-06-02,12.380000114440918,12.449999809265137,12.350000381469727,12.420000076293945,55200,2.8715460300445557,0.0,0.0
ADX,2004-06-03,12.40999984741211,12.460000038146973,12.369999885559082,12.369999885559082,37300,2.8599853515625,0.0,0.0
ADX,2004-06-04,12.430000305175781,12.520000457763672,12.430000305175781,12.470000267028809,48900,2.8831074237823486,0.0,0.0
ADX,2004-06-07,12.479999542236328,12.600000381469727,12.479999542236328,12.600000381469727,77300,2.9131646156311035,0.0,0.0
ADX,2004-06-08,12.550000190734863,12.65999984741211,12.550000190734863,12.59000015258789,83200,2.9108524322509766,0.0,0.0
ADX,2004-06-09,12.59000015258789,12.59000015258789,12.460000038146973,12.479999542236328,40400,2.8854196071624756,0.0,0.0
ADX,2004-06-10,12.5,12.609999656677246,12.5,12.5600004196167,59200,2.903916597366333,0.0,0.0
ADX,2004-06-14,12.529999732971191,12.529999732971191,12.399999618530273,12.420000076293945,64000,2.8715460300445557,0.0,0.0
ADX,2004-06-15,12.489999771118164,12.539999961853027,12.4399995803833,12.489999771118164,48300,2.8877294063568115,0.0,0.0
ADX,2004-06-16,12.449999809265137,12.539999961853027,12.4399995803833,12.529999732971191,36900,2.8969788551330566,0.0,0.0
ADX,2004-06-17,12.5,12.5600004196167,12.420000076293945,12.5600004196167,73000,2.903916597366333,0.0,0.0
ADX,2004-06-18,12.449999809265137,12.619999885559082,12.449999809265137,12.609999656677246,54700,2.915475606918335,0.0,0.0
ADX,2004-06-21,12.529999732971191,12.619999885559082,12.529999732971191,12.579999923706055,53600,2.9085397720336914,0.0,0.0
ADX,2004-06-22,12.529999732971191,12.59000015258789,12.470000267028809,12.569999694824219,63300,2.9062283039093018,0.0,0.0
ADX,2004-06-23,12.579999923706055,12.649999618530273,12.550000190734863,12.649999618530273,63400,2.9247233867645264,0.0,0.0
ADX,2004-06-24,12.65999984741211,12.699999809265137,12.649999618530273,12.680000305175781,25400,2.931658983230591,0.0,0.0
ADX,2004-06-25,12.670000076293945,12.710000038146973,12.670000076293945,12.710000038146973,48100,2.93859601020813,0.0,0.0
ADX,2004-06-28,12.680000305175781,12.720000267028809,12.579999923706055,12.609999656677246,71100,2.915475606918335,0.0,0.0
ADX,2004-06-29,12.600000381469727,12.729999542236328,12.600000381469727,12.699999809265137,58600,2.936282157897949,0.0,0.0
ADX,2004-06-30,12.680000305175781,12.739999771118164,12.680000305175781,12.720000267028809,40600,2.9409079551696777,0.0,0.0
ADX,2004-07-01,12.720000267028809,12.720000267028809,12.609999656677246,12.630000114440918,73100,2.920098304748535,0.0,0.0
ADX,2004-07-02,12.630000114440918,12.6899995803833,12.579999923706055,12.640000343322754,43300,2.9224112033843994,0.0,0.0
ADX,2004-07-06,12.630000114440918,12.630000114440918,12.520000457763672,12.550000190734863,65800,2.9016029834747314,0.0,0.0
ADX,2004-07-07,12.579999923706055,12.579999923706055,12.510000228881836,12.550000190734863,29200,2.9016029834747314,0.0,0.0
ADX,2004-07-08,12.539999961853027,12.579999923706055,12.489999771118164,12.489999771118164,48800,2.8877294063568115,0.0,0.0
ADX,2004-07-09,12.460000038146973,12.550000190734863,12.449999809265137,12.489999771118164,48200,2.8877294063568115,0.0,0.0
ADX,2004-07-12,12.539999961853027,12.550000190734863,12.430000305175781,12.539999961853027,47100,2.8992903232574463,0.0,0.0
ADX,2004-07-13,12.539999961853027,12.569999694824219,12.5,12.5,43000,2.8900437355041504,0.0,0.0
ADX,2004-07-14,12.399999618530273,12.59000015258789,12.380000114440918,12.4399995803833,57800,2.8761701583862305,0.0,0.0
ADX,2004-07-15,12.40999984741211,12.510000228881836,12.399999618530273,12.40999984741211,54100,2.869234800338745,0.0,0.0
ADX,2004-07-16,12.5,12.5,12.350000381469727,12.350000381469727,76300,2.8553619384765625,0.0,0.0
ADX,2004-07-19,12.350000381469727,12.390000343322754,12.260000228881836,12.369999885559082,47000,2.8599853515625,0.0,0.0
ADX,2004-07-20,12.350000381469727,12.460000038146973,12.329999923706055,12.449999809265137,58400,2.878483772277832,0.0,0.0
ADX,2004-07-21,12.520000457763672,12.5600004196167,12.359999656677246,12.390000343322754,113000,2.864610433578491,0.0,0.0
ADX,2004-07-22,12.380000114440918,12.399999618530273,12.270000457763672,12.359999656677246,63000,2.8576748371124268,0.0,0.0
ADX,2004-07-23,12.369999885559082,12.369999885559082,12.229999542236328,12.270000457763672,66400,2.836866855621338,0.0,0.0
ADX,2004-07-26,12.239999771118164,12.279999732971191,12.210000038146973,12.279999732971191,49100,2.8391780853271484,0.0,0.0
ADX,2004-07-27,12.319999694824219,12.350000381469727,12.25,12.34000015258789,63800,2.853050708770752,0.0,0.0
ADX,2004-07-28,12.319999694824219,12.359999656677246,12.239999771118164,12.25,111100,2.832242012023926,0.0,0.0
ADX,2004-07-29,12.329999923706055,12.420000076293945,12.25,12.390000343322754,69100,2.864610433578491,0.0,0.0
ADX,2004-07-30,12.350000381469727,12.4399995803833,12.34000015258789,12.420000076293945,48900,2.8715460300445557,0.0,0.0
ADX,2004-08-02,12.420000076293945,12.460000038146973,12.350000381469727,12.449999809265137,47700,2.878483772277832,0.0,0.0
ADX,2004-08-03,12.420000076293945,12.430000305175781,12.390000343322754,12.40999984741211,42400,2.869234800338745,0.0,0.0
ADX,2004-08-04,12.420000076293945,12.460000038146973,12.350000381469727,12.350000381469727,61000,2.8553619384765625,0.0,0.0
ADX,2004-08-05,12.380000114440918,12.449999809265137,12.300000190734863,12.3100004196167,69200,2.8461129665374756,0.0,0.0
ADX,2004-08-06,12.260000228881836,12.270000457763672,12.149999618530273,12.180000305175781,120700,2.8160579204559326,0.0,0.0
ADX,2004-08-09,12.279999732971191,12.279999732971191,12.15999984741211,12.15999984741211,64900,2.811433792114258,0.0,0.0
ADX,2004-08-10,12.15999984741211,12.289999961853027,12.15999984741211,12.260000228881836,29000,2.83455491065979,0.0,0.0
ADX,2004-08-11,12.199999809265137,12.25,12.079999923706055,12.199999809265137,165100,2.8206827640533447,0.0,0.0
ADX,2004-08-12,12.199999809265137,12.199999809265137,12.109999656677246,12.119999885559082,61900,2.802185297012329,0.0,0.0
ADX,2004-08-13,12.069999694824219,12.140000343322754,12.069999694824219,12.100000381469727,65300,2.809150218963623,0.05,0.0
ADX,2004-08-16,12.079999923706055,12.289999961853027,12.079999923706055,12.279999732971191,71100,2.8509397506713867,0.0,0.0
ADX,2004-08-17,12.220000267028809,12.329999923706055,12.210000038146973,12.270000457763672,53300,2.8486180305480957,0.0,0.0
ADX,2004-08-18,12.1899995803833,12.399999618530273,12.1899995803833,12.399999618530273,45800,2.8787994384765625,0.0,0.0
ADX,2004-08-19,12.399999618530273,12.399999618530273,12.319999694824219,12.359999656677246,46600,2.8695127964019775,0.0,0.0
ADX,2004-08-20,12.3100004196167,12.479999542236328,12.3100004196167,12.40999984741211,52000,2.881119966506958,0.0,0.0
ADX,2004-08-23,12.380000114440918,12.460000038146973,12.350000381469727,12.359999656677246,79300,2.8695127964019775,0.0,0.0
ADX,2004-08-24,12.399999618530273,12.449999809265137,12.350000381469727,12.350000381469727,61700,2.867189884185791,0.0,0.0
ADX,2004-08-25,12.380000114440918,12.470000267028809,12.369999885559082,12.470000267028809,22900,2.8950512409210205,0.0,0.0
ADX,2004-08-26,12.430000305175781,12.510000228881836,12.430000305175781,12.460000038146973,70400,2.892728805541992,0.0,0.0
ADX,2004-08-27,12.529999732971191,12.550000190734863,12.5,12.539999961853027,37000,2.9113006591796875,0.0,0.0
ADX,2004-08-30,12.479999542236328,12.520000457763672,12.430000305175781,12.470000267028809,17600,2.8950512409210205,0.0,0.0
ADX,2004-08-31,12.4399995803833,12.5,12.390000343322754,12.449999809265137,66100,2.8904078006744385,0.0,0.0
ADX,2004-09-01,12.420000076293945,12.600000381469727,12.420000076293945,12.59000015258789,142300,2.922910213470459,0.0,0.0
ADX,2004-09-02,12.600000381469727,12.75,12.550000190734863,12.710000038146973,78200,2.9507689476013184,0.0,0.0
ADX,2004-09-03,12.649999618530273,12.829999923706055,12.619999885559082,12.720000267028809,47200,2.953090190887451,0.0,0.0
ADX,2004-09-07,12.680000305175781,12.800000190734863,12.550000190734863,12.760000228881836,94800,2.9623775482177734,0.0,0.0
ADX,2004-09-08,12.770000457763672,12.800000190734863,12.680000305175781,12.75,70000,2.9600563049316406,0.0,0.0
ADX,2004-09-09,12.75,12.789999961853027,12.65999984741211,12.699999809265137,62400,2.948446035385132,0.0,0.0
ADX,2004-09-10,12.710000038146973,12.8100004196167,12.699999809265137,12.800000190734863,69900,2.971662759780884,0.0,0.0
ADX,2004-09-13,12.720000267028809,12.869999885559082,12.720000267028809,12.829999923706055,80900,2.9786269664764404,0.0,0.0
ADX,2004-09-14,12.770000457763672,12.850000381469727,12.720000267028809,12.819999694824219,100000,2.9763076305389404,0.0,0.0
ADX,2004-09-15,12.779999732971191,12.779999732971191,12.699999809265137,12.699999809265137,45700,2.948446035385132,0.0,0.0
ADX,2004-09-16,12.699999809265137,12.770000457763672,12.699999809265137,12.739999771118164,25800,2.957733392715454,0.0,0.0
ADX,2004-09-17,12.760000228881836,12.850000381469727,12.65999984741211,12.800000190734863,106500,2.971662759780884,0.0,0.0
ADX,2004-09-20,12.800000190734863,12.850000381469727,12.739999771118164,12.8100004196167,79700,2.973984479904175,0.0,0.0
ADX,2004-09-21,12.84000015258789,12.920000076293945,12.779999732971191,12.920000076293945,43700,2.9995229244232178,0.0,0.0
ADX,2004-09-22,12.90999984741211,12.90999984741211,12.75,12.770000457763672,68800,2.9646987915039062,0.0,0.0
ADX,2004-09-23,12.8100004196167,12.8100004196167,12.729999542236328,12.779999732971191,46200,2.9670207500457764,0.0,0.0
ADX,2004-09-24,12.779999732971191,12.84000015258789,12.75,12.8100004196167,35400,2.973984479904175,0.0,0.0
ADX,2004-09-27,12.739999771118164,12.770000457763672,12.699999809265137,12.710000038146973,39800,2.9507689476013184,0.0,0.0
ADX,2004-09-28,12.710000038146973,12.789999961853027,12.609999656677246,12.789999961853027,73200,2.9693422317504883,0.0,0.0
ADX,2004-09-29,12.789999961853027,12.789999961853027,12.680000305175781,12.6899995803833,50800,2.9461259841918945,0.0,0.0
ADX,2004-09-30,12.6899995803833,12.75,12.640000343322754,12.680000305175781,67900,2.943803310394287,0.0,0.0
ADX,2004-10-01,12.729999542236328,12.890000343322754,12.720000267028809,12.890000343322754,68700,2.9925577640533447,0.0,0.0
ADX,2004-10-04,12.9399995803833,13.0,12.9399995803833,12.979999542236328,72500,3.0134522914886475,0.0,0.0
ADX,2004-10-05,12.979999542236328,13.029999732971191,12.920000076293945,12.960000038146973,82500,3.0088095664978027,0.0,0.0
ADX,2004-10-06,12.949999809265137,13.039999961853027,12.949999809265137,13.010000228881836,34800,3.0204172134399414,0.0,0.0
ADX,2004-10-07,13.0,13.039999961853027,12.930000305175781,12.979999542236328,47700,3.0134522914886475,0.0,0.0
ADX,2004-10-08,12.989999771118164,13.0,12.930000305175781,12.930000305175781,48300,3.001845121383667,0.0,0.0
ADX,2004-10-11,12.9399995803833,13.050000190734863,12.930000305175781,12.970000267028809,62100,3.0111303329467773,0.0,0.0
ADX,2004-10-12,12.949999809265137,12.960000038146973,12.880000114440918,12.960000038146973,39200,3.0088095664978027,0.0,0.0
ADX,2004-10-13,12.989999771118164,13.010000228881836,12.890000343322754,12.9399995803833,82900,3.004167318344116,0.0,0.0
ADX,2004-10-14,12.930000305175781,12.930000305175781,12.770000457763672,12.829999923706055,93900,2.9786269664764404,0.0,0.0
ADX,2004-10-15,12.819999694824219,12.920000076293945,12.819999694824219,12.90999984741211,30300,2.9972023963928223,0.0,0.0
ADX,2004-10-18,12.869999885559082,12.989999771118164,12.779999732971191,12.960000038146973,47100,3.0088095664978027,0.0,0.0
ADX,2004-10-19,13.010000228881836,13.0600004196167,12.899999618530273,12.920000076293945,55500,2.9995229244232178,0.0,0.0
ADX,2004-10-20,12.930000305175781,12.979999542236328,12.880000114440918,12.930000305175781,59300,3.001845121383667,0.0,0.0
ADX,2004-10-21,12.899999618530273,12.979999542236328,12.880000114440918,12.970000267028809,61100,3.0111303329467773,0.0,0.0
ADX,2004-10-22,12.949999809265137,13.0,12.819999694824219,12.850000381469727,46900,2.9832706451416016,0.0,0.0
ADX,2004-10-25,12.779999732971191,12.869999885559082,12.710000038146973,12.829999923706055,47400,2.9786269664764404,0.0,0.0
ADX,2004-10-26,12.880000114440918,12.9399995803833,12.789999961853027,12.90999984741211,62300,2.9972023963928223,0.0,0.0
ADX,2004-10-27,12.739999771118164,13.0600004196167,12.739999771118164,13.0600004196167,72800,3.032025098800659,0.0,0.0
ADX,2004-10-28,13.109999656677246,13.109999656677246,12.949999809265137,13.039999961853027,93100,3.027381658554077,0.0,0.0
ADX,2004-10-29,13.0,13.050000190734863,13.0,13.050000190734863,38700,3.029702663421631,0.0,0.0
ADX,2004-11-01,13.0600004196167,13.149999618530273,13.050000190734863,13.0600004196167,24300,3.032025098800659,0.0,0.0
ADX,2004-11-02,13.069999694824219,13.210000038146973,13.0,13.079999923706055,77400,3.036668539047241,0.0,0.0
ADX,2004-11-03,13.180000305175781,13.390000343322754,13.180000305175781,13.300000190734863,91700,3.0877435207366943,0.0,0.0
ADX,2004-11-04,13.300000190734863,13.460000038146973,13.270000457763672,13.449999809265137,39100,3.1225669384002686,0.0,0.0
ADX,2004-11-05,13.369999885559082,13.600000381469727,13.369999885559082,13.550000190734863,99200,3.1457841396331787,0.0,0.0
ADX,2004-11-08,13.539999961853027,13.75,13.489999771118164,13.529999732971191,49800,3.1411423683166504,0.0,0.0
ADX,2004-11-09,13.449999809265137,13.5600004196167,13.430000305175781,13.489999771118164,51400,3.131855010986328,0.0,0.0
ADX,2004-11-10,13.479999542236328,13.539999961853027,13.430000305175781,13.460000038146973,55800,3.1248888969421387,0.0,0.0
ADX,2004-11-11,13.529999732971191,13.59000015258789,13.470000267028809,13.579999923706055,46500,3.1527483463287354,0.0,0.0
ADX,2004-11-12,13.59000015258789,13.75,13.59000015258789,13.729999542236328,97600,3.187572717666626,0.0,0.0
ADX,2004-11-15,13.829999923706055,13.869999885559082,13.760000228881836,13.869999885559082,92800,3.2200748920440674,0.0,0.0
ADX,2004-11-16,13.8100004196167,13.850000381469727,13.710000038146973,13.8100004196167,98100,3.206146240234375,0.0,0.0
ADX,2004-11-17,13.8100004196167,13.9399995803833,13.8100004196167,13.90999984741211,77700,3.2293622493743896,0.0,0.0
ADX,2004-11-18,13.979999542236328,13.989999771118164,13.850000381469727,13.899999618530273,141800,3.227041482925415,0.0,0.0
ADX,2004-11-19,13.350000381469727,13.479999542236328,13.079999923706055,13.25,160800,3.2515804767608643,0.75,0.0
ADX,2004-11-22,13.1899995803833,13.210000038146973,13.119999885559082,13.199999809265137,65100,3.2393105030059814,0.0,0.0
ADX,2004-11-23,13.239999771118164,13.239999771118164,13.020000457763672,13.0600004196167,77300,3.20495343208313,0.0,0.0
ADX,2004-11-24,13.069999694824219,13.079999923706055,13.020000457763672,13.069999694824219,57700,3.2074081897735596,0.0,0.0
ADX,2004-11-26,13.039999961853027,13.079999923706055,13.010000228881836,13.069999694824219,29400,3.2074081897735596,0.0,0.0
ADX,2004-11-29,13.100000381469727,13.100000381469727,12.960000038146973,13.0600004196167,62900,3.20495343208313,0.0,0.0
ADX,2004-11-30,13.079999923706055,13.09000015258789,12.970000267028809,13.020000457763672,83400,3.195138454437256,0.0,0.0
ADX,2004-12-01,13.0,13.180000305175781,12.989999771118164,13.109999656677246,110200,3.217224359512329,0.0,0.0
ADX,2004-12-02,13.130000114440918,13.149999618530273,13.050000190734863,13.119999885559082,93600,3.2196779251098633,0.0,0.0
ADX,2004-12-03,13.130000114440918,13.149999618530273,13.029999732971191,13.109999656677246,61500,3.217224359512329,0.0,0.0
ADX,2004-12-06,13.149999618530273,13.149999618530273,13.029999732971191,13.029999732971191,59800,3.197591543197632,0.0,0.0
ADX,2004-12-07,13.010000228881836,13.029999732971191,12.90999984741211,12.930000305175781,59700,3.1730527877807617,0.0,0.0
ADX,2004-12-08,12.90999984741211,12.979999542236328,12.850000381469727,12.90999984741211,55600,3.168144702911377,0.0,0.0
ADX,2004-12-09,12.899999618530273,13.0,12.819999694824219,12.930000305175781,90400,3.1730527877807617,0.0,0.0
ADX,2004-12-10,12.930000305175781,12.979999542236328,12.899999618530273,12.920000076293945,52100,3.1705989837646484,0.0,0.0
ADX,2004-12-13,12.960000038146973,13.039999961853027,12.960000038146973,13.029999732971191,52100,3.197591543197632,0.0,0.0
ADX,2004-12-14,13.0600004196167,13.09000015258789,12.989999771118164,13.029999732971191,88300,3.197591543197632,0.0,0.0
ADX,2004-12-15,13.010000228881836,13.079999923706055,12.960000038146973,13.079999923706055,120800,3.2098631858825684,0.0,0.0
ADX,2004-12-16,13.079999923706055,13.079999923706055,13.010000228881836,13.079999923706055,51200,3.2098631858825684,0.0,0.0
ADX,2004-12-17,13.0,13.050000190734863,12.979999542236328,13.039999961853027,55000,3.2000467777252197,0.0,0.0
ADX,2004-12-20,13.020000457763672,13.069999694824219,12.970000267028809,12.970000267028809,63000,3.1828672885894775,0.0,0.0
ADX,2004-12-21,12.979999542236328,13.069999694824219,12.970000267028809,13.050000190734863,97800,3.2024998664855957,0.0,0.0
ADX,2004-12-22,13.029999732971191,13.109999656677246,13.029999732971191,13.0600004196167,87600,3.20495343208313,0.0,0.0
ADX,2004-12-23,13.0600004196167,13.109999656677246,13.050000190734863,13.109999656677246,103400,3.217224359512329,0.0,0.0
ADX,2004-12-27,13.149999618530273,13.149999618530273,13.069999694824219,13.09000015258789,56800,3.2123162746429443,0.0,0.0
ADX,2004-12-28,13.029999732971191,13.09000015258789,13.020000457763672,13.079999923706055,160200,3.2098631858825684,0.0,0.0
ADX,2004-12-29,13.039999961853027,13.25,12.75,13.130000114440918,364500,3.222132444381714,0.0,0.0
ADX,2004-12-30,13.100000381469727,13.149999618530273,13.0600004196167,13.100000381469727,85200,3.214771270751953,0.0,0.0
ADX,2004-12-31,13.100000381469727,13.149999618530273,13.100000381469727,13.119999885559082,43900,3.2196779251098633,0.0,0.0
ADX,2005-01-03,13.09000015258789,13.149999618530273,13.0,13.0,193100,3.190230369567871,0.0,0.0
ADX,2005-01-04,13.039999961853027,13.0600004196167,12.779999732971191,12.84000015258789,105600,3.1509673595428467,0.0,0.0
ADX,2005-01-05,12.789999961853027,12.880000114440918,12.789999961853027,12.800000190734863,126000,3.14115047454834,0.0,0.0
ADX,2005-01-06,12.8100004196167,12.920000076293945,12.8100004196167,12.880000114440918,95500,3.1607816219329834,0.0,0.0
ADX,2005-01-07,12.890000343322754,12.930000305175781,12.829999923706055,12.899999618530273,62000,3.165691375732422,0.0,0.0
ADX,2005-01-10,12.90999984741211,12.979999542236328,12.880000114440918,12.930000305175781,81300,3.1730527877807617,0.0,0.0
ADX,2005-01-11,12.899999618530273,12.920000076293945,12.819999694824219,12.819999694824219,100900,3.146057605743408,0.0,0.0
ADX,2005-01-12,12.8100004196167,12.899999618530273,12.800000190734863,12.899999618530273,71900,3.165691375732422,0.0,0.0
ADX,2005-01-13,12.800000190734863,12.899999618530273,12.760000228881836,12.779999732971191,109500,3.136242389678955,0.0,0.0
ADX,2005-01-14,12.800000190734863,12.850000381469727,12.75,12.84000015258789,71800,3.1509673595428467,0.0,0.0
ADX,2005-01-18,12.819999694824219,12.979999542236328,12.770000457763672,12.90999984741211,85800,3.168144702911377,0.0,0.0
ADX,2005-01-19,12.970000267028809,12.970000267028809,12.850000381469727,12.850000381469727,83900,3.1534194946289062,0.0,0.0
ADX,2005-01-20,12.850000381469727,12.850000381469727,12.720000267028809,12.760000228881836,51400,3.1313345432281494,0.0,0.0
ADX,2005-01-21,12.800000190734863,12.829999923706055,12.680000305175781,12.729999542236328,77700,3.1239705085754395,0.0,0.0
ADX,2005-01-24,12.699999809265137,12.710000038146973,12.630000114440918,12.670000076293945,124200,3.1092469692230225,0.0,0.0
ADX,2005-01-25,12.680000305175781,12.760000228881836,12.680000305175781,12.699999809265137,71700,3.116609811782837,0.0,0.0
ADX,2005-01-26,12.710000038146973,12.829999923706055,12.710000038146973,12.800000190734863,60200,3.14115047454834,0.0,0.0
ADX,2005-01-27,12.800000190734863,12.869999885559082,12.770000457763672,12.800000190734863,40800,3.14115047454834,0.0,0.0
ADX,2005-01-28,12.770000457763672,12.829999923706055,12.619999885559082,12.75,116500,3.1288816928863525,0.0,0.0
ADX,2005-01-31,12.800000190734863,12.829999923706055,12.75,12.819999694824219,102700,3.146057605743408,0.0,0.0
ADX,2005-02-01,12.8100004196167,12.979999542236328,12.800000190734863,12.979999542236328,80800,3.1853222846984863,0.0,0.0
ADX,2005-02-02,12.970000267028809,12.989999771118164,12.880000114440918,12.970000267028809,57100,3.1828672885894775,0.0,0.0
ADX,2005-02-03,12.920000076293945,12.960000038146973,12.880000114440918,12.899999618530273,47500,3.165691375732422,0.0,0.0
ADX,2005-02-04,12.899999618530273,13.050000190734863,12.899999618530273,13.039999961853027,84200,3.2000467777252197,0.0,0.0
ADX,2005-02-07,12.989999771118164,13.0600004196167,12.989999771118164,13.029999732971191,40900,3.197591543197632,0.0,0.0
ADX,2005-02-08,13.0600004196167,13.0600004196167,13.010000228881836,13.029999732971191,71200,3.197591543197632,0.0,0.0
ADX,2005-02-09,13.050000190734863,13.0600004196167,12.9399995803833,12.9399995803833,72300,3.175506591796875,0.0,0.0
ADX,2005-02-10,12.960000038146973,12.989999771118164,12.9399995803833,12.979999542236328,74600,3.1853222846984863,0.0,0.0
ADX,2005-02-11,12.979999542236328,13.130000114440918,12.930000305175781,13.119999885559082,103800,3.2196779251098633,0.0,0.0
ADX,2005-02-14,13.069999694824219,13.119999885559082,13.039999961853027,13.100000381469727,62000,3.214771270751953,0.0,0.0
ADX,2005-02-15,13.069999694824219,13.09000015258789,13.010000228881836,13.079999923706055,68000,3.2221622467041016,0.05,0.0
ADX,2005-02-16,13.020000457763672,13.09000015258789,13.0,13.069999694824219,66400,3.219698429107666,0.0,0.0
ADX,2005-02-17,13.0600004196167,13.079999923706055,13.0,13.010000228881836,59300,3.204916477203369,0.0,0.0
ADX,2005-02-18,13.020000457763672,13.029999732971191,12.960000038146973,13.020000457763672,119000,3.2073800563812256,0.0,0.0
ADX,2005-02-22,12.880000114440918,13.0,12.859999656677246,12.859999656677246,155200,3.167966365814209,0.0,0.0
ADX,2005-02-23,12.890000343322754,12.979999542236328,12.869999885559082,12.880000114440918,61200,3.172891139984131,0.0,0.0
ADX,2005-02-24,12.979999542236328,12.989999771118164,12.899999618530273,12.989999771118164,35600,3.1999905109405518,0.0,0.0
ADX,2005-02-25,12.979999542236328,13.100000381469727,12.979999542236328,13.079999923706055,72100,3.2221622467041016,0.0,0.0
ADX,2005-02-28,13.050000190734863,13.100000381469727,12.949999809265137,13.039999961853027,80800,3.2123067378997803,0.0,0.0
ADX,2005-03-01,13.079999923706055,13.229999542236328,13.069999694824219,13.229999542236328,106900,3.2591123580932617,0.0,0.0
ADX,2005-03-02,13.149999618530273,13.260000228881836,13.09000015258789,13.180000305175781,89500,3.246795177459717,0.0,0.0
ADX,2005-03-03,13.130000114440918,13.220000267028809,13.130000114440918,13.170000076293945,45300,3.2443313598632812,0.0,0.0
ADX,2005-03-04,13.1899995803833,13.260000228881836,13.170000076293945,13.239999771118164,86200,3.261575222015381,0.0,0.0
ADX,2005-03-07,13.229999542236328,13.329999923706055,13.220000267028809,13.279999732971191,86700,3.271427869796753,0.0,0.0
ADX,2005-03-08,13.300000190734863,13.350000381469727,13.279999732971191,13.319999694824219,120700,3.281283378601074,0.0,0.0
ADX,2005-03-09,13.25,13.319999694824219,13.25,13.25,70500,3.2640392780303955,0.0,0.0
ADX,2005-03-10,13.220000267028809,13.279999732971191,13.15999984741211,13.199999809265137,69000,3.251722574234009,0.0,0.0
ADX,2005-03-11,13.180000305175781,13.229999542236328,13.130000114440918,13.15999984741211,74100,3.2418689727783203,0.0,0.0
ADX,2005-03-14,13.149999618530273,13.15999984741211,13.069999694824219,13.119999885559082,86200,3.2320151329040527,0.0,0.0
ADX,2005-03-15,13.140000343322754,13.199999809265137,13.100000381469727,13.100000381469727,60100,3.22708797454834,0.0,0.0
ADX,2005-03-16,13.09000015258789,13.09000015258789,12.90999984741211,12.989999771118164,67800,3.1999905109405518,0.0,0.0
ADX,2005-03-17,13.020000457763672,13.029999732971191,12.90999984741211,13.010000228881836,53200,3.204916477203369,0.0,0.0
ADX,2005-03-18,13.0,13.050000190734863,12.920000076293945,12.9399995803833,95200,3.1876730918884277,0.0,0.0
ADX,2005-03-21,12.930000305175781,12.970000267028809,12.800000190734863,12.850000381469727,77500,3.165501832962036,0.0,0.0
ADX,2005-03-22,12.859999656677246,12.960000038146973,12.75,12.760000228881836,62400,3.1433322429656982,0.0,0.0
ADX,2005-03-23,12.760000228881836,12.800000190734863,12.699999809265137,12.710000038146973,74600,3.131014108657837,0.0,0.0
ADX,2005-03-24,12.789999961853027,12.869999885559082,12.760000228881836,12.859999656677246,94700,3.167966365814209,0.0,0.0
ADX,2005-03-28,12.850000381469727,12.859999656677246,12.760000228881836,12.800000190734863,119400,3.153184652328491,0.0,0.0
ADX,2005-03-29,12.779999732971191,12.829999923706055,12.720000267028809,12.729999542236328,69100,3.1359407901763916,0.0,0.0
ADX,2005-03-30,12.770000457763672,12.899999618530273,12.75,12.850000381469727,42600,3.165501832962036,0.0,0.0
ADX,2005-03-31,12.869999885559082,12.930000305175781,12.819999694824219,12.869999885559082,39300,3.1704297065734863,0.0,0.0
ADX,2005-04-01,12.9399995803833,12.979999542236328,12.550000190734863,12.770000457763672,81300,3.1457931995391846,0.0,0.0
ADX,2005-04-04,12.800000190734863,12.859999656677246,12.699999809265137,12.819999694824219,66900,3.158112049102783,0.0,0.0
ADX,2005-04-05,12.800000190734863,12.9399995803833,12.800000190734863,12.859999656677246,49800,3.167966365814209,0.0,0.0
ADX,2005-04-06,12.890000343322754,12.979999542236328,12.890000343322754,12.899999618530273,28400,3.1778204441070557,0.0,0.0
ADX,2005-04-07,12.859999656677246,12.970000267028809,12.859999656677246,12.9399995803833,47400,3.1876730918884277,0.0,0.0
ADX,2005-04-08,12.979999542236328,12.989999771118164,12.859999656677246,12.859999656677246,60500,3.167966365814209,0.0,0.0
ADX,2005-04-11,12.869999885559082,12.890000343322754,12.8100004196167,12.819999694824219,73600,3.158112049102783,0.0,0.0
ADX,2005-04-12,12.8100004196167,12.949999809265137,12.729999542236328,12.90999984741211,36800,3.1802821159362793,0.0,0.0
ADX,2005-04-13,12.920000076293945,12.9399995803833,12.760000228881836,12.829999923706055,60700,3.1605753898620605,0.0,0.0
ADX,2005-04-14,12.789999961853027,12.819999694824219,12.729999542236328,12.760000228881836,53700,3.1433322429656982,0.0,0.0
ADX,2005-04-15,12.699999809265137,12.729999542236328,12.529999732971191,12.5600004196167,123000,3.0940628051757812,0.0,0.0
ADX,2005-04-18,12.510000228881836,12.609999656677246,12.5,12.5600004196167,52200,3.0940628051757812,0.0,0.0
ADX,2005-04-19,12.600000381469727,12.65999984741211,12.59000015258789,12.609999656677246,32200,3.106379508972168,0.0,0.0
ADX,2005-04-20,12.699999809265137,12.699999809265137,12.5,12.520000457763672,92100,3.084210157394409,0.0,0.0
ADX,2005-04-21,12.550000190734863,12.670000076293945,12.529999732971191,12.65999984741211,133500,3.11869740486145,0.0,0.0
ADX,2005-04-22,12.65999984741211,12.65999984741211,12.510000228881836,12.59000015258789,47200,3.1014535427093506,0.0,0.0
ADX,2005-04-25,12.59000015258789,12.729999542236328,12.59000015258789,12.65999984741211,63200,3.11869740486145,0.0,0.0
ADX,2005-04-26,12.619999885559082,12.670000076293945,12.59000015258789,12.59000015258789,101100,3.1014535427093506,0.0,0.0
ADX,2005-04-27,12.550000190734863,12.649999618530273,12.470000267028809,12.600000381469727,68000,3.1039161682128906,0.0,0.0
ADX,2005-04-28,12.569999694824219,12.569999694824219,12.460000038146973,12.5,58600,3.0792834758758545,0.0,0.0
ADX,2005-04-29,12.520000457763672,12.579999923706055,12.460000038146973,12.579999923706055,85000,3.098989486694336,0.0,0.0
ADX,2005-05-02,12.609999656677246,12.649999618530273,12.59000015258789,12.630000114440918,50700,3.1113064289093018,0.0,0.0
ADX,2005-05-03,12.600000381469727,12.6899995803833,12.600000381469727,12.619999885559082,70000,3.1088433265686035,0.0,0.0
ADX,2005-05-04,12.649999618530273,12.760000228881836,12.649999618530273,12.760000228881836,34200,3.1433322429656982,0.0,0.0
ADX,2005-05-05,12.779999732971191,12.800000190734863,12.710000038146973,12.739999771118164,52400,3.13840389251709,0.0,0.0
ADX,2005-05-06,12.789999961853027,12.850000381469727,12.779999732971191,12.779999732971191,42700,3.148258686065674,0.0,0.0
ADX,2005-05-09,12.739999771118164,12.84000015258789,12.739999771118164,12.84000015258789,33300,3.1630403995513916,0.0,0.0
ADX,2005-05-10,12.800000190734863,12.800000190734863,12.670000076293945,12.699999809265137,48600,3.1285512447357178,0.0,0.0
ADX,2005-05-11,12.729999542236328,12.789999961853027,12.649999618530273,12.770000457763672,38200,3.1457931995391846,0.0,0.0
ADX,2005-05-12,12.770000457763672,12.800000190734863,12.649999618530273,12.670000076293945,28300,3.1211605072021484,0.0,0.0
ADX,2005-05-13,12.640000343322754,12.699999809265137,12.479999542236328,12.550000190734863,212600,3.091599702835083,0.0,0.0
ADX,2005-05-16,12.59000015258789,12.739999771118164,12.579999923706055,12.720000267028809,56900,3.133476972579956,0.0,0.0
ADX,2005-05-17,12.65999984741211,12.729999542236328,12.609999656677246,12.710000038146973,37300,3.143369436264038,0.05,0.0
ADX,2005-05-18,12.75,12.850000381469727,12.75,12.819999694824219,82300,3.1705751419067383,0.0,0.0
ADX,2005-05-19,12.850000381469727,12.859999656677246,12.8100004196167,12.850000381469727,47400,3.1779935359954834,0.0,0.0
ADX,2005-05-20,12.819999694824219,12.829999923706055,12.779999732971191,12.819999694824219,72800,3.1705751419067383,0.0,0.0
ADX,2005-05-23,12.829999923706055,12.899999618530273,12.829999923706055,12.890000343322754,86800,3.1878862380981445,0.0,0.0
ADX,2005-05-24,12.84000015258789,12.899999618530273,12.819999694824219,12.890000343322754,66700,3.1878862380981445,0.0,0.0
ADX,2005-05-25,12.859999656677246,12.880000114440918,12.779999732971191,12.850000381469727,67200,3.1779935359954834,0.0,0.0
ADX,2005-05-26,12.890000343322754,12.90999984741211,12.850000381469727,12.899999618530273,71600,3.1903605461120605,0.0,0.0
ADX,2005-05-27,12.880000114440918,12.949999809265137,12.880000114440918,12.9399995803833,47100,3.2002527713775635,0.0,0.0
ADX,2005-05-31,12.899999618530273,12.960000038146973,12.850000381469727,12.850000381469727,48300,3.1779935359954834,0.0,0.0
ADX,2005-06-01,12.869999885559082,13.09000015258789,12.850000381469727,13.0,116200,3.215092658996582,0.0,0.0
ADX,2005-06-02,13.020000457763672,13.050000190734863,12.930000305175781,13.050000190734863,50100,3.2274575233459473,0.0,0.0
ADX,2005-06-03,12.979999542236328,13.0600004196167,12.899999618530273,12.930000305175781,29200,3.197779893875122,0.0,0.0
ADX,2005-06-06,12.9399995803833,12.970000267028809,12.859999656677246,12.899999618530273,43600,3.1903605461120605,0.0,0.0
ADX,2005-06-07,12.9399995803833,13.029999732971191,12.920000076293945,12.930000305175781,85500,3.197779893875122,0.0,0.0
ADX,2005-06-08,12.960000038146973,12.970000267028809,12.859999656677246,12.920000076293945,66500,3.1953070163726807,0.0,0.0
ADX,2005-06-09,12.920000076293945,12.979999542236328,12.850000381469727,12.930000305175781,63500,3.197779893875122,0.0,0.0
ADX,2005-06-10,12.930000305175781,12.979999542236328,12.890000343322754,12.9399995803833,62700,3.2002527713775635,0.0,0.0
ADX,2005-06-13,12.869999885559082,13.020000457763672,12.859999656677246,12.970000267028809,72400,3.207672357559204,0.0,0.0
ADX,2005-06-14,12.989999771118164,13.029999732971191,12.90999984741211,13.0,61000,3.215092658996582,0.0,0.0
ADX,2005-06-15,13.010000228881836,13.010000228881836,12.930000305175781,13.0,68600,3.215092658996582,0.0,0.0
ADX,2005-06-16,13.0,13.09000015258789,13.0,13.050000190734863,49500,3.2274575233459473,0.0,0.0
ADX,2005-06-17,13.079999923706055,13.149999618530273,13.079999923706055,13.119999885559082,57600,3.244769334793091,0.0,0.0
ADX,2005-06-20,13.039999961853027,13.119999885559082,12.989999771118164,13.079999923706055,139000,3.2348766326904297,0.0,0.0
ADX,2005-06-21,13.079999923706055,13.140000343322754,13.069999694824219,13.079999923706055,74900,3.2348766326904297,0.0,0.0
ADX,2005-06-22,13.119999885559082,13.140000343322754,13.09000015258789,13.119999885559082,36800,3.244769334793091,0.0,0.0
ADX,2005-06-23,13.119999885559082,13.119999885559082,13.0,13.0,71100,3.215092658996582,0.0,0.0
ADX,2005-06-24,13.0,13.0,12.869999885559082,12.90999984741211,61300,3.1928343772888184,0.0,0.0
ADX,2005-06-27,12.890000343322754,12.899999618530273,12.859999656677246,12.869999885559082,59000,3.182940721511841,0.0,0.0
ADX,2005-06-28,12.930000305175781,12.989999771118164,12.920000076293945,12.979999542236328,42200,3.2101457118988037,0.0,0.0
ADX,2005-06-29,13.0,13.0,12.899999618530273,12.930000305175781,65600,3.197779893875122,0.0,0.0
ADX,2005-06-30,13.0,13.0,12.859999656677246,12.869999885559082,81100,3.182940721511841,0.0,0.0
ADX,2005-07-01,12.890000343322754,12.9399995803833,12.880000114440918,12.880000114440918,65400,3.185412883758545,0.0,0.0
ADX,2005-07-05,12.890000343322754,12.989999771118164,12.890000343322754,12.979999542236328,105300,3.2101457118988037,0.0,0.0
ADX,2005-07-06,12.989999771118164,13.0,12.90999984741211,12.949999809265137,62300,3.2027246952056885,0.0,0.0
ADX,2005-07-07,12.850000381469727,12.9399995803833,12.84000015258789,12.9399995803833,86400,3.2002527713775635,0.0,0.0
ADX,2005-07-08,12.949999809265137,13.039999961853027,12.90999984741211,13.010000228881836,102200,3.2175652980804443,0.0,0.0
ADX,2005-07-11,13.010000228881836,13.140000343322754,13.010000228881836,13.079999923706055,92600,3.2348766326904297,0.0,0.0
ADX,2005-07-12,13.069999694824219,13.1899995803833,13.069999694824219,13.170000076293945,56700,3.2571346759796143,0.0,0.0
ADX,2005-07-13,13.180000305175781,13.220000267028809,13.149999618530273,13.210000038146973,64700,3.26702880859375,0.0,0.0
ADX,2005-07-14,13.239999771118164,13.279999732971191,13.210000038146973,13.239999771118164,100900,3.2744460105895996,0.0,0.0
ADX,2005-07-15,13.220000267028809,13.239999771118164,13.199999809265137,13.220000267028809,31900,3.269500732421875,0.0,0.0
ADX,2005-07-18,13.220000267028809,13.229999542236328,13.149999618530273,13.15999984741211,50400,3.2546608448028564,0.0,0.0
ADX,2005-07-19,13.1899995803833,13.260000228881836,13.180000305175781,13.229999542236328,62900,3.2719733715057373,0.0,0.0
ADX,2005-07-20,13.1899995803833,13.279999732971191,13.170000076293945,13.260000228881836,52400,3.2793936729431152,0.0,0.0
ADX,2005-07-21,13.260000228881836,13.270000457763672,13.029999732971191,13.199999809265137,107700,3.264554977416992,0.0,0.0
ADX,2005-07-22,13.199999809265137,13.220000267028809,13.15999984741211,13.210000038146973,46800,3.26702880859375,0.0,0.0
ADX,2005-07-25,13.199999809265137,13.260000228881836,13.1899995803833,13.220000267028809,61800,3.269500732421875,0.0,0.0
ADX,2005-07-26,13.220000267028809,13.270000457763672,13.1899995803833,13.199999809265137,45700,3.264554977416992,0.0,0.0
ADX,2005-07-27,13.210000038146973,13.319999694824219,13.210000038146973,13.260000228881836,101600,3.2793936729431152,0.0,0.0
ADX,2005-07-28,13.279999732971191,13.34000015258789,13.260000228881836,13.329999923706055,72400,3.2967047691345215,0.0,0.0
ADX,2005-07-29,13.350000381469727,13.350000381469727,13.260000228881836,13.289999961853027,64700,3.2868130207061768,0.0,0.0
ADX,2005-08-01,13.319999694824219,13.329999923706055,13.239999771118164,13.270000457763672,70300,3.2818679809570312,0.0,0.0
ADX,2005-08-02,13.270000457763672,13.369999885559082,13.270000457763672,13.329999923706055,74700,3.2967047691345215,0.0,0.0
ADX,2005-08-03,13.270000457763672,13.40999984741211,13.270000457763672,13.350000381469727,74800,3.301651954650879,0.0,0.0
ADX,2005-08-04,13.329999923706055,13.34000015258789,13.260000228881836,13.260000228881836,66900,3.2793936729431152,0.0,0.0
ADX,2005-08-05,13.270000457763672,13.270000457763672,13.170000076293945,13.229999542236328,43300,3.2719733715057373,0.0,0.0
ADX,2005-08-08,13.260000228881836,13.270000457763672,13.180000305175781,13.1899995803833,63700,3.2620809078216553,0.0,0.0
ADX,2005-08-09,13.1899995803833,13.289999961853027,13.1899995803833,13.270000457763672,45400,3.2818679809570312,0.0,0.0
ADX,2005-08-10,13.270000457763672,13.369999885559082,13.210000038146973,13.220000267028809,84400,3.269500732421875,0.0,0.0
ADX,2005-08-11,13.220000267028809,13.3100004196167,13.210000038146973,13.279999732971191,83700,3.284339189529419,0.0,0.0
ADX,2005-08-12,13.1899995803833,13.239999771118164,13.15999984741211,13.210000038146973,97100,3.279374122619629,0.05,0.0
ADX,2005-08-15,13.1899995803833,13.300000190734863,13.180000305175781,13.300000190734863,130700,3.3017168045043945,0.0,0.0
ADX,2005-08-16,13.220000267028809,13.270000457763672,13.130000114440918,13.140000343322754,81600,3.2619967460632324,0.0,0.0
ADX,2005-08-17,13.140000343322754,13.229999542236328,13.119999885559082,13.220000267028809,119700,3.2818572521209717,0.0,0.0
ADX,2005-08-18,13.149999618530273,13.180000305175781,13.100000381469727,13.149999618530273,73000,3.264479160308838,0.0,0.0
ADX,2005-08-19,13.199999809265137,13.220000267028809,13.149999618530273,13.199999809265137,25600,3.2768914699554443,0.0,0.0
ADX,2005-08-22,13.119999885559082,13.229999542236328,13.119999885559082,13.15999984741211,98400,3.2669622898101807,0.0,0.0
ADX,2005-08-23,13.140000343322754,13.180000305175781,13.119999885559082,13.149999618530273,75100,3.264479160308838,0.0,0.0
ADX,2005-08-24,13.119999885559082,13.180000305175781,13.100000381469727,13.109999656677246,67500,3.254549026489258,0.0,0.0
ADX,2005-08-25,13.109999656677246,13.15999984741211,13.079999923706055,13.09000015258789,38500,3.2495851516723633,0.0,0.0
ADX,2005-08-26,13.100000381469727,13.130000114440918,13.0600004196167,13.100000381469727,51300,3.252068042755127,0.0,0.0
ADX,2005-08-29,13.0600004196167,13.119999885559082,12.949999809265137,13.09000015258789,92400,3.2495851516723633,0.0,0.0
ADX,2005-08-30,13.09000015258789,13.09000015258789,12.84000015258789,13.029999732971191,139600,3.2346887588500977,0.0,0.0
ADX,2005-08-31,13.029999732971191,13.119999885559082,12.960000038146973,13.119999885559082,64000,3.257032871246338,0.0,0.0
ADX,2005-09-01,13.130000114440918,13.25,13.100000381469727,13.229999542236328,132100,3.284339189529419,0.0,0.0
ADX,2005-09-02,13.199999809265137,13.260000228881836,13.15999984741211,13.15999984741211,80300,3.2669622898101807,0.0,0.0
ADX,2005-09-06,13.210000038146973,13.350000381469727,13.210000038146973,13.289999961853027,61600,3.2992329597473145,0.0,0.0
ADX,2005-09-07,13.279999732971191,13.329999923706055,13.239999771118164,13.319999694824219,61200,3.306682586669922,0.0,0.0
ADX,2005-09-08,13.3100004196167,13.329999923706055,13.229999542236328,13.25,45700,3.289304256439209,0.0,0.0
ADX,2005-09-09,13.260000228881836,13.359999656677246,13.260000228881836,13.34000015258789,85300,3.3116469383239746,0.0,0.0
ADX,2005-09-12,13.289999961853027,13.390000343322754,13.279999732971191,13.3100004196167,75400,3.3041985034942627,0.0,0.0
ADX,2005-09-13,13.220000267028809,13.289999961853027,13.170000076293945,13.210000038146973,93600,3.279374122619629,0.0,0.0
ADX,2005-09-14,13.229999542236328,13.260000228881836,13.180000305175781,13.1899995803833,58800,3.2744107246398926,0.0,0.0
ADX,2005-09-15,13.199999809265137,13.239999771118164,13.15999984741211,13.1899995803833,51100,3.2744107246398926,0.0,0.0
ADX,2005-09-16,13.199999809265137,13.279999732971191,13.199999809265137,13.239999771118164,88900,3.286820888519287,0.0,0.0
ADX,2005-09-19,13.25,13.25,13.15999984741211,13.15999984741211,63400,3.2669622898101807,0.0,0.0
ADX,2005-09-20,13.170000076293945,13.229999542236328,13.050000190734863,13.0600004196167,72200,3.2421376705169678,0.0,0.0
ADX,2005-09-21,13.0600004196167,13.069999694824219,13.010000228881836,13.029999732971191,99400,3.2346887588500977,0.0,0.0
ADX,2005-09-22,13.0,13.079999923706055,12.9399995803833,13.0600004196167,94000,3.2421376705169678,0.0,0.0
ADX,2005-09-23,13.0600004196167,13.119999885559082,13.029999732971191,13.029999732971191,75500,3.2346887588500977,0.0,0.0
ADX,2005-09-26,13.079999923706055,13.149999618530273,12.930000305175781,13.020000457763672,77900,3.2322075366973877,0.0,0.0
ADX,2005-09-27,12.930000305175781,13.0600004196167,12.930000305175781,12.989999771118164,124400,3.224759578704834,0.0,0.0
ADX,2005-09-28,13.0,13.0600004196167,13.0,13.039999961853027,50200,3.237172842025757,0.0,0.0
ADX,2005-09-29,13.0600004196167,13.140000343322754,12.989999771118164,13.119999885559082,86300,3.257032871246338,0.0,0.0
ADX,2005-09-30,13.119999885559082,13.119999885559082,13.0600004196167,13.119999885559082,52300,3.257032871246338,0.0,0.0
ADX,2005-10-03,13.119999885559082,13.15999984741211,13.109999656677246,13.149999618530273,91900,3.264479160308838,0.0,0.0
ADX,2005-10-04,13.180000305175781,13.210000038146973,13.069999694824219,13.069999694824219,81900,3.244619369506836,0.0,0.0
ADX,2005-10-05,13.079999923706055,13.079999923706055,12.84000015258789,12.880000114440918,103600,3.19745135307312,0.0,0.0
ADX,2005-10-06,12.890000343322754,12.949999809265137,12.75,12.84000015258789,94300,3.1875240802764893,0.0,0.0
ADX,2005-10-07,12.819999694824219,12.890000343322754,12.800000190734863,12.829999923706055,44800,3.185039758682251,0.0,0.0
ADX,2005-10-10,12.890000343322754,12.890000343322754,12.710000038146973,12.779999732971191,68300,3.1726274490356445,0.0,0.0
ADX,2005-10-11,12.770000457763672,12.859999656677246,12.710000038146973,12.710000038146973,85100,3.1552484035491943,0.0,0.0
ADX,2005-10-12,12.649999618530273,12.800000190734863,12.579999923706055,12.649999618530273,106900,3.1403555870056152,0.0,0.0
ADX,2005-10-13,12.59000015258789,12.699999809265137,12.510000228881836,12.600000381469727,64100,3.127943277359009,0.0,0.0
ADX,2005-10-14,12.65999984741211,12.75,12.649999618530273,12.710000038146973,87400,3.1552484035491943,0.0,0.0
ADX,2005-10-17,12.699999809265137,12.8100004196167,12.699999809265137,12.720000267028809,34000,3.1577322483062744,0.0,0.0
ADX,2005-10-18,12.6899995803833,12.770000457763672,12.630000114440918,12.630000114440918,57300,3.135389804840088,0.0,0.0
ADX,2005-10-19,12.600000381469727,12.850000381469727,12.600000381469727,12.829999923706055,112800,3.185039758682251,0.0,0.0
ADX,2005-10-20,12.800000190734863,12.84000015258789,12.59000015258789,12.649999618530273,81500,3.1403555870056152,0.0,0.0
ADX,2005-10-21,12.75,12.770000457763672,12.619999885559082,12.6899995803833,46200,3.150284767150879,0.0,0.0
ADX,2005-10-24,12.6899995803833,12.8100004196167,12.6899995803833,12.800000190734863,66000,3.1775927543640137,0.0,0.0
ADX,2005-10-25,12.699999809265137,12.84000015258789,12.699999809265137,12.739999771118164,56900,3.1626973152160645,0.0,0.0
ADX,2005-10-26,12.760000228881836,12.899999618530273,12.75,12.760000228881836,63100,3.1676623821258545,0.0,0.0
ADX,2005-10-27,12.760000228881836,12.800000190734863,12.619999885559082,12.619999885559082,75000,3.132906436920166,0.0,0.0
ADX,2005-10-28,12.699999809265137,12.890000343322754,12.699999809265137,12.880000114440918,71300,3.19745135307312,0.0,0.0
ADX,2005-10-31,12.859999656677246,12.949999809265137,12.859999656677246,12.9399995803833,91400,3.2123472690582275,0.0,0.0
ADX,2005-11-01,12.90999984741211,12.9399995803833,12.890000343322754,12.930000305175781,29100,3.2098653316497803,0.0,0.0
ADX,2005-11-02,12.90999984741211,13.09000015258789,12.880000114440918,13.050000190734863,129100,3.2396535873413086,0.0,0.0
ADX,2005-11-03,13.0600004196167,13.199999809265137,13.010000228881836,13.140000343322754,122100,3.2619967460632324,0.0,0.0
ADX,2005-11-04,13.130000114440918,13.140000343322754,13.020000457763672,13.109999656677246,88200,3.254549026489258,0.0,0.0
ADX,2005-11-07,13.079999923706055,13.170000076293945,13.079999923706055,13.100000381469727,103900,3.252068042755127,0.0,0.0
ADX,2005-11-08,13.069999694824219,13.09000015258789,12.960000038146973,13.050000190734863,118400,3.2396535873413086,0.0,0.0
ADX,2005-11-09,13.069999694824219,13.149999618530273,13.020000457763672,13.050000190734863,114000,3.2396535873413086,0.0,0.0
ADX,2005-11-10,13.0,13.319999694824219,13.0,13.220000267028809,120600,3.2818572521209717,0.0,0.0
ADX,2005-11-11,13.229999542236328,13.3100004196167,13.220000267028809,13.289999961853027,90800,3.2992329597473145,0.0,0.0
ADX,2005-11-14,13.390000343322754,13.399999618530273,13.25,13.289999961853027,122400,3.2992329597473145,0.0,0.0
ADX,2005-11-15,13.260000228881836,13.289999961853027,13.1899995803833,13.199999809265137,154500,3.2768914699554443,0.0,0.0
ADX,2005-11-16,13.210000038146973,13.260000228881836,13.15999984741211,13.239999771118164,136300,3.286820888519287,0.0,0.0
ADX,2005-11-17,13.279999732971191,13.350000381469727,13.25,13.279999732971191,146300,3.2967512607574463,0.0,0.0
ADX,2005-11-18,12.520000457763672,12.649999618530273,12.520000457763672,12.619999885559082,114000,3.309865713119507,0.71,0.0
ADX,2005-11-21,12.640000343322754,12.699999809265137,12.579999923706055,12.699999809265137,117500,3.3308463096618652,0.0,0.0
ADX,2005-11-22,12.600000381469727,12.770000457763672,12.579999923706055,12.729999542236328,92700,3.338715076446533,0.0,0.0
ADX,2005-11-23,12.6899995803833,12.789999961853027,12.6899995803833,12.75,69900,3.343960762023926,0.0,0.0
ADX,2005-11-25,12.75,12.800000190734863,12.739999771118164,12.760000228881836,8200,3.346583843231201,0.0,0.0
ADX,2005-11-28,12.75,12.800000190734863,12.65999984741211,12.6899995803833,79800,3.3282246589660645,0.0,0.0
ADX,2005-11-29,12.720000267028809,12.739999771118164,12.630000114440918,12.649999618530273,84300,3.3177332878112793,0.0,0.0
ADX,2005-11-30,12.649999618530273,12.6899995803833,12.619999885559082,12.630000114440918,103400,3.312488079071045,0.0,0.0
ADX,2005-12-01,12.680000305175781,12.760000228881836,12.65999984741211,12.739999771118164,54500,3.3413383960723877,0.0,0.0
ADX,2005-12-02,12.739999771118164,12.779999732971191,12.6899995803833,12.720000267028809,67100,3.336092710494995,0.0,0.0
ADX,2005-12-05,12.720000267028809,12.770000457763672,12.699999809265137,12.75,108000,3.343960762023926,0.0,0.0
ADX,2005-12-06,12.760000228881836,12.84000015258789,12.760000228881836,12.770000457763672,86600,3.3492066860198975,0.0,0.0
ADX,2005-12-07,12.770000457763672,12.789999961853027,12.710000038146973,12.729999542236328,74900,3.338715076446533,0.0,0.0
ADX,2005-12-08,12.710000038146973,12.75,12.65999984741211,12.710000038146973,104500,3.333470106124878,0.0,0.0
ADX,2005-12-09,12.6899995803833,12.75,12.680000305175781,12.699999809265137,65200,3.3308463096618652,0.0,0.0
ADX,2005-12-12,12.720000267028809,12.779999732971191,12.649999618530273,12.680000305175781,115900,3.3256025314331055,0.0,0.0
ADX,2005-12-13,12.649999618530273,12.770000457763672,12.619999885559082,12.760000228881836,119200,3.346583843231201,0.0,0.0
ADX,2005-12-14,12.699999809265137,12.800000190734863,12.699999809265137,12.739999771118164,97400,3.3413383960723877,0.0,0.0
ADX,2005-12-15,12.75,12.789999961853027,12.720000267028809,12.789999961853027,107000,3.3544514179229736,0.0,0.0
ADX,2005-12-16,12.75,12.789999961853027,12.619999885559082,12.680000305175781,145200,3.3256025314331055,0.0,0.0
ADX,2005-12-19,12.729999542236328,12.739999771118164,12.609999656677246,12.609999656677246,111100,3.3072433471679688,0.0,0.0
ADX,2005-12-20,12.619999885559082,12.670000076293945,12.600000381469727,12.609999656677246,94100,3.3072433471679688,0.0,0.0
ADX,2005-12-21,12.609999656677246,12.729999542236328,12.609999656677246,12.65999984741211,85900,3.3203563690185547,0.0,0.0
ADX,2005-12-22,12.649999618530273,12.739999771118164,12.640000343322754,12.729999542236328,79000,3.338715076446533,0.0,0.0
ADX,2005-12-23,12.729999542236328,12.739999771118164,12.65999984741211,12.6899995803833,78600,3.3282246589660645,0.0,0.0
ADX,2005-12-27,12.739999771118164,12.75,12.630000114440918,12.640000343322754,167700,3.3151116371154785,0.0,0.0
ADX,2005-12-28,12.619999885559082,12.680000305175781,12.539999961853027,12.630000114440918,149400,3.312488079071045,0.0,0.0
ADX,2005-12-29,12.600000381469727,12.65999984741211,12.59000015258789,12.609999656677246,166900,3.3072433471679688,0.0,0.0
ADX,2005-12-30,12.609999656677246,12.609999656677246,12.520000457763672,12.550000190734863,121600,3.291506290435791,0.0,0.0
ADX,2006-01-03,12.609999656677246,12.75,12.550000190734863,12.729999542236328,186200,3.338715076446533,0.0,0.0
ADX,2006-01-04,12.720000267028809,12.850000381469727,12.710000038146973,12.739999771118164,124100,3.3413383960723877,0.0,0.0
ADX,2006-01-05,12.720000267028809,12.770000457763672,12.710000038146973,12.729999542236328,97600,3.338715076446533,0.0,0.0
ADX,2006-01-06,12.779999732971191,12.819999694824219,12.75,12.8100004196167,100900,3.3596980571746826,0.0,0.0
ADX,2006-01-09,12.829999923706055,12.949999809265137,12.819999694824219,12.890000343322754,144200,3.380680799484253,0.0,0.0
ADX,2006-01-10,12.819999694824219,12.9399995803833,12.819999694824219,12.930000305175781,146400,3.3911707401275635,0.0,0.0
ADX,2006-01-11,12.899999618530273,12.979999542236328,12.899999618530273,12.9399995803833,147400,3.3937931060791016,0.0,0.0
ADX,2006-01-12,12.90999984741211,12.970000267028809,12.880000114440918,12.90999984741211,99500,3.3859245777130127,0.0,0.0
ADX,2006-01-13,12.880000114440918,12.949999809265137,12.880000114440918,12.90999984741211,116800,3.3859245777130127,0.0,0.0
ADX,2006-01-17,12.859999656677246,12.890000343322754,12.829999923706055,12.880000114440918,124600,3.3780553340911865,0.0,0.0
ADX,2006-01-18,12.819999694824219,12.890000343322754,12.8100004196167,12.84000015258789,195500,3.3675668239593506,0.0,0.0
ADX,2006-01-19,12.899999618530273,12.979999542236328,12.880000114440918,12.9399995803833,110000,3.3937931060791016,0.0,0.0
ADX,2006-01-20,12.90999984741211,12.949999809265137,12.75,12.760000228881836,180100,3.346583843231201,0.0,0.0
ADX,2006-01-23,12.770000457763672,12.920000076293945,12.770000457763672,12.869999885559082,107700,3.3754332065582275,0.0,0.0
ADX,2006-01-24,12.859999656677246,12.930000305175781,12.84000015258789,12.859999656677246,97800,3.3728110790252686,0.0,0.0
ADX,2006-01-25,12.859999656677246,12.920000076293945,12.779999732971191,12.800000190734863,76900,3.357074499130249,0.0,0.0
ADX,2006-01-26,12.850000381469727,12.9399995803833,12.84000015258789,12.869999885559082,62900,3.3754332065582275,0.0,0.0
ADX,2006-01-27,12.899999618530273,12.979999542236328,12.880000114440918,12.960000038146973,107700,3.3990375995635986,0.0,0.0
ADX,2006-01-30,12.960000038146973,13.09000015258789,12.949999809265137,13.069999694824219,191500,3.4278879165649414,0.0,0.0
ADX,2006-01-31,13.020000457763672,13.069999694824219,12.9399995803833,13.029999732971191,115300,3.4173972606658936,0.0,0.0
ADX,2006-02-01,12.960000038146973,13.039999961853027,12.949999809265137,13.0,100000,3.4095282554626465,0.0,0.0
ADX,2006-02-02,12.970000267028809,13.010000228881836,12.90999984741211,12.9399995803833,49100,3.3937931060791016,0.0,0.0
ADX,2006-02-03,12.859999656677246,12.9399995803833,12.850000381469727,12.850000381469727,113600,3.3701887130737305,0.0,0.0
ADX,2006-02-06,12.850000381469727,12.920000076293945,12.819999694824219,12.869999885559082,92400,3.3754332065582275,0.0,0.0
ADX,2006-02-07,12.8100004196167,12.899999618530273,12.800000190734863,12.800000190734863,127300,3.357074499130249,0.0,0.0
ADX,2006-02-08,12.779999732971191,12.899999618530273,12.779999732971191,12.880000114440918,70200,3.3780553340911865,0.0,0.0
ADX,2006-02-09,12.880000114440918,12.9399995803833,12.84000015258789,12.859999656677246,49200,3.3728110790252686,0.0,0.0
ADX,2006-02-10,12.789999961853027,12.859999656677246,12.569999694824219,12.850000381469727,136900,3.3701887130737305,0.0,0.0
ADX,2006-02-13,12.779999732971191,12.84000015258789,12.720000267028809,12.770000457763672,87900,3.3492066860198975,0.0,0.0
ADX,2006-02-14,12.779999732971191,12.890000343322754,12.760000228881836,12.84000015258789,135700,3.3808040618896484,0.05,0.0
ADX,2006-02-15,12.869999885559082,13.0,12.829999923706055,12.890000343322754,122600,3.3939695358276367,0.0,0.0
ADX,2006-02-16,12.84000015258789,12.989999771118164,12.84000015258789,12.989999771118164,57300,3.420297145843506,0.0,0.0
ADX,2006-02-17,12.920000076293945,12.979999542236328,12.920000076293945,12.970000267028809,48100,3.4150304794311523,0.0,0.0
ADX,2006-02-21,12.970000267028809,12.989999771118164,12.880000114440918,12.920000076293945,109100,3.4018678665161133,0.0,0.0
ADX,2006-02-22,12.920000076293945,13.039999961853027,12.920000076293945,12.989999771118164,60200,3.420297145843506,0.0,0.0
ADX,2006-02-23,12.970000267028809,13.029999732971191,12.949999809265137,12.970000267028809,82000,3.4150304794311523,0.0,0.0
ADX,2006-02-24,12.970000267028809,13.069999694824219,12.970000267028809,13.039999961853027,102600,3.433462619781494,0.0,0.0
ADX,2006-02-27,13.020000457763672,13.130000114440918,13.020000457763672,13.069999694824219,129500,3.4413623809814453,0.0,0.0
ADX,2006-02-28,13.0600004196167,13.100000381469727,12.989999771118164,13.020000457763672,93600,3.4281983375549316,0.0,0.0
ADX,2006-03-01,13.180000305175781,13.180000305175781,13.050000190734863,13.100000381469727,174300,3.4492619037628174,0.0,0.0
ADX,2006-03-02,13.119999885559082,13.130000114440918,13.020000457763672,13.130000114440918,74100,3.4571597576141357,0.0,0.0
ADX,2006-03-03,13.050000190734863,13.140000343322754,13.029999732971191,13.0600004196167,105700,3.4387290477752686,0.0,0.0
ADX,2006-03-06,13.039999961853027,13.079999923706055,13.0,13.010000228881836,79600,3.4255635738372803,0.0,0.0
ADX,2006-03-07,12.949999809265137,13.020000457763672,12.9399995803833,13.020000457763672,60900,3.4281983375549316,0.0,0.0
ADX,2006-03-08,12.9399995803833,13.029999732971191,12.930000305175781,13.0,47800,3.4229304790496826,0.0,0.0
ADX,2006-03-09,12.949999809265137,13.039999961853027,12.920000076293945,12.9399995803833,42500,3.4071335792541504,0.0,0.0
ADX,2006-03-10,12.970000267028809,13.050000190734863,12.949999809265137,13.010000228881836,66300,3.4255635738372803,0.0,0.0
ADX,2006-03-13,12.970000267028809,13.069999694824219,12.970000267028809,13.050000190734863,79300,3.4360952377319336,0.0,0.0
ADX,2006-03-14,13.0600004196167,13.15999984741211,13.029999732971191,13.15999984741211,101300,3.465059995651245,0.0,0.0
ADX,2006-03-15,13.119999885559082,13.229999542236328,13.100000381469727,13.229999542236328,85400,3.4834907054901123,0.0,0.0
ADX,2006-03-16,13.210000038146973,13.289999961853027,13.199999809265137,13.210000038146973,103000,3.478224992752075,0.0,0.0
ADX,2006-03-17,13.229999542236328,13.3100004196167,13.220000267028809,13.300000190734863,71200,3.5019216537475586,0.0,0.0
ADX,2006-03-20,13.270000457763672,13.34000015258789,13.260000228881836,13.300000190734863,126600,3.5019216537475586,0.0,0.0
ADX,2006-03-21,13.270000457763672,13.369999885559082,13.260000228881836,13.3100004196167,162900,3.5045554637908936,0.0,0.0
ADX,2006-03-22,13.300000190734863,13.399999618530273,13.300000190734863,13.390000343322754,86800,3.525618553161621,0.0,0.0
ADX,2006-03-23,13.350000381469727,13.40999984741211,13.34000015258789,13.350000381469727,61000,3.5150856971740723,0.0,0.0
ADX,2006-03-24,13.350000381469727,13.399999618530273,13.329999923706055,13.390000343322754,71200,3.525618553161621,0.0,0.0
ADX,2006-03-27,13.350000381469727,13.390000343322754,13.300000190734863,13.319999694824219,62600,3.507187843322754,0.0,0.0
ADX,2006-03-28,13.300000190734863,13.359999656677246,13.199999809265137,13.199999809265137,115400,3.4755916595458984,0.0,0.0
ADX,2006-03-29,13.199999809265137,13.329999923706055,13.199999809265137,13.319999694824219,69200,3.507187843322754,0.0,0.0
ADX,2006-03-30,13.289999961853027,13.369999885559082,13.25,13.319999694824219,83800,3.507187843322754,0.0,0.0
ADX,2006-03-31,13.3100004196167,13.359999656677246,13.289999961853027,13.300000190734863,53800,3.5019216537475586,0.0,0.0
ADX,2006-04-03,13.319999694824219,13.4399995803833,13.3100004196167,13.329999923706055,100800,3.5098206996917725,0.0,0.0
ADX,2006-04-04,13.319999694824219,13.430000305175781,13.319999694824219,13.399999618530273,92700,3.528252363204956,0.0,0.0
ADX,2006-04-05,13.369999885559082,13.420000076293945,13.369999885559082,13.399999618530273,78500,3.528252363204956,0.0,0.0
ADX,2006-04-06,13.380000114440918,13.40999984741211,13.329999923706055,13.380000114440918,59500,3.5229852199554443,0.0,0.0
ADX,2006-04-07,13.40999984741211,13.420000076293945,13.270000457763672,13.300000190734863,166700,3.5019216537475586,0.0,0.0
ADX,2006-04-10,13.300000190734863,13.399999618530273,13.270000457763672,13.34000015258789,77400,3.512453556060791,0.0,0.0
ADX,2006-04-11,13.25,13.34000015258789,13.15999984741211,13.1899995803833,94400,3.4729578495025635,0.0,0.0
ADX,2006-04-12,13.180000305175781,13.260000228881836,13.180000305175781,13.239999771118164,62900,3.4861228466033936,0.0,0.0
ADX,2006-04-13,13.15999984741211,13.25,13.15999984741211,13.1899995803833,53200,3.4729578495025635,0.0,0.0
ADX,2006-04-17,13.170000076293945,13.229999542236328,13.09000015258789,13.119999885559082,58700,3.454526901245117,0.0,0.0
ADX,2006-04-18,13.149999618530273,13.399999618530273,13.149999618530273,13.350000381469727,110000,3.5150856971740723,0.0,0.0
ADX,2006-04-19,13.319999694824219,13.40999984741211,13.3100004196167,13.34000015258789,61500,3.512453556060791,0.0,0.0
ADX,2006-04-20,13.390000343322754,13.4399995803833,13.369999885559082,13.369999885559082,104900,3.5203514099121094,0.0,0.0
ADX,2006-04-21,13.449999809265137,13.489999771118164,13.329999923706055,13.359999656677246,162500,3.517721176147461,0.0,0.0
ADX,2006-04-24,13.369999885559082,13.420000076293945,13.199999809265137,13.279999732971191,89200,3.4966542720794678,0.0,0.0
ADX,2006-04-25,13.3100004196167,13.380000114440918,13.25,13.260000228881836,94000,3.4913904666900635,0.0,0.0
ADX,2006-04-26,13.260000228881836,13.390000343322754,13.260000228881836,13.300000190734863,63400,3.5019216537475586,0.0,0.0
ADX,2006-04-27,13.300000190734863,13.399999618530273,13.239999771118164,13.319999694824219,108900,3.507187843322754,0.0,0.0
ADX,2006-04-28,13.319999694824219,13.390000343322754,13.300000190734863,13.329999923706055,55000,3.5098206996917725,0.0,0.0
ADX,2006-05-01,13.329999923706055,13.399999618530273,13.319999694824219,13.34000015258789,56200,3.512453556060791,0.0,0.0
ADX,2006-05-02,13.350000381469727,13.470000267028809,13.350000381469727,13.420000076293945,83700,3.5335166454315186,0.0,0.0
ADX,2006-05-03,13.380000114440918,13.399999618530273,13.329999923706055,13.359999656677246,68800,3.517721176147461,0.0,0.0
ADX,2006-05-04,13.319999694824219,13.449999809265137,13.319999694824219,13.399999618530273,113000,3.528252363204956,0.0,0.0
ADX,2006-05-05,13.430000305175781,13.529999732971191,13.430000305175781,13.520000457763672,63800,3.5598487854003906,0.0,0.0
ADX,2006-05-08,13.520000457763672,13.520000457763672,13.430000305175781,13.470000267028809,84000,3.546682834625244,0.0,0.0
ADX,2006-05-09,13.420000076293945,13.479999542236328,13.40999984741211,13.420000076293945,39000,3.5335166454315186,0.0,0.0
ADX,2006-05-10,13.399999618530273,13.479999542236328,13.399999618530273,13.449999809265137,42000,3.541416883468628,0.0,0.0
ADX,2006-05-11,13.430000305175781,13.470000267028809,13.180000305175781,13.25,121400,3.488755702972412,0.0,0.0
ADX,2006-05-12,13.220000267028809,13.260000228881836,13.149999618530273,13.170000076293945,111600,3.4676926136016846,0.0,0.0
ADX,2006-05-15,13.119999885559082,13.170000076293945,13.079999923706055,13.15999984741211,77300,3.465059995651245,0.0,0.0
ADX,2006-05-16,13.140000343322754,13.149999618530273,13.0600004196167,13.079999923706055,91700,3.45712947845459,0.05,0.0
ADX,2006-05-17,13.029999732971191,13.039999961853027,12.890000343322754,12.90999984741211,84400,3.4121975898742676,0.0,0.0
ADX,2006-05-18,12.979999542236328,13.0,12.880000114440918,12.890000343322754,108900,3.406912088394165,0.0,0.0
ADX,2006-05-19,12.920000076293945,12.930000305175781,12.770000457763672,12.90999984741211,191700,3.4121975898742676,0.0,0.0
ADX,2006-05-22,12.829999923706055,12.869999885559082,12.739999771118164,12.850000381469727,113100,3.3963401317596436,0.0,0.0
ADX,2006-05-23,12.920000076293945,12.949999809265137,12.770000457763672,12.770000457763672,93600,3.375194787979126,0.0,0.0
ADX,2006-05-24,12.710000038146973,12.869999885559082,12.65999984741211,12.800000190734863,67400,3.3831238746643066,0.0,0.0
ADX,2006-05-25,12.850000381469727,12.9399995803833,12.819999694824219,12.90999984741211,62700,3.4121975898742676,0.0,0.0
ADX,2006-05-26,13.010000228881836,13.020000457763672,12.930000305175781,13.020000457763672,69000,3.441272258758545,0.0,0.0
ADX,2006-05-30,12.970000267028809,12.970000267028809,12.84000015258789,12.84000015258789,81400,3.393697738647461,0.0,0.0
ADX,2006-05-31,12.890000343322754,12.920000076293945,12.84000015258789,12.899999618530273,47700,3.409555196762085,0.0,0.0
ADX,2006-06-01,12.930000305175781,13.09000015258789,12.90999984741211,13.069999694824219,119900,3.4544878005981445,0.0,0.0
ADX,2006-06-02,13.130000114440918,13.130000114440918,13.0,13.069999694824219,80300,3.4544878005981445,0.0,0.0
ADX,2006-06-05,13.020000457763672,13.0600004196167,12.869999885559082,12.90999984741211,75400,3.4121975898742676,0.0,0.0
ADX,2006-06-06,12.859999656677246,12.920000076293945,12.779999732971191,12.829999923706055,55000,3.3910531997680664,0.0,0.0
ADX,2006-06-07,12.8100004196167,12.920000076293945,12.779999732971191,12.800000190734863,71200,3.3831238746643066,0.0,0.0
ADX,2006-06-08,12.779999732971191,12.829999923706055,12.5600004196167,12.829999923706055,99800,3.3910531997680664,0.0,0.0
ADX,2006-06-09,12.779999732971191,12.8100004196167,12.720000267028809,12.739999771118164,49300,3.3672657012939453,0.0,0.0
ADX,2006-06-12,12.75,12.760000228881836,12.569999694824219,12.59000015258789,68100,3.327619791030884,0.0,0.0
ADX,2006-06-13,12.460000038146973,12.609999656677246,12.449999809265137,12.470000267028809,129300,3.295902967453003,0.0,0.0
ADX,2006-06-14,12.460000038146973,12.529999732971191,12.369999885559082,12.449999809265137,90100,3.290616750717163,0.0,0.0
ADX,2006-06-15,12.470000267028809,12.699999809265137,12.470000267028809,12.65999984741211,192400,3.346121311187744,0.0,0.0
ADX,2006-06-16,12.600000381469727,12.65999984741211,12.5600004196167,12.600000381469727,74400,3.330263376235962,0.0,0.0
ADX,2006-06-19,12.649999618530273,12.6899995803833,12.579999923706055,12.619999885559082,374700,3.3355491161346436,0.0,0.0
ADX,2006-06-20,12.640000343322754,12.710000038146973,12.550000190734863,12.600000381469727,91300,3.330263376235962,0.0,0.0
ADX,2006-06-21,12.600000381469727,12.739999771118164,12.600000381469727,12.680000305175781,71200,3.3514082431793213,0.0,0.0
ADX,2006-06-22,12.640000343322754,12.699999809265137,12.529999732971191,12.619999885559082,75300,3.3355491161346436,0.0,0.0
ADX,2006-06-23,12.569999694824219,12.6899995803833,12.569999694824219,12.640000343322754,68200,3.3408358097076416,0.0,0.0
ADX,2006-06-26,12.630000114440918,12.670000076293945,12.609999656677246,12.65999984741211,55700,3.346121311187744,0.0,0.0
ADX,2006-06-27,12.65999984741211,12.680000305175781,12.5600004196167,12.609999656677246,62900,3.33290696144104,0.0,0.0
ADX,2006-06-28,12.569999694824219,12.640000343322754,12.569999694824219,12.640000343322754,73500,3.3408358097076416,0.0,0.0
ADX,2006-06-29,12.680000305175781,12.920000076293945,12.65999984741211,12.890000343322754,97500,3.406912088394165,0.0,0.0
ADX,2006-06-30,12.90999984741211,12.960000038146973,12.869999885559082,12.869999885559082,76300,3.401625633239746,0.0,0.0
ADX,2006-07-03,12.960000038146973,13.010000228881836,12.899999618530273,13.010000228881836,70600,3.438629150390625,0.0,0.0
ADX,2006-07-05,12.90999984741211,13.020000457763672,12.8100004196167,13.020000457763672,291400,3.441272258758545,0.0,0.0
ADX,2006-07-06,12.9399995803833,13.0600004196167,12.9399995803833,13.050000190734863,57600,3.44920015335083,0.0,0.0
ADX,2006-07-07,12.960000038146973,13.029999732971191,12.930000305175781,12.9399995803833,41900,3.420128583908081,0.0,0.0
ADX,2006-07-10,12.930000305175781,13.010000228881836,12.899999618530273,12.9399995803833,33400,3.420128583908081,0.0,0.0
ADX,2006-07-11,12.899999618530273,12.979999542236328,12.850000381469727,12.979999542236328,29600,3.430699348449707,0.0,0.0
ADX,2006-07-12,12.989999771118164,12.989999771118164,12.819999694824219,12.819999694824219,39300,3.388411045074463,0.0,0.0
ADX,2006-07-13,12.800000190734863,12.800000190734863,12.649999618530273,12.65999984741211,67300,3.346121311187744,0.0,0.0
ADX,2006-07-14,12.630000114440918,12.6899995803833,12.529999732971191,12.579999923706055,60600,3.324976682662964,0.0,0.0
ADX,2006-07-17,12.529999732971191,12.619999885559082,12.520000457763672,12.59000015258789,103600,3.327619791030884,0.0,0.0
ADX,2006-07-18,12.550000190734863,12.609999656677246,12.489999771118164,12.5600004196167,59100,3.3196918964385986,0.0,0.0
ADX,2006-07-19,12.539999961853027,12.829999923706055,12.539999961853027,12.8100004196167,77500,3.385767698287964,0.0,0.0
ADX,2006-07-20,12.819999694824219,12.880000114440918,12.680000305175781,12.699999809265137,75900,3.3566925525665283,0.0,0.0
ADX,2006-07-21,12.670000076293945,12.6899995803833,12.550000190734863,12.609999656677246,85200,3.33290696144104,0.0,0.0
ADX,2006-07-24,12.649999618530273,12.819999694824219,12.649999618530273,12.779999732971191,104700,3.3778388500213623,0.0,0.0
ADX,2006-07-25,12.760000228881836,12.890000343322754,12.739999771118164,12.880000114440918,91100,3.404268264770508,0.0,0.0
ADX,2006-07-26,12.800000190734863,12.920000076293945,12.779999732971191,12.899999618530273,77300,3.409555196762085,0.0,0.0
ADX,2006-07-27,12.880000114440918,12.9399995803833,12.800000190734863,12.84000015258789,102700,3.393697738647461,0.0,0.0
ADX,2006-07-28,12.890000343322754,12.970000267028809,12.880000114440918,12.970000267028809,136000,3.428055763244629,0.0,0.0
ADX,2006-07-31,12.920000076293945,12.949999809265137,12.899999618530273,12.949999809265137,72100,3.4227705001831055,0.0,0.0
ADX,2006-08-01,12.880000114440918,12.90999984741211,12.819999694824219,12.880000114440918,96800,3.404268264770508,0.0,0.0
ADX,2006-08-02,12.880000114440918,12.989999771118164,12.880000114440918,12.930000305175781,109500,3.417485237121582,0.0,0.0
ADX,2006-08-03,12.880000114440918,12.970000267028809,12.859999656677246,12.949999809265137,198000,3.4227705001831055,0.0,0.0
ADX,2006-08-04,13.010000228881836,13.050000190734863,12.90999984741211,12.930000305175781,90000,3.417485237121582,0.0,0.0
ADX,2006-08-07,12.920000076293945,12.970000267028809,12.890000343322754,12.930000305175781,60300,3.417485237121582,0.0,0.0
ADX,2006-08-08,12.920000076293945,12.989999771118164,12.890000343322754,12.90999984741211,81700,3.4121975898742676,0.0,0.0
ADX,2006-08-09,12.949999809265137,13.010000228881836,12.859999656677246,12.859999656677246,114000,3.3989830017089844,0.0,0.0
ADX,2006-08-10,12.789999961853027,12.920000076293945,12.789999961853027,12.920000076293945,156900,3.414841651916504,0.0,0.0
ADX,2006-08-11,12.829999923706055,12.859999656677246,12.779999732971191,12.829999923706055,84800,3.4042277336120605,0.05,0.0
ADX,2006-08-14,12.880000114440918,12.949999809265137,12.84000015258789,12.859999656677246,105100,3.412188768386841,0.0,0.0
ADX,2006-08-15,12.960000038146973,13.050000190734863,12.949999809265137,13.029999732971191,109200,3.4572947025299072,0.0,0.0
ADX,2006-08-16,13.050000190734863,13.140000343322754,13.029999732971191,13.079999923706055,78600,3.470560312271118,0.0,0.0
ADX,2006-08-17,13.100000381469727,13.170000076293945,13.069999694824219,13.15999984741211,119900,3.491787910461426,0.0,0.0
ADX,2006-08-18,13.15999984741211,13.199999809265137,13.100000381469727,13.15999984741211,91400,3.491787910461426,0.0,0.0
ADX,2006-08-21,13.130000114440918,13.15999984741211,13.079999923706055,13.140000343322754,104300,3.4864790439605713,0.0,0.0
ADX,2006-08-22,13.130000114440918,13.180000305175781,13.109999656677246,13.140000343322754,81500,3.4864790439605713,0.0,0.0
ADX,2006-08-23,13.130000114440918,13.170000076293945,13.079999923706055,13.079999923706055,90300,3.470560312271118,0.0,0.0
ADX,2006-08-24,13.109999656677246,13.140000343322754,13.079999923706055,13.130000114440918,37400,3.483827590942383,0.0,0.0
ADX,2006-08-25,13.079999923706055,13.140000343322754,13.0600004196167,13.119999885559082,65100,3.4811744689941406,0.0,0.0
ADX,2006-08-28,13.079999923706055,13.1899995803833,13.069999694824219,13.149999618530273,121000,3.489133596420288,0.0,0.0
ADX,2006-08-29,13.1899995803833,13.1899995803833,13.09000015258789,13.1899995803833,66600,3.4997477531433105,0.0,0.0
ADX,2006-08-30,13.180000305175781,13.220000267028809,13.170000076293945,13.180000305175781,56100,3.4970929622650146,0.0,0.0
ADX,2006-08-31,13.220000267028809,13.220000267028809,13.170000076293945,13.220000267028809,34500,3.507708787918091,0.0,0.0
ADX,2006-09-01,13.239999771118164,13.3100004196167,13.210000038146973,13.270000457763672,192400,3.5209758281707764,0.0,0.0
ADX,2006-09-05,13.270000457763672,13.300000190734863,13.25,13.260000228881836,54800,3.518322229385376,0.0,0.0
ADX,2006-09-06,13.220000267028809,13.229999542236328,13.119999885559082,13.119999885559082,48000,3.4811744689941406,0.0,0.0
ADX,2006-09-07,13.109999656677246,13.140000343322754,13.0600004196167,13.0600004196167,73800,3.465254783630371,0.0,0.0
ADX,2006-09-08,13.079999923706055,13.149999618530273,13.069999694824219,13.119999885559082,84600,3.4811744689941406,0.0,0.0
ADX,2006-09-11,13.100000381469727,13.180000305175781,13.050000190734863,13.130000114440918,63700,3.483827590942383,0.0,0.0
ADX,2006-09-12,13.130000114440918,13.270000457763672,13.119999885559082,13.260000228881836,53500,3.518322229385376,0.0,0.0
ADX,2006-09-13,13.220000267028809,13.359999656677246,13.210000038146973,13.300000190734863,194900,3.528933525085449,0.0,0.0
ADX,2006-09-14,13.270000457763672,13.300000190734863,13.239999771118164,13.270000457763672,103300,3.5209758281707764,0.0,0.0
ADX,2006-09-15,13.3100004196167,13.350000381469727,13.270000457763672,13.3100004196167,97100,3.531588554382324,0.0,0.0
ADX,2006-09-18,13.300000190734863,13.329999923706055,13.270000457763672,13.3100004196167,91100,3.531588554382324,0.0,0.0
ADX,2006-09-19,13.300000190734863,13.319999694824219,13.210000038146973,13.279999732971191,36700,3.5236258506774902,0.0,0.0
ADX,2006-09-20,13.3100004196167,13.390000343322754,13.3100004196167,13.350000381469727,94300,3.5421998500823975,0.0,0.0
ADX,2006-09-21,13.359999656677246,13.380000114440918,13.279999732971191,13.3100004196167,92700,3.531588554382324,0.0,0.0
ADX,2006-09-22,13.289999961853027,13.319999694824219,13.220000267028809,13.289999961853027,145000,3.5262818336486816,0.0,0.0
ADX,2006-09-25,13.270000457763672,13.399999618530273,13.239999771118164,13.399999618530273,184000,3.555466890335083,0.0,0.0
ADX,2006-09-26,13.40999984741211,13.539999961853027,13.380000114440918,13.529999732971191,201500,3.589961051940918,0.0,0.0
ADX,2006-09-27,13.4399995803833,13.550000190734863,13.4399995803833,13.489999771118164,160500,3.5793488025665283,0.0,0.0
ADX,2006-09-28,13.5,13.529999732971191,13.479999542236328,13.520000457763672,59800,3.587308406829834,0.0,0.0
ADX,2006-09-29,13.5,13.550000190734863,13.479999542236328,13.520000457763672,96400,3.587308406829834,0.0,0.0
ADX,2006-10-02,13.489999771118164,13.539999961853027,13.449999809265137,13.449999809265137,80200,3.5687339305877686,0.0,0.0
ADX,2006-10-03,13.359999656677246,13.520000457763672,13.359999656677246,13.479999542236328,66100,3.576692819595337,0.0,0.0
ADX,2006-10-04,13.460000038146973,13.640000343322754,13.449999809265137,13.640000343322754,121800,3.619147777557373,0.0,0.0
ADX,2006-10-05,13.600000381469727,13.649999618530273,13.569999694824219,13.619999885559082,92600,3.613840103149414,0.0,0.0
ADX,2006-10-06,13.569999694824219,13.609999656677246,13.550000190734863,13.609999656677246,81100,3.6111881732940674,0.0,0.0
ADX,2006-10-09,13.569999694824219,13.680000305175781,13.5600004196167,13.680000305175781,105200,3.6297607421875,0.0,0.0
ADX,2006-10-10,13.680000305175781,13.739999771118164,13.640000343322754,13.739999771118164,235700,3.6456806659698486,0.0,0.0
ADX,2006-10-11,13.720000267028809,13.729999542236328,13.649999618530273,13.649999618530273,102200,3.621800422668457,0.0,0.0
ADX,2006-10-12,13.649999618530273,13.829999923706055,13.649999618530273,13.779999732971191,138400,3.6562938690185547,0.0,0.0
ADX,2006-10-13,13.699999809265137,13.850000381469727,13.699999809265137,13.819999694824219,108800,3.6669068336486816,0.0,0.0
ADX,2006-10-16,13.850000381469727,13.90999984741211,13.779999732971191,13.869999885559082,99400,3.6801743507385254,0.0,0.0
ADX,2006-10-17,13.800000190734863,13.850000381469727,13.6899995803833,13.829999923706055,84800,3.669560194015503,0.0,0.0
ADX,2006-10-18,13.850000381469727,13.989999771118164,13.84000015258789,13.850000381469727,103600,3.6748669147491455,0.0,0.0
ADX,2006-10-19,13.850000381469727,13.890000343322754,13.819999694824219,13.84000015258789,63900,3.6722161769866943,0.0,0.0
ADX,2006-10-20,13.829999923706055,13.84000015258789,13.800000190734863,13.819999694824219,109600,3.6669068336486816,0.0,0.0
ADX,2006-10-23,13.800000190734863,13.949999809265137,13.800000190734863,13.890000343322754,114700,3.6854817867279053,0.0,0.0
ADX,2006-10-24,13.890000343322754,13.9399995803833,13.869999885559082,13.90999984741211,84900,3.6907875537872314,0.0,0.0
ADX,2006-10-25,13.90999984741211,13.989999771118164,13.899999618530273,13.970000267028809,103600,3.7067086696624756,0.0,0.0
ADX,2006-10-26,13.960000038146973,14.069999694824219,13.960000038146973,14.020000457763672,86100,3.719974994659424,0.0,0.0
ADX,2006-10-27,13.949999809265137,14.020000457763672,13.90999984741211,13.930000305175781,91500,3.6960928440093994,0.0,0.0
ADX,2006-10-30,13.829999923706055,13.949999809265137,13.819999694824219,13.930000305175781,144700,3.6960928440093994,0.0,0.0
ADX,2006-10-31,13.979999542236328,14.0,13.90999984741211,13.90999984741211,149300,3.6907875537872314,0.0,0.0
ADX,2006-11-01,13.9399995803833,14.050000190734863,13.84000015258789,13.859999656677246,244300,3.677520751953125,0.0,0.0
ADX,2006-11-02,13.819999694824219,13.84000015258789,13.779999732971191,13.829999923706055,131400,3.669560194015503,0.0,0.0
ADX,2006-11-03,13.8100004196167,13.850000381469727,13.760000228881836,13.819999694824219,92200,3.6669068336486816,0.0,0.0
ADX,2006-11-06,13.819999694824219,13.989999771118164,13.819999694824219,13.9399995803833,155000,3.6987478733062744,0.0,0.0
ADX,2006-11-07,13.989999771118164,14.050000190734863,13.970000267028809,14.039999961853027,86300,3.72528076171875,0.0,0.0
ADX,2006-11-08,13.960000038146973,14.109999656677246,13.920000076293945,14.100000381469727,105500,3.741201639175415,0.0,0.0
ADX,2006-11-09,14.079999923706055,14.180000305175781,14.079999923706055,14.109999656677246,134100,3.743853807449341,0.0,0.0
ADX,2006-11-10,14.180000305175781,14.199999809265137,14.130000114440918,14.170000076293945,209200,3.759774923324585,0.0,0.0
ADX,2006-11-13,14.180000305175781,14.279999732971191,14.180000305175781,14.25,110900,3.7810018062591553,0.0,0.0
ADX,2006-11-14,14.300000190734863,14.350000381469727,14.170000076293945,14.270000457763672,150600,3.7863073348999023,0.0,0.0
ADX,2006-11-15,14.270000457763672,14.319999694824219,14.25,14.289999961853027,89000,3.791614294052124,0.0,0.0
ADX,2006-11-16,14.359999656677246,14.369999885559082,14.289999961853027,14.319999694824219,151000,3.799574375152588,0.0,0.0
ADX,2006-11-17,13.569999694824219,13.699999809265137,13.569999694824219,13.640000343322754,182300,3.81917405128479,0.75,0.0
ADX,2006-11-20,13.59000015258789,13.640000343322754,13.569999694824219,13.600000381469727,81100,3.8079748153686523,0.0,0.0
ADX,2006-11-21,13.569999694824219,13.649999618530273,13.569999694824219,13.609999656677246,69100,3.8107752799987793,0.0,0.0
ADX,2006-11-22,13.600000381469727,13.670000076293945,13.59000015258789,13.619999885559082,44700,3.8135735988616943,0.0,0.0
ADX,2006-11-24,13.550000190734863,13.65999984741211,13.550000190734863,13.649999618530273,27900,3.821974039077759,0.0,0.0
ADX,2006-11-27,13.59000015258789,13.630000114440918,13.369999885559082,13.40999984741211,154100,3.7547736167907715,0.0,0.0
ADX,2006-11-28,13.430000305175781,13.489999771118164,13.329999923706055,13.4399995803833,93200,3.763174295425415,0.0,0.0
ADX,2006-11-29,13.460000038146973,13.579999923706055,13.460000038146973,13.550000190734863,99900,3.7939751148223877,0.0,0.0
ADX,2006-11-30,13.569999694824219,13.630000114440918,13.510000228881836,13.630000114440918,72500,3.8163750171661377,0.0,0.0
ADX,2006-12-01,13.579999923706055,13.630000114440918,13.5,13.550000190734863,99800,3.7939751148223877,0.0,0.0
ADX,2006-12-04,13.569999694824219,13.720000267028809,13.569999694824219,13.699999809265137,91500,3.8359742164611816,0.0,0.0
ADX,2006-12-05,13.720000267028809,13.75,13.699999809265137,13.739999771118164,71400,3.8471739292144775,0.0,0.0
ADX,2006-12-06,13.699999809265137,13.789999961853027,13.680000305175781,13.699999809265137,70400,3.8359742164611816,0.0,0.0
ADX,2006-12-07,13.720000267028809,13.75,13.680000305175781,13.720000267028809,34100,3.841573715209961,0.0,0.0
ADX,2006-12-08,13.729999542236328,13.75,13.65999984741211,13.699999809265137,44400,3.8359742164611816,0.0,0.0
ADX,2006-12-11,13.6899995803833,13.8100004196167,13.6899995803833,13.800000190734863,65300,3.8639743328094482,0.0,0.0
ADX,2006-12-12,13.75,13.8100004196167,13.6899995803833,13.779999732971191,60100,3.858372449874878,0.0,0.0
ADX,2006-12-13,13.760000228881836,13.819999694824219,13.699999809265137,13.720000267028809,62900,3.841573715209961,0.0,0.0
ADX,2006-12-14,13.720000267028809,13.899999618530273,13.720000267028809,13.800000190734863,119800,3.8639743328094482,0.0,0.0
ADX,2006-12-15,13.84000015258789,13.9399995803833,13.829999923706055,13.920000076293945,116500,3.8975746631622314,0.0,0.0
ADX,2006-12-18,13.920000076293945,13.970000267028809,13.779999732971191,13.850000381469727,85900,3.8779735565185547,0.0,0.0
ADX,2006-12-19,13.8100004196167,13.890000343322754,13.75,13.850000381469727,69900,3.8779735565185547,0.0,0.0
ADX,2006-12-20,13.789999961853027,13.930000305175781,13.789999961853027,13.899999618530273,70300,3.8919732570648193,0.0,0.0
ADX,2006-12-21,13.850000381469727,13.90999984741211,13.789999961853027,13.819999694824219,81200,3.8695712089538574,0.0,0.0
ADX,2006-12-22,13.800000190734863,13.829999923706055,13.729999542236328,13.75,112700,3.84997296333313,0.0,0.0
ADX,2006-12-26,13.729999542236328,13.90999984741211,13.729999542236328,13.84000015258789,115700,3.8751752376556396,0.0,0.0
ADX,2006-12-27,13.899999618530273,13.949999809265137,13.850000381469727,13.930000305175781,166400,3.900373697280884,0.0,0.0
ADX,2006-12-28,13.869999885559082,13.9399995803833,13.869999885559082,13.930000305175781,87900,3.900373697280884,0.0,0.0
ADX,2006-12-29,13.930000305175781,13.979999542236328,13.779999732971191,13.869999885559082,132600,3.8835744857788086,0.0,0.0
ADX,2007-01-03,13.850000381469727,13.9399995803833,13.710000038146973,13.770000457763672,130100,3.855573892593384,0.0,0.0
ADX,2007-01-04,13.75,13.850000381469727,13.729999542236328,13.729999542236328,135100,3.8443751335144043,0.0,0.0
ADX,2007-01-05,13.729999542236328,13.729999542236328,13.600000381469727,13.670000076293945,177900,3.8275742530822754,0.0,0.0
ADX,2007-01-08,13.65999984741211,13.699999809265137,13.609999656677246,13.699999809265137,90300,3.8359742164611816,0.0,0.0
ADX,2007-01-09,13.670000076293945,13.699999809265137,13.609999656677246,13.670000076293945,125500,3.8275742530822754,0.0,0.0
ADX,2007-01-10,13.619999885559082,13.6899995803833,13.609999656677246,13.6899995803833,69200,3.833174705505371,0.0,0.0
ADX,2007-01-11,13.649999618530273,13.8100004196167,13.649999618530273,13.800000190734863,133900,3.8639743328094482,0.0,0.0
ADX,2007-01-12,13.75,13.819999694824219,13.75,13.770000457763672,105200,3.855573892593384,0.0,0.0
ADX,2007-01-16,13.779999732971191,13.880000114440918,13.779999732971191,13.850000381469727,115800,3.8779735565185547,0.0,0.0
ADX,2007-01-17,13.819999694824219,13.880000114440918,13.800000190734863,13.880000114440918,63800,3.886373996734619,0.0,0.0
ADX,2007-01-18,13.850000381469727,13.880000114440918,13.800000190734863,13.859999656677246,81800,3.8807740211486816,0.0,0.0
ADX,2007-01-19,13.829999923706055,13.869999885559082,13.829999923706055,13.869999885559082,84800,3.8835744857788086,0.0,0.0
ADX,2007-01-22,13.84000015258789,13.890000343322754,13.770000457763672,13.859999656677246,144700,3.8807740211486816,0.0,0.0
ADX,2007-01-23,13.859999656677246,13.880000114440918,13.829999923706055,13.850000381469727,151900,3.8779735565185547,0.0,0.0
ADX,2007-01-24,13.850000381469727,14.0,13.850000381469727,13.899999618530273,200600,3.8919732570648193,0.0,0.0
ADX,2007-01-25,13.890000343322754,13.920000076293945,13.770000457763672,13.800000190734863,107700,3.8639743328094482,0.0,0.0
ADX,2007-01-26,13.829999923706055,13.829999923706055,13.720000267028809,13.800000190734863,75300,3.8639743328094482,0.0,0.0
ADX,2007-01-29,13.800000190734863,13.84000015258789,13.760000228881836,13.770000457763672,165300,3.855573892593384,0.0,0.0
ADX,2007-01-30,13.789999961853027,13.819999694824219,13.770000457763672,13.8100004196167,58900,3.8667752742767334,0.0,0.0
ADX,2007-01-31,13.8100004196167,13.920000076293945,13.779999732971191,13.90999984741211,308300,3.894773244857788,0.0,0.0
ADX,2007-02-01,13.90999984741211,13.970000267028809,13.899999618530273,13.960000038146973,91300,3.9087724685668945,0.0,0.0
ADX,2007-02-02,13.949999809265137,13.989999771118164,13.9399995803833,13.979999542236328,109600,3.914374351501465,0.0,0.0
ADX,2007-02-05,13.979999542236328,14.010000228881836,13.960000038146973,14.0,70800,3.919973850250244,0.0,0.0
ADX,2007-02-06,14.010000228881836,14.0600004196167,13.979999542236328,14.010000228881836,128100,3.922774314880371,0.0,0.0
ADX,2007-02-07,14.039999961853027,14.09000015258789,14.029999732971191,14.029999732971191,46300,3.928372859954834,0.0,0.0
ADX,2007-02-08,14.029999732971191,14.039999961853027,13.979999542236328,14.0,83900,3.919973850250244,0.0,0.0
ADX,2007-02-09,13.979999542236328,14.0600004196167,13.899999618530273,13.9399995803833,116400,3.903174638748169,0.0,0.0
ADX,2007-02-12,13.930000305175781,13.979999542236328,13.869999885559082,13.930000305175781,80600,3.900373697280884,0.0,0.0
ADX,2007-02-13,13.90999984741211,13.989999771118164,13.869999885559082,13.970000267028809,90700,3.9256653785705566,0.05,0.0
ADX,2007-02-14,13.979999542236328,14.069999694824219,13.979999542236328,14.029999732971191,128900,3.942523241043091,0.0,0.0
ADX,2007-02-15,13.970000267028809,14.100000381469727,13.970000267028809,14.100000381469727,105200,3.96219539642334,0.0,0.0
ADX,2007-02-16,14.050000190734863,14.079999923706055,14.010000228881836,14.050000190734863,66300,3.948143482208252,0.0,0.0
ADX,2007-02-20,14.029999732971191,14.149999618530273,13.970000267028809,14.140000343322754,141700,3.973436117172241,0.0,0.0
ADX,2007-02-21,14.130000114440918,14.180000305175781,14.09000015258789,14.170000076293945,90700,3.9818665981292725,0.0,0.0
ADX,2007-02-22,14.180000305175781,14.210000038146973,14.069999694824219,14.140000343322754,121400,3.973436117172241,0.0,0.0
ADX,2007-02-23,14.109999656677246,14.109999656677246,14.029999732971191,14.09000015258789,110800,3.959383964538574,0.0,0.0
ADX,2007-02-26,14.140000343322754,14.140000343322754,14.050000190734863,14.109999656677246,137400,3.9650063514709473,0.0,0.0
ADX,2007-02-27,14.010000228881836,14.020000457763672,13.510000228881836,13.75,176600,3.863844156265259,0.0,0.0
ADX,2007-02-28,13.779999732971191,13.819999694824219,13.670000076293945,13.770000457763672,195300,3.8694629669189453,0.0,0.0
ADX,2007-03-01,13.680000305175781,13.800000190734863,13.5,13.760000228881836,174100,3.866654634475708,0.0,0.0
ADX,2007-03-02,13.729999542236328,13.770000457763672,13.550000190734863,13.579999923706055,117600,3.8160722255706787,0.0,0.0
ADX,2007-03-05,13.460000038146973,13.600000381469727,13.420000076293945,13.460000038146973,206400,3.7823500633239746,0.0,0.0
ADX,2007-03-06,13.529999732971191,13.710000038146973,13.529999732971191,13.65999984741211,78100,3.8385510444641113,0.0,0.0
ADX,2007-03-07,13.630000114440918,13.699999809265137,13.579999923706055,13.619999885559082,73000,3.8273119926452637,0.0,0.0
ADX,2007-03-08,13.699999809265137,13.850000381469727,13.680000305175781,13.789999961853027,97400,3.8750832080841064,0.0,0.0
ADX,2007-03-09,13.779999732971191,13.890000343322754,13.739999771118164,13.850000381469727,84300,3.8919436931610107,0.0,0.0
ADX,2007-03-12,13.739999771118164,13.890000343322754,13.739999771118164,13.869999885559082,92100,3.8975651264190674,0.0,0.0
ADX,2007-03-13,13.770000457763672,13.819999694824219,13.550000190734863,13.600000381469727,117500,3.8216922283172607,0.0,0.0
ADX,2007-03-14,13.550000190734863,13.649999618530273,13.5,13.630000114440918,183600,3.8301219940185547,0.0,0.0
ADX,2007-03-15,13.600000381469727,13.720000267028809,13.579999923706055,13.65999984741211,82000,3.8385510444641113,0.0,0.0
ADX,2007-03-16,13.680000305175781,13.729999542236328,13.630000114440918,13.680000305175781,96600,3.8441720008850098,0.0,0.0
ADX,2007-03-19,13.699999809265137,13.779999732971191,13.670000076293945,13.770000457763672,135400,3.8694629669189453,0.0,0.0
ADX,2007-03-20,13.75,13.880000114440918,13.75,13.850000381469727,66100,3.8919436931610107,0.0,0.0
ADX,2007-03-21,13.890000343322754,14.09000015258789,13.84000015258789,14.09000015258789,103500,3.959383964538574,0.0,0.0
ADX,2007-03-22,14.050000190734863,14.109999656677246,13.920000076293945,14.09000015258789,104800,3.959383964538574,0.0,0.0
ADX,2007-03-23,14.0600004196167,14.130000114440918,14.050000190734863,14.079999923706055,51400,3.9565744400024414,0.0,0.0
ADX,2007-03-26,14.149999618530273,14.149999618530273,13.949999809265137,14.079999923706055,87300,3.9565744400024414,0.0,0.0
ADX,2007-03-27,14.0600004196167,14.100000381469727,14.029999732971191,14.039999961853027,54600,3.9453349113464355,0.0,0.0
ADX,2007-03-28,14.0,14.0,13.920000076293945,14.0,67900,3.934093713760376,0.0,0.0
ADX,2007-03-29,14.130000114440918,14.149999618530273,13.930000305175781,14.039999961853027,72300,3.9453349113464355,0.0,0.0
ADX,2007-03-30,14.029999732971191,14.09000015258789,13.90999984741211,14.020000457763672,64900,3.9397144317626953,0.0,0.0
ADX,2007-04-02,14.010000228881836,14.029999732971191,13.9399995803833,13.949999809265137,111300,3.920043706893921,0.0,0.0
ADX,2007-04-03,14.010000228881836,14.09000015258789,14.0,14.0600004196167,107600,3.9509549140930176,0.0,0.0
ADX,2007-04-04,14.0600004196167,14.100000381469727,14.039999961853027,14.09000015258789,78300,3.959383964538574,0.0,0.0
ADX,2007-04-05,14.069999694824219,14.109999656677246,14.0600004196167,14.100000381469727,43100,3.96219539642334,0.0,0.0
ADX,2007-04-09,14.210000038146973,14.270000457763672,14.130000114440918,14.199999809265137,137600,3.990295648574829,0.0,0.0
ADX,2007-04-10,14.199999809265137,14.260000228881836,14.180000305175781,14.25,48800,4.00434684753418,0.0,0.0
ADX,2007-04-11,14.25,14.270000457763672,14.130000114440918,14.15999984741211,101700,3.9790549278259277,0.0,0.0
ADX,2007-04-12,14.119999885559082,14.260000228881836,14.109999656677246,14.260000228881836,186800,4.007156848907471,0.0,0.0
ADX,2007-04-13,14.329999923706055,14.34000015258789,14.229999542236328,14.34000015258789,102800,4.029636859893799,0.0,0.0
ADX,2007-04-16,14.380000114440918,14.479999542236328,14.380000114440918,14.40999984741211,103700,4.049307346343994,0.0,0.0
ADX,2007-04-17,14.420000076293945,14.460000038146973,14.390000343322754,14.4399995803833,62900,4.057738780975342,0.0,0.0
ADX,2007-04-18,14.350000381469727,14.470000267028809,14.350000381469727,14.4399995803833,48000,4.057738780975342,0.0,0.0
ADX,2007-04-19,14.359999656677246,14.449999809265137,14.359999656677246,14.420000076293945,54000,4.052118301391602,0.0,0.0
ADX,2007-04-20,14.489999771118164,14.609999656677246,14.470000267028809,14.5,113800,4.074599742889404,0.0,0.0
ADX,2007-04-23,14.5,14.539999961853027,14.470000267028809,14.489999771118164,74000,4.071788787841797,0.0,0.0
ADX,2007-04-24,14.510000228881836,14.550000190734863,14.460000038146973,14.550000190734863,37700,4.088649749755859,0.0,0.0
ADX,2007-04-25,14.550000190734863,14.640000343322754,14.550000190734863,14.609999656677246,88000,4.105508804321289,0.0,0.0
ADX,2007-04-26,14.630000114440918,14.720000267028809,14.619999885559082,14.619999885559082,52000,4.1083197593688965,0.0,0.0
ADX,2007-04-27,14.579999923706055,14.729999542236328,14.579999923706055,14.710000038146973,92600,4.133608818054199,0.0,0.0
ADX,2007-04-30,14.6899995803833,14.770000457763672,14.649999618530273,14.649999618530273,158600,4.116748332977295,0.0,0.0
ADX,2007-05-01,14.600000381469727,14.670000076293945,14.5600004196167,14.649999618530273,90600,4.116748332977295,0.0,0.0
ADX,2007-05-02,14.649999618530273,14.779999732971191,14.649999618530273,14.739999771118164,63800,4.142038822174072,0.0,0.0
ADX,2007-05-03,14.75,14.789999961853027,14.699999809265137,14.779999732971191,67000,4.153279781341553,0.0,0.0
ADX,2007-05-04,14.760000228881836,14.829999923706055,14.75,14.75,87000,4.144850730895996,0.0,0.0
ADX,2007-05-07,14.760000228881836,14.850000381469727,14.760000228881836,14.770000457763672,162500,4.15047025680542,0.0,0.0
ADX,2007-05-08,14.729999542236328,14.8100004196167,14.729999542236328,14.770000457763672,70700,4.15047025680542,0.0,0.0
ADX,2007-05-09,14.770000457763672,14.920000076293945,14.760000228881836,14.890000343322754,71200,4.1841912269592285,0.0,0.0
ADX,2007-05-10,14.850000381469727,14.869999885559082,14.699999809265137,14.699999809265137,93700,4.130799770355225,0.0,0.0
ADX,2007-05-11,14.720000267028809,14.850000381469727,14.720000267028809,14.800000190734863,61300,4.158900260925293,0.0,0.0
ADX,2007-05-14,14.800000190734863,14.880000114440918,14.800000190734863,14.84000015258789,37100,4.170138359069824,0.0,0.0
ADX,2007-05-15,14.789999961853027,14.859999656677246,14.779999732971191,14.779999732971191,72400,4.16732120513916,0.05,0.0
ADX,2007-05-16,14.729999542236328,14.800000190734863,14.710000038146973,14.800000190734863,75500,4.1729607582092285,0.0,0.0
ADX,2007-05-17,14.800000190734863,14.829999923706055,14.75,14.779999732971191,69800,4.16732120513916,0.0,0.0
ADX,2007-05-18,14.829999923706055,14.859999656677246,14.8100004196167,14.859999656677246,57600,4.189876556396484,0.0,0.0
ADX,2007-05-21,14.890000343322754,14.979999542236328,14.859999656677246,14.890000343322754,94800,4.19833517074585,0.0,0.0
ADX,2007-05-22,14.930000305175781,14.970000267028809,14.920000076293945,14.920000076293945,61600,4.206796169281006,0.0,0.0
ADX,2007-05-23,14.949999809265137,15.0,14.920000076293945,14.930000305175781,136000,4.2096147537231445,0.0,0.0
ADX,2007-05-24,14.90999984741211,14.970000267028809,14.75,14.779999732971191,105100,4.16732120513916,0.0,0.0
ADX,2007-05-25,14.800000190734863,14.859999656677246,14.770000457763672,14.859999656677246,44600,4.189876556396484,0.0,0.0
ADX,2007-05-29,14.859999656677246,14.949999809265137,14.8100004196167,14.84000015258789,51000,4.184238433837891,0.0,0.0
ADX,2007-05-30,14.819999694824219,14.9399995803833,14.760000228881836,14.9399995803833,106200,4.212432861328125,0.0,0.0
ADX,2007-05-31,14.960000038146973,14.979999542236328,14.90999984741211,14.949999809265137,79500,4.2152533531188965,0.0,0.0
ADX,2007-06-01,15.0,15.069999694824219,14.949999809265137,14.979999542236328,135000,4.223713397979736,0.0,0.0
ADX,2007-06-04,14.989999771118164,15.069999694824219,14.960000038146973,15.069999694824219,71800,4.24908971786499,0.0,0.0
ADX,2007-06-05,14.989999771118164,15.020000457763672,14.949999809265137,15.010000228881836,54200,4.232171535491943,0.0,0.0
ADX,2007-06-06,14.890000343322754,14.930000305175781,14.800000190734863,14.890000343322754,69500,4.19833517074585,0.0,0.0
ADX,2007-06-07,14.8100004196167,14.869999885559082,14.640000343322754,14.640000343322754,59500,4.127847194671631,0.0,0.0
ADX,2007-06-08,14.609999656677246,14.829999923706055,14.59000015258789,14.829999923706055,91200,4.181419372558594,0.0,0.0
ADX,2007-06-11,14.829999923706055,14.930000305175781,14.8100004196167,14.890000343322754,35000,4.19833517074585,0.0,0.0
ADX,2007-06-12,14.819999694824219,14.84000015258789,14.739999771118164,14.760000228881836,64800,4.16168212890625,0.0,0.0
ADX,2007-06-13,14.800000190734863,14.880000114440918,14.720000267028809,14.880000114440918,46600,4.195516586303711,0.0,0.0
ADX,2007-06-14,14.869999885559082,14.989999771118164,14.869999885559082,14.960000038146973,47000,4.218072891235352,0.0,0.0
ADX,2007-06-15,15.050000190734863,15.119999885559082,15.029999732971191,15.100000381469727,68900,4.257547378540039,0.0,0.0
ADX,2007-06-18,15.130000114440918,15.149999618530273,15.029999732971191,15.079999923706055,52700,4.251909255981445,0.0,0.0
ADX,2007-06-19,15.020000457763672,15.149999618530273,15.010000228881836,15.130000114440918,64000,4.266005039215088,0.0,0.0
ADX,2007-06-20,15.119999885559082,15.140000343322754,15.029999732971191,15.039999961853027,104500,4.240628242492676,0.0,0.0
ADX,2007-06-21,15.010000228881836,15.039999961853027,14.880000114440918,14.979999542236328,147700,4.223713397979736,0.0,0.0
ADX,2007-06-22,14.899999618530273,14.970000267028809,14.65999984741211,14.850000381469727,119000,4.1870574951171875,0.0,0.0
ADX,2007-06-25,14.819999694824219,14.979999542236328,14.8100004196167,14.850000381469727,57500,4.1870574951171875,0.0,0.0
ADX,2007-06-26,14.84000015258789,14.90999984741211,14.8100004196167,14.829999923706055,41900,4.181419372558594,0.0,0.0
ADX,2007-06-27,14.75,14.930000305175781,14.729999542236328,14.930000305175781,146700,4.2096147537231445,0.0,0.0
ADX,2007-06-28,14.890000343322754,14.960000038146973,14.84000015258789,14.890000343322754,59300,4.19833517074585,0.0,0.0
ADX,2007-06-29,14.899999618530273,14.989999771118164,14.779999732971191,14.890000343322754,42900,4.19833517074585,0.0,0.0
ADX,2007-07-02,14.90999984741211,15.039999961853027,14.90999984741211,15.020000457763672,33400,4.23499059677124,0.0,0.0
ADX,2007-07-03,15.100000381469727,15.130000114440918,15.020000457763672,15.029999732971191,28600,4.237808704376221,0.0,0.0
ADX,2007-07-05,15.039999961853027,15.069999694824219,15.020000457763672,15.050000190734863,53500,4.243448734283447,0.0,0.0
ADX,2007-07-06,15.0600004196167,15.140000343322754,15.050000190734863,15.140000343322754,51200,4.268826007843018,0.0,0.0
ADX,2007-07-09,15.180000305175781,15.239999771118164,15.15999984741211,15.239999771118164,46500,4.297020435333252,0.0,0.0
ADX,2007-07-10,15.140000343322754,15.199999809265137,15.029999732971191,15.069999694824219,68200,4.24908971786499,0.0,0.0
ADX,2007-07-11,15.0,15.140000343322754,14.979999542236328,15.039999961853027,59100,4.240628242492676,0.0,0.0
ADX,2007-07-12,15.079999923706055,15.289999961853027,15.079999923706055,15.289999961853027,71900,4.311120510101318,0.0,0.0
ADX,2007-07-13,15.289999961853027,15.380000114440918,15.270000457763672,15.380000114440918,123400,4.336496829986572,0.0,0.0
ADX,2007-07-16,15.3100004196167,15.399999618530273,15.3100004196167,15.369999885559082,74200,4.333676815032959,0.0,0.0
ADX,2007-07-17,15.329999923706055,15.390000343322754,15.300000190734863,15.350000381469727,46800,4.328036308288574,0.0,0.0
ADX,2007-07-18,15.289999961853027,15.319999694824219,15.180000305175781,15.279999732971191,43900,4.308298587799072,0.0,0.0
ADX,2007-07-19,15.319999694824219,15.399999618530273,15.300000190734863,15.34000015258789,45600,4.3252177238464355,0.0,0.0
ADX,2007-07-20,15.270000457763672,15.3100004196167,15.15999984741211,15.199999809265137,51300,4.285742282867432,0.0,0.0
ADX,2007-07-23,15.300000190734863,15.359999656677246,15.239999771118164,15.319999694824219,35600,4.319578647613525,0.0,0.0
ADX,2007-07-24,15.220000267028809,15.25,14.9399995803833,14.979999542236328,69800,4.223713397979736,0.0,0.0
ADX,2007-07-25,15.029999732971191,15.119999885559082,14.949999809265137,15.020000457763672,83200,4.23499059677124,0.0,0.0
ADX,2007-07-26,14.9399995803833,14.9399995803833,14.539999961853027,14.710000038146973,141600,4.1475830078125,0.0,0.0
ADX,2007-07-27,14.649999618530273,14.710000038146973,14.369999885559082,14.470000267028809,205700,4.079914569854736,0.0,0.0
ADX,2007-07-30,14.529999732971191,14.670000076293945,14.350000381469727,14.65999984741211,98900,4.133486270904541,0.0,0.0
ADX,2007-07-31,14.75,14.800000190734863,14.5,14.5,104300,4.088374137878418,0.0,0.0
ADX,2007-08-01,14.420000076293945,14.5600004196167,14.319999694824219,14.5600004196167,108100,4.10529088973999,0.0,0.0
ADX,2007-08-02,14.579999923706055,14.670000076293945,14.510000228881836,14.670000076293945,59800,4.136305809020996,0.0,0.0
ADX,2007-08-03,14.640000343322754,14.649999618530273,14.34000015258789,14.350000381469727,77300,4.046079158782959,0.0,0.0
ADX,2007-08-06,14.239999771118164,14.649999618530273,14.050000190734863,14.649999618530273,106200,4.130667209625244,0.0,0.0
ADX,2007-08-07,14.5,14.789999961853027,14.489999771118164,14.6899995803833,57600,4.141944885253906,0.0,0.0
ADX,2007-08-08,14.720000267028809,14.960000038146973,14.6899995803833,14.829999923706055,52300,4.181419372558594,0.0,0.0
ADX,2007-08-09,14.65999984741211,14.800000190734863,14.5600004196167,14.579999923706055,98000,4.110929012298584,0.0,0.0
ADX,2007-08-10,14.319999694824219,14.600000381469727,14.289999961853027,14.550000190734863,93700,4.1165876388549805,0.05,0.0
ADX,2007-08-13,14.65999984741211,14.65999984741211,14.529999732971191,14.529999732971191,37500,4.110929489135742,0.0,0.0
ADX,2007-08-14,14.510000228881836,14.520000457763672,14.229999542236328,14.260000228881836,146900,4.034539699554443,0.0,0.0
ADX,2007-08-15,14.180000305175781,14.34000015258789,14.0,14.0,145500,3.960977554321289,0.0,0.0
ADX,2007-08-16,13.800000190734863,13.930000305175781,13.600000381469727,13.770000457763672,290700,3.8959052562713623,0.0,0.0
ADX,2007-08-17,13.9399995803833,14.229999542236328,13.720000267028809,14.220000267028809,285300,4.023221015930176,0.0,0.0
ADX,2007-08-20,14.3100004196167,14.350000381469727,14.170000076293945,14.289999961853027,97400,4.043026924133301,0.0,0.0
ADX,2007-08-21,14.25,14.350000381469727,14.199999809265137,14.25,99700,4.031709671020508,0.0,0.0
ADX,2007-08-22,14.350000381469727,14.449999809265137,14.25,14.420000076293945,77500,4.079807281494141,0.0,0.0
ADX,2007-08-23,14.489999771118164,14.529999732971191,14.390000343322754,14.390000343322754,56300,4.071319580078125,0.0,0.0
ADX,2007-08-24,14.399999618530273,14.529999732971191,14.380000114440918,14.5,143100,4.102442741394043,0.0,0.0
ADX,2007-08-27,14.34000015258789,14.529999732971191,14.319999694824219,14.329999923706055,102800,4.054342746734619,0.0,0.0
ADX,2007-08-28,14.300000190734863,14.329999923706055,14.130000114440918,14.130000114440918,126400,3.9977567195892334,0.0,0.0
ADX,2007-08-29,14.25,14.40999984741211,14.199999809265137,14.40999984741211,101200,4.076979160308838,0.0,0.0
ADX,2007-08-30,14.289999961853027,14.949999809265137,14.289999961853027,14.949999809265137,467400,4.2297587394714355,0.0,0.0
ADX,2007-08-31,14.84000015258789,14.84000015258789,14.539999961853027,14.609999656677246,156400,4.1335625648498535,0.0,0.0
ADX,2007-09-04,14.619999885559082,15.0,14.59000015258789,14.739999771118164,185400,4.170342445373535,0.0,0.0
ADX,2007-09-05,14.65999984741211,14.680000305175781,14.569999694824219,14.680000305175781,95200,4.15336799621582,0.0,0.0
ADX,2007-09-06,14.670000076293945,14.75,14.619999885559082,14.720000267028809,50900,4.164685249328613,0.0,0.0
ADX,2007-09-07,14.579999923706055,14.579999923706055,14.430000305175781,14.449999809265137,114400,4.0882954597473145,0.0,0.0
ADX,2007-09-10,14.510000228881836,14.550000190734863,14.279999732971191,14.399999618530273,109200,4.074148654937744,0.0,0.0
ADX,2007-09-11,14.420000076293945,14.75,14.420000076293945,14.550000190734863,93100,4.1165876388549805,0.0,0.0
ADX,2007-09-12,14.5,14.640000343322754,14.5,14.600000381469727,35800,4.130734920501709,0.0,0.0
ADX,2007-09-13,14.619999885559082,14.729999542236328,14.619999885559082,14.640000343322754,60800,4.142051696777344,0.0,0.0
ADX,2007-09-14,14.550000190734863,14.65999984741211,14.529999732971191,14.619999885559082,50400,4.1363935470581055,0.0,0.0
ADX,2007-09-17,14.619999885559082,14.65999984741211,14.5600004196167,14.609999656677246,76100,4.1335625648498535,0.0,0.0
ADX,2007-09-18,14.670000076293945,15.0,14.670000076293945,14.979999542236328,142900,4.238246917724609,0.0,0.0
ADX,2007-09-19,15.119999885559082,15.180000305175781,14.989999771118164,15.050000190734863,105200,4.258050918579102,0.0,0.0
ADX,2007-09-20,15.050000190734863,15.050000190734863,14.890000343322754,14.920000076293945,59600,4.221272945404053,0.0,0.0
ADX,2007-09-21,15.010000228881836,15.069999694824219,14.960000038146973,15.0600004196167,82800,4.260882377624512,0.0,0.0
ADX,2007-09-24,15.050000190734863,15.069999694824219,14.949999809265137,14.979999542236328,43900,4.238246917724609,0.0,0.0
ADX,2007-09-25,14.899999618530273,14.9399995803833,14.829999923706055,14.920000076293945,82700,4.221272945404053,0.0,0.0
ADX,2007-09-26,14.960000038146973,15.050000190734863,14.9399995803833,14.960000038146973,63900,4.232587814331055,0.0,0.0
ADX,2007-09-27,15.010000228881836,15.039999961853027,14.9399995803833,15.010000228881836,90300,4.2467360496521,0.0,0.0
ADX,2007-09-28,14.960000038146973,15.020000457763672,14.9399995803833,14.949999809265137,66200,4.2297587394714355,0.0,0.0
ADX,2007-10-01,14.989999771118164,15.1899995803833,14.989999771118164,15.15999984741211,108500,4.2891740798950195,0.0,0.0
ADX,2007-10-02,15.149999618530273,15.25,15.119999885559082,15.239999771118164,79500,4.311807155609131,0.0,0.0
ADX,2007-10-03,15.180000305175781,15.25,15.149999618530273,15.180000305175781,152600,4.294832229614258,0.0,0.0
ADX,2007-10-04,15.180000305175781,15.239999771118164,15.170000076293945,15.199999809265137,42100,4.300490379333496,0.0,0.0
ADX,2007-10-05,15.279999732971191,15.380000114440918,15.25,15.359999656677246,49100,4.345759868621826,0.0,0.0
ADX,2007-10-08,15.3100004196167,15.319999694824219,15.1899995803833,15.25,36500,4.314637660980225,0.0,0.0
ADX,2007-10-09,15.25,15.380000114440918,15.220000267028809,15.380000114440918,89300,4.351419448852539,0.0,0.0
ADX,2007-10-10,15.34000015258789,15.369999885559082,15.25,15.3100004196167,44800,4.331614017486572,0.0,0.0
ADX,2007-10-11,15.350000381469727,15.420000076293945,15.180000305175781,15.25,89800,4.314637660980225,0.0,0.0
ADX,2007-10-12,15.300000190734863,15.34000015258789,15.229999542236328,15.300000190734863,39500,4.328784465789795,0.0,0.0
ADX,2007-10-15,15.329999923706055,15.359999656677246,15.109999656677246,15.180000305175781,94400,4.294832229614258,0.0,0.0
ADX,2007-10-16,15.109999656677246,15.180000305175781,15.050000190734863,15.119999885559082,72800,4.27785587310791,0.0,0.0
ADX,2007-10-17,15.199999809265137,15.25,15.0,15.130000114440918,70000,4.280684947967529,0.0,0.0
ADX,2007-10-18,15.119999885559082,15.149999618530273,15.020000457763672,15.140000343322754,73700,4.283515453338623,0.0,0.0
ADX,2007-10-19,15.109999656677246,15.109999656677246,14.75,14.800000190734863,86300,4.187320709228516,0.0,0.0
ADX,2007-10-22,14.630000114440918,14.789999961853027,14.520000457763672,14.770000457763672,212900,4.1788330078125,0.0,0.0
ADX,2007-10-23,14.789999961853027,14.880000114440918,14.789999961853027,14.880000114440918,120500,4.209953784942627,0.0,0.0
ADX,2007-10-24,14.829999923706055,14.850000381469727,14.619999885559082,14.800000190734863,87400,4.187320709228516,0.0,0.0
ADX,2007-10-25,14.800000190734863,14.890000343322754,14.699999809265137,14.819999694824219,164800,4.1929779052734375,0.0,0.0
ADX,2007-10-26,14.890000343322754,14.970000267028809,14.819999694824219,14.930000305175781,123700,4.224100589752197,0.0,0.0
ADX,2007-10-29,14.970000267028809,15.029999732971191,14.930000305175781,14.970000267028809,51000,4.23541784286499,0.0,0.0
ADX,2007-10-30,14.960000038146973,14.960000038146973,14.880000114440918,14.90999984741211,45300,4.218442440032959,0.0,0.0
ADX,2007-10-31,14.920000076293945,15.050000190734863,14.859999656677246,15.020000457763672,105800,4.249564170837402,0.0,0.0
ADX,2007-11-01,14.899999618530273,14.899999618530273,14.619999885559082,14.619999885559082,153300,4.1363935470581055,0.0,0.0
ADX,2007-11-02,14.8100004196167,15.220000267028809,14.550000190734863,14.609999656677246,86600,4.1335625648498535,0.0,0.0
ADX,2007-11-05,14.550000190734863,14.649999618530273,14.470000267028809,14.520000457763672,132000,4.108099937438965,0.0,0.0
ADX,2007-11-06,14.550000190734863,14.850000381469727,14.550000190734863,14.779999732971191,53600,4.181661128997803,0.0,0.0
ADX,2007-11-07,14.720000267028809,14.729999542236328,14.449999809265137,14.449999809265137,78100,4.0882954597473145,0.0,0.0
ADX,2007-11-08,14.420000076293945,14.550000190734863,14.220000267028809,14.399999618530273,76100,4.074148654937744,0.0,0.0
ADX,2007-11-09,14.34000015258789,14.390000343322754,14.199999809265137,14.210000038146973,119900,4.0203938484191895,0.0,0.0
ADX,2007-11-12,14.319999694824219,14.40999984741211,14.149999618530273,14.170000076293945,115500,4.009076118469238,0.0,0.0
ADX,2007-11-13,14.260000228881836,14.520000457763672,14.1899995803833,14.489999771118164,114300,4.099612712860107,0.0,0.0
ADX,2007-11-14,14.630000114440918,14.699999809265137,14.449999809265137,14.479999542236328,150100,4.0967817306518555,0.0,0.0
ADX,2007-11-15,14.329999923706055,14.510000228881836,14.239999771118164,14.34000015258789,110100,4.057171821594238,0.0,0.0
ADX,2007-11-16,13.720000267028809,13.720000267028809,13.3100004196167,13.529999732971191,105400,4.078271865844727,0.88,0.0
ADX,2007-11-19,13.529999732971191,13.539999961853027,13.210000038146973,13.239999771118164,106800,3.9908597469329834,0.0,0.0
ADX,2007-11-20,13.15999984741211,13.430000305175781,13.130000114440918,13.329999923706055,85800,4.017988204956055,0.0,0.0
ADX,2007-11-21,13.270000457763672,13.300000190734863,13.0,13.119999885559082,87500,3.9546892642974854,0.0,0.0
ADX,2007-11-23,13.229999542236328,13.289999961853027,13.149999618530273,13.289999961853027,36300,4.005932807922363,0.0,0.0
ADX,2007-11-26,13.399999618530273,13.399999618530273,13.0,13.010000228881836,122300,3.9215316772460938,0.0,0.0
ADX,2007-11-27,13.1899995803833,13.1899995803833,13.010000228881836,13.140000343322754,114900,3.9607179164886475,0.0,0.0
ADX,2007-11-28,13.1899995803833,13.6899995803833,13.1899995803833,13.510000228881836,109900,4.072243690490723,0.0,0.0
ADX,2007-11-29,13.430000305175781,13.539999961853027,13.420000076293945,13.470000267028809,51100,4.060187816619873,0.0,0.0
ADX,2007-11-30,13.600000381469727,13.720000267028809,13.520000457763672,13.579999923706055,52000,4.0933451652526855,0.0,0.0
ADX,2007-12-03,13.6899995803833,13.6899995803833,13.4399995803833,13.479999542236328,55900,4.063201904296875,0.0,0.0
ADX,2007-12-04,13.329999923706055,13.470000267028809,13.329999923706055,13.380000114440918,59400,4.033059597015381,0.0,0.0
ADX,2007-12-05,13.489999771118164,13.640000343322754,13.489999771118164,13.630000114440918,93500,4.108415126800537,0.0,0.0
ADX,2007-12-06,13.579999923706055,13.850000381469727,13.579999923706055,13.850000381469727,58700,4.1747283935546875,0.0,0.0
ADX,2007-12-07,13.869999885559082,13.899999618530273,13.819999694824219,13.859999656677246,86300,4.177743911743164,0.0,0.0
ADX,2007-12-10,13.859999656677246,14.029999732971191,13.859999656677246,13.960000038146973,87000,4.207887172698975,0.0,0.0
ADX,2007-12-11,13.989999771118164,14.029999732971191,13.539999961853027,13.550000190734863,98900,4.084301471710205,0.0,0.0
ADX,2007-12-12,13.800000190734863,13.880000114440918,13.449999809265137,13.640000343322754,104800,4.1114301681518555,0.0,0.0
ADX,2007-12-13,13.510000228881836,13.75,13.489999771118164,13.720000267028809,159900,4.135543346405029,0.0,0.0
ADX,2007-12-14,13.789999961853027,13.789999961853027,13.619999885559082,13.619999885559082,86000,4.10540246963501,0.0,0.0
ADX,2007-12-17,13.539999961853027,13.569999694824219,13.359999656677246,13.359999656677246,78500,4.027031898498535,0.0,0.0
ADX,2007-12-18,13.479999542236328,13.489999771118164,13.270000457763672,13.430000305175781,64100,4.048129081726074,0.0,0.0
ADX,2007-12-19,13.430000305175781,13.5,13.350000381469727,13.430000305175781,43300,4.048129081726074,0.0,0.0
ADX,2007-12-20,13.420000076293945,13.489999771118164,13.25,13.449999809265137,88300,4.0541582107543945,0.0,0.0
ADX,2007-12-21,13.510000228881836,13.75,13.5,13.619999885559082,120100,4.10540246963501,0.0,0.0
ADX,2007-12-24,13.6899995803833,13.770000457763672,13.649999618530273,13.770000457763672,34500,4.1506147384643555,0.0,0.0
ADX,2007-12-26,13.720000267028809,13.930000305175781,13.699999809265137,13.899999618530273,83200,4.189798831939697,0.0,0.0
ADX,2007-12-27,13.899999618530273,13.930000305175781,13.670000076293945,13.680000305175781,113400,4.123486042022705,0.0,0.0
ADX,2007-12-28,13.770000457763672,13.979999542236328,13.59000015258789,13.739999771118164,108300,4.141572952270508,0.0,0.0
ADX,2007-12-31,13.710000038146973,14.119999885559082,13.609999656677246,14.119999885559082,171200,4.256113052368164,0.0,0.0
ADX,2008-01-02,13.960000038146973,13.970000267028809,13.710000038146973,13.739999771118164,88400,4.141572952270508,0.0,0.0
ADX,2008-01-03,13.6899995803833,13.739999771118164,13.609999656677246,13.65999984741211,61300,4.117456912994385,0.0,0.0
ADX,2008-01-04,13.670000076293945,13.670000076293945,13.220000267028809,13.25,116400,3.993875026702881,0.0,0.0
ADX,2008-01-07,13.260000228881836,13.319999694824219,13.100000381469727,13.210000038146973,79100,3.981818199157715,0.0,0.0
ADX,2008-01-08,13.220000267028809,13.359999656677246,12.960000038146973,12.979999542236328,125600,3.9124908447265625,0.0,0.0
ADX,2008-01-09,13.0,13.140000343322754,12.850000381469727,13.140000343322754,92400,3.9607179164886475,0.0,0.0
ADX,2008-01-10,13.039999961853027,13.319999694824219,13.029999732971191,13.270000457763672,108700,3.999903440475464,0.0,0.0
ADX,2008-01-11,13.130000114440918,13.180000305175781,13.0,13.050000190734863,141500,3.933589458465576,0.0,0.0
ADX,2008-01-14,13.109999656677246,13.270000457763672,13.09000015258789,13.15999984741211,94600,3.9667463302612305,0.0,0.0
ADX,2008-01-15,13.010000228881836,13.039999961853027,12.869999885559082,12.920000076293945,139000,3.894404649734497,0.0,0.0
ADX,2008-01-16,12.859999656677246,12.949999809265137,12.729999542236328,12.84000015258789,170100,3.8702902793884277,0.0,0.0
ADX,2008-01-17,12.8100004196167,12.90999984741211,12.569999694824219,12.6899995803833,370100,3.825075626373291,0.0,0.0
ADX,2008-01-18,12.569999694824219,12.739999771118164,12.380000114440918,12.5600004196167,200800,3.785891532897949,0.0,0.0
ADX,2008-01-22,11.949999809265137,12.430000305175781,11.760000228881836,12.319999694824219,207800,3.713550090789795,0.0,0.0
ADX,2008-01-23,11.899999618530273,12.729999542236328,11.899999618530273,12.710000038146973,221400,3.8311054706573486,0.0,0.0
ADX,2008-01-24,12.699999809265137,12.880000114440918,12.640000343322754,12.84000015258789,132300,3.8702902793884277,0.0,0.0
ADX,2008-01-25,12.989999771118164,13.010000228881836,12.5600004196167,12.579999923706055,176700,3.791919231414795,0.0,0.0
ADX,2008-01-28,12.569999694824219,12.779999732971191,12.489999771118164,12.760000228881836,118400,3.8461763858795166,0.0,0.0
ADX,2008-01-29,12.859999656677246,12.899999618530273,12.770000457763672,12.869999885559082,68200,3.8793323040008545,0.0,0.0
ADX,2008-01-30,12.859999656677246,13.1899995803833,12.779999732971191,12.819999694824219,63400,3.8642613887786865,0.0,0.0
ADX,2008-01-31,12.720000267028809,13.119999885559082,12.579999923706055,13.100000381469727,155200,3.9486608505249023,0.0,0.0
ADX,2008-02-01,13.039999961853027,13.1899995803833,13.029999732971191,13.170000076293945,55400,3.969761610031128,0.0,0.0
ADX,2008-02-04,13.140000343322754,13.149999618530273,13.050000190734863,13.0600004196167,46100,3.93660306930542,0.0,0.0
ADX,2008-02-05,12.949999809265137,12.949999809265137,12.6899995803833,12.699999809265137,181500,3.8280909061431885,0.0,0.0
ADX,2008-02-06,12.819999694824219,12.819999694824219,12.609999656677246,12.630000114440918,152100,3.8069911003112793,0.0,0.0
ADX,2008-02-07,12.600000381469727,12.819999694824219,12.5600004196167,12.720000267028809,106100,3.8341190814971924,0.0,0.0
ADX,2008-02-08,12.699999809265137,12.800000190734863,12.649999618530273,12.720000267028809,73300,3.8341190814971924,0.0,0.0
ADX,2008-02-11,12.739999771118164,12.829999923706055,12.649999618530273,12.699999809265137,85600,3.8280909061431885,0.0,0.0
ADX,2008-02-12,12.739999771118164,12.890000343322754,12.6899995803833,12.739999771118164,121000,3.8553268909454346,0.05,0.0
ADX,2008-02-13,12.850000381469727,12.920000076293945,12.789999961853027,12.899999618530273,164000,3.9037458896636963,0.0,0.0
ADX,2008-02-14,12.9399995803833,12.989999771118164,12.699999809265137,12.699999809265137,106900,3.843219518661499,0.0,0.0
ADX,2008-02-15,12.649999618530273,12.75,12.600000381469727,12.670000076293945,156800,3.8341422080993652,0.0,0.0
ADX,2008-02-19,12.859999656677246,12.90999984741211,12.600000381469727,12.739999771118164,159300,3.8553268909454346,0.0,0.0
ADX,2008-02-20,12.550000190734863,12.859999656677246,12.550000190734863,12.800000190734863,197800,3.8734819889068604,0.0,0.0
ADX,2008-02-21,12.899999618530273,12.899999618530273,12.609999656677246,12.609999656677246,90700,3.8159868717193604,0.0,0.0
ADX,2008-02-22,12.65999984741211,12.6899995803833,12.470000267028809,12.680000305175781,115400,3.8371691703796387,0.0,0.0
ADX,2008-02-25,12.680000305175781,12.880000114440918,12.670000076293945,12.880000114440918,79200,3.897692918777466,0.0,0.0
ADX,2008-02-26,12.84000015258789,13.050000190734863,12.789999961853027,12.970000267028809,145700,3.9249277114868164,0.0,0.0
ADX,2008-02-27,12.920000076293945,13.09000015258789,12.890000343322754,12.9399995803833,104600,3.915849447250366,0.0,0.0
ADX,2008-02-28,12.90999984741211,13.199999809265137,12.779999732971191,13.199999809265137,165100,3.9945292472839355,0.0,0.0
ADX,2008-02-29,12.899999618530273,12.920000076293945,12.609999656677246,12.630000114440918,174800,3.822038412094116,0.0,0.0
ADX,2008-03-03,12.640000343322754,12.819999694824219,12.5600004196167,12.819999694824219,179900,3.8795368671417236,0.0,0.0
ADX,2008-03-04,12.630000114440918,12.6899995803833,12.5,12.640000343322754,168200,3.825063943862915,0.0,0.0
ADX,2008-03-05,12.760000228881836,12.819999694824219,12.609999656677246,12.729999542236328,96400,3.8523006439208984,0.0,0.0
ADX,2008-03-06,12.6899995803833,12.6899995803833,12.550000190734863,12.550000190734863,93400,3.7978274822235107,0.0,0.0
ADX,2008-03-07,12.520000457763672,12.630000114440918,12.40999984741211,12.479999542236328,79900,3.776646137237549,0.0,0.0
ADX,2008-03-10,12.4399995803833,12.460000038146973,12.329999923706055,12.380000114440918,92600,3.7463839054107666,0.0,0.0
ADX,2008-03-11,12.670000076293945,12.680000305175781,12.40999984741211,12.680000305175781,102500,3.8371691703796387,0.0,0.0
ADX,2008-03-12,12.65999984741211,12.760000228881836,12.529999732971191,12.529999732971191,137400,3.7917771339416504,0.0,0.0
ADX,2008-03-13,12.479999542236328,12.569999694824219,12.25,12.489999771118164,110100,3.7796711921691895,0.0,0.0
ADX,2008-03-14,12.520000457763672,12.550000190734863,12.199999809265137,12.3100004196167,180700,3.7252001762390137,0.0,0.0
ADX,2008-03-17,12.100000381469727,12.180000305175781,11.640000343322754,12.079999923706055,381700,3.6555991172790527,0.0,0.0
ADX,2008-03-18,12.279999732971191,12.460000038146973,12.149999618530273,12.460000038146973,187100,3.7705931663513184,0.0,0.0
ADX,2008-03-19,12.470000267028809,12.59000015258789,12.25,12.390000343322754,111500,3.749410390853882,0.0,0.0
ADX,2008-03-20,12.329999923706055,12.5,12.239999771118164,12.5,95200,3.7826972007751465,0.0,0.0
ADX,2008-03-24,12.59000015258789,12.770000457763672,12.5600004196167,12.729999542236328,99300,3.8523006439208984,0.0,0.0
ADX,2008-03-25,12.670000076293945,12.779999732971191,12.609999656677246,12.75,63900,3.85835337638855,0.0,0.0
ADX,2008-03-26,12.6899995803833,12.6899995803833,12.569999694824219,12.649999618530273,113400,3.8280909061431885,0.0,0.0
ADX,2008-03-27,12.710000038146973,12.739999771118164,12.5600004196167,12.5600004196167,152000,3.8008553981781006,0.0,0.0
ADX,2008-03-28,12.5600004196167,12.619999885559082,12.5,12.5,76800,3.7826972007751465,0.0,0.0
ADX,2008-03-31,12.479999542236328,12.59000015258789,12.470000267028809,12.510000228881836,36500,3.7857232093811035,0.0,0.0
ADX,2008-04-01,12.630000114440918,12.9399995803833,12.630000114440918,12.9399995803833,112400,3.915849447250366,0.0,0.0
ADX,2008-04-02,12.930000305175781,12.979999542236328,12.869999885559082,12.9399995803833,131400,3.915849447250366,0.0,0.0
ADX,2008-04-03,12.829999923706055,13.0,12.829999923706055,12.979999542236328,78900,3.9279537200927734,0.0,0.0
ADX,2008-04-04,12.9399995803833,13.0,12.880000114440918,12.890000343322754,70800,3.9007186889648438,0.0,0.0
ADX,2008-04-07,12.960000038146973,13.069999694824219,12.920000076293945,12.949999809265137,102400,3.918874740600586,0.0,0.0
ADX,2008-04-08,12.850000381469727,12.920000076293945,12.850000381469727,12.920000076293945,35400,3.9097983837127686,0.0,0.0
ADX,2008-04-09,12.920000076293945,12.920000076293945,12.800000190734863,12.8100004196167,78400,3.8765077590942383,0.0,0.0
ADX,2008-04-10,12.8100004196167,12.890000343322754,12.789999961853027,12.800000190734863,99800,3.8734819889068604,0.0,0.0
ADX,2008-04-11,12.670000076293945,12.75,12.520000457763672,12.529999732971191,78600,3.7917771339416504,0.0,0.0
ADX,2008-04-14,12.550000190734863,12.579999923706055,12.489999771118164,12.5,78000,3.7826972007751465,0.0,0.0
ADX,2008-04-15,12.520000457763672,12.600000381469727,12.449999809265137,12.5600004196167,76200,3.8008553981781006,0.0,0.0
ADX,2008-04-16,12.609999656677246,12.84000015258789,12.609999656677246,12.84000015258789,64900,3.8855884075164795,0.0,0.0
ADX,2008-04-17,12.75,12.850000381469727,12.75,12.84000015258789,65700,3.8855884075164795,0.0,0.0
ADX,2008-04-18,12.960000038146973,13.050000190734863,12.960000038146973,13.010000228881836,109000,3.9370346069335938,0.0,0.0
ADX,2008-04-21,12.979999542236328,13.0600004196167,12.9399995803833,13.0600004196167,108300,3.952162742614746,0.0,0.0
ADX,2008-04-22,13.010000228881836,13.010000228881836,12.869999885559082,12.930000305175781,91800,3.912822723388672,0.0,0.0
ADX,2008-04-23,12.960000038146973,13.0,12.890000343322754,12.899999618530273,73800,3.9037458896636963,0.0,0.0
ADX,2008-04-24,12.920000076293945,13.069999694824219,12.850000381469727,12.9399995803833,108400,3.915849447250366,0.0,0.0
ADX,2008-04-25,12.989999771118164,13.069999694824219,12.9399995803833,13.010000228881836,73300,3.9370346069335938,0.0,0.0
ADX,2008-04-28,13.010000228881836,13.069999694824219,12.989999771118164,13.0,146200,3.934006929397583,0.0,0.0
ADX,2008-04-29,13.0,13.010000228881836,12.899999618530273,12.989999771118164,104400,3.9309799671173096,0.0,0.0
ADX,2008-04-30,13.010000228881836,13.0600004196167,12.920000076293945,12.920000076293945,87500,3.9097983837127686,0.0,0.0
ADX,2008-05-01,12.90999984741211,13.140000343322754,12.90999984741211,13.130000114440918,108800,3.9733474254608154,0.0,0.0
ADX,2008-05-02,13.15999984741211,13.239999771118164,13.130000114440918,13.199999809265137,64400,3.9945292472839355,0.0,0.0
ADX,2008-05-05,13.130000114440918,13.170000076293945,13.09000015258789,13.100000381469727,39200,3.9642677307128906,0.0,0.0
ADX,2008-05-06,13.09000015258789,13.270000457763672,13.039999961853027,13.229999542236328,99000,4.003607273101807,0.0,0.0
ADX,2008-05-07,13.229999542236328,13.270000457763672,13.020000457763672,13.050000190734863,116000,3.9491381645202637,0.0,0.0
ADX,2008-05-08,13.069999694824219,13.130000114440918,13.0,13.09000015258789,52700,3.9612410068511963,0.0,0.0
ADX,2008-05-09,12.979999542236328,13.039999961853027,12.90999984741211,12.989999771118164,91800,3.9309799671173096,0.0,0.0
ADX,2008-05-12,13.029999732971191,13.100000381469727,12.979999542236328,13.0600004196167,66600,3.952162742614746,0.0,0.0
ADX,2008-05-13,13.050000190734863,13.09000015258789,12.970000267028809,13.09000015258789,75800,3.9764657020568848,0.05,0.0
ADX,2008-05-14,13.079999923706055,13.220000267028809,13.079999923706055,13.119999885559082,53500,3.9855775833129883,0.0,0.0
ADX,2008-05-15,13.109999656677246,13.239999771118164,13.0600004196167,13.220000267028809,37300,4.015955924987793,0.0,0.0
ADX,2008-05-16,13.199999809265137,13.229999542236328,13.130000114440918,13.210000038146973,102500,4.012918472290039,0.0,0.0
ADX,2008-05-19,13.199999809265137,13.350000381469727,13.199999809265137,13.210000038146973,81000,4.012918472290039,0.0,0.0
ADX,2008-05-20,13.149999618530273,13.180000305175781,13.100000381469727,13.140000343322754,69200,3.9916553497314453,0.0,0.0
ADX,2008-05-21,13.130000114440918,13.180000305175781,12.90999984741211,12.920000076293945,84500,3.924823522567749,0.0,0.0
ADX,2008-05-22,12.949999809265137,13.0,12.899999618530273,12.920000076293945,32700,3.924823522567749,0.0,0.0
ADX,2008-05-23,12.899999618530273,12.899999618530273,12.720000267028809,12.739999771118164,167600,3.8701438903808594,0.0,0.0
ADX,2008-05-27,12.729999542236328,12.819999694824219,12.720000267028809,12.8100004196167,88200,3.8914060592651367,0.0,0.0
ADX,2008-05-28,12.850000381469727,12.869999885559082,12.75,12.819999694824219,147800,3.89444637298584,0.0,0.0
ADX,2008-05-29,12.800000190734863,12.9399995803833,12.800000190734863,12.880000114440918,153100,3.9126718044281006,0.0,0.0
ADX,2008-05-30,12.90999984741211,12.949999809265137,12.869999885559082,12.890000343322754,112400,3.9157094955444336,0.0,0.0
ADX,2008-06-02,12.890000343322754,12.899999618530273,12.75,12.800000190734863,224900,3.8883683681488037,0.0,0.0
ADX,2008-06-03,12.850000381469727,12.869999885559082,12.649999618530273,12.729999542236328,183500,3.8671040534973145,0.0,0.0
ADX,2008-06-04,12.720000267028809,12.829999923706055,12.680000305175781,12.760000228881836,108900,3.8762195110321045,0.0,0.0
ADX,2008-06-05,12.829999923706055,13.0,12.789999961853027,12.979999542236328,73300,3.943049907684326,0.0,0.0
ADX,2008-06-06,12.920000076293945,12.920000076293945,12.609999656677246,12.609999656677246,118800,3.8306515216827393,0.0,0.0
ADX,2008-06-09,12.710000038146973,12.710000038146973,12.550000190734863,12.649999618530273,66400,3.8428027629852295,0.0,0.0
ADX,2008-06-10,12.529999732971191,12.65999984741211,12.5,12.59000015258789,149000,3.824575185775757,0.0,0.0
ADX,2008-06-11,12.619999885559082,12.630000114440918,12.420000076293945,12.430000305175781,130600,3.775970935821533,0.0,0.0
ADX,2008-06-12,12.449999809265137,12.59000015258789,12.430000305175781,12.479999542236328,91500,3.791160821914673,0.0,0.0
ADX,2008-06-13,12.520000457763672,12.600000381469727,12.4399995803833,12.59000015258789,77400,3.824575185775757,0.0,0.0
ADX,2008-06-16,12.539999961853027,12.630000114440918,12.350000381469727,12.529999732971191,346600,3.806349992752075,0.0,0.0
ADX,2008-06-17,12.649999618530273,12.649999618530273,12.5,12.5,191100,3.797236204147339,0.0,0.0
ADX,2008-06-18,12.460000038146973,12.460000038146973,12.3100004196167,12.390000343322754,241400,3.7638192176818848,0.0,0.0
ADX,2008-06-19,12.380000114440918,12.4399995803833,12.289999961853027,12.40999984741211,262900,3.769894599914551,0.0,0.0
ADX,2008-06-20,12.329999923706055,12.329999923706055,12.149999618530273,12.199999809265137,349200,3.706101417541504,0.0,0.0
ADX,2008-06-23,12.180000305175781,12.279999732971191,12.149999618530273,12.220000267028809,265800,3.7121775150299072,0.0,0.0
ADX,2008-06-24,12.199999809265137,12.25,12.039999961853027,12.180000305175781,275700,3.700026512145996,0.0,0.0
ADX,2008-06-25,12.199999809265137,12.380000114440918,12.199999809265137,12.260000228881836,477900,3.724330186843872,0.0,0.0
ADX,2008-06-26,12.069999694824219,12.149999618530273,11.949999809265137,11.949999809265137,162400,3.630157470703125,0.0,0.0
ADX,2008-06-27,11.920000076293945,11.970000267028809,11.789999961853027,11.84000015258789,116700,3.5967421531677246,0.0,0.0
ADX,2008-06-30,11.869999885559082,11.949999809265137,11.800000190734863,11.850000381469727,95300,3.5997815132141113,0.0,0.0
ADX,2008-07-01,11.75,11.859999656677246,11.649999618530273,11.84000015258789,79000,3.5967421531677246,0.0,0.0
ADX,2008-07-02,11.859999656677246,11.930000305175781,11.649999618530273,11.649999618530273,74400,3.539025068283081,0.0,0.0
ADX,2008-07-03,11.670000076293945,11.699999809265137,11.5,11.619999885559082,53700,3.529909372329712,0.0,0.0
ADX,2008-07-07,11.640000343322754,11.699999809265137,11.239999771118164,11.5,112700,3.493457078933716,0.0,0.0
ADX,2008-07-08,11.449999809265137,11.699999809265137,11.40999984741211,11.6899995803833,62700,3.5511744022369385,0.0,0.0
ADX,2008-07-09,11.699999809265137,11.739999771118164,11.390000343322754,11.390000343322754,61100,3.460041046142578,0.0,0.0
ADX,2008-07-10,11.40999984741211,11.5,11.329999923706055,11.449999809265137,262100,3.4782676696777344,0.0,0.0
ADX,2008-07-11,11.359999656677246,11.510000228881836,11.289999961853027,11.449999809265137,159300,3.4782676696777344,0.0,0.0
ADX,2008-07-14,11.529999732971191,11.579999923706055,11.289999961853027,11.399999618530273,137800,3.463080644607544,0.0,0.0
ADX,2008-07-15,11.25,11.40999984741211,10.920000076293945,11.170000076293945,147900,3.3932101726531982,0.0,0.0
ADX,2008-07-16,11.199999809265137,11.449999809265137,11.170000076293945,11.449999809265137,103600,3.4782676696777344,0.0,0.0
ADX,2008-07-17,11.520000457763672,11.710000038146973,11.460000038146973,11.670000076293945,116200,3.5450997352600098,0.0,0.0
ADX,2008-07-18,11.680000305175781,11.760000228881836,11.619999885559082,11.710000038146973,85000,3.5572509765625,0.0,0.0
ADX,2008-07-21,11.760000228881836,11.84000015258789,11.760000228881836,11.789999961853027,215000,3.5815539360046387,0.0,0.0
ADX,2008-07-22,11.699999809265137,12.0,11.670000076293945,12.0,97000,3.645345687866211,0.0,0.0
ADX,2008-07-23,12.029999732971191,12.15999984741211,12.010000228881836,12.0600004196167,98600,3.663573980331421,0.0,0.0
ADX,2008-07-24,12.109999656677246,12.109999656677246,11.779999732971191,11.779999732971191,98500,3.578514575958252,0.0,0.0
ADX,2008-07-25,11.779999732971191,11.9399995803833,11.779999732971191,11.850000381469727,90600,3.5997815132141113,0.0,0.0
ADX,2008-07-28,11.829999923706055,11.880000114440918,11.670000076293945,11.670000076293945,86900,3.5450997352600098,0.0,0.0
ADX,2008-07-29,11.6899995803833,11.9399995803833,11.6899995803833,11.920000076293945,69100,3.621044635772705,0.0,0.0
ADX,2008-07-30,12.0,12.119999885559082,11.920000076293945,12.029999732971191,125500,3.6544594764709473,0.0,0.0
ADX,2008-07-31,11.970000267028809,12.079999923706055,11.880000114440918,11.880000114440918,133400,3.6088931560516357,0.0,0.0
ADX,2008-08-01,11.899999618530273,11.930000305175781,11.739999771118164,11.869999885559082,71700,3.6058549880981445,0.0,0.0
ADX,2008-08-04,11.869999885559082,11.869999885559082,11.729999542236328,11.760000228881836,68500,3.5724401473999023,0.0,0.0
ADX,2008-08-05,11.869999885559082,12.140000343322754,11.859999656677246,12.140000343322754,118900,3.687875747680664,0.0,0.0
ADX,2008-08-06,12.050000190734863,12.199999809265137,12.010000228881836,12.1899995803833,99700,3.703064441680908,0.0,0.0
ADX,2008-08-07,12.09000015258789,12.140000343322754,11.949999809265137,11.949999809265137,75600,3.630157470703125,0.0,0.0
ADX,2008-08-08,11.869999885559082,12.170000076293945,11.859999656677246,12.15999984741211,80600,3.7094736099243164,0.05,0.0
ADX,2008-08-11,12.140000343322754,12.289999961853027,12.140000343322754,12.199999809265137,60700,3.721673011779785,0.0,0.0
ADX,2008-08-12,12.15999984741211,12.199999809265137,12.0600004196167,12.069999694824219,42900,3.6820175647735596,0.0,0.0
ADX,2008-08-13,12.039999961853027,12.069999694824219,11.949999809265137,12.0,101400,3.6606621742248535,0.0,0.0
ADX,2008-08-14,11.90999984741211,12.149999618530273,11.90999984741211,12.109999656677246,94300,3.694218635559082,0.0,0.0
ADX,2008-08-15,12.100000381469727,12.199999809265137,12.100000381469727,12.149999618530273,94800,3.706423044204712,0.0,0.0
ADX,2008-08-18,12.199999809265137,12.199999809265137,11.9399995803833,11.949999809265137,192400,3.6454105377197266,0.0,0.0
ADX,2008-08-19,11.899999618530273,11.9399995803833,11.8100004196167,11.869999885559082,162000,3.6210057735443115,0.0,0.0
ADX,2008-08-20,11.890000343322754,12.020000457763672,11.880000114440918,11.979999542236328,161000,3.65456223487854,0.0,0.0
ADX,2008-08-21,11.920000076293945,12.079999923706055,11.890000343322754,12.029999732971191,310900,3.6698148250579834,0.0,0.0
ADX,2008-08-22,12.0600004196167,12.220000267028809,12.0600004196167,12.170000076293945,92500,3.7125232219696045,0.0,0.0
ADX,2008-08-25,12.079999923706055,12.100000381469727,11.949999809265137,11.970000267028809,68100,3.6515116691589355,0.0,0.0
ADX,2008-08-26,12.0,12.069999694824219,11.949999809265137,12.020000457763672,233200,3.666764974594116,0.0,0.0
ADX,2008-08-27,12.010000228881836,12.100000381469727,11.979999542236328,12.0600004196167,58700,3.678967237472534,0.0,0.0
ADX,2008-08-28,12.100000381469727,12.229999542236328,12.100000381469727,12.229999542236328,74300,3.7308247089385986,0.0,0.0
ADX,2008-08-29,12.180000305175781,12.1899995803833,12.100000381469727,12.15999984741211,71000,3.7094736099243164,0.0,0.0
ADX,2008-09-02,12.25,12.300000190734863,12.079999923706055,12.170000076293945,326100,3.7125232219696045,0.0,0.0
ADX,2008-09-03,12.109999656677246,12.239999771118164,12.09000015258789,12.119999885559082,94100,3.697269916534424,0.0,0.0
ADX,2008-09-04,12.050000190734863,12.09000015258789,11.819999694824219,11.859999656677246,77600,3.6179561614990234,0.0,0.0
ADX,2008-09-05,11.779999732971191,11.90999984741211,11.710000038146973,11.890000343322754,83600,3.6271073818206787,0.0,0.0
ADX,2008-09-08,12.140000343322754,12.239999771118164,11.949999809265137,12.130000114440918,113900,3.7003207206726074,0.0,0.0
ADX,2008-09-09,12.109999656677246,12.130000114440918,11.760000228881836,11.760000228881836,108300,3.5874505043029785,0.0,0.0
ADX,2008-09-10,11.779999732971191,11.920000076293945,11.75,11.819999694824219,80100,3.605752468109131,0.0,0.0
ADX,2008-09-11,11.729999542236328,11.890000343322754,11.680000305175781,11.880000114440918,125600,3.624056816101074,0.0,0.0
ADX,2008-09-12,11.75,11.949999809265137,11.75,11.920000076293945,52300,3.636259078979492,0.0,0.0
ADX,2008-09-15,11.569999694824219,11.770000457763672,11.449999809265137,11.470000267028809,75800,3.4989843368530273,0.0,0.0
ADX,2008-09-16,11.170000076293945,11.449999809265137,11.100000381469727,11.319999694824219,206800,3.4532246589660645,0.0,0.0
ADX,2008-09-17,11.199999809265137,11.199999809265137,10.520000457763672,10.609999656677246,267000,3.23663592338562,0.0,0.0
ADX,2008-09-18,10.710000038146973,10.949999809265137,10.529999732971191,10.949999809265137,262900,3.34035587310791,0.0,0.0
ADX,2008-09-19,11.569999694824219,11.579999923706055,11.229999542236328,11.390000343322754,173700,3.474579095840454,0.0,0.0
ADX,2008-09-22,11.399999618530273,11.399999618530273,11.039999961853027,11.069999694824219,110200,3.3769614696502686,0.0,0.0
ADX,2008-09-23,11.010000228881836,11.149999618530273,10.789999961853027,10.890000343322754,103800,3.322051525115967,0.0,0.0
ADX,2008-09-24,10.960000038146973,11.0,10.829999923706055,10.9399995803833,108400,3.3373048305511475,0.0,0.0
ADX,2008-09-25,11.0,11.149999618530273,10.989999771118164,11.079999923706055,111600,3.380012035369873,0.0,0.0
ADX,2008-09-26,10.8100004196167,11.149999618530273,10.800000190734863,11.149999618530273,149500,3.4013671875,0.0,0.0
ADX,2008-09-29,10.859999656677246,10.899999618530273,10.460000038146973,10.579999923706055,180700,3.2274844646453857,0.0,0.0
ADX,2008-09-30,10.65999984741211,10.800000190734863,10.529999732971191,10.779999732971191,126400,3.2884960174560547,0.0,0.0
ADX,2008-10-01,10.779999732971191,10.829999923706055,10.529999732971191,10.739999771118164,69900,3.276292085647583,0.0,0.0
ADX,2008-10-02,10.75,10.75,10.420000076293945,10.420000076293945,75500,3.178675889968872,0.0,0.0
ADX,2008-10-03,10.510000228881836,10.680000305175781,10.3100004196167,10.34000015258789,138100,3.154271125793457,0.0,0.0
ADX,2008-10-06,10.100000381469727,10.100000381469727,9.449999809265137,9.899999618530273,303300,3.0200467109680176,0.0,0.0
ADX,2008-10-07,9.869999885559082,9.869999885559082,9.140000343322754,9.140000343322754,404000,2.788205623626709,0.0,0.0
ADX,2008-10-08,8.649999618530273,9.649999618530273,8.569999694824219,9.069999694824219,399200,2.7668519020080566,0.0,0.0
ADX,2008-10-09,9.369999885559082,9.369999885559082,8.510000228881836,8.600000381469727,237600,2.6234753131866455,0.0,0.0
ADX,2008-10-10,8.0,8.600000381469727,7.090000152587891,8.520000457763672,339600,2.5990703105926514,0.0,0.0
ADX,2008-10-13,9.100000381469727,12.550000190734863,8.850000381469727,9.420000076293945,301800,2.8736202716827393,0.0,0.0
ADX,2008-10-14,10.180000305175781,10.180000305175781,9.25,9.390000343322754,225600,2.864469289779663,0.0,0.0
ADX,2008-10-15,9.069999694824219,9.149999618530273,8.5,8.5,149200,2.592970132827759,0.0,0.0
ADX,2008-10-16,8.529999732971191,8.819999694824219,8.170000076293945,8.819999694824219,197000,2.690586805343628,0.0,0.0
ADX,2008-10-17,8.510000228881836,9.140000343322754,8.510000228881836,8.899999618530273,184400,2.7149922847747803,0.0,0.0
ADX,2008-10-20,8.970000267028809,9.15999984741211,8.880000114440918,9.15999984741211,94200,2.7943055629730225,0.0,0.0
ADX,2008-10-21,9.069999694824219,9.329999923706055,8.930000305175781,8.9399995803833,110500,2.7271947860717773,0.0,0.0
ADX,2008-10-22,8.75,8.760000228881836,8.399999618530273,8.460000038146973,120700,2.5807673931121826,0.0,0.0
ADX,2008-10-23,8.479999542236328,8.760000228881836,8.15999984741211,8.510000228881836,145800,2.596019983291626,0.0,0.0
ADX,2008-10-24,7.96999979019165,8.369999885559082,7.940000057220459,8.229999542236328,122600,2.5106041431427,0.0,0.0
ADX,2008-10-27,8.100000381469727,8.489999771118164,8.039999961853027,8.039999961853027,193900,2.4526450634002686,0.0,0.0
ADX,2008-10-28,8.199999809265137,8.779999732971191,8.0,8.779999732971191,131600,2.6783857345581055,0.0,0.0
ADX,2008-10-29,8.760000228881836,9.039999961853027,8.579999923706055,8.859999656677246,139100,2.702789306640625,0.0,0.0
ADX,2008-10-30,8.949999809265137,9.039999961853027,8.6899995803833,8.960000038146973,116100,2.73329496383667,0.0,0.0
ADX,2008-10-31,8.84000015258789,9.140000343322754,8.819999694824219,8.970000267028809,105200,2.7363460063934326,0.0,0.0
ADX,2008-11-03,9.670000076293945,9.670000076293945,8.979999542236328,9.020000457763672,86500,2.751598596572876,0.0,0.0
ADX,2008-11-04,9.180000305175781,9.350000381469727,9.140000343322754,9.350000381469727,140500,2.8522660732269287,0.0,0.0
ADX,2008-11-05,9.020000457763672,9.289999961853027,8.989999771118164,9.020000457763672,180200,2.751598596572876,0.0,0.0
ADX,2008-11-06,9.0,9.0,8.520000457763672,8.529999732971191,144600,2.602121114730835,0.0,0.0
ADX,2008-11-07,8.640000343322754,8.8100004196167,8.539999961853027,8.710000038146973,172000,2.657032012939453,0.0,0.0
ADX,2008-11-10,9.069999694824219,9.069999694824219,8.630000114440918,8.720000267028809,105400,2.6600823402404785,0.0,0.0
ADX,2008-11-11,8.569999694824219,8.800000190734863,8.4399995803833,8.65999984741211,181700,2.6417782306671143,0.0,0.0
ADX,2008-11-12,8.529999732971191,8.649999618530273,8.3100004196167,8.399999618530273,96200,2.562465190887451,0.0,0.0
ADX,2008-11-13,8.380000114440918,8.600000381469727,8.0600004196167,8.600000381469727,174800,2.6234753131866455,0.0,0.0
ADX,2008-11-14,8.520000457763672,8.579999923706055,8.140000343322754,8.140000343322754,84600,2.483149528503418,0.0,0.0
ADX,2008-11-17,8.25,8.359999656677246,8.130000114440918,8.199999809265137,139800,2.5014536380767822,0.0,0.0
ADX,2008-11-18,8.010000228881836,8.289999961853027,8.0,8.289999961853027,158600,2.5289084911346436,0.0,0.0
ADX,2008-11-19,7.909999847412109,8.170000076293945,7.409999847412109,7.409999847412109,194500,2.402462959289551,0.49,0.0
ADX,2008-11-20,7.210000038146973,7.449999809265137,7.090000152587891,7.199999809265137,266700,2.3343772888183594,0.0,0.0
ADX,2008-11-21,7.21999979019165,7.360000133514404,6.940000057220459,7.320000171661377,216600,2.3732829093933105,0.0,0.0
ADX,2008-11-24,7.349999904632568,7.75,7.320000171661377,7.579999923706055,181700,2.457580089569092,0.0,0.0
ADX,2008-11-25,7.590000152587891,7.699999809265137,7.340000152587891,7.590000152587891,138200,2.4608218669891357,0.0,0.0
ADX,2008-11-26,7.400000095367432,7.900000095367432,7.400000095367432,7.900000095367432,107800,2.5613298416137695,0.0,0.0
ADX,2008-11-28,7.150000095367432,8.069999694824219,7.150000095367432,8.020000457763672,35700,2.600236415863037,0.0,0.0
ADX,2008-12-01,7.960000038146973,7.960000038146973,7.409999847412109,7.409999847412109,128300,2.402462959289551,0.0,0.0
ADX,2008-12-02,7.389999866485596,7.710000038146973,7.340000152587891,7.53000020980835,201000,2.4413697719573975,0.0,0.0
ADX,2008-12-03,7.400000095367432,7.739999771118164,7.349999904632568,7.659999847412109,210500,2.4835174083709717,0.0,0.0
ADX,2008-12-04,7.53000020980835,7.71999979019165,7.360000133514404,7.559999942779541,152100,2.4510955810546875,0.0,0.0
ADX,2008-12-05,7.389999866485596,7.760000228881836,7.260000228881836,7.760000228881836,124900,2.5159401893615723,0.0,0.0
ADX,2008-12-08,7.809999942779541,8.199999809265137,7.809999942779541,7.989999771118164,243800,2.590510129928589,0.0,0.0
ADX,2008-12-09,7.989999771118164,8.039999961853027,7.75,7.829999923706055,118300,2.5386345386505127,0.0,0.0
ADX,2008-12-10,7.889999866485596,8.010000228881836,7.849999904632568,8.0,113400,2.593752145767212,0.0,0.0
ADX,2008-12-11,7.849999904632568,7.980000019073486,7.800000190734863,7.829999923706055,165100,2.5386345386505127,0.0,0.0
ADX,2008-12-12,7.980000019073486,7.980000019073486,7.579999923706055,7.840000152587891,117900,2.541876792907715,0.0,0.0
ADX,2008-12-15,7.849999904632568,7.909999847412109,7.650000095367432,7.690000057220459,121000,2.4932446479797363,0.0,0.0
ADX,2008-12-16,7.670000076293945,8.100000381469727,7.670000076293945,8.050000190734863,203700,2.6099631786346436,0.0,0.0
ADX,2008-12-17,7.920000076293945,8.180000305175781,7.889999866485596,8.15999984741211,128500,2.6456267833709717,0.0,0.0
ADX,2008-12-18,8.199999809265137,8.279999732971191,7.980000019073486,8.010000228881836,202600,2.596994161605835,0.0,0.0
ADX,2008-12-19,7.980000019073486,8.170000076293945,7.900000095367432,8.119999885559082,173600,2.632658004760742,0.0,0.0
ADX,2008-12-22,8.050000190734863,8.119999885559082,7.659999847412109,7.840000152587891,187500,2.541876792907715,0.0,0.0
ADX,2008-12-23,7.760000228881836,7.949999809265137,7.75,7.789999961853027,202600,2.5256645679473877,0.0,0.0
ADX,2008-12-24,7.800000190734863,7.860000133514404,7.71999979019165,7.809999942779541,82300,2.532151460647583,0.0,0.0
ADX,2008-12-26,7.679999828338623,7.880000114440918,7.679999828338623,7.820000171661377,107500,2.5353927612304688,0.0,0.0
ADX,2008-12-29,7.760000228881836,7.860000133514404,7.599999904632568,7.820000171661377,221600,2.5353927612304688,0.0,0.0
ADX,2008-12-30,7.769999980926514,7.909999847412109,7.769999980926514,7.880000114440918,206800,2.5548458099365234,0.0,0.0
ADX,2008-12-31,7.900000095367432,8.069999694824219,7.880000114440918,8.029999732971191,204800,2.6034786701202393,0.0,0.0
ADX,2009-01-02,7.980000019073486,8.34000015258789,7.980000019073486,8.319999694824219,177500,2.697502374649048,0.0,0.0
ADX,2009-01-05,8.3100004196167,8.489999771118164,8.210000038146973,8.489999771118164,182500,2.7526192665100098,0.0,0.0
ADX,2009-01-06,8.489999771118164,8.609999656677246,8.470000267028809,8.5600004196167,92300,2.77531361579895,0.0,0.0
ADX,2009-01-07,8.510000228881836,8.510000228881836,8.279999732971191,8.279999732971191,165800,2.6845321655273438,0.0,0.0
ADX,2009-01-08,8.25,8.300000190734863,8.119999885559082,8.1899995803833,214900,2.655352830886841,0.0,0.0
ADX,2009-01-09,8.220000267028809,8.300000190734863,8.100000381469727,8.100000381469727,91000,2.626173496246338,0.0,0.0
ADX,2009-01-12,8.109999656677246,8.109999656677246,7.849999904632568,7.900000095367432,148200,2.5613298416137695,0.0,0.0
ADX,2009-01-13,7.920000076293945,8.109999656677246,7.849999904632568,7.920000076293945,225500,2.5678157806396484,0.0,0.0
ADX,2009-01-14,7.849999904632568,7.849999904632568,7.670000076293945,7.710000038146973,157500,2.499727964401245,0.0,0.0
ADX,2009-01-15,7.650000095367432,7.78000020980835,7.480000019073486,7.78000020980835,237700,2.5224246978759766,0.0,0.0
ADX,2009-01-16,7.820000171661377,7.900000095367432,7.659999847412109,7.829999923706055,96300,2.5386345386505127,0.0,0.0
ADX,2009-01-20,7.789999961853027,7.800000190734863,7.510000228881836,7.510000228881836,199900,2.434884548187256,0.0,0.0
ADX,2009-01-21,7.570000171661377,7.710000038146973,7.360000133514404,7.710000038146973,162500,2.499727964401245,0.0,0.0
ADX,2009-01-22,7.699999809265137,7.699999809265137,7.420000076293945,7.599999904632568,173200,2.464064598083496,0.0,0.0
ADX,2009-01-23,7.480000019073486,7.699999809265137,7.400000095367432,7.619999885559082,177000,2.4705491065979004,0.0,0.0
ADX,2009-01-26,8.020000457763672,8.020000457763672,7.579999923706055,7.690000057220459,103100,2.4932446479797363,0.0,0.0
ADX,2009-01-27,7.769999980926514,7.820000171661377,7.599999904632568,7.800000190734863,85800,2.5289084911346436,0.0,0.0
ADX,2009-01-28,7.900000095367432,8.0600004196167,7.900000095367432,8.039999961853027,97400,2.6067209243774414,0.0,0.0
ADX,2009-01-29,8.010000228881836,8.010000228881836,7.800000190734863,7.809999942779541,125600,2.532151460647583,0.0,0.0
ADX,2009-01-30,7.739999771118164,7.869999885559082,7.599999904632568,7.599999904632568,69900,2.464064598083496,0.0,0.0
ADX,2009-02-02,7.510000228881836,7.659999847412109,7.489999771118164,7.590000152587891,63300,2.4608218669891357,0.0,0.0
ADX,2009-02-03,7.590000152587891,7.789999961853027,7.590000152587891,7.760000228881836,75900,2.5159401893615723,0.0,0.0
ADX,2009-02-04,7.789999961853027,8.029999732971191,7.670000076293945,7.710000038146973,74200,2.499727964401245,0.0,0.0
ADX,2009-02-05,7.690000057220459,7.849999904632568,7.579999923706055,7.789999961853027,111600,2.5256645679473877,0.0,0.0
ADX,2009-02-06,7.829999923706055,8.010000228881836,7.809999942779541,7.980000019073486,101200,2.5872676372528076,0.0,0.0
ADX,2009-02-09,8.0,8.039999961853027,7.909999847412109,8.039999961853027,90100,2.6067209243774414,0.0,0.0
ADX,2009-02-10,8.050000190734863,8.050000190734863,7.630000114440918,7.739999771118164,115900,2.5094552040100098,0.0,0.0
ADX,2009-02-11,7.71999979019165,7.789999961853027,7.639999866485596,7.710000038146973,79200,2.515981435775757,0.05,0.0
ADX,2009-02-12,7.659999847412109,7.710000038146973,7.449999809265137,7.690000057220459,134200,2.509455442428589,0.0,0.0
ADX,2009-02-13,7.650000095367432,7.75,7.570000171661377,7.659999847412109,141800,2.499664783477783,0.0,0.0
ADX,2009-02-17,7.489999771118164,7.510000228881836,7.289999961853027,7.289999961853027,182400,2.378925085067749,0.0,0.0
ADX,2009-02-18,7.380000114440918,7.380000114440918,7.199999809265137,7.25,159300,2.3658714294433594,0.0,0.0
ADX,2009-02-19,7.28000020980835,7.309999942779541,7.070000171661377,7.070000171661377,169200,2.307133436203003,0.0,0.0
ADX,2009-02-20,7.090000152587891,7.110000133514404,6.849999904632568,7.010000228881836,268400,2.2875521183013916,0.0,0.0
ADX,2009-02-23,7.010000228881836,7.050000190734863,6.679999828338623,6.710000038146973,205600,2.1896541118621826,0.0,0.0
ADX,2009-02-24,6.800000190734863,7.019999980926514,6.659999847412109,7.019999980926514,141100,2.290815591812134,0.0,0.0
ADX,2009-02-25,7.360000133514404,7.360000133514404,6.829999923706055,6.940000057220459,176400,2.264709711074829,0.0,0.0
ADX,2009-02-26,7.039999961853027,7.070000171661377,6.809999942779541,6.829999923706055,144300,2.2288143634796143,0.0,0.0
ADX,2009-02-27,6.710000038146973,6.840000152587891,6.679999828338623,6.710000038146973,148100,2.1896541118621826,0.0,0.0
ADX,2009-03-02,6.599999904632568,6.610000133514404,6.380000114440918,6.420000076293945,294300,2.095020055770874,0.0,0.0
ADX,2009-03-03,6.420000076293945,6.5,6.179999828338623,6.21999979019165,369100,2.029754638671875,0.0,0.0
ADX,2009-03-04,6.28000020980835,6.559999942779541,6.28000020980835,6.480000019073486,199600,2.1145992279052734,0.0,0.0
ADX,2009-03-05,6.380000114440918,6.380000114440918,6.110000133514404,6.150000095367432,245800,2.006911277770996,0.0,0.0
ADX,2009-03-06,6.170000076293945,6.289999961853027,6.010000228881836,6.179999828338623,210000,2.0167012214660645,0.0,0.0
ADX,2009-03-09,6.0,6.260000228881836,6.0,6.059999942779541,312700,1.9775421619415283,0.0,0.0
ADX,2009-03-10,6.079999923706055,6.599999904632568,6.079999923706055,6.590000152587891,270500,2.1504948139190674,0.0,0.0
ADX,2009-03-11,6.650000095367432,6.75,6.510000228881836,6.679999828338623,258300,2.1798644065856934,0.0,0.0
ADX,2009-03-12,6.610000133514404,6.960000038146973,6.550000190734863,6.920000076293945,141100,2.258183240890503,0.0,0.0
ADX,2009-03-13,6.949999809265137,7.0,6.809999942779541,6.949999809265137,129700,2.2679738998413086,0.0,0.0
ADX,2009-03-16,7.059999942779541,7.210000038146973,6.989999771118164,7.0,207200,2.2842893600463867,0.0,0.0
ADX,2009-03-17,6.949999809265137,7.239999771118164,6.880000114440918,7.239999771118164,168300,2.362607717514038,0.0,0.0
ADX,2009-03-18,7.199999809265137,7.360000133514404,7.03000020980835,7.25,169600,2.3658714294433594,0.0,0.0
ADX,2009-03-19,7.28000020980835,7.400000095367432,7.110000133514404,7.199999809265137,124000,2.349555015563965,0.0,0.0
ADX,2009-03-20,7.159999847412109,7.28000020980835,7.070000171661377,7.170000076293945,165000,2.3397648334503174,0.0,0.0
ADX,2009-03-23,7.309999942779541,7.570000171661377,7.260000228881836,7.570000171661377,163500,2.4702963829040527,0.0,0.0
ADX,2009-03-24,7.510000228881836,7.650000095367432,7.420000076293945,7.5,183100,2.447453260421753,0.0,0.0
ADX,2009-03-25,7.519999980926514,7.769999980926514,7.489999771118164,7.71999979019165,486100,2.519244432449341,0.0,0.0
ADX,2009-03-26,7.710000038146973,7.820000171661377,7.659999847412109,7.78000020980835,299300,2.538825035095215,0.0,0.0
ADX,2009-03-27,7.730000019073486,7.809999942779541,7.650000095367432,7.690000057220459,107000,2.509455442428589,0.0,0.0
ADX,2009-03-30,7.5,7.579999923706055,7.400000095367432,7.5,165100,2.447453260421753,0.0,0.0
ADX,2009-03-31,7.5,7.610000133514404,7.429999828338623,7.519999980926514,106800,2.453979730606079,0.0,0.0
ADX,2009-04-01,7.400000095367432,7.559999942779541,7.349999904632568,7.489999771118164,192000,2.4441893100738525,0.0,0.0
ADX,2009-04-02,7.699999809265137,7.840000152587891,7.639999866485596,7.78000020980835,111800,2.538825035095215,0.0,0.0
ADX,2009-04-03,7.699999809265137,7.809999942779541,7.639999866485596,7.78000020980835,136200,2.538825035095215,0.0,0.0
ADX,2009-04-06,7.639999866485596,7.739999771118164,7.630000114440918,7.739999771118164,92200,2.5257718563079834,0.0,0.0
ADX,2009-04-07,7.619999885559082,7.630000114440918,7.510000228881836,7.590000152587891,114500,2.4768226146698,0.0,0.0
ADX,2009-04-08,7.670000076293945,7.670000076293945,7.599999904632568,7.630000114440918,65400,2.4898757934570312,0.0,0.0
ADX,2009-04-09,7.860000133514404,7.960000038146973,7.789999961853027,7.860000133514404,181000,2.5649311542510986,0.0,0.0
ADX,2009-04-13,7.789999961853027,8.0,7.769999980926514,7.960000038146973,132300,2.5975630283355713,0.0,0.0
ADX,2009-04-14,7.900000095367432,8.079999923706055,7.800000190734863,8.0,381700,2.61061692237854,0.0,0.0
ADX,2009-04-15,7.929999828338623,7.980000019073486,7.900000095367432,7.949999809265137,94800,2.5943005084991455,0.0,0.0
ADX,2009-04-16,7.989999771118164,8.079999923706055,7.949999809265137,8.0600004196167,168100,2.6301963329315186,0.0,0.0
ADX,2009-04-17,8.079999923706055,8.100000381469727,8.0,8.069999694824219,92100,2.6334593296051025,0.0,0.0
ADX,2009-04-20,8.130000114440918,8.130000114440918,7.710000038146973,7.909999847412109,186200,2.5812466144561768,0.0,0.0
ADX,2009-04-21,7.800000190734863,8.010000228881836,7.760000228881836,7.989999771118164,196200,2.6073532104492188,0.0,0.0
ADX,2009-04-22,7.900000095367432,8.010000228881836,7.849999904632568,7.989999771118164,254800,2.6073532104492188,0.0,0.0
ADX,2009-04-23,7.989999771118164,8.0,7.75,7.920000076293945,152100,2.58450984954834,0.0,0.0
ADX,2009-04-24,7.940000057220459,8.109999656677246,7.940000057220459,8.0,170900,2.61061692237854,0.0,0.0
ADX,2009-04-27,8.0,8.069999694824219,7.920000076293945,8.0,109600,2.61061692237854,0.0,0.0
ADX,2009-04-28,7.980000019073486,8.029999732971191,7.860000133514404,8.0,107300,2.61061692237854,0.0,0.0
ADX,2009-04-29,8.029999732971191,8.140000343322754,8.0,8.069999694824219,132400,2.6334593296051025,0.0,0.0
ADX,2009-04-30,8.119999885559082,8.1899995803833,8.050000190734863,8.149999618530273,99900,2.6595654487609863,0.0,0.0
ADX,2009-05-01,8.130000114440918,8.15999984741211,8.020000457763672,8.100000381469727,104500,2.643249034881592,0.0,0.0
ADX,2009-05-04,8.130000114440918,8.3100004196167,8.130000114440918,8.300000190734863,84000,2.708515167236328,0.0,0.0
ADX,2009-05-05,8.300000190734863,8.380000114440918,8.270000457763672,8.350000381469727,138100,2.7248318195343018,0.0,0.0
ADX,2009-05-06,8.430000305175781,8.460000038146973,8.329999923706055,8.40999984741211,205000,2.744410276412964,0.0,0.0
ADX,2009-05-07,8.460000038146973,8.5,8.319999694824219,8.34000015258789,100900,2.7215678691864014,0.0,0.0
ADX,2009-05-08,8.460000038146973,8.609999656677246,8.449999809265137,8.569999694824219,128300,2.7966227531433105,0.0,0.0
ADX,2009-05-11,8.529999732971191,8.529999732971191,8.40999984741211,8.470000267028809,56300,2.7639899253845215,0.0,0.0
ADX,2009-05-12,8.5,8.5,8.229999542236328,8.40999984741211,93700,2.744410276412964,0.0,0.0
ADX,2009-05-13,8.300000190734863,8.300000190734863,8.130000114440918,8.149999618530273,114700,2.675471067428589,0.05,0.0
ADX,2009-05-14,8.149999618530273,8.239999771118164,8.140000343322754,8.220000267028809,118200,2.6984517574310303,0.0,0.0
ADX,2009-05-15,8.199999809265137,8.239999771118164,8.09000015258789,8.119999885559082,77000,2.6656224727630615,0.0,0.0
ADX,2009-05-18,8.180000305175781,8.34000015258789,8.180000305175781,8.329999923706055,109100,2.7345621585845947,0.0,0.0
ADX,2009-05-19,8.350000381469727,8.420000076293945,8.329999923706055,8.369999885559082,135600,2.7476933002471924,0.0,0.0
ADX,2009-05-20,8.420000076293945,8.489999771118164,8.3100004196167,8.319999694824219,94400,2.731278419494629,0.0,0.0
ADX,2009-05-21,8.119999885559082,8.25,8.119999885559082,8.170000076293945,84100,2.682037591934204,0.0,0.0
ADX,2009-05-22,8.199999809265137,8.319999694824219,8.149999618530273,8.260000228881836,172100,2.7115814685821533,0.0,0.0
ADX,2009-05-26,8.170000076293945,8.399999618530273,8.09000015258789,8.380000114440918,229100,2.7509758472442627,0.0,0.0
ADX,2009-05-27,8.390000343322754,8.430000305175781,8.229999542236328,8.229999542236328,140100,2.701734781265259,0.0,0.0
ADX,2009-05-28,8.270000457763672,8.369999885559082,8.199999809265137,8.350000381469727,106700,2.741129159927368,0.0,0.0
ADX,2009-05-29,8.380000114440918,8.4399995803833,8.34000015258789,8.4399995803833,70500,2.770672082901001,0.0,0.0
ADX,2009-06-01,8.550000190734863,8.710000038146973,8.510000228881836,8.65999984741211,227500,2.8428945541381836,0.0,0.0
ADX,2009-06-02,8.640000343322754,8.739999771118164,8.609999656677246,8.699999809265137,131900,2.8560261726379395,0.0,0.0
ADX,2009-06-03,8.600000381469727,8.630000114440918,8.489999771118164,8.539999961853027,133500,2.803499698638916,0.0,0.0
ADX,2009-06-04,8.65999984741211,8.65999984741211,8.520000457763672,8.600000381469727,112700,2.8231990337371826,0.0,0.0
ADX,2009-06-05,8.680000305175781,8.729999542236328,8.609999656677246,8.630000114440918,101800,2.8330459594726562,0.0,0.0
ADX,2009-06-08,8.579999923706055,8.649999618530273,8.489999771118164,8.59000015258789,135900,2.8199141025543213,0.0,0.0
ADX,2009-06-09,8.670000076293945,8.670000076293945,8.579999923706055,8.670000076293945,63600,2.8461763858795166,0.0,0.0
ADX,2009-06-10,8.699999809265137,8.729999542236328,8.569999694824219,8.630000114440918,150100,2.8330459594726562,0.0,0.0
ADX,2009-06-11,8.630000114440918,8.779999732971191,8.619999885559082,8.699999809265137,111600,2.8560261726379395,0.0,0.0
ADX,2009-06-12,8.630000114440918,8.699999809265137,8.609999656677246,8.670000076293945,86200,2.8461763858795166,0.0,0.0
ADX,2009-06-15,8.59000015258789,8.59000015258789,8.359999656677246,8.4399995803833,146900,2.770672082901001,0.0,0.0
ADX,2009-06-16,8.460000038146973,8.479999542236328,8.34000015258789,8.350000381469727,141000,2.741129159927368,0.0,0.0
ADX,2009-06-17,8.359999656677246,8.40999984741211,8.279999732971191,8.34000015258789,104100,2.7378456592559814,0.0,0.0
ADX,2009-06-18,8.34000015258789,8.420000076293945,8.300000190734863,8.399999618530273,108000,2.757542371749878,0.0,0.0
ADX,2009-06-19,8.430000305175781,8.510000228881836,8.359999656677246,8.449999809265137,107900,2.7739555835723877,0.0,0.0
ADX,2009-06-22,8.359999656677246,8.380000114440918,8.1899995803833,8.210000038146973,161500,2.695168972015381,0.0,0.0
ADX,2009-06-23,8.199999809265137,8.270000457763672,8.180000305175781,8.25,129700,2.7083003520965576,0.0,0.0
ADX,2009-06-24,8.3100004196167,8.369999885559082,8.220000267028809,8.270000457763672,91100,2.7148661613464355,0.0,0.0
ADX,2009-06-25,8.260000228881836,8.4399995803833,8.229999542236328,8.420000076293945,98400,2.764106512069702,0.0,0.0
ADX,2009-06-26,8.40999984741211,8.430000305175781,8.369999885559082,8.399999618530273,67400,2.757542371749878,0.0,0.0
ADX,2009-06-29,8.430000305175781,8.5,8.380000114440918,8.470000267028809,109200,2.780520439147949,0.0,0.0
ADX,2009-06-30,8.5,8.5,8.350000381469727,8.399999618530273,106300,2.757542371749878,0.0,0.0
ADX,2009-07-01,8.460000038146973,8.5,8.4399995803833,8.479999542236328,76100,2.783803701400757,0.0,0.0
ADX,2009-07-02,8.369999885559082,8.369999885559082,8.279999732971191,8.3100004196167,112400,2.727997064590454,0.0,0.0
ADX,2009-07-06,8.229999542236328,8.289999961853027,8.1899995803833,8.25,63900,2.7083003520965576,0.0,0.0
ADX,2009-07-07,8.260000228881836,8.260000228881836,8.100000381469727,8.100000381469727,199300,2.659058094024658,0.0,0.0
ADX,2009-07-08,8.149999618530273,8.180000305175781,8.050000190734863,8.109999656677246,158300,2.6623406410217285,0.0,0.0
ADX,2009-07-09,8.15999984741211,8.199999809265137,8.09000015258789,8.09000015258789,86100,2.655775547027588,0.0,0.0
ADX,2009-07-10,8.09000015258789,8.100000381469727,8.039999961853027,8.050000190734863,76500,2.642643690109253,0.0,0.0
ADX,2009-07-13,8.09000015258789,8.229999542236328,8.069999694824219,8.229999542236328,79200,2.701734781265259,0.0,0.0
ADX,2009-07-14,8.279999732971191,8.3100004196167,8.210000038146973,8.3100004196167,96000,2.727997064590454,0.0,0.0
ADX,2009-07-15,8.369999885559082,8.5600004196167,8.369999885559082,8.5600004196167,125900,2.8100664615631104,0.0,0.0
ADX,2009-07-16,8.5600004196167,8.65999984741211,8.520000457763672,8.649999618530273,109700,2.839611530303955,0.0,0.0
ADX,2009-07-17,8.640000343322754,8.710000038146973,8.600000381469727,8.699999809265137,167600,2.8560261726379395,0.0,0.0
ADX,2009-07-20,8.729999542236328,8.850000381469727,8.699999809265137,8.829999923706055,153200,2.8987014293670654,0.0,0.0
ADX,2009-07-21,8.880000114440918,8.890000343322754,8.75,8.859999656677246,109000,2.9085493087768555,0.0,0.0
ADX,2009-07-22,8.84000015258789,8.890000343322754,8.779999732971191,8.829999923706055,86900,2.8987014293670654,0.0,0.0
ADX,2009-07-23,8.850000381469727,9.039999961853027,8.829999923706055,9.029999732971191,168500,2.9643571376800537,0.0,0.0
ADX,2009-07-24,8.949999809265137,9.069999694824219,8.9399995803833,9.069999694824219,90300,2.9774885177612305,0.0,0.0
ADX,2009-07-27,9.069999694824219,9.100000381469727,9.029999732971191,9.09000015258789,97300,2.984053611755371,0.0,0.0
ADX,2009-07-28,9.180000305175781,9.430000305175781,9.0600004196167,9.170000076293945,387200,3.010316848754883,0.0,0.0
ADX,2009-07-29,9.199999809265137,9.199999809265137,9.069999694824219,9.140000343322754,133500,3.0004687309265137,0.0,0.0
ADX,2009-07-30,9.15999984741211,9.319999694824219,9.15999984741211,9.229999542236328,147200,3.030012369155884,0.0,0.0
ADX,2009-07-31,9.25,9.289999961853027,9.1899995803833,9.260000228881836,80400,3.039860486984253,0.0,0.0
ADX,2009-08-03,9.289999961853027,9.40999984741211,9.260000228881836,9.40999984741211,250300,3.089103937149048,0.0,0.0
ADX,2009-08-04,9.399999618530273,9.449999809265137,9.350000381469727,9.4399995803833,114200,3.0989508628845215,0.0,0.0
ADX,2009-08-05,9.449999809265137,9.479999542236328,9.359999656677246,9.460000038146973,88500,3.1055171489715576,0.0,0.0
ADX,2009-08-06,9.430000305175781,9.4399995803833,9.369999885559082,9.420000076293945,178100,3.09238600730896,0.0,0.0
ADX,2009-08-07,9.460000038146973,9.59000015258789,9.449999809265137,9.579999923706055,286300,3.1449098587036133,0.0,0.0
ADX,2009-08-10,9.5600004196167,9.569999694824219,9.5,9.520000457763672,149100,3.125213861465454,0.0,0.0
ADX,2009-08-11,9.489999771118164,9.520000457763672,9.380000114440918,9.430000305175781,96700,3.095669746398926,0.0,0.0
ADX,2009-08-12,9.3100004196167,9.489999771118164,9.300000190734863,9.470000267028809,155000,3.125371217727661,0.05,0.0
ADX,2009-08-13,9.489999771118164,9.529999732971191,9.369999885559082,9.529999732971191,139800,3.145172595977783,0.0,0.0
ADX,2009-08-14,9.470000267028809,9.5,9.329999923706055,9.420000076293945,49600,3.108870029449463,0.0,0.0
ADX,2009-08-17,9.260000228881836,9.260000228881836,9.140000343322754,9.210000038146973,100500,3.0395636558532715,0.0,0.0
ADX,2009-08-18,9.15999984741211,9.319999694824219,9.15999984741211,9.289999961853027,76100,3.065967082977295,0.0,0.0
ADX,2009-08-19,9.180000305175781,9.34000015258789,9.180000305175781,9.260000228881836,58500,3.0560643672943115,0.0,0.0
ADX,2009-08-20,9.239999771118164,9.380000114440918,9.229999542236328,9.359999656677246,81700,3.0890676975250244,0.0,0.0
ADX,2009-08-21,9.369999885559082,9.529999732971191,9.359999656677246,9.489999771118164,140000,3.1319727897644043,0.0,0.0
ADX,2009-08-24,9.479999542236328,9.550000190734863,9.470000267028809,9.489999771118164,146500,3.1319727897644043,0.0,0.0
ADX,2009-08-25,9.529999732971191,9.579999923706055,9.520000457763672,9.5600004196167,112500,3.155074119567871,0.0,0.0
ADX,2009-08-26,9.510000228881836,9.569999694824219,9.470000267028809,9.510000228881836,129900,3.138573169708252,0.0,0.0
ADX,2009-08-27,9.470000267028809,9.539999961853027,9.430000305175781,9.539999961853027,67700,3.1484742164611816,0.0,0.0
ADX,2009-08-28,9.5600004196167,9.59000015258789,9.460000038146973,9.520000457763672,110600,3.1418726444244385,0.0,0.0
ADX,2009-08-31,9.470000267028809,9.470000267028809,9.380000114440918,9.449999809265137,45700,3.1187710762023926,0.0,0.0
ADX,2009-09-01,9.4399995803833,9.510000228881836,9.25,9.289999961853027,166200,3.065967082977295,0.0,0.0
ADX,2009-09-02,9.210000038146973,9.289999961853027,9.210000038146973,9.25,130200,3.0527660846710205,0.0,0.0
ADX,2009-09-03,9.329999923706055,9.369999885559082,9.229999542236328,9.369999885559082,102700,3.0923683643341064,0.0,0.0
ADX,2009-09-04,9.34000015258789,9.460000038146973,9.279999732971191,9.449999809265137,70200,3.1187710762023926,0.0,0.0
ADX,2009-09-08,9.470000267028809,9.529999732971191,9.470000267028809,9.520000457763672,102700,3.1418726444244385,0.0,0.0
ADX,2009-09-09,9.5,9.640000343322754,9.5,9.619999885559082,143000,3.174875020980835,0.0,0.0
ADX,2009-09-10,9.609999656677246,9.739999771118164,9.569999694824219,9.729999542236328,84600,3.211178779602051,0.0,0.0
ADX,2009-09-11,9.729999542236328,9.800000190734863,9.729999542236328,9.770000457763672,90400,3.224381446838379,0.0,0.0
ADX,2009-09-14,9.75,9.789999961853027,9.680000305175781,9.789999961853027,80000,3.23098087310791,0.0,0.0
ADX,2009-09-15,9.760000228881836,9.890000343322754,9.760000228881836,9.869999885559082,109600,3.2573835849761963,0.0,0.0
ADX,2009-09-16,9.890000343322754,10.010000228881836,9.890000343322754,9.979999542236328,53700,3.2936856746673584,0.0,0.0
ADX,2009-09-17,10.130000114440918,10.130000114440918,9.890000343322754,9.989999771118164,94300,3.2969870567321777,0.0,0.0
ADX,2009-09-18,9.9399995803833,10.010000228881836,9.9399995803833,9.970000267028809,78600,3.2903852462768555,0.0,0.0
ADX,2009-09-21,9.890000343322754,9.90999984741211,9.819999694824219,9.850000381469727,103300,3.2507829666137695,0.0,0.0
ADX,2009-09-22,9.890000343322754,9.9399995803833,9.880000114440918,9.930000305175781,132600,3.2771847248077393,0.0,0.0
ADX,2009-09-23,9.930000305175781,9.989999771118164,9.84000015258789,9.850000381469727,117700,3.2507829666137695,0.0,0.0
ADX,2009-09-24,9.880000114440918,9.880000114440918,9.630000114440918,9.680000305175781,135200,3.1946778297424316,0.0,0.0
ADX,2009-09-25,9.630000114440918,9.710000038146973,9.609999656677246,9.670000076293945,69700,3.191377878189087,0.0,0.0
ADX,2009-09-28,9.710000038146973,9.859999656677246,9.710000038146973,9.84000015258789,104300,3.2474822998046875,0.0,0.0
ADX,2009-09-29,9.680000305175781,9.890000343322754,9.680000305175781,9.800000190734863,104800,3.234280586242676,0.0,0.0
ADX,2009-09-30,9.8100004196167,9.819999694824219,9.710000038146973,9.770000457763672,128100,3.224381446838379,0.0,0.0
ADX,2009-10-01,9.75,9.75,9.529999732971191,9.539999961853027,152200,3.1484742164611816,0.0,0.0
ADX,2009-10-02,9.40999984741211,9.550000190734863,9.40999984741211,9.470000267028809,151800,3.125371217727661,0.0,0.0
ADX,2009-10-05,9.510000228881836,9.640000343322754,9.5,9.619999885559082,90900,3.174875020980835,0.0,0.0
ADX,2009-10-06,9.619999885559082,9.800000190734863,9.619999885559082,9.789999961853027,200400,3.23098087310791,0.0,0.0
ADX,2009-10-07,9.850000381469727,9.850000381469727,9.720000267028809,9.770000457763672,59600,3.224381446838379,0.0,0.0
ADX,2009-10-08,9.890000343322754,9.949999809265137,9.84000015258789,9.859999656677246,132200,3.254082679748535,0.0,0.0
ADX,2009-10-09,9.960000038146973,9.960000038146973,9.84000015258789,9.920000076293945,92100,3.2738840579986572,0.0,0.0
ADX,2009-10-12,9.960000038146973,10.029999732971191,9.90999984741211,9.930000305175781,127600,3.2771847248077393,0.0,0.0
ADX,2009-10-13,9.899999618530273,9.960000038146973,9.869999885559082,9.90999984741211,56300,3.2705845832824707,0.0,0.0
ADX,2009-10-14,10.020000457763672,10.079999923706055,9.90999984741211,10.050000190734863,199500,3.316789150238037,0.0,0.0
ADX,2009-10-15,9.989999771118164,10.09000015258789,9.989999771118164,10.069999694824219,85400,3.3233895301818848,0.0,0.0
ADX,2009-10-16,10.020000457763672,10.0600004196167,9.979999542236328,10.029999732971191,48000,3.310187578201294,0.0,0.0
ADX,2009-10-19,10.029999732971191,10.149999618530273,10.029999732971191,10.130000114440918,100100,3.3431906700134277,0.0,0.0
ADX,2009-10-20,10.130000114440918,10.15999984741211,10.050000190734863,10.109999656677246,110700,3.336590051651001,0.0,0.0
ADX,2009-10-21,10.069999694824219,10.199999809265137,10.010000228881836,10.010000228881836,95300,3.303586721420288,0.0,0.0
ADX,2009-10-22,10.020000457763672,10.119999885559082,9.949999809265137,10.119999885559082,87600,3.339890480041504,0.0,0.0
ADX,2009-10-23,10.069999694824219,10.170000076293945,9.979999542236328,10.0,90400,3.3002870082855225,0.0,0.0
ADX,2009-10-26,10.039999961853027,10.119999885559082,9.899999618530273,9.899999618530273,101500,3.2672839164733887,0.0,0.0
ADX,2009-10-27,9.899999618530273,9.9399995803833,9.84000015258789,9.869999885559082,81500,3.2573835849761963,0.0,0.0
ADX,2009-10-28,9.770000457763672,9.869999885559082,9.600000381469727,9.609999656677246,148600,3.171576499938965,0.0,0.0
ADX,2009-10-29,9.65999984741211,9.829999923706055,9.65999984741211,9.829999923706055,122100,3.2441813945770264,0.0,0.0
ADX,2009-10-30,9.770000457763672,9.8100004196167,9.529999732971191,9.550000190734863,100100,3.1517744064331055,0.0,0.0
ADX,2009-11-02,9.59000015258789,9.699999809265137,9.5,9.640000343322754,149300,3.181475877761841,0.0,0.0
ADX,2009-11-03,9.609999656677246,9.680000305175781,9.550000190734863,9.65999984741211,51700,3.188077449798584,0.0,0.0
ADX,2009-11-04,9.699999809265137,9.800000190734863,9.6899995803833,9.6899995803833,136700,3.1979780197143555,0.0,0.0
ADX,2009-11-05,9.729999542236328,9.84000015258789,9.729999542236328,9.829999923706055,99300,3.2441813945770264,0.0,0.0
ADX,2009-11-06,9.729999542236328,9.880000114440918,9.729999542236328,9.850000381469727,117500,3.2507829666137695,0.0,0.0
ADX,2009-11-09,9.920000076293945,10.079999923706055,9.920000076293945,10.079999923706055,87800,3.326688051223755,0.0,0.0
ADX,2009-11-10,10.149999618530273,10.149999618530273,10.029999732971191,10.09000015258789,98700,3.329988718032837,0.0,0.0
ADX,2009-11-11,10.130000114440918,10.199999809265137,10.100000381469727,10.130000114440918,101100,3.3431906700134277,0.0,0.0
ADX,2009-11-12,10.100000381469727,10.140000343322754,10.029999732971191,10.029999732971191,118000,3.310187578201294,0.0,0.0
ADX,2009-11-13,10.069999694824219,10.15999984741211,10.029999732971191,10.15999984741211,131200,3.3530919551849365,0.0,0.0
ADX,2009-11-16,10.180000305175781,10.289999961853027,10.170000076293945,10.270000457763672,152500,3.3893940448760986,0.0,0.0
ADX,2009-11-17,10.260000228881836,10.300000190734863,10.1899995803833,10.279999732971191,76800,3.3926942348480225,0.0,0.0
ADX,2009-11-18,10.109999656677246,10.119999885559082,9.90999984741211,9.989999771118164,172900,3.3960959911346436,0.3,0.0
ADX,2009-11-19,9.890000343322754,9.90999984741211,9.779999732971191,9.850000381469727,122100,3.3485021591186523,0.0,0.0
ADX,2009-11-20,9.770000457763672,9.829999923706055,9.760000228881836,9.829999923706055,43900,3.3417019844055176,0.0,0.0
ADX,2009-11-23,9.880000114440918,9.989999771118164,9.880000114440918,9.960000038146973,140600,3.3858959674835205,0.0,0.0
ADX,2009-11-24,9.979999542236328,9.979999542236328,9.859999656677246,9.960000038146973,80600,3.3858959674835205,0.0,0.0
ADX,2009-11-25,9.979999542236328,9.989999771118164,9.960000038146973,9.989999771118164,128700,3.3960959911346436,0.0,0.0
ADX,2009-11-27,9.75,9.920000076293945,9.720000267028809,9.829999923706055,56800,3.3417019844055176,0.0,0.0
ADX,2009-11-30,9.8100004196167,9.859999656677246,9.770000457763672,9.829999923706055,79300,3.3417019844055176,0.0,0.0
ADX,2009-12-01,9.899999618530273,9.979999542236328,9.899999618530273,9.949999809265137,120900,3.382495641708374,0.0,0.0
ADX,2009-12-02,9.970000267028809,10.020000457763672,9.949999809265137,9.970000267028809,88000,3.389296054840088,0.0,0.0
ADX,2009-12-03,10.010000228881836,10.029999732971191,9.90999984741211,9.90999984741211,55900,3.3688981533050537,0.0,0.0
ADX,2009-12-04,9.989999771118164,10.09000015258789,9.899999618530273,9.949999809265137,76000,3.382495641708374,0.0,0.0
ADX,2009-12-07,9.920000076293945,10.0,9.899999618530273,9.920000076293945,111400,3.3722987174987793,0.0,0.0
ADX,2009-12-08,9.850000381469727,9.880000114440918,9.779999732971191,9.8100004196167,100600,3.3349032402038574,0.0,0.0
ADX,2009-12-09,9.829999923706055,9.90999984741211,9.770000457763672,9.850000381469727,90100,3.3485021591186523,0.0,0.0
ADX,2009-12-10,9.880000114440918,9.979999542236328,9.880000114440918,9.9399995803833,121400,3.379096746444702,0.0,0.0
ADX,2009-12-11,9.989999771118164,10.0,9.920000076293945,9.989999771118164,139300,3.3960959911346436,0.0,0.0
ADX,2009-12-14,9.90999984741211,10.069999694824219,9.90999984741211,10.050000190734863,133200,3.416492223739624,0.0,0.0
ADX,2009-12-15,10.0,10.039999961853027,9.979999542236328,10.010000228881836,104100,3.4028937816619873,0.0,0.0
ADX,2009-12-16,10.020000457763672,10.039999961853027,9.979999542236328,10.0,109000,3.399493455886841,0.0,0.0
ADX,2009-12-17,9.989999771118164,9.989999771118164,9.859999656677246,9.9399995803833,174300,3.379096746444702,0.0,0.0
ADX,2009-12-18,9.9399995803833,9.989999771118164,9.899999618530273,9.949999809265137,74800,3.382495641708374,0.0,0.0
ADX,2009-12-21,10.079999923706055,10.079999923706055,10.0,10.0600004196167,67100,3.419891357421875,0.0,0.0
ADX,2009-12-22,10.039999961853027,10.130000114440918,10.039999961853027,10.119999885559082,107800,3.440286636352539,0.0,0.0
ADX,2009-12-23,10.149999618530273,10.15999984741211,10.079999923706055,10.119999885559082,112800,3.440286636352539,0.0,0.0
ADX,2009-12-24,10.09000015258789,10.180000305175781,10.09000015258789,10.15999984741211,58700,3.4538846015930176,0.0,0.0
ADX,2009-12-28,10.180000305175781,10.239999771118164,10.149999618530273,10.170000076293945,112400,3.457285165786743,0.0,0.0
ADX,2009-12-29,10.180000305175781,10.199999809265137,10.109999656677246,10.15999984741211,106400,3.4538846015930176,0.0,0.0
ADX,2009-12-30,10.100000381469727,10.149999618530273,10.029999732971191,10.140000343322754,142900,3.447086811065674,0.0,0.0
ADX,2009-12-31,10.149999618530273,10.149999618530273,10.100000381469727,10.100000381469727,142300,3.4334895610809326,0.0,0.0
ADX,2010-01-04,10.15999984741211,10.25,10.149999618530273,10.25,123100,3.4844815731048584,0.0,0.0
ADX,2010-01-05,10.220000267028809,10.279999732971191,10.220000267028809,10.270000457763672,99700,3.4912798404693604,0.0,0.0
ADX,2010-01-06,10.260000228881836,10.319999694824219,10.260000228881836,10.3100004196167,154800,3.5048789978027344,0.0,0.0
ADX,2010-01-07,10.270000457763672,10.350000381469727,10.260000228881836,10.319999694824219,139700,3.5082767009735107,0.0,0.0
ADX,2010-01-08,10.300000190734863,10.329999923706055,10.289999961853027,10.319999694824219,133500,3.5082767009735107,0.0,0.0
ADX,2010-01-11,10.359999656677246,10.380000114440918,10.3100004196167,10.359999656677246,142300,3.5218753814697266,0.0,0.0
ADX,2010-01-12,10.289999961853027,10.3100004196167,10.220000267028809,10.239999771118164,156800,3.481081008911133,0.0,0.0
ADX,2010-01-13,10.270000457763672,10.350000381469727,10.220000267028809,10.319999694824219,85400,3.5082767009735107,0.0,0.0
ADX,2010-01-14,10.3100004196167,10.380000114440918,10.3100004196167,10.380000114440918,104400,3.528674840927124,0.0,0.0
ADX,2010-01-15,10.329999923706055,10.359999656677246,10.220000267028809,10.260000228881836,49100,3.4878804683685303,0.0,0.0
ADX,2010-01-19,10.329999923706055,10.40999984741211,10.289999961853027,10.390000343322754,105800,3.532073974609375,0.0,0.0
ADX,2010-01-20,10.359999656677246,10.359999656677246,10.229999542236328,10.300000190734863,132000,3.501478433609009,0.0,0.0
ADX,2010-01-21,10.319999694824219,10.329999923706055,10.109999656677246,10.119999885559082,187700,3.440286636352539,0.0,0.0
ADX,2010-01-22,10.100000381469727,10.130000114440918,9.880000114440918,9.890000343322754,123700,3.3620996475219727,0.0,0.0
ADX,2010-01-25,9.960000038146973,10.020000457763672,9.90999984741211,9.949999809265137,84500,3.382495641708374,0.0,0.0
ADX,2010-01-26,9.899999618530273,10.0,9.880000114440918,9.899999618530273,153800,3.3654985427856445,0.0,0.0
ADX,2010-01-27,9.869999885559082,9.920000076293945,9.829999923706055,9.90999984741211,156800,3.3688981533050537,0.0,0.0
ADX,2010-01-28,9.920000076293945,9.930000305175781,9.75,9.800000190734863,191600,3.3315036296844482,0.0,0.0
ADX,2010-01-29,9.850000381469727,9.920000076293945,9.6899995803833,9.729999542236328,124600,3.307706832885742,0.0,0.0
ADX,2010-02-01,9.729999542236328,9.850000381469727,9.729999542236328,9.850000381469727,72000,3.3485021591186523,0.0,0.0
ADX,2010-02-02,9.859999656677246,9.989999771118164,9.850000381469727,9.989999771118164,101900,3.3960959911346436,0.0,0.0
ADX,2010-02-03,9.90999984741211,9.979999542236328,9.880000114440918,9.930000305175781,75700,3.3756978511810303,0.0,0.0
ADX,2010-02-04,9.880000114440918,9.880000114440918,9.609999656677246,9.609999656677246,134800,3.266914129257202,0.0,0.0
ADX,2010-02-05,9.619999885559082,9.640000343322754,9.270000457763672,9.579999923706055,271100,3.256714344024658,0.0,0.0
ADX,2010-02-08,9.579999923706055,9.630000114440918,9.479999542236328,9.479999542236328,68200,3.2227208614349365,0.0,0.0
ADX,2010-02-09,9.5600004196167,9.65999984741211,9.520000457763672,9.5600004196167,133200,3.249915599822998,0.0,0.0
ADX,2010-02-10,9.510000228881836,9.5600004196167,9.470000267028809,9.529999732971191,89200,3.25675106048584,0.05,0.0
ADX,2010-02-11,9.529999732971191,9.640000343322754,9.489999771118164,9.640000343322754,68000,3.2943410873413086,0.0,0.0
ADX,2010-02-12,9.539999961853027,9.630000114440918,9.5,9.619999885559082,100800,3.2875072956085205,0.0,0.0
ADX,2010-02-16,9.680000305175781,9.819999694824219,9.670000076293945,9.800000190734863,179700,3.349019765853882,0.0,0.0
ADX,2010-02-17,9.829999923706055,9.899999618530273,9.829999923706055,9.859999656677246,75400,3.3695242404937744,0.0,0.0
ADX,2010-02-18,9.850000381469727,9.979999542236328,9.850000381469727,9.970000267028809,89400,3.4071147441864014,0.0,0.0
ADX,2010-02-19,9.9399995803833,10.039999961853027,9.920000076293945,9.989999771118164,185400,3.4139516353607178,0.0,0.0
ADX,2010-02-22,10.0,10.0,9.9399995803833,9.970000267028809,114600,3.4071147441864014,0.0,0.0
ADX,2010-02-23,9.960000038146973,9.979999542236328,9.869999885559082,9.930000305175781,193300,3.393446445465088,0.0,0.0
ADX,2010-02-24,9.920000076293945,10.0,9.920000076293945,9.979999542236328,137800,3.4105329513549805,0.0,0.0
ADX,2010-02-25,9.819999694824219,9.930000305175781,9.800000190734863,9.920000076293945,137500,3.390028715133667,0.0,0.0
ADX,2010-02-26,9.920000076293945,9.970000267028809,9.920000076293945,9.949999809265137,78400,3.4002792835235596,0.0,0.0
ADX,2010-03-01,10.050000190734863,10.079999923706055,10.020000457763672,10.069999694824219,176700,3.441288948059082,0.0,0.0
ADX,2010-03-02,10.109999656677246,10.130000114440918,9.970000267028809,10.09000015258789,105900,3.448122501373291,0.0,0.0
ADX,2010-03-03,10.109999656677246,10.170000076293945,10.09000015258789,10.109999656677246,68700,3.454958200454712,0.0,0.0
ADX,2010-03-04,10.109999656677246,10.15999984741211,10.100000381469727,10.130000114440918,70200,3.4617929458618164,0.0,0.0
ADX,2010-03-05,10.180000305175781,10.300000190734863,10.180000305175781,10.289999961853027,103100,3.5164711475372314,0.0,0.0
ADX,2010-03-08,10.279999732971191,10.350000381469727,10.270000457763672,10.329999923706055,108100,3.530139684677124,0.0,0.0
ADX,2010-03-09,10.300000190734863,10.390000343322754,10.279999732971191,10.34000015258789,75400,3.533557891845703,0.0,0.0
ADX,2010-03-10,10.3100004196167,10.420000076293945,10.3100004196167,10.390000343322754,69300,3.550644636154175,0.0,0.0
ADX,2010-03-11,10.369999885559082,10.449999809265137,10.34000015258789,10.430000305175781,89800,3.5643136501312256,0.0,0.0
ADX,2010-03-12,10.420000076293945,10.479999542236328,10.399999618530273,10.479999542236328,106200,3.5814015865325928,0.0,0.0
ADX,2010-03-15,10.529999732971191,10.529999732971191,10.390000343322754,10.489999771118164,80300,3.5848193168640137,0.0,0.0
ADX,2010-03-16,10.479999542236328,10.529999732971191,10.470000267028809,10.510000228881836,97300,3.5916528701782227,0.0,0.0
ADX,2010-03-17,10.550000190734863,10.65999984741211,10.550000190734863,10.619999885559082,159600,3.629243850708008,0.0,0.0
ADX,2010-03-18,10.600000381469727,10.6899995803833,10.5600004196167,10.649999618530273,118100,3.6394965648651123,0.0,0.0
ADX,2010-03-19,10.520000457763672,10.630000114440918,10.489999771118164,10.520000457763672,137800,3.5950698852539062,0.0,0.0
ADX,2010-03-22,10.460000038146973,10.579999923706055,10.40999984741211,10.550000190734863,130900,3.605323553085327,0.0,0.0
ADX,2010-03-23,10.5600004196167,10.619999885559082,10.520000457763672,10.609999656677246,144400,3.625825881958008,0.0,0.0
ADX,2010-03-24,10.579999923706055,10.600000381469727,10.520000457763672,10.520000457763672,90600,3.5950698852539062,0.0,0.0
ADX,2010-03-25,10.619999885559082,10.670000076293945,10.510000228881836,10.510000228881836,126600,3.5916528701782227,0.0,0.0
ADX,2010-03-26,10.520000457763672,10.619999885559082,10.5,10.5600004196167,90100,3.608739137649536,0.0,0.0
ADX,2010-03-29,10.569999694824219,10.609999656677246,10.5600004196167,10.59000015258789,104500,3.6189932823181152,0.0,0.0
ADX,2010-03-30,10.579999923706055,10.619999885559082,10.539999961853027,10.569999694824219,137500,3.612157106399536,0.0,0.0
ADX,2010-03-31,10.5600004196167,10.59000015258789,10.529999732971191,10.539999961853027,136800,3.60190486907959,0.0,0.0
ADX,2010-04-01,10.670000076293945,10.670000076293945,10.579999923706055,10.609999656677246,135900,3.625825881958008,0.0,0.0
ADX,2010-04-05,10.649999618530273,10.75,10.649999618530273,10.720000267028809,194400,3.6634175777435303,0.0,0.0
ADX,2010-04-06,10.670000076293945,10.800000190734863,10.670000076293945,10.75,171900,3.6736702919006348,0.0,0.0
ADX,2010-04-07,10.75,10.75,10.670000076293945,10.729999542236328,214700,3.666834592819214,0.0,0.0
ADX,2010-04-08,10.710000038146973,10.739999771118164,10.619999885559082,10.729999542236328,190400,3.666834592819214,0.0,0.0
ADX,2010-04-09,10.729999542236328,10.869999885559082,10.729999542236328,10.850000381469727,85500,3.70784330368042,0.0,0.0
ADX,2010-04-12,10.829999923706055,10.869999885559082,10.829999923706055,10.84000015258789,101200,3.704425573348999,0.0,0.0
ADX,2010-04-13,10.800000190734863,10.859999656677246,10.770000457763672,10.859999656677246,63500,3.711261034011841,0.0,0.0
ADX,2010-04-14,10.869999885559082,10.960000038146973,10.869999885559082,10.949999809265137,59000,3.7420153617858887,0.0,0.0
ADX,2010-04-15,10.930000305175781,10.979999542236328,10.930000305175781,10.970000267028809,71300,3.748852252960205,0.0,0.0
ADX,2010-04-16,10.960000038146973,10.960000038146973,10.779999732971191,10.84000015258789,100200,3.704425573348999,0.0,0.0
ADX,2010-04-19,10.760000228881836,10.850000381469727,10.720000267028809,10.819999694824219,165200,3.6975905895233154,0.0,0.0
ADX,2010-04-20,10.859999656677246,10.9399995803833,10.859999656677246,10.899999618530273,63400,3.7249295711517334,0.0,0.0
ADX,2010-04-21,10.9399995803833,10.970000267028809,10.859999656677246,10.890000343322754,131600,3.721513271331787,0.0,0.0
ADX,2010-04-22,10.789999961853027,10.960000038146973,10.65999984741211,10.960000038146973,109800,3.7454330921173096,0.0,0.0
ADX,2010-04-23,10.9399995803833,11.069999694824219,10.920000076293945,11.039999961853027,142200,3.7727737426757812,0.0,0.0
ADX,2010-04-26,11.039999961853027,11.109999656677246,11.039999961853027,11.0600004196167,127800,3.7796082496643066,0.0,0.0
ADX,2010-04-27,10.989999771118164,11.029999732971191,10.800000190734863,10.800000190734863,186300,3.6907575130462646,0.0,0.0
ADX,2010-04-28,10.84000015258789,10.90999984741211,10.779999732971191,10.8100004196167,122100,3.6941723823547363,0.0,0.0
ADX,2010-04-29,10.850000381469727,10.9399995803833,10.850000381469727,10.90999984741211,103700,3.7283482551574707,0.0,0.0
ADX,2010-04-30,10.899999618530273,10.920000076293945,10.75,10.760000228881836,130200,3.677086353302002,0.0,0.0
ADX,2010-05-03,10.800000190734863,10.869999885559082,10.800000190734863,10.859999656677246,104100,3.711261034011841,0.0,0.0
ADX,2010-05-04,10.779999732971191,10.779999732971191,10.579999923706055,10.630000114440918,118600,3.632660388946533,0.0,0.0
ADX,2010-05-05,10.470000267028809,10.59000015258789,10.399999618530273,10.489999771118164,115400,3.5848193168640137,0.0,0.0
ADX,2010-05-06,10.369999885559082,10.479999542236328,8.0,10.050000190734863,548600,3.434455394744873,0.0,0.0
ADX,2010-05-07,9.970000267028809,10.109999656677246,9.699999809265137,9.960000038146973,333200,3.4036974906921387,0.0,0.0
ADX,2010-05-10,10.420000076293945,10.529999732971191,10.300000190734863,10.430000305175781,151500,3.5643136501312256,0.0,0.0
ADX,2010-05-11,10.260000228881836,10.479999542236328,10.210000038146973,10.359999656677246,176600,3.5403926372528076,0.0,0.0
ADX,2010-05-12,10.369999885559082,10.489999771118164,10.350000381469727,10.489999771118164,73100,3.6022045612335205,0.05,0.0
ADX,2010-05-13,10.430000305175781,10.470000267028809,10.329999923706055,10.350000381469727,52000,3.554128646850586,0.0,0.0
ADX,2010-05-14,10.260000228881836,10.260000228881836,10.010000228881836,10.079999923706055,81700,3.4614109992980957,0.0,0.0
ADX,2010-05-17,10.109999656677246,10.149999618530273,9.880000114440918,10.079999923706055,114400,3.4614109992980957,0.0,0.0
ADX,2010-05-18,10.199999809265137,10.220000267028809,9.899999618530273,9.949999809265137,143900,3.4167704582214355,0.0,0.0
ADX,2010-05-19,9.899999618530273,9.970000267028809,9.539999961853027,9.880000114440918,144300,3.3927345275878906,0.0,0.0
ADX,2010-05-20,9.729999542236328,9.729999542236328,9.4399995803833,9.470000267028809,206800,3.251941204071045,0.0,0.0
ADX,2010-05-21,9.289999961853027,9.65999984741211,9.289999961853027,9.569999694824219,125800,3.2862813472747803,0.0,0.0
ADX,2010-05-24,9.529999732971191,9.640000343322754,9.510000228881836,9.510000228881836,101300,3.2656774520874023,0.0,0.0
ADX,2010-05-25,9.3100004196167,9.5,9.140000343322754,9.5,134800,3.2622437477111816,0.0,0.0
ADX,2010-05-26,9.529999732971191,9.6899995803833,9.460000038146973,9.460000038146973,143100,3.248507261276245,0.0,0.0
ADX,2010-05-27,9.739999771118164,9.800000190734863,9.65999984741211,9.800000190734863,242800,3.3652615547180176,0.0,0.0
ADX,2010-05-28,9.800000190734863,9.8100004196167,9.649999618530273,9.720000267028809,125900,3.3377902507781982,0.0,0.0
ADX,2010-06-01,9.680000305175781,9.760000228881836,9.569999694824219,9.609999656677246,322000,3.300016403198242,0.0,0.0
ADX,2010-06-02,9.630000114440918,9.789999961853027,9.59000015258789,9.789999961853027,74100,3.361827850341797,0.0,0.0
ADX,2010-06-03,9.779999732971191,9.84000015258789,9.710000038146973,9.779999732971191,81100,3.3583927154541016,0.0,0.0
ADX,2010-06-04,9.630000114440918,9.680000305175781,9.40999984741211,9.4399995803833,129900,3.2416396141052246,0.0,0.0
ADX,2010-06-07,9.479999542236328,9.520000457763672,9.3100004196167,9.329999923706055,125500,3.203866481781006,0.0,0.0
ADX,2010-06-08,9.34000015258789,9.550000190734863,9.229999542236328,9.449999809265137,149200,3.245072841644287,0.0,0.0
ADX,2010-06-09,9.460000038146973,9.550000190734863,9.34000015258789,9.350000381469727,73000,3.2107338905334473,0.0,0.0
ADX,2010-06-10,9.4399995803833,9.640000343322754,9.399999618530273,9.640000343322754,81600,3.3103175163269043,0.0,0.0
ADX,2010-06-11,9.520000457763672,9.699999809265137,9.520000457763672,9.680000305175781,93100,3.324054002761841,0.0,0.0
ADX,2010-06-14,9.729999542236328,9.819999694824219,9.649999618530273,9.65999984741211,59400,3.317185640335083,0.0,0.0
ADX,2010-06-15,9.720000267028809,9.84000015258789,9.710000038146973,9.819999694824219,56000,3.3721296787261963,0.0,0.0
ADX,2010-06-16,9.75,9.859999656677246,9.729999542236328,9.850000381469727,57900,3.382432222366333,0.0,0.0
ADX,2010-06-17,9.819999694824219,9.859999656677246,9.75,9.850000381469727,85400,3.382432222366333,0.0,0.0
ADX,2010-06-18,9.8100004196167,9.850000381469727,9.800000190734863,9.84000015258789,100100,3.378997802734375,0.0,0.0
ADX,2010-06-21,9.979999542236328,9.979999542236328,9.770000457763672,9.789999961853027,105400,3.361827850341797,0.0,0.0
ADX,2010-06-22,9.770000457763672,9.8100004196167,9.630000114440918,9.640000343322754,66900,3.3103175163269043,0.0,0.0
ADX,2010-06-23,9.640000343322754,9.649999618530273,9.550000190734863,9.600000381469727,99200,3.296583890914917,0.0,0.0
ADX,2010-06-24,9.520000457763672,9.529999732971191,9.40999984741211,9.40999984741211,107000,3.231337547302246,0.0,0.0
ADX,2010-06-25,9.4399995803833,9.510000228881836,9.390000343322754,9.460000038146973,71100,3.248507261276245,0.0,0.0
ADX,2010-06-28,9.479999542236328,9.520000457763672,9.420000076293945,9.420000076293945,80500,3.234771728515625,0.0,0.0
ADX,2010-06-29,9.220000267028809,9.260000228881836,9.079999923706055,9.140000343322754,116700,3.1386215686798096,0.0,0.0
ADX,2010-06-30,9.140000343322754,9.220000267028809,9.020000457763672,9.029999732971191,77600,3.1008481979370117,0.0,0.0
ADX,2010-07-01,9.069999694824219,9.069999694824219,8.84000015258789,8.979999542236328,169500,3.0836784839630127,0.0,0.0
ADX,2010-07-02,9.069999694824219,9.069999694824219,8.890000343322754,8.970000267028809,63300,3.0802438259124756,0.0,0.0
ADX,2010-07-06,9.119999885559082,9.140000343322754,8.920000076293945,8.989999771118164,77200,3.0871124267578125,0.0,0.0
ADX,2010-07-07,9.020000457763672,9.270000457763672,9.020000457763672,9.260000228881836,193000,3.17982816696167,0.0,0.0
ADX,2010-07-08,9.359999656677246,9.399999618530273,9.239999771118164,9.399999618530273,144400,3.227903366088867,0.0,0.0
ADX,2010-07-09,9.359999656677246,9.449999809265137,9.359999656677246,9.430000305175781,136600,3.2382073402404785,0.0,0.0
ADX,2010-07-12,9.420000076293945,9.479999542236328,9.369999885559082,9.460000038146973,78400,3.248507261276245,0.0,0.0
ADX,2010-07-13,9.529999732971191,9.649999618530273,9.529999732971191,9.630000114440918,68500,3.3068840503692627,0.0,0.0
ADX,2010-07-14,9.59000015258789,9.640000343322754,9.539999961853027,9.609999656677246,96600,3.300016403198242,0.0,0.0
ADX,2010-07-15,9.609999656677246,9.609999656677246,9.460000038146973,9.600000381469727,88800,3.296583890914917,0.0,0.0
ADX,2010-07-16,9.539999961853027,9.550000190734863,9.319999694824219,9.369999885559082,88700,3.2176015377044678,0.0,0.0
ADX,2010-07-19,9.380000114440918,9.420000076293945,9.289999961853027,9.40999984741211,62400,3.231337547302246,0.0,0.0
ADX,2010-07-20,9.300000190734863,9.5,9.270000457763672,9.5,69500,3.2622437477111816,0.0,0.0
ADX,2010-07-21,9.529999732971191,9.529999732971191,9.34000015258789,9.399999618530273,145100,3.227903366088867,0.0,0.0
ADX,2010-07-22,9.5,9.630000114440918,9.5,9.609999656677246,143900,3.300016403198242,0.0,0.0
ADX,2010-07-23,9.59000015258789,9.6899995803833,9.579999923706055,9.65999984741211,92900,3.317185640335083,0.0,0.0
ADX,2010-07-26,9.670000076293945,9.779999732971191,9.670000076293945,9.760000228881836,137700,3.3515257835388184,0.0,0.0
ADX,2010-07-27,9.8100004196167,9.84000015258789,9.720000267028809,9.770000457763672,92700,3.3549599647521973,0.0,0.0
ADX,2010-07-28,9.729999542236328,9.75,9.640000343322754,9.680000305175781,78400,3.324054002761841,0.0,0.0
ADX,2010-07-29,9.710000038146973,9.75,9.5600004196167,9.65999984741211,75600,3.317185640335083,0.0,0.0
ADX,2010-07-30,9.539999961853027,9.649999618530273,9.520000457763672,9.649999618530273,81200,3.3137519359588623,0.0,0.0
ADX,2010-08-02,9.720000267028809,9.829999923706055,9.720000267028809,9.8100004196167,126300,3.3686957359313965,0.0,0.0
ADX,2010-08-03,9.819999694824219,9.84000015258789,9.739999771118164,9.770000457763672,109600,3.3549599647521973,0.0,0.0
ADX,2010-08-04,9.829999923706055,9.859999656677246,9.760000228881836,9.859999656677246,77700,3.3858652114868164,0.0,0.0
ADX,2010-08-05,9.800000190734863,9.859999656677246,9.789999961853027,9.859999656677246,116800,3.3858652114868164,0.0,0.0
ADX,2010-08-06,9.779999732971191,9.850000381469727,9.720000267028809,9.850000381469727,206200,3.382432222366333,0.0,0.0
ADX,2010-08-09,9.819999694824219,9.899999618530273,9.819999694824219,9.899999618530273,64800,3.399599552154541,0.0,0.0
ADX,2010-08-10,9.800000190734863,9.890000343322754,9.770000457763672,9.84000015258789,90900,3.378997802734375,0.0,0.0
ADX,2010-08-11,9.65999984741211,9.65999984741211,9.489999771118164,9.539999961853027,181000,3.292710542678833,0.05,0.0
ADX,2010-08-12,9.380000114440918,9.479999542236328,9.34000015258789,9.449999809265137,107000,3.261646270751953,0.0,0.0
ADX,2010-08-13,9.399999618530273,9.460000038146973,9.399999618530273,9.430000305175781,74100,3.2547457218170166,0.0,0.0
ADX,2010-08-16,9.350000381469727,9.4399995803833,9.329999923706055,9.420000076293945,146200,3.2512922286987305,0.0,0.0
ADX,2010-08-17,9.470000267028809,9.579999923706055,9.430000305175781,9.539999961853027,131600,3.292710542678833,0.0,0.0
ADX,2010-08-18,9.520000457763672,9.569999694824219,9.449999809265137,9.5600004196167,77600,3.2996132373809814,0.0,0.0
ADX,2010-08-19,9.539999961853027,9.539999961853027,9.369999885559082,9.369999885559082,167800,3.234034538269043,0.0,0.0
ADX,2010-08-20,9.319999694824219,9.359999656677246,9.279999732971191,9.34000015258789,151000,3.223681926727295,0.0,0.0
ADX,2010-08-23,9.359999656677246,9.430000305175781,9.3100004196167,9.319999694824219,132300,3.2167770862579346,0.0,0.0
ADX,2010-08-24,9.220000267028809,9.229999542236328,9.149999618530273,9.180000305175781,126700,3.16845703125,0.0,0.0
ADX,2010-08-25,9.109999656677246,9.199999809265137,9.069999694824219,9.170000076293945,95000,3.165006160736084,0.0,0.0
ADX,2010-08-26,9.239999771118164,9.239999771118164,9.079999923706055,9.119999885559082,97600,3.1477479934692383,0.0,0.0
ADX,2010-08-27,9.1899995803833,9.239999771118164,9.039999961853027,9.239999771118164,172000,3.1891660690307617,0.0,0.0
ADX,2010-08-30,9.199999809265137,9.25,9.130000114440918,9.130000114440918,128100,3.151201009750366,0.0,0.0
ADX,2010-08-31,9.109999656677246,9.15999984741211,9.050000190734863,9.130000114440918,86700,3.151201009750366,0.0,0.0
ADX,2010-09-01,9.229999542236328,9.380000114440918,9.229999542236328,9.369999885559082,187200,3.234034538269043,0.0,0.0
ADX,2010-09-02,9.369999885559082,9.5,9.369999885559082,9.489999771118164,74500,3.2754530906677246,0.0,0.0
ADX,2010-09-03,9.539999961853027,9.65999984741211,9.529999732971191,9.609999656677246,96300,3.31687068939209,0.0,0.0
ADX,2010-09-07,9.550000190734863,9.550000190734863,9.489999771118164,9.510000228881836,131800,3.282355785369873,0.0,0.0
ADX,2010-09-08,9.520000457763672,9.600000381469727,9.489999771118164,9.579999923706055,93100,3.3065154552459717,0.0,0.0
ADX,2010-09-09,9.65999984741211,9.680000305175781,9.59000015258789,9.619999885559082,95200,3.320322036743164,0.0,0.0
ADX,2010-09-10,9.640000343322754,9.680000305175781,9.609999656677246,9.65999984741211,61700,3.33412766456604,0.0,0.0
ADX,2010-09-13,9.6899995803833,9.789999961853027,9.6899995803833,9.760000228881836,169200,3.368642807006836,0.0,0.0
ADX,2010-09-14,9.75,9.8100004196167,9.699999809265137,9.770000457763672,134700,3.3720946311950684,0.0,0.0
ADX,2010-09-15,9.739999771118164,9.800000190734863,9.6899995803833,9.779999732971191,63500,3.375545024871826,0.0,0.0
ADX,2010-09-16,9.760000228881836,9.789999961853027,9.75,9.770000457763672,44400,3.3720946311950684,0.0,0.0
ADX,2010-09-17,9.8100004196167,9.859999656677246,9.779999732971191,9.8100004196167,88800,3.3859004974365234,0.0,0.0
ADX,2010-09-20,9.800000190734863,9.90999984741211,9.800000190734863,9.90999984741211,296400,3.4204142093658447,0.0,0.0
ADX,2010-09-21,9.90999984741211,9.949999809265137,9.850000381469727,9.899999618530273,129400,3.4169623851776123,0.0,0.0
ADX,2010-09-22,9.859999656677246,9.930000305175781,9.829999923706055,9.859999656677246,142600,3.4031577110290527,0.0,0.0
ADX,2010-09-23,9.8100004196167,9.880000114440918,9.760000228881836,9.770000457763672,79100,3.3720946311950684,0.0,0.0
ADX,2010-09-24,9.829999923706055,9.949999809265137,9.829999923706055,9.949999809265137,78300,3.434220552444458,0.0,0.0
ADX,2010-09-27,9.9399995803833,9.979999542236328,9.920000076293945,9.930000305175781,97600,3.427318811416626,0.0,0.0
ADX,2010-09-28,9.970000267028809,9.970000267028809,9.850000381469727,9.949999809265137,130900,3.434220552444458,0.0,0.0
ADX,2010-09-29,9.899999618530273,9.979999542236328,9.899999618530273,9.9399995803833,152000,3.430769443511963,0.0,0.0
ADX,2010-09-30,9.949999809265137,10.0600004196167,9.899999618530273,9.9399995803833,146400,3.430769443511963,0.0,0.0
ADX,2010-10-01,9.979999542236328,10.020000457763672,9.9399995803833,10.0,93300,3.451478958129883,0.0,0.0
ADX,2010-10-04,9.970000267028809,9.979999542236328,9.869999885559082,9.890000343322754,142900,3.4135124683380127,0.0,0.0
ADX,2010-10-05,9.9399995803833,10.09000015258789,9.9399995803833,10.039999961853027,194500,3.4652838706970215,0.0,0.0
ADX,2010-10-06,10.069999694824219,10.09000015258789,10.029999732971191,10.09000015258789,164800,3.482541561126709,0.0,0.0
ADX,2010-10-07,10.109999656677246,10.109999656677246,10.020000457763672,10.079999923706055,357800,3.4790892601013184,0.0,0.0
ADX,2010-10-08,10.050000190734863,10.15999984741211,10.050000190734863,10.130000114440918,151200,3.4963467121124268,0.0,0.0
ADX,2010-10-11,10.119999885559082,10.199999809265137,10.119999885559082,10.180000305175781,126100,3.5136048793792725,0.0,0.0
ADX,2010-10-12,10.149999618530273,10.210000038146973,10.09000015258789,10.199999809265137,138600,3.5205068588256836,0.0,0.0
ADX,2010-10-13,10.239999771118164,10.329999923706055,10.229999542236328,10.279999732971191,189000,3.548118829727173,0.0,0.0
ADX,2010-10-14,10.25,10.289999961853027,10.210000038146973,10.289999961853027,155200,3.551572561264038,0.0,0.0
ADX,2010-10-15,10.3100004196167,10.319999694824219,10.220000267028809,10.270000457763672,125500,3.5446677207946777,0.0,0.0
ADX,2010-10-18,10.239999771118164,10.329999923706055,10.239999771118164,10.329999923706055,145600,3.5653767585754395,0.0,0.0
ADX,2010-10-19,10.229999542236328,10.279999732971191,10.079999923706055,10.130000114440918,146500,3.4963467121124268,0.0,0.0
ADX,2010-10-20,10.180000305175781,10.279999732971191,10.15999984741211,10.220000267028809,89800,3.527411460876465,0.0,0.0
ADX,2010-10-21,10.260000228881836,10.329999923706055,10.1899995803833,10.239999771118164,83700,3.534313201904297,0.0,0.0
ADX,2010-10-22,10.270000457763672,10.289999961853027,10.25,10.270000457763672,46300,3.5446677207946777,0.0,0.0
ADX,2010-10-25,10.3100004196167,10.369999885559082,10.279999732971191,10.289999961853027,81200,3.551572561264038,0.0,0.0
ADX,2010-10-26,10.220000267028809,10.3100004196167,10.210000038146973,10.279999732971191,100300,3.548118829727173,0.0,0.0
ADX,2010-10-27,10.229999542236328,10.270000457763672,10.130000114440918,10.270000457763672,143300,3.5446677207946777,0.0,0.0
ADX,2010-10-28,10.289999961853027,10.319999694824219,10.210000038146973,10.229999542236328,137200,3.5308620929718018,0.0,0.0
ADX,2010-10-29,10.260000228881836,10.300000190734863,10.220000267028809,10.300000190734863,189800,3.5550215244293213,0.0,0.0
ADX,2010-11-01,10.300000190734863,10.369999885559082,10.25,10.270000457763672,254900,3.5446677207946777,0.0,0.0
ADX,2010-11-02,10.329999923706055,10.380000114440918,10.3100004196167,10.329999923706055,130800,3.5653767585754395,0.0,0.0
ADX,2010-11-03,10.319999694824219,10.369999885559082,10.279999732971191,10.359999656677246,70500,3.5757315158843994,0.0,0.0
ADX,2010-11-04,10.40999984741211,10.539999961853027,10.40999984741211,10.520000457763672,221300,3.6309549808502197,0.0,0.0
ADX,2010-11-05,10.5600004196167,10.609999656677246,10.550000190734863,10.59000015258789,102300,3.655116081237793,0.0,0.0
ADX,2010-11-08,10.550000190734863,10.59000015258789,10.529999732971191,10.550000190734863,163300,3.6413111686706543,0.0,0.0
ADX,2010-11-09,10.569999694824219,10.609999656677246,10.5,10.529999732971191,255100,3.6344079971313477,0.0,0.0
ADX,2010-11-10,10.510000228881836,10.579999923706055,10.449999809265137,10.579999923706055,186200,3.651663303375244,0.0,0.0
ADX,2010-11-11,10.470000267028809,10.550000190734863,10.460000038146973,10.539999961853027,140700,3.6378588676452637,0.0,0.0
ADX,2010-11-12,10.479999542236328,10.529999732971191,10.380000114440918,10.40999984741211,184000,3.592989444732666,0.0,0.0
ADX,2010-11-15,10.449999809265137,10.489999771118164,10.399999618530273,10.40999984741211,150500,3.592989444732666,0.0,0.0
ADX,2010-11-16,10.350000381469727,10.350000381469727,10.199999809265137,10.260000228881836,230200,3.5412168502807617,0.0,0.0
ADX,2010-11-17,9.960000038146973,10.029999732971191,9.880000114440918,9.970000267028809,416700,3.5662553310394287,0.36,0.0
ADX,2010-11-18,10.100000381469727,10.109999656677246,10.010000228881836,10.029999732971191,208600,3.587716579437256,0.0,0.0
ADX,2010-11-19,10.020000457763672,10.09000015258789,9.989999771118164,10.079999923706055,91100,3.6056020259857178,0.0,0.0
ADX,2010-11-22,10.039999961853027,10.100000381469727,9.989999771118164,10.100000381469727,151700,3.6127569675445557,0.0,0.0
ADX,2010-11-23,9.989999771118164,9.989999771118164,9.920000076293945,9.979999542236328,118500,3.5698328018188477,0.0,0.0
ADX,2010-11-24,9.989999771118164,10.140000343322754,9.989999771118164,10.140000343322754,163400,3.6270644664764404,0.0,0.0
ADX,2010-11-26,10.09000015258789,10.09000015258789,10.050000190734863,10.069999694824219,35900,3.6020257472991943,0.0,0.0
ADX,2010-11-29,10.039999961853027,10.109999656677246,9.960000038146973,10.109999656677246,95700,3.6163344383239746,0.0,0.0
ADX,2010-11-30,10.050000190734863,10.109999656677246,10.0,10.09000015258789,164000,3.6091794967651367,0.0,0.0
ADX,2010-12-01,10.180000305175781,10.25,10.170000076293945,10.25,289900,3.666412591934204,0.0,0.0
ADX,2010-12-02,10.229999542236328,10.34000015258789,10.229999542236328,10.319999694824219,215700,3.6914491653442383,0.0,0.0
ADX,2010-12-03,10.300000190734863,10.369999885559082,10.300000190734863,10.350000381469727,186300,3.702181577682495,0.0,0.0
ADX,2010-12-06,10.329999923706055,10.399999618530273,10.329999923706055,10.399999618530273,194100,3.7200658321380615,0.0,0.0
ADX,2010-12-07,10.489999771118164,10.5,10.430000305175781,10.4399995803833,350000,3.7343738079071045,0.0,0.0
ADX,2010-12-08,10.3100004196167,10.489999771118164,10.3100004196167,10.460000038146973,145300,3.7415268421173096,0.0,0.0
ADX,2010-12-09,10.479999542236328,10.5,10.430000305175781,10.489999771118164,113300,3.752260208129883,0.0,0.0
ADX,2010-12-10,10.489999771118164,10.550000190734863,10.470000267028809,10.550000190734863,127000,3.773721933364868,0.0,0.0
ADX,2010-12-13,10.609999656677246,10.619999885559082,10.569999694824219,10.569999694824219,168100,3.780874729156494,0.0,0.0
ADX,2010-12-14,10.579999923706055,10.649999618530273,10.5600004196167,10.579999923706055,71600,3.7844507694244385,0.0,0.0
ADX,2010-12-15,10.520000457763672,10.619999885559082,10.520000457763672,10.529999732971191,91800,3.766568183898926,0.0,0.0
ADX,2010-12-16,10.520000457763672,10.609999656677246,10.489999771118164,10.609999656677246,114300,3.7951807975769043,0.0,0.0
ADX,2010-12-17,10.579999923706055,10.609999656677246,10.539999961853027,10.59000015258789,130300,3.788029193878174,0.0,0.0
ADX,2010-12-20,10.600000381469727,10.619999885559082,10.5,10.569999694824219,146500,3.780874729156494,0.0,0.0
ADX,2010-12-21,10.600000381469727,10.65999984741211,10.600000381469727,10.640000343322754,69200,3.8059139251708984,0.0,0.0
ADX,2010-12-22,10.640000343322754,10.720000267028809,10.640000343322754,10.680000305175781,108400,3.820220947265625,0.0,0.0
ADX,2010-12-23,10.680000305175781,10.75,10.680000305175781,10.739999771118164,118800,3.841684341430664,0.0,0.0
ADX,2010-12-27,10.729999542236328,10.739999771118164,10.65999984741211,10.720000267028809,96900,3.8345298767089844,0.0,0.0
ADX,2010-12-28,10.710000038146973,10.739999771118164,10.670000076293945,10.710000038146973,150000,3.830951690673828,0.0,0.0
ADX,2010-12-29,10.699999809265137,10.779999732971191,10.699999809265137,10.729999542236328,146400,3.8381059169769287,0.0,0.0
ADX,2010-12-30,10.729999542236328,10.75,10.680000305175781,10.720000267028809,127700,3.8345298767089844,0.0,0.0
ADX,2010-12-31,10.720000267028809,10.75,10.680000305175781,10.739999771118164,155300,3.841684341430664,0.0,0.0
ADX,2011-01-03,10.779999732971191,10.880000114440918,10.779999732971191,10.859999656677246,142500,3.8846073150634766,0.0,0.0
ADX,2011-01-04,10.850000381469727,10.880000114440918,10.779999732971191,10.869999885559082,145700,3.888183832168579,0.0,0.0
ADX,2011-01-05,10.850000381469727,10.899999618530273,10.8100004196167,10.899999618530273,93800,3.898913860321045,0.0,0.0
ADX,2011-01-06,10.890000343322754,10.920000076293945,10.850000381469727,10.90999984741211,148400,3.9024922847747803,0.0,0.0
ADX,2011-01-07,10.899999618530273,10.930000305175781,10.8100004196167,10.869999885559082,134300,3.888183832168579,0.0,0.0
ADX,2011-01-10,10.8100004196167,10.850000381469727,10.770000457763672,10.84000015258789,92100,3.877453088760376,0.0,0.0
ADX,2011-01-11,10.869999885559082,10.930000305175781,10.850000381469727,10.920000076293945,156000,3.906069040298462,0.0,0.0
ADX,2011-01-12,10.960000038146973,11.0600004196167,10.930000305175781,11.050000190734863,125000,3.952570676803589,0.0,0.0
ADX,2011-01-13,11.029999732971191,11.09000015258789,11.020000457763672,11.069999694824219,178000,3.9597227573394775,0.0,0.0
ADX,2011-01-14,11.050000190734863,11.140000343322754,11.029999732971191,11.140000343322754,169500,3.9847636222839355,0.0,0.0
ADX,2011-01-18,11.140000343322754,11.15999984741211,11.100000381469727,11.130000114440918,99300,3.981184720993042,0.0,0.0
ADX,2011-01-19,11.100000381469727,11.119999885559082,10.949999809265137,11.029999732971191,140300,3.94541335105896,0.0,0.0
ADX,2011-01-20,10.970000267028809,11.0,10.890000343322754,10.949999809265137,159700,3.916799306869507,0.0,0.0
ADX,2011-01-21,11.010000228881836,11.069999694824219,11.0,11.010000228881836,116300,3.938260078430176,0.0,0.0
ADX,2011-01-24,11.0,11.100000381469727,11.0,11.100000381469727,80300,3.9704554080963135,0.0,0.0
ADX,2011-01-25,11.029999732971191,11.130000114440918,11.020000457763672,11.109999656677246,147000,3.9740309715270996,0.0,0.0
ADX,2011-01-26,11.100000381469727,11.199999809265137,11.100000381469727,11.180000305175781,188600,3.999070167541504,0.0,0.0
ADX,2011-01-27,11.130000114440918,11.229999542236328,11.130000114440918,11.229999542236328,141300,4.016956329345703,0.0,0.0
ADX,2011-01-28,11.25,11.25,11.010000228881836,11.0600004196167,218700,3.9561479091644287,0.0,0.0
ADX,2011-01-31,11.069999694824219,11.119999885559082,11.020000457763672,11.079999923706055,164500,3.9633007049560547,0.0,0.0
ADX,2011-02-01,11.130000114440918,11.279999732971191,11.130000114440918,11.279999732971191,135400,4.034841060638428,0.0,0.0
ADX,2011-02-02,11.260000228881836,11.359999656677246,11.25,11.34000015258789,303400,4.056302070617676,0.0,0.0
ADX,2011-02-03,11.319999694824219,11.399999618530273,11.270000457763672,11.399999618530273,161500,4.077764511108398,0.0,0.0
ADX,2011-02-04,11.34000015258789,11.4399995803833,11.329999923706055,11.4399995803833,161700,4.0920729637146,0.0,0.0
ADX,2011-02-07,11.420000076293945,11.539999961853027,11.420000076293945,11.529999732971191,142700,4.124264240264893,0.0,0.0
ADX,2011-02-08,11.510000228881836,11.59000015258789,11.489999771118164,11.59000015258789,112700,4.145727634429932,0.0,0.0
ADX,2011-02-09,11.470000267028809,11.550000190734863,11.470000267028809,11.529999732971191,180900,4.142135143280029,0.05,0.0
ADX,2011-02-10,11.470000267028809,11.539999961853027,11.4399995803833,11.5,105200,4.131358623504639,0.0,0.0
ADX,2011-02-11,11.489999771118164,11.680000305175781,11.40999984741211,11.569999694824219,118300,4.1565046310424805,0.0,0.0
ADX,2011-02-14,11.5600004196167,11.59000015258789,11.539999961853027,11.550000190734863,129600,4.14932107925415,0.0,0.0
ADX,2011-02-15,11.550000190734863,11.609999656677246,11.510000228881836,11.569999694824219,105900,4.1565046310424805,0.0,0.0
ADX,2011-02-16,11.5600004196167,11.670000076293945,11.5600004196167,11.640000343322754,115800,4.1816511154174805,0.0,0.0
ADX,2011-02-17,11.569999694824219,11.699999809265137,11.550000190734863,11.630000114440918,198100,4.178058624267578,0.0,0.0
ADX,2011-02-18,11.600000381469727,11.6899995803833,11.59000015258789,11.680000305175781,117900,4.19602108001709,0.0,0.0
ADX,2011-02-22,11.619999885559082,11.619999885559082,11.359999656677246,11.399999618530273,172700,4.095433235168457,0.0,0.0
ADX,2011-02-23,11.420000076293945,11.4399995803833,11.239999771118164,11.329999923706055,88200,4.070285797119141,0.0,0.0
ADX,2011-02-24,11.300000190734863,11.359999656677246,11.25,11.3100004196167,95400,4.0630998611450195,0.0,0.0
ADX,2011-02-25,11.34000015258789,11.430000305175781,11.300000190734863,11.399999618530273,173300,4.095433235168457,0.0,0.0
ADX,2011-02-28,11.4399995803833,11.520000457763672,11.420000076293945,11.5,124100,4.131358623504639,0.0,0.0
ADX,2011-03-01,11.59000015258789,11.59000015258789,11.359999656677246,11.369999885559082,190500,4.084654331207275,0.0,0.0
ADX,2011-03-02,11.369999885559082,11.4399995803833,11.279999732971191,11.369999885559082,178400,4.084654331207275,0.0,0.0
ADX,2011-03-03,11.420000076293945,11.5600004196167,11.420000076293945,11.529999732971191,93000,4.142135143280029,0.0,0.0
ADX,2011-03-04,11.529999732971191,11.529999732971191,11.390000343322754,11.489999771118164,94800,4.127766132354736,0.0,0.0
ADX,2011-03-07,11.479999542236328,11.520000457763672,11.329999923706055,11.380000114440918,126600,4.088246822357178,0.0,0.0
ADX,2011-03-08,11.399999618530273,11.470000267028809,11.350000381469727,11.430000305175781,67900,4.106208801269531,0.0,0.0
ADX,2011-03-09,11.420000076293945,11.460000038146973,11.390000343322754,11.40999984741211,73300,4.099025249481201,0.0,0.0
ADX,2011-03-10,11.329999923706055,11.329999923706055,11.210000038146973,11.220000267028809,94800,4.030767917633057,0.0,0.0
ADX,2011-03-11,11.079999923706055,11.279999732971191,11.079999923706055,11.270000457763672,55700,4.048730850219727,0.0,0.0
ADX,2011-03-14,11.239999771118164,11.239999771118164,11.140000343322754,11.199999809265137,131100,4.023582935333252,0.0,0.0
ADX,2011-03-15,10.800000190734863,11.119999885559082,10.800000190734863,11.079999923706055,127500,3.9804725646972656,0.0,0.0
ADX,2011-03-16,11.069999694824219,11.079999923706055,10.850000381469727,10.869999885559082,162600,3.905032157897949,0.0,0.0
ADX,2011-03-17,10.989999771118164,11.079999923706055,10.949999809265137,10.989999771118164,94900,3.9481394290924072,0.0,0.0
ADX,2011-03-18,11.069999694824219,11.15999984741211,11.020000457763672,11.029999732971191,111300,3.962509870529175,0.0,0.0
ADX,2011-03-21,11.15999984741211,11.229999542236328,11.149999618530273,11.220000267028809,105800,4.030767917633057,0.0,0.0
ADX,2011-03-22,11.180000305175781,11.229999542236328,11.140000343322754,11.140000343322754,93900,4.00202751159668,0.0,0.0
ADX,2011-03-23,11.149999618530273,11.199999809265137,11.079999923706055,11.180000305175781,124100,4.0163984298706055,0.0,0.0
ADX,2011-03-24,11.220000267028809,11.289999961853027,11.180000305175781,11.25,89600,4.04154634475708,0.0,0.0
ADX,2011-03-25,11.270000457763672,11.34000015258789,11.25,11.25,126100,4.04154634475708,0.0,0.0
ADX,2011-03-28,11.270000457763672,11.319999694824219,11.239999771118164,11.25,60700,4.04154634475708,0.0,0.0
ADX,2011-03-29,11.210000038146973,11.3100004196167,11.1899995803833,11.3100004196167,62900,4.0630998611450195,0.0,0.0
ADX,2011-03-30,11.350000381469727,11.40999984741211,11.329999923706055,11.359999656677246,45200,4.0810627937316895,0.0,0.0
ADX,2011-03-31,11.329999923706055,11.399999618530273,11.329999923706055,11.369999885559082,77700,4.084654331207275,0.0,0.0
ADX,2011-04-01,11.399999618530273,11.460000038146973,11.369999885559082,11.399999618530273,84100,4.095433235168457,0.0,0.0
ADX,2011-04-04,11.420000076293945,11.420000076293945,11.380000114440918,11.399999618530273,58000,4.095433235168457,0.0,0.0
ADX,2011-04-05,11.359999656677246,11.420000076293945,11.350000381469727,11.399999618530273,194000,4.095433235168457,0.0,0.0
ADX,2011-04-06,11.430000305175781,11.460000038146973,11.359999656677246,11.40999984741211,58900,4.099025249481201,0.0,0.0
ADX,2011-04-07,11.40999984741211,11.4399995803833,11.329999923706055,11.40999984741211,93200,4.099025249481201,0.0,0.0
ADX,2011-04-08,11.4399995803833,11.449999809265137,11.319999694824219,11.369999885559082,29500,4.084654331207275,0.0,0.0
ADX,2011-04-11,11.350000381469727,11.380000114440918,11.25,11.270000457763672,36800,4.048730850219727,0.0,0.0
ADX,2011-04-12,11.239999771118164,11.239999771118164,11.109999656677246,11.210000038146973,109400,4.027174949645996,0.0,0.0
ADX,2011-04-13,11.25,11.270000457763672,11.119999885559082,11.210000038146973,131700,4.027174949645996,0.0,0.0
ADX,2011-04-14,11.109999656677246,11.1899995803833,11.069999694824219,11.15999984741211,139600,4.009212970733643,0.0,0.0
ADX,2011-04-15,11.15999984741211,11.229999542236328,11.130000114440918,11.149999618530273,111400,4.005619525909424,0.0,0.0
ADX,2011-04-18,11.050000190734863,11.050000190734863,10.920000076293945,11.0,145200,3.9517323970794678,0.0,0.0
ADX,2011-04-19,11.050000190734863,11.069999694824219,11.0,11.069999694824219,102600,3.976881265640259,0.0,0.0
ADX,2011-04-20,11.149999618530273,11.25,11.149999618530273,11.220000267028809,157700,4.030767917633057,0.0,0.0
ADX,2011-04-21,11.229999542236328,11.270000457763672,11.180000305175781,11.239999771118164,115200,4.037951946258545,0.0,0.0
ADX,2011-04-25,11.210000038146973,11.260000228881836,11.1899995803833,11.210000038146973,71000,4.027174949645996,0.0,0.0
ADX,2011-04-26,11.239999771118164,11.34000015258789,11.239999771118164,11.3100004196167,122400,4.0630998611450195,0.0,0.0
ADX,2011-04-27,11.350000381469727,11.380000114440918,11.289999961853027,11.350000381469727,105400,4.077469825744629,0.0,0.0
ADX,2011-04-28,11.319999694824219,11.420000076293945,11.319999694824219,11.40999984741211,94800,4.099025249481201,0.0,0.0
ADX,2011-04-29,11.390000343322754,11.449999809265137,11.390000343322754,11.449999809265137,76000,4.113395690917969,0.0,0.0
ADX,2011-05-02,11.460000038146973,11.520000457763672,11.390000343322754,11.449999809265137,155000,4.113395690917969,0.0,0.0
ADX,2011-05-03,11.390000343322754,11.420000076293945,11.300000190734863,11.399999618530273,124000,4.095433235168457,0.0,0.0
ADX,2011-05-04,11.359999656677246,11.390000343322754,11.210000038146973,11.319999694824219,144000,4.066693305969238,0.0,0.0
ADX,2011-05-05,11.25,11.300000190734863,11.15999984741211,11.199999809265137,108700,4.023582935333252,0.0,0.0
ADX,2011-05-06,11.289999961853027,11.359999656677246,11.220000267028809,11.270000457763672,75100,4.048730850219727,0.0,0.0
ADX,2011-05-09,11.270000457763672,11.380000114440918,11.229999542236328,11.380000114440918,190000,4.088246822357178,0.0,0.0
ADX,2011-05-10,11.380000114440918,11.460000038146973,11.369999885559082,11.449999809265137,91800,4.113395690917969,0.0,0.0
ADX,2011-05-11,11.380000114440918,11.380000114440918,11.239999771118164,11.289999961853027,121000,4.073704242706299,0.05,0.0
ADX,2011-05-12,11.25,11.380000114440918,11.210000038146973,11.369999885559082,100000,4.102570056915283,0.0,0.0
ADX,2011-05-13,11.359999656677246,11.359999656677246,11.229999542236328,11.239999771118164,40900,4.055660724639893,0.0,0.0
ADX,2011-05-16,11.170000076293945,11.289999961853027,11.15999984741211,11.180000305175781,59400,4.034013748168945,0.0,0.0
ADX,2011-05-17,11.140000343322754,11.149999618530273,11.039999961853027,11.119999885559082,79500,4.012364387512207,0.0,0.0
ADX,2011-05-18,11.119999885559082,11.220000267028809,11.119999885559082,11.199999809265137,75200,4.041230201721191,0.0,0.0
ADX,2011-05-19,11.229999542236328,11.300000190734863,11.199999809265137,11.229999542236328,63600,4.052054405212402,0.0,0.0
ADX,2011-05-20,11.199999809265137,11.25,11.130000114440918,11.180000305175781,38800,4.034013748168945,0.0,0.0
ADX,2011-05-23,11.050000190734863,11.069999694824219,11.0,11.020000457763672,42000,3.9762825965881348,0.0,0.0
ADX,2011-05-24,11.050000190734863,11.109999656677246,10.970000267028809,11.010000228881836,131000,3.9726722240448,0.0,0.0
ADX,2011-05-25,10.9399995803833,11.09000015258789,10.930000305175781,11.029999732971191,121900,3.979889154434204,0.0,0.0
ADX,2011-05-26,11.0,11.109999656677246,10.989999771118164,11.100000381469727,86900,4.005147457122803,0.0,0.0
ADX,2011-05-27,11.119999885559082,11.1899995803833,11.119999885559082,11.180000305175781,103900,4.034013748168945,0.0,0.0
ADX,2011-05-31,11.239999771118164,11.300000190734863,11.199999809265137,11.260000228881836,105100,4.062878131866455,0.0,0.0
ADX,2011-06-01,11.279999732971191,11.279999732971191,11.020000457763672,11.079999923706055,194200,3.9979305267333984,0.0,0.0
ADX,2011-06-02,11.069999694824219,11.069999694824219,10.970000267028809,11.039999961853027,154600,3.9834988117218018,0.0,0.0
ADX,2011-06-03,10.9399995803833,11.020000457763672,10.890000343322754,10.949999809265137,123900,3.951023817062378,0.0,0.0
ADX,2011-06-06,10.920000076293945,10.920000076293945,10.760000228881836,10.789999961853027,153600,3.893291711807251,0.0,0.0
ADX,2011-06-07,10.84000015258789,10.899999618530273,10.800000190734863,10.800000190734863,83200,3.8968989849090576,0.0,0.0
ADX,2011-06-08,10.760000228881836,10.800000190734863,10.720000267028809,10.729999542236328,142000,3.871642589569092,0.0,0.0
ADX,2011-06-09,10.760000228881836,10.859999656677246,10.739999771118164,10.829999923706055,54700,3.907724142074585,0.0,0.0
ADX,2011-06-10,10.779999732971191,10.779999732971191,10.630000114440918,10.65999984741211,214900,3.8463845252990723,0.0,0.0
ADX,2011-06-13,10.6899995803833,10.720000267028809,10.579999923706055,10.649999618530273,146800,3.84277606010437,0.0,0.0
ADX,2011-06-14,10.729999542236328,10.829999923706055,10.729999542236328,10.800000190734863,134800,3.8968989849090576,0.0,0.0
ADX,2011-06-15,10.729999542236328,10.729999542236328,10.569999694824219,10.630000114440918,154000,3.835559368133545,0.0,0.0
ADX,2011-06-16,10.630000114440918,10.670000076293945,10.539999961853027,10.579999923706055,81500,3.8175179958343506,0.0,0.0
ADX,2011-06-17,10.65999984741211,10.699999809265137,10.609999656677246,10.649999618530273,78200,3.84277606010437,0.0,0.0
ADX,2011-06-20,10.609999656677246,10.6899995803833,10.569999694824219,10.6899995803833,73200,3.857208728790283,0.0,0.0
ADX,2011-06-21,10.760000228881836,10.84000015258789,10.720000267028809,10.84000015258789,105800,3.9113340377807617,0.0,0.0
ADX,2011-06-22,10.8100004196167,10.869999885559082,10.770000457763672,10.789999961853027,152200,3.893291711807251,0.0,0.0
ADX,2011-06-23,10.680000305175781,10.779999732971191,10.579999923706055,10.779999732971191,100400,3.889683723449707,0.0,0.0
ADX,2011-06-24,10.819999694824219,10.819999694824219,10.65999984741211,10.6899995803833,62500,3.857208728790283,0.0,0.0
ADX,2011-06-27,10.649999618530273,10.819999694824219,10.630000114440918,10.789999961853027,127800,3.893291711807251,0.0,0.0
ADX,2011-06-28,10.829999923706055,10.90999984741211,10.829999923706055,10.90999984741211,122000,3.9365906715393066,0.0,0.0
ADX,2011-06-29,10.949999809265137,11.039999961853027,10.90999984741211,11.029999732971191,114900,3.979889154434204,0.0,0.0
ADX,2011-06-30,11.069999694824219,11.140000343322754,11.020000457763672,11.140000343322754,136600,4.019582271575928,0.0,0.0
ADX,2011-07-01,11.119999885559082,11.300000190734863,11.119999885559082,11.289999961853027,196100,4.073704242706299,0.0,0.0
ADX,2011-07-05,11.260000228881836,11.289999961853027,11.210000038146973,11.279999732971191,84300,4.070095539093018,0.0,0.0
ADX,2011-07-06,11.25,11.289999961853027,11.1899995803833,11.260000228881836,43400,4.062878131866455,0.0,0.0
ADX,2011-07-07,11.3100004196167,11.399999618530273,11.3100004196167,11.390000343322754,162400,4.109786510467529,0.0,0.0
ADX,2011-07-08,11.239999771118164,11.359999656677246,11.229999542236328,11.319999694824219,116500,4.084529399871826,0.0,0.0
ADX,2011-07-11,11.199999809265137,11.199999809265137,11.100000381469727,11.130000114440918,82600,4.015972137451172,0.0,0.0
ADX,2011-07-12,11.079999923706055,11.180000305175781,11.069999694824219,11.119999885559082,114700,4.012364387512207,0.0,0.0
ADX,2011-07-13,11.149999618530273,11.260000228881836,11.100000381469727,11.109999656677246,136300,4.008756160736084,0.0,0.0
ADX,2011-07-14,11.149999618530273,11.199999809265137,11.029999732971191,11.039999961853027,83900,3.9834988117218018,0.0,0.0
ADX,2011-07-15,11.069999694824219,11.130000114440918,11.020000457763672,11.09000015258789,92000,4.001539707183838,0.0,0.0
ADX,2011-07-18,10.979999542236328,11.029999732971191,10.930000305175781,11.010000228881836,148800,3.9726722240448,0.0,0.0
ADX,2011-07-19,11.050000190734863,11.180000305175781,10.8100004196167,11.140000343322754,118100,4.019582271575928,0.0,0.0
ADX,2011-07-20,11.15999984741211,11.210000038146973,11.140000343322754,11.1899995803833,155600,4.037622451782227,0.0,0.0
ADX,2011-07-21,11.220000267028809,11.34000015258789,11.220000267028809,11.289999961853027,137300,4.073704242706299,0.0,0.0
ADX,2011-07-22,11.260000228881836,11.329999923706055,11.260000228881836,11.3100004196167,115800,4.080920696258545,0.0,0.0
ADX,2011-07-25,11.170000076293945,11.300000190734863,11.149999618530273,11.229999542236328,118300,4.052054405212402,0.0,0.0
ADX,2011-07-26,11.199999809265137,11.220000267028809,11.140000343322754,11.15999984741211,216700,4.026797294616699,0.0,0.0
ADX,2011-07-27,11.100000381469727,11.100000381469727,10.880000114440918,10.890000343322754,115800,3.9293744564056396,0.0,0.0
ADX,2011-07-28,10.890000343322754,10.979999542236328,10.8100004196167,10.8100004196167,77700,3.900507926940918,0.0,0.0
ADX,2011-07-29,10.739999771118164,10.850000381469727,10.649999618530273,10.789999961853027,91100,3.893291711807251,0.0,0.0
ADX,2011-08-01,10.890000343322754,10.930000305175781,10.640000343322754,10.779999732971191,146300,3.889683723449707,0.0,0.0
ADX,2011-08-02,10.670000076293945,10.739999771118164,10.510000228881836,10.529999732971191,169000,3.7994768619537354,0.0,0.0
ADX,2011-08-03,10.550000190734863,10.5600004196167,10.300000190734863,10.550000190734863,128700,3.8066937923431396,0.0,0.0
ADX,2011-08-04,10.369999885559082,10.390000343322754,10.029999732971191,10.029999732971191,195800,3.619065999984741,0.0,0.0
ADX,2011-08-05,10.119999885559082,10.149999618530273,9.720000267028809,10.020000457763672,288800,3.615457057952881,0.0,0.0
ADX,2011-08-08,9.8100004196167,9.8100004196167,9.289999961853027,9.369999885559082,319000,3.38092041015625,0.0,0.0
ADX,2011-08-09,9.470000267028809,9.739999771118164,9.1899995803833,9.739999771118164,296900,3.5144264698028564,0.0,0.0
ADX,2011-08-10,9.510000228881836,9.600000381469727,9.279999732971191,9.289999961853027,193900,3.3693528175354004,0.05,0.0
ADX,2011-08-11,9.3100004196167,9.819999694824219,9.3100004196167,9.710000038146973,127000,3.5216801166534424,0.0,0.0
ADX,2011-08-12,9.779999732971191,9.850000381469727,9.739999771118164,9.770000457763672,68600,3.543440818786621,0.0,0.0
ADX,2011-08-15,9.8100004196167,9.989999771118164,9.8100004196167,9.989999771118164,60200,3.623232841491699,0.0,0.0
ADX,2011-08-16,9.880000114440918,9.970000267028809,9.84000015258789,9.899999618530273,96900,3.5905914306640625,0.0,0.0
ADX,2011-08-17,9.90999984741211,10.020000457763672,9.819999694824219,9.899999618530273,85500,3.5905914306640625,0.0,0.0
ADX,2011-08-18,9.600000381469727,9.600000381469727,9.329999923706055,9.399999618530273,173400,3.409247636795044,0.0,0.0
ADX,2011-08-19,9.260000228881836,9.5,9.239999771118164,9.260000228881836,227300,3.358470916748047,0.0,0.0
ADX,2011-08-22,9.460000038146973,9.520000457763672,9.25,9.279999732971191,92400,3.3657243251800537,0.0,0.0
ADX,2011-08-23,9.359999656677246,9.550000190734863,9.279999732971191,9.529999732971191,65700,3.4563965797424316,0.0,0.0
ADX,2011-08-24,9.510000228881836,9.699999809265137,9.510000228881836,9.699999809265137,71900,3.518052816390991,0.0,0.0
ADX,2011-08-25,9.789999961853027,9.800000190734863,9.529999732971191,9.579999923706055,90000,3.474529981613159,0.0,0.0
ADX,2011-08-26,9.510000228881836,9.75,9.4399995803833,9.729999542236328,57000,3.528933048248291,0.0,0.0
ADX,2011-08-29,9.859999656677246,10.020000457763672,9.850000381469727,10.020000457763672,89400,3.634112596511841,0.0,0.0
ADX,2011-08-30,9.9399995803833,10.100000381469727,9.899999618530273,10.0600004196167,62800,3.6486196517944336,0.0,0.0
ADX,2011-08-31,10.119999885559082,10.239999771118164,10.0600004196167,10.100000381469727,60000,3.663127899169922,0.0,0.0
ADX,2011-09-01,10.149999618530273,10.199999809265137,10.039999961853027,10.069999694824219,161400,3.652247190475464,0.0,0.0
ADX,2011-09-02,9.970000267028809,9.970000267028809,9.760000228881836,9.8100004196167,113400,3.5579476356506348,0.0,0.0
ADX,2011-09-06,9.489999771118164,9.6899995803833,9.489999771118164,9.6899995803833,61900,3.5144271850585938,0.0,0.0
ADX,2011-09-07,9.859999656677246,9.960000038146973,9.819999694824219,9.930000305175781,161900,3.601472854614258,0.0,0.0
ADX,2011-09-08,9.90999984741211,10.029999732971191,9.869999885559082,9.869999885559082,229900,3.5797102451324463,0.0,0.0
ADX,2011-09-09,9.779999732971191,9.779999732971191,9.5600004196167,9.630000114440918,87000,3.4926655292510986,0.0,0.0
ADX,2011-09-12,9.5,9.640000343322754,9.420000076293945,9.630000114440918,126000,3.4926655292510986,0.0,0.0
ADX,2011-09-13,9.630000114440918,9.770000457763672,9.600000381469727,9.729999542236328,135400,3.528933048248291,0.0,0.0
ADX,2011-09-14,9.75,10.0,9.6899995803833,9.880000114440918,188100,3.583336353302002,0.0,0.0
ADX,2011-09-15,9.9399995803833,10.069999694824219,9.920000076293945,10.039999961853027,138900,3.6413662433624268,0.0,0.0
ADX,2011-09-16,10.050000190734863,10.140000343322754,10.029999732971191,10.100000381469727,86400,3.663127899169922,0.0,0.0
ADX,2011-09-19,9.930000305175781,10.020000457763672,9.829999923706055,9.970000267028809,54500,3.6159796714782715,0.0,0.0
ADX,2011-09-20,10.029999732971191,10.100000381469727,9.90999984741211,9.9399995803833,302000,3.6050984859466553,0.0,0.0
ADX,2011-09-21,9.9399995803833,9.9399995803833,9.600000381469727,9.630000114440918,81700,3.4926655292510986,0.0,0.0
ADX,2011-09-22,9.430000305175781,9.430000305175781,9.140000343322754,9.270000457763672,328600,3.3620989322662354,0.0,0.0
ADX,2011-09-23,9.1899995803833,9.329999923706055,9.1899995803833,9.279999732971191,98700,3.3657243251800537,0.0,0.0
ADX,2011-09-26,9.369999885559082,9.479999542236328,9.239999771118164,9.470000267028809,198200,3.434635639190674,0.0,0.0
ADX,2011-09-27,9.619999885559082,9.720000267028809,9.510000228881836,9.539999961853027,254500,3.4600231647491455,0.0,0.0
ADX,2011-09-28,9.579999923706055,9.649999618530273,9.350000381469727,9.369999885559082,105000,3.3983657360076904,0.0,0.0
ADX,2011-09-29,9.520000457763672,9.579999923706055,9.270000457763672,9.40999984741211,126100,3.4128756523132324,0.0,0.0
ADX,2011-09-30,9.270000457763672,9.390000343322754,9.199999809265137,9.210000038146973,119000,3.340336322784424,0.0,0.0
ADX,2011-10-03,9.149999618530273,9.210000038146973,8.920000076293945,8.930000305175781,252800,3.2387850284576416,0.0,0.0
ADX,2011-10-04,8.8100004196167,9.0600004196167,8.630000114440918,9.029999732971191,308000,3.2750537395477295,0.0,0.0
ADX,2011-10-05,9.029999732971191,9.239999771118164,8.960000038146973,9.239999771118164,129200,3.3512187004089355,0.0,0.0
ADX,2011-10-06,9.25,9.420000076293945,9.1899995803833,9.40999984741211,119000,3.4128756523132324,0.0,0.0
ADX,2011-10-07,9.430000305175781,9.470000267028809,9.300000190734863,9.350000381469727,90800,3.391113519668579,0.0,0.0
ADX,2011-10-10,9.460000038146973,9.65999984741211,9.460000038146973,9.65999984741211,131000,3.5035462379455566,0.0,0.0
ADX,2011-10-11,9.619999885559082,9.710000038146973,9.579999923706055,9.670000076293945,74300,3.507174253463745,0.0,0.0
ADX,2011-10-12,9.739999771118164,9.880000114440918,9.739999771118164,9.760000228881836,64700,3.539813756942749,0.0,0.0
ADX,2011-10-13,9.6899995803833,9.770000457763672,9.600000381469727,9.75,54000,3.5361886024475098,0.0,0.0
ADX,2011-10-14,9.829999923706055,9.9399995803833,9.8100004196167,9.9399995803833,79100,3.6050984859466553,0.0,0.0
ADX,2011-10-17,9.90999984741211,9.90999984741211,9.720000267028809,9.75,65700,3.5361886024475098,0.0,0.0
ADX,2011-10-18,9.710000038146973,10.020000457763672,9.640000343322754,9.970000267028809,92400,3.6159796714782715,0.0,0.0
ADX,2011-10-19,9.949999809265137,9.989999771118164,9.789999961853027,9.829999923706055,74200,3.5652029514312744,0.0,0.0
ADX,2011-10-20,9.84000015258789,9.90999984741211,9.710000038146973,9.859999656677246,76200,3.576083183288574,0.0,0.0
ADX,2011-10-21,9.979999542236328,10.09000015258789,9.960000038146973,10.050000190734863,154300,3.644993305206299,0.0,0.0
ADX,2011-10-24,10.039999961853027,10.220000267028809,10.039999961853027,10.199999809265137,85300,3.6993956565856934,0.0,0.0
ADX,2011-10-25,10.119999885559082,10.140000343322754,9.989999771118164,9.989999771118164,101200,3.623232841491699,0.0,0.0
ADX,2011-10-26,10.069999694824219,10.140000343322754,9.920000076293945,10.119999885559082,85000,3.6703813076019287,0.0,0.0
ADX,2011-10-27,10.359999656677246,10.489999771118164,10.3100004196167,10.399999618530273,175400,3.771933078765869,0.0,0.0
ADX,2011-10-28,10.369999885559082,10.449999809265137,10.359999656677246,10.399999618530273,194300,3.771933078765869,0.0,0.0
ADX,2011-10-31,10.34000015258789,10.34000015258789,10.170000076293945,10.1899995803833,116600,3.6957695484161377,0.0,0.0
ADX,2011-11-01,9.930000305175781,10.039999961853027,9.800000190734863,9.899999618530273,190200,3.5905914306640625,0.0,0.0
ADX,2011-11-02,10.100000381469727,10.170000076293945,9.949999809265137,10.050000190734863,197400,3.644993305206299,0.0,0.0
ADX,2011-11-03,10.140000343322754,10.270000457763672,10.0600004196167,10.25,182000,3.717531681060791,0.0,0.0
ADX,2011-11-04,10.15999984741211,10.25,10.100000381469727,10.239999771118164,56600,3.713902711868286,0.0,0.0
ADX,2011-11-07,10.199999809265137,10.279999732971191,10.119999885559082,10.270000457763672,114400,3.7247838973999023,0.0,0.0
ADX,2011-11-08,10.289999961853027,10.430000305175781,10.239999771118164,10.430000305175781,164900,3.7828152179718018,0.0,0.0
ADX,2011-11-09,10.220000267028809,10.239999771118164,10.039999961853027,10.050000190734863,117700,3.644993305206299,0.0,0.0
ADX,2011-11-10,10.130000114440918,10.210000038146973,10.020000457763672,10.140000343322754,134200,3.6776349544525146,0.0,0.0
ADX,2011-11-11,10.229999542236328,10.380000114440918,10.229999542236328,10.3100004196167,109200,3.739290952682495,0.0,0.0
ADX,2011-11-14,10.319999694824219,10.319999694824219,10.199999809265137,10.239999771118164,105400,3.713902711868286,0.0,0.0
ADX,2011-11-15,10.1899995803833,10.34000015258789,10.180000305175781,10.3100004196167,104800,3.739290952682495,0.0,0.0
ADX,2011-11-16,10.229999542236328,10.34000015258789,10.15999984741211,10.15999984741211,312200,3.6848878860473633,0.0,0.0
ADX,2011-11-17,9.6899995803833,9.720000267028809,9.399999618530273,9.449999809265137,240900,3.604782819747925,0.5,0.0
ADX,2011-11-18,9.460000038146973,9.5,9.390000343322754,9.449999809265137,132700,3.604782819747925,0.0,0.0
ADX,2011-11-21,9.329999923706055,9.329999923706055,9.1899995803833,9.289999961853027,146500,3.5437498092651367,0.0,0.0
ADX,2011-11-22,9.25,9.300000190734863,9.1899995803833,9.239999771118164,225800,3.524677038192749,0.0,0.0
ADX,2011-11-23,9.15999984741211,9.15999984741211,9.039999961853027,9.050000190734863,194200,3.4521994590759277,0.0,0.0
ADX,2011-11-25,9.0,9.109999656677246,9.0,9.020000457763672,86600,3.4407570362091064,0.0,0.0
ADX,2011-11-28,9.239999771118164,9.399999618530273,9.199999809265137,9.239999771118164,116300,3.524677038192749,0.0,0.0
ADX,2011-11-29,9.260000228881836,9.369999885559082,9.260000228881836,9.289999961853027,98100,3.5437498092651367,0.0,0.0
ADX,2011-11-30,9.510000228881836,9.680000305175781,9.510000228881836,9.649999618530273,184200,3.681074380874634,0.0,0.0
ADX,2011-12-01,9.65999984741211,9.710000038146973,9.609999656677246,9.699999809265137,213700,3.700146436691284,0.0,0.0
ADX,2011-12-02,9.770000457763672,9.819999694824219,9.680000305175781,9.680000305175781,133700,3.6925172805786133,0.0,0.0
ADX,2011-12-05,9.789999961853027,9.84000015258789,9.720000267028809,9.739999771118164,90800,3.715405225753784,0.0,0.0
ADX,2011-12-06,9.729999542236328,9.819999694824219,9.729999542236328,9.760000228881836,107600,3.723033905029297,0.0,0.0
ADX,2011-12-07,9.710000038146973,9.84000015258789,9.649999618530273,9.829999923706055,80600,3.74973726272583,0.0,0.0
ADX,2011-12-08,9.739999771118164,9.789999961853027,9.600000381469727,9.630000114440918,191500,3.673445224761963,0.0,0.0
ADX,2011-12-09,9.630000114440918,9.789999961853027,9.630000114440918,9.739999771118164,106500,3.715405225753784,0.0,0.0
ADX,2011-12-12,9.640000343322754,9.649999618530273,9.529999732971191,9.59000015258789,129800,3.658186197280884,0.0,0.0
ADX,2011-12-13,9.630000114440918,9.6899995803833,9.470000267028809,9.5,85600,3.6238560676574707,0.0,0.0
ADX,2011-12-14,9.420000076293945,9.479999542236328,9.3100004196167,9.369999885559082,139700,3.5742645263671875,0.0,0.0
ADX,2011-12-15,9.430000305175781,9.460000038146973,9.350000381469727,9.350000381469727,178200,3.566636800765991,0.0,0.0
ADX,2011-12-16,9.369999885559082,9.470000267028809,9.34000015258789,9.369999885559082,181900,3.5742645263671875,0.0,0.0
ADX,2011-12-19,9.460000038146973,9.460000038146973,9.300000190734863,9.319999694824219,217900,3.5551929473876953,0.0,0.0
ADX,2011-12-20,9.40999984741211,9.5600004196167,9.40999984741211,9.529999732971191,244400,3.63529896736145,0.0,0.0
ADX,2011-12-21,9.539999961853027,9.579999923706055,9.460000038146973,9.5600004196167,341100,3.6467432975769043,0.0,0.0
ADX,2011-12-22,9.569999694824219,9.640000343322754,9.550000190734863,9.5600004196167,274100,3.6467432975769043,0.0,0.0
ADX,2011-12-23,9.600000381469727,9.710000038146973,9.600000381469727,9.710000038146973,246200,3.7039616107940674,0.0,0.0
ADX,2011-12-27,9.710000038146973,9.779999732971191,9.710000038146973,9.739999771118164,285600,3.715405225753784,0.0,0.0
ADX,2011-12-28,9.729999542236328,9.75,9.5600004196167,9.569999694824219,436300,3.6505579948425293,0.0,0.0
ADX,2011-12-29,9.579999923706055,9.649999618530273,9.569999694824219,9.630000114440918,411400,3.673445224761963,0.0,0.0
ADX,2011-12-30,9.640000343322754,9.680000305175781,9.619999885559082,9.640000343322754,367800,3.677259683609009,0.0,0.0
ADX,2012-01-03,9.789999961853027,9.84000015258789,9.789999961853027,9.789999961853027,182700,3.734478712081909,0.0,0.0
ADX,2012-01-04,9.760000228881836,9.829999923706055,9.739999771118164,9.819999694824219,135800,3.7459218502044678,0.0,0.0
ADX,2012-01-05,9.789999961853027,9.930000305175781,9.75,9.930000305175781,175400,3.787884473800659,0.0,0.0
ADX,2012-01-06,9.920000076293945,9.960000038146973,9.880000114440918,9.949999809265137,165200,3.7955117225646973,0.0,0.0
ADX,2012-01-09,9.9399995803833,10.0,9.9399995803833,9.970000267028809,129800,3.8031420707702637,0.0,0.0
ADX,2012-01-10,10.09000015258789,10.119999885559082,10.0600004196167,10.109999656677246,211600,3.856545925140381,0.0,0.0
ADX,2012-01-11,10.0600004196167,10.109999656677246,10.039999961853027,10.09000015258789,119900,3.848916530609131,0.0,0.0
ADX,2012-01-12,10.09000015258789,10.149999618530273,10.029999732971191,10.140000343322754,140200,3.8679885864257812,0.0,0.0
ADX,2012-01-13,10.069999694824219,10.069999694824219,9.979999542236328,10.050000190734863,114200,3.8336575031280518,0.0,0.0
ADX,2012-01-17,10.109999656677246,10.149999618530273,10.109999656677246,10.140000343322754,255300,3.8679885864257812,0.0,0.0
ADX,2012-01-18,10.119999885559082,10.260000228881836,10.100000381469727,10.260000228881836,215700,3.9137632846832275,0.0,0.0
ADX,2012-01-19,10.25,10.319999694824219,10.239999771118164,10.270000457763672,269500,3.9175779819488525,0.0,0.0
ADX,2012-01-20,10.260000228881836,10.329999923706055,10.229999542236328,10.3100004196167,138000,3.9328360557556152,0.0,0.0
ADX,2012-01-23,10.279999732971191,10.399999618530273,10.279999732971191,10.369999885559082,171000,3.9557242393493652,0.0,0.0
ADX,2012-01-24,10.279999732971191,10.359999656677246,10.270000457763672,10.329999923706055,136000,3.9404664039611816,0.0,0.0
ADX,2012-01-25,10.319999694824219,10.449999809265137,10.300000190734863,10.449999809265137,146200,3.9862406253814697,0.0,0.0
ADX,2012-01-26,10.479999542236328,10.510000228881836,10.380000114440918,10.40999984741211,161200,3.970982551574707,0.0,0.0
ADX,2012-01-27,10.350000381469727,10.420000076293945,10.34000015258789,10.399999618530273,117600,3.967167615890503,0.0,0.0
ADX,2012-01-30,10.329999923706055,10.369999885559082,10.279999732971191,10.34000015258789,124700,3.944279432296753,0.0,0.0
ADX,2012-01-31,10.399999618530273,10.449999809265137,10.34000015258789,10.420000076293945,156700,3.9747962951660156,0.0,0.0
ADX,2012-02-01,10.460000038146973,10.520000457763672,10.449999809265137,10.5,101500,4.005314350128174,0.0,0.0
ADX,2012-02-02,10.520000457763672,10.539999961853027,10.489999771118164,10.529999732971191,97300,4.016757011413574,0.0,0.0
ADX,2012-02-03,10.670000076293945,10.6899995803833,10.630000114440918,10.680000305175781,139100,4.073977470397949,0.0,0.0
ADX,2012-02-06,10.609999656677246,10.699999809265137,10.609999656677246,10.6899995803833,115300,4.077790260314941,0.0,0.0
ADX,2012-02-07,10.680000305175781,10.739999771118164,10.649999618530273,10.729999542236328,78600,4.0930495262146,0.0,0.0
ADX,2012-02-08,10.6899995803833,10.710000038146973,10.640000343322754,10.6899995803833,142800,4.09688138961792,0.05,0.0
ADX,2012-02-09,10.720000267028809,10.760000228881836,10.649999618530273,10.710000038146973,198600,4.104548454284668,0.0,0.0
ADX,2012-02-10,10.649999618530273,10.670000076293945,10.600000381469727,10.619999885559082,191900,4.070054531097412,0.0,0.0
ADX,2012-02-13,10.710000038146973,10.739999771118164,10.649999618530273,10.6899995803833,143700,4.09688138961792,0.0,0.0
ADX,2012-02-14,10.670000076293945,10.680000305175781,10.619999885559082,10.670000076293945,156800,4.089217662811279,0.0,0.0
ADX,2012-02-15,10.720000267028809,10.720000267028809,10.600000381469727,10.600000381469727,113300,4.0623908042907715,0.0,0.0
ADX,2012-02-16,10.649999618530273,10.75,10.619999885559082,10.739999771118164,106500,4.116042613983154,0.0,0.0
ADX,2012-02-17,10.789999961853027,10.8100004196167,10.720000267028809,10.75,125500,4.11987829208374,0.0,0.0
ADX,2012-02-21,10.75,10.800000190734863,10.710000038146973,10.729999542236328,108300,4.112212657928467,0.0,0.0
ADX,2012-02-22,10.699999809265137,10.75,10.670000076293945,10.680000305175781,108300,4.0930495262146,0.0,0.0
ADX,2012-02-23,10.699999809265137,10.739999771118164,10.670000076293945,10.729999542236328,81000,4.112212657928467,0.0,0.0
ADX,2012-02-24,10.729999542236328,10.779999732971191,10.729999542236328,10.739999771118164,69500,4.116042613983154,0.0,0.0
ADX,2012-02-27,10.710000038146973,10.779999732971191,10.649999618530273,10.760000228881836,131900,4.123708724975586,0.0,0.0
ADX,2012-02-28,10.739999771118164,10.800000190734863,10.739999771118164,10.779999732971191,179500,4.131373882293701,0.0,0.0
ADX,2012-02-29,10.800000190734863,10.84000015258789,10.739999771118164,10.739999771118164,183900,4.116042613983154,0.0,0.0
ADX,2012-03-01,10.770000457763672,10.829999923706055,10.760000228881836,10.8100004196167,247000,4.1428704261779785,0.0,0.0
ADX,2012-03-02,10.8100004196167,10.8100004196167,10.75,10.800000190734863,69700,4.139039993286133,0.0,0.0
ADX,2012-03-05,10.779999732971191,10.779999732971191,10.699999809265137,10.739999771118164,118000,4.116042613983154,0.0,0.0
ADX,2012-03-06,10.609999656677246,10.609999656677246,10.529999732971191,10.579999923706055,115700,4.05472469329834,0.0,0.0
ADX,2012-03-07,10.600000381469727,10.649999618530273,10.550000190734863,10.649999618530273,172500,4.0815510749816895,0.0,0.0
ADX,2012-03-08,10.699999809265137,10.779999732971191,10.699999809265137,10.760000228881836,79300,4.123708724975586,0.0,0.0
ADX,2012-03-09,10.779999732971191,10.8100004196167,10.770000457763672,10.770000457763672,106300,4.127541542053223,0.0,0.0
ADX,2012-03-12,10.75,10.770000457763672,10.720000267028809,10.760000228881836,121400,4.123708724975586,0.0,0.0
ADX,2012-03-13,10.779999732971191,10.930000305175781,10.779999732971191,10.920000076293945,156800,4.185027599334717,0.0,0.0
ADX,2012-03-14,10.899999618530273,10.970000267028809,10.899999618530273,10.90999984741211,159900,4.1811957359313965,0.0,0.0
ADX,2012-03-15,10.90999984741211,10.979999542236328,10.90999984741211,10.979999542236328,103500,4.2080230712890625,0.0,0.0
ADX,2012-03-16,10.989999771118164,11.0,10.970000267028809,11.0,107000,4.215687274932861,0.0,0.0
ADX,2012-03-19,10.989999771118164,11.050000190734863,10.970000267028809,11.029999732971191,158600,4.227184295654297,0.0,0.0
ADX,2012-03-20,10.970000267028809,11.010000228881836,10.9399995803833,10.960000038146973,164100,4.2003583908081055,0.0,0.0
ADX,2012-03-21,10.960000038146973,11.039999961853027,10.949999809265137,11.010000228881836,107600,4.219518184661865,0.0,0.0
ADX,2012-03-22,10.9399995803833,10.949999809265137,10.84000015258789,10.859999656677246,139800,4.162033557891846,0.0,0.0
ADX,2012-03-23,10.890000343322754,10.930000305175781,10.859999656677246,10.90999984741211,159300,4.1811957359313965,0.0,0.0
ADX,2012-03-26,10.960000038146973,11.039999961853027,10.960000038146973,11.039999961853027,194900,4.231017112731934,0.0,0.0
ADX,2012-03-27,11.039999961853027,11.0600004196167,11.020000457763672,11.029999732971191,57200,4.227184295654297,0.0,0.0
ADX,2012-03-28,11.029999732971191,11.050000190734863,10.90999984741211,10.9399995803833,142100,4.192694187164307,0.0,0.0
ADX,2012-03-29,10.880000114440918,10.920000076293945,10.850000381469727,10.90999984741211,70400,4.1811957359313965,0.0,0.0
ADX,2012-03-30,10.960000038146973,10.989999771118164,10.930000305175781,10.979999542236328,99700,4.2080230712890625,0.0,0.0
ADX,2012-04-02,10.949999809265137,11.109999656677246,10.949999809265137,11.079999923706055,101000,4.246349811553955,0.0,0.0
ADX,2012-04-03,11.050000190734863,11.079999923706055,10.989999771118164,11.020000457763672,88800,4.223352909088135,0.0,0.0
ADX,2012-04-04,10.960000038146973,10.970000267028809,10.899999618530273,10.9399995803833,89500,4.192694187164307,0.0,0.0
ADX,2012-04-05,10.899999618530273,10.9399995803833,10.869999885559082,10.930000305175781,39100,4.188859939575195,0.0,0.0
ADX,2012-04-09,10.829999923706055,10.84000015258789,10.770000457763672,10.819999694824219,105000,4.146702766418457,0.0,0.0
ADX,2012-04-10,10.800000190734863,10.819999694824219,10.600000381469727,10.649999618530273,109900,4.0815510749816895,0.0,0.0
ADX,2012-04-11,10.739999771118164,10.770000457763672,10.699999809265137,10.699999809265137,106700,4.10071325302124,0.0,0.0
ADX,2012-04-12,10.699999809265137,10.819999694824219,10.699999809265137,10.789999961853027,160000,4.1352057456970215,0.0,0.0
ADX,2012-04-13,10.779999732971191,10.779999732971191,10.710000038146973,10.720000267028809,62700,4.1083807945251465,0.0,0.0
ADX,2012-04-16,10.779999732971191,10.819999694824219,10.670000076293945,10.720000267028809,135000,4.1083807945251465,0.0,0.0
ADX,2012-04-17,10.760000228881836,10.869999885559082,10.75,10.84000015258789,124000,4.154368877410889,0.0,0.0
ADX,2012-04-18,10.800000190734863,10.880000114440918,10.800000190734863,10.850000381469727,56600,4.158200740814209,0.0,0.0
ADX,2012-04-19,10.819999694824219,10.880000114440918,10.75,10.8100004196167,101500,4.1428704261779785,0.0,0.0
ADX,2012-04-20,10.84000015258789,10.890000343322754,10.800000190734863,10.800000190734863,64400,4.139039993286133,0.0,0.0
ADX,2012-04-23,10.710000038146973,10.75,10.649999618530273,10.75,130400,4.11987829208374,0.0,0.0
ADX,2012-04-24,10.779999732971191,10.829999923706055,10.75,10.819999694824219,242200,4.146702766418457,0.0,0.0
ADX,2012-04-25,10.930000305175781,10.979999542236328,10.90999984741211,10.960000038146973,255700,4.2003583908081055,0.0,0.0
ADX,2012-04-26,10.949999809265137,11.0600004196167,10.9399995803833,11.050000190734863,254400,4.234851360321045,0.0,0.0
ADX,2012-04-27,11.0600004196167,11.109999656677246,11.029999732971191,11.109999656677246,203700,4.257843494415283,0.0,0.0
ADX,2012-04-30,11.140000343322754,11.140000343322754,11.039999961853027,11.069999694824219,330100,4.242513656616211,0.0,0.0
ADX,2012-05-01,11.069999694824219,11.199999809265137,11.029999732971191,11.109999656677246,202500,4.257843494415283,0.0,0.0
ADX,2012-05-02,11.0600004196167,11.130000114440918,11.039999961853027,11.09000015258789,173000,4.250180244445801,0.0,0.0
ADX,2012-05-03,11.100000381469727,11.109999656677246,11.010000228881836,11.029999732971191,138200,4.227184295654297,0.0,0.0
ADX,2012-05-04,11.029999732971191,11.109999656677246,10.850000381469727,10.90999984741211,178900,4.1811957359313965,0.0,0.0
ADX,2012-05-07,10.850000381469727,10.930000305175781,10.84000015258789,10.899999618530273,122000,4.177363872528076,0.0,0.0
ADX,2012-05-08,10.850000381469727,10.850000381469727,10.710000038146973,10.829999923706055,155400,4.1505351066589355,0.0,0.0
ADX,2012-05-09,10.739999771118164,10.829999923706055,10.680000305175781,10.779999732971191,181000,4.131373882293701,0.0,0.0
ADX,2012-05-10,10.8100004196167,10.850000381469727,10.729999542236328,10.739999771118164,87100,4.135222434997559,0.05,0.0
ADX,2012-05-11,10.699999809265137,10.8100004196167,10.680000305175781,10.710000038146973,108000,4.1236748695373535,0.0,0.0
ADX,2012-05-14,10.600000381469727,10.670000076293945,10.579999923706055,10.609999656677246,129000,4.085169315338135,0.0,0.0
ADX,2012-05-15,10.609999656677246,10.630000114440918,10.529999732971191,10.5600004196167,219000,4.06591796875,0.0,0.0
ADX,2012-05-16,10.600000381469727,10.609999656677246,10.430000305175781,10.4399995803833,134100,4.01971435546875,0.0,0.0
ADX,2012-05-17,10.40999984741211,10.420000076293945,10.260000228881836,10.279999732971191,90500,3.9581096172332764,0.0,0.0
ADX,2012-05-18,10.300000190734863,10.300000190734863,10.109999656677246,10.170000076293945,187000,3.9157564640045166,0.0,0.0
ADX,2012-05-21,10.15999984741211,10.270000457763672,10.100000381469727,10.260000228881836,333400,3.9504101276397705,0.0,0.0
ADX,2012-05-22,10.260000228881836,10.369999885559082,10.239999771118164,10.270000457763672,123000,3.9542605876922607,0.0,0.0
ADX,2012-05-23,10.220000267028809,10.329999923706055,10.170000076293945,10.329999923706055,142000,3.977360725402832,0.0,0.0
ADX,2012-05-24,10.34000015258789,10.359999656677246,10.25,10.34000015258789,82400,3.9812114238739014,0.0,0.0
ADX,2012-05-25,10.350000381469727,10.369999885559082,10.300000190734863,10.329999923706055,68000,3.977360725402832,0.0,0.0
ADX,2012-05-29,10.390000343322754,10.470000267028809,10.380000114440918,10.399999618530273,132800,4.004314422607422,0.0,0.0
ADX,2012-05-30,10.359999656677246,10.359999656677246,10.300000190734863,10.329999923706055,106400,3.977360725402832,0.0,0.0
ADX,2012-05-31,10.329999923706055,10.359999656677246,10.220000267028809,10.359999656677246,105300,3.988913059234619,0.0,0.0
ADX,2012-06-01,10.180000305175781,10.270000457763672,9.970000267028809,10.119999885559082,373400,3.8965046405792236,0.0,0.0
ADX,2012-06-04,10.1899995803833,10.199999809265137,9.949999809265137,10.069999694824219,207500,3.8772525787353516,0.0,0.0
ADX,2012-06-05,10.029999732971191,10.09000015258789,10.020000457763672,10.079999923706055,119200,3.8811044692993164,0.0,0.0
ADX,2012-06-06,10.140000343322754,10.289999961853027,10.119999885559082,10.260000228881836,109400,3.9504101276397705,0.0,0.0
ADX,2012-06-07,10.350000381469727,10.380000114440918,10.270000457763672,10.300000190734863,114700,3.9658117294311523,0.0,0.0
ADX,2012-06-08,10.239999771118164,10.329999923706055,10.220000267028809,10.300000190734863,82900,3.9658117294311523,0.0,0.0
ADX,2012-06-11,10.359999656677246,10.380000114440918,10.1899995803833,10.1899995803833,100700,3.9234580993652344,0.0,0.0
ADX,2012-06-12,10.239999771118164,10.319999694824219,10.170000076293945,10.279999732971191,242100,3.9581096172332764,0.0,0.0
ADX,2012-06-13,10.220000267028809,10.300000190734863,10.210000038146973,10.239999771118164,78500,3.94270920753479,0.0,0.0
ADX,2012-06-14,10.229999542236328,10.34000015258789,10.220000267028809,10.300000190734863,67300,3.9658117294311523,0.0,0.0
ADX,2012-06-15,10.329999923706055,10.420000076293945,10.319999694824219,10.420000076293945,125600,4.012014865875244,0.0,0.0
ADX,2012-06-18,10.399999618530273,10.470000267028809,10.350000381469727,10.4399995803833,126700,4.01971435546875,0.0,0.0
ADX,2012-06-19,10.470000267028809,10.569999694824219,10.470000267028809,10.550000190734863,155700,4.062068939208984,0.0,0.0
ADX,2012-06-20,10.579999923706055,10.579999923706055,10.460000038146973,10.520000457763672,109800,4.05051851272583,0.0,0.0
ADX,2012-06-21,10.510000228881836,10.550000190734863,10.319999694824219,10.329999923706055,130800,3.977360725402832,0.0,0.0
ADX,2012-06-22,10.350000381469727,10.399999618530273,10.34000015258789,10.390000343322754,92300,4.000463485717773,0.0,0.0
ADX,2012-06-25,10.270000457763672,10.270000457763672,10.15999984741211,10.220000267028809,148700,3.9350080490112305,0.0,0.0
ADX,2012-06-26,10.220000267028809,10.300000190734863,10.210000038146973,10.270000457763672,92400,3.9542605876922607,0.0,0.0
ADX,2012-06-27,10.279999732971191,10.390000343322754,10.279999732971191,10.380000114440918,99700,3.9966142177581787,0.0,0.0
ADX,2012-06-28,10.34000015258789,10.34000015258789,10.199999809265137,10.34000015258789,124000,3.9812114238739014,0.0,0.0
ADX,2012-06-29,10.520000457763672,10.550000190734863,10.479999542236328,10.550000190734863,150500,4.062068939208984,0.0,0.0
ADX,2012-07-02,10.529999732971191,10.579999923706055,10.510000228881836,10.5600004196167,70800,4.06591796875,0.0,0.0
ADX,2012-07-03,10.550000190734863,10.649999618530273,10.550000190734863,10.630000114440918,83900,4.09287166595459,0.0,0.0
ADX,2012-07-05,10.59000015258789,10.630000114440918,10.569999694824219,10.579999923706055,151900,4.073619365692139,0.0,0.0
ADX,2012-07-06,10.529999732971191,10.539999961853027,10.489999771118164,10.510000228881836,121600,4.046667098999023,0.0,0.0
ADX,2012-07-09,10.529999732971191,10.529999732971191,10.479999542236328,10.529999732971191,49900,4.054367542266846,0.0,0.0
ADX,2012-07-10,10.59000015258789,10.619999885559082,10.460000038146973,10.489999771118164,91900,4.038966178894043,0.0,0.0
ADX,2012-07-11,10.470000267028809,10.520000457763672,10.420000076293945,10.510000228881836,85900,4.046667098999023,0.0,0.0
ADX,2012-07-12,10.430000305175781,10.539999961853027,10.390000343322754,10.510000228881836,195200,4.046667098999023,0.0,0.0
ADX,2012-07-13,10.649999618530273,10.6899995803833,10.579999923706055,10.640000343322754,634400,4.096721172332764,0.0,0.0
ADX,2012-07-16,10.619999885559082,10.670000076293945,10.600000381469727,10.619999885559082,353300,4.089019775390625,0.0,0.0
ADX,2012-07-17,10.649999618530273,10.729999542236328,10.609999656677246,10.710000038146973,150900,4.1236748695373535,0.0,0.0
ADX,2012-07-18,10.699999809265137,10.789999961853027,10.670000076293945,10.75,90500,4.139075756072998,0.0,0.0
ADX,2012-07-19,10.770000457763672,10.819999694824219,10.760000228881836,10.800000190734863,77200,4.158327102661133,0.0,0.0
ADX,2012-07-20,10.739999771118164,10.800000190734863,10.6899995803833,10.729999542236328,85800,4.131374359130859,0.0,0.0
ADX,2012-07-23,10.649999618530273,10.6899995803833,10.579999923706055,10.680000305175781,250700,4.112122535705566,0.0,0.0
ADX,2012-07-24,10.65999984741211,10.710000038146973,10.550000190734863,10.630000114440918,196700,4.09287166595459,0.0,0.0
ADX,2012-07-25,10.630000114440918,10.640000343322754,10.5600004196167,10.600000381469727,172500,4.081320762634277,0.0,0.0
ADX,2012-07-26,10.720000267028809,10.770000457763672,10.649999618530273,10.699999809265137,95600,4.119821548461914,0.0,0.0
ADX,2012-07-27,10.760000228881836,10.880000114440918,10.729999542236328,10.850000381469727,209300,4.177577018737793,0.0,0.0
ADX,2012-07-30,10.819999694824219,10.869999885559082,10.760000228881836,10.800000190734863,153200,4.158327102661133,0.0,0.0
ADX,2012-07-31,10.779999732971191,10.829999923706055,10.75,10.800000190734863,136800,4.158327102661133,0.0,0.0
ADX,2012-08-01,10.850000381469727,10.859999656677246,10.75,10.75,82700,4.139075756072998,0.0,0.0
ADX,2012-08-02,10.6899995803833,10.739999771118164,10.600000381469727,10.6899995803833,89700,4.11597204208374,0.0,0.0
ADX,2012-08-03,10.800000190734863,10.869999885559082,10.789999961853027,10.819999694824219,167300,4.166025161743164,0.0,0.0
ADX,2012-08-06,10.869999885559082,10.899999618530273,10.819999694824219,10.84000015258789,124200,4.173727989196777,0.0,0.0
ADX,2012-08-07,10.920000076293945,10.979999542236328,10.90999984741211,10.949999809265137,148200,4.216080665588379,0.0,0.0
ADX,2012-08-08,10.869999885559082,10.949999809265137,10.850000381469727,10.920000076293945,78600,4.22381591796875,0.05,0.0
ADX,2012-08-09,10.949999809265137,10.970000267028809,10.90999984741211,10.949999809265137,136100,4.235421180725098,0.0,0.0
ADX,2012-08-10,10.9399995803833,10.970000267028809,10.90999984741211,10.949999809265137,68300,4.235421180725098,0.0,0.0
ADX,2012-08-13,10.920000076293945,10.960000038146973,10.890000343322754,10.9399995803833,84600,4.231553077697754,0.0,0.0
ADX,2012-08-14,10.970000267028809,11.0,10.960000038146973,10.960000038146973,111300,4.239287853240967,0.0,0.0
ADX,2012-08-15,10.970000267028809,11.0,10.930000305175781,10.970000267028809,66700,4.2431559562683105,0.0,0.0
ADX,2012-08-16,10.979999542236328,11.079999923706055,10.970000267028809,11.039999961853027,112300,4.270232677459717,0.0,0.0
ADX,2012-08-17,11.09000015258789,11.09000015258789,11.029999732971191,11.050000190734863,81400,4.2741007804870605,0.0,0.0
ADX,2012-08-20,11.039999961853027,11.0600004196167,11.020000457763672,11.039999961853027,60900,4.270232677459717,0.0,0.0
ADX,2012-08-21,11.039999961853027,11.100000381469727,10.970000267028809,10.989999771118164,78700,4.25089168548584,0.0,0.0
ADX,2012-08-22,11.0,11.039999961853027,10.960000038146973,11.029999732971191,88500,4.266363143920898,0.0,0.0
ADX,2012-08-23,10.989999771118164,10.989999771118164,10.890000343322754,10.960000038146973,158100,4.239287853240967,0.0,0.0
ADX,2012-08-24,10.890000343322754,11.0,10.890000343322754,10.989999771118164,70500,4.25089168548584,0.0,0.0
ADX,2012-08-27,10.989999771118164,11.0,10.949999809265137,10.949999809265137,133100,4.235421180725098,0.0,0.0
ADX,2012-08-28,10.9399995803833,10.960000038146973,10.90999984741211,10.949999809265137,76500,4.235421180725098,0.0,0.0
ADX,2012-08-29,10.960000038146973,10.970000267028809,10.920000076293945,10.960000038146973,59300,4.239287853240967,0.0,0.0
ADX,2012-08-30,10.90999984741211,10.920000076293945,10.850000381469727,10.859999656677246,154300,4.200608253479004,0.0,0.0
ADX,2012-08-31,10.899999618530273,10.979999542236328,10.880000114440918,10.949999809265137,133000,4.235421180725098,0.0,0.0
ADX,2012-09-04,10.930000305175781,11.039999961853027,10.899999618530273,11.010000228881836,181600,4.258626461029053,0.0,0.0
ADX,2012-09-05,11.029999732971191,11.0600004196167,10.989999771118164,11.039999961853027,225700,4.270232677459717,0.0,0.0
ADX,2012-09-06,11.029999732971191,11.199999809265137,11.029999732971191,11.1899995803833,198400,4.32825231552124,0.0,0.0
ADX,2012-09-07,11.1899995803833,11.25,11.1899995803833,11.229999542236328,179500,4.343723773956299,0.0,0.0
ADX,2012-09-10,11.210000038146973,11.25,11.1899995803833,11.1899995803833,104900,4.32825231552124,0.0,0.0
ADX,2012-09-11,11.180000305175781,11.239999771118164,11.180000305175781,11.210000038146973,99300,4.335987567901611,0.0,0.0
ADX,2012-09-12,11.239999771118164,11.270000457763672,11.220000267028809,11.25,104300,4.351458549499512,0.0,0.0
ADX,2012-09-13,11.239999771118164,11.460000038146973,11.229999542236328,11.420000076293945,185100,4.417214870452881,0.0,0.0
ADX,2012-09-14,11.449999809265137,11.569999694824219,11.449999809265137,11.520000457763672,204900,4.455893039703369,0.0,0.0
ADX,2012-09-17,11.479999542236328,11.520000457763672,11.460000038146973,11.479999542236328,141300,4.4404215812683105,0.0,0.0
ADX,2012-09-18,11.4399995803833,11.479999542236328,11.40999984741211,11.420000076293945,135800,4.417214870452881,0.0,0.0
ADX,2012-09-19,11.4399995803833,11.489999771118164,11.430000305175781,11.460000038146973,137000,4.4326863288879395,0.0,0.0
ADX,2012-09-20,11.40999984741211,11.479999542236328,11.380000114440918,11.4399995803833,88600,4.424949645996094,0.0,0.0
ADX,2012-09-21,11.470000267028809,11.5,11.430000305175781,11.460000038146973,197400,4.4326863288879395,0.0,0.0
ADX,2012-09-24,11.369999885559082,11.470000267028809,11.369999885559082,11.430000305175781,93800,4.42108154296875,0.0,0.0
ADX,2012-09-25,11.460000038146973,11.489999771118164,11.350000381469727,11.350000381469727,138500,4.390140056610107,0.0,0.0
ADX,2012-09-26,11.329999923706055,11.359999656677246,11.260000228881836,11.300000190734863,187000,4.370798587799072,0.0,0.0
ADX,2012-09-27,11.380000114440918,11.420000076293945,11.289999961853027,11.380000114440918,145900,4.401742458343506,0.0,0.0
ADX,2012-09-28,11.319999694824219,11.380000114440918,11.300000190734863,11.34000015258789,67700,4.386270523071289,0.0,0.0
ADX,2012-10-01,11.369999885559082,11.489999771118164,11.34000015258789,11.350000381469727,131300,4.390140056610107,0.0,0.0
ADX,2012-10-02,11.430000305175781,11.4399995803833,11.329999923706055,11.399999618530273,143300,4.409478664398193,0.0,0.0
ADX,2012-10-03,11.399999618530273,11.470000267028809,11.399999618530273,11.420000076293945,120500,4.417214870452881,0.0,0.0
ADX,2012-10-04,11.4399995803833,11.510000228881836,11.430000305175781,11.489999771118164,87700,4.4442925453186035,0.0,0.0
ADX,2012-10-05,11.529999732971191,11.569999694824219,11.4399995803833,11.460000038146973,113400,4.4326863288879395,0.0,0.0
ADX,2012-10-08,11.430000305175781,11.460000038146973,11.390000343322754,11.4399995803833,63400,4.424949645996094,0.0,0.0
ADX,2012-10-09,11.430000305175781,11.430000305175781,11.3100004196167,11.3100004196167,92900,4.374666213989258,0.0,0.0
ADX,2012-10-10,11.329999923706055,11.329999923706055,11.239999771118164,11.25,61300,4.351458549499512,0.0,0.0
ADX,2012-10-11,11.319999694824219,11.350000381469727,11.25,11.25,78600,4.351458549499512,0.0,0.0
ADX,2012-10-12,11.279999732971191,11.319999694824219,11.220000267028809,11.300000190734863,150700,4.370798587799072,0.0,0.0
ADX,2012-10-15,11.350000381469727,11.359999656677246,11.279999732971191,11.34000015258789,139800,4.386270523071289,0.0,0.0
ADX,2012-10-16,11.369999885559082,11.5,11.369999885559082,11.489999771118164,100900,4.4442925453186035,0.0,0.0
ADX,2012-10-17,11.510000228881836,11.539999961853027,11.470000267028809,11.539999961853027,89500,4.463629722595215,0.0,0.0
ADX,2012-10-18,11.470000267028809,11.5,11.430000305175781,11.4399995803833,157800,4.424949645996094,0.0,0.0
ADX,2012-10-19,11.420000076293945,11.420000076293945,11.25,11.270000457763672,148900,4.359194755554199,0.0,0.0
ADX,2012-10-22,11.279999732971191,11.279999732971191,11.170000076293945,11.260000228881836,99000,4.355327129364014,0.0,0.0
ADX,2012-10-23,11.149999618530273,11.220000267028809,11.069999694824219,11.199999809265137,172700,4.332118511199951,0.0,0.0
ADX,2012-10-24,11.260000228881836,11.260000228881836,11.130000114440918,11.140000343322754,69100,4.3089118003845215,0.0,0.0
ADX,2012-10-25,11.210000038146973,11.229999542236328,11.100000381469727,11.140000343322754,45000,4.3089118003845215,0.0,0.0
ADX,2012-10-26,11.109999656677246,11.130000114440918,11.039999961853027,11.079999923706055,161500,4.285704612731934,0.0,0.0
ADX,2012-10-31,11.100000381469727,11.220000267028809,11.039999961853027,11.140000343322754,88600,4.3089118003845215,0.0,0.0
ADX,2012-11-01,11.140000343322754,11.3100004196167,11.140000343322754,11.289999961853027,171200,4.366929054260254,0.0,0.0
ADX,2012-11-02,11.380000114440918,11.380000114440918,11.199999809265137,11.210000038146973,130300,4.335987567901611,0.0,0.0
ADX,2012-11-05,11.25,11.25,11.130000114440918,11.229999542236328,138900,4.343723773956299,0.0,0.0
ADX,2012-11-06,11.229999542236328,11.34000015258789,11.229999542236328,11.300000190734863,100700,4.370798587799072,0.0,0.0
ADX,2012-11-07,11.199999809265137,11.199999809265137,11.029999732971191,11.0600004196167,188700,4.277968883514404,0.0,0.0
ADX,2012-11-08,11.079999923706055,11.119999885559082,10.9399995803833,10.960000038146973,75500,4.239287853240967,0.0,0.0
ADX,2012-11-09,10.949999809265137,11.010000228881836,10.899999618530273,10.930000305175781,138100,4.227684497833252,0.0,0.0
ADX,2012-11-12,10.949999809265137,11.010000228881836,10.899999618530273,11.0,133500,4.254759311676025,0.0,0.0
ADX,2012-11-13,10.9399995803833,10.970000267028809,10.890000343322754,10.90999984741211,211600,4.219947814941406,0.0,0.0
ADX,2012-11-14,10.9399995803833,10.949999809265137,10.65999984741211,10.670000076293945,236900,4.127118110656738,0.0,0.0
ADX,2012-11-15,10.15999984741211,10.300000190734863,10.010000228881836,10.1899995803833,409200,4.143381595611572,0.52,0.0
ADX,2012-11-16,10.180000305175781,10.180000305175781,10.100000381469727,10.130000114440918,193300,4.118984222412109,0.0,0.0
ADX,2012-11-19,10.319999694824219,10.319999694824219,10.229999542236328,10.270000457763672,188400,4.175910949707031,0.0,0.0
ADX,2012-11-20,10.25,10.359999656677246,10.229999542236328,10.359999656677246,180000,4.212507247924805,0.0,0.0
ADX,2012-11-21,10.399999618530273,10.449999809265137,10.369999885559082,10.420000076293945,75300,4.236902713775635,0.0,0.0
ADX,2012-11-23,10.449999809265137,10.510000228881836,10.449999809265137,10.510000228881836,40400,4.273497581481934,0.0,0.0
ADX,2012-11-26,10.479999542236328,10.510000228881836,10.4399995803833,10.470000267028809,64500,4.257233142852783,0.0,0.0
ADX,2012-11-27,10.489999771118164,10.520000457763672,10.390000343322754,10.390000343322754,99000,4.224704265594482,0.0,0.0
ADX,2012-11-28,10.350000381469727,10.510000228881836,10.34000015258789,10.479999542236328,97700,4.2612996101379395,0.0,0.0
ADX,2012-11-29,10.579999923706055,10.59000015258789,10.510000228881836,10.579999923706055,145000,4.301961898803711,0.0,0.0
ADX,2012-11-30,10.609999656677246,10.609999656677246,10.5,10.59000015258789,153800,4.306027889251709,0.0,0.0
ADX,2012-12-03,10.600000381469727,10.600000381469727,10.529999732971191,10.539999961853027,94900,4.285696506500244,0.0,0.0
ADX,2012-12-04,10.529999732971191,10.529999732971191,10.460000038146973,10.479999542236328,163200,4.2612996101379395,0.0,0.0
ADX,2012-12-05,10.470000267028809,10.510000228881836,10.430000305175781,10.479999542236328,167700,4.2612996101379395,0.0,0.0
ADX,2012-12-06,10.430000305175781,10.489999771118164,10.420000076293945,10.470000267028809,161100,4.257233142852783,0.0,0.0
ADX,2012-12-07,10.5,10.5,10.420000076293945,10.449999809265137,138600,4.2491021156311035,0.0,0.0
ADX,2012-12-10,10.430000305175781,10.479999542236328,10.430000305175781,10.449999809265137,154500,4.2491021156311035,0.0,0.0
ADX,2012-12-11,10.460000038146973,10.539999961853027,10.460000038146973,10.5,139900,4.26943302154541,0.0,0.0
ADX,2012-12-12,10.510000228881836,10.59000015258789,10.5,10.5,138500,4.26943302154541,0.0,0.0
ADX,2012-12-13,10.489999771118164,10.550000190734863,10.390000343322754,10.5,219100,4.26943302154541,0.0,0.0
ADX,2012-12-14,10.449999809265137,10.5,10.420000076293945,10.479999542236328,104600,4.2612996101379395,0.0,0.0
ADX,2012-12-17,10.479999542236328,10.539999961853027,10.470000267028809,10.529999732971191,184600,4.281630516052246,0.0,0.0
ADX,2012-12-18,10.539999961853027,10.619999885559082,10.539999961853027,10.609999656677246,108200,4.314157485961914,0.0,0.0
ADX,2012-12-19,10.609999656677246,10.649999618530273,10.579999923706055,10.579999923706055,187400,4.301961898803711,0.0,0.0
ADX,2012-12-20,10.569999694824219,10.649999618530273,10.569999694824219,10.640000343322754,114200,4.326358318328857,0.0,0.0
ADX,2012-12-21,10.529999732971191,10.550000190734863,10.5,10.550000190734863,127300,4.289762496948242,0.0,0.0
ADX,2012-12-24,10.520000457763672,10.5600004196167,10.489999771118164,10.529999732971191,106400,4.281630516052246,0.0,0.0
ADX,2012-12-26,10.550000190734863,10.5600004196167,10.460000038146973,10.510000228881836,258200,4.273497581481934,0.0,0.0
ADX,2012-12-27,10.550000190734863,10.550000190734863,10.399999618530273,10.550000190734863,269100,4.289762496948242,0.0,0.0
ADX,2012-12-28,10.479999542236328,10.529999732971191,10.420000076293945,10.489999771118164,293000,4.265365123748779,0.0,0.0
ADX,2012-12-31,10.460000038146973,10.59000015258789,10.40999984741211,10.59000015258789,237900,4.306027889251709,0.0,0.0
ADX,2013-01-02,10.8100004196167,10.850000381469727,10.720000267028809,10.850000381469727,322400,4.411746501922607,0.0,0.0
ADX,2013-01-03,10.850000381469727,10.899999618530273,10.8100004196167,10.829999923706055,238100,4.403614044189453,0.0,0.0
ADX,2013-01-04,10.829999923706055,10.930000305175781,10.829999923706055,10.930000305175781,128500,4.444275379180908,0.0,0.0
ADX,2013-01-07,10.920000076293945,10.920000076293945,10.859999656677246,10.899999618530273,158400,4.432076930999756,0.0,0.0
ADX,2013-01-08,10.859999656677246,10.949999809265137,10.859999656677246,10.899999618530273,123600,4.432076930999756,0.0,0.0
ADX,2013-01-09,10.90999984741211,11.0,10.90999984741211,10.930000305175781,180700,4.444275379180908,0.0,0.0
ADX,2013-01-10,11.0,11.0600004196167,10.970000267028809,11.029999732971191,111500,4.484935760498047,0.0,0.0
ADX,2013-01-11,11.039999961853027,11.109999656677246,11.020000457763672,11.09000015258789,239100,4.509334564208984,0.0,0.0
ADX,2013-01-14,11.0600004196167,11.100000381469727,11.0,11.0600004196167,185700,4.497135639190674,0.0,0.0
ADX,2013-01-15,11.020000457763672,11.079999923706055,11.010000228881836,11.069999694824219,75700,4.501201152801514,0.0,0.0
ADX,2013-01-16,11.0600004196167,11.119999885559082,11.039999961853027,11.119999885559082,172600,4.521531105041504,0.0,0.0
ADX,2013-01-17,11.130000114440918,11.199999809265137,11.130000114440918,11.1899995803833,177900,4.549993991851807,0.0,0.0
ADX,2013-01-18,11.15999984741211,11.260000228881836,11.15999984741211,11.260000228881836,135100,4.578456401824951,0.0,0.0
ADX,2013-01-22,11.279999732971191,11.279999732971191,11.210000038146973,11.260000228881836,134500,4.578456401824951,0.0,0.0
ADX,2013-01-23,11.279999732971191,11.329999923706055,11.260000228881836,11.329999923706055,103300,4.6069207191467285,0.0,0.0
ADX,2013-01-24,11.3100004196167,11.390000343322754,11.289999961853027,11.289999961853027,212900,4.5906548500061035,0.0,0.0
ADX,2013-01-25,11.34000015258789,11.34000015258789,11.260000228881836,11.289999961853027,174700,4.5906548500061035,0.0,0.0
ADX,2013-01-28,11.3100004196167,11.34000015258789,11.239999771118164,11.3100004196167,151100,4.598787307739258,0.0,0.0
ADX,2013-01-29,11.279999732971191,11.350000381469727,11.279999732971191,11.319999694824219,109100,4.602853775024414,0.0,0.0
ADX,2013-01-30,11.300000190734863,11.369999885559082,11.270000457763672,11.270000457763672,128900,4.582523822784424,0.0,0.0
ADX,2013-01-31,11.25,11.329999923706055,11.25,11.279999732971191,72900,4.586590766906738,0.0,0.0
ADX,2013-02-01,11.34000015258789,11.4399995803833,11.329999923706055,11.420000076293945,87100,4.6435160636901855,0.0,0.0
ADX,2013-02-04,11.380000114440918,11.380000114440918,11.25,11.3100004196167,73600,4.598787307739258,0.0,0.0
ADX,2013-02-05,11.34000015258789,11.390000343322754,11.34000015258789,11.380000114440918,77800,4.627250671386719,0.0,0.0
ADX,2013-02-06,11.34000015258789,11.380000114440918,11.329999923706055,11.350000381469727,94500,4.615053176879883,0.0,0.0
ADX,2013-02-07,11.350000381469727,11.4399995803833,11.300000190734863,11.4399995803833,126900,4.651648044586182,0.0,0.0
ADX,2013-02-08,11.399999618530273,11.569999694824219,11.399999618530273,11.569999694824219,323700,4.704507350921631,0.0,0.0
ADX,2013-02-11,11.569999694824219,11.569999694824219,11.470000267028809,11.489999771118164,111300,4.671977996826172,0.0,0.0
ADX,2013-02-12,11.5,11.520000457763672,11.470000267028809,11.510000228881836,77500,4.680111885070801,0.0,0.0
ADX,2013-02-13,11.460000038146973,11.5,11.460000038146973,11.479999542236328,106100,4.688279151916504,0.05,0.0
ADX,2013-02-14,11.430000305175781,11.489999771118164,11.420000076293945,11.479999542236328,95600,4.688279151916504,0.0,0.0
ADX,2013-02-15,11.479999542236328,11.5,11.40999984741211,11.420000076293945,84200,4.663775444030762,0.0,0.0
ADX,2013-02-19,11.40999984741211,11.460000038146973,11.40999984741211,11.449999809265137,169200,4.676025867462158,0.0,0.0
ADX,2013-02-20,11.430000305175781,11.4399995803833,11.329999923706055,11.350000381469727,152200,4.635189533233643,0.0,0.0
ADX,2013-02-21,11.329999923706055,11.329999923706055,11.199999809265137,11.25,128900,4.594348907470703,0.0,0.0
ADX,2013-02-22,11.289999961853027,11.350000381469727,11.239999771118164,11.319999694824219,141000,4.622935771942139,0.0,0.0
ADX,2013-02-25,11.34000015258789,11.380000114440918,11.130000114440918,11.140000343322754,95200,4.549427509307861,0.0,0.0
ADX,2013-02-26,11.15999984741211,11.199999809265137,11.109999656677246,11.199999809265137,78800,4.573929309844971,0.0,0.0
ADX,2013-02-27,11.199999809265137,11.300000190734863,11.15999984741211,11.279999732971191,86400,4.606601238250732,0.0,0.0
ADX,2013-02-28,11.289999961853027,11.359999656677246,11.279999732971191,11.350000381469727,118900,4.635189533233643,0.0,0.0
ADX,2013-03-01,11.3100004196167,11.399999618530273,11.270000457763672,11.390000343322754,181500,4.651524066925049,0.0,0.0
ADX,2013-03-04,11.380000114440918,11.460000038146973,11.34000015258789,11.460000038146973,100800,4.680110931396484,0.0,0.0
ADX,2013-03-05,11.5,11.539999961853027,11.479999542236328,11.539999961853027,121200,4.712780475616455,0.0,0.0
ADX,2013-03-06,11.550000190734863,11.569999694824219,11.510000228881836,11.550000190734863,155700,4.716864585876465,0.0,0.0
ADX,2013-03-07,11.520000457763672,11.59000015258789,11.520000457763672,11.59000015258789,114200,4.73320198059082,0.0,0.0
ADX,2013-03-08,11.600000381469727,11.680000305175781,11.59000015258789,11.65999984741211,128800,4.761786937713623,0.0,0.0
ADX,2013-03-11,11.649999618530273,11.699999809265137,11.649999618530273,11.680000305175781,124700,4.769954681396484,0.0,0.0
ADX,2013-03-12,11.670000076293945,11.720000267028809,11.649999618530273,11.720000267028809,216800,4.786289691925049,0.0,0.0
ADX,2013-03-13,11.699999809265137,11.729999542236328,11.649999618530273,11.649999618530273,196700,4.757704734802246,0.0,0.0
ADX,2013-03-14,11.670000076293945,11.739999771118164,11.670000076293945,11.729999542236328,106200,4.790373802185059,0.0,0.0
ADX,2013-03-15,11.699999809265137,11.75,11.6899995803833,11.6899995803833,105300,4.774038314819336,0.0,0.0
ADX,2013-03-18,11.630000114440918,11.699999809265137,11.630000114440918,11.680000305175781,126300,4.769954681396484,0.0,0.0
ADX,2013-03-19,11.710000038146973,11.739999771118164,11.59000015258789,11.6899995803833,133100,4.774038314819336,0.0,0.0
ADX,2013-03-20,11.699999809265137,11.75,11.65999984741211,11.710000038146973,91300,4.78220796585083,0.0,0.0
ADX,2013-03-21,11.670000076293945,11.729999542236328,11.65999984741211,11.680000305175781,77800,4.769954681396484,0.0,0.0
ADX,2013-03-22,11.720000267028809,11.760000228881836,11.649999618530273,11.680000305175781,176000,4.769954681396484,0.0,0.0
ADX,2013-03-25,11.710000038146973,11.739999771118164,11.630000114440918,11.640000343322754,84800,4.75361967086792,0.0,0.0
ADX,2013-03-26,11.710000038146973,11.739999771118164,11.680000305175781,11.720000267028809,125100,4.786289691925049,0.0,0.0
ADX,2013-03-27,11.699999809265137,11.75,11.680000305175781,11.729999542236328,305200,4.790373802185059,0.0,0.0
ADX,2013-03-28,11.760000228881836,11.779999732971191,11.699999809265137,11.739999771118164,221300,4.794458866119385,0.0,0.0
ADX,2013-04-01,11.75,11.770000457763672,11.65999984741211,11.75,200800,4.798543453216553,0.0,0.0
ADX,2013-04-02,11.770000457763672,11.779999732971191,11.720000267028809,11.739999771118164,83500,4.794458866119385,0.0,0.0
ADX,2013-04-03,11.779999732971191,11.779999732971191,11.600000381469727,11.640000343322754,122100,4.75361967086792,0.0,0.0
ADX,2013-04-04,11.630000114440918,11.680000305175781,11.609999656677246,11.680000305175781,135300,4.769954681396484,0.0,0.0
ADX,2013-04-05,11.59000015258789,11.600000381469727,11.5,11.59000015258789,175500,4.73320198059082,0.0,0.0
ADX,2013-04-08,11.600000381469727,11.630000114440918,11.539999961853027,11.630000114440918,110200,4.74953556060791,0.0,0.0
ADX,2013-04-09,11.680000305175781,11.699999809265137,11.630000114440918,11.680000305175781,94100,4.769954681396484,0.0,0.0
ADX,2013-04-10,11.699999809265137,11.829999923706055,11.699999809265137,11.8100004196167,116100,4.8230462074279785,0.0,0.0
ADX,2013-04-11,11.789999961853027,11.90999984741211,11.789999961853027,11.890000343322754,116600,4.85571813583374,0.0,0.0
ADX,2013-04-12,11.859999656677246,11.880000114440918,11.760000228881836,11.779999732971191,319900,4.810794830322266,0.0,0.0
ADX,2013-04-15,11.75,11.75,11.579999923706055,11.600000381469727,162200,4.737285614013672,0.0,0.0
ADX,2013-04-16,11.630000114440918,11.699999809265137,11.600000381469727,11.6899995803833,311100,4.774038314819336,0.0,0.0
ADX,2013-04-17,11.609999656677246,11.609999656677246,11.479999542236328,11.579999923706055,168200,4.729114532470703,0.0,0.0
ADX,2013-04-18,11.5600004196167,11.579999923706055,11.460000038146973,11.5,83300,4.696446895599365,0.0,0.0
ADX,2013-04-19,11.520000457763672,11.600000381469727,11.489999771118164,11.600000381469727,52900,4.737285614013672,0.0,0.0
ADX,2013-04-22,11.600000381469727,11.670000076293945,11.5,11.640000343322754,227500,4.75361967086792,0.0,0.0
ADX,2013-04-23,11.680000305175781,11.760000228881836,11.680000305175781,11.75,128000,4.798543453216553,0.0,0.0
ADX,2013-04-24,11.75,11.800000190734863,11.75,11.800000190734863,109700,4.818963050842285,0.0,0.0
ADX,2013-04-25,11.800000190734863,11.859999656677246,11.779999732971191,11.8100004196167,132100,4.8230462074279785,0.0,0.0
ADX,2013-04-26,11.770000457763672,11.789999961853027,11.729999542236328,11.779999732971191,128700,4.810794830322266,0.0,0.0
ADX,2013-04-29,11.789999961853027,11.890000343322754,11.75,11.84000015258789,113700,4.835297584533691,0.0,0.0
ADX,2013-04-30,11.84000015258789,11.869999885559082,11.789999961853027,11.850000381469727,85500,4.839381694793701,0.0,0.0
ADX,2013-05-01,11.8100004196167,11.84000015258789,11.699999809265137,11.699999809265137,198200,4.778122901916504,0.0,0.0
ADX,2013-05-02,11.720000267028809,11.850000381469727,11.720000267028809,11.84000015258789,101300,4.835297584533691,0.0,0.0
ADX,2013-05-03,11.90999984741211,12.010000228881836,11.90999984741211,11.960000038146973,148900,4.884303569793701,0.0,0.0
ADX,2013-05-06,11.920000076293945,12.050000190734863,11.920000076293945,12.020000457763672,93800,4.908807754516602,0.0,0.0
ADX,2013-05-07,12.010000228881836,12.109999656677246,12.0,12.100000381469727,109000,4.941478252410889,0.0,0.0
ADX,2013-05-08,12.039999961853027,12.130000114440918,12.039999961853027,12.119999885559082,116200,4.94964599609375,0.0,0.0
ADX,2013-05-09,12.109999656677246,12.170000076293945,12.109999656677246,12.15999984741211,180500,4.965981960296631,0.0,0.0
ADX,2013-05-10,12.140000343322754,12.149999618530273,12.09000015258789,12.149999618530273,253600,4.961897850036621,0.0,0.0
ADX,2013-05-13,12.069999694824219,12.140000343322754,12.069999694824219,12.119999885559082,82600,4.970099449157715,0.05,0.0
ADX,2013-05-14,12.149999618530273,12.239999771118164,12.149999618530273,12.220000267028809,82200,5.0111083984375,0.0,0.0
ADX,2013-05-15,12.15999984741211,12.279999732971191,12.15999984741211,12.260000228881836,241000,5.027509689331055,0.0,0.0
ADX,2013-05-16,12.239999771118164,12.3100004196167,12.229999542236328,12.229999542236328,77300,5.015206813812256,0.0,0.0
ADX,2013-05-17,12.25,12.369999885559082,12.25,12.350000381469727,80800,5.064414024353027,0.0,0.0
ADX,2013-05-20,12.289999961853027,12.420000076293945,12.289999961853027,12.380000114440918,161700,5.076719284057617,0.0,0.0
ADX,2013-05-21,12.369999885559082,12.40999984741211,12.3100004196167,12.359999656677246,135300,5.068516731262207,0.0,0.0
ADX,2013-05-22,12.420000076293945,12.5,12.180000305175781,12.289999961853027,141600,5.039811611175537,0.0,0.0
ADX,2013-05-23,12.130000114440918,12.25,12.119999885559082,12.220000267028809,140600,5.0111083984375,0.0,0.0
ADX,2013-05-24,12.220000267028809,12.289999961853027,12.15999984741211,12.270000457763672,97900,5.031609535217285,0.0,0.0
ADX,2013-05-28,12.359999656677246,12.470000267028809,12.239999771118164,12.329999923706055,147600,5.056215286254883,0.0,0.0
ADX,2013-05-29,12.289999961853027,12.300000190734863,12.1899995803833,12.270000457763672,158000,5.031609535217285,0.0,0.0
ADX,2013-05-30,12.210000038146973,12.34000015258789,12.1899995803833,12.289999961853027,111300,5.039811611175537,0.0,0.0
ADX,2013-05-31,12.3100004196167,12.359999656677246,12.199999809265137,12.199999809265137,277700,5.002906799316406,0.0,0.0
ADX,2013-06-03,12.25,12.25,12.140000343322754,12.229999542236328,259800,5.015206813812256,0.0,0.0
ADX,2013-06-04,12.239999771118164,12.289999961853027,12.140000343322754,12.229999542236328,154600,5.015206813812256,0.0,0.0
ADX,2013-06-05,12.180000305175781,12.180000305175781,11.970000267028809,11.979999542236328,158100,4.9126877784729,0.0,0.0
ADX,2013-06-06,11.949999809265137,12.020000457763672,11.890000343322754,12.010000228881836,135900,4.924989700317383,0.0,0.0
ADX,2013-06-07,12.100000381469727,12.239999771118164,12.079999923706055,12.229999542236328,104500,5.015206813812256,0.0,0.0
ADX,2013-06-10,12.239999771118164,12.270000457763672,12.170000076293945,12.220000267028809,178700,5.0111083984375,0.0,0.0
ADX,2013-06-11,12.119999885559082,12.210000038146973,12.050000190734863,12.119999885559082,138200,4.970099449157715,0.0,0.0
ADX,2013-06-12,12.199999809265137,12.199999809265137,11.989999771118164,12.020000457763672,77700,4.929092884063721,0.0,0.0
ADX,2013-06-13,12.0,12.180000305175781,11.989999771118164,12.180000305175781,171600,4.9947028160095215,0.0,0.0
ADX,2013-06-14,12.149999618530273,12.199999809265137,12.0600004196167,12.069999694824219,86600,4.949594020843506,0.0,0.0
ADX,2013-06-17,12.109999656677246,12.199999809265137,12.069999694824219,12.100000381469727,156900,4.961898326873779,0.0,0.0
ADX,2013-06-18,12.100000381469727,12.229999542236328,12.100000381469727,12.149999618530273,105200,4.9824018478393555,0.0,0.0
ADX,2013-06-19,12.109999656677246,12.170000076293945,12.029999732971191,12.050000190734863,329700,4.9413933753967285,0.0,0.0
ADX,2013-06-20,11.899999618530273,11.920000076293945,11.75,11.779999732971191,255800,4.830673694610596,0.0,0.0
ADX,2013-06-21,11.789999961853027,11.84000015258789,11.670000076293945,11.720000267028809,196200,4.8060688972473145,0.0,0.0
ADX,2013-06-24,11.609999656677246,11.640000343322754,11.369999885559082,11.529999732971191,249500,4.728155136108398,0.0,0.0
ADX,2013-06-25,11.5600004196167,11.649999618530273,11.529999732971191,11.609999656677246,185100,4.760961055755615,0.0,0.0
ADX,2013-06-26,11.680000305175781,11.779999732971191,11.680000305175781,11.75,138800,4.818373203277588,0.0,0.0
ADX,2013-06-27,11.789999961853027,11.9399995803833,11.789999961853027,11.920000076293945,151200,4.888084888458252,0.0,0.0
ADX,2013-06-28,11.90999984741211,12.119999885559082,11.8100004196167,11.960000038146973,148600,4.904487133026123,0.0,0.0
ADX,2013-07-01,11.989999771118164,12.100000381469727,11.979999542236328,11.979999542236328,95700,4.9126877784729,0.0,0.0
ADX,2013-07-02,11.979999542236328,12.119999885559082,11.899999618530273,11.970000267028809,232200,4.908587455749512,0.0,0.0
ADX,2013-07-03,11.920000076293945,11.979999542236328,11.880000114440918,11.9399995803833,93700,4.8962860107421875,0.0,0.0
ADX,2013-07-05,11.970000267028809,12.010000228881836,11.899999618530273,11.979999542236328,143200,4.9126877784729,0.0,0.0
ADX,2013-07-08,12.020000457763672,12.130000114440918,12.020000457763672,12.029999732971191,152500,4.933190822601318,0.0,0.0
ADX,2013-07-09,12.079999923706055,12.199999809265137,12.079999923706055,12.130000114440918,164000,4.974198341369629,0.0,0.0
ADX,2013-07-10,12.149999618530273,12.199999809265137,12.109999656677246,12.1899995803833,97000,4.99880313873291,0.0,0.0
ADX,2013-07-11,12.260000228881836,12.369999885559082,12.260000228881836,12.359999656677246,113000,5.068516731262207,0.0,0.0
ADX,2013-07-12,12.350000381469727,12.399999618530273,12.300000190734863,12.34000015258789,83500,5.060314178466797,0.0,0.0
ADX,2013-07-15,12.350000381469727,12.420000076293945,12.329999923706055,12.390000343322754,120500,5.080819129943848,0.0,0.0
ADX,2013-07-16,12.399999618530273,12.40999984741211,12.289999961853027,12.3100004196167,120400,5.048014163970947,0.0,0.0
ADX,2013-07-17,12.399999618530273,12.420000076293945,12.350000381469727,12.390000343322754,66700,5.080819129943848,0.0,0.0
ADX,2013-07-18,12.4399995803833,12.470000267028809,12.420000076293945,12.470000267028809,57500,5.113624572753906,0.0,0.0
ADX,2013-07-19,12.449999809265137,12.449999809265137,12.380000114440918,12.399999618530273,90300,5.0849199295043945,0.0,0.0
ADX,2013-07-22,12.399999618530273,12.4399995803833,12.399999618530273,12.4399995803833,75000,5.101321697235107,0.0,0.0
ADX,2013-07-23,12.40999984741211,12.470000267028809,12.40999984741211,12.430000305175781,105700,5.097221851348877,0.0,0.0
ADX,2013-07-24,12.449999809265137,12.470000267028809,12.399999618530273,12.420000076293945,74900,5.09312105178833,0.0,0.0
ADX,2013-07-25,12.420000076293945,12.449999809265137,12.380000114440918,12.420000076293945,114300,5.09312105178833,0.0,0.0
ADX,2013-07-26,12.399999618530273,12.449999809265137,12.390000343322754,12.449999809265137,85000,5.1054229736328125,0.0,0.0
ADX,2013-07-29,12.4399995803833,12.479999542236328,12.390000343322754,12.460000038146973,69100,5.109524250030518,0.0,0.0
ADX,2013-07-30,12.479999542236328,12.489999771118164,12.420000076293945,12.460000038146973,99000,5.109524250030518,0.0,0.0
ADX,2013-07-31,12.470000267028809,12.539999961853027,12.449999809265137,12.449999809265137,155400,5.1054229736328125,0.0,0.0
ADX,2013-08-01,12.510000228881836,12.579999923706055,12.510000228881836,12.5600004196167,102300,5.150533199310303,0.0,0.0
ADX,2013-08-02,12.529999732971191,12.579999923706055,12.489999771118164,12.579999923706055,54600,5.158731460571289,0.0,0.0
ADX,2013-08-05,12.579999923706055,12.579999923706055,12.510000228881836,12.520000457763672,115100,5.134130001068115,0.0,0.0
ADX,2013-08-06,12.5,12.510000228881836,12.4399995803833,12.470000267028809,125300,5.113624572753906,0.0,0.0
ADX,2013-08-07,12.449999809265137,12.479999542236328,12.40999984741211,12.449999809265137,70200,5.1054229736328125,0.0,0.0
ADX,2013-08-08,12.479999542236328,12.510000228881836,12.430000305175781,12.489999771118164,31600,5.121826648712158,0.0,0.0
ADX,2013-08-09,12.529999732971191,12.529999732971191,12.40999984741211,12.4399995803833,69700,5.101321697235107,0.0,0.0
ADX,2013-08-12,12.380000114440918,12.40999984741211,12.350000381469727,12.40999984741211,93800,5.089020252227783,0.0,0.0
ADX,2013-08-13,12.359999656677246,12.390000343322754,12.3100004196167,12.359999656677246,106600,5.089020252227783,0.05,0.0
ADX,2013-08-14,12.329999923706055,12.390000343322754,12.329999923706055,12.350000381469727,87600,5.084902763366699,0.0,0.0
ADX,2013-08-15,12.279999732971191,12.279999732971191,12.130000114440918,12.15999984741211,116600,5.006674289703369,0.0,0.0
ADX,2013-08-16,12.100000381469727,12.210000038146973,12.069999694824219,12.140000343322754,46200,4.998439311981201,0.0,0.0
ADX,2013-08-19,12.15999984741211,12.15999984741211,11.979999542236328,12.010000228881836,153600,4.944913387298584,0.0,0.0
ADX,2013-08-20,12.010000228881836,12.119999885559082,12.010000228881836,12.050000190734863,95100,4.96138334274292,0.0,0.0
ADX,2013-08-21,11.979999542236328,12.0600004196167,11.949999809265137,11.960000038146973,141400,4.924327373504639,0.0,0.0
ADX,2013-08-22,11.979999542236328,12.119999885559082,11.979999542236328,12.079999923706055,72200,4.973735809326172,0.0,0.0
ADX,2013-08-23,12.09000015258789,12.1899995803833,12.09000015258789,12.1899995803833,67600,5.019025802612305,0.0,0.0
ADX,2013-08-26,12.1899995803833,12.239999771118164,12.149999618530273,12.149999618530273,84800,5.002556324005127,0.0,0.0
ADX,2013-08-27,12.039999961853027,12.050000190734863,11.949999809265137,11.949999809265137,115200,4.920209884643555,0.0,0.0
ADX,2013-08-28,11.920000076293945,12.020000457763672,11.920000076293945,11.989999771118164,91900,4.936678409576416,0.0,0.0
ADX,2013-08-29,11.989999771118164,12.0600004196167,11.970000267028809,12.029999732971191,69000,4.953148365020752,0.0,0.0
ADX,2013-08-30,12.029999732971191,12.029999732971191,11.970000267028809,12.0,99000,4.9407958984375,0.0,0.0
ADX,2013-09-03,12.100000381469727,12.140000343322754,12.029999732971191,12.0600004196167,119000,4.965500354766846,0.0,0.0
ADX,2013-09-04,12.069999694824219,12.180000305175781,12.0600004196167,12.180000305175781,87400,5.014909267425537,0.0,0.0
ADX,2013-09-05,12.130000114440918,12.199999809265137,12.130000114440918,12.170000076293945,55700,5.010792255401611,0.0,0.0
ADX,2013-09-06,12.229999542236328,12.25,12.119999885559082,12.15999984741211,65200,5.006674289703369,0.0,0.0
ADX,2013-09-09,12.180000305175781,12.270000457763672,12.170000076293945,12.260000228881836,56900,5.047848701477051,0.0,0.0
ADX,2013-09-10,12.329999923706055,12.380000114440918,12.289999961853027,12.3100004196167,69900,5.068434715270996,0.0,0.0
ADX,2013-09-11,12.289999961853027,12.369999885559082,12.289999961853027,12.289999961853027,87900,5.060200214385986,0.0,0.0
ADX,2013-09-12,12.329999923706055,12.380000114440918,12.289999961853027,12.319999694824219,63400,5.07255220413208,0.0,0.0
ADX,2013-09-13,12.359999656677246,12.359999656677246,12.289999961853027,12.319999694824219,137600,5.07255220413208,0.0,0.0
ADX,2013-09-16,12.449999809265137,12.460000038146973,12.380000114440918,12.380000114440918,151600,5.097255706787109,0.0,0.0
ADX,2013-09-17,12.399999618530273,12.470000267028809,12.399999618530273,12.4399995803833,65300,5.121957778930664,0.0,0.0
ADX,2013-09-18,12.420000076293945,12.579999923706055,12.420000076293945,12.579999923706055,83800,5.179599761962891,0.0,0.0
ADX,2013-09-19,12.579999923706055,12.649999618530273,12.579999923706055,12.640000343322754,137200,5.204304218292236,0.0,0.0
ADX,2013-09-20,12.640000343322754,12.65999984741211,12.600000381469727,12.609999656677246,193400,5.191952228546143,0.0,0.0
ADX,2013-09-23,12.59000015258789,12.59000015258789,12.470000267028809,12.539999961853027,102500,5.163133144378662,0.0,0.0
ADX,2013-09-24,12.489999771118164,12.59000015258789,12.449999809265137,12.449999809265137,58700,5.1260762214660645,0.0,0.0
ADX,2013-09-25,12.479999542236328,12.510000228881836,12.430000305175781,12.430000305175781,86800,5.117842674255371,0.0,0.0
ADX,2013-09-26,12.449999809265137,12.5600004196167,12.449999809265137,12.460000038146973,54300,5.130195140838623,0.0,0.0
ADX,2013-09-27,12.420000076293945,12.470000267028809,12.399999618530273,12.40999984741211,103500,5.109607696533203,0.0,0.0
ADX,2013-09-30,12.369999885559082,12.430000305175781,12.300000190734863,12.390000343322754,103900,5.101372241973877,0.0,0.0
ADX,2013-10-01,12.380000114440918,12.520000457763672,12.380000114440918,12.479999542236328,40700,5.138427257537842,0.0,0.0
ADX,2013-10-02,12.430000305175781,12.479999542236328,12.390000343322754,12.430000305175781,54400,5.117842674255371,0.0,0.0
ADX,2013-10-03,12.449999809265137,12.449999809265137,12.329999923706055,12.34000015258789,63700,5.080784797668457,0.0,0.0
ADX,2013-10-04,12.3100004196167,12.40999984741211,12.3100004196167,12.390000343322754,47800,5.101372241973877,0.0,0.0
ADX,2013-10-07,12.239999771118164,12.350000381469727,12.239999771118164,12.329999923706055,120400,5.076668739318848,0.0,0.0
ADX,2013-10-08,12.289999961853027,12.3100004196167,12.220000267028809,12.229999542236328,60800,5.035494327545166,0.0,0.0
ADX,2013-10-09,12.210000038146973,12.25,12.15999984741211,12.170000076293945,74800,5.010792255401611,0.0,0.0
ADX,2013-10-10,12.25,12.40999984741211,12.25,12.390000343322754,61900,5.101372241973877,0.0,0.0
ADX,2013-10-11,12.390000343322754,12.520000457763672,12.390000343322754,12.470000267028809,65300,5.134311199188232,0.0,0.0
ADX,2013-10-14,12.460000038146973,12.529999732971191,12.4399995803833,12.510000228881836,67200,5.1507792472839355,0.0,0.0
ADX,2013-10-15,12.449999809265137,12.539999961853027,12.4399995803833,12.510000228881836,119500,5.1507792472839355,0.0,0.0
ADX,2013-10-16,12.550000190734863,12.65999984741211,12.550000190734863,12.65999984741211,103200,5.212540149688721,0.0,0.0
ADX,2013-10-17,12.630000114440918,12.789999961853027,12.600000381469727,12.789999961853027,89500,5.26606559753418,0.0,0.0
ADX,2013-10-18,12.779999732971191,12.869999885559082,12.779999732971191,12.84000015258789,107500,5.286653995513916,0.0,0.0
ADX,2013-10-21,12.819999694824219,12.920000076293945,12.819999694824219,12.850000381469727,97300,5.290768623352051,0.0,0.0
ADX,2013-10-22,12.850000381469727,12.9399995803833,12.84000015258789,12.90999984741211,57700,5.315474987030029,0.0,0.0
ADX,2013-10-23,12.880000114440918,12.90999984741211,12.850000381469727,12.880000114440918,116600,5.303121089935303,0.0,0.0
ADX,2013-10-24,12.869999885559082,12.949999809265137,12.850000381469727,12.880000114440918,156500,5.303121089935303,0.0,0.0
ADX,2013-10-25,12.899999618530273,12.920000076293945,12.869999885559082,12.899999618530273,102600,5.311356067657471,0.0,0.0
ADX,2013-10-28,12.890000343322754,12.970000267028809,12.890000343322754,12.970000267028809,84500,5.340176582336426,0.0,0.0
ADX,2013-10-29,12.960000038146973,13.0600004196167,12.960000038146973,13.039999961853027,120400,5.368997573852539,0.0,0.0
ADX,2013-10-30,13.029999732971191,13.069999694824219,12.970000267028809,13.0,123000,5.352529048919678,0.0,0.0
ADX,2013-10-31,13.0,13.020000457763672,12.960000038146973,12.970000267028809,98200,5.340176582336426,0.0,0.0
ADX,2013-11-01,12.960000038146973,13.010000228881836,12.960000038146973,13.0,131400,5.352529048919678,0.0,0.0
ADX,2013-11-04,12.989999771118164,13.100000381469727,12.960000038146973,13.0600004196167,81800,5.377233505249023,0.0,0.0
ADX,2013-11-05,13.0,13.029999732971191,12.960000038146973,12.989999771118164,74300,5.348412036895752,0.0,0.0
ADX,2013-11-06,13.029999732971191,13.079999923706055,12.989999771118164,13.0600004196167,81700,5.377233505249023,0.0,0.0
ADX,2013-11-07,13.0600004196167,13.0600004196167,12.9399995803833,12.970000267028809,98600,5.340176582336426,0.0,0.0
ADX,2013-11-08,12.949999809265137,13.09000015258789,12.920000076293945,13.079999923706055,107300,5.385468006134033,0.0,0.0
ADX,2013-11-11,13.039999961853027,13.100000381469727,13.039999961853027,13.100000381469727,71000,5.39370059967041,0.0,0.0
ADX,2013-11-12,13.0600004196167,13.079999923706055,13.039999961853027,13.079999923706055,87800,5.385468006134033,0.0,0.0
ADX,2013-11-13,13.020000457763672,13.079999923706055,13.020000457763672,13.079999923706055,74300,5.385468006134033,0.0,0.0
ADX,2013-11-14,13.0600004196167,13.180000305175781,13.0600004196167,13.15999984741211,69600,5.418408393859863,0.0,0.0
ADX,2013-11-15,13.170000076293945,13.319999694824219,13.15999984741211,13.220000267028809,261100,5.443111419677734,0.0,0.0
ADX,2013-11-18,13.260000228881836,13.279999732971191,13.130000114440918,13.170000076293945,292000,5.4225239753723145,0.0,0.0
ADX,2013-11-19,13.180000305175781,13.180000305175781,13.0600004196167,13.0600004196167,224400,5.377233505249023,0.0,0.0
ADX,2013-11-20,13.100000381469727,13.149999618530273,13.010000228881836,13.069999694824219,203900,5.381349086761475,0.0,0.0
ADX,2013-11-21,12.4399995803833,12.609999656677246,12.40999984741211,12.470000267028809,424100,5.420472621917725,0.69,0.0
ADX,2013-11-22,12.479999542236328,12.550000190734863,12.479999542236328,12.550000190734863,97500,5.455247402191162,0.0,0.0
ADX,2013-11-25,12.579999923706055,12.600000381469727,12.550000190734863,12.600000381469727,251700,5.476982116699219,0.0,0.0
ADX,2013-11-26,12.609999656677246,12.609999656677246,12.550000190734863,12.579999923706055,166100,5.468285083770752,0.0,0.0
ADX,2013-11-27,12.59000015258789,12.600000381469727,12.550000190734863,12.600000381469727,67700,5.476982116699219,0.0,0.0
ADX,2013-11-29,12.630000114440918,12.649999618530273,12.609999656677246,12.630000114440918,21900,5.4900221824646,0.0,0.0
ADX,2013-12-02,12.630000114440918,12.640000343322754,12.550000190734863,12.5600004196167,140900,5.459595680236816,0.0,0.0
ADX,2013-12-03,12.539999961853027,12.550000190734863,12.449999809265137,12.510000228881836,70700,5.437858581542969,0.0,0.0
ADX,2013-12-04,12.460000038146973,12.520000457763672,12.420000076293945,12.489999771118164,125500,5.429166793823242,0.0,0.0
ADX,2013-12-05,12.479999542236328,12.520000457763672,12.4399995803833,12.510000228881836,210300,5.437858581542969,0.0,0.0
ADX,2013-12-06,12.630000114440918,12.630000114440918,12.5600004196167,12.600000381469727,58000,5.476982116699219,0.0,0.0
ADX,2013-12-09,12.59000015258789,12.649999618530273,12.579999923706055,12.579999923706055,162100,5.468285083770752,0.0,0.0
ADX,2013-12-10,12.569999694824219,12.600000381469727,12.5600004196167,12.59000015258789,78800,5.472634792327881,0.0,0.0
ADX,2013-12-11,12.5600004196167,12.5600004196167,12.479999542236328,12.479999542236328,67000,5.4248175621032715,0.0,0.0
ADX,2013-12-12,12.489999771118164,12.489999771118164,12.420000076293945,12.4399995803833,68500,5.407430648803711,0.0,0.0
ADX,2013-12-13,12.460000038146973,12.460000038146973,12.359999656677246,12.420000076293945,67000,5.39873743057251,0.0,0.0
ADX,2013-12-16,12.40999984741211,12.470000267028809,12.399999618530273,12.4399995803833,101500,5.407430648803711,0.0,0.0
ADX,2013-12-17,12.4399995803833,12.489999771118164,12.420000076293945,12.4399995803833,85600,5.407430648803711,0.0,0.0
ADX,2013-12-18,12.4399995803833,12.5600004196167,12.390000343322754,12.5600004196167,104900,5.459595680236816,0.0,0.0
ADX,2013-12-19,12.550000190734863,12.649999618530273,12.539999961853027,12.649999618530273,102200,5.498713493347168,0.0,0.0
ADX,2013-12-20,12.649999618530273,12.819999694824219,12.649999618530273,12.8100004196167,115800,5.568265438079834,0.0,0.0
ADX,2013-12-23,12.819999694824219,12.989999771118164,12.819999694824219,12.9399995803833,179300,5.624770641326904,0.0,0.0
ADX,2013-12-24,12.949999809265137,13.100000381469727,12.949999809265137,13.050000190734863,79600,5.6725873947143555,0.0,0.0
ADX,2013-12-26,13.050000190734863,13.149999618530273,13.050000190734863,13.149999618530273,112400,5.716054916381836,0.0,0.0
ADX,2013-12-27,13.25,13.25,13.100000381469727,13.100000381469727,133500,5.694318771362305,0.0,0.0
ADX,2013-12-30,13.149999618530273,13.149999618530273,13.029999732971191,13.0600004196167,106000,5.676934242248535,0.0,0.0
ADX,2013-12-31,13.079999923706055,13.100000381469727,13.039999961853027,13.069999694824219,118800,5.68127965927124,0.0,0.0
ADX,2014-01-02,13.050000190734863,13.050000190734863,12.899999618530273,12.920000076293945,115600,5.616078853607178,0.0,0.0
ADX,2014-01-03,12.9399995803833,12.960000038146973,12.930000305175781,12.930000305175781,80600,5.620425701141357,0.0,0.0
ADX,2014-01-06,12.930000305175781,12.949999809265137,12.90999984741211,12.90999984741211,104300,5.6117329597473145,0.0,0.0
ADX,2014-01-07,12.949999809265137,13.029999732971191,12.949999809265137,13.0,112300,5.650852203369141,0.0,0.0
ADX,2014-01-08,12.979999542236328,13.029999732971191,12.949999809265137,13.0,57900,5.650852203369141,0.0,0.0
ADX,2014-01-09,12.989999771118164,13.020000457763672,12.930000305175781,12.930000305175781,122100,5.620425701141357,0.0,0.0
ADX,2014-01-10,12.9399995803833,13.0,12.9399995803833,12.970000267028809,92700,5.63781213760376,0.0,0.0
ADX,2014-01-13,12.970000267028809,12.970000267028809,12.880000114440918,12.880000114440918,106600,5.598691463470459,0.0,0.0
ADX,2014-01-14,12.899999618530273,12.930000305175781,12.869999885559082,12.90999984741211,125000,5.6117329597473145,0.0,0.0
ADX,2014-01-15,12.920000076293945,13.010000228881836,12.920000076293945,13.010000228881836,76200,5.6551995277404785,0.0,0.0
ADX,2014-01-16,12.989999771118164,13.0,12.960000038146973,12.989999771118164,58500,5.6465067863464355,0.0,0.0
ADX,2014-01-17,13.0,13.010000228881836,12.9399995803833,12.949999809265137,55200,5.629119396209717,0.0,0.0
ADX,2014-01-21,12.970000267028809,12.979999542236328,12.899999618530273,12.930000305175781,79700,5.620425701141357,0.0,0.0
ADX,2014-01-22,12.949999809265137,12.970000267028809,12.920000076293945,12.930000305175781,122300,5.620425701141357,0.0,0.0
ADX,2014-01-23,12.899999618530273,12.899999618530273,12.760000228881836,12.8100004196167,130000,5.568265438079834,0.0,0.0
ADX,2014-01-24,12.720000267028809,12.760000228881836,12.550000190734863,12.579999923706055,156700,5.468285083770752,0.0,0.0
ADX,2014-01-27,12.5600004196167,12.619999885559082,12.470000267028809,12.539999961853027,138700,5.450901031494141,0.0,0.0
ADX,2014-01-28,12.539999961853027,12.579999923706055,12.520000457763672,12.550000190734863,81400,5.455247402191162,0.0,0.0
ADX,2014-01-29,12.5,12.520000457763672,12.420000076293945,12.449999809265137,93100,5.411778450012207,0.0,0.0
ADX,2014-01-30,12.529999732971191,12.550000190734863,12.5,12.539999961853027,74100,5.450901031494141,0.0,0.0
ADX,2014-01-31,12.40999984741211,12.539999961853027,12.380000114440918,12.460000038146973,96200,5.4161272048950195,0.0,0.0
ADX,2014-02-03,12.449999809265137,12.460000038146973,12.149999618530273,12.15999984741211,191800,5.285721778869629,0.0,0.0
ADX,2014-02-04,12.170000076293945,12.270000457763672,12.170000076293945,12.199999809265137,187800,5.303108215332031,0.0,0.0
ADX,2014-02-05,12.1899995803833,12.25,12.140000343322754,12.199999809265137,97300,5.303108215332031,0.0,0.0
ADX,2014-02-06,12.229999542236328,12.369999885559082,12.229999542236328,12.350000381469727,50600,5.368310451507568,0.0,0.0
ADX,2014-02-07,12.390000343322754,12.510000228881836,12.380000114440918,12.5,135700,5.433513164520264,0.0,0.0
ADX,2014-02-10,12.520000457763672,12.539999961853027,12.489999771118164,12.539999961853027,146800,5.450901031494141,0.0,0.0
ADX,2014-02-11,12.5600004196167,12.699999809265137,12.5600004196167,12.65999984741211,198600,5.503061771392822,0.0,0.0
ADX,2014-02-12,12.649999618530273,12.6899995803833,12.609999656677246,12.619999885559082,94700,5.507425785064697,0.05,0.0
ADX,2014-02-13,12.550000190734863,12.720000267028809,12.550000190734863,12.710000038146973,70400,5.546701908111572,0.0,0.0
ADX,2014-02-14,12.6899995803833,12.800000190734863,12.6899995803833,12.789999961853027,60600,5.581615447998047,0.0,0.0
ADX,2014-02-18,12.779999732971191,12.8100004196167,12.760000228881836,12.8100004196167,87500,5.590343952178955,0.0,0.0
ADX,2014-02-19,12.779999732971191,12.829999923706055,12.670000076293945,12.680000305175781,145000,5.5336103439331055,0.0,0.0
ADX,2014-02-20,12.670000076293945,12.8100004196167,12.670000076293945,12.770000457763672,117800,5.572885036468506,0.0,0.0
ADX,2014-02-21,12.770000457763672,12.800000190734863,12.739999771118164,12.75,106200,5.564157485961914,0.0,0.0
ADX,2014-02-24,12.75,12.869999885559082,12.75,12.789999961853027,156900,5.581615447998047,0.0,0.0
ADX,2014-02-25,12.789999961853027,12.850000381469727,12.770000457763672,12.800000190734863,69900,5.585978984832764,0.0,0.0
ADX,2014-02-26,12.84000015258789,12.859999656677246,12.779999732971191,12.789999961853027,89900,5.581615447998047,0.0,0.0
ADX,2014-02-27,12.8100004196167,12.880000114440918,12.800000190734863,12.850000381469727,115800,5.607797622680664,0.0,0.0
ADX,2014-02-28,12.850000381469727,12.970000267028809,12.829999923706055,12.920000076293945,84200,5.638347625732422,0.0,0.0
ADX,2014-03-03,12.869999885559082,12.899999618530273,12.800000190734863,12.869999885559082,171600,5.61652946472168,0.0,0.0
ADX,2014-03-04,12.949999809265137,13.050000190734863,12.949999809265137,13.010000228881836,144000,5.677623748779297,0.0,0.0
ADX,2014-03-05,13.010000228881836,13.069999694824219,12.989999771118164,13.020000457763672,89600,5.6819868087768555,0.0,0.0
ADX,2014-03-06,13.020000457763672,13.100000381469727,13.020000457763672,13.079999923706055,105100,5.708172798156738,0.0,0.0
ADX,2014-03-07,13.100000381469727,13.130000114440918,13.020000457763672,13.029999732971191,85100,5.686351299285889,0.0,0.0
ADX,2014-03-10,12.989999771118164,13.0600004196167,12.979999542236328,13.039999961853027,55400,5.6907148361206055,0.0,0.0
ADX,2014-03-11,13.039999961853027,13.079999923706055,12.989999771118164,13.029999732971191,101600,5.686351299285889,0.0,0.0
ADX,2014-03-12,13.0,13.010000228881836,12.9399995803833,13.010000228881836,74600,5.677623748779297,0.0,0.0
ADX,2014-03-13,13.020000457763672,13.029999732971191,12.850000381469727,12.869999885559082,144800,5.61652946472168,0.0,0.0
ADX,2014-03-14,12.880000114440918,12.90999984741211,12.829999923706055,12.84000015258789,104600,5.603436470031738,0.0,0.0
ADX,2014-03-17,12.859999656677246,12.949999809265137,12.859999656677246,12.899999618530273,113400,5.62962007522583,0.0,0.0
ADX,2014-03-18,12.920000076293945,12.989999771118164,12.920000076293945,12.9399995803833,185100,5.647073745727539,0.0,0.0
ADX,2014-03-19,12.949999809265137,12.989999771118164,12.850000381469727,12.880000114440918,127500,5.620891094207764,0.0,0.0
ADX,2014-03-20,12.859999656677246,12.970000267028809,12.84000015258789,12.960000038146973,357500,5.65580415725708,0.0,0.0
ADX,2014-03-21,12.979999542236328,13.050000190734863,12.9399995803833,12.960000038146973,64100,5.65580415725708,0.0,0.0
ADX,2014-03-24,12.970000267028809,12.989999771118164,12.829999923706055,12.90999984741211,267000,5.633984565734863,0.0,0.0
ADX,2014-03-25,12.920000076293945,12.989999771118164,12.899999618530273,12.949999809265137,93400,5.651439666748047,0.0,0.0
ADX,2014-03-26,13.0,13.010000228881836,12.850000381469727,12.880000114440918,135000,5.620891094207764,0.0,0.0
ADX,2014-03-27,12.880000114440918,12.890000343322754,12.819999694824219,12.859999656677246,71900,5.612162113189697,0.0,0.0
ADX,2014-03-28,12.899999618530273,13.020000457763672,12.880000114440918,12.90999984741211,98600,5.633984565734863,0.0,0.0
ADX,2014-03-31,12.949999809265137,13.010000228881836,12.949999809265137,12.979999542236328,74500,5.664531707763672,0.0,0.0
ADX,2014-04-01,13.020000457763672,13.09000015258789,13.020000457763672,13.050000190734863,104900,5.695079803466797,0.0,0.0
ADX,2014-04-02,13.069999694824219,13.100000381469727,13.039999961853027,13.100000381469727,332700,5.716897964477539,0.0,0.0
ADX,2014-04-03,13.100000381469727,13.119999885559082,13.069999694824219,13.119999885559082,155700,5.725627422332764,0.0,0.0
ADX,2014-04-04,13.149999618530273,13.170000076293945,12.949999809265137,13.0,174900,5.673259258270264,0.0,0.0
ADX,2014-04-07,12.9399995803833,12.9399995803833,12.829999923706055,12.84000015258789,187500,5.603436470031738,0.0,0.0
ADX,2014-04-08,12.819999694824219,12.899999618530273,12.800000190734863,12.850000381469727,155700,5.607797622680664,0.0,0.0
ADX,2014-04-09,12.859999656677246,12.970000267028809,12.850000381469727,12.960000038146973,54300,5.65580415725708,0.0,0.0
ADX,2014-04-10,12.960000038146973,13.0,12.760000228881836,12.789999961853027,112800,5.581615447998047,0.0,0.0
ADX,2014-04-11,12.75,12.779999732971191,12.65999984741211,12.670000076293945,185500,5.529246807098389,0.0,0.0
ADX,2014-04-14,12.789999961853027,12.789999961853027,12.649999618530273,12.739999771118164,86200,5.559793472290039,0.0,0.0
ADX,2014-04-15,12.770000457763672,12.829999923706055,12.640000343322754,12.789999961853027,109000,5.581615447998047,0.0,0.0
ADX,2014-04-16,12.84000015258789,12.949999809265137,12.829999923706055,12.949999809265137,94100,5.651439666748047,0.0,0.0
ADX,2014-04-17,12.9399995803833,12.989999771118164,12.90999984741211,12.930000305175781,156300,5.642711162567139,0.0,0.0
ADX,2014-04-21,12.930000305175781,12.970000267028809,12.930000305175781,12.970000267028809,161400,5.660166263580322,0.0,0.0
ADX,2014-04-22,12.979999542236328,13.069999694824219,12.979999542236328,13.020000457763672,134600,5.6819868087768555,0.0,0.0
ADX,2014-04-23,13.020000457763672,13.0600004196167,13.0,13.020000457763672,91500,5.6819868087768555,0.0,0.0
ADX,2014-04-24,13.069999694824219,13.109999656677246,13.029999732971191,13.100000381469727,158800,5.716897964477539,0.0,0.0
ADX,2014-04-25,13.079999923706055,13.100000381469727,13.0,13.020000457763672,160300,5.6819868087768555,0.0,0.0
ADX,2014-04-28,13.029999732971191,13.09000015258789,12.949999809265137,13.0600004196167,167100,5.69944429397583,0.0,0.0
ADX,2014-04-29,13.079999923706055,13.140000343322754,13.079999923706055,13.130000114440918,108800,5.72999382019043,0.0,0.0
ADX,2014-04-30,13.119999885559082,13.199999809265137,13.109999656677246,13.170000076293945,97300,5.747448444366455,0.0,0.0
ADX,2014-05-01,13.149999618530273,13.220000267028809,13.130000114440918,13.149999618530273,134200,5.738719463348389,0.0,0.0
ADX,2014-05-02,13.149999618530273,13.270000457763672,13.149999618530273,13.1899995803833,207800,5.756175518035889,0.0,0.0
ADX,2014-05-05,13.140000343322754,13.210000038146973,13.100000381469727,13.210000038146973,70800,5.7649054527282715,0.0,0.0
ADX,2014-05-06,13.210000038146973,13.210000038146973,13.119999885559082,13.119999885559082,93800,5.725627422332764,0.0,0.0
ADX,2014-05-07,13.149999618530273,13.180000305175781,13.069999694824219,13.170000076293945,145900,5.747448444366455,0.0,0.0
ADX,2014-05-08,13.170000076293945,13.239999771118164,13.140000343322754,13.180000305175781,68900,5.75181245803833,0.0,0.0
ADX,2014-05-09,13.180000305175781,13.199999809265137,13.130000114440918,13.180000305175781,97500,5.75181245803833,0.0,0.0
ADX,2014-05-12,13.180000305175781,13.239999771118164,13.170000076293945,13.220000267028809,170800,5.791240215301514,0.05,0.0
ADX,2014-05-13,13.239999771118164,13.260000228881836,13.210000038146973,13.210000038146973,121400,5.786858081817627,0.0,0.0
ADX,2014-05-14,13.229999542236328,13.239999771118164,13.180000305175781,13.199999809265137,97100,5.782478332519531,0.0,0.0
ADX,2014-05-15,13.199999809265137,13.199999809265137,13.069999694824219,13.100000381469727,230600,5.738668441772461,0.0,0.0
ADX,2014-05-16,13.119999885559082,13.149999618530273,13.09000015258789,13.149999618530273,43400,5.76057243347168,0.0,0.0
ADX,2014-05-19,13.09000015258789,13.229999542236328,13.09000015258789,13.1899995803833,118400,5.778095245361328,0.0,0.0
ADX,2014-05-20,13.199999809265137,13.220000267028809,13.109999656677246,13.149999618530273,78400,5.76057243347168,0.0,0.0
ADX,2014-05-21,13.180000305175781,13.239999771118164,13.180000305175781,13.229999542236328,184800,5.795617580413818,0.0,0.0
ADX,2014-05-22,13.220000267028809,13.319999694824219,13.220000267028809,13.319999694824219,68600,5.835044860839844,0.0,0.0
ADX,2014-05-23,13.319999694824219,13.390000343322754,13.319999694824219,13.359999656677246,145100,5.85256814956665,0.0,0.0
ADX,2014-05-27,13.380000114440918,13.449999809265137,13.380000114440918,13.430000305175781,83000,5.883231163024902,0.0,0.0
ADX,2014-05-28,13.430000305175781,13.479999542236328,13.420000076293945,13.460000038146973,84500,5.8963751792907715,0.0,0.0
ADX,2014-05-29,13.460000038146973,13.520000457763672,13.430000305175781,13.520000457763672,54700,5.922659397125244,0.0,0.0
ADX,2014-05-30,13.489999771118164,13.529999732971191,13.479999542236328,13.520000457763672,74200,5.922659397125244,0.0,0.0
ADX,2014-06-02,13.550000190734863,13.569999694824219,13.470000267028809,13.5600004196167,227600,5.940182685852051,0.0,0.0
ADX,2014-06-03,13.539999961853027,13.5600004196167,13.520000457763672,13.520000457763672,78700,5.922659397125244,0.0,0.0
ADX,2014-06-04,13.520000457763672,13.539999961853027,13.489999771118164,13.529999732971191,111000,5.92703914642334,0.0,0.0
ADX,2014-06-05,13.550000190734863,13.619999885559082,13.529999732971191,13.609999656677246,154400,5.962086200714111,0.0,0.0
ADX,2014-06-06,13.600000381469727,13.680000305175781,13.59000015258789,13.649999618530273,117200,5.979605197906494,0.0,0.0
ADX,2014-06-09,13.680000305175781,13.710000038146973,13.65999984741211,13.670000076293945,94200,5.988368034362793,0.0,0.0
ADX,2014-06-10,13.649999618530273,13.680000305175781,13.649999618530273,13.680000305175781,60400,5.992748260498047,0.0,0.0
ADX,2014-06-11,13.649999618530273,13.670000076293945,13.609999656677246,13.619999885559082,117800,5.966463088989258,0.0,0.0
ADX,2014-06-12,13.619999885559082,13.640000343322754,13.529999732971191,13.550000190734863,138900,5.935799598693848,0.0,0.0
ADX,2014-06-13,13.579999923706055,13.619999885559082,13.539999961853027,13.579999923706055,124500,5.948940753936768,0.0,0.0
ADX,2014-06-16,13.5600004196167,13.619999885559082,13.550000190734863,13.59000015258789,149300,5.953324317932129,0.0,0.0
ADX,2014-06-17,13.600000381469727,13.630000114440918,13.569999694824219,13.630000114440918,75700,5.970845699310303,0.0,0.0
ADX,2014-06-18,13.619999885559082,13.710000038146973,13.59000015258789,13.699999809265137,181900,6.001509189605713,0.0,0.0
ADX,2014-06-19,13.710000038146973,13.739999771118164,13.670000076293945,13.710000038146973,150100,6.005892276763916,0.0,0.0
ADX,2014-06-20,13.789999961853027,13.789999961853027,13.739999771118164,13.779999732971191,142400,6.03655481338501,0.0,0.0
ADX,2014-06-23,13.760000228881836,13.770000457763672,13.699999809265137,13.739999771118164,124300,6.019032955169678,0.0,0.0
ADX,2014-06-24,13.729999542236328,13.789999961853027,13.649999618530273,13.65999984741211,407600,5.983986854553223,0.0,0.0
ADX,2014-06-25,13.609999656677246,13.739999771118164,13.609999656677246,13.739999771118164,161000,6.019032955169678,0.0,0.0
ADX,2014-06-26,13.760000228881836,13.760000228881836,13.670000076293945,13.739999771118164,107500,6.019032955169678,0.0,0.0
ADX,2014-06-27,13.680000305175781,13.75,13.670000076293945,13.75,188600,6.02341365814209,0.0,0.0
ADX,2014-06-30,13.75,13.8100004196167,13.729999542236328,13.75,130000,6.02341365814209,0.0,0.0
ADX,2014-07-01,13.75,13.880000114440918,13.75,13.859999656677246,113300,6.071601867675781,0.0,0.0
ADX,2014-07-02,13.869999885559082,13.890000343322754,13.829999923706055,13.869999885559082,82000,6.0759806632995605,0.0,0.0
ADX,2014-07-03,13.890000343322754,13.979999542236328,13.890000343322754,13.949999809265137,44100,6.111025333404541,0.0,0.0
ADX,2014-07-07,13.9399995803833,13.949999809265137,13.869999885559082,13.930000305175781,207400,6.102264404296875,0.0,0.0
ADX,2014-07-08,13.880000114440918,13.880000114440918,13.770000457763672,13.8100004196167,114300,6.04969596862793,0.0,0.0
ADX,2014-07-09,13.880000114440918,13.880000114440918,13.819999694824219,13.859999656677246,81000,6.071601867675781,0.0,0.0
ADX,2014-07-10,13.75,13.84000015258789,13.720000267028809,13.8100004196167,111600,6.04969596862793,0.0,0.0
ADX,2014-07-11,13.789999961853027,13.829999923706055,13.760000228881836,13.829999923706055,82000,6.05845832824707,0.0,0.0
ADX,2014-07-14,13.880000114440918,13.949999809265137,13.869999885559082,13.899999618530273,120200,6.0891242027282715,0.0,0.0
ADX,2014-07-15,13.930000305175781,13.9399995803833,13.84000015258789,13.899999618530273,75600,6.0891242027282715,0.0,0.0
ADX,2014-07-16,13.930000305175781,13.979999542236328,13.920000076293945,13.930000305175781,106700,6.102264404296875,0.0,0.0
ADX,2014-07-17,13.90999984741211,13.960000038146973,13.779999732971191,13.779999732971191,85500,6.03655481338501,0.0,0.0
ADX,2014-07-18,13.84000015258789,13.9399995803833,13.829999923706055,13.9399995803833,57000,6.106644630432129,0.0,0.0
ADX,2014-07-21,13.90999984741211,13.949999809265137,13.880000114440918,13.9399995803833,108300,6.106644630432129,0.0,0.0
ADX,2014-07-22,13.960000038146973,14.0,13.949999809265137,13.979999542236328,62400,6.1241679191589355,0.0,0.0
ADX,2014-07-23,14.0,14.050000190734863,13.989999771118164,14.029999732971191,64100,6.1460723876953125,0.0,0.0
ADX,2014-07-24,14.039999961853027,14.09000015258789,14.029999732971191,14.039999961853027,109500,6.150452613830566,0.0,0.0
ADX,2014-07-25,14.010000228881836,14.020000457763672,13.9399995803833,13.970000267028809,80900,6.119786739349365,0.0,0.0
ADX,2014-07-28,13.960000038146973,13.989999771118164,13.90999984741211,13.960000038146973,350800,6.115408897399902,0.0,0.0
ADX,2014-07-29,13.989999771118164,14.029999732971191,13.9399995803833,13.9399995803833,130700,6.106644630432129,0.0,0.0
ADX,2014-07-30,13.9399995803833,13.960000038146973,13.850000381469727,13.869999885559082,178700,6.0759806632995605,0.0,0.0
ADX,2014-07-31,13.760000228881836,13.779999732971191,13.640000343322754,13.640000343322754,288300,5.975225448608398,0.0,0.0
ADX,2014-08-01,13.59000015258789,13.670000076293945,13.520000457763672,13.569999694824219,236300,5.94456148147583,0.0,0.0
ADX,2014-08-04,13.579999923706055,13.699999809265137,13.550000190734863,13.680000305175781,114400,5.992748260498047,0.0,0.0
ADX,2014-08-05,13.649999618530273,13.65999984741211,13.5,13.550000190734863,216200,5.935799598693848,0.0,0.0
ADX,2014-08-06,13.510000228881836,13.609999656677246,13.510000228881836,13.5600004196167,160000,5.940182685852051,0.0,0.0
ADX,2014-08-07,13.600000381469727,13.619999885559082,13.449999809265137,13.489999771118164,132900,5.90951681137085,0.0,0.0
ADX,2014-08-08,13.489999771118164,13.579999923706055,13.449999809265137,13.579999923706055,126200,5.971072673797607,0.05,0.0
ADX,2014-08-11,13.649999618530273,13.710000038146973,13.640000343322754,13.65999984741211,241500,6.006248474121094,0.0,0.0
ADX,2014-08-12,13.630000114440918,13.649999618530273,13.59000015258789,13.630000114440918,167200,5.993058204650879,0.0,0.0
ADX,2014-08-13,13.65999984741211,13.729999542236328,13.65999984741211,13.699999809265137,98000,6.023836135864258,0.0,0.0
ADX,2014-08-14,13.710000038146973,13.770000457763672,13.710000038146973,13.739999771118164,108400,6.0414252281188965,0.0,0.0
ADX,2014-08-15,13.8100004196167,13.859999656677246,13.710000038146973,13.770000457763672,130500,6.054616451263428,0.0,0.0
ADX,2014-08-18,13.8100004196167,13.880000114440918,13.8100004196167,13.869999885559082,127000,6.0985846519470215,0.0,0.0
ADX,2014-08-19,13.930000305175781,13.979999542236328,13.90999984741211,13.960000038146973,84600,6.13815975189209,0.0,0.0
ADX,2014-08-20,13.960000038146973,14.039999961853027,13.9399995803833,14.029999732971191,89300,6.168937683105469,0.0,0.0
ADX,2014-08-21,14.0600004196167,14.119999885559082,14.039999961853027,14.09000015258789,142700,6.195319652557373,0.0,0.0
ADX,2014-08-22,14.079999923706055,14.100000381469727,14.029999732971191,14.039999961853027,109800,6.173333644866943,0.0,0.0
ADX,2014-08-25,14.09000015258789,14.140000343322754,14.09000015258789,14.09000015258789,132000,6.195319652557373,0.0,0.0
ADX,2014-08-26,14.100000381469727,14.170000076293945,14.100000381469727,14.109999656677246,96100,6.2041120529174805,0.0,0.0
ADX,2014-08-27,14.130000114440918,14.15999984741211,14.119999885559082,14.15999984741211,103200,6.226095199584961,0.0,0.0
ADX,2014-08-28,14.09000015258789,14.170000076293945,14.09000015258789,14.140000343322754,97000,6.2173051834106445,0.0,0.0
ADX,2014-08-29,14.15999984741211,14.170000076293945,14.119999885559082,14.170000076293945,66400,6.230494022369385,0.0,0.0
ADX,2014-09-02,14.180000305175781,14.199999809265137,14.130000114440918,14.199999809265137,167200,6.2436842918396,0.0,0.0
ADX,2014-09-03,14.270000457763672,14.270000457763672,14.180000305175781,14.199999809265137,62200,6.2436842918396,0.0,0.0
ADX,2014-09-04,14.220000267028809,14.25,14.149999618530273,14.149999618530273,123800,6.221700191497803,0.0,0.0
ADX,2014-09-05,14.170000076293945,14.220000267028809,14.109999656677246,14.220000267028809,183500,6.252477645874023,0.0,0.0
ADX,2014-09-08,14.220000267028809,14.220000267028809,14.119999885559082,14.210000038146973,162800,6.248083114624023,0.0,0.0
ADX,2014-09-09,14.180000305175781,14.180000305175781,14.079999923706055,14.079999923706055,179000,6.190920829772949,0.0,0.0
ADX,2014-09-10,14.109999656677246,14.140000343322754,14.0600004196167,14.119999885559082,88200,6.208507537841797,0.0,0.0
ADX,2014-09-11,14.100000381469727,14.149999618530273,14.0600004196167,14.130000114440918,98600,6.212906360626221,0.0,0.0
ADX,2014-09-12,14.109999656677246,14.119999885559082,14.020000457763672,14.029999732971191,104800,6.168937683105469,0.0,0.0
ADX,2014-09-15,14.029999732971191,14.09000015258789,14.010000228881836,14.069999694824219,92700,6.186524391174316,0.0,0.0
ADX,2014-09-16,14.029999732971191,14.170000076293945,14.029999732971191,14.15999984741211,60300,6.226095199584961,0.0,0.0
ADX,2014-09-17,14.1899995803833,14.220000267028809,14.130000114440918,14.180000305175781,153700,6.234889507293701,0.0,0.0
ADX,2014-09-18,14.229999542236328,14.239999771118164,14.199999809265137,14.229999542236328,93100,6.256876468658447,0.0,0.0
ADX,2014-09-19,14.260000228881836,14.279999732971191,14.210000038146973,14.229999542236328,99100,6.256876468658447,0.0,0.0
ADX,2014-09-22,14.1899995803833,14.199999809265137,14.079999923706055,14.079999923706055,157500,6.190920829772949,0.0,0.0
ADX,2014-09-23,14.039999961853027,14.100000381469727,14.0,14.0,118300,6.155747413635254,0.0,0.0
ADX,2014-09-24,14.0,14.140000343322754,13.979999542236328,14.140000343322754,162300,6.2173051834106445,0.0,0.0
ADX,2014-09-25,14.079999923706055,14.079999923706055,13.90999984741211,13.949999809265137,89100,6.133761405944824,0.0,0.0
ADX,2014-09-26,13.9399995803833,14.069999694824219,13.930000305175781,14.050000190734863,114800,6.177731037139893,0.0,0.0
ADX,2014-09-29,13.920000076293945,14.0,13.859999656677246,13.9399995803833,187700,6.129363059997559,0.0,0.0
ADX,2014-09-30,13.970000267028809,14.029999732971191,13.920000076293945,13.9399995803833,72200,6.129363059997559,0.0,0.0
ADX,2014-10-01,13.880000114440918,13.880000114440918,13.729999542236328,13.770000457763672,187800,6.054616451263428,0.0,0.0
ADX,2014-10-02,13.760000228881836,13.760000228881836,13.609999656677246,13.6899995803833,225100,6.019441604614258,0.0,0.0
ADX,2014-10-03,13.789999961853027,13.930000305175781,13.789999961853027,13.90999984741211,151600,6.116174697875977,0.0,0.0
ADX,2014-10-06,13.930000305175781,13.960000038146973,13.859999656677246,13.880000114440918,92100,6.10298490524292,0.0,0.0
ADX,2014-10-07,13.829999923706055,13.829999923706055,13.6899995803833,13.699999809265137,107500,6.023836135864258,0.0,0.0
ADX,2014-10-08,13.699999809265137,13.90999984741211,13.609999656677246,13.90999984741211,126300,6.116174697875977,0.0,0.0
ADX,2014-10-09,13.899999618530273,13.899999618530273,13.649999618530273,13.65999984741211,130000,6.006248474121094,0.0,0.0
ADX,2014-10-10,13.600000381469727,13.710000038146973,13.510000228881836,13.510000228881836,208500,5.94029426574707,0.0,0.0
ADX,2014-10-13,13.5,13.510000228881836,13.25,13.25,139500,5.8259735107421875,0.0,0.0
ADX,2014-10-14,13.300000190734863,13.350000381469727,13.119999885559082,13.1899995803833,483900,5.799591541290283,0.0,0.0
ADX,2014-10-15,13.010000228881836,13.09000015258789,12.760000228881836,13.039999961853027,649600,5.733635425567627,0.0,0.0
ADX,2014-10-16,12.819999694824219,13.170000076293945,12.819999694824219,13.069999694824219,187900,5.746826648712158,0.0,0.0
ADX,2014-10-17,13.199999809265137,13.399999618530273,13.199999809265137,13.359999656677246,512500,5.874341011047363,0.0,0.0
ADX,2014-10-20,13.319999694824219,13.470000267028809,13.319999694824219,13.460000038146973,181700,5.918311595916748,0.0,0.0
ADX,2014-10-21,13.510000228881836,13.729999542236328,13.510000228881836,13.710000038146973,200600,6.0282368659973145,0.0,0.0
ADX,2014-10-22,13.760000228881836,13.800000190734863,13.630000114440918,13.630000114440918,113300,5.993058204650879,0.0,0.0
ADX,2014-10-23,13.770000457763672,13.890000343322754,13.739999771118164,13.819999694824219,180900,6.076601028442383,0.0,0.0
ADX,2014-10-24,13.8100004196167,13.90999984741211,13.800000190734863,13.90999984741211,103500,6.116174697875977,0.0,0.0
ADX,2014-10-27,13.850000381469727,13.90999984741211,13.789999961853027,13.880000114440918,98600,6.10298490524292,0.0,0.0
ADX,2014-10-28,13.930000305175781,14.039999961853027,13.930000305175781,14.039999961853027,100500,6.173333644866943,0.0,0.0
ADX,2014-10-29,14.020000457763672,14.109999656677246,14.020000457763672,14.069999694824219,156200,6.186524391174316,0.0,0.0
ADX,2014-10-30,14.0,14.170000076293945,14.0,14.119999885559082,141500,6.208507537841797,0.0,0.0
ADX,2014-10-31,14.239999771118164,14.279999732971191,14.170000076293945,14.270000457763672,103300,6.274465084075928,0.0,0.0
ADX,2014-11-03,14.279999732971191,14.34000015258789,14.270000457763672,14.270000457763672,83000,6.274465084075928,0.0,0.0
ADX,2014-11-04,14.270000457763672,14.289999961853027,14.180000305175781,14.289999961853027,104000,6.283257961273193,0.0,0.0
ADX,2014-11-05,14.329999923706055,14.350000381469727,14.279999732971191,14.319999694824219,111400,6.296449661254883,0.0,0.0
ADX,2014-11-06,14.319999694824219,14.380000114440918,14.300000190734863,14.380000114440918,90600,6.322829246520996,0.0,0.0
ADX,2014-11-07,14.40999984741211,14.430000305175781,14.350000381469727,14.430000305175781,112000,6.344814777374268,0.0,0.0
ADX,2014-11-10,14.430000305175781,14.470000267028809,14.40999984741211,14.460000038146973,200600,6.358006000518799,0.0,0.0
ADX,2014-11-11,14.479999542236328,14.5,14.449999809265137,14.479999542236328,131300,6.366800308227539,0.0,0.0
ADX,2014-11-12,14.4399995803833,14.489999771118164,14.430000305175781,14.449999809265137,119300,6.35360860824585,0.0,0.0
ADX,2014-11-13,14.479999542236328,14.539999961853027,14.449999809265137,14.529999732971191,119900,6.388783931732178,0.0,0.0
ADX,2014-11-14,14.529999732971191,14.609999656677246,14.510000228881836,14.569999694824219,269400,6.406371593475342,0.0,0.0
ADX,2014-11-17,14.59000015258789,14.640000343322754,14.550000190734863,14.630000114440918,236500,6.432753562927246,0.0,0.0
ADX,2014-11-18,14.649999618530273,14.899999618530273,14.649999618530273,14.8100004196167,738000,6.511898994445801,0.0,0.0
ADX,2014-11-19,14.800000190734863,14.800000190734863,14.699999809265137,14.739999771118164,449600,6.4811201095581055,0.0,0.0
ADX,2014-11-20,13.699999809265137,13.739999771118164,13.680000305175781,13.710000038146973,231900,6.481121063232422,1.03,0.0
ADX,2014-11-21,13.8100004196167,13.84000015258789,13.729999542236328,13.729999542236328,175100,6.490575790405273,0.0,0.0
ADX,2014-11-24,13.729999542236328,13.800000190734863,13.729999542236328,13.779999732971191,135300,6.514211177825928,0.0,0.0
ADX,2014-11-25,13.789999961853027,13.850000381469727,13.760000228881836,13.789999961853027,110500,6.518939971923828,0.0,0.0
ADX,2014-11-26,13.779999732971191,13.819999694824219,13.779999732971191,13.819999694824219,67800,6.5331196784973145,0.0,0.0
ADX,2014-11-28,13.789999961853027,13.800000190734863,13.720000267028809,13.729999542236328,86300,6.490575790405273,0.0,0.0
ADX,2014-12-01,13.720000267028809,13.75,13.600000381469727,13.619999885559082,117200,6.438573360443115,0.0,0.0
ADX,2014-12-02,13.609999656677246,13.770000457763672,13.609999656677246,13.75,83100,6.500030040740967,0.0,0.0
ADX,2014-12-03,13.75,13.850000381469727,13.75,13.850000381469727,100000,6.547304153442383,0.0,0.0
ADX,2014-12-04,13.819999694824219,13.850000381469727,13.770000457763672,13.800000190734863,69300,6.52366828918457,0.0,0.0
ADX,2014-12-05,13.829999923706055,13.869999885559082,13.8100004196167,13.84000015258789,68600,6.542575836181641,0.0,0.0
ADX,2014-12-08,13.789999961853027,13.84000015258789,13.729999542236328,13.75,196600,6.500030040740967,0.0,0.0
ADX,2014-12-09,13.630000114440918,13.710000038146973,13.5600004196167,13.710000038146973,144600,6.481121063232422,0.0,0.0
ADX,2014-12-10,13.670000076293945,13.710000038146973,13.510000228881836,13.520000457763672,86200,6.391303539276123,0.0,0.0
ADX,2014-12-11,13.520000457763672,13.729999542236328,13.520000457763672,13.539999961853027,112600,6.400755882263184,0.0,0.0
ADX,2014-12-12,13.510000228881836,13.550000190734863,13.329999923706055,13.329999923706055,135600,6.301486015319824,0.0,0.0
ADX,2014-12-15,13.399999618530273,13.4399995803833,13.180000305175781,13.260000228881836,95900,6.268393039703369,0.0,0.0
ADX,2014-12-16,13.15999984741211,13.420000076293945,13.149999618530273,13.170000076293945,159600,6.225846290588379,0.0,0.0
ADX,2014-12-17,13.170000076293945,13.420000076293945,13.170000076293945,13.380000114440918,181400,6.325119495391846,0.0,0.0
ADX,2014-12-18,13.529999732971191,13.770000457763672,13.529999732971191,13.760000228881836,118400,6.504758358001709,0.0,0.0
ADX,2014-12-19,13.75,13.920000076293945,13.739999771118164,13.829999923706055,121500,6.537848949432373,0.0,0.0
ADX,2014-12-22,13.869999885559082,13.880000114440918,13.779999732971191,13.779999732971191,101500,6.514211177825928,0.0,0.0
ADX,2014-12-23,13.819999694824219,13.850000381469727,13.770000457763672,13.789999961853027,208900,6.518939971923828,0.0,0.0
ADX,2014-12-24,13.770000457763672,13.850000381469727,13.770000457763672,13.800000190734863,46800,6.52366828918457,0.0,0.0
ADX,2014-12-26,13.8100004196167,13.890000343322754,13.8100004196167,13.880000114440918,57700,6.561486721038818,0.0,0.0
ADX,2014-12-29,13.890000343322754,13.979999542236328,13.8100004196167,13.869999885559082,140700,6.556759357452393,0.0,0.0
ADX,2014-12-30,13.859999656677246,13.890000343322754,13.710000038146973,13.770000457763672,130500,6.509485244750977,0.0,0.0
ADX,2014-12-31,13.800000190734863,13.869999885559082,13.670000076293945,13.680000305175781,106000,6.466940402984619,0.0,0.0
ADX,2015-01-02,13.800000190734863,13.800000190734863,13.5600004196167,13.670000076293945,101500,6.462214469909668,0.0,0.0
ADX,2015-01-05,13.600000381469727,13.600000381469727,13.40999984741211,13.420000076293945,146200,6.344027042388916,0.0,0.0
ADX,2015-01-06,13.430000305175781,13.529999732971191,13.279999732971191,13.350000381469727,122900,6.310935974121094,0.0,0.0
ADX,2015-01-07,13.4399995803833,13.479999542236328,13.329999923706055,13.470000267028809,230100,6.367667198181152,0.0,0.0
ADX,2015-01-08,13.59000015258789,13.729999542236328,13.5600004196167,13.710000038146973,85800,6.481121063232422,0.0,0.0
ADX,2015-01-09,13.720000267028809,13.739999771118164,13.5600004196167,13.649999618530273,106900,6.452756881713867,0.0,0.0
ADX,2015-01-12,13.680000305175781,13.680000305175781,13.470000267028809,13.569999694824219,89100,6.414938449859619,0.0,0.0
ADX,2015-01-13,13.6899995803833,13.770000457763672,13.420000076293945,13.460000038146973,113300,6.362937927246094,0.0,0.0
ADX,2015-01-14,13.359999656677246,13.4399995803833,13.270000457763672,13.399999618530273,160300,6.334573745727539,0.0,0.0
ADX,2015-01-15,13.449999809265137,13.449999809265137,13.270000457763672,13.300000190734863,145000,6.287304401397705,0.0,0.0
ADX,2015-01-16,13.260000228881836,13.489999771118164,13.25,13.460000038146973,202800,6.362937927246094,0.0,0.0
ADX,2015-01-20,13.550000190734863,13.550000190734863,13.380000114440918,13.520000457763672,119100,6.391303539276123,0.0,0.0
ADX,2015-01-21,13.520000457763672,13.59000015258789,13.470000267028809,13.5600004196167,158300,6.41021203994751,0.0,0.0
ADX,2015-01-22,13.59000015258789,13.760000228881836,13.5,13.75,160400,6.500030040740967,0.0,0.0
ADX,2015-01-23,13.710000038146973,13.84000015258789,13.699999809265137,13.729999542236328,199600,6.490575790405273,0.0,0.0
ADX,2015-01-26,13.699999809265137,13.75,13.649999618530273,13.699999809265137,189200,6.4763946533203125,0.0,0.0
ADX,2015-01-27,13.579999923706055,13.6899995803833,13.510000228881836,13.579999923706055,161300,6.419665813446045,0.0,0.0
ADX,2015-01-28,13.600000381469727,13.65999984741211,13.420000076293945,13.4399995803833,153500,6.353482246398926,0.0,0.0
ADX,2015-01-29,13.479999542236328,13.539999961853027,13.390000343322754,13.539999961853027,105700,6.400755882263184,0.0,0.0
ADX,2015-01-30,13.460000038146973,13.569999694824219,13.390000343322754,13.390000343322754,142100,6.329847812652588,0.0,0.0
ADX,2015-02-02,13.430000305175781,13.539999961853027,13.390000343322754,13.529999732971191,129700,6.396032333374023,0.0,0.0
ADX,2015-02-03,13.569999694824219,13.710000038146973,13.569999694824219,13.6899995803833,166800,6.471667289733887,0.0,0.0
ADX,2015-02-04,13.670000076293945,13.739999771118164,13.619999885559082,13.640000343322754,210800,6.448029518127441,0.0,0.0
ADX,2015-02-05,13.710000038146973,13.800000190734863,13.710000038146973,13.770000457763672,119900,6.509485244750977,0.0,0.0
ADX,2015-02-06,13.819999694824219,13.890000343322754,13.789999961853027,13.829999923706055,128300,6.537848949432373,0.0,0.0
ADX,2015-02-09,13.729999542236328,13.8100004196167,13.720000267028809,13.720000267028809,118700,6.485846519470215,0.0,0.0
ADX,2015-02-10,13.739999771118164,13.819999694824219,13.710000038146973,13.789999961853027,126800,6.538000583648682,0.04,0.0
ADX,2015-02-11,13.779999732971191,13.850000381469727,13.760000228881836,13.829999923706055,108200,6.5569658279418945,0.0,0.0
ADX,2015-02-12,13.829999923706055,13.989999771118164,13.829999923706055,13.970000267028809,157300,6.623341083526611,0.0,0.0
ADX,2015-02-13,14.0,14.079999923706055,13.960000038146973,14.079999923706055,147800,6.675492763519287,0.0,0.0
ADX,2015-02-17,14.0600004196167,14.079999923706055,14.029999732971191,14.079999923706055,146200,6.675492763519287,0.0,0.0
ADX,2015-02-18,14.0600004196167,14.079999923706055,13.989999771118164,14.020000457763672,131000,6.6470465660095215,0.0,0.0
ADX,2015-02-19,14.010000228881836,14.069999694824219,13.949999809265137,14.0600004196167,78400,6.66601037979126,0.0,0.0
ADX,2015-02-20,14.050000190734863,14.149999618530273,13.989999771118164,14.119999885559082,78000,6.694455623626709,0.0,0.0
ADX,2015-02-23,14.140000343322754,14.1899995803833,14.109999656677246,14.130000114440918,94600,6.699197292327881,0.0,0.0
ADX,2015-02-24,14.130000114440918,14.199999809265137,14.130000114440918,14.170000076293945,90500,6.718163967132568,0.0,0.0
ADX,2015-02-25,14.199999809265137,14.300000190734863,14.1899995803833,14.270000457763672,67600,6.765574932098389,0.0,0.0
ADX,2015-02-26,14.270000457763672,14.270000457763672,14.199999809265137,14.239999771118164,37700,6.751349925994873,0.0,0.0
ADX,2015-02-27,14.199999809265137,14.260000228881836,14.15999984741211,14.1899995803833,80000,6.727644920349121,0.0,0.0
ADX,2015-03-02,14.180000305175781,14.350000381469727,14.180000305175781,14.350000381469727,118900,6.803502082824707,0.0,0.0
ADX,2015-03-03,14.34000015258789,14.34000015258789,14.180000305175781,14.260000228881836,90900,6.7608323097229,0.0,0.0
ADX,2015-03-04,14.239999771118164,14.239999771118164,14.130000114440918,14.180000305175781,65800,6.722902297973633,0.0,0.0
ADX,2015-03-05,14.229999542236328,14.229999542236328,14.170000076293945,14.170000076293945,65200,6.718163967132568,0.0,0.0
ADX,2015-03-06,14.149999618530273,14.15999984741211,13.970000267028809,14.010000228881836,87900,6.642303466796875,0.0,0.0
ADX,2015-03-09,13.979999542236328,14.069999694824219,13.979999542236328,14.020000457763672,170100,6.6470465660095215,0.0,0.0
ADX,2015-03-10,13.920000076293945,13.9399995803833,13.84000015258789,13.84000015258789,82800,6.561704635620117,0.0,0.0
ADX,2015-03-11,13.819999694824219,13.869999885559082,13.75,13.75,136100,6.5190348625183105,0.0,0.0
ADX,2015-03-12,13.779999732971191,13.920000076293945,13.779999732971191,13.899999618530273,107000,6.590152263641357,0.0,0.0
ADX,2015-03-13,13.899999618530273,13.920000076293945,13.800000190734863,13.899999618530273,96300,6.590152263641357,0.0,0.0
ADX,2015-03-16,13.960000038146973,14.020000457763672,13.90999984741211,14.010000228881836,78600,6.642303466796875,0.0,0.0
ADX,2015-03-17,13.970000267028809,14.020000457763672,13.949999809265137,14.0,76100,6.637564659118652,0.0,0.0
ADX,2015-03-18,13.960000038146973,14.100000381469727,13.90999984741211,14.039999961853027,312900,6.656527519226074,0.0,0.0
ADX,2015-03-19,14.039999961853027,14.069999694824219,13.899999618530273,14.0,181800,6.637564659118652,0.0,0.0
ADX,2015-03-20,14.079999923706055,14.15999984741211,14.039999961853027,14.100000381469727,102500,6.6849751472473145,0.0,0.0
ADX,2015-03-23,14.140000343322754,14.199999809265137,14.100000381469727,14.140000343322754,185500,6.703939437866211,0.0,0.0
ADX,2015-03-24,14.119999885559082,14.140000343322754,14.039999961853027,14.039999961853027,110400,6.656527519226074,0.0,0.0
ADX,2015-03-25,14.0600004196167,14.0600004196167,13.850000381469727,13.869999885559082,107800,6.575929641723633,0.0,0.0
ADX,2015-03-26,13.84000015258789,13.90999984741211,13.800000190734863,13.880000114440918,97400,6.580671310424805,0.0,0.0
ADX,2015-03-27,13.859999656677246,13.920000076293945,13.850000381469727,13.880000114440918,65900,6.580671310424805,0.0,0.0
ADX,2015-03-30,13.979999542236328,14.029999732971191,13.90999984741211,14.029999732971191,155900,6.651787281036377,0.0,0.0
ADX,2015-03-31,13.890000343322754,14.0,13.890000343322754,13.960000038146973,169300,6.618598937988281,0.0,0.0
ADX,2015-04-01,13.930000305175781,13.930000305175781,13.800000190734863,13.84000015258789,152500,6.561704635620117,0.0,0.0
ADX,2015-04-02,13.869999885559082,13.920000076293945,13.84000015258789,13.920000076293945,110500,6.59963321685791,0.0,0.0
ADX,2015-04-06,13.8100004196167,14.010000228881836,13.8100004196167,13.970000267028809,115500,6.623341083526611,0.0,0.0
ADX,2015-04-07,13.989999771118164,14.029999732971191,13.949999809265137,13.949999809265137,103600,6.613858222961426,0.0,0.0
ADX,2015-04-08,13.949999809265137,14.0,13.9399995803833,13.960000038146973,88900,6.618598937988281,0.0,0.0
ADX,2015-04-09,13.9399995803833,14.039999961853027,13.9399995803833,14.039999961853027,97400,6.656527519226074,0.0,0.0
ADX,2015-04-10,14.050000190734863,14.100000381469727,14.020000457763672,14.09000015258789,117700,6.680235385894775,0.0,0.0
ADX,2015-04-13,14.09000015258789,14.119999885559082,14.010000228881836,14.029999732971191,66100,6.651787281036377,0.0,0.0
ADX,2015-04-14,13.979999542236328,14.0600004196167,13.979999542236328,14.020000457763672,107900,6.6470465660095215,0.0,0.0
ADX,2015-04-15,14.050000190734863,14.130000114440918,14.029999732971191,14.079999923706055,149600,6.675492763519287,0.0,0.0
ADX,2015-04-16,14.069999694824219,14.130000114440918,14.069999694824219,14.109999656677246,85400,6.689716339111328,0.0,0.0
ADX,2015-04-17,14.010000228881836,14.039999961853027,13.930000305175781,14.039999961853027,128000,6.656527519226074,0.0,0.0
ADX,2015-04-20,14.140000343322754,14.140000343322754,14.050000190734863,14.119999885559082,120700,6.694455623626709,0.0,0.0
ADX,2015-04-21,14.149999618530273,14.15999984741211,14.069999694824219,14.109999656677246,65500,6.689716339111328,0.0,0.0
ADX,2015-04-22,14.149999618530273,14.170000076293945,14.079999923706055,14.170000076293945,67600,6.718163967132568,0.0,0.0
ADX,2015-04-23,14.140000343322754,14.229999542236328,14.140000343322754,14.199999809265137,52900,6.732388019561768,0.0,0.0
ADX,2015-04-24,14.239999771118164,14.270000457763672,14.199999809265137,14.239999771118164,97900,6.751349925994873,0.0,0.0
ADX,2015-04-27,14.239999771118164,14.300000190734863,14.170000076293945,14.180000305175781,72900,6.722902297973633,0.0,0.0
ADX,2015-04-28,14.210000038146973,14.25,14.119999885559082,14.1899995803833,114500,6.727644920349121,0.0,0.0
ADX,2015-04-29,14.149999618530273,14.199999809265137,14.069999694824219,14.149999618530273,83900,6.708680629730225,0.0,0.0
ADX,2015-04-30,14.149999618530273,14.15999984741211,13.989999771118164,14.0,74600,6.637564659118652,0.0,0.0
ADX,2015-05-01,14.020000457763672,14.100000381469727,14.020000457763672,14.100000381469727,78700,6.6849751472473145,0.0,0.0
ADX,2015-05-04,14.149999618530273,14.210000038146973,14.130000114440918,14.180000305175781,117600,6.722902297973633,0.0,0.0
ADX,2015-05-05,14.1899995803833,14.1899995803833,14.050000190734863,14.079999923706055,99800,6.675492763519287,0.0,0.0
ADX,2015-05-06,14.130000114440918,14.140000343322754,14.0,14.029999732971191,107100,6.651787281036377,0.0,0.0
ADX,2015-05-07,14.050000190734863,14.109999656677246,14.010000228881836,14.050000190734863,69200,6.661271572113037,0.0,0.0
ADX,2015-05-08,14.1899995803833,14.279999732971191,14.1899995803833,14.279999732971191,76100,6.770315647125244,0.0,0.0
ADX,2015-05-11,14.25,14.279999732971191,14.1899995803833,14.1899995803833,92100,6.751284122467041,0.05,0.0
ADX,2015-05-12,14.149999618530273,14.1899995803833,14.069999694824219,14.1899995803833,64700,6.751284122467041,0.0,0.0
ADX,2015-05-13,14.229999542236328,14.270000457763672,14.149999618530273,14.180000305175781,55300,6.746524810791016,0.0,0.0
ADX,2015-05-14,14.25,14.34000015258789,14.210000038146973,14.270000457763672,187500,6.789346694946289,0.0,0.0
ADX,2015-05-15,14.279999732971191,14.3100004196167,14.25,14.3100004196167,52900,6.808376789093018,0.0,0.0
ADX,2015-05-18,14.260000228881836,14.350000381469727,14.25,14.34000015258789,71200,6.82265043258667,0.0,0.0
ADX,2015-05-19,14.34000015258789,14.359999656677246,14.279999732971191,14.279999732971191,80600,6.794104099273682,0.0,0.0
ADX,2015-05-20,14.270000457763672,14.3100004196167,14.25,14.260000228881836,73400,6.784587860107422,0.0,0.0
ADX,2015-05-21,14.260000228881836,14.329999923706055,14.260000228881836,14.3100004196167,54500,6.808376789093018,0.0,0.0
ADX,2015-05-22,14.3100004196167,14.319999694824219,14.25,14.260000228881836,54900,6.784587860107422,0.0,0.0
ADX,2015-05-26,14.260000228881836,14.260000228881836,14.119999885559082,14.130000114440918,51700,6.7227373123168945,0.0,0.0
ADX,2015-05-27,14.170000076293945,14.300000190734863,14.130000114440918,14.289999961853027,116500,6.798861503601074,0.0,0.0
ADX,2015-05-28,14.239999771118164,14.279999732971191,14.229999542236328,14.239999771118164,47700,6.775073528289795,0.0,0.0
ADX,2015-05-29,14.25,14.270000457763672,14.15999984741211,14.1899995803833,75100,6.751284122467041,0.0,0.0
ADX,2015-06-01,14.25,14.279999732971191,14.180000305175781,14.270000457763672,114100,6.789346694946289,0.0,0.0
ADX,2015-06-02,14.199999809265137,14.300000190734863,14.170000076293945,14.25,72100,6.779829502105713,0.0,0.0
ADX,2015-06-03,14.260000228881836,14.3100004196167,14.260000228881836,14.300000190734863,67500,6.803618431091309,0.0,0.0
ADX,2015-06-04,14.260000228881836,14.260000228881836,14.149999618530273,14.149999618530273,57600,6.732252597808838,0.0,0.0
ADX,2015-06-05,14.119999885559082,14.1899995803833,14.119999885559082,14.140000343322754,49500,6.72749662399292,0.0,0.0
ADX,2015-06-08,14.100000381469727,14.149999618530273,14.020000457763672,14.020000457763672,77400,6.6704020500183105,0.0,0.0
ADX,2015-06-09,14.039999961853027,14.050000190734863,14.0,14.0,79800,6.660887241363525,0.0,0.0
ADX,2015-06-10,14.0600004196167,14.199999809265137,14.020000457763672,14.119999885559082,193000,6.717977523803711,0.0,0.0
ADX,2015-06-11,14.170000076293945,14.229999542236328,14.149999618530273,14.15999984741211,103100,6.7370100021362305,0.0,0.0
ADX,2015-06-12,14.15999984741211,14.170000076293945,14.0,14.0600004196167,113700,6.689434051513672,0.0,0.0
ADX,2015-06-15,14.0,14.039999961853027,13.890000343322754,13.989999771118164,105300,6.6561279296875,0.0,0.0
ADX,2015-06-16,13.989999771118164,14.069999694824219,13.989999771118164,14.0600004196167,66300,6.689434051513672,0.0,0.0
ADX,2015-06-17,14.09000015258789,14.15999984741211,14.010000228881836,14.09000015258789,72200,6.703707695007324,0.0,0.0
ADX,2015-06-18,14.140000343322754,14.270000457763672,14.140000343322754,14.270000457763672,91500,6.789346694946289,0.0,0.0
ADX,2015-06-19,14.25,14.25,14.149999618530273,14.149999618530273,44500,6.732252597808838,0.0,0.0
ADX,2015-06-22,14.229999542236328,14.300000190734863,14.210000038146973,14.25,65700,6.779829502105713,0.0,0.0
ADX,2015-06-23,14.229999542236328,14.300000190734863,14.210000038146973,14.260000228881836,108800,6.784587860107422,0.0,0.0
ADX,2015-06-24,14.220000267028809,14.279999732971191,14.140000343322754,14.1899995803833,120700,6.751284122467041,0.0,0.0
ADX,2015-06-25,14.1899995803833,14.25,14.109999656677246,14.109999656677246,89100,6.713222980499268,0.0,0.0
ADX,2015-06-26,14.100000381469727,14.130000114440918,14.039999961853027,14.0600004196167,73700,6.689434051513672,0.0,0.0
ADX,2015-06-29,14.0,14.0,13.859999656677246,13.899999618530273,200100,6.613308429718018,0.0,0.0
ADX,2015-06-30,13.970000267028809,14.010000228881836,13.930000305175781,13.970000267028809,121300,6.646612644195557,0.0,0.0
ADX,2015-07-01,14.069999694824219,14.109999656677246,14.039999961853027,14.050000190734863,76400,6.684675693511963,0.0,0.0
ADX,2015-07-02,14.140000343322754,14.15999984741211,14.050000190734863,14.069999694824219,190800,6.69419002532959,0.0,0.0
ADX,2015-07-06,14.0,14.079999923706055,13.960000038146973,14.010000228881836,127500,6.665641784667969,0.0,0.0
ADX,2015-07-07,14.039999961853027,14.34000015258789,13.829999923706055,14.100000381469727,174500,6.708464622497559,0.0,0.0
ADX,2015-07-08,13.949999809265137,13.960000038146973,13.84000015258789,13.90999984741211,148200,6.618067741394043,0.0,0.0
ADX,2015-07-09,14.020000457763672,14.020000457763672,13.850000381469727,13.859999656677246,202900,6.594278812408447,0.0,0.0
ADX,2015-07-10,13.989999771118164,14.029999732971191,13.979999542236328,14.0,97400,6.660887241363525,0.0,0.0
ADX,2015-07-13,14.079999923706055,14.149999618530273,14.079999923706055,14.119999885559082,92300,6.717977523803711,0.0,0.0
ADX,2015-07-14,14.079999923706055,14.170000076293945,14.079999923706055,14.170000076293945,134100,6.741770267486572,0.0,0.0
ADX,2015-07-15,14.180000305175781,14.260000228881836,14.149999618530273,14.170000076293945,116700,6.741770267486572,0.0,0.0
ADX,2015-07-16,14.239999771118164,14.289999961853027,14.210000038146973,14.220000267028809,95000,6.765557765960693,0.0,0.0
ADX,2015-07-17,14.220000267028809,14.25,14.1899995803833,14.239999771118164,82500,6.775073528289795,0.0,0.0
ADX,2015-07-20,14.270000457763672,14.34000015258789,14.260000228881836,14.279999732971191,122000,6.794104099273682,0.0,0.0
ADX,2015-07-21,14.300000190734863,14.3100004196167,14.199999809265137,14.260000228881836,61700,6.784587860107422,0.0,0.0
ADX,2015-07-22,14.199999809265137,14.239999771118164,14.170000076293945,14.199999809265137,37900,6.756043434143066,0.0,0.0
ADX,2015-07-23,14.180000305175781,14.260000228881836,14.100000381469727,14.130000114440918,66500,6.7227373123168945,0.0,0.0
ADX,2015-07-24,14.140000343322754,14.149999618530273,13.960000038146973,14.100000381469727,62200,6.708464622497559,0.0,0.0
ADX,2015-07-27,13.970000267028809,14.050000190734863,13.960000038146973,14.050000190734863,129700,6.684675693511963,0.0,0.0
ADX,2015-07-28,14.0600004196167,14.1899995803833,13.989999771118164,14.1899995803833,134400,6.751284122467041,0.0,0.0
ADX,2015-07-29,14.140000343322754,14.1899995803833,14.130000114440918,14.1899995803833,101600,6.751284122467041,0.0,0.0
ADX,2015-07-30,14.119999885559082,14.149999618530273,14.050000190734863,14.149999618530273,125000,6.732252597808838,0.0,0.0
ADX,2015-07-31,14.149999618530273,14.350000381469727,14.100000381469727,14.350000381469727,119800,6.827407360076904,0.0,0.0
ADX,2015-08-03,14.25,14.25,14.029999732971191,14.15999984741211,84900,6.7370100021362305,0.0,0.0
ADX,2015-08-04,14.130000114440918,14.15999984741211,14.079999923706055,14.149999618530273,52100,6.732252597808838,0.0,0.0
ADX,2015-08-05,14.170000076293945,14.170000076293945,14.069999694824219,14.140000343322754,73900,6.72749662399292,0.0,0.0
ADX,2015-08-06,14.100000381469727,14.100000381469727,13.9399995803833,14.029999732971191,54000,6.675159454345703,0.0,0.0
ADX,2015-08-07,13.979999542236328,13.989999771118164,13.869999885559082,13.930000305175781,72400,6.627580642700195,0.0,0.0
ADX,2015-08-10,13.949999809265137,14.039999961853027,13.949999809265137,14.010000228881836,51100,6.6896538734436035,0.05,0.0
ADX,2015-08-11,13.949999809265137,13.949999809265137,13.850000381469727,13.880000114440918,122200,6.62758207321167,0.0,0.0
ADX,2015-08-12,13.789999961853027,13.890000343322754,13.680000305175781,13.890000343322754,537700,6.6323561668396,0.0,0.0
ADX,2015-08-13,13.869999885559082,13.930000305175781,13.779999732971191,13.920000076293945,113900,6.646681785583496,0.0,0.0
ADX,2015-08-14,13.890000343322754,13.930000305175781,13.869999885559082,13.90999984741211,87300,6.641909122467041,0.0,0.0
ADX,2015-08-17,13.84000015258789,13.9399995803833,13.819999694824219,13.920000076293945,153200,6.646681785583496,0.0,0.0
ADX,2015-08-18,13.899999618530273,13.949999809265137,13.890000343322754,13.920000076293945,79200,6.646681785583496,0.0,0.0
ADX,2015-08-19,13.920000076293945,13.949999809265137,13.800000190734863,13.9399995803833,155400,6.656230926513672,0.0,0.0
ADX,2015-08-20,13.850000381469727,13.869999885559082,13.779999732971191,13.789999961853027,248200,6.5846076011657715,0.0,0.0
ADX,2015-08-21,13.699999809265137,13.720000267028809,13.399999618530273,13.399999618530273,292400,6.3983869552612305,0.0,0.0
ADX,2015-08-24,12.619999885559082,12.949999809265137,12.329999923706055,12.670000076293945,544300,6.0498175621032715,0.0,0.0
ADX,2015-08-25,12.989999771118164,12.989999771118164,12.59000015258789,12.59000015258789,184600,6.0116190910339355,0.0,0.0
ADX,2015-08-26,12.90999984741211,12.930000305175781,12.5,12.920000076293945,271600,6.169189453125,0.0,0.0
ADX,2015-08-27,13.050000190734863,13.300000190734863,13.039999961853027,13.260000228881836,171700,6.331537246704102,0.0,0.0
ADX,2015-08-28,13.220000267028809,13.319999694824219,13.1899995803833,13.279999732971191,80000,6.341086387634277,0.0,0.0
ADX,2015-08-31,13.210000038146973,13.279999732971191,13.149999618530273,13.149999618530273,99600,6.279012680053711,0.0,0.0
ADX,2015-09-01,12.920000076293945,13.069999694824219,12.899999618530273,12.90999984741211,223900,6.1644158363342285,0.0,0.0
ADX,2015-09-02,13.079999923706055,13.079999923706055,12.90999984741211,13.039999961853027,115300,6.226489543914795,0.0,0.0
ADX,2015-09-03,13.09000015258789,13.15999984741211,13.039999961853027,13.039999961853027,58600,6.226489543914795,0.0,0.0
ADX,2015-09-04,12.899999618530273,12.920000076293945,12.779999732971191,12.869999885559082,137700,6.145318031311035,0.0,0.0
ADX,2015-09-08,13.020000457763672,13.119999885559082,13.0,13.100000381469727,98200,6.255138874053955,0.0,0.0
ADX,2015-09-09,13.220000267028809,13.220000267028809,13.010000228881836,13.020000457763672,76600,6.216939926147461,0.0,0.0
ADX,2015-09-10,12.979999542236328,13.119999885559082,12.930000305175781,13.0600004196167,182100,6.236039161682129,0.0,0.0
ADX,2015-09-11,12.970000267028809,13.079999923706055,12.949999809265137,13.069999694824219,148100,6.240812301635742,0.0,0.0
ADX,2015-09-14,13.0600004196167,13.09000015258789,12.970000267028809,13.0,100300,6.207388877868652,0.0,0.0
ADX,2015-09-15,13.010000228881836,13.170000076293945,13.0,13.130000114440918,137100,6.269463539123535,0.0,0.0
ADX,2015-09-16,13.130000114440918,13.25,13.130000114440918,13.25,61800,6.326761722564697,0.0,0.0
ADX,2015-09-17,13.199999809265137,13.40999984741211,13.199999809265137,13.260000228881836,89200,6.331537246704102,0.0,0.0
ADX,2015-09-18,13.0600004196167,13.170000076293945,13.0,13.050000190734863,135200,6.23126220703125,0.0,0.0
ADX,2015-09-21,13.119999885559082,13.180000305175781,13.0600004196167,13.180000305175781,104100,6.293338298797607,0.0,0.0
ADX,2015-09-22,12.989999771118164,13.010000228881836,12.899999618530273,13.010000228881836,138600,6.212165355682373,0.0,0.0
ADX,2015-09-23,12.989999771118164,13.020000457763672,12.890000343322754,12.989999771118164,99800,6.202614784240723,0.0,0.0
ADX,2015-09-24,12.9399995803833,13.0,12.699999809265137,13.0,255200,6.207388877868652,0.0,0.0
ADX,2015-09-25,13.0600004196167,13.0600004196167,12.850000381469727,12.920000076293945,146900,6.169189453125,0.0,0.0
ADX,2015-09-28,12.84000015258789,12.949999809265137,12.5600004196167,12.949999809265137,308500,6.183516025543213,0.0,0.0
ADX,2015-09-29,12.729999542236328,12.729999542236328,12.420000076293945,12.510000228881836,187700,5.973418712615967,0.0,0.0
ADX,2015-09-30,12.649999618530273,13.010000228881836,12.539999961853027,12.75,188800,6.088016986846924,0.0,0.0
ADX,2015-10-01,12.75,12.75,12.609999656677246,12.649999618530273,120700,6.0402655601501465,0.0,0.0
ADX,2015-10-02,12.539999961853027,12.789999961853027,12.520000457763672,12.770000457763672,161300,6.097565650939941,0.0,0.0
ADX,2015-10-05,12.899999618530273,13.050000190734863,12.899999618530273,12.960000038146973,169800,6.188289642333984,0.0,0.0
ADX,2015-10-06,12.979999542236328,13.050000190734863,12.930000305175781,12.960000038146973,144100,6.188289642333984,0.0,0.0
ADX,2015-10-07,13.0600004196167,13.119999885559082,12.960000038146973,13.0600004196167,117700,6.236039161682129,0.0,0.0
ADX,2015-10-08,13.050000190734863,13.220000267028809,13.029999732971191,13.119999885559082,164400,6.264686584472656,0.0,0.0
ADX,2015-10-09,13.149999618530273,13.289999961853027,13.140000343322754,13.140000343322754,93400,6.2742390632629395,0.0,0.0
ADX,2015-10-12,13.15999984741211,13.279999732971191,13.15999984741211,13.180000305175781,156700,6.293338298797607,0.0,0.0
ADX,2015-10-13,13.170000076293945,13.260000228881836,13.119999885559082,13.119999885559082,103200,6.264686584472656,0.0,0.0
ADX,2015-10-14,13.119999885559082,13.1899995803833,13.020000457763672,13.020000457763672,84400,6.216939926147461,0.0,0.0
ADX,2015-10-15,13.130000114440918,13.270000457763672,13.09000015258789,13.260000228881836,80300,6.331537246704102,0.0,0.0
ADX,2015-10-16,13.300000190734863,13.380000114440918,13.260000228881836,13.369999885559082,101200,6.384060859680176,0.0,0.0
ADX,2015-10-19,13.300000190734863,13.420000076293945,13.300000190734863,13.390000343322754,121200,6.393612384796143,0.0,0.0
ADX,2015-10-20,13.34000015258789,13.460000038146973,13.3100004196167,13.369999885559082,53900,6.384060859680176,0.0,0.0
ADX,2015-10-21,13.430000305175781,13.449999809265137,13.319999694824219,13.319999694824219,72000,6.360185623168945,0.0,0.0
ADX,2015-10-22,13.420000076293945,13.550000190734863,13.380000114440918,13.5,147600,6.446136951446533,0.0,0.0
ADX,2015-10-23,13.630000114440918,13.779999732971191,13.619999885559082,13.619999885559082,128400,6.503432273864746,0.0,0.0
ADX,2015-10-26,13.65999984741211,13.680000305175781,13.579999923706055,13.649999618530273,121800,6.517758846282959,0.0,0.0
ADX,2015-10-27,13.649999618530273,13.65999984741211,13.539999961853027,13.569999694824219,130400,6.479559898376465,0.0,0.0
ADX,2015-10-28,13.609999656677246,13.729999542236328,13.539999961853027,13.720000267028809,195900,6.551182746887207,0.0,0.0
ADX,2015-10-29,13.65999984741211,13.739999771118164,13.649999618530273,13.729999542236328,120200,6.555959224700928,0.0,0.0
ADX,2015-10-30,13.720000267028809,13.8100004196167,13.699999809265137,13.710000038146973,111900,6.5464091300964355,0.0,0.0
ADX,2015-11-02,13.729999542236328,13.859999656677246,13.710000038146973,13.84000015258789,237600,6.608480453491211,0.0,0.0
ADX,2015-11-03,13.84000015258789,13.880000114440918,13.779999732971191,13.84000015258789,363700,6.608480453491211,0.0,0.0
ADX,2015-11-04,13.84000015258789,13.880000114440918,13.75,13.760000228881836,311400,6.570285797119141,0.0,0.0
ADX,2015-11-05,13.789999961853027,13.800000190734863,13.680000305175781,13.739999771118164,256400,6.560731887817383,0.0,0.0
ADX,2015-11-06,13.699999809265137,13.75,13.600000381469727,13.649999618530273,298500,6.517758846282959,0.0,0.0
ADX,2015-11-09,13.609999656677246,13.649999618530273,13.5,13.600000381469727,169900,6.493885040283203,0.0,0.0
ADX,2015-11-10,13.529999732971191,13.720000267028809,13.529999732971191,13.670000076293945,185400,6.527309894561768,0.0,0.0
ADX,2015-11-11,13.649999618530273,13.699999809265137,13.600000381469727,13.640000343322754,142400,6.512985706329346,0.0,0.0
ADX,2015-11-12,13.579999923706055,13.579999923706055,13.460000038146973,13.460000038146973,81700,6.427034854888916,0.0,0.0
ADX,2015-11-13,13.4399995803833,13.449999809265137,13.3100004196167,13.319999694824219,113800,6.360185623168945,0.0,0.0
ADX,2015-11-16,13.289999961853027,13.510000228881836,13.279999732971191,13.479999542236328,91500,6.436583042144775,0.0,0.0
ADX,2015-11-17,13.5,13.59000015258789,13.460000038146973,13.510000228881836,93600,6.450908660888672,0.0,0.0
ADX,2015-11-18,13.5600004196167,13.6899995803833,13.550000190734863,13.6899995803833,105300,6.536859512329102,0.0,0.0
ADX,2015-11-19,13.670000076293945,13.729999542236328,13.670000076293945,13.710000038146973,82100,6.5464091300964355,0.0,0.0
ADX,2015-11-20,13.760000228881836,13.779999732971191,13.699999809265137,13.699999809265137,135900,6.541632652282715,0.0,0.0
ADX,2015-11-23,13.020000457763672,13.039999961853027,12.930000305175781,12.960000038146973,186300,6.192811012268066,0.01,0.0
ADX,2015-11-24,12.899999618530273,13.0,12.890000343322754,12.970000267028809,95300,6.197588920593262,0.0,0.0
ADX,2015-11-25,12.989999771118164,13.010000228881836,12.960000038146973,13.010000228881836,41400,6.216702461242676,0.0,0.0
ADX,2015-11-27,13.0,13.039999961853027,12.970000267028809,13.0,23100,6.211923122406006,0.0,0.0
ADX,2015-11-30,13.0600004196167,13.0600004196167,12.90999984741211,12.970000267028809,125500,6.197588920593262,0.0,0.0
ADX,2015-12-01,13.050000190734863,13.0600004196167,12.979999542236328,13.050000190734863,100500,6.235813617706299,0.0,0.0
ADX,2015-12-02,13.09000015258789,13.119999885559082,12.9399995803833,12.9399995803833,70300,6.183252811431885,0.0,0.0
ADX,2015-12-03,13.0,13.0,12.739999771118164,12.800000190734863,170500,6.11635684967041,0.0,0.0
ADX,2015-12-04,12.84000015258789,13.0600004196167,12.829999923706055,13.010000228881836,109800,6.216702461242676,0.0,0.0
ADX,2015-12-07,12.979999542236328,13.0,12.869999885559082,12.930000305175781,104900,6.178474426269531,0.0,0.0
ADX,2015-12-08,12.84000015258789,12.899999618530273,12.789999961853027,12.84000015258789,100100,6.135469436645508,0.0,0.0
ADX,2015-12-09,12.770000457763672,12.9399995803833,12.680000305175781,12.699999809265137,119700,6.068570613861084,0.0,0.0
ADX,2015-12-10,12.699999809265137,12.84000015258789,12.699999809265137,12.729999542236328,220500,6.0829057693481445,0.0,0.0
ADX,2015-12-11,12.649999618530273,12.649999618530273,12.510000228881836,12.5600004196167,196700,6.001675605773926,0.0,0.0
ADX,2015-12-14,12.529999732971191,12.550000190734863,12.390000343322754,12.479999542236328,164600,5.96344518661499,0.0,0.0
ADX,2015-12-15,12.539999961853027,12.6899995803833,12.539999961853027,12.630000114440918,132600,6.035122871398926,0.0,0.0
ADX,2015-12-16,12.699999809265137,12.880000114440918,12.670000076293945,12.859999656677246,171600,6.145027160644531,0.0,0.0
ADX,2015-12-17,12.920000076293945,12.960000038146973,12.739999771118164,12.739999771118164,136400,6.08768367767334,0.0,0.0
ADX,2015-12-18,12.739999771118164,12.739999771118164,12.609999656677246,12.619999885559082,144100,6.030344009399414,0.0,0.0
ADX,2015-12-21,12.640000343322754,12.680000305175781,12.569999694824219,12.619999885559082,117300,6.030344009399414,0.0,0.0
ADX,2015-12-22,12.65999984741211,12.75,12.619999885559082,12.699999809265137,111900,6.068570613861084,0.0,0.0
ADX,2015-12-23,12.770000457763672,12.90999984741211,12.770000457763672,12.880000114440918,108200,6.154581546783447,0.0,0.0
ADX,2015-12-24,12.869999885559082,12.890000343322754,12.850000381469727,12.890000343322754,59800,6.159361362457275,0.0,0.0
ADX,2015-12-28,12.880000114440918,12.880000114440918,12.789999961853027,12.819999694824219,212600,6.125914573669434,0.0,0.0
ADX,2015-12-29,12.859999656677246,13.039999961853027,12.859999656677246,12.9399995803833,177200,6.183252811431885,0.0,0.0
ADX,2015-12-30,12.899999618530273,12.989999771118164,12.899999618530273,12.9399995803833,147100,6.183252811431885,0.0,0.0
ADX,2015-12-31,12.890000343322754,12.9399995803833,12.779999732971191,12.829999923706055,108700,6.130691051483154,0.0,0.0
ADX,2016-01-04,12.640000343322754,12.6899995803833,12.449999809265137,12.6899995803833,184200,6.063794136047363,0.0,0.0
ADX,2016-01-05,12.6899995803833,12.850000381469727,12.609999656677246,12.710000038146973,167300,6.073348522186279,0.0,0.0
ADX,2016-01-06,12.5,12.569999694824219,12.390000343322754,12.550000190734863,156200,5.996897220611572,0.0,0.0
ADX,2016-01-07,12.350000381469727,12.380000114440918,12.180000305175781,12.210000038146973,227900,5.834429740905762,0.0,0.0
ADX,2016-01-08,12.239999771118164,12.279999732971191,12.020000457763672,12.0600004196167,151600,5.762753963470459,0.0,0.0
ADX,2016-01-11,12.079999923706055,12.119999885559082,11.850000381469727,12.0600004196167,240100,5.762753963470459,0.0,0.0
ADX,2016-01-12,12.119999885559082,12.1899995803833,11.930000305175781,12.180000305175781,186500,5.820094108581543,0.0,0.0
ADX,2016-01-13,12.25,12.25,11.819999694824219,11.890000343322754,335100,5.681521415710449,0.0,0.0
ADX,2016-01-14,11.920000076293945,12.020000457763672,11.739999771118164,12.0,226700,5.734084129333496,0.0,0.0
ADX,2016-01-15,11.649999618530273,11.6899995803833,11.510000228881836,11.6899995803833,331700,5.5859527587890625,0.0,0.0
ADX,2016-01-19,11.75,11.75,11.479999542236328,11.569999694824219,279600,5.52861213684082,0.0,0.0
ADX,2016-01-20,11.350000381469727,11.399999618530273,11.0,11.3100004196167,506600,5.4043731689453125,0.0,0.0
ADX,2016-01-21,11.279999732971191,11.520000457763672,11.220000267028809,11.430000305175781,317600,5.4617133140563965,0.0,0.0
ADX,2016-01-22,11.65999984741211,11.770000457763672,11.550000190734863,11.770000457763672,314900,5.624180316925049,0.0,0.0
ADX,2016-01-25,11.670000076293945,11.720000267028809,11.5600004196167,11.5600004196167,118200,5.523835182189941,0.0,0.0
ADX,2016-01-26,11.619999885559082,11.729999542236328,11.59000015258789,11.720000267028809,124800,5.600287914276123,0.0,0.0
ADX,2016-01-27,11.6899995803833,11.789999961853027,11.59000015258789,11.600000381469727,84200,5.542946815490723,0.0,0.0
ADX,2016-01-28,11.710000038146973,11.720000267028809,11.600000381469727,11.720000267028809,97400,5.600287914276123,0.0,0.0
ADX,2016-01-29,11.760000228881836,11.9399995803833,11.75,11.930000305175781,89600,5.7006354331970215,0.0,0.0
ADX,2016-02-01,11.859999656677246,12.010000228881836,11.850000381469727,11.9399995803833,154700,5.705410957336426,0.0,0.0
ADX,2016-02-02,11.84000015258789,11.84000015258789,11.699999809265137,11.75,247100,5.6146240234375,0.0,0.0
ADX,2016-02-03,11.789999961853027,11.859999656677246,11.600000381469727,11.789999961853027,263000,5.633737087249756,0.0,0.0
ADX,2016-02-04,11.720000267028809,11.930000305175781,11.720000267028809,11.800000190734863,303400,5.638515949249268,0.0,0.0
ADX,2016-02-05,11.729999542236328,11.789999961853027,11.529999732971191,11.569999694824219,170100,5.52861213684082,0.0,0.0
ADX,2016-02-08,11.4399995803833,11.4399995803833,11.220000267028809,11.359999656677246,199500,5.428267002105713,0.0,0.0
ADX,2016-02-09,11.210000038146973,11.359999656677246,11.170000076293945,11.239999771118164,378200,5.3709259033203125,0.0,0.0
ADX,2016-02-10,11.3100004196167,11.369999885559082,11.210000038146973,11.210000038146973,282900,5.380522727966309,0.05,0.0
ADX,2016-02-11,11.029999732971191,11.149999618530273,10.960000038146973,11.0600004196167,386000,5.308526992797852,0.0,0.0
ADX,2016-02-12,11.140000343322754,11.319999694824219,11.140000343322754,11.300000190734863,249400,5.423722743988037,0.0,0.0
ADX,2016-02-16,11.420000076293945,11.579999923706055,11.390000343322754,11.5600004196167,376100,5.548517227172852,0.0,0.0
ADX,2016-02-17,11.600000381469727,11.8100004196167,11.600000381469727,11.789999961853027,216100,5.658909797668457,0.0,0.0
ADX,2016-02-18,11.829999923706055,11.850000381469727,11.770000457763672,11.8100004196167,321100,5.668509483337402,0.0,0.0
ADX,2016-02-19,11.720000267028809,11.779999732971191,11.6899995803833,11.779999732971191,82800,5.654109477996826,0.0,0.0
ADX,2016-02-22,11.859999656677246,11.90999984741211,11.8100004196167,11.829999923706055,318100,5.678110599517822,0.0,0.0
ADX,2016-02-23,11.800000190734863,11.869999885559082,11.670000076293945,11.729999542236328,211300,5.630110740661621,0.0,0.0
ADX,2016-02-24,11.600000381469727,11.789999961853027,11.489999771118164,11.789999961853027,289700,5.658909797668457,0.0,0.0
ADX,2016-02-25,11.800000190734863,11.949999809265137,11.770000457763672,11.949999809265137,109900,5.735706329345703,0.0,0.0
ADX,2016-02-26,11.979999542236328,12.010000228881836,11.890000343322754,11.949999809265137,105000,5.735706329345703,0.0,0.0
ADX,2016-02-29,11.899999618530273,12.0,11.850000381469727,11.880000114440918,137900,5.702108383178711,0.0,0.0
ADX,2016-03-01,11.949999809265137,12.109999656677246,11.899999618530273,12.069999694824219,146200,5.793303966522217,0.0,0.0
ADX,2016-03-02,12.100000381469727,12.15999984741211,12.069999694824219,12.15999984741211,116900,5.836500644683838,0.0,0.0
ADX,2016-03-03,12.109999656677246,12.180000305175781,12.100000381469727,12.180000305175781,265900,5.846101760864258,0.0,0.0
ADX,2016-03-04,12.15999984741211,12.270000457763672,12.15999984741211,12.229999542236328,101600,5.870100498199463,0.0,0.0
ADX,2016-03-07,12.15999984741211,12.270000457763672,12.15999984741211,12.25,145200,5.879697322845459,0.0,0.0
ADX,2016-03-08,12.1899995803833,12.220000267028809,12.109999656677246,12.119999885559082,132600,5.81730318069458,0.0,0.0
ADX,2016-03-09,12.149999618530273,12.239999771118164,12.149999618530273,12.239999771118164,95100,5.8748979568481445,0.0,0.0
ADX,2016-03-10,12.270000457763672,12.3100004196167,12.149999618530273,12.220000267028809,140900,5.865299701690674,0.0,0.0
ADX,2016-03-11,12.279999732971191,12.4399995803833,12.279999732971191,12.399999618530273,92900,5.951695919036865,0.0,0.0
ADX,2016-03-14,12.380000114440918,12.4399995803833,12.380000114440918,12.420000076293945,83500,5.961294174194336,0.0,0.0
ADX,2016-03-15,12.34000015258789,12.4399995803833,12.329999923706055,12.420000076293945,199000,5.961294174194336,0.0,0.0
ADX,2016-03-16,12.390000343322754,12.510000228881836,12.390000343322754,12.460000038146973,110600,5.98049259185791,0.0,0.0
ADX,2016-03-17,12.4399995803833,12.550000190734863,12.4399995803833,12.5,104700,5.999692916870117,0.0,0.0
ADX,2016-03-18,12.550000190734863,12.600000381469727,12.510000228881836,12.510000228881836,97000,6.004493713378906,0.0,0.0
ADX,2016-03-21,12.520000457763672,12.59000015258789,12.520000457763672,12.550000190734863,49400,6.023691177368164,0.0,0.0
ADX,2016-03-22,12.5,12.59000015258789,12.5,12.569999694824219,93000,6.033291339874268,0.0,0.0
ADX,2016-03-23,12.529999732971191,12.5600004196167,12.489999771118164,12.520000457763672,83200,6.0092926025390625,0.0,0.0
ADX,2016-03-24,12.479999542236328,12.5,12.449999809265137,12.470000267028809,79000,5.985292911529541,0.0,0.0
ADX,2016-03-28,12.489999771118164,12.539999961853027,12.489999771118164,12.5,121900,5.999692916870117,0.0,0.0
ADX,2016-03-29,12.460000038146973,12.579999923706055,12.420000076293945,12.569999694824219,48100,6.033291339874268,0.0,0.0
ADX,2016-03-30,12.619999885559082,12.75,12.619999885559082,12.649999618530273,106800,6.071689128875732,0.0,0.0
ADX,2016-03-31,12.649999618530273,12.739999771118164,12.619999885559082,12.649999618530273,86400,6.071689128875732,0.0,0.0
ADX,2016-04-01,12.569999694824219,12.699999809265137,12.550000190734863,12.699999809265137,142100,6.0956878662109375,0.0,0.0
ADX,2016-04-04,12.6899995803833,12.6899995803833,12.619999885559082,12.649999618530273,201700,6.071689128875732,0.0,0.0
ADX,2016-04-05,12.550000190734863,12.5600004196167,12.430000305175781,12.489999771118164,470400,5.994892597198486,0.0,0.0
ADX,2016-04-06,12.470000267028809,12.65999984741211,12.470000267028809,12.65999984741211,102100,6.0764899253845215,0.0,0.0
ADX,2016-04-07,12.550000190734863,12.609999656677246,12.489999771118164,12.5600004196167,170100,6.0284929275512695,0.0,0.0
ADX,2016-04-08,12.579999923706055,12.65999984741211,12.539999961853027,12.609999656677246,131800,6.052491188049316,0.0,0.0
ADX,2016-04-11,12.619999885559082,12.65999984741211,12.579999923706055,12.609999656677246,76400,6.052491188049316,0.0,0.0
ADX,2016-04-12,12.579999923706055,12.699999809265137,12.569999694824219,12.699999809265137,84700,6.0956878662109375,0.0,0.0
ADX,2016-04-13,12.720000267028809,12.819999694824219,12.720000267028809,12.789999961853027,141500,6.138885498046875,0.0,0.0
ADX,2016-04-14,12.8100004196167,12.819999694824219,12.760000228881836,12.819999694824219,99800,6.153282642364502,0.0,0.0
ADX,2016-04-15,12.779999732971191,12.800000190734863,12.760000228881836,12.789999961853027,67800,6.138885498046875,0.0,0.0
ADX,2016-04-18,12.760000228881836,12.859999656677246,12.75,12.850000381469727,224900,6.167684078216553,0.0,0.0
ADX,2016-04-19,12.880000114440918,12.9399995803833,12.850000381469727,12.880000114440918,168700,6.1820831298828125,0.0,0.0
ADX,2016-04-20,12.869999885559082,12.930000305175781,12.869999885559082,12.880000114440918,146200,6.1820831298828125,0.0,0.0
ADX,2016-04-21,12.869999885559082,12.90999984741211,12.819999694824219,12.850000381469727,237300,6.167684078216553,0.0,0.0
ADX,2016-04-22,12.8100004196167,12.859999656677246,12.789999961853027,12.8100004196167,152300,6.14848518371582,0.0,0.0
ADX,2016-04-25,12.779999732971191,12.800000190734863,12.720000267028809,12.760000228881836,145900,6.124486923217773,0.0,0.0
ADX,2016-04-26,12.789999961853027,12.859999656677246,12.779999732971191,12.859999656677246,122900,6.172483921051025,0.0,0.0
ADX,2016-04-27,12.829999923706055,12.90999984741211,12.779999732971191,12.869999885559082,185100,6.177284240722656,0.0,0.0
ADX,2016-04-28,12.8100004196167,12.880000114440918,12.729999542236328,12.729999542236328,224000,6.110086441040039,0.0,0.0
ADX,2016-04-29,12.739999771118164,12.739999771118164,12.600000381469727,12.649999618530273,113200,6.071689128875732,0.0,0.0
ADX,2016-05-02,12.729999542236328,12.760000228881836,12.680000305175781,12.720000267028809,105700,6.105288028717041,0.0,0.0
ADX,2016-05-03,12.630000114440918,12.670000076293945,12.579999923706055,12.630000114440918,170200,6.062089443206787,0.0,0.0
ADX,2016-05-04,12.59000015258789,12.619999885559082,12.529999732971191,12.539999961853027,159000,6.01889181137085,0.0,0.0
ADX,2016-05-05,12.640000343322754,12.640000343322754,12.529999732971191,12.539999961853027,199100,6.01889181137085,0.0,0.0
ADX,2016-05-06,12.489999771118164,12.600000381469727,12.489999771118164,12.5600004196167,156600,6.0284929275512695,0.0,0.0
ADX,2016-05-09,12.579999923706055,12.640000343322754,12.5600004196167,12.619999885559082,190200,6.057290077209473,0.0,0.0
ADX,2016-05-10,12.649999618530273,12.760000228881836,12.649999618530273,12.75,121600,6.119687557220459,0.0,0.0
ADX,2016-05-11,12.710000038146973,12.729999542236328,12.609999656677246,12.609999656677246,92200,6.076318740844727,0.05,0.0
ADX,2016-05-12,12.680000305175781,12.710000038146973,12.529999732971191,12.59000015258789,178200,6.066681385040283,0.0,0.0
ADX,2016-05-13,12.550000190734863,12.619999885559082,12.489999771118164,12.489999771118164,97200,6.018494606018066,0.0,0.0
ADX,2016-05-16,12.489999771118164,12.619999885559082,12.489999771118164,12.579999923706055,120600,6.061862468719482,0.0,0.0
ADX,2016-05-17,12.550000190734863,12.579999923706055,12.5,12.5,85800,6.023313999176025,0.0,0.0
ADX,2016-05-18,12.5,12.5600004196167,12.430000305175781,12.520000457763672,186300,6.032952308654785,0.0,0.0
ADX,2016-05-19,12.479999542236328,12.479999542236328,12.399999618530273,12.460000038146973,104600,6.004040718078613,0.0,0.0
ADX,2016-05-20,12.489999771118164,12.579999923706055,12.479999542236328,12.5,125900,6.023313999176025,0.0,0.0
ADX,2016-05-23,12.5,12.5600004196167,12.479999542236328,12.5,149700,6.023313999176025,0.0,0.0
ADX,2016-05-24,12.5600004196167,12.630000114440918,12.539999961853027,12.609999656677246,247700,6.076318740844727,0.0,0.0
ADX,2016-05-25,12.640000343322754,12.739999771118164,12.640000343322754,12.729999542236328,188000,6.13414192199707,0.0,0.0
ADX,2016-05-26,12.760000228881836,12.779999732971191,12.6899995803833,12.699999809265137,166100,6.119687557220459,0.0,0.0
ADX,2016-05-27,12.739999771118164,12.760000228881836,12.729999542236328,12.75,104700,6.143779277801514,0.0,0.0
ADX,2016-05-31,12.779999732971191,12.829999923706055,12.710000038146973,12.770000457763672,166200,6.15341854095459,0.0,0.0
ADX,2016-06-01,12.720000267028809,12.8100004196167,12.699999809265137,12.8100004196167,257600,6.172691822052002,0.0,0.0
ADX,2016-06-02,12.789999961853027,12.84000015258789,12.770000457763672,12.84000015258789,165900,6.1871490478515625,0.0,0.0
ADX,2016-06-03,12.789999961853027,12.850000381469727,12.739999771118164,12.8100004196167,127600,6.172691822052002,0.0,0.0
ADX,2016-06-06,12.84000015258789,12.920000076293945,12.84000015258789,12.90999984741211,149200,6.220878601074219,0.0,0.0
ADX,2016-06-07,12.880000114440918,12.949999809265137,12.859999656677246,12.899999618530273,128700,6.21605920791626,0.0,0.0
ADX,2016-06-08,12.90999984741211,12.960000038146973,12.90999984741211,12.949999809265137,64800,6.240154266357422,0.0,0.0
ADX,2016-06-09,12.920000076293945,12.9399995803833,12.869999885559082,12.899999618530273,114100,6.21605920791626,0.0,0.0
ADX,2016-06-10,12.819999694824219,12.84000015258789,12.739999771118164,12.770000457763672,176900,6.15341854095459,0.0,0.0
ADX,2016-06-13,12.720000267028809,12.800000190734863,12.649999618530273,12.65999984741211,220900,6.100411415100098,0.0,0.0
ADX,2016-06-14,12.59000015258789,12.680000305175781,12.5600004196167,12.609999656677246,87400,6.076318740844727,0.0,0.0
ADX,2016-06-15,12.649999618530273,12.680000305175781,12.579999923706055,12.579999923706055,79500,6.061862468719482,0.0,0.0
ADX,2016-06-16,12.5,12.59000015258789,12.420000076293945,12.550000190734863,479400,6.0474066734313965,0.0,0.0
ADX,2016-06-17,12.529999732971191,12.59000015258789,12.5,12.529999732971191,116500,6.0377702713012695,0.0,0.0
ADX,2016-06-20,12.649999618530273,12.710000038146973,12.609999656677246,12.609999656677246,157800,6.076318740844727,0.0,0.0
ADX,2016-06-21,12.609999656677246,12.640000343322754,12.59000015258789,12.600000381469727,190800,6.071501731872559,0.0,0.0
ADX,2016-06-22,12.630000114440918,12.670000076293945,12.600000381469727,12.600000381469727,168300,6.071501731872559,0.0,0.0
ADX,2016-06-23,12.710000038146973,12.720000267028809,12.65999984741211,12.710000038146973,219600,6.124504566192627,0.0,0.0
ADX,2016-06-24,12.3100004196167,12.470000267028809,12.300000190734863,12.34000015258789,329600,5.9462151527404785,0.0,0.0
ADX,2016-06-27,12.289999961853027,12.289999961853027,12.069999694824219,12.09000015258789,207100,5.825749397277832,0.0,0.0
ADX,2016-06-28,12.15999984741211,12.300000190734863,12.15999984741211,12.289999961853027,148400,5.922122955322266,0.0,0.0
ADX,2016-06-29,12.369999885559082,12.529999732971191,12.369999885559082,12.510000228881836,134900,6.028132915496826,0.0,0.0
ADX,2016-06-30,12.529999732971191,12.699999809265137,12.510000228881836,12.670000076293945,157900,6.10522985458374,0.0,0.0
ADX,2016-07-01,12.65999984741211,12.729999542236328,12.65999984741211,12.720000267028809,138700,6.1293230056762695,0.0,0.0
ADX,2016-07-05,12.609999656677246,12.630000114440918,12.5600004196167,12.630000114440918,77000,6.0859551429748535,0.0,0.0
ADX,2016-07-06,12.569999694824219,12.699999809265137,12.539999961853027,12.699999809265137,117000,6.119687557220459,0.0,0.0
ADX,2016-07-07,12.680000305175781,12.739999771118164,12.600000381469727,12.699999809265137,168600,6.119687557220459,0.0,0.0
ADX,2016-07-08,12.75,12.899999618530273,12.75,12.859999656677246,225500,6.196784973144531,0.0,0.0
ADX,2016-07-11,12.899999618530273,12.989999771118164,12.899999618530273,12.9399995803833,161800,6.2353339195251465,0.0,0.0
ADX,2016-07-12,12.979999542236328,13.029999732971191,12.949999809265137,13.020000457763672,194200,6.2738847732543945,0.0,0.0
ADX,2016-07-13,13.0600004196167,13.0600004196167,12.949999809265137,12.970000267028809,150800,6.249788761138916,0.0,0.0
ADX,2016-07-14,13.050000190734863,13.069999694824219,13.0,13.050000190734863,138100,6.288337707519531,0.0,0.0
ADX,2016-07-15,13.050000190734863,13.09000015258789,12.979999542236328,13.020000457763672,132600,6.2738847732543945,0.0,0.0
ADX,2016-07-18,13.010000228881836,13.050000190734863,12.970000267028809,13.050000190734863,130900,6.288337707519531,0.0,0.0
ADX,2016-07-19,13.0,13.039999961853027,12.979999542236328,13.010000228881836,114800,6.269066333770752,0.0,0.0
ADX,2016-07-20,13.039999961853027,13.079999923706055,13.020000457763672,13.050000190734863,171600,6.288337707519531,0.0,0.0
ADX,2016-07-21,13.079999923706055,13.09000015258789,13.0,13.0600004196167,144800,6.293158054351807,0.0,0.0
ADX,2016-07-22,13.020000457763672,13.079999923706055,13.020000457763672,13.050000190734863,125400,6.288337707519531,0.0,0.0
ADX,2016-07-25,13.069999694824219,13.079999923706055,12.960000038146973,13.010000228881836,232600,6.269066333770752,0.0,0.0
ADX,2016-07-26,13.0,13.050000190734863,12.979999542236328,13.029999732971191,141400,6.278703212738037,0.0,0.0
ADX,2016-07-27,13.050000190734863,13.079999923706055,13.029999732971191,13.069999694824219,111300,6.297976016998291,0.0,0.0
ADX,2016-07-28,13.039999961853027,13.109999656677246,13.020000457763672,13.109999656677246,103400,6.317253112792969,0.0,0.0
ADX,2016-07-29,13.119999885559082,13.170000076293945,13.09000015258789,13.130000114440918,134900,6.326889991760254,0.0,0.0
ADX,2016-08-01,13.130000114440918,13.140000343322754,13.09000015258789,13.130000114440918,117400,6.326889991760254,0.0,0.0
ADX,2016-08-02,13.109999656677246,13.109999656677246,12.979999542236328,13.050000190734863,172100,6.288337707519531,0.0,0.0
ADX,2016-08-03,13.039999961853027,13.100000381469727,13.010000228881836,13.100000381469727,52800,6.312434196472168,0.0,0.0
ADX,2016-08-04,13.079999923706055,13.109999656677246,13.069999694824219,13.100000381469727,73400,6.312434196472168,0.0,0.0
ADX,2016-08-05,13.119999885559082,13.210000038146973,13.119999885559082,13.210000038146973,294500,6.365437984466553,0.0,0.0
ADX,2016-08-08,13.199999809265137,13.220000267028809,13.149999618530273,13.170000076293945,142400,6.346163749694824,0.0,0.0
ADX,2016-08-09,13.199999809265137,13.25,13.199999809265137,13.199999809265137,78600,6.360619068145752,0.0,0.0
ADX,2016-08-10,13.210000038146973,13.210000038146973,13.130000114440918,13.149999618530273,95300,6.3606181144714355,0.05,0.0
ADX,2016-08-11,13.210000038146973,13.220000267028809,13.170000076293945,13.210000038146973,49600,6.3896403312683105,0.0,0.0
ADX,2016-08-12,13.180000305175781,13.210000038146973,13.170000076293945,13.170000076293945,73800,6.370293617248535,0.0,0.0
ADX,2016-08-15,13.180000305175781,13.25,13.180000305175781,13.199999809265137,117100,6.384803771972656,0.0,0.0
ADX,2016-08-16,13.199999809265137,13.199999809265137,13.140000343322754,13.1899995803833,124700,6.379968166351318,0.0,0.0
ADX,2016-08-17,13.15999984741211,13.1899995803833,13.130000114440918,13.15999984741211,139200,6.3654561042785645,0.0,0.0
ADX,2016-08-18,13.149999618530273,13.239999771118164,13.149999618530273,13.239999771118164,101700,6.404151439666748,0.0,0.0
ADX,2016-08-19,13.180000305175781,13.220000267028809,13.170000076293945,13.210000038146973,56700,6.3896403312683105,0.0,0.0
ADX,2016-08-22,13.170000076293945,13.25,13.15999984741211,13.239999771118164,102100,6.404151439666748,0.0,0.0
ADX,2016-08-23,13.270000457763672,13.319999694824219,13.260000228881836,13.279999732971191,166400,6.42349910736084,0.0,0.0
ADX,2016-08-24,13.270000457763672,13.270000457763672,13.199999809265137,13.210000038146973,111000,6.3896403312683105,0.0,0.0
ADX,2016-08-25,13.1899995803833,13.239999771118164,13.170000076293945,13.180000305175781,166600,6.375129222869873,0.0,0.0
ADX,2016-08-26,13.180000305175781,13.270000457763672,13.09000015258789,13.15999984741211,250500,6.3654561042785645,0.0,0.0
ADX,2016-08-29,13.180000305175781,13.239999771118164,13.180000305175781,13.210000038146973,187800,6.3896403312683105,0.0,0.0
ADX,2016-08-30,13.199999809265137,13.220000267028809,13.140000343322754,13.180000305175781,159100,6.375129222869873,0.0,0.0
ADX,2016-08-31,13.140000343322754,13.170000076293945,13.119999885559082,13.130000114440918,152000,6.350946426391602,0.0,0.0
ADX,2016-09-01,13.140000343322754,13.15999984741211,13.0600004196167,13.119999885559082,188200,6.346107482910156,0.0,0.0
ADX,2016-09-02,13.199999809265137,13.25,13.180000305175781,13.1899995803833,124700,6.379968166351318,0.0,0.0
ADX,2016-09-06,13.210000038146973,13.25,13.180000305175781,13.220000267028809,95600,6.394478797912598,0.0,0.0
ADX,2016-09-07,13.25,13.270000457763672,13.210000038146973,13.229999542236328,89800,6.3993144035339355,0.0,0.0
ADX,2016-09-08,13.199999809265137,13.239999771118164,13.180000305175781,13.210000038146973,109300,6.3896403312683105,0.0,0.0
ADX,2016-09-09,13.130000114440918,13.170000076293945,12.899999618530273,12.90999984741211,178400,6.244532108306885,0.0,0.0
ADX,2016-09-12,12.819999694824219,13.050000190734863,12.819999694824219,13.020000457763672,202700,6.297741413116455,0.0,0.0
ADX,2016-09-13,12.920000076293945,12.9399995803833,12.75,12.819999694824219,175000,6.201000213623047,0.0,0.0
ADX,2016-09-14,12.819999694824219,12.899999618530273,12.8100004196167,12.850000381469727,89000,6.215508937835693,0.0,0.0
ADX,2016-09-15,12.829999923706055,12.970000267028809,12.829999923706055,12.970000267028809,136300,6.273552894592285,0.0,0.0
ADX,2016-09-16,12.930000305175781,12.960000038146973,12.869999885559082,12.949999809265137,129400,6.263879776000977,0.0,0.0
ADX,2016-09-19,12.970000267028809,13.010000228881836,12.920000076293945,12.930000305175781,259400,6.254205226898193,0.0,0.0
ADX,2016-09-20,12.979999542236328,13.010000228881836,12.90999984741211,12.9399995803833,151000,6.259043216705322,0.0,0.0
ADX,2016-09-21,12.970000267028809,13.069999694824219,12.9399995803833,13.0600004196167,254800,6.317086219787598,0.0,0.0
ADX,2016-09-22,13.09000015258789,13.210000038146973,13.079999923706055,13.140000343322754,313400,6.355782985687256,0.0,0.0
ADX,2016-09-23,13.100000381469727,13.140000343322754,13.09000015258789,13.100000381469727,113000,6.336435794830322,0.0,0.0
ADX,2016-09-26,13.020000457763672,13.0600004196167,12.970000267028809,12.989999771118164,224700,6.28322696685791,0.0,0.0
ADX,2016-09-27,12.979999542236328,13.050000190734863,12.970000267028809,13.039999961853027,129400,6.3074116706848145,0.0,0.0
ADX,2016-09-28,13.069999694824219,13.130000114440918,13.0,13.100000381469727,135600,6.336435794830322,0.0,0.0
ADX,2016-09-29,13.069999694824219,13.119999885559082,12.979999542236328,13.0,211000,6.288064002990723,0.0,0.0
ADX,2016-09-30,13.050000190734863,13.149999618530273,13.050000190734863,13.149999618530273,148500,6.3606181144714355,0.0,0.0
ADX,2016-10-03,13.109999656677246,13.109999656677246,13.069999694824219,13.079999923706055,106900,6.326761245727539,0.0,0.0
ADX,2016-10-04,13.0600004196167,13.09000015258789,12.979999542236328,13.0,146600,6.288064002990723,0.0,0.0
ADX,2016-10-05,13.079999923706055,13.109999656677246,13.039999961853027,13.050000190734863,116800,6.312249660491943,0.0,0.0
ADX,2016-10-06,13.079999923706055,13.09000015258789,13.029999732971191,13.050000190734863,111000,6.312249660491943,0.0,0.0
ADX,2016-10-07,13.069999694824219,13.079999923706055,12.979999542236328,13.039999961853027,124100,6.3074116706848145,0.0,0.0
ADX,2016-10-10,13.09000015258789,13.130000114440918,13.09000015258789,13.09000015258789,98700,6.331597328186035,0.0,0.0
ADX,2016-10-11,13.100000381469727,13.100000381469727,12.930000305175781,12.970000267028809,248000,6.273552894592285,0.0,0.0
ADX,2016-10-12,12.970000267028809,13.029999732971191,12.960000038146973,12.989999771118164,111700,6.28322696685791,0.0,0.0
ADX,2016-10-13,12.899999618530273,12.989999771118164,12.850000381469727,12.9399995803833,205300,6.259043216705322,0.0,0.0
ADX,2016-10-14,13.010000228881836,13.029999732971191,12.949999809265137,12.960000038146973,94800,6.268716335296631,0.0,0.0
ADX,2016-10-17,12.960000038146973,12.960000038146973,12.869999885559082,12.899999618530273,144800,6.239696025848389,0.0,0.0
ADX,2016-10-18,12.970000267028809,12.989999771118164,12.899999618530273,12.970000267028809,161800,6.273552894592285,0.0,0.0
ADX,2016-10-19,12.960000038146973,13.020000457763672,12.9399995803833,12.979999542236328,123300,6.278390884399414,0.0,0.0
ADX,2016-10-20,12.979999542236328,13.010000228881836,12.880000114440918,12.930000305175781,225300,6.254205226898193,0.0,0.0
ADX,2016-10-21,12.90999984741211,12.960000038146973,12.890000343322754,12.960000038146973,53700,6.268716335296631,0.0,0.0
ADX,2016-10-24,12.970000267028809,13.020000457763672,12.960000038146973,12.979999542236328,163200,6.278390884399414,0.0,0.0
ADX,2016-10-25,12.989999771118164,13.010000228881836,12.970000267028809,12.970000267028809,111200,6.273552894592285,0.0,0.0
ADX,2016-10-26,12.920000076293945,12.970000267028809,12.890000343322754,12.9399995803833,51000,6.259043216705322,0.0,0.0
ADX,2016-10-27,12.979999542236328,13.0,12.890000343322754,12.890000343322754,93400,6.234859466552734,0.0,0.0
ADX,2016-10-28,12.869999885559082,12.920000076293945,12.819999694824219,12.829999923706055,108000,6.205836772918701,0.0,0.0
ADX,2016-10-31,12.829999923706055,12.850000381469727,12.760000228881836,12.779999732971191,196000,6.1816487312316895,0.0,0.0
ADX,2016-11-01,12.800000190734863,12.8100004196167,12.619999885559082,12.699999809265137,101400,6.142955780029297,0.0,0.0
ADX,2016-11-02,12.6899995803833,12.699999809265137,12.609999656677246,12.630000114440918,133300,6.109095573425293,0.0,0.0
ADX,2016-11-03,12.619999885559082,12.649999618530273,12.579999923706055,12.579999923706055,162300,6.0849103927612305,0.0,0.0
ADX,2016-11-04,12.600000381469727,12.619999885559082,12.539999961853027,12.550000190734863,147500,6.070401668548584,0.0,0.0
ADX,2016-11-07,12.680000305175781,12.770000457763672,12.680000305175781,12.739999771118164,170200,6.1623005867004395,0.0,0.0
ADX,2016-11-08,12.75,12.859999656677246,12.75,12.829999923706055,101900,6.205836772918701,0.0,0.0
ADX,2016-11-09,12.699999809265137,13.039999961853027,12.699999809265137,12.960000038146973,308500,6.268716335296631,0.0,0.0
ADX,2016-11-10,13.069999694824219,13.100000381469727,12.930000305175781,13.050000190734863,208900,6.312249660491943,0.0,0.0
ADX,2016-11-11,13.050000190734863,13.050000190734863,12.960000038146973,13.010000228881836,107100,6.292901992797852,0.0,0.0
ADX,2016-11-14,13.039999961853027,13.069999694824219,12.989999771118164,12.989999771118164,145600,6.28322696685791,0.0,0.0
ADX,2016-11-15,13.020000457763672,13.109999656677246,13.010000228881836,13.079999923706055,145600,6.326761245727539,0.0,0.0
ADX,2016-11-16,13.050000190734863,13.109999656677246,13.039999961853027,13.100000381469727,99800,6.336435794830322,0.0,0.0
ADX,2016-11-17,13.069999694824219,13.149999618530273,13.069999694824219,13.119999885559082,154800,6.346107482910156,0.0,0.0
ADX,2016-11-18,13.149999618530273,13.180000305175781,13.109999656677246,13.170000076293945,242200,6.370293617248535,0.0,0.0
ADX,2016-11-21,13.170000076293945,13.350000381469727,13.170000076293945,13.3100004196167,543800,6.4380106925964355,0.0,0.0
ADX,2016-11-22,12.59000015258789,12.59000015258789,12.430000305175781,12.479999542236328,771500,6.059304714202881,0.05,0.0
ADX,2016-11-23,12.460000038146973,12.479999542236328,12.420000076293945,12.470000267028809,196600,6.054449081420898,0.0,0.0
ADX,2016-11-25,12.479999542236328,12.529999732971191,12.479999542236328,12.529999732971191,103500,6.083580017089844,0.0,0.0
ADX,2016-11-28,12.489999771118164,12.510000228881836,12.4399995803833,12.449999809265137,160700,6.04473876953125,0.0,0.0
ADX,2016-11-29,12.40999984741211,12.460000038146973,12.390000343322754,12.399999618530273,258300,6.0204620361328125,0.0,0.0
ADX,2016-11-30,12.489999771118164,12.489999771118164,12.380000114440918,12.399999618530273,217500,6.0204620361328125,0.0,0.0
ADX,2016-12-01,12.40999984741211,12.4399995803833,12.369999885559082,12.399999618530273,258700,6.0204620361328125,0.0,0.0
ADX,2016-12-02,12.399999618530273,12.430000305175781,12.329999923706055,12.369999885559082,263100,6.00589656829834,0.0,0.0
ADX,2016-12-05,12.449999809265137,12.470000267028809,12.369999885559082,12.390000343322754,516500,6.015607833862305,0.0,0.0
ADX,2016-12-06,12.4399995803833,12.4399995803833,12.380000114440918,12.420000076293945,398100,6.0301713943481445,0.0,0.0
ADX,2016-12-07,12.399999618530273,12.619999885559082,12.399999618530273,12.569999694824219,254700,6.103001594543457,0.0,0.0
ADX,2016-12-08,12.569999694824219,12.649999618530273,12.5600004196167,12.609999656677246,273600,6.122421741485596,0.0,0.0
ADX,2016-12-09,12.65999984741211,12.710000038146973,12.65999984741211,12.6899995803833,129600,6.161263942718506,0.0,0.0
ADX,2016-12-12,12.710000038146973,12.729999542236328,12.680000305175781,12.699999809265137,221200,6.166118621826172,0.0,0.0
ADX,2016-12-13,12.710000038146973,12.869999885559082,12.710000038146973,12.859999656677246,375700,6.243801593780518,0.0,0.0
ADX,2016-12-14,12.8100004196167,12.859999656677246,12.729999542236328,12.760000228881836,283500,6.195251941680908,0.0,0.0
ADX,2016-12-15,12.739999771118164,12.850000381469727,12.729999542236328,12.8100004196167,265100,6.2195258140563965,0.0,0.0
ADX,2016-12-16,12.819999694824219,12.850000381469727,12.800000190734863,12.84000015258789,235400,6.234091758728027,0.0,0.0
ADX,2016-12-19,12.84000015258789,12.869999885559082,12.800000190734863,12.859999656677246,314500,6.243801593780518,0.0,0.0
ADX,2016-12-20,12.859999656677246,12.920000076293945,12.850000381469727,12.899999618530273,264400,6.263223648071289,0.0,0.0
ADX,2016-12-21,12.869999885559082,12.90999984741211,12.859999656677246,12.869999885559082,193700,6.2486572265625,0.0,0.0
ADX,2016-12-22,12.859999656677246,12.880000114440918,12.829999923706055,12.850000381469727,116800,6.238945960998535,0.0,0.0
ADX,2016-12-23,12.850000381469727,12.869999885559082,12.800000190734863,12.819999694824219,227700,6.224381446838379,0.0,0.0
ADX,2016-12-27,12.850000381469727,12.890000343322754,12.829999923706055,12.859999656677246,287300,6.243801593780518,0.0,0.0
ADX,2016-12-28,12.899999618530273,12.899999618530273,12.800000190734863,12.800000190734863,162200,6.214671611785889,0.0,0.0
ADX,2016-12-29,12.800000190734863,12.829999923706055,12.75,12.779999732971191,175800,6.204959392547607,0.0,0.0
ADX,2016-12-30,12.8100004196167,12.8100004196167,12.699999809265137,12.710000038146973,197300,6.1709747314453125,0.0,0.0
ADX,2017-01-03,12.8100004196167,12.859999656677246,12.770000457763672,12.779999732971191,206400,6.204959392547607,0.0,0.0
ADX,2017-01-04,12.819999694824219,12.869999885559082,12.819999694824219,12.850000381469727,313600,6.238945960998535,0.0,0.0
ADX,2017-01-05,12.84000015258789,12.890000343322754,12.819999694824219,12.880000114440918,270900,6.253511428833008,0.0,0.0
ADX,2017-01-06,12.90999984741211,12.970000267028809,12.869999885559082,12.949999809265137,196200,6.287499904632568,0.0,0.0
ADX,2017-01-09,12.949999809265137,12.970000267028809,12.930000305175781,12.9399995803833,229600,6.282646179199219,0.0,0.0
ADX,2017-01-10,12.9399995803833,13.0,12.9399995803833,12.949999809265137,240900,6.287499904632568,0.0,0.0
ADX,2017-01-11,12.9399995803833,13.0,12.930000305175781,12.989999771118164,201700,6.306920528411865,0.0,0.0
ADX,2017-01-12,13.020000457763672,13.020000457763672,12.920000076293945,12.970000267028809,139500,6.2972092628479,0.0,0.0
ADX,2017-01-13,13.0,13.029999732971191,12.960000038146973,12.989999771118164,140700,6.306920528411865,0.0,0.0
ADX,2017-01-17,12.979999542236328,12.989999771118164,12.9399995803833,12.9399995803833,122400,6.282646179199219,0.0,0.0
ADX,2017-01-18,12.960000038146973,12.989999771118164,12.930000305175781,12.989999771118164,104300,6.306920528411865,0.0,0.0
ADX,2017-01-19,12.989999771118164,12.989999771118164,12.930000305175781,12.9399995803833,166300,6.282646179199219,0.0,0.0
ADX,2017-01-20,12.970000267028809,13.020000457763672,12.949999809265137,13.0,172400,6.3117756843566895,0.0,0.0
ADX,2017-01-23,13.0,13.010000228881836,12.960000038146973,13.0,229800,6.3117756843566895,0.0,0.0
ADX,2017-01-24,13.039999961853027,13.079999923706055,13.0,13.0600004196167,261100,6.340906620025635,0.0,0.0
ADX,2017-01-25,13.109999656677246,13.199999809265137,13.100000381469727,13.170000076293945,205900,6.394314289093018,0.0,0.0
ADX,2017-01-26,13.180000305175781,13.229999542236328,13.170000076293945,13.199999809265137,261600,6.40887975692749,0.0,0.0
ADX,2017-01-27,13.199999809265137,13.220000267028809,13.180000305175781,13.180000305175781,279300,6.399168491363525,0.0,0.0
ADX,2017-01-30,13.109999656677246,13.140000343322754,13.069999694824219,13.100000381469727,292300,6.360328674316406,0.0,0.0
ADX,2017-01-31,13.0600004196167,13.130000114440918,13.039999961853027,13.130000114440918,236500,6.374892711639404,0.0,0.0
ADX,2017-02-01,13.15999984741211,13.180000305175781,13.130000114440918,13.170000076293945,257900,6.394314289093018,0.0,0.0
ADX,2017-02-02,13.15999984741211,13.1899995803833,13.130000114440918,13.180000305175781,131700,6.399168491363525,0.0,0.0
ADX,2017-02-03,13.220000267028809,13.289999961853027,13.220000267028809,13.25,246900,6.433156490325928,0.0,0.0
ADX,2017-02-06,13.260000228881836,13.279999732971191,13.220000267028809,13.260000228881836,185400,6.438012599945068,0.0,0.0
ADX,2017-02-07,13.270000457763672,13.300000190734863,13.229999542236328,13.260000228881836,163500,6.438012599945068,0.0,0.0
ADX,2017-02-08,13.239999771118164,13.25,13.199999809265137,13.229999542236328,119300,6.447757720947266,0.05,0.0
ADX,2017-02-09,13.239999771118164,13.34000015258789,13.239999771118164,13.300000190734863,270200,6.481875419616699,0.0,0.0
ADX,2017-02-10,13.350000381469727,13.380000114440918,13.329999923706055,13.359999656677246,107000,6.511112689971924,0.0,0.0
ADX,2017-02-13,13.399999618530273,13.489999771118164,13.399999618530273,13.449999809265137,203500,6.554976940155029,0.0,0.0
ADX,2017-02-14,13.4399995803833,13.520000457763672,13.40999984741211,13.520000457763672,125900,6.589092254638672,0.0,0.0
ADX,2017-02-15,13.5,13.600000381469727,13.470000267028809,13.569999694824219,137400,6.613460063934326,0.0,0.0
ADX,2017-02-16,13.5600004196167,13.569999694824219,13.5,13.539999961853027,104000,6.59883975982666,0.0,0.0
ADX,2017-02-17,13.479999542236328,13.529999732971191,13.479999542236328,13.529999732971191,135000,6.593965530395508,0.0,0.0
ADX,2017-02-21,13.539999961853027,13.619999885559082,13.539999961853027,13.609999656677246,153900,6.632954120635986,0.0,0.0
ADX,2017-02-22,13.579999923706055,13.640000343322754,13.579999923706055,13.640000343322754,160500,6.647575378417969,0.0,0.0
ADX,2017-02-23,13.649999618530273,13.670000076293945,13.600000381469727,13.630000114440918,154900,6.642701625823975,0.0,0.0
ADX,2017-02-24,13.59000015258789,13.640000343322754,13.5600004196167,13.640000343322754,139900,6.647575378417969,0.0,0.0
ADX,2017-02-27,13.619999885559082,13.699999809265137,13.609999656677246,13.649999618530273,140400,6.652450084686279,0.0,0.0
ADX,2017-02-28,13.640000343322754,13.670000076293945,13.579999923706055,13.619999885559082,162200,6.637827396392822,0.0,0.0
ADX,2017-03-01,13.710000038146973,13.84000015258789,13.710000038146973,13.819999694824219,201500,6.735299587249756,0.0,0.0
ADX,2017-03-02,13.800000190734863,13.819999694824219,13.729999542236328,13.729999542236328,235300,6.691437721252441,0.0,0.0
ADX,2017-03-03,13.739999771118164,13.8100004196167,13.739999771118164,13.8100004196167,238100,6.73042631149292,0.0,0.0
ADX,2017-03-06,13.760000228881836,13.789999961853027,13.699999809265137,13.770000457763672,123400,6.710932731628418,0.0,0.0
ADX,2017-03-07,13.729999542236328,13.779999732971191,13.729999542236328,13.729999542236328,92600,6.691437721252441,0.0,0.0
ADX,2017-03-08,13.75,13.779999732971191,13.6899995803833,13.699999809265137,103900,6.676815509796143,0.0,0.0
ADX,2017-03-09,13.710000038146973,13.729999542236328,13.649999618530273,13.6899995803833,205900,6.671941757202148,0.0,0.0
ADX,2017-03-10,13.760000228881836,13.760000228881836,13.710000038146973,13.710000038146973,109000,6.681690216064453,0.0,0.0
ADX,2017-03-13,13.6899995803833,13.760000228881836,13.6899995803833,13.75,112200,6.7011847496032715,0.0,0.0
ADX,2017-03-14,13.720000267028809,13.729999542236328,13.670000076293945,13.720000267028809,35100,6.686564922332764,0.0,0.0
ADX,2017-03-15,13.75,13.819999694824219,13.720000267028809,13.800000190734863,245800,6.725553512573242,0.0,0.0
ADX,2017-03-16,13.819999694824219,13.819999694824219,13.760000228881836,13.819999694824219,137400,6.735299587249756,0.0,0.0
ADX,2017-03-17,13.819999694824219,13.850000381469727,13.789999961853027,13.789999961853027,114100,6.720677375793457,0.0,0.0
ADX,2017-03-20,13.789999961853027,13.819999694824219,13.75,13.770000457763672,77300,6.710932731628418,0.0,0.0
ADX,2017-03-21,13.800000190734863,13.800000190734863,13.569999694824219,13.619999885559082,210800,6.637827396392822,0.0,0.0
ADX,2017-03-22,13.59000015258789,13.630000114440918,13.550000190734863,13.609999656677246,174200,6.632954120635986,0.0,0.0
ADX,2017-03-23,13.59000015258789,13.680000305175781,13.59000015258789,13.600000381469727,103100,6.628081321716309,0.0,0.0
ADX,2017-03-24,13.640000343322754,13.670000076293945,13.5600004196167,13.600000381469727,80700,6.628081321716309,0.0,0.0
ADX,2017-03-27,13.5,13.609999656677246,13.460000038146973,13.59000015258789,172100,6.623209476470947,0.0,0.0
ADX,2017-03-28,13.569999694824219,13.729999542236328,13.569999694824219,13.720000267028809,137000,6.686564922332764,0.0,0.0
ADX,2017-03-29,13.699999809265137,13.760000228881836,13.670000076293945,13.739999771118164,205900,6.696310043334961,0.0,0.0
ADX,2017-03-30,13.720000267028809,13.789999961853027,13.720000267028809,13.760000228881836,121700,6.706058502197266,0.0,0.0
ADX,2017-03-31,13.760000228881836,13.770000457763672,13.729999542236328,13.75,252100,6.7011847496032715,0.0,0.0
ADX,2017-04-03,13.739999771118164,13.770000457763672,13.630000114440918,13.65999984741211,192100,6.657322406768799,0.0,0.0
ADX,2017-04-04,13.649999618530273,13.720000267028809,13.630000114440918,13.710000038146973,146000,6.681690216064453,0.0,0.0
ADX,2017-04-05,13.75,13.800000190734863,13.6899995803833,13.699999809265137,172200,6.676815509796143,0.0,0.0
ADX,2017-04-06,13.699999809265137,13.760000228881836,13.6899995803833,13.75,156400,6.7011847496032715,0.0,0.0
ADX,2017-04-07,13.739999771118164,13.779999732971191,13.710000038146973,13.770000457763672,122600,6.710932731628418,0.0,0.0
ADX,2017-04-10,13.770000457763672,13.850000381469727,13.770000457763672,13.819999694824219,153900,6.735299587249756,0.0,0.0
ADX,2017-04-11,13.800000190734863,13.800000190734863,13.710000038146973,13.800000190734863,169200,6.725553512573242,0.0,0.0
ADX,2017-04-12,13.779999732971191,13.789999961853027,13.729999542236328,13.75,119700,6.7011847496032715,0.0,0.0
ADX,2017-04-13,13.729999542236328,13.779999732971191,13.649999618530273,13.649999618530273,138800,6.652450084686279,0.0,0.0
ADX,2017-04-17,13.65999984741211,13.739999771118164,13.65999984741211,13.720000267028809,137900,6.686564922332764,0.0,0.0
ADX,2017-04-18,13.6899995803833,13.739999771118164,13.680000305175781,13.699999809265137,131500,6.676815509796143,0.0,0.0
ADX,2017-04-19,13.699999809265137,13.760000228881836,13.680000305175781,13.680000305175781,98700,6.667069435119629,0.0,0.0
ADX,2017-04-20,13.720000267028809,13.8100004196167,13.699999809265137,13.789999961853027,131400,6.720677375793457,0.0,0.0
ADX,2017-04-21,13.789999961853027,13.829999923706055,13.760000228881836,13.789999961853027,117400,6.720677375793457,0.0,0.0
ADX,2017-04-24,13.850000381469727,13.930000305175781,13.850000381469727,13.90999984741211,203900,6.7791619300842285,0.0,0.0
ADX,2017-04-25,13.9399995803833,14.010000228881836,13.9399995803833,13.979999542236328,143400,6.8132781982421875,0.0,0.0
ADX,2017-04-26,14.010000228881836,14.050000190734863,14.0,14.010000228881836,174700,6.827898025512695,0.0,0.0
ADX,2017-04-27,14.029999732971191,14.069999694824219,14.010000228881836,14.050000190734863,135800,6.8473920822143555,0.0,0.0
ADX,2017-04-28,14.09000015258789,14.09000015258789,14.029999732971191,14.050000190734863,139100,6.8473920822143555,0.0,0.0
ADX,2017-05-01,14.079999923706055,14.130000114440918,14.0600004196167,14.109999656677246,180000,6.876633167266846,0.0,0.0
ADX,2017-05-02,14.119999885559082,14.1899995803833,14.09000015258789,14.119999885559082,166100,6.881507396697998,0.0,0.0
ADX,2017-05-03,14.100000381469727,14.130000114440918,14.09000015258789,14.119999885559082,62700,6.881507396697998,0.0,0.0
ADX,2017-05-04,14.109999656677246,14.15999984741211,14.079999923706055,14.119999885559082,200100,6.881507396697998,0.0,0.0
ADX,2017-05-05,14.140000343322754,14.1899995803833,14.119999885559082,14.1899995803833,94900,6.915622234344482,0.0,0.0
ADX,2017-05-08,14.170000076293945,14.1899995803833,14.109999656677246,14.180000305175781,226400,6.910749912261963,0.0,0.0
ADX,2017-05-09,14.199999809265137,14.210000038146973,14.149999618530273,14.170000076293945,60400,6.9058756828308105,0.0,0.0
ADX,2017-05-10,14.130000114440918,14.140000343322754,14.109999656677246,14.140000343322754,103900,6.915657997131348,0.05,0.0
ADX,2017-05-11,14.100000381469727,14.100000381469727,14.029999732971191,14.069999694824219,219300,6.881420135498047,0.0,0.0
ADX,2017-05-12,14.079999923706055,14.100000381469727,14.029999732971191,14.039999961853027,267300,6.8667497634887695,0.0,0.0
ADX,2017-05-15,14.09000015258789,14.15999984741211,14.09000015258789,14.119999885559082,205600,6.905874729156494,0.0,0.0
ADX,2017-05-16,14.130000114440918,14.15999984741211,14.119999885559082,14.119999885559082,172300,6.905874729156494,0.0,0.0
ADX,2017-05-17,14.050000190734863,14.0600004196167,13.899999618530273,13.899999618530273,315800,6.798276424407959,0.0,0.0
ADX,2017-05-18,13.899999618530273,13.970000267028809,13.859999656677246,13.930000305175781,201100,6.8129496574401855,0.0,0.0
ADX,2017-05-19,14.0,14.079999923706055,13.989999771118164,14.039999961853027,143500,6.8667497634887695,0.0,0.0
ADX,2017-05-22,14.0600004196167,14.109999656677246,14.0600004196167,14.100000381469727,178800,6.89609432220459,0.0,0.0
ADX,2017-05-23,14.140000343322754,14.170000076293945,14.109999656677246,14.119999885559082,110700,6.905874729156494,0.0,0.0
ADX,2017-05-24,14.170000076293945,14.180000305175781,14.119999885559082,14.130000114440918,115800,6.910765171051025,0.0,0.0
ADX,2017-05-25,14.180000305175781,14.270000457763672,14.180000305175781,14.210000038146973,167500,6.949893474578857,0.0,0.0
ADX,2017-05-26,14.239999771118164,14.270000457763672,14.229999542236328,14.229999542236328,107800,6.959672927856445,0.0,0.0
ADX,2017-05-30,14.220000267028809,14.279999732971191,14.220000267028809,14.229999542236328,65800,6.959672927856445,0.0,0.0
ADX,2017-05-31,14.25,14.270000457763672,14.170000076293945,14.239999771118164,95500,6.964565753936768,0.0,0.0
ADX,2017-06-01,14.270000457763672,14.350000381469727,14.25,14.3100004196167,186500,6.9988017082214355,0.0,0.0
ADX,2017-06-02,14.350000381469727,14.4399995803833,14.34000015258789,14.430000305175781,230500,7.057490348815918,0.0,0.0
ADX,2017-06-05,14.420000076293945,14.420000076293945,14.369999885559082,14.369999885559082,96100,7.028148174285889,0.0,0.0
ADX,2017-06-06,14.359999656677246,14.399999618530273,14.350000381469727,14.369999885559082,118800,7.028148174285889,0.0,0.0
ADX,2017-06-07,14.390000343322754,14.430000305175781,14.329999923706055,14.359999656677246,306900,7.023256778717041,0.0,0.0
ADX,2017-06-08,14.390000343322754,14.430000305175781,14.350000381469727,14.420000076293945,191100,7.052599906921387,0.0,0.0
ADX,2017-06-09,14.40999984741211,14.449999809265137,14.289999961853027,14.34000015258789,221300,7.01347541809082,0.0,0.0
ADX,2017-06-12,14.3100004196167,14.350000381469727,14.25,14.279999732971191,169700,6.984128952026367,0.0,0.0
ADX,2017-06-13,14.3100004196167,14.380000114440918,14.3100004196167,14.34000015258789,109200,7.01347541809082,0.0,0.0
ADX,2017-06-14,14.369999885559082,14.380000114440918,14.319999694824219,14.329999923706055,114900,7.008585453033447,0.0,0.0
ADX,2017-06-15,14.25,14.329999923706055,14.25,14.319999694824219,90700,7.003692150115967,0.0,0.0
ADX,2017-06-16,14.329999923706055,14.350000381469727,14.270000457763672,14.3100004196167,88000,6.9988017082214355,0.0,0.0
ADX,2017-06-19,14.390000343322754,14.449999809265137,14.359999656677246,14.449999809265137,69300,7.067272186279297,0.0,0.0
ADX,2017-06-20,14.40999984741211,14.449999809265137,14.319999694824219,14.329999923706055,170900,7.008585453033447,0.0,0.0
ADX,2017-06-21,14.380000114440918,14.40999984741211,14.34000015258789,14.369999885559082,70800,7.028148174285889,0.0,0.0
ADX,2017-06-22,14.359999656677246,14.40999984741211,14.329999923706055,14.329999923706055,76600,7.008585453033447,0.0,0.0
ADX,2017-06-23,14.369999885559082,14.390000343322754,14.329999923706055,14.359999656677246,120100,7.023256778717041,0.0,0.0
ADX,2017-06-26,14.430000305175781,14.430000305175781,14.350000381469727,14.350000381469727,169000,7.018365859985352,0.0,0.0
ADX,2017-06-27,14.390000343322754,14.390000343322754,14.260000228881836,14.260000228881836,208200,6.974347114562988,0.0,0.0
ADX,2017-06-28,14.319999694824219,14.390000343322754,14.289999961853027,14.359999656677246,137200,7.023256778717041,0.0,0.0
ADX,2017-06-29,14.399999618530273,14.399999618530273,14.180000305175781,14.270000457763672,180300,6.979238986968994,0.0,0.0
ADX,2017-06-30,14.3100004196167,14.34000015258789,14.289999961853027,14.289999961853027,120300,6.989019870758057,0.0,0.0
ADX,2017-07-03,14.319999694824219,14.399999618530273,14.319999694824219,14.350000381469727,125700,7.018365859985352,0.0,0.0
ADX,2017-07-05,14.34000015258789,14.399999618530273,14.300000190734863,14.359999656677246,87800,7.023256778717041,0.0,0.0
ADX,2017-07-06,14.350000381469727,14.350000381469727,14.260000228881836,14.289999961853027,167500,6.989019870758057,0.0,0.0
ADX,2017-07-07,14.319999694824219,14.380000114440918,14.300000190734863,14.380000114440918,93600,7.033036231994629,0.0,0.0
ADX,2017-07-10,14.359999656677246,14.4399995803833,14.3100004196167,14.430000305175781,100000,7.057490348815918,0.0,0.0
ADX,2017-07-11,14.420000076293945,14.4399995803833,14.359999656677246,14.4399995803833,113800,7.062380790710449,0.0,0.0
ADX,2017-07-12,14.460000038146973,14.539999961853027,14.460000038146973,14.470000267028809,120400,7.077054977416992,0.0,0.0
ADX,2017-07-13,14.520000457763672,14.550000190734863,14.489999771118164,14.539999961853027,76700,7.11129093170166,0.0,0.0
ADX,2017-07-14,14.520000457763672,14.640000343322754,14.520000457763672,14.630000114440918,102000,7.155308723449707,0.0,0.0
ADX,2017-07-17,14.649999618530273,14.65999984741211,14.600000381469727,14.630000114440918,102900,7.155308723449707,0.0,0.0
ADX,2017-07-18,14.600000381469727,14.630000114440918,14.579999923706055,14.619999885559082,88900,7.150416851043701,0.0,0.0
ADX,2017-07-19,14.640000343322754,14.710000038146973,14.630000114440918,14.699999809265137,80400,7.189545154571533,0.0,0.0
ADX,2017-07-20,14.710000038146973,14.720000267028809,14.680000305175781,14.699999809265137,71000,7.189545154571533,0.0,0.0
ADX,2017-07-21,14.670000076293945,14.670000076293945,14.630000114440918,14.670000076293945,95200,7.174874305725098,0.0,0.0
ADX,2017-07-24,14.729999542236328,14.729999542236328,14.670000076293945,14.720000267028809,619000,7.19932746887207,0.0,0.0
ADX,2017-07-25,14.770000457763672,14.8100004196167,14.760000228881836,14.8100004196167,225900,7.243341445922852,0.0,0.0
ADX,2017-07-26,14.8100004196167,14.859999656677246,14.800000190734863,14.8100004196167,186900,7.243341445922852,0.0,0.0
ADX,2017-07-27,14.850000381469727,14.850000381469727,14.75,14.770000457763672,265400,7.223782062530518,0.0,0.0
ADX,2017-07-28,14.779999732971191,14.8100004196167,14.760000228881836,14.789999961853027,446500,7.233562469482422,0.0,0.0
ADX,2017-07-31,14.84000015258789,14.84000015258789,14.770000457763672,14.779999732971191,250700,7.228670597076416,0.0,0.0
ADX,2017-08-01,14.819999694824219,14.84000015258789,14.789999961853027,14.8100004196167,305700,7.243341445922852,0.0,0.0
ADX,2017-08-02,14.829999923706055,14.850000381469727,14.789999961853027,14.84000015258789,491600,7.2580156326293945,0.0,0.0
ADX,2017-08-03,14.819999694824219,14.850000381469727,14.800000190734863,14.829999923706055,167800,7.253124237060547,0.0,0.0
ADX,2017-08-04,14.850000381469727,14.869999885559082,14.829999923706055,14.850000381469727,142900,7.262907028198242,0.0,0.0
ADX,2017-08-07,14.850000381469727,14.899999618530273,14.84000015258789,14.880000114440918,139500,7.2775797843933105,0.0,0.0
ADX,2017-08-08,14.869999885559082,14.9399995803833,14.829999923706055,14.829999923706055,281300,7.253124237060547,0.0,0.0
ADX,2017-08-09,14.779999732971191,14.779999732971191,14.720000267028809,14.770000457763672,192200,7.248219966888428,0.05,0.0
ADX,2017-08-10,14.739999771118164,14.739999771118164,14.460000038146973,14.489999771118164,378900,7.110811233520508,0.0,0.0
ADX,2017-08-11,14.399999618530273,14.550000190734863,14.369999885559082,14.520000457763672,284800,7.125535011291504,0.0,0.0
ADX,2017-08-14,14.649999618530273,14.729999542236328,14.619999885559082,14.720000267028809,139500,7.223681926727295,0.0,0.0
ADX,2017-08-15,14.760000228881836,14.760000228881836,14.670000076293945,14.6899995803833,110100,7.208958625793457,0.0,0.0
ADX,2017-08-16,14.6899995803833,14.729999542236328,14.670000076293945,14.6899995803833,90600,7.208958625793457,0.0,0.0
ADX,2017-08-17,14.649999618530273,14.6899995803833,14.510000228881836,14.539999961853027,132700,7.135347366333008,0.0,0.0
ADX,2017-08-18,14.520000457763672,14.550000190734863,14.449999809265137,14.510000228881836,119100,7.120625972747803,0.0,0.0
ADX,2017-08-21,14.470000267028809,14.5,14.420000076293945,14.489999771118164,83500,7.110811233520508,0.0,0.0
ADX,2017-08-22,14.510000228881836,14.619999885559082,14.510000228881836,14.600000381469727,143200,7.164793014526367,0.0,0.0
ADX,2017-08-23,14.510000228881836,14.630000114440918,14.510000228881836,14.609999656677246,77000,7.1697001457214355,0.0,0.0
ADX,2017-08-24,14.619999885559082,14.619999885559082,14.569999694824219,14.59000015258789,145800,7.159883975982666,0.0,0.0
ADX,2017-08-25,14.619999885559082,14.649999618530273,14.579999923706055,14.630000114440918,97000,7.1795148849487305,0.0,0.0
ADX,2017-08-28,14.649999618530273,14.649999618530273,14.579999923706055,14.59000015258789,73500,7.159883975982666,0.0,0.0
ADX,2017-08-29,14.539999961853027,14.649999618530273,14.510000228881836,14.630000114440918,95000,7.1795148849487305,0.0,0.0
ADX,2017-08-30,14.640000343322754,14.720000267028809,14.619999885559082,14.670000076293945,68400,7.199145793914795,0.0,0.0
ADX,2017-08-31,14.699999809265137,14.789999961853027,14.699999809265137,14.770000457763672,94600,7.248219966888428,0.0,0.0
ADX,2017-09-01,14.789999961853027,14.84000015258789,14.760000228881836,14.8100004196167,144700,7.26784610748291,0.0,0.0
ADX,2017-09-05,14.789999961853027,14.800000190734863,14.649999618530273,14.710000038146973,121600,7.218774795532227,0.0,0.0
ADX,2017-09-06,14.739999771118164,14.779999732971191,14.729999542236328,14.760000228881836,102500,7.243311882019043,0.0,0.0
ADX,2017-09-07,14.770000457763672,14.800000190734863,14.739999771118164,14.770000457763672,57200,7.248219966888428,0.0,0.0
ADX,2017-09-08,14.770000457763672,14.789999961853027,14.710000038146973,14.720000267028809,90900,7.223681926727295,0.0,0.0
ADX,2017-09-11,14.800000190734863,14.880000114440918,14.789999961853027,14.84000015258789,165300,7.28256893157959,0.0,0.0
ADX,2017-09-12,14.880000114440918,14.970000267028809,14.880000114440918,14.9399995803833,57700,7.331644535064697,0.0,0.0
ADX,2017-09-13,14.930000305175781,14.989999771118164,14.930000305175781,14.9399995803833,93500,7.331644535064697,0.0,0.0
ADX,2017-09-14,14.920000076293945,15.020000457763672,14.920000076293945,14.970000267028809,75100,7.346366882324219,0.0,0.0
ADX,2017-09-15,14.960000038146973,15.020000457763672,14.960000038146973,15.020000457763672,64100,7.370903491973877,0.0,0.0
ADX,2017-09-18,15.010000228881836,15.039999961853027,14.979999542236328,15.0,86300,7.361088752746582,0.0,0.0
ADX,2017-09-19,15.0,15.079999923706055,15.0,15.069999694824219,95800,7.39544153213501,0.0,0.0
ADX,2017-09-20,15.100000381469727,15.109999656677246,15.039999961853027,15.069999694824219,120600,7.39544153213501,0.0,0.0
ADX,2017-09-21,15.0600004196167,15.069999694824219,15.010000228881836,15.010000228881836,51000,7.36599588394165,0.0,0.0
ADX,2017-09-22,15.010000228881836,15.0600004196167,14.979999542236328,15.010000228881836,149800,7.36599588394165,0.0,0.0
ADX,2017-09-25,14.989999771118164,15.050000190734863,14.949999809265137,15.020000457763672,214800,7.370903491973877,0.0,0.0
ADX,2017-09-26,15.0600004196167,15.09000015258789,15.020000457763672,15.020000457763672,251300,7.370903491973877,0.0,0.0
ADX,2017-09-27,15.079999923706055,15.15999984741211,15.050000190734863,15.140000343322754,184200,7.4297919273376465,0.0,0.0
ADX,2017-09-28,15.119999885559082,15.15999984741211,15.09000015258789,15.149999618530273,168000,7.434698104858398,0.0,0.0
ADX,2017-09-29,15.149999618530273,15.25,15.149999618530273,15.210000038146973,146800,7.464142799377441,0.0,0.0
ADX,2017-10-02,15.260000228881836,15.300000190734863,15.220000267028809,15.300000190734863,110800,7.508312702178955,0.0,0.0
ADX,2017-10-03,15.270000457763672,15.3100004196167,15.270000457763672,15.300000190734863,122600,7.508312702178955,0.0,0.0
ADX,2017-10-04,15.300000190734863,15.300000190734863,15.270000457763672,15.270000457763672,140000,7.493588447570801,0.0,0.0
ADX,2017-10-05,15.3100004196167,15.34000015258789,15.279999732971191,15.319999694824219,309800,7.518124103546143,0.0,0.0
ADX,2017-10-06,15.319999694824219,15.34000015258789,15.289999961853027,15.329999923706055,190700,7.5230326652526855,0.0,0.0
ADX,2017-10-09,15.329999923706055,15.399999618530273,15.289999961853027,15.300000190734863,235900,7.508312702178955,0.0,0.0
ADX,2017-10-10,15.34000015258789,15.399999618530273,15.34000015258789,15.380000114440918,110500,7.5475687980651855,0.0,0.0
ADX,2017-10-11,15.390000343322754,15.4399995803833,15.369999885559082,15.4399995803833,204100,7.57701301574707,0.0,0.0
ADX,2017-10-12,15.4399995803833,15.479999542236328,15.420000076293945,15.460000038146973,143500,7.586827278137207,0.0,0.0
ADX,2017-10-13,15.489999771118164,15.489999771118164,15.4399995803833,15.479999542236328,79800,7.59664249420166,0.0,0.0
ADX,2017-10-16,15.5,15.5,15.449999809265137,15.460000038146973,117200,7.586827278137207,0.0,0.0
ADX,2017-10-17,15.470000267028809,15.479999542236328,15.449999809265137,15.470000267028809,88700,7.591735363006592,0.0,0.0
ADX,2017-10-18,15.5,15.5,15.449999809265137,15.449999809265137,142200,7.581921100616455,0.0,0.0
ADX,2017-10-19,15.4399995803833,15.449999809265137,15.390000343322754,15.4399995803833,139000,7.57701301574707,0.0,0.0
ADX,2017-10-20,15.5,15.529999732971191,15.5,15.520000457763672,97300,7.61627197265625,0.0,0.0
ADX,2017-10-23,15.539999961853027,15.5600004196167,15.470000267028809,15.489999771118164,111100,7.601550579071045,0.0,0.0
ADX,2017-10-24,15.539999961853027,15.539999961853027,15.489999771118164,15.5,157200,7.606457233428955,0.0,0.0
ADX,2017-10-25,15.5,15.520000457763672,15.34000015258789,15.390000343322754,116600,7.55247688293457,0.0,0.0
ADX,2017-10-26,15.430000305175781,15.520000457763672,15.390000343322754,15.430000305175781,176800,7.572106838226318,0.0,0.0
ADX,2017-10-27,15.510000228881836,15.640000343322754,15.470000267028809,15.640000343322754,170900,7.6751627922058105,0.0,0.0
ADX,2017-10-30,15.609999656677246,15.640000343322754,15.5600004196167,15.600000381469727,212600,7.655531883239746,0.0,0.0
ADX,2017-10-31,15.630000114440918,15.640000343322754,15.5600004196167,15.619999885559082,293500,7.665346622467041,0.0,0.0
ADX,2017-11-01,15.65999984741211,15.699999809265137,15.569999694824219,15.640000343322754,169900,7.6751627922058105,0.0,0.0
ADX,2017-11-02,15.609999656677246,15.65999984741211,15.59000015258789,15.640000343322754,135100,7.6751627922058105,0.0,0.0
ADX,2017-11-03,15.6899995803833,15.739999771118164,15.649999618530273,15.710000038146973,142200,7.709512233734131,0.0,0.0
ADX,2017-11-06,15.739999771118164,15.800000190734863,15.699999809265137,15.800000190734863,119000,7.753678798675537,0.0,0.0
ADX,2017-11-07,15.779999732971191,15.800000190734863,15.739999771118164,15.770000457763672,127000,7.738958358764648,0.0,0.0
ADX,2017-11-08,15.770000457763672,15.770000457763672,15.670000076293945,15.739999771118164,190900,7.724235534667969,0.0,0.0
ADX,2017-11-09,15.680000305175781,15.680000305175781,15.550000190734863,15.670000076293945,181500,7.68988561630249,0.0,0.0
ADX,2017-11-10,15.699999809265137,15.789999961853027,15.680000305175781,15.729999542236328,335100,7.719327449798584,0.0,0.0
ADX,2017-11-13,15.729999542236328,15.760000228881836,15.670000076293945,15.760000228881836,574200,7.734050273895264,0.0,0.0
ADX,2017-11-14,15.729999542236328,15.75,15.65999984741211,15.710000038146973,542400,7.709512233734131,0.0,0.0
ADX,2017-11-15,15.600000381469727,15.65999984741211,15.539999961853027,15.579999923706055,373700,7.645715236663818,0.0,0.0
ADX,2017-11-16,15.630000114440918,15.760000228881836,15.630000114440918,15.729999542236328,223200,7.719327449798584,0.0,0.0
ADX,2017-11-17,15.75,15.920000076293945,15.729999542236328,15.779999732971191,700600,7.743865489959717,0.0,0.0
ADX,2017-11-20,15.84000015258789,15.850000381469727,15.800000190734863,15.800000190734863,331100,7.753678798675537,0.0,0.0
ADX,2017-11-21,14.630000114440918,14.760000228881836,14.520000457763672,14.65999984741211,667100,7.80157470703125,1.23,0.0
ADX,2017-11-22,14.65999984741211,14.699999809265137,14.640000343322754,14.640000343322754,331800,7.790931224822998,0.0,0.0
ADX,2017-11-24,14.739999771118164,14.770000457763672,14.670000076293945,14.770000457763672,135900,7.860114574432373,0.0,0.0
ADX,2017-11-27,14.770000457763672,14.800000190734863,14.6899995803833,14.6899995803833,176800,7.817539691925049,0.0,0.0
ADX,2017-11-28,14.710000038146973,14.890000343322754,14.710000038146973,14.890000343322754,257900,7.923970699310303,0.0,0.0
ADX,2017-11-29,14.90999984741211,14.90999984741211,14.760000228881836,14.859999656677246,205900,7.908008575439453,0.0,0.0
ADX,2017-11-30,14.890000343322754,14.9399995803833,14.859999656677246,14.869999885559082,194900,7.913330554962158,0.0,0.0
ADX,2017-12-01,14.899999618530273,14.949999809265137,14.739999771118164,14.850000381469727,234400,7.902685165405273,0.0,0.0
ADX,2017-12-04,14.979999542236328,15.039999961853027,14.8100004196167,14.84000015258789,418300,7.897363185882568,0.0,0.0
ADX,2017-12-05,14.859999656677246,14.880000114440918,14.8100004196167,14.819999694824219,224600,7.88671875,0.0,0.0
ADX,2017-12-06,14.770000457763672,14.819999694824219,14.760000228881836,14.789999961853027,138000,7.870755195617676,0.0,0.0
ADX,2017-12-07,14.760000228881836,14.829999923706055,14.760000228881836,14.800000190734863,111800,7.8760762214660645,0.0,0.0
ADX,2017-12-08,14.84000015258789,14.869999885559082,14.819999694824219,14.829999923706055,183000,7.892042636871338,0.0,0.0
ADX,2017-12-11,14.84000015258789,14.850000381469727,14.819999694824219,14.84000015258789,318300,7.897363185882568,0.0,0.0
ADX,2017-12-12,14.84000015258789,14.859999656677246,14.829999923706055,14.84000015258789,873600,7.897363185882568,0.0,0.0
ADX,2017-12-13,14.850000381469727,14.90999984741211,14.84000015258789,14.880000114440918,372700,7.918651580810547,0.0,0.0
ADX,2017-12-14,14.880000114440918,14.920000076293945,14.859999656677246,14.869999885559082,303900,7.913330554962158,0.0,0.0
ADX,2017-12-15,14.90999984741211,14.989999771118164,14.90999984741211,14.989999771118164,323600,7.9771904945373535,0.0,0.0
ADX,2017-12-18,15.079999923706055,15.119999885559082,15.039999961853027,15.100000381469727,227000,8.03572940826416,0.0,0.0
ADX,2017-12-19,15.079999923706055,15.109999656677246,15.039999961853027,15.069999694824219,415300,8.019763946533203,0.0,0.0
ADX,2017-12-20,15.109999656677246,15.130000114440918,15.029999732971191,15.069999694824219,123600,8.019763946533203,0.0,0.0
ADX,2017-12-21,15.069999694824219,15.119999885559082,15.050000190734863,15.069999694824219,258900,8.019763946533203,0.0,0.0
ADX,2017-12-22,15.109999656677246,15.149999618530273,15.039999961853027,15.079999923706055,389000,8.02508544921875,0.0,0.0
ADX,2017-12-26,15.050000190734863,15.079999923706055,14.989999771118164,15.0,360800,7.982511520385742,0.0,0.0
ADX,2017-12-27,15.029999732971191,15.09000015258789,15.029999732971191,15.050000190734863,177400,8.009119987487793,0.0,0.0
ADX,2017-12-28,15.069999694824219,15.109999656677246,15.050000190734863,15.069999694824219,150300,8.019763946533203,0.0,0.0
ADX,2017-12-29,15.100000381469727,15.130000114440918,15.020000457763672,15.029999732971191,207800,7.998477458953857,0.0,0.0
ADX,2018-01-02,15.119999885559082,15.130000114440918,15.079999923706055,15.100000381469727,192100,8.03572940826416,0.0,0.0
ADX,2018-01-03,15.130000114440918,15.220000267028809,15.119999885559082,15.220000267028809,204000,8.099587440490723,0.0,0.0
ADX,2018-01-04,15.229999542236328,15.350000381469727,15.229999542236328,15.350000381469727,157400,8.168768882751465,0.0,0.0
ADX,2018-01-05,15.399999618530273,15.399999618530273,15.3100004196167,15.380000114440918,215900,8.184735298156738,0.0,0.0
ADX,2018-01-08,15.359999656677246,15.420000076293945,15.350000381469727,15.420000076293945,221800,8.20602035522461,0.0,0.0
ADX,2018-01-09,15.430000305175781,15.479999542236328,15.430000305175781,15.470000267028809,178900,8.232630729675293,0.0,0.0
ADX,2018-01-10,15.40999984741211,15.470000267028809,15.40999984741211,15.470000267028809,240100,8.232630729675293,0.0,0.0
ADX,2018-01-11,15.5,15.569999694824219,15.489999771118164,15.569999694824219,158000,8.285844802856445,0.0,0.0
ADX,2018-01-12,15.529999732971191,15.6899995803833,15.529999732971191,15.670000076293945,194900,8.339064598083496,0.0,0.0
ADX,2018-01-16,15.680000305175781,15.800000190734863,15.630000114440918,15.670000076293945,275900,8.339064598083496,0.0,0.0
ADX,2018-01-17,15.739999771118164,15.760000228881836,15.640000343322754,15.729999542236328,353400,8.370994567871094,0.0,0.0
ADX,2018-01-18,15.710000038146973,15.770000457763672,15.649999618530273,15.720000267028809,201000,8.365670204162598,0.0,0.0
ADX,2018-01-19,15.699999809265137,15.779999732971191,15.699999809265137,15.779999732971191,194200,8.397602081298828,0.0,0.0
ADX,2018-01-22,15.770000457763672,15.899999618530273,15.770000457763672,15.880000114440918,232800,8.450818061828613,0.0,0.0
ADX,2018-01-23,15.920000076293945,16.040000915527344,15.880000114440918,16.040000915527344,186500,8.535965919494629,0.0,0.0
ADX,2018-01-24,16.09000015258789,16.09000015258789,15.899999618530273,15.989999771118164,253000,8.509357452392578,0.0,0.0
ADX,2018-01-25,16.030000686645508,16.049999237060547,15.869999885559082,15.949999809265137,548800,8.48807144165039,0.0,0.0
ADX,2018-01-26,15.949999809265137,16.100000381469727,15.949999809265137,16.06999969482422,246200,8.551931381225586,0.0,0.0
ADX,2018-01-29,16.059999465942383,16.110000610351562,15.960000038146973,15.979999542236328,396700,8.504034042358398,0.0,0.0
ADX,2018-01-30,15.829999923706055,15.880000114440918,15.760000228881836,15.84000015258789,354500,8.429532051086426,0.0,0.0
ADX,2018-01-31,15.869999885559082,15.920000076293945,15.84000015258789,15.899999618530273,321100,8.461464881896973,0.0,0.0
ADX,2018-02-01,15.800000190734863,15.970000267028809,15.800000190734863,15.880000114440918,132000,8.450818061828613,0.0,0.0
ADX,2018-02-02,15.800000190734863,15.800000190734863,15.529999732971191,15.539999961853027,301400,8.269880294799805,0.0,0.0
ADX,2018-02-05,15.449999809265137,15.479999542236328,14.6899995803833,14.850000381469727,685900,7.902685165405273,0.0,0.0
ADX,2018-02-06,14.640000343322754,15.140000343322754,14.300000190734863,15.079999923706055,535900,8.02508544921875,0.0,0.0
ADX,2018-02-07,15.079999923706055,15.25,15.079999923706055,15.119999885559082,381900,8.046372413635254,0.0,0.0
ADX,2018-02-08,15.119999885559082,15.149999618530273,14.609999656677246,14.609999656677246,381700,7.774965286254883,0.0,0.0
ADX,2018-02-09,14.800000190734863,14.829999923706055,14.350000381469727,14.739999771118164,471200,7.844148635864258,0.0,0.0
ADX,2018-02-12,14.8100004196167,14.979999542236328,14.760000228881836,14.930000305175781,276500,7.945257663726807,0.0,0.0
ADX,2018-02-13,14.899999618530273,15.0,14.84000015258789,14.960000038146973,166700,7.961225509643555,0.0,0.0
ADX,2018-02-14,14.850000381469727,15.1899995803833,14.850000381469727,15.170000076293945,123500,8.072980880737305,0.0,0.0
ADX,2018-02-15,15.239999771118164,15.300000190734863,15.149999618530273,15.289999961853027,126900,8.163749694824219,0.05,0.0
ADX,2018-02-16,15.260000228881836,15.430000305175781,15.260000228881836,15.34000015258789,108800,8.190444946289062,0.0,0.0
ADX,2018-02-20,15.239999771118164,15.380000114440918,15.210000038146973,15.239999771118164,144400,8.137051582336426,0.0,0.0
ADX,2018-02-21,15.270000457763672,15.390000343322754,15.199999809265137,15.199999809265137,140800,8.115694046020508,0.0,0.0
ADX,2018-02-22,15.25,15.329999923706055,15.1899995803833,15.220000267028809,132800,8.126372337341309,0.0,0.0
ADX,2018-02-23,15.270000457763672,15.449999809265137,15.270000457763672,15.449999809265137,150700,8.249176979064941,0.0,0.0
ADX,2018-02-26,15.5,15.619999885559082,15.470000267028809,15.600000381469727,188400,8.329266548156738,0.0,0.0
ADX,2018-02-27,15.600000381469727,15.770000457763672,15.489999771118164,15.5,221900,8.275870323181152,0.0,0.0
ADX,2018-02-28,15.510000228881836,15.539999961853027,15.329999923706055,15.329999923706055,117600,8.185104370117188,0.0,0.0
ADX,2018-03-01,15.350000381469727,15.380000114440918,15.0600004196167,15.140000343322754,303800,8.083659172058105,0.0,0.0
ADX,2018-03-02,14.989999771118164,15.119999885559082,14.920000076293945,15.109999656677246,499000,8.067641258239746,0.0,0.0
ADX,2018-03-05,15.020000457763672,15.25,14.979999542236328,15.220000267028809,208000,8.126372337341309,0.0,0.0
ADX,2018-03-06,15.260000228881836,15.329999923706055,15.199999809265137,15.239999771118164,125000,8.137051582336426,0.0,0.0
ADX,2018-03-07,15.130000114440918,15.260000228881836,15.109999656677246,15.25,236100,8.142391204833984,0.0,0.0
ADX,2018-03-08,15.270000457763672,15.329999923706055,15.229999542236328,15.319999694824219,97700,8.179764747619629,0.0,0.0
ADX,2018-03-09,15.420000076293945,15.600000381469727,15.390000343322754,15.600000381469727,123800,8.329266548156738,0.0,0.0
ADX,2018-03-12,15.619999885559082,15.680000305175781,15.579999923706055,15.670000076293945,92600,8.366641998291016,0.0,0.0
ADX,2018-03-13,15.699999809265137,15.720000267028809,15.460000038146973,15.520000457763672,127800,8.286550521850586,0.0,0.0
ADX,2018-03-14,15.539999961853027,15.550000190734863,15.380000114440918,15.380000114440918,239100,8.211800575256348,0.0,0.0
ADX,2018-03-15,15.40999984741211,15.479999542236328,15.3100004196167,15.359999656677246,158600,8.201123237609863,0.0,0.0
ADX,2018-03-16,15.380000114440918,15.470000267028809,15.350000381469727,15.359999656677246,228400,8.201123237609863,0.0,0.0
ADX,2018-03-19,15.329999923706055,15.329999923706055,15.100000381469727,15.1899995803833,187900,8.11035442352295,0.0,0.0
ADX,2018-03-20,15.210000038146973,15.260000228881836,15.170000076293945,15.220000267028809,193200,8.126372337341309,0.0,0.0
ADX,2018-03-21,15.180000305175781,15.34000015258789,15.180000305175781,15.229999542236328,131700,8.131711959838867,0.0,0.0
ADX,2018-03-22,15.100000381469727,15.109999656677246,14.8100004196167,14.829999923706055,322300,7.918139934539795,0.0,0.0
ADX,2018-03-23,14.850000381469727,14.850000381469727,14.510000228881836,14.510000228881836,531300,7.747283458709717,0.0,0.0
ADX,2018-03-26,14.710000038146973,14.890000343322754,14.579999923706055,14.869999885559082,442500,7.939498424530029,0.0,0.0
ADX,2018-03-27,14.899999618530273,14.930000305175781,14.59000015258789,14.630000114440918,317000,7.811354637145996,0.0,0.0
ADX,2018-03-28,14.630000114440918,14.720000267028809,14.529999732971191,14.59000015258789,261900,7.789997100830078,0.0,0.0
ADX,2018-03-29,14.640000343322754,14.8100004196167,14.5600004196167,14.770000457763672,232900,7.886107444763184,0.0,0.0
ADX,2018-04-02,14.729999542236328,14.770000457763672,14.380000114440918,14.4399995803833,427900,7.7099080085754395,0.0,0.0
ADX,2018-04-03,14.529999732971191,14.619999885559082,14.399999618530273,14.600000381469727,240300,7.795338153839111,0.0,0.0
ADX,2018-04-04,14.460000038146973,14.779999732971191,14.4399995803833,14.779999732971191,182200,7.891442775726318,0.0,0.0
ADX,2018-04-05,14.850000381469727,14.960000038146973,14.8100004196167,14.890000343322754,168200,7.950174331665039,0.0,0.0
ADX,2018-04-06,14.75,14.880000114440918,14.529999732971191,14.609999656677246,334400,7.800675868988037,0.0,0.0
ADX,2018-04-09,14.65999984741211,14.829999923706055,14.579999923706055,14.630000114440918,210500,7.811354637145996,0.0,0.0
ADX,2018-04-10,14.779999732971191,14.880000114440918,14.75,14.84000015258789,139700,7.923479080200195,0.0,0.0
ADX,2018-04-11,14.760000228881836,14.880000114440918,14.760000228881836,14.8100004196167,159100,7.9074602127075195,0.0,0.0
ADX,2018-04-12,14.84000015258789,14.920000076293945,14.829999923706055,14.869999885559082,216300,7.939498424530029,0.0,0.0
ADX,2018-04-13,14.970000267028809,15.0,14.789999961853027,14.829999923706055,151300,7.918139934539795,0.0,0.0
ADX,2018-04-16,14.90999984741211,14.979999542236328,14.869999885559082,14.930000305175781,195000,7.971532344818115,0.0,0.0
ADX,2018-04-17,15.010000228881836,15.140000343322754,15.010000228881836,15.09000015258789,177700,8.056961059570312,0.0,0.0
ADX,2018-04-18,15.119999885559082,15.15999984741211,15.100000381469727,15.140000343322754,147200,8.083659172058105,0.0,0.0
ADX,2018-04-19,15.119999885559082,15.130000114440918,15.020000457763672,15.09000015258789,135100,8.056961059570312,0.0,0.0
ADX,2018-04-20,15.09000015258789,15.09000015258789,14.869999885559082,14.90999984741211,119500,7.960857391357422,0.0,0.0
ADX,2018-04-23,14.949999809265137,15.0,14.890000343322754,14.9399995803833,118100,7.976873874664307,0.0,0.0
ADX,2018-04-24,14.970000267028809,15.020000457763672,14.6899995803833,14.760000228881836,216400,7.880768775939941,0.0,0.0
ADX,2018-04-25,14.779999732971191,14.779999732971191,14.619999885559082,14.739999771118164,237000,7.870087623596191,0.0,0.0
ADX,2018-04-26,14.829999923706055,14.960000038146973,14.8100004196167,14.9399995803833,260400,7.976873874664307,0.0,0.0
ADX,2018-04-27,14.949999809265137,15.010000228881836,14.880000114440918,14.949999809265137,241300,7.982213020324707,0.0,0.0
ADX,2018-04-30,15.010000228881836,15.0600004196167,14.850000381469727,14.880000114440918,210400,7.944838523864746,0.0,0.0
ADX,2018-05-01,14.829999923706055,14.890000343322754,14.739999771118164,14.890000343322754,174100,7.950174331665039,0.0,0.0
ADX,2018-05-02,14.930000305175781,14.960000038146973,14.819999694824219,14.829999923706055,101500,7.918139934539795,0.0,0.0
ADX,2018-05-03,14.829999923706055,14.84000015258789,14.630000114440918,14.800000190734863,235400,7.902121067047119,0.0,0.0
ADX,2018-05-04,14.760000228881836,15.010000228881836,14.710000038146973,14.989999771118164,188700,8.003569602966309,0.0,0.0
ADX,2018-05-07,15.0,15.069999694824219,14.989999771118164,15.0,141900,8.00890827178955,0.0,0.0
ADX,2018-05-08,15.029999732971191,15.039999961853027,14.949999809265137,15.0,144300,8.00890827178955,0.0,0.0
ADX,2018-05-09,15.039999961853027,15.140000343322754,15.020000457763672,15.109999656677246,147000,8.067641258239746,0.0,0.0
ADX,2018-05-10,15.15999984741211,15.279999732971191,15.15999984741211,15.260000228881836,138400,8.147730827331543,0.0,0.0
ADX,2018-05-11,15.279999732971191,15.319999694824219,15.260000228881836,15.300000190734863,111500,8.169090270996094,0.0,0.0
ADX,2018-05-14,15.350000381469727,15.40999984741211,15.300000190734863,15.319999694824219,160500,8.179764747619629,0.0,0.0
ADX,2018-05-15,15.270000457763672,15.270000457763672,15.210000038146973,15.260000228881836,233100,8.147730827331543,0.0,0.0
ADX,2018-05-16,15.25,15.3100004196167,15.210000038146973,15.260000228881836,139600,8.147730827331543,0.0,0.0
ADX,2018-05-17,15.229999542236328,15.289999961853027,15.180000305175781,15.229999542236328,165200,8.158443450927734,0.05,0.0
ADX,2018-05-18,15.210000038146973,15.229999542236328,15.170000076293945,15.180000305175781,123000,8.131660461425781,0.0,0.0
ADX,2018-05-21,15.260000228881836,15.34000015258789,15.260000228881836,15.3100004196167,126200,8.201297760009766,0.0,0.0
ADX,2018-05-22,15.359999656677246,15.380000114440918,15.300000190734863,15.300000190734863,221000,8.195940017700195,0.0,0.0
ADX,2018-05-23,15.239999771118164,15.319999694824219,15.199999809265137,15.3100004196167,159200,8.201297760009766,0.0,0.0
ADX,2018-05-24,15.300000190734863,15.319999694824219,15.229999542236328,15.319999694824219,167300,8.20665454864502,0.0,0.0
ADX,2018-05-25,15.300000190734863,15.300000190734863,15.229999542236328,15.260000228881836,241700,8.17451286315918,0.0,0.0
ADX,2018-05-29,15.210000038146973,15.210000038146973,15.039999961853027,15.109999656677246,194300,8.094161987304688,0.0,0.0
ADX,2018-05-30,15.180000305175781,15.319999694824219,15.140000343322754,15.3100004196167,124500,8.201297760009766,0.0,0.0
ADX,2018-05-31,15.300000190734863,15.300000190734863,15.210000038146973,15.220000267028809,179200,8.153087615966797,0.0,0.0
ADX,2018-06-01,15.319999694824219,15.449999809265137,15.3100004196167,15.40999984741211,486600,8.254865646362305,0.0,0.0
ADX,2018-06-04,15.479999542236328,15.489999771118164,15.40999984741211,15.4399995803833,154700,8.270936012268066,0.0,0.0
ADX,2018-06-05,15.449999809265137,15.539999961853027,15.449999809265137,15.5,97700,8.303075790405273,0.0,0.0
ADX,2018-06-06,15.520000457763672,15.65999984741211,15.510000228881836,15.619999885559082,192200,8.367358207702637,0.0,0.0
ADX,2018-06-07,15.65999984741211,15.6899995803833,15.609999656677246,15.630000114440918,253000,8.37271499633789,0.0,0.0
ADX,2018-06-08,15.600000381469727,15.649999618530273,15.550000190734863,15.640000343322754,122000,8.378072738647461,0.0,0.0
ADX,2018-06-11,15.640000343322754,15.720000267028809,15.640000343322754,15.65999984741211,182600,8.388787269592285,0.0,0.0
ADX,2018-06-12,15.6899995803833,15.739999771118164,15.65999984741211,15.739999771118164,141900,8.431639671325684,0.0,0.0
ADX,2018-06-13,15.75,15.770000457763672,15.680000305175781,15.710000038146973,104900,8.415571212768555,0.0,0.0
ADX,2018-06-14,15.75,15.779999732971191,15.729999542236328,15.739999771118164,126600,8.431639671325684,0.0,0.0
ADX,2018-06-15,15.6899995803833,15.720000267028809,15.649999618530273,15.699999809265137,131600,8.410215377807617,0.0,0.0
ADX,2018-06-18,15.640000343322754,15.680000305175781,15.600000381469727,15.65999984741211,116000,8.388787269592285,0.0,0.0
ADX,2018-06-19,15.5600004196167,15.609999656677246,15.510000228881836,15.579999923706055,230200,8.345932006835938,0.0,0.0
ADX,2018-06-20,15.649999618530273,15.710000038146973,15.609999656677246,15.609999656677246,121000,8.3620023727417,0.0,0.0
ADX,2018-06-21,15.649999618530273,15.649999618530273,15.550000190734863,15.5600004196167,167400,8.335217475891113,0.0,0.0
ADX,2018-06-22,15.619999885559082,15.670000076293945,15.619999885559082,15.640000343322754,115200,8.378072738647461,0.0,0.0
ADX,2018-06-25,15.569999694824219,15.569999694824219,15.279999732971191,15.390000343322754,278700,8.244152069091797,0.0,0.0
ADX,2018-06-26,15.430000305175781,15.460000038146973,15.359999656677246,15.40999984741211,189100,8.254865646362305,0.0,0.0
ADX,2018-06-27,15.4399995803833,15.520000457763672,15.289999961853027,15.3100004196167,297300,8.201297760009766,0.0,0.0
ADX,2018-06-28,15.260000228881836,15.380000114440918,15.260000228881836,15.359999656677246,140300,8.228082656860352,0.0,0.0
ADX,2018-06-29,15.40999984741211,15.5,15.40999984741211,15.420000076293945,166300,8.260222434997559,0.0,0.0
ADX,2018-07-02,15.319999694824219,15.40999984741211,15.300000190734863,15.390000343322754,227800,8.244152069091797,0.0,0.0
ADX,2018-07-03,15.470000267028809,15.5,15.34000015258789,15.34000015258789,144900,8.217368125915527,0.0,0.0
ADX,2018-07-05,15.40999984741211,15.449999809265137,15.359999656677246,15.40999984741211,177000,8.254865646362305,0.0,0.0
ADX,2018-07-06,15.420000076293945,15.579999923706055,15.40999984741211,15.550000190734863,203800,8.329862594604492,0.0,0.0
ADX,2018-07-09,15.600000381469727,15.720000267028809,15.600000381469727,15.680000305175781,115800,8.399499893188477,0.0,0.0
ADX,2018-07-10,15.699999809265137,15.75,15.640000343322754,15.720000267028809,84800,8.420926094055176,0.0,0.0
ADX,2018-07-11,15.680000305175781,15.710000038146973,15.630000114440918,15.630000114440918,125400,8.37271499633789,0.0,0.0
ADX,2018-07-12,15.699999809265137,15.770000457763672,15.699999809265137,15.75,372400,8.436999320983887,0.0,0.0
ADX,2018-07-13,15.729999542236328,15.84000015258789,15.729999542236328,15.770000457763672,265900,8.447711944580078,0.0,0.0
ADX,2018-07-16,15.8100004196167,15.829999923706055,15.779999732971191,15.789999961853027,134600,8.458423614501953,0.0,0.0
ADX,2018-07-17,15.75,15.859999656677246,15.75,15.850000381469727,173700,8.490567207336426,0.0,0.0
ADX,2018-07-18,15.880000114440918,15.9399995803833,15.859999656677246,15.920000076293945,113300,8.528064727783203,0.0,0.0
ADX,2018-07-19,15.920000076293945,15.949999809265137,15.859999656677246,15.90999984741211,202700,8.522704124450684,0.0,0.0
ADX,2018-07-20,15.869999885559082,15.949999809265137,15.869999885559082,15.9399995803833,86800,8.538779258728027,0.0,0.0
ADX,2018-07-23,15.930000305175781,15.960000038146973,15.880000114440918,15.949999809265137,118000,8.544136047363281,0.0,0.0
ADX,2018-07-24,15.979999542236328,16.079999923706055,15.979999542236328,16.020000457763672,115900,8.581633567810059,0.0,0.0
ADX,2018-07-25,16.040000915527344,16.15999984741211,16.020000457763672,16.15999984741211,119500,8.656625747680664,0.0,0.0
ADX,2018-07-26,16.1299991607666,16.139999389648438,16.059999465942383,16.1299991607666,145800,8.640557289123535,0.0,0.0
ADX,2018-07-27,16.1200008392334,16.139999389648438,15.979999542236328,16.010000228881836,57400,8.576274871826172,0.0,0.0
ADX,2018-07-30,16.010000228881836,16.010000228881836,15.770000457763672,15.789999961853027,222400,8.458423614501953,0.0,0.0
ADX,2018-07-31,15.84000015258789,15.920000076293945,15.819999694824219,15.869999885559082,193100,8.501279830932617,0.0,0.0
ADX,2018-08-01,15.90999984741211,15.90999984741211,15.819999694824219,15.869999885559082,175300,8.501279830932617,0.0,0.0
ADX,2018-08-02,15.800000190734863,15.960000038146973,15.75,15.960000038146973,136700,8.549489974975586,0.0,0.0
ADX,2018-08-03,15.9399995803833,16.0,15.9399995803833,16.0,84100,8.570919036865234,0.0,0.0
ADX,2018-08-06,15.989999771118164,16.059999465942383,15.920000076293945,16.030000686645508,123500,8.58698844909668,0.0,0.0
ADX,2018-08-07,16.09000015258789,16.139999389648438,16.079999923706055,16.1299991607666,85500,8.640557289123535,0.0,0.0
ADX,2018-08-08,16.1299991607666,16.190000534057617,16.049999237060547,16.15999984741211,177000,8.656625747680664,0.0,0.0
ADX,2018-08-09,16.170000076293945,16.200000762939453,16.1299991607666,16.1299991607666,154600,8.640557289123535,0.0,0.0
ADX,2018-08-10,16.079999923706055,16.1299991607666,16.040000915527344,16.06999969482422,129000,8.608416557312012,0.0,0.0
ADX,2018-08-13,16.100000381469727,16.149999618530273,16.09000015258789,16.100000381469727,78600,8.624486923217773,0.0,0.0
ADX,2018-08-14,16.110000610351562,16.18000030517578,16.079999923706055,16.110000610351562,119000,8.629843711853027,0.0,0.0
ADX,2018-08-15,16.040000915527344,16.079999923706055,15.989999771118164,16.049999237060547,168600,8.597702026367188,0.0,0.0
ADX,2018-08-16,16.040000915527344,16.15999984741211,16.040000915527344,16.149999618530273,94800,8.678305625915527,0.05,0.0
ADX,2018-08-17,16.139999389648438,16.15999984741211,16.1299991607666,16.149999618530273,78100,8.678305625915527,0.0,0.0
ADX,2018-08-20,16.190000534057617,16.200000762939453,16.149999618530273,16.18000030517578,71500,8.694426536560059,0.0,0.0
ADX,2018-08-21,16.209999084472656,16.299999237060547,16.200000762939453,16.229999542236328,148500,8.721293449401855,0.0,0.0
ADX,2018-08-22,16.209999084472656,16.280000686645508,16.200000762939453,16.229999542236328,123100,8.721293449401855,0.0,0.0
ADX,2018-08-23,16.170000076293945,16.260000228881836,16.170000076293945,16.209999084472656,106000,8.71054744720459,0.0,0.0
ADX,2018-08-24,16.239999771118164,16.299999237060547,16.239999771118164,16.299999237060547,124200,8.75890827178955,0.0,0.0
ADX,2018-08-27,16.34000015258789,16.469999313354492,16.34000015258789,16.450000762939453,188200,8.839513778686523,0.0,0.0
ADX,2018-08-28,16.450000762939453,16.5,16.43000030517578,16.450000762939453,151800,8.839513778686523,0.0,0.0
ADX,2018-08-29,16.489999771118164,16.579999923706055,16.489999771118164,16.579999923706055,117300,8.909367561340332,0.0,0.0
ADX,2018-08-30,16.559999465942383,16.56999969482422,16.5,16.540000915527344,121500,8.8878755569458,0.0,0.0
ADX,2018-08-31,16.489999771118164,16.549999237060547,16.489999771118164,16.520000457763672,153400,8.877126693725586,0.0,0.0
ADX,2018-09-04,16.530000686645508,16.559999465942383,16.469999313354492,16.520000457763672,132700,8.877126693725586,0.0,0.0
ADX,2018-09-05,16.540000915527344,16.559999465942383,16.43000030517578,16.520000457763672,67400,8.877126693725586,0.0,0.0
ADX,2018-09-06,16.510000228881836,16.530000686645508,16.399999618530273,16.43000030517578,219600,8.828764915466309,0.0,0.0
ADX,2018-09-07,16.3799991607666,16.479999542236328,16.3799991607666,16.420000076293945,89000,8.823392868041992,0.0,0.0
ADX,2018-09-10,16.479999542236328,16.489999771118164,16.420000076293945,16.420000076293945,89100,8.823392868041992,0.0,0.0
ADX,2018-09-11,16.420000076293945,16.469999313354492,16.399999618530273,16.43000030517578,317700,8.828764915466309,0.0,0.0
ADX,2018-09-12,16.450000762939453,16.530000686645508,16.450000762939453,16.469999313354492,172300,8.850260734558105,0.0,0.0
ADX,2018-09-13,16.56999969482422,16.59000015258789,16.540000915527344,16.540000915527344,80900,8.8878755569458,0.0,0.0
ADX,2018-09-14,16.540000915527344,16.56999969482422,16.530000686645508,16.549999237060547,97200,8.893248558044434,0.0,0.0
ADX,2018-09-17,16.520000457763672,16.530000686645508,16.450000762939453,16.450000762939453,134700,8.839513778686523,0.0,0.0
ADX,2018-09-18,16.479999542236328,16.56999969482422,16.469999313354492,16.540000915527344,108900,8.8878755569458,0.0,0.0
ADX,2018-09-19,16.559999465942383,16.579999923706055,16.540000915527344,16.549999237060547,107600,8.893248558044434,0.0,0.0
ADX,2018-09-20,16.6200008392334,16.719999313354492,16.610000610351562,16.700000762939453,223000,8.973849296569824,0.0,0.0
ADX,2018-09-21,16.729999542236328,16.760000228881836,16.709999084472656,16.739999771118164,123500,8.995346069335938,0.0,0.0
ADX,2018-09-24,16.700000762939453,16.700000762939453,16.610000610351562,16.649999618530273,120800,8.946985244750977,0.0,0.0
ADX,2018-09-25,16.690000534057617,16.729999542236328,16.649999618530273,16.690000534057617,92400,8.968478202819824,0.0,0.0
ADX,2018-09-26,16.729999542236328,16.739999771118164,16.670000076293945,16.68000030517578,114700,8.963107109069824,0.0,0.0
ADX,2018-09-27,16.68000030517578,16.81999969482422,16.68000030517578,16.75,136500,9.00072193145752,0.0,0.0
ADX,2018-09-28,16.719999313354492,16.729999542236328,16.639999389648438,16.670000076293945,202300,8.957731246948242,0.0,0.0
ADX,2018-10-01,16.75,16.75,16.610000610351562,16.65999984741211,405000,8.95235824584961,0.0,0.0
ADX,2018-10-02,16.65999984741211,16.670000076293945,16.600000381469727,16.6200008392334,384700,8.930862426757812,0.0,0.0
ADX,2018-10-03,16.610000610351562,16.690000534057617,16.59000015258789,16.59000015258789,325400,8.914746284484863,0.0,0.0
ADX,2018-10-04,16.530000686645508,16.600000381469727,16.389999389648438,16.450000762939453,192000,8.839513778686523,0.0,0.0
ADX,2018-10-05,16.469999313354492,16.479999542236328,16.239999771118164,16.329999923706055,198700,8.775030136108398,0.0,0.0
ADX,2018-10-08,16.299999237060547,16.360000610351562,16.209999084472656,16.260000228881836,145700,8.737414360046387,0.0,0.0
ADX,2018-10-09,16.280000686645508,16.350000381469727,16.219999313354492,16.219999313354492,137900,8.715920448303223,0.0,0.0
ADX,2018-10-10,16.229999542236328,16.239999771118164,15.789999961853027,15.789999961853027,284200,8.484856605529785,0.0,0.0
ADX,2018-10-11,15.770000457763672,15.770000457763672,15.329999923706055,15.40999984741211,313800,8.280659675598145,0.0,0.0
ADX,2018-10-12,15.6899995803833,15.729999542236328,15.5,15.600000381469727,156600,8.382758140563965,0.0,0.0
ADX,2018-10-15,15.600000381469727,15.699999809265137,15.550000190734863,15.579999923706055,163400,8.372011184692383,0.0,0.0
ADX,2018-10-16,15.640000343322754,15.90999984741211,15.630000114440918,15.899999618530273,170800,8.543968200683594,0.0,0.0
ADX,2018-10-17,15.869999885559082,15.930000305175781,15.729999542236328,15.869999885559082,130000,8.527847290039062,0.0,0.0
ADX,2018-10-18,15.84000015258789,15.890000343322754,15.619999885559082,15.65999984741211,232400,8.41500186920166,0.0,0.0
ADX,2018-10-19,15.720000267028809,15.869999885559082,15.649999618530273,15.65999984741211,220600,8.41500186920166,0.0,0.0
ADX,2018-10-22,15.710000038146973,15.729999542236328,15.569999694824219,15.619999885559082,116300,8.393507957458496,0.0,0.0
ADX,2018-10-23,15.460000038146973,15.579999923706055,15.270000457763672,15.529999732971191,158300,8.345146179199219,0.0,0.0
ADX,2018-10-24,15.520000457763672,15.550000190734863,15.039999961853027,15.069999694824219,158700,8.09796142578125,0.0,0.0
ADX,2018-10-25,15.1899995803833,15.390000343322754,15.109999656677246,15.279999732971191,329400,8.210806846618652,0.0,0.0
ADX,2018-10-26,15.100000381469727,15.210000038146973,14.90999984741211,15.029999732971191,298500,8.076465606689453,0.0,0.0
ADX,2018-10-29,15.199999809265137,15.289999961853027,14.720000267028809,14.84000015258789,269600,7.974369049072266,0.0,0.0
ADX,2018-10-30,14.84000015258789,15.050000190734863,14.800000190734863,15.050000190734863,358900,8.087215423583984,0.0,0.0
ADX,2018-10-31,15.180000305175781,15.4399995803833,15.180000305175781,15.34000015258789,295700,8.243048667907715,0.0,0.0
ADX,2018-11-01,15.369999885559082,15.569999694824219,15.350000381469727,15.520000457763672,304000,8.339774131774902,0.0,0.0
ADX,2018-11-02,15.569999694824219,15.649999618530273,15.329999923706055,15.399999618530273,157500,8.275288581848145,0.0,0.0
ADX,2018-11-05,15.470000267028809,15.579999923706055,15.430000305175781,15.539999961853027,518400,8.350518226623535,0.0,0.0
ADX,2018-11-06,15.600000381469727,15.6899995803833,15.59000015258789,15.640000343322754,282900,8.404253959655762,0.0,0.0
ADX,2018-11-07,15.720000267028809,15.989999771118164,15.720000267028809,15.960000038146973,300700,8.576207160949707,0.0,0.0
ADX,2018-11-08,15.970000267028809,16.110000610351562,15.930000305175781,15.979999542236328,353100,8.586956024169922,0.0,0.0
ADX,2018-11-09,15.9399995803833,15.960000038146973,15.800000190734863,15.880000114440918,142800,8.533218383789062,0.0,0.0
ADX,2018-11-12,15.829999923706055,15.890000343322754,15.59000015258789,15.600000381469727,119400,8.382758140563965,0.0,0.0
ADX,2018-11-13,15.640000343322754,15.710000038146973,15.550000190734863,15.609999656677246,148800,8.388130187988281,0.0,0.0
ADX,2018-11-14,15.710000038146973,15.739999771118164,15.350000381469727,15.40999984741211,167700,8.280659675598145,0.0,0.0
ADX,2018-11-15,15.329999923706055,15.609999656677246,15.260000228881836,15.59000015258789,159700,8.377388954162598,0.0,0.0
ADX,2018-11-16,15.729999542236328,15.859999656677246,15.460000038146973,15.75,551100,8.463363647460938,0.0,0.0
ADX,2018-11-19,15.739999771118164,15.779999732971191,15.550000190734863,15.649999618530273,477200,8.409628868103027,0.0,0.0
ADX,2018-11-20,15.4399995803833,15.449999809265137,15.229999542236328,15.329999923706055,388200,8.237672805786133,0.0,0.0
ADX,2018-11-21,15.350000381469727,15.5,15.319999694824219,15.329999923706055,888700,8.237672805786133,0.0,0.0
ADX,2018-11-23,13.40999984741211,13.5,13.359999656677246,13.479999542236328,425700,8.237672805786133,1.85,0.0
ADX,2018-11-26,13.609999656677246,13.699999809265137,13.600000381469727,13.649999618530273,361300,8.341558456420898,0.0,0.0
ADX,2018-11-27,13.600000381469727,13.720000267028809,13.550000190734863,13.6899995803833,218400,8.366006851196289,0.0,0.0
ADX,2018-11-28,13.779999732971191,13.989999771118164,13.720000267028809,13.989999771118164,233700,8.549335479736328,0.0,0.0
ADX,2018-11-29,13.960000038146973,14.119999885559082,13.960000038146973,14.0600004196167,173300,8.59211254119873,0.0,0.0
ADX,2018-11-30,14.039999961853027,14.130000114440918,14.039999961853027,14.119999885559082,142100,8.628780364990234,0.0,0.0
ADX,2018-12-03,14.260000228881836,14.369999885559082,14.260000228881836,14.3100004196167,176300,8.744892120361328,0.0,0.0
ADX,2018-12-04,14.289999961853027,14.289999961853027,13.869999885559082,13.890000343322754,227200,8.488226890563965,0.0,0.0
ADX,2018-12-06,13.680000305175781,13.6899995803833,13.460000038146973,13.619999885559082,769900,8.323227882385254,0.0,0.0
ADX,2018-12-07,13.65999984741211,13.75,13.4399995803833,13.470000267028809,262800,8.231561660766602,0.0,0.0
ADX,2018-12-10,13.449999809265137,13.5,13.220000267028809,13.350000381469727,340400,8.158232688903809,0.0,0.0
ADX,2018-12-11,13.470000267028809,13.550000190734863,13.270000457763672,13.329999923706055,351000,8.146008491516113,0.0,0.0
ADX,2018-12-12,13.5,13.600000381469727,13.4399995803833,13.470000267028809,177700,8.231561660766602,0.0,0.0
ADX,2018-12-13,13.449999809265137,13.510000228881836,13.380000114440918,13.40999984741211,201500,8.19489574432373,0.0,0.0
ADX,2018-12-14,13.34000015258789,13.380000114440918,13.020000457763672,13.079999923706055,310300,7.993232250213623,0.0,0.0
ADX,2018-12-17,13.0,13.100000381469727,12.819999694824219,12.850000381469727,453100,7.852680683135986,0.0,0.0
ADX,2018-12-18,12.869999885559082,12.9399995803833,12.729999542236328,12.770000457763672,283600,7.8037896156311035,0.0,0.0
ADX,2018-12-19,12.789999961853027,12.920000076293945,12.609999656677246,12.720000267028809,379500,7.77323579788208,0.0,0.0
ADX,2018-12-20,12.65999984741211,12.739999771118164,12.0600004196167,12.380000114440918,828900,7.565459251403809,0.0,0.0
ADX,2018-12-21,12.420000076293945,12.4399995803833,12.119999885559082,12.149999618530273,467800,7.424905776977539,0.0,0.0
ADX,2018-12-24,12.079999923706055,12.09000015258789,11.84000015258789,11.970000267028809,413000,7.314906597137451,0.0,0.0
ADX,2018-12-26,12.489999771118164,12.520000457763672,11.920000076293945,12.520000457763672,637100,7.651012420654297,0.0,0.0
ADX,2018-12-27,12.390000343322754,12.479999542236328,12.09000015258789,12.470000267028809,807600,7.620459079742432,0.0,0.0
ADX,2018-12-28,12.579999923706055,12.6899995803833,12.489999771118164,12.539999961853027,529900,7.663236141204834,0.0,0.0
ADX,2018-12-31,12.59000015258789,12.699999809265137,12.569999694824219,12.619999885559082,375400,7.712125301361084,0.0,0.0
ADX,2019-01-02,12.420000076293945,12.779999732971191,12.380000114440918,12.649999618530273,328800,7.730459213256836,0.0,0.0
ADX,2019-01-03,12.600000381469727,12.630000114440918,12.369999885559082,12.369999885559082,259800,7.55935001373291,0.0,0.0
ADX,2019-01-04,12.5600004196167,12.710000038146973,12.489999771118164,12.649999618530273,443900,7.730459213256836,0.0,0.0
ADX,2019-01-07,12.699999809265137,12.920000076293945,12.680000305175781,12.829999923706055,420400,7.840456962585449,0.0,0.0
ADX,2019-01-08,12.970000267028809,13.0600004196167,12.850000381469727,12.989999771118164,334900,7.938232898712158,0.0,0.0
ADX,2019-01-09,13.029999732971191,13.220000267028809,13.029999732971191,13.149999618530273,329700,8.036008834838867,0.0,0.0
ADX,2019-01-10,13.09000015258789,13.260000228881836,13.029999732971191,13.210000038146973,237100,8.072677612304688,0.0,0.0
ADX,2019-01-11,13.199999809265137,13.279999732971191,13.15999984741211,13.260000228881836,202500,8.103232383728027,0.0,0.0
ADX,2019-01-14,13.199999809265137,13.260000228881836,13.109999656677246,13.239999771118164,184400,8.091008186340332,0.0,0.0
ADX,2019-01-15,13.229999542236328,13.449999809265137,13.229999542236328,13.40999984741211,190500,8.19489574432373,0.0,0.0
ADX,2019-01-16,13.4399995803833,13.539999961853027,13.4399995803833,13.5,233000,8.249894142150879,0.0,0.0
ADX,2019-01-17,13.430000305175781,13.600000381469727,13.430000305175781,13.539999961853027,170300,8.274338722229004,0.0,0.0
ADX,2019-01-18,13.600000381469727,13.680000305175781,13.59000015258789,13.649999618530273,319800,8.341558456420898,0.0,0.0
ADX,2019-01-22,13.539999961853027,13.579999923706055,13.4399995803833,13.5,206700,8.249894142150879,0.0,0.0
ADX,2019-01-23,13.5600004196167,13.600000381469727,13.420000076293945,13.5600004196167,150400,8.286561012268066,0.0,0.0
ADX,2019-01-24,13.569999694824219,13.59000015258789,13.390000343322754,13.460000038146973,400200,8.225452423095703,0.0,0.0
ADX,2019-01-25,13.520000457763672,13.59000015258789,13.479999542236328,13.579999923706055,224400,8.298783302307129,0.0,0.0
ADX,2019-01-28,13.510000228881836,13.510000228881836,13.369999885559082,13.479999542236328,231300,8.237672805786133,0.0,0.0
ADX,2019-01-29,13.430000305175781,13.489999771118164,13.399999618530273,13.4399995803833,218300,8.213231086730957,0.0,0.0
ADX,2019-01-30,13.489999771118164,13.670000076293945,13.489999771118164,13.640000343322754,328100,8.335450172424316,0.0,0.0
ADX,2019-01-31,13.600000381469727,13.75,13.600000381469727,13.720000267028809,405800,8.384337425231934,0.0,0.0
ADX,2019-02-01,13.729999542236328,13.800000190734863,13.720000267028809,13.75,201200,8.402671813964844,0.0,0.0
ADX,2019-02-04,13.770000457763672,13.84000015258789,13.739999771118164,13.8100004196167,192500,8.439339637756348,0.0,0.0
ADX,2019-02-05,13.819999694824219,13.90999984741211,13.819999694824219,13.90999984741211,189600,8.500448226928711,0.0,0.0
ADX,2019-02-06,13.880000114440918,13.930000305175781,13.869999885559082,13.920000076293945,177000,8.506558418273926,0.0,0.0
ADX,2019-02-07,13.859999656677246,13.880000114440918,13.720000267028809,13.789999961853027,180600,8.427116394042969,0.0,0.0
ADX,2019-02-08,13.699999809265137,13.779999732971191,13.6899995803833,13.779999732971191,129400,8.421004295349121,0.0,0.0
ADX,2019-02-11,13.800000190734863,13.829999923706055,13.760000228881836,13.779999732971191,146500,8.421004295349121,0.0,0.0
ADX,2019-02-12,13.850000381469727,13.989999771118164,13.850000381469727,13.970000267028809,134600,8.537115097045898,0.0,0.0
ADX,2019-02-13,14.020000457763672,14.069999694824219,14.0,14.029999732971191,101300,8.57378101348877,0.0,0.0
ADX,2019-02-14,13.949999809265137,14.0,13.899999618530273,13.979999542236328,172300,8.57378101348877,0.05,0.0
ADX,2019-02-15,14.039999961853027,14.09000015258789,14.039999961853027,14.079999923706055,165800,8.635109901428223,0.0,0.0
ADX,2019-02-19,14.039999961853027,14.140000343322754,14.039999961853027,14.100000381469727,109800,8.64737606048584,0.0,0.0
ADX,2019-02-20,14.09000015258789,14.140000343322754,14.0600004196167,14.100000381469727,166300,8.64737606048584,0.0,0.0
ADX,2019-02-21,14.079999923706055,14.109999656677246,14.029999732971191,14.0600004196167,148500,8.622844696044922,0.0,0.0
ADX,2019-02-22,14.100000381469727,14.149999618530273,14.09000015258789,14.119999885559082,117200,8.659642219543457,0.0,0.0
ADX,2019-02-25,14.1899995803833,14.210000038146973,14.149999618530273,14.180000305175781,275600,8.696439743041992,0.0,0.0
ADX,2019-02-26,14.170000076293945,14.199999809265137,14.130000114440918,14.130000114440918,409100,8.66577434539795,0.0,0.0
ADX,2019-02-27,14.109999656677246,14.149999618530273,14.100000381469727,14.130000114440918,198000,8.66577434539795,0.0,0.0
ADX,2019-02-28,14.119999885559082,14.170000076293945,14.109999656677246,14.130000114440918,227900,8.66577434539795,0.0,0.0
ADX,2019-03-01,14.1899995803833,14.239999771118164,14.149999618530273,14.220000267028809,229800,8.720970153808594,0.0,0.0
ADX,2019-03-04,14.239999771118164,14.3100004196167,14.109999656677246,14.170000076293945,235500,8.690305709838867,0.0,0.0
ADX,2019-03-05,14.180000305175781,14.210000038146973,14.130000114440918,14.180000305175781,238600,8.696439743041992,0.0,0.0
ADX,2019-03-06,14.15999984741211,14.15999984741211,14.0600004196167,14.079999923706055,226400,8.635109901428223,0.0,0.0
ADX,2019-03-07,14.050000190734863,14.09000015258789,13.90999984741211,13.979999542236328,165800,8.57378101348877,0.0,0.0
ADX,2019-03-08,13.869999885559082,13.90999984741211,13.449999809265137,13.899999618530273,274500,8.524718284606934,0.0,0.0
ADX,2019-03-11,13.920000076293945,14.079999923706055,13.90999984741211,14.069999694824219,190100,8.628976821899414,0.0,0.0
ADX,2019-03-12,14.09000015258789,14.15999984741211,14.09000015258789,14.119999885559082,129900,8.659642219543457,0.0,0.0
ADX,2019-03-13,14.15999984741211,14.289999961853027,14.15999984741211,14.239999771118164,159900,8.733236312866211,0.0,0.0
ADX,2019-03-14,14.260000228881836,14.270000457763672,14.229999542236328,14.239999771118164,87600,8.733236312866211,0.0,0.0
ADX,2019-03-15,14.279999732971191,14.34000015258789,14.25,14.300000190734863,167900,8.770034790039062,0.0,0.0
ADX,2019-03-18,14.3100004196167,14.390000343322754,14.3100004196167,14.369999885559082,92000,8.812965393066406,0.0,0.0
ADX,2019-03-19,14.449999809265137,14.470000267028809,14.369999885559082,14.369999885559082,97700,8.812965393066406,0.0,0.0
ADX,2019-03-20,14.329999923706055,14.430000305175781,14.300000190734863,14.359999656677246,208300,8.806829452514648,0.0,0.0
ADX,2019-03-21,14.350000381469727,14.520000457763672,14.319999694824219,14.5,165700,8.892690658569336,0.0,0.0
ADX,2019-03-22,14.449999809265137,14.5,14.25,14.25,205100,8.73936939239502,0.0,0.0
ADX,2019-03-25,14.25,14.270000457763672,14.140000343322754,14.210000038146973,141300,8.714838981628418,0.0,0.0
ADX,2019-03-26,14.289999961853027,14.359999656677246,14.229999542236328,14.279999732971191,184100,8.757769584655762,0.0,0.0
ADX,2019-03-27,14.300000190734863,14.329999923706055,14.170000076293945,14.239999771118164,204000,8.733236312866211,0.0,0.0
ADX,2019-03-28,14.279999732971191,14.34000015258789,14.239999771118164,14.319999694824219,154700,8.78230094909668,0.0,0.0
ADX,2019-03-29,14.390000343322754,14.460000038146973,14.359999656677246,14.4399995803833,103900,8.8558931350708,0.0,0.0
ADX,2019-04-01,14.5600004196167,14.600000381469727,14.520000457763672,14.600000381469727,150400,8.954019546508789,0.0,0.0
ADX,2019-04-02,14.619999885559082,14.640000343322754,14.550000190734863,14.630000114440918,123200,8.972417831420898,0.0,0.0
ADX,2019-04-03,14.680000305175781,14.720000267028809,14.600000381469727,14.640000343322754,227900,8.978551864624023,0.0,0.0
ADX,2019-04-04,14.680000305175781,14.720000267028809,14.630000114440918,14.720000267028809,176200,9.027615547180176,0.0,0.0
ADX,2019-04-05,14.720000267028809,14.789999961853027,14.710000038146973,14.789999961853027,324500,9.070545196533203,0.0,0.0
ADX,2019-04-08,14.760000228881836,14.819999694824219,14.6899995803833,14.819999694824219,175200,9.088944435119629,0.0,0.0
ADX,2019-04-09,14.760000228881836,14.770000457763672,14.699999809265137,14.729999542236328,271000,9.033746719360352,0.0,0.0
ADX,2019-04-10,14.760000228881836,14.770000457763672,14.710000038146973,14.760000228881836,206100,9.052144050598145,0.0,0.0
ADX,2019-04-11,14.739999771118164,14.789999961853027,14.739999771118164,14.770000457763672,191400,9.058279991149902,0.0,0.0
ADX,2019-04-12,14.850000381469727,14.90999984741211,14.819999694824219,14.890000343322754,290300,9.131874084472656,0.0,0.0
ADX,2019-04-15,14.899999618530273,14.899999618530273,14.829999923706055,14.890000343322754,87600,9.131874084472656,0.0,0.0
ADX,2019-04-16,14.90999984741211,14.949999809265137,14.899999618530273,14.930000305175781,243500,9.156405448913574,0.0,0.0
ADX,2019-04-17,14.970000267028809,15.0,14.880000114440918,14.890000343322754,160300,9.131874084472656,0.0,0.0
ADX,2019-04-18,14.90999984741211,14.9399995803833,14.869999885559082,14.930000305175781,123000,9.156405448913574,0.0,0.0
ADX,2019-04-22,14.859999656677246,14.949999809265137,14.859999656677246,14.949999809265137,92300,9.168671607971191,0.0,0.0
ADX,2019-04-23,14.949999809265137,15.050000190734863,14.9399995803833,15.039999961853027,233200,9.223867416381836,0.0,0.0
ADX,2019-04-24,15.039999961853027,15.050000190734863,15.0,15.029999732971191,167300,9.217734336853027,0.0,0.0
ADX,2019-04-25,15.010000228881836,15.069999694824219,14.989999771118164,15.039999961853027,175100,9.223867416381836,0.0,0.0
ADX,2019-04-26,15.069999694824219,15.180000305175781,15.029999732971191,15.149999618530273,341500,9.291327476501465,0.0,0.0
ADX,2019-04-29,15.199999809265137,15.229999542236328,15.149999618530273,15.229999542236328,108100,9.340391159057617,0.0,0.0
ADX,2019-04-30,15.199999809265137,15.239999771118164,15.130000114440918,15.220000267028809,175700,9.334259986877441,0.0,0.0
ADX,2019-05-01,15.25,15.300000190734863,15.199999809265137,15.199999809265137,146100,9.32199478149414,0.0,0.0
ADX,2019-05-02,15.15999984741211,15.210000038146973,15.09000015258789,15.109999656677246,117100,9.26679801940918,0.0,0.0
ADX,2019-05-03,15.1899995803833,15.279999732971191,15.180000305175781,15.239999771118164,78600,9.346525192260742,0.0,0.0
ADX,2019-05-06,15.0600004196167,15.260000228881836,15.010000228881836,15.260000228881836,111300,9.358790397644043,0.0,0.0
ADX,2019-05-07,15.15999984741211,15.170000076293945,14.899999618530273,14.970000267028809,242700,9.180936813354492,0.0,0.0
ADX,2019-05-08,14.930000305175781,15.069999694824219,14.899999618530273,15.010000228881836,149300,9.20546817779541,0.0,0.0
ADX,2019-05-09,14.890000343322754,14.979999542236328,14.819999694824219,14.920000076293945,206600,9.150277137756348,0.0,0.0
ADX,2019-05-10,14.890000343322754,15.039999961853027,14.8100004196167,15.029999732971191,167500,9.217734336853027,0.0,0.0
ADX,2019-05-13,14.779999732971191,14.829999923706055,14.699999809265137,14.760000228881836,219400,9.052144050598145,0.0,0.0
ADX,2019-05-14,14.800000190734863,14.930000305175781,14.800000190734863,14.890000343322754,131300,9.131874084472656,0.0,0.0
ADX,2019-05-15,14.819999694824219,14.960000038146973,14.779999732971191,14.920000076293945,125400,9.150277137756348,0.0,0.0
ADX,2019-05-16,14.899999618530273,15.069999694824219,14.899999618530273,15.050000190734863,99800,9.261038780212402,0.05,0.0
ADX,2019-05-17,14.979999542236328,15.09000015258789,14.949999809265137,14.989999771118164,124600,9.224115371704102,0.0,0.0
ADX,2019-05-20,14.949999809265137,14.949999809265137,14.869999885559082,14.890000343322754,135900,9.162576675415039,0.0,0.0
ADX,2019-05-21,14.970000267028809,14.979999542236328,14.930000305175781,14.979999542236328,76500,9.2179594039917,0.0,0.0
ADX,2019-05-22,14.920000076293945,15.0,14.920000076293945,14.930000305175781,57800,9.18719482421875,0.0,0.0
ADX,2019-05-23,14.850000381469727,14.859999656677246,14.710000038146973,14.760000228881836,167400,9.082584381103516,0.0,0.0
ADX,2019-05-24,14.819999694824219,14.869999885559082,14.779999732971191,14.829999923706055,113300,9.125658988952637,0.0,0.0
ADX,2019-05-28,14.859999656677246,14.899999618530273,14.729999542236328,14.75,156800,9.07642936706543,0.0,0.0
ADX,2019-05-29,14.680000305175781,14.680000305175781,14.520000457763672,14.59000015258789,179900,8.977972984313965,0.0,0.0
ADX,2019-05-30,14.630000114440918,14.65999984741211,14.569999694824219,14.649999618530273,108700,9.014896392822266,0.0,0.0
ADX,2019-05-31,14.539999961853027,14.569999694824219,14.479999542236328,14.5,216600,8.922593116760254,0.0,0.0
ADX,2019-06-03,14.5,14.5600004196167,14.359999656677246,14.399999618530273,130400,8.861058235168457,0.0,0.0
ADX,2019-06-04,14.550000190734863,14.65999984741211,14.510000228881836,14.649999618530273,142300,9.014896392822266,0.0,0.0
ADX,2019-06-05,14.739999771118164,14.779999732971191,14.680000305175781,14.770000457763672,80400,9.088738441467285,0.0,0.0
ADX,2019-06-06,14.800000190734863,14.90999984741211,14.800000190734863,14.90999984741211,165300,9.174887657165527,0.0,0.0
ADX,2019-06-07,14.960000038146973,15.100000381469727,14.9399995803833,15.09000015258789,126900,9.285648345947266,0.0,0.0
ADX,2019-06-10,15.149999618530273,15.300000190734863,15.149999618530273,15.15999984741211,173600,9.328725814819336,0.0,0.0
ADX,2019-06-11,15.260000228881836,15.270000457763672,15.140000343322754,15.210000038146973,123800,9.359492301940918,0.0,0.0
ADX,2019-06-12,15.210000038146973,15.210000038146973,15.109999656677246,15.15999984741211,124600,9.328725814819336,0.0,0.0
ADX,2019-06-13,15.220000267028809,15.239999771118164,15.130000114440918,15.15999984741211,69400,9.328725814819336,0.0,0.0
ADX,2019-06-14,15.170000076293945,15.210000038146973,15.119999885559082,15.199999809265137,66700,9.353339195251465,0.0,0.0
ADX,2019-06-17,15.210000038146973,15.260000228881836,15.199999809265137,15.220000267028809,91700,9.365647315979004,0.0,0.0
ADX,2019-06-18,15.270000457763672,15.359999656677246,15.270000457763672,15.350000381469727,160800,9.44564151763916,0.0,0.0
ADX,2019-06-19,15.34000015258789,15.420000076293945,15.329999923706055,15.390000343322754,95700,9.470256805419922,0.0,0.0
ADX,2019-06-20,15.520000457763672,15.59000015258789,15.479999542236328,15.520000457763672,167300,9.550252914428711,0.0,0.0
ADX,2019-06-21,15.5,15.649999618530273,15.5,15.520000457763672,115200,9.550252914428711,0.0,0.0
ADX,2019-06-24,15.529999732971191,15.600000381469727,15.479999542236328,15.5,103900,9.537943840026855,0.0,0.0
ADX,2019-06-25,15.470000267028809,15.520000457763672,15.239999771118164,15.260000228881836,192700,9.390259742736816,0.0,0.0
ADX,2019-06-26,15.329999923706055,15.399999618530273,15.289999961853027,15.3100004196167,87100,9.421028137207031,0.0,0.0
ADX,2019-06-27,15.34000015258789,15.430000305175781,15.34000015258789,15.399999618530273,91100,9.476408958435059,0.0,0.0
ADX,2019-06-28,15.430000305175781,15.489999771118164,15.390000343322754,15.470000267028809,75300,9.51948356628418,0.0,0.0
ADX,2019-07-01,15.5600004196167,15.630000114440918,15.510000228881836,15.569999694824219,130200,9.581019401550293,0.0,0.0
ADX,2019-07-02,15.569999694824219,15.640000343322754,15.569999694824219,15.619999885559082,86600,9.611785888671875,0.0,0.0
ADX,2019-07-03,15.65999984741211,15.699999809265137,15.649999618530273,15.670000076293945,65000,9.642555236816406,0.0,0.0
ADX,2019-07-05,15.619999885559082,15.670000076293945,15.539999961853027,15.619999885559082,64100,9.611785888671875,0.0,0.0
ADX,2019-07-08,15.600000381469727,15.649999618530273,15.550000190734863,15.609999656677246,64600,9.605631828308105,0.0,0.0
ADX,2019-07-09,15.569999694824219,15.640000343322754,15.569999694824219,15.59000015258789,110700,9.593323707580566,0.0,0.0
ADX,2019-07-10,15.640000343322754,15.779999732971191,15.640000343322754,15.739999771118164,94800,9.685627937316895,0.0,0.0
ADX,2019-07-11,15.760000228881836,15.859999656677246,15.75,15.819999694824219,148200,9.734854698181152,0.0,0.0
ADX,2019-07-12,15.850000381469727,15.880000114440918,15.819999694824219,15.850000381469727,129200,9.753315925598145,0.0,0.0
ADX,2019-07-15,15.859999656677246,15.890000343322754,15.8100004196167,15.869999885559082,134200,9.765623092651367,0.0,0.0
ADX,2019-07-16,15.869999885559082,15.920000076293945,15.850000381469727,15.890000343322754,66400,9.77793025970459,0.0,0.0
ADX,2019-07-17,15.899999618530273,15.930000305175781,15.779999732971191,15.8100004196167,148800,9.728702545166016,0.0,0.0
ADX,2019-07-18,15.789999961853027,15.880000114440918,15.789999961853027,15.880000114440918,112300,9.771777153015137,0.0,0.0
ADX,2019-07-19,15.920000076293945,15.930000305175781,15.8100004196167,15.859999656677246,111000,9.75947093963623,0.0,0.0
ADX,2019-07-22,15.850000381469727,15.890000343322754,15.800000190734863,15.819999694824219,78900,9.734854698181152,0.0,0.0
ADX,2019-07-23,15.869999885559082,15.9399995803833,15.819999694824219,15.9399995803833,116700,9.808698654174805,0.0,0.0
ADX,2019-07-24,15.90999984741211,16.010000228881836,15.90999984741211,16.010000228881836,75800,9.851775169372559,0.0,0.0
ADX,2019-07-25,15.989999771118164,16.040000915527344,15.880000114440918,15.899999618530273,163700,9.784086227416992,0.0,0.0
ADX,2019-07-26,15.9399995803833,16.020000457763672,15.930000305175781,16.010000228881836,145000,9.851775169372559,0.0,0.0
ADX,2019-07-29,16.030000686645508,16.059999465942383,15.979999542236328,16.040000915527344,105000,9.870233535766602,0.0,0.0
ADX,2019-07-30,16.020000457763672,16.049999237060547,15.979999542236328,16.049999237060547,117400,9.876386642456055,0.0,0.0
ADX,2019-07-31,16.059999465942383,16.110000610351562,15.819999694824219,15.979999542236328,208000,9.833312034606934,0.0,0.0
ADX,2019-08-01,15.970000267028809,16.06999969482422,15.829999923706055,15.859999656677246,230200,9.75947093963623,0.0,0.0
ADX,2019-08-02,15.760000228881836,15.789999961853027,15.569999694824219,15.770000457763672,195900,9.70408821105957,0.0,0.0
ADX,2019-08-05,15.649999618530273,15.680000305175781,15.130000114440918,15.279999732971191,317800,9.402565956115723,0.0,0.0
ADX,2019-08-06,15.319999694824219,15.420000076293945,15.229999542236328,15.40999984741211,266200,9.482562065124512,0.0,0.0
ADX,2019-08-07,15.199999809265137,15.380000114440918,15.100000381469727,15.329999923706055,158700,9.433334350585938,0.0,0.0
ADX,2019-08-08,15.4399995803833,15.649999618530273,15.399999618530273,15.649999618530273,190700,9.630244255065918,0.0,0.0
ADX,2019-08-09,15.600000381469727,15.609999656677246,15.449999809265137,15.550000190734863,211500,9.568713188171387,0.0,0.0
ADX,2019-08-12,15.460000038146973,15.529999732971191,15.430000305175781,15.479999542236328,206100,9.525636672973633,0.0,0.0
ADX,2019-08-13,15.449999809265137,15.720000267028809,15.4399995803833,15.630000114440918,158900,9.617941856384277,0.0,0.0
ADX,2019-08-14,15.460000038146973,15.489999771118164,15.319999694824219,15.350000381469727,293200,9.44564151763916,0.0,0.0
ADX,2019-08-15,15.329999923706055,15.350000381469727,15.170000076293945,15.229999542236328,244200,9.402426719665527,0.05,0.0
ADX,2019-08-16,15.3100004196167,15.420000076293945,15.279999732971191,15.380000114440918,135600,9.495030403137207,0.0,0.0
ADX,2019-08-19,15.550000190734863,15.59000015258789,15.489999771118164,15.510000228881836,132600,9.575287818908691,0.0,0.0
ADX,2019-08-20,15.5,15.5,15.399999618530273,15.40999984741211,217700,9.513550758361816,0.0,0.0
ADX,2019-08-21,15.5,15.529999732971191,15.40999984741211,15.420000076293945,387300,9.519726753234863,0.0,0.0
ADX,2019-08-22,15.430000305175781,15.479999542236328,15.350000381469727,15.399999618530273,312500,9.507377624511719,0.0,0.0
ADX,2019-08-23,15.34000015258789,15.430000305175781,15.0600004196167,15.09000015258789,218200,9.315993309020996,0.0,0.0
ADX,2019-08-26,15.1899995803833,15.260000228881836,15.140000343322754,15.199999809265137,175100,9.383905410766602,0.0,0.0
ADX,2019-08-27,15.300000190734863,15.350000381469727,15.109999656677246,15.140000343322754,180400,9.346864700317383,0.0,0.0
ADX,2019-08-28,15.140000343322754,15.319999694824219,15.0600004196167,15.300000190734863,267600,9.445640563964844,0.0,0.0
ADX,2019-08-29,15.449999809265137,15.479999542236328,15.359999656677246,15.449999809265137,169300,9.53824520111084,0.0,0.0
ADX,2019-08-30,15.529999732971191,15.550000190734863,15.430000305175781,15.489999771118164,188700,9.562938690185547,0.0,0.0
ADX,2019-09-03,15.399999618530273,15.4399995803833,15.350000381469727,15.420000076293945,185900,9.519726753234863,0.0,0.0
ADX,2019-09-04,15.529999732971191,15.569999694824219,15.510000228881836,15.539999961853027,81900,9.593809127807617,0.0,0.0
ADX,2019-09-05,15.649999618530273,15.829999923706055,15.59000015258789,15.760000228881836,278000,9.729628562927246,0.0,0.0
ADX,2019-09-06,15.819999694824219,15.890000343322754,15.760000228881836,15.829999923706055,293000,9.772841453552246,0.0,0.0
ADX,2019-09-09,15.869999885559082,15.869999885559082,15.779999732971191,15.789999961853027,125500,9.748150825500488,0.0,0.0
ADX,2019-09-10,15.760000228881836,15.770000457763672,15.680000305175781,15.729999542236328,186800,9.711106300354004,0.0,0.0
ADX,2019-09-11,15.729999542236328,15.850000381469727,15.729999542236328,15.850000381469727,166800,9.785189628601074,0.0,0.0
ADX,2019-09-12,15.880000114440918,16.0,15.859999656677246,15.949999809265137,261100,9.846924781799316,0.0,0.0
ADX,2019-09-13,15.989999771118164,15.989999771118164,15.920000076293945,15.970000267028809,131500,9.859273910522461,0.0,0.0
ADX,2019-09-16,15.930000305175781,15.930000305175781,15.850000381469727,15.869999885559082,163900,9.797536849975586,0.0,0.0
ADX,2019-09-17,15.829999923706055,15.920000076293945,15.829999923706055,15.90999984741211,147400,9.822232246398926,0.0,0.0
ADX,2019-09-18,15.899999618530273,15.90999984741211,15.819999694824219,15.869999885559082,173600,9.797536849975586,0.0,0.0
ADX,2019-09-19,15.890000343322754,16.0,15.890000343322754,15.970000267028809,135100,9.859273910522461,0.0,0.0
ADX,2019-09-20,15.989999771118164,16.020000457763672,15.9399995803833,15.960000038146973,224800,9.85309886932373,0.0,0.0
ADX,2019-09-23,15.90999984741211,15.9399995803833,15.869999885559082,15.90999984741211,97500,9.822232246398926,0.0,0.0
ADX,2019-09-24,15.970000267028809,15.989999771118164,15.699999809265137,15.710000038146973,204000,9.698759078979492,0.0,0.0
ADX,2019-09-25,15.720000267028809,15.84000015258789,15.720000267028809,15.84000015258789,203000,9.77901554107666,0.0,0.0
ADX,2019-09-26,15.859999656677246,15.859999656677246,15.779999732971191,15.84000015258789,112400,9.77901554107666,0.0,0.0
ADX,2019-09-27,15.890000343322754,15.90999984741211,15.760000228881836,15.800000190734863,113600,9.754322052001953,0.0,0.0
ADX,2019-09-30,15.819999694824219,15.869999885559082,15.800000190734863,15.84000015258789,67100,9.77901554107666,0.0,0.0
ADX,2019-10-01,15.869999885559082,15.920000076293945,15.65999984741211,15.65999984741211,168600,9.667890548706055,0.0,0.0
ADX,2019-10-02,15.600000381469727,15.600000381469727,15.380000114440918,15.460000038146973,300300,9.544419288635254,0.0,0.0
ADX,2019-10-03,15.489999771118164,15.5600004196167,15.319999694824219,15.5600004196167,171200,9.606156349182129,0.0,0.0
ADX,2019-10-04,15.619999885559082,15.729999542236328,15.550000190734863,15.729999542236328,115200,9.711106300354004,0.0,0.0
ADX,2019-10-07,15.699999809265137,15.800000190734863,15.6899995803833,15.729999542236328,101300,9.711106300354004,0.0,0.0
ADX,2019-10-08,15.630000114440918,15.640000343322754,15.520000457763672,15.5600004196167,175300,9.606156349182129,0.0,0.0
ADX,2019-10-09,15.640000343322754,15.6899995803833,15.600000381469727,15.649999618530273,206500,9.661715507507324,0.0,0.0
ADX,2019-10-10,15.670000076293945,15.739999771118164,15.65999984741211,15.729999542236328,200900,9.711106300354004,0.0,0.0
ADX,2019-10-11,15.829999923706055,15.920000076293945,15.829999923706055,15.850000381469727,140600,9.785189628601074,0.0,0.0
ADX,2019-10-14,15.8100004196167,15.880000114440918,15.800000190734863,15.8100004196167,96100,9.760496139526367,0.0,0.0
ADX,2019-10-15,15.850000381469727,15.949999809265137,15.850000381469727,15.890000343322754,184200,9.809884071350098,0.0,0.0
ADX,2019-10-16,15.880000114440918,15.930000305175781,15.779999732971191,15.859999656677246,142000,9.791364669799805,0.0,0.0
ADX,2019-10-17,15.899999618530273,15.949999809265137,15.84000015258789,15.90999984741211,120200,9.822232246398926,0.0,0.0
ADX,2019-10-18,15.869999885559082,15.880000114440918,15.789999961853027,15.829999923706055,124100,9.772841453552246,0.0,0.0
ADX,2019-10-21,15.859999656677246,15.930000305175781,15.800000190734863,15.920000076293945,89400,9.828405380249023,0.0,0.0
ADX,2019-10-22,15.949999809265137,16.049999237060547,15.9399995803833,15.979999542236328,235100,9.865447044372559,0.0,0.0
ADX,2019-10-23,15.960000038146973,16.010000228881836,15.9399995803833,15.970000267028809,142400,9.859273910522461,0.0,0.0
ADX,2019-10-24,16.010000228881836,16.020000457763672,15.960000038146973,16.010000228881836,100500,9.883970260620117,0.0,0.0
ADX,2019-10-25,15.989999771118164,16.06999969482422,15.989999771118164,16.040000915527344,118100,9.90248966217041,0.0,0.0
ADX,2019-10-28,16.06999969482422,16.100000381469727,16.040000915527344,16.079999923706055,169300,9.927183151245117,0.0,0.0
ADX,2019-10-29,16.059999465942383,16.1200008392334,16.059999465942383,16.110000610351562,102200,9.945704460144043,0.0,0.0
ADX,2019-10-30,16.110000610351562,16.1299991607666,16.049999237060547,16.1200008392334,98400,9.951876640319824,0.0,0.0
ADX,2019-10-31,16.1200008392334,16.1299991607666,16.049999237060547,16.100000381469727,114900,9.939531326293945,0.0,0.0
ADX,2019-11-01,16.1299991607666,16.209999084472656,16.1200008392334,16.18000030517578,109400,9.988919258117676,0.0,0.0
ADX,2019-11-04,16.229999542236328,16.270000457763672,16.190000534057617,16.229999542236328,143600,10.019786834716797,0.0,0.0
ADX,2019-11-05,16.25,16.309999465942383,16.229999542236328,16.270000457763672,147000,10.044482231140137,0.0,0.0
ADX,2019-11-06,16.290000915527344,16.31999969482422,16.25,16.309999465942383,243400,10.06917667388916,0.0,0.0
ADX,2019-11-07,16.389999389648438,16.440000534057617,16.360000610351562,16.40999984741211,201500,10.130913734436035,0.0,0.0
ADX,2019-11-08,16.3700008392334,16.440000534057617,16.329999923706055,16.440000534057617,199900,10.149435997009277,0.0,0.0
ADX,2019-11-11,16.389999389648438,16.450000762939453,16.360000610351562,16.450000762939453,176000,10.155609130859375,0.0,0.0
ADX,2019-11-12,16.459999084472656,16.479999542236328,16.399999618530273,16.450000762939453,224000,10.155609130859375,0.0,0.0
ADX,2019-11-13,16.43000030517578,16.520000457763672,16.40999984741211,16.5,282300,10.186476707458496,0.0,0.0
ADX,2019-11-14,16.469999313354492,16.559999465942383,16.420000076293945,16.530000686645508,248300,10.204998970031738,0.0,0.0
ADX,2019-11-15,16.700000762939453,16.700000762939453,16.600000381469727,16.649999618530273,377500,10.279081344604492,0.0,0.0
ADX,2019-11-18,16.639999389648438,16.760000228881836,16.639999389648438,16.670000076293945,222700,10.291426658630371,0.0,0.0
ADX,2019-11-19,16.739999771118164,16.739999771118164,16.649999618530273,16.690000534057617,216600,10.303772926330566,0.0,0.0
ADX,2019-11-20,16.670000076293945,16.690000534057617,16.540000915527344,16.579999923706055,159800,10.235864639282227,0.0,0.0
ADX,2019-11-21,16.59000015258789,16.6299991607666,16.510000228881836,16.520000457763672,345000,10.198822021484375,0.0,0.0
ADX,2019-11-22,15.270000457763672,15.430000305175781,15.170000076293945,15.430000305175781,345900,10.319202423095703,1.27,0.0
ADX,2019-11-25,15.449999809265137,15.489999771118164,15.390000343322754,15.489999771118164,322100,10.359330177307129,0.0,0.0
ADX,2019-11-26,15.460000038146973,15.489999771118164,15.420000076293945,15.4399995803833,326200,10.325889587402344,0.0,0.0
ADX,2019-11-27,15.460000038146973,15.529999732971191,15.4399995803833,15.529999732971191,121200,10.386079788208008,0.0,0.0
ADX,2019-11-29,15.5,15.520000457763672,15.479999542236328,15.510000228881836,75400,10.372703552246094,0.0,0.0
ADX,2019-12-02,15.550000190734863,15.550000190734863,15.430000305175781,15.4399995803833,241800,10.325889587402344,0.0,0.0
ADX,2019-12-03,15.319999694824219,15.329999923706055,15.15999984741211,15.300000190734863,217200,10.23226261138916,0.0,0.0
ADX,2019-12-04,15.319999694824219,15.40999984741211,15.3100004196167,15.369999885559082,189700,10.279078483581543,0.0,0.0
ADX,2019-12-05,15.369999885559082,15.369999885559082,15.300000190734863,15.34000015258789,301100,10.259011268615723,0.0,0.0
ADX,2019-12-06,15.40999984741211,15.520000457763672,15.40999984741211,15.5,172800,10.366016387939453,0.0,0.0
ADX,2019-12-09,15.5,15.529999732971191,15.5,15.529999732971191,178700,10.386079788208008,0.0,0.0
ADX,2019-12-10,15.510000228881836,15.5600004196167,15.460000038146973,15.460000038146973,295200,10.339266777038574,0.0,0.0
ADX,2019-12-11,15.5,15.529999732971191,15.489999771118164,15.510000228881836,290400,10.372703552246094,0.0,0.0
ADX,2019-12-12,15.5,15.640000343322754,15.489999771118164,15.59000015258789,226600,10.426204681396484,0.0,0.0
ADX,2019-12-13,15.600000381469727,15.649999618530273,15.510000228881836,15.569999694824219,117800,10.41283130645752,0.0,0.0
ADX,2019-12-16,15.630000114440918,15.670000076293945,15.619999885559082,15.649999618530273,149000,10.46633243560791,0.0,0.0
ADX,2019-12-17,15.680000305175781,15.739999771118164,15.65999984741211,15.720000267028809,112200,10.513145446777344,0.0,0.0
ADX,2019-12-18,15.739999771118164,15.770000457763672,15.720000267028809,15.75,105300,10.53321361541748,0.0,0.0
ADX,2019-12-19,15.770000457763672,15.8100004196167,15.720000267028809,15.770000457763672,134800,10.546586036682129,0.0,0.0
ADX,2019-12-20,15.8100004196167,15.90999984741211,15.8100004196167,15.829999923706055,151500,10.586710929870605,0.0,0.0
ADX,2019-12-23,15.859999656677246,15.90999984741211,15.84000015258789,15.890000343322754,152200,10.626839637756348,0.0,0.0
ADX,2019-12-24,15.890000343322754,15.90999984741211,15.829999923706055,15.90999984741211,71400,10.640213966369629,0.0,0.0
ADX,2019-12-26,15.989999771118164,15.989999771118164,15.90999984741211,15.949999809265137,225700,10.666963577270508,0.0,0.0
ADX,2019-12-27,15.949999809265137,16.0,15.869999885559082,15.890000343322754,299400,10.626839637756348,0.0,0.0
ADX,2019-12-30,15.890000343322754,15.899999618530273,15.739999771118164,15.770000457763672,250900,10.546586036682129,0.0,0.0
ADX,2019-12-31,15.8100004196167,15.829999923706055,15.710000038146973,15.770000457763672,230200,10.546586036682129,0.0,0.0
ADX,2020-01-02,15.869999885559082,15.90999984741211,15.75,15.84000015258789,465500,10.593400955200195,0.0,0.0
ADX,2020-01-03,15.75,15.789999961853027,15.739999771118164,15.760000228881836,172800,10.539899826049805,0.0,0.0
ADX,2020-01-06,15.460000038146973,15.739999771118164,15.420000076293945,15.729999542236328,957300,10.519835472106934,0.0,0.0
ADX,2020-01-07,15.65999984741211,15.75,15.65999984741211,15.75,377400,10.53321361541748,0.0,0.0
ADX,2020-01-08,15.729999542236328,15.880000114440918,15.729999542236328,15.84000015258789,365900,10.593400955200195,0.0,0.0
ADX,2020-01-09,15.899999618530273,15.989999771118164,15.899999618530273,15.9399995803833,258100,10.6602783203125,0.0,0.0
ADX,2020-01-10,15.949999809265137,16.0,15.930000305175781,15.949999809265137,220500,10.666963577270508,0.0,0.0
ADX,2020-01-13,15.920000076293945,16.0,15.90999984741211,15.989999771118164,279000,10.69371509552002,0.0,0.0
ADX,2020-01-14,16.0,16.049999237060547,15.960000038146973,16.020000457763672,292100,10.713780403137207,0.0,0.0
ADX,2020-01-15,16.010000228881836,16.079999923706055,16.0,16.040000915527344,107700,10.727155685424805,0.0,0.0
ADX,2020-01-16,16.100000381469727,16.139999389648438,16.06999969482422,16.139999389648438,166600,10.79403305053711,0.0,0.0
ADX,2020-01-17,16.170000076293945,16.190000534057617,16.100000381469727,16.149999618530273,235900,10.800721168518066,0.0,0.0
ADX,2020-01-21,16.139999389648438,16.219999313354492,16.1200008392334,16.15999984741211,161200,10.807408332824707,0.0,0.0
ADX,2020-01-22,16.190000534057617,16.290000915527344,16.170000076293945,16.170000076293945,182300,10.814098358154297,0.0,0.0
ADX,2020-01-23,16.18000030517578,16.299999237060547,16.149999618530273,16.299999237060547,352300,10.901037216186523,0.0,0.0
ADX,2020-01-24,16.329999923706055,16.329999923706055,16.110000610351562,16.149999618530273,489000,10.800721168518066,0.0,0.0
ADX,2020-01-27,16.0,16.010000228881836,15.819999694824219,15.890000343322754,212400,10.626839637756348,0.0,0.0
ADX,2020-01-28,15.930000305175781,16.040000915527344,15.899999618530273,16.010000228881836,104400,10.70709228515625,0.0,0.0
ADX,2020-01-29,16.079999923706055,16.1200008392334,16.010000228881836,16.059999465942383,98400,10.740531921386719,0.0,0.0
ADX,2020-01-30,16.0,16.06999969482422,15.9399995803833,16.06999969482422,117200,10.74721908569336,0.0,0.0
ADX,2020-01-31,16.049999237060547,16.059999465942383,15.84000015258789,15.859999656677246,200900,10.60677719116211,0.0,0.0
ADX,2020-02-03,15.880000114440918,16.020000457763672,15.880000114440918,15.960000038146973,164600,10.673653602600098,0.0,0.0
ADX,2020-02-04,16.100000381469727,16.18000030517578,16.100000381469727,16.15999984741211,171100,10.807408332824707,0.0,0.0
ADX,2020-02-05,16.290000915527344,16.350000381469727,16.239999771118164,16.350000381469727,165800,10.934476852416992,0.0,0.0
ADX,2020-02-06,16.40999984741211,16.43000030517578,16.350000381469727,16.40999984741211,144000,10.974601745605469,0.0,0.0
ADX,2020-02-07,16.389999389648438,16.389999389648438,16.329999923706055,16.34000015258789,191400,10.927786827087402,0.0,0.0
ADX,2020-02-10,16.290000915527344,16.399999618530273,16.290000915527344,16.389999389648438,270400,10.961226463317871,0.0,0.0
ADX,2020-02-11,16.489999771118164,16.520000457763672,16.440000534057617,16.469999313354492,243200,11.014726638793945,0.0,0.0
ADX,2020-02-12,16.520000457763672,16.59000015258789,16.5,16.579999923706055,252600,11.088294982910156,0.0,0.0
ADX,2020-02-13,16.479999542236328,16.600000381469727,16.43000030517578,16.549999237060547,309400,11.101710319519043,0.05,0.0
ADX,2020-02-14,16.56999969482422,16.59000015258789,16.459999084472656,16.530000686645508,122500,11.088294982910156,0.0,0.0
ADX,2020-02-18,16.5,16.56999969482422,16.479999542236328,16.530000686645508,126600,11.088294982910156,0.0,0.0
ADX,2020-02-19,16.579999923706055,16.6299991607666,16.56999969482422,16.600000381469727,96400,11.13525104522705,0.0,0.0
ADX,2020-02-20,16.600000381469727,16.649999618530273,16.479999542236328,16.540000915527344,219200,11.095001220703125,0.0,0.0
ADX,2020-02-21,16.489999771118164,16.510000228881836,16.43000030517578,16.43000030517578,323800,11.021214485168457,0.0,0.0
ADX,2020-02-24,16.079999923706055,16.09000015258789,15.899999618530273,16.040000915527344,827600,10.759603500366211,0.0,0.0
ADX,2020-02-25,16.020000457763672,16.040000915527344,15.399999618530273,15.479999542236328,706800,10.383955955505371,0.0,0.0
ADX,2020-02-26,15.420000076293945,15.680000305175781,15.359999656677246,15.4399995803833,525200,10.357124328613281,0.0,0.0
ADX,2020-02-27,15.15999984741211,15.220000267028809,14.470000267028809,14.729999542236328,803800,9.880855560302734,0.0,0.0
ADX,2020-02-28,14.449999809265137,14.470000267028809,13.850000381469727,14.380000114440918,1435100,9.646077156066895,0.0,0.0
ADX,2020-03-02,14.420000076293945,15.020000457763672,14.3100004196167,15.0,704500,10.061971664428711,0.0,0.0
ADX,2020-03-03,15.0,15.390000343322754,14.460000038146973,14.609999656677246,893500,9.800360679626465,0.0,0.0
ADX,2020-03-04,14.800000190734863,15.149999618530273,14.800000190734863,15.130000114440918,660400,10.149178504943848,0.0,0.0
ADX,2020-03-05,14.8100004196167,14.9399995803833,14.579999923706055,14.670000076293945,526200,9.84061050415039,0.0,0.0
ADX,2020-03-06,14.319999694824219,14.489999771118164,14.149999618530273,14.460000038146973,429800,9.699743270874023,0.0,0.0
ADX,2020-03-09,13.470000267028809,13.84000015258789,13.3100004196167,13.40999984741211,501000,8.995403289794922,0.0,0.0
ADX,2020-03-10,13.789999961853027,13.989999771118164,13.399999618530273,13.989999771118164,603900,9.384462356567383,0.0,0.0
ADX,2020-03-11,13.699999809265137,13.819999694824219,13.09000015258789,13.229999542236328,871900,8.874659538269043,0.0,0.0
ADX,2020-03-12,12.380000114440918,12.520000457763672,11.829999923706055,11.84000015258789,1131800,7.942250728607178,0.0,0.0
ADX,2020-03-13,12.380000114440918,12.84000015258789,11.890000343322754,12.84000015258789,907100,8.61305046081543,0.0,0.0
ADX,2020-03-16,11.649999618530273,12.25,11.550000190734863,11.710000038146973,640100,7.85504674911499,0.0,0.0
ADX,2020-03-17,11.789999961853027,12.229999542236328,11.520000457763672,12.199999809265137,461900,8.183736801147461,0.0,0.0
ADX,2020-03-18,11.420000076293945,11.75,10.819999694824219,11.069999694824219,858100,7.425736427307129,0.0,0.0
ADX,2020-03-19,10.930000305175781,11.609999656677246,10.770000457763672,11.420000076293945,736800,7.660515785217285,0.0,0.0
ADX,2020-03-20,11.420000076293945,11.770000457763672,11.050000190734863,11.100000381469727,799700,7.445860385894775,0.0,0.0
ADX,2020-03-23,10.800000190734863,10.8100004196167,10.15999984741211,10.430000305175781,1344500,6.996425628662109,0.0,0.0
ADX,2020-03-24,10.920000076293945,11.470000267028809,10.779999732971191,11.390000343322754,661700,7.640391826629639,0.0,0.0
ADX,2020-03-25,11.430000305175781,12.420000076293945,11.430000305175781,12.0,847100,8.049577713012695,0.0,0.0
ADX,2020-03-26,11.970000267028809,12.739999771118164,11.960000038146973,12.699999809265137,722200,8.51913833618164,0.0,0.0
ADX,2020-03-27,12.5600004196167,12.609999656677246,12.239999771118164,12.399999618530273,836500,8.31789779663086,0.0,0.0
ADX,2020-03-30,12.289999961853027,12.720000267028809,12.279999732971191,12.720000267028809,533700,8.532552719116211,0.0,0.0
ADX,2020-03-31,12.729999542236328,12.869999885559082,12.539999961853027,12.59000015258789,712800,8.44534969329834,0.0,0.0
ADX,2020-04-01,12.180000305175781,12.199999809265137,11.729999542236328,11.899999618530273,464200,7.982500076293945,0.0,0.0
ADX,2020-04-02,11.890000343322754,12.210000038146973,11.84000015258789,12.1899995803833,460800,8.177029609680176,0.0,0.0
ADX,2020-04-03,12.100000381469727,12.220000267028809,11.770000457763672,11.920000076293945,698700,7.995916366577148,0.0,0.0
ADX,2020-04-06,12.25,12.75,12.25,12.699999809265137,614600,8.51913833618164,0.0,0.0
ADX,2020-04-07,13.100000381469727,13.34000015258789,12.890000343322754,12.899999618530273,561100,8.65329647064209,0.0,0.0
ADX,2020-04-08,12.949999809265137,13.40999984741211,12.890000343322754,13.369999885559082,454200,8.968571662902832,0.0,0.0
ADX,2020-04-09,13.510000228881836,13.819999694824219,13.5,13.569999694824219,364800,9.102730751037598,0.0,0.0
ADX,2020-04-13,13.449999809265137,13.449999809265137,13.130000114440918,13.3100004196167,398800,8.928324699401855,0.0,0.0
ADX,2020-04-14,13.5,13.789999961853027,13.5,13.779999732971191,460700,9.243597030639648,0.0,0.0
ADX,2020-04-15,13.520000457763672,13.609999656677246,13.369999885559082,13.609999656677246,310200,9.12956428527832,0.0,0.0
ADX,2020-04-16,13.680000305175781,13.720000267028809,13.5,13.710000038146973,145400,9.196643829345703,0.0,0.0
ADX,2020-04-17,14.0,14.050000190734863,13.84000015258789,14.039999961853027,395600,9.41800594329834,0.0,0.0
ADX,2020-04-20,13.470000267028809,13.9399995803833,13.399999618530273,13.8100004196167,351400,9.263723373413086,0.0,0.0
ADX,2020-04-21,13.34000015258789,13.5600004196167,13.3100004196167,13.460000038146973,290800,9.02894401550293,0.0,0.0
ADX,2020-04-22,13.630000114440918,13.770000457763672,13.619999885559082,13.6899995803833,318300,9.1832275390625,0.0,0.0
ADX,2020-04-23,13.829999923706055,13.90999984741211,13.710000038146973,13.720000267028809,525400,9.203352928161621,0.0,0.0
ADX,2020-04-24,13.760000228881836,13.890000343322754,13.6899995803833,13.880000114440918,174100,9.310678482055664,0.0,0.0
ADX,2020-04-27,13.90999984741211,14.079999923706055,13.899999618530273,14.069999694824219,219100,9.438131332397461,0.0,0.0
ADX,2020-04-28,14.149999618530273,14.289999961853027,13.90999984741211,13.960000038146973,443200,9.364344596862793,0.0,0.0
ADX,2020-04-29,14.260000228881836,14.420000076293945,14.15999984741211,14.34000015258789,375900,9.619244575500488,0.0,0.0
ADX,2020-04-30,14.289999961853027,14.3100004196167,14.069999694824219,14.170000076293945,242400,9.505209922790527,0.0,0.0
ADX,2020-05-01,13.989999771118164,13.989999771118164,13.710000038146973,13.819999694824219,223200,9.270430564880371,0.0,0.0
ADX,2020-05-04,13.770000457763672,13.8100004196167,13.630000114440918,13.8100004196167,179100,9.263723373413086,0.0,0.0
ADX,2020-05-05,13.899999618530273,14.039999961853027,13.890000343322754,13.920000076293945,288900,9.33751106262207,0.0,0.0
ADX,2020-05-06,14.020000457763672,14.020000457763672,13.8100004196167,13.819999694824219,217900,9.270430564880371,0.0,0.0
ADX,2020-05-07,14.020000457763672,14.069999694824219,13.9399995803833,14.020000457763672,262000,9.404589653015137,0.0,0.0
ADX,2020-05-08,14.170000076293945,14.25,14.020000457763672,14.239999771118164,146100,9.552167892456055,0.0,0.0
ADX,2020-05-11,14.170000076293945,14.319999694824219,14.119999885559082,14.300000190734863,243700,9.592414855957031,0.0,0.0
ADX,2020-05-12,14.40999984741211,14.40999984741211,14.020000457763672,14.039999961853027,179200,9.41800594329834,0.0,0.0
ADX,2020-05-13,13.960000038146973,14.0600004196167,13.59000015258789,13.699999809265137,264900,9.189934730529785,0.0,0.0
ADX,2020-05-14,13.65999984741211,13.859999656677246,13.449999809265137,13.859999656677246,325700,9.297262191772461,0.0,0.0
ADX,2020-05-15,13.789999961853027,13.869999885559082,13.699999809265137,13.869999885559082,128500,9.33765697479248,0.05,0.0
ADX,2020-05-18,14.239999771118164,14.359999656677246,14.130000114440918,14.319999694824219,245700,9.64061164855957,0.0,0.0
ADX,2020-05-19,14.239999771118164,14.359999656677246,14.199999809265137,14.220000267028809,211500,9.573286056518555,0.0,0.0
ADX,2020-05-20,14.270000457763672,14.479999542236328,14.25,14.399999618530273,284100,9.694465637207031,0.0,0.0
ADX,2020-05-21,14.359999656677246,14.470000267028809,14.239999771118164,14.279999732971191,154600,9.613678932189941,0.0,0.0
ADX,2020-05-22,14.329999923706055,14.329999923706055,14.1899995803833,14.3100004196167,130300,9.633875846862793,0.0,0.0
ADX,2020-05-26,14.539999961853027,14.630000114440918,14.510000228881836,14.520000457763672,265700,9.775254249572754,0.0,0.0
ADX,2020-05-27,14.609999656677246,14.680000305175781,14.399999618530273,14.65999984741211,172600,9.869504928588867,0.0,0.0
ADX,2020-05-28,14.699999809265137,14.880000114440918,14.649999618530273,14.680000305175781,206200,9.882970809936523,0.0,0.0
ADX,2020-05-29,14.6899995803833,14.760000228881836,14.569999694824219,14.739999771118164,169200,9.923364639282227,0.0,0.0
ADX,2020-06-01,14.779999732971191,14.869999885559082,14.680000305175781,14.819999694824219,212300,9.977222442626953,0.0,0.0
ADX,2020-06-02,14.90999984741211,14.90999984741211,14.800000190734863,14.890000343322754,146200,10.024347305297852,0.0,0.0
ADX,2020-06-03,14.979999542236328,15.140000343322754,14.970000267028809,15.130000114440918,243800,10.185924530029297,0.0,0.0
ADX,2020-06-04,15.050000190734863,15.149999618530273,15.0,15.050000190734863,71600,10.132065773010254,0.0,0.0
ADX,2020-06-05,15.270000457763672,15.460000038146973,15.270000457763672,15.359999656677246,253800,10.340764045715332,0.0,0.0
ADX,2020-06-08,15.40999984741211,15.59000015258789,15.40999984741211,15.579999923706055,258400,10.488874435424805,0.0,0.0
ADX,2020-06-09,15.449999809265137,15.5600004196167,15.420000076293945,15.479999542236328,149700,10.421551704406738,0.0,0.0
ADX,2020-06-10,15.579999923706055,15.579999923706055,15.359999656677246,15.449999809265137,165800,10.401354789733887,0.0,0.0
ADX,2020-06-11,15.220000267028809,15.220000267028809,14.539999961853027,14.579999923706055,346600,9.815649032592773,0.0,0.0
ADX,2020-06-12,14.930000305175781,14.989999771118164,14.510000228881836,14.75,142600,9.930096626281738,0.0,0.0
ADX,2020-06-15,14.4399995803833,14.850000381469727,14.270000457763672,14.760000228881836,171900,9.93682861328125,0.0,0.0
ADX,2020-06-16,15.0600004196167,15.1899995803833,14.920000076293945,14.979999542236328,125100,10.084939002990723,0.0,0.0
ADX,2020-06-17,15.079999923706055,15.109999656677246,14.989999771118164,14.989999771118164,177500,10.091670036315918,0.0,0.0
ADX,2020-06-18,14.890000343322754,15.029999732971191,14.850000381469727,14.949999809265137,205400,10.064741134643555,0.0,0.0
ADX,2020-06-19,15.050000190734863,15.140000343322754,14.869999885559082,14.949999809265137,202300,10.064741134643555,0.0,0.0
ADX,2020-06-22,14.979999542236328,15.039999961853027,14.859999656677246,15.029999732971191,113600,10.118600845336914,0.0,0.0
ADX,2020-06-23,15.149999618530273,15.180000305175781,15.109999656677246,15.130000114440918,145500,10.185924530029297,0.0,0.0
ADX,2020-06-24,15.050000190734863,15.0600004196167,14.630000114440918,14.75,219900,9.930096626281738,0.0,0.0
ADX,2020-06-25,14.699999809265137,14.850000381469727,14.579999923706055,14.84000015258789,132000,9.990687370300293,0.0,0.0
ADX,2020-06-26,14.800000190734863,14.8100004196167,14.5,14.529999732971191,133500,9.781987190246582,0.0,0.0
ADX,2020-06-29,14.579999923706055,14.680000305175781,14.4399995803833,14.670000076293945,137000,9.876238822937012,0.0,0.0
ADX,2020-06-30,14.65999984741211,14.930000305175781,14.65999984741211,14.90999984741211,142200,10.037813186645508,0.0,0.0
ADX,2020-07-01,14.970000267028809,15.039999961853027,14.9399995803833,15.0,109100,10.09840202331543,0.0,0.0
ADX,2020-07-02,15.149999618530273,15.220000267028809,15.050000190734863,15.170000076293945,150300,10.21285343170166,0.0,0.0
ADX,2020-07-06,15.350000381469727,15.350000381469727,15.210000038146973,15.289999961853027,225600,10.293641090393066,0.0,0.0
ADX,2020-07-07,15.25,15.34000015258789,15.1899995803833,15.25,200500,10.266709327697754,0.0,0.0
ADX,2020-07-08,15.210000038146973,15.359999656677246,15.180000305175781,15.34000015258789,180000,10.327301025390625,0.0,0.0
ADX,2020-07-09,15.329999923706055,15.350000381469727,15.050000190734863,15.229999542236328,163000,10.25324535369873,0.0,0.0
ADX,2020-07-10,15.180000305175781,15.380000114440918,15.149999618530273,15.350000381469727,152000,10.334033012390137,0.0,0.0
ADX,2020-07-13,15.399999618530273,15.579999923706055,15.210000038146973,15.210000038146973,197700,10.23978042602539,0.0,0.0
ADX,2020-07-14,15.170000076293945,15.449999809265137,15.100000381469727,15.4399995803833,225800,10.394622802734375,0.0,0.0
ADX,2020-07-15,15.5600004196167,15.619999885559082,15.449999809265137,15.529999732971191,158500,10.455212593078613,0.0,0.0
ADX,2020-07-16,15.489999771118164,15.550000190734863,15.40999984741211,15.539999961853027,157400,10.461945533752441,0.0,0.0
ADX,2020-07-17,15.579999923706055,15.59000015258789,15.489999771118164,15.569999694824219,138000,10.482142448425293,0.0,0.0
ADX,2020-07-20,15.510000228881836,15.680000305175781,15.479999542236328,15.640000343322754,187700,10.529269218444824,0.0,0.0
ADX,2020-07-21,15.729999542236328,15.779999732971191,15.699999809265137,15.729999542236328,185500,10.589858055114746,0.0,0.0
ADX,2020-07-22,15.75,15.8100004196167,15.699999809265137,15.779999732971191,163900,10.623519897460938,0.0,0.0
ADX,2020-07-23,15.720000267028809,15.789999961853027,15.529999732971191,15.619999885559082,319000,10.5158052444458,0.0,0.0
ADX,2020-07-24,15.5,15.550000190734863,15.430000305175781,15.5,123100,10.435016632080078,0.0,0.0
ADX,2020-07-27,15.510000228881836,15.609999656677246,15.470000267028809,15.579999923706055,136400,10.488874435424805,0.0,0.0
ADX,2020-07-28,15.569999694824219,15.640000343322754,15.520000457763672,15.569999694824219,137600,10.482142448425293,0.0,0.0
ADX,2020-07-29,15.600000381469727,15.739999771118164,15.600000381469727,15.720000267028809,130900,10.583126068115234,0.0,0.0
ADX,2020-07-30,15.609999656677246,15.699999809265137,15.470000267028809,15.680000305175781,154500,10.556198120117188,0.0,0.0
ADX,2020-07-31,15.729999542236328,15.729999542236328,15.579999923706055,15.680000305175781,247800,10.556198120117188,0.0,0.0
ADX,2020-08-03,15.770000457763672,15.850000381469727,15.75,15.84000015258789,174000,10.663912773132324,0.0,0.0
ADX,2020-08-04,15.84000015258789,15.869999885559082,15.779999732971191,15.859999656677246,132800,10.677379608154297,0.0,0.0
ADX,2020-08-05,15.90999984741211,16.010000228881836,15.90999984741211,16.010000228881836,136700,10.778363227844238,0.0,0.0
ADX,2020-08-06,16.0,16.09000015258789,15.9399995803833,16.09000015258789,175200,10.832220077514648,0.0,0.0
ADX,2020-08-07,16.059999465942383,16.1200008392334,16.020000457763672,16.1200008392334,146800,10.852417945861816,0.0,0.0
ADX,2020-08-10,16.100000381469727,16.260000228881836,16.079999923706055,16.260000228881836,134300,10.946669578552246,0.0,0.0
ADX,2020-08-11,16.260000228881836,16.34000015258789,16.1200008392334,16.149999618530273,227200,10.872614860534668,0.0,0.0
ADX,2020-08-12,16.270000457763672,16.34000015258789,16.25,16.34000015258789,155200,11.000527381896973,0.0,0.0
ADX,2020-08-13,16.34000015258789,16.360000610351562,16.25,16.290000915527344,154000,10.966867446899414,0.0,0.0
ADX,2020-08-14,16.270000457763672,16.299999237060547,16.229999542236328,16.260000228881836,177600,10.946669578552246,0.0,0.0
ADX,2020-08-17,16.290000915527344,16.31999969482422,16.270000457763672,16.290000915527344,156300,11.000694274902344,0.05,0.0
ADX,2020-08-18,16.31999969482422,16.350000381469727,16.219999313354492,16.31999969482422,188900,11.020952224731445,0.0,0.0
ADX,2020-08-19,16.299999237060547,16.3700008392334,16.200000762939453,16.229999542236328,331600,10.960174560546875,0.0,0.0
ADX,2020-08-20,16.18000030517578,16.34000015258789,16.18000030517578,16.309999465942383,150900,11.014198303222656,0.0,0.0
ADX,2020-08-21,16.31999969482422,16.3700008392334,16.239999771118164,16.3700008392334,178700,11.054718017578125,0.0,0.0
ADX,2020-08-24,16.40999984741211,16.469999313354492,16.389999389648438,16.450000762939453,154100,11.108741760253906,0.0,0.0
ADX,2020-08-25,16.489999771118164,16.510000228881836,16.399999618530273,16.5,387200,11.142505645751953,0.0,0.0
ADX,2020-08-26,16.520000457763672,16.68000030517578,16.510000228881836,16.649999618530273,168600,11.243802070617676,0.0,0.0
ADX,2020-08-27,16.729999542236328,16.799999237060547,16.6299991607666,16.760000228881836,192600,11.318086624145508,0.0,0.0
ADX,2020-08-28,16.809999465942383,16.84000015258789,16.729999542236328,16.84000015258789,132100,11.372108459472656,0.0,0.0
ADX,2020-08-31,16.850000381469727,16.8799991607666,16.81999969482422,16.860000610351562,139500,11.385615348815918,0.0,0.0
ADX,2020-09-01,16.920000076293945,16.989999771118164,16.81999969482422,16.989999771118164,268100,11.473404884338379,0.0,0.0
ADX,2020-09-02,17.100000381469727,17.260000228881836,17.010000228881836,17.209999084472656,239900,11.621971130371094,0.0,0.0
ADX,2020-09-03,17.1299991607666,17.200000762939453,16.489999771118164,16.59000015258789,510400,11.203285217285156,0.0,0.0
ADX,2020-09-04,16.610000610351562,16.670000076293945,16.049999237060547,16.440000534057617,385500,11.101987838745117,0.0,0.0
ADX,2020-09-08,16.1299991607666,16.190000534057617,15.979999542236328,15.989999771118164,165500,10.798100471496582,0.0,0.0
ADX,2020-09-09,16.200000762939453,16.389999389648438,16.139999389648438,16.299999237060547,160400,11.007445335388184,0.0,0.0
ADX,2020-09-10,16.43000030517578,16.459999084472656,16.030000686645508,16.049999237060547,160900,10.838621139526367,0.0,0.0
ADX,2020-09-11,16.1299991607666,16.18000030517578,15.899999618530273,16.010000228881836,258200,10.811607360839844,0.0,0.0
ADX,2020-09-14,16.1200008392334,16.290000915527344,16.1200008392334,16.200000762939453,108100,10.939916610717773,0.0,0.0
ADX,2020-09-15,16.329999923706055,16.40999984741211,16.270000457763672,16.290000915527344,215600,11.000694274902344,0.0,0.0
ADX,2020-09-16,16.34000015258789,16.420000076293945,16.260000228881836,16.270000457763672,108700,10.987187385559082,0.0,0.0
ADX,2020-09-17,16.020000457763672,16.15999984741211,15.970000267028809,16.1299991607666,136500,10.892643928527832,0.0,0.0
ADX,2020-09-18,16.190000534057617,16.190000534057617,15.850000381469727,15.989999771118164,80200,10.798100471496582,0.0,0.0
ADX,2020-09-21,15.729999542236328,15.819999694824219,15.5,15.8100004196167,250100,10.67654800415039,0.0,0.0
ADX,2020-09-22,15.890000343322754,16.020000457763672,15.779999732971191,16.010000228881836,384700,10.811607360839844,0.0,0.0
ADX,2020-09-23,16.0,16.049999237060547,15.619999885559082,15.640000343322754,224400,10.561746597290039,0.0,0.0
ADX,2020-09-24,15.569999694824219,15.770000457763672,15.479999542236328,15.630000114440918,189200,10.554994583129883,0.0,0.0
ADX,2020-09-25,15.600000381469727,15.899999618530273,15.529999732971191,15.869999885559082,130300,10.717065811157227,0.0,0.0
ADX,2020-09-28,16.09000015258789,16.149999618530273,16.040000915527344,16.09000015258789,218100,10.865633010864258,0.0,0.0
ADX,2020-09-29,16.1299991607666,16.1299991607666,16.0,16.059999465942383,118900,10.845373153686523,0.0,0.0
ADX,2020-09-30,16.059999465942383,16.34000015258789,16.059999465942383,16.209999084472656,157200,10.946667671203613,0.0,0.0
ADX,2020-10-01,16.3700008392334,16.3700008392334,16.200000762939453,16.270000457763672,391100,10.987187385559082,0.0,0.0
ADX,2020-10-02,15.970000267028809,16.209999084472656,15.970000267028809,16.149999618530273,165600,10.90615177154541,0.0,0.0
ADX,2020-10-05,16.209999084472656,16.3799991607666,16.1299991607666,16.3700008392334,291600,11.054718017578125,0.0,0.0
ADX,2020-10-06,16.399999618530273,16.510000228881836,16.18000030517578,16.219999313354492,262100,10.953421592712402,0.0,0.0
ADX,2020-10-07,16.34000015258789,16.520000457763672,16.34000015258789,16.5,351600,11.142505645751953,0.0,0.0
ADX,2020-10-08,16.559999465942383,16.6299991607666,16.510000228881836,16.56999969482422,196500,11.189777374267578,0.0,0.0
ADX,2020-10-09,16.690000534057617,16.709999084472656,16.610000610351562,16.6299991607666,212400,11.230297088623047,0.0,0.0
ADX,2020-10-12,16.75,16.989999771118164,16.739999771118164,16.90999984741211,191800,11.419380187988281,0.0,0.0
ADX,2020-10-13,16.899999618530273,16.969999313354492,16.760000228881836,16.81999969482422,159500,11.358603477478027,0.0,0.0
ADX,2020-10-14,16.860000610351562,16.940000534057617,16.65999984741211,16.719999313354492,125300,11.291071891784668,0.0,0.0
ADX,2020-10-15,16.600000381469727,16.75,16.559999465942383,16.729999542236328,86000,11.297826766967773,0.0,0.0
ADX,2020-10-16,16.799999237060547,16.899999618530273,16.739999771118164,16.739999771118164,128200,11.304579734802246,0.0,0.0
ADX,2020-10-19,16.790000915527344,16.860000610351562,16.469999313354492,16.489999771118164,252200,11.135753631591797,0.0,0.0
ADX,2020-10-20,16.600000381469727,16.68000030517578,16.520000457763672,16.639999389648438,121200,11.23705005645752,0.0,0.0
ADX,2020-10-21,16.600000381469727,16.68000030517578,16.559999465942383,16.56999969482422,117200,11.189777374267578,0.0,0.0
ADX,2020-10-22,16.540000915527344,16.6200008392334,16.420000076293945,16.600000381469727,115800,11.210037231445312,0.0,0.0
ADX,2020-10-23,16.6200008392334,16.649999618530273,16.510000228881836,16.559999465942383,124400,11.183025360107422,0.0,0.0
ADX,2020-10-26,16.450000762939453,16.5,16.1200008392334,16.270000457763672,178800,10.987187385559082,0.0,0.0
ADX,2020-10-27,16.260000228881836,16.31999969482422,16.18000030517578,16.18000030517578,94400,10.926409721374512,0.0,0.0
ADX,2020-10-28,15.90999984741211,16.0,15.630000114440918,15.630000114440918,265700,10.554994583129883,0.0,0.0
ADX,2020-10-29,15.65999984741211,15.90999984741211,15.619999885559082,15.800000190734863,185100,10.669795989990234,0.0,0.0
ADX,2020-10-30,15.710000038146973,15.789999961853027,15.479999542236328,15.5600004196167,165200,10.507722854614258,0.0,0.0
ADX,2020-11-02,15.699999809265137,15.84000015258789,15.640000343322754,15.670000076293945,135000,10.582003593444824,0.0,0.0
ADX,2020-11-03,15.819999694824219,16.079999923706055,15.819999694824219,16.030000686645508,139900,10.825115203857422,0.0,0.0
ADX,2020-11-04,16.219999313354492,16.559999465942383,16.15999984741211,16.43000030517578,190500,11.095234870910645,0.0,0.0
ADX,2020-11-05,16.690000534057617,16.860000610351562,16.68000030517578,16.790000915527344,287900,11.33834457397461,0.0,0.0
ADX,2020-11-06,16.84000015258789,16.8799991607666,16.700000762939453,16.850000381469727,126800,11.378863334655762,0.0,0.0
ADX,2020-11-09,17.6200008392334,17.739999771118164,17.059999465942383,17.1200008392334,313900,11.561193466186523,0.0,0.0
ADX,2020-11-10,17.030000686645508,17.040000915527344,16.770000457763672,17.010000228881836,275600,11.48691177368164,0.0,0.0
ADX,2020-11-11,17.079999923706055,17.170000076293945,17.020000457763672,17.09000015258789,204200,11.540935516357422,0.0,0.0
ADX,2020-11-12,17.110000610351562,17.18000030517578,16.93000030517578,17.010000228881836,177100,11.48691177368164,0.0,0.0
ADX,2020-11-13,17.229999542236328,17.5,17.049999237060547,17.290000915527344,192300,11.675997734069824,0.0,0.0
ADX,2020-11-16,17.469999313354492,17.56999969482422,17.3799991607666,17.540000915527344,259800,11.844822883605957,0.0,0.0
ADX,2020-11-17,17.43000030517578,17.549999237060547,17.360000610351562,17.510000228881836,275400,11.824564933776855,0.0,0.0
ADX,2020-11-18,17.56999969482422,17.610000610351562,17.3799991607666,17.40999984741211,350300,11.757033348083496,0.0,0.0
ADX,2020-11-19,17.40999984741211,17.5,17.280000686645508,17.5,162100,11.817811012268066,0.0,0.0
ADX,2020-11-20,16.65999984741211,16.65999984741211,16.530000686645508,16.549999237060547,337000,11.768036842346191,0.88,0.0
ADX,2020-11-23,16.610000610351562,16.65999984741211,16.469999313354492,16.549999237060547,157000,11.768036842346191,0.0,0.0
ADX,2020-11-24,16.6200008392334,16.850000381469727,16.559999465942383,16.809999465942383,443500,11.952909469604492,0.0,0.0
ADX,2020-11-25,16.81999969482422,16.81999969482422,16.739999771118164,16.739999771118164,116000,11.903138160705566,0.0,0.0
ADX,2020-11-27,16.850000381469727,16.850000381469727,16.770000457763672,16.809999465942383,75200,11.952909469604492,0.0,0.0
ADX,2020-11-30,16.75,16.770000457763672,16.56999969482422,16.68000030517578,165600,11.860475540161133,0.0,0.0
ADX,2020-12-01,16.809999465942383,17.0,16.790000915527344,16.920000076293945,184000,12.0311279296875,0.0,0.0
ADX,2020-12-02,16.90999984741211,16.979999542236328,16.889999389648438,16.959999084472656,118400,12.059569358825684,0.0,0.0
ADX,2020-12-03,16.989999771118164,17.059999465942383,16.93000030517578,17.0,198800,12.088013648986816,0.0,0.0
ADX,2020-12-04,17.030000686645508,17.1200008392334,17.030000686645508,17.1200008392334,104600,12.173337936401367,0.0,0.0
ADX,2020-12-07,17.149999618530273,17.149999618530273,17.06999969482422,17.09000015258789,150700,12.152008056640625,0.0,0.0
ADX,2020-12-08,17.059999465942383,17.190000534057617,17.040000915527344,17.139999389648438,204000,12.18756103515625,0.0,0.0
ADX,2020-12-09,17.190000534057617,17.219999313354492,17.010000228881836,17.09000015258789,340500,12.152008056640625,0.0,0.0
ADX,2020-12-10,17.020000457763672,17.059999465942383,16.93000030517578,17.020000457763672,117800,12.102234840393066,0.0,0.0
ADX,2020-12-11,16.93000030517578,16.989999771118164,16.860000610351562,16.940000534057617,116100,12.045350074768066,0.0,0.0
ADX,2020-12-14,17.020000457763672,17.110000610351562,16.940000534057617,16.940000534057617,136600,12.045350074768066,0.0,0.0
ADX,2020-12-15,17.030000686645508,17.09000015258789,16.950000762939453,17.040000915527344,161600,12.116455078125,0.0,0.0
ADX,2020-12-16,17.079999923706055,17.170000076293945,17.06999969482422,17.15999984741211,205100,12.20178508758545,0.0,0.0
ADX,2020-12-17,17.190000534057617,17.239999771118164,17.18000030517578,17.219999313354492,118600,12.244444847106934,0.0,0.0
ADX,2020-12-18,17.190000534057617,17.200000762939453,16.989999771118164,17.1299991607666,120400,12.180449485778809,0.0,0.0
ADX,2020-12-21,16.940000534057617,17.100000381469727,16.84000015258789,17.059999465942383,96500,12.13067626953125,0.0,0.0
ADX,2020-12-22,17.079999923706055,17.09000015258789,17.0,17.059999465942383,96300,12.13067626953125,0.0,0.0
ADX,2020-12-23,17.1299991607666,17.18000030517578,17.079999923706055,17.110000610351562,131600,12.166231155395508,0.0,0.0
ADX,2020-12-24,17.1200008392334,17.139999389648438,17.020000457763672,17.110000610351562,124100,12.166231155395508,0.0,0.0
ADX,2020-12-28,17.1299991607666,17.260000228881836,17.1299991607666,17.200000762939453,240600,12.230225563049316,0.0,0.0
ADX,2020-12-29,17.25,17.350000381469727,17.15999984741211,17.18000030517578,258900,12.216004371643066,0.0,0.0
ADX,2020-12-30,17.18000030517578,17.270000457763672,17.170000076293945,17.209999084472656,192600,12.237335205078125,0.0,0.0
ADX,2020-12-31,17.239999771118164,17.299999237060547,17.18000030517578,17.290000915527344,171100,12.294220924377441,0.0,0.0
ADX,2021-01-04,17.34000015258789,17.34000015258789,16.829999923706055,17.030000686645508,439500,12.109344482421875,0.0,0.0
ADX,2021-01-05,16.959999084472656,17.15999984741211,16.959999084472656,17.040000915527344,356900,12.116455078125,0.0,0.0
ADX,2021-01-06,17.040000915527344,17.260000228881836,16.989999771118164,17.079999923706055,376400,12.1448974609375,0.0,0.0
ADX,2021-01-07,17.110000610351562,17.450000762939453,17.110000610351562,17.3700008392334,360800,12.351106643676758,0.0,0.0
ADX,2021-01-08,17.40999984741211,17.469999313354492,17.34000015258789,17.440000534057617,271900,12.400877952575684,0.0,0.0
ADX,2021-01-11,17.31999969482422,17.450000762939453,17.209999084472656,17.399999618530273,245800,12.372435569763184,0.0,0.0
ADX,2021-01-12,17.399999618530273,17.459999084472656,17.350000381469727,17.420000076293945,193200,12.386658668518066,0.0,0.0
ADX,2021-01-13,17.389999389648438,17.600000381469727,17.389999389648438,17.579999923706055,357300,12.5004301071167,0.0,0.0
ADX,2021-01-14,17.6299991607666,17.639999389648438,17.459999084472656,17.479999542236328,418200,12.429320335388184,0.0,0.0
ADX,2021-01-15,17.389999389648438,17.479999542236328,17.350000381469727,17.399999618530273,171100,12.372435569763184,0.0,0.0
ADX,2021-01-19,17.459999084472656,17.600000381469727,17.420000076293945,17.549999237060547,191700,12.479095458984375,0.0,0.0
ADX,2021-01-20,17.639999389648438,17.84000015258789,17.6299991607666,17.809999465942383,109000,12.663970947265625,0.0,0.0
ADX,2021-01-21,17.809999465942383,17.850000381469727,17.690000534057617,17.739999771118164,130200,12.61419677734375,0.0,0.0
ADX,2021-01-22,17.600000381469727,17.780000686645508,17.600000381469727,17.700000762939453,155400,12.585755348205566,0.0,0.0
ADX,2021-01-25,17.68000030517578,17.75,17.549999237060547,17.719999313354492,201000,12.599971771240234,0.0,0.0
ADX,2021-01-26,17.780000686645508,17.799999237060547,17.700000762939453,17.709999084472656,145100,12.592863082885742,0.0,0.0
ADX,2021-01-27,17.540000915527344,17.559999465942383,17.229999542236328,17.229999542236328,341300,12.251556396484375,0.0,0.0
ADX,2021-01-28,17.299999237060547,17.540000915527344,17.299999237060547,17.43000030517578,318700,12.393766403198242,0.0,0.0
ADX,2021-01-29,17.3700008392334,17.389999389648438,17.030000686645508,17.139999389648438,227400,12.18756103515625,0.0,0.0
ADX,2021-02-01,17.239999771118164,17.43000030517578,17.190000534057617,17.3799991607666,141000,12.358214378356934,0.0,0.0
ADX,2021-02-02,17.549999237060547,17.709999084472656,17.540000915527344,17.610000610351562,168600,12.521760940551758,0.0,0.0
ADX,2021-02-03,17.690000534057617,17.770000457763672,17.600000381469727,17.68000030517578,142800,12.571533203125,0.0,0.0
ADX,2021-02-04,17.6299991607666,17.8700008392334,17.610000610351562,17.799999237060547,216200,12.6568603515625,0.0,0.0
ADX,2021-02-05,17.84000015258789,17.989999771118164,17.84000015258789,17.940000534057617,244400,12.7564115524292,0.0,0.0
ADX,2021-02-08,17.979999542236328,18.020000457763672,17.950000762939453,17.979999542236328,156400,12.784852027893066,0.0,0.0
ADX,2021-02-09,18.010000228881836,18.110000610351562,18.010000228881836,18.06999969482422,269500,12.848845481872559,0.0,0.0
ADX,2021-02-10,18.18000030517578,18.18000030517578,17.959999084472656,17.979999542236328,207500,12.784852027893066,0.0,0.0
ADX,2021-02-11,18.030000686645508,18.09000015258789,17.93000030517578,17.969999313354492,142900,12.813370704650879,0.05,0.0
ADX,2021-02-12,17.969999313354492,18.06999969482422,17.950000762939453,18.040000915527344,120800,12.863288879394531,0.0,0.0
ADX,2021-02-16,18.100000381469727,18.170000076293945,18.010000228881836,18.06999969482422,127000,12.884675979614258,0.0,0.0
ADX,2021-02-17,18.0,18.100000381469727,17.950000762939453,18.049999237060547,133500,12.870416641235352,0.0,0.0
ADX,2021-02-18,17.889999389648438,17.989999771118164,17.84000015258789,17.950000762939453,131200,12.799112319946289,0.0,0.0
ADX,2021-02-19,18.040000915527344,18.079999923706055,17.8700008392334,17.8799991607666,154200,12.749198913574219,0.0,0.0
ADX,2021-02-22,17.81999969482422,17.950000762939453,17.780000686645508,17.81999969482422,105800,12.706416130065918,0.0,0.0
ADX,2021-02-23,17.780000686645508,17.860000610351562,17.579999923706055,17.799999237060547,212900,12.692154884338379,0.0,0.0
ADX,2021-02-24,17.75,18.020000457763672,17.649999618530273,18.020000457763672,225300,12.84902286529541,0.0,0.0
ADX,2021-02-25,17.969999313354492,18.049999237060547,17.530000686645508,17.649999618530273,147200,12.585200309753418,0.0,0.0
ADX,2021-02-26,17.790000915527344,17.809999465942383,17.559999465942383,17.59000015258789,212100,12.5424165725708,0.0,0.0
ADX,2021-03-01,17.75,17.979999542236328,17.75,17.93000030517578,155800,12.784852027893066,0.0,0.0
ADX,2021-03-02,17.93000030517578,17.950000762939453,17.829999923706055,17.829999923706055,100700,12.713547706604004,0.0,0.0
ADX,2021-03-03,17.770000457763672,17.84000015258789,17.540000915527344,17.56999969482422,306500,12.528156280517578,0.0,0.0
ADX,2021-03-04,17.5,17.68000030517578,17.170000076293945,17.3700008392334,320200,12.385547637939453,0.0,0.0
ADX,2021-03-05,17.479999542236328,17.690000534057617,17.15999984741211,17.670000076293945,219600,12.59946060180664,0.0,0.0
ADX,2021-03-08,17.709999084472656,17.809999465942383,17.600000381469727,17.610000610351562,160300,12.556676864624023,0.0,0.0
ADX,2021-03-09,17.719999313354492,17.950000762939453,17.700000762939453,17.81999969482422,138100,12.706416130065918,0.0,0.0
ADX,2021-03-10,17.899999618530273,18.020000457763672,17.8700008392334,17.889999389648438,169500,12.756329536437988,0.0,0.0
ADX,2021-03-11,18.030000686645508,18.18000030517578,17.920000076293945,18.040000915527344,139300,12.863288879394531,0.0,0.0
ADX,2021-03-12,18.020000457763672,18.059999465942383,17.940000534057617,18.040000915527344,111400,12.863288879394531,0.0,0.0
ADX,2021-03-15,18.030000686645508,18.15999984741211,17.989999771118164,18.149999618530273,166100,12.941719055175781,0.0,0.0
ADX,2021-03-16,18.149999618530273,18.219999313354492,18.110000610351562,18.1299991607666,133000,12.927459716796875,0.0,0.0
ADX,2021-03-17,18.010000228881836,18.170000076293945,17.989999771118164,18.1200008392334,134000,12.920331001281738,0.0,0.0
ADX,2021-03-18,17.989999771118164,18.139999389648438,17.90999984741211,17.920000076293945,140700,12.777717590332031,0.0,0.0
ADX,2021-03-19,17.8700008392334,18.020000457763672,17.799999237060547,17.979999542236328,178500,12.820504188537598,0.0,0.0
ADX,2021-03-22,18.06999969482422,18.200000762939453,17.989999771118164,18.100000381469727,169400,12.90606689453125,0.0,0.0
ADX,2021-03-23,18.139999389648438,18.15999984741211,17.969999313354492,17.979999542236328,135900,12.820504188537598,0.0,0.0
ADX,2021-03-24,18.020000457763672,18.049999237060547,17.860000610351562,17.889999389648438,154300,12.756329536437988,0.0,0.0
ADX,2021-03-25,17.829999923706055,17.950000762939453,17.729999542236328,17.90999984741211,163300,12.77059268951416,0.0,0.0
ADX,2021-03-26,18.040000915527344,18.190000534057617,18.0,18.190000534057617,162300,12.970244407653809,0.0,0.0
ADX,2021-03-29,18.170000076293945,18.260000228881836,18.100000381469727,18.239999771118164,115800,13.005891799926758,0.0,0.0
ADX,2021-03-30,18.209999084472656,18.219999313354492,18.110000610351562,18.1299991607666,131500,12.927459716796875,0.0,0.0
ADX,2021-03-31,18.149999618530273,18.31999969482422,18.149999618530273,18.260000228881836,244600,13.020153999328613,0.0,0.0
ADX,2021-04-01,18.299999237060547,18.43000030517578,18.280000686645508,18.43000030517578,230600,13.141372680664062,0.0,0.0
ADX,2021-04-05,18.639999389648438,18.739999771118164,18.559999465942383,18.729999542236328,223900,13.355287551879883,0.0,0.0
ADX,2021-04-06,18.719999313354492,18.799999237060547,18.65999984741211,18.75,203100,13.369545936584473,0.0,0.0
ADX,2021-04-07,18.75,18.799999237060547,18.700000762939453,18.700000762939453,246600,13.333895683288574,0.0,0.0
ADX,2021-04-08,18.790000915527344,18.889999389648438,18.780000686645508,18.850000381469727,145600,13.440848350524902,0.0,0.0
ADX,2021-04-09,18.799999237060547,18.989999771118164,18.799999237060547,18.959999084472656,150000,13.51928424835205,0.0,0.0
ADX,2021-04-12,18.969999313354492,18.989999771118164,18.920000076293945,18.920000076293945,161600,13.490760803222656,0.0,0.0
ADX,2021-04-13,18.950000762939453,19.100000381469727,18.950000762939453,19.049999237060547,139600,13.583456039428711,0.0,0.0
ADX,2021-04-14,19.049999237060547,19.1200008392334,18.979999542236328,19.010000228881836,127600,13.554936408996582,0.0,0.0
ADX,2021-04-15,19.020000457763672,19.209999084472656,19.020000457763672,19.200000762939453,149800,13.69041633605957,0.0,0.0
ADX,2021-04-16,19.260000228881836,19.299999237060547,19.209999084472656,19.270000457763672,91400,13.740326881408691,0.0,0.0
ADX,2021-04-19,19.209999084472656,19.25,19.100000381469727,19.1200008392334,131400,13.633373260498047,0.0,0.0
ADX,2021-04-20,19.100000381469727,19.170000076293945,18.950000762939453,19.020000457763672,85100,13.5620698928833,0.0,0.0
ADX,2021-04-21,18.940000534057617,19.139999389648438,18.940000534057617,19.110000610351562,157300,13.626242637634277,0.0,0.0
ADX,2021-04-22,19.1299991607666,19.139999389648438,18.90999984741211,18.90999984741211,163700,13.483633995056152,0.0,0.0
ADX,2021-04-23,18.969999313354492,19.190000534057617,18.969999313354492,19.1200008392334,175900,13.633373260498047,0.0,0.0
ADX,2021-04-26,19.1200008392334,19.190000534057617,19.100000381469727,19.149999618530273,187700,13.654763221740723,0.0,0.0
ADX,2021-04-27,19.139999389648438,19.200000762939453,19.139999389648438,19.15999984741211,195300,13.661890983581543,0.0,0.0
ADX,2021-04-28,19.18000030517578,19.219999313354492,19.149999618530273,19.15999984741211,116400,13.661890983581543,0.0,0.0
ADX,2021-04-29,19.309999465942383,19.309999465942383,19.18000030517578,19.260000228881836,189000,13.733197212219238,0.0,0.0
ADX,2021-04-30,19.190000534057617,19.239999771118164,19.18000030517578,19.200000762939453,213700,13.69041633605957,0.0,0.0
ADX,2021-05-03,19.219999313354492,19.309999465942383,19.219999313354492,19.229999542236328,105800,13.711804389953613,0.0,0.0
ADX,2021-05-04,19.209999084472656,19.270000457763672,18.969999313354492,19.06999969482422,194500,13.597719192504883,0.0,0.0
ADX,2021-05-05,19.18000030517578,19.200000762939453,19.09000015258789,19.100000381469727,203500,13.619107246398926,0.0,0.0
ADX,2021-05-06,19.1200008392334,19.229999542236328,19.049999237060547,19.209999084472656,192200,13.697543144226074,0.0,0.0
ADX,2021-05-07,19.270000457763672,19.420000076293945,19.200000762939453,19.360000610351562,154900,13.804500579833984,0.0,0.0
ADX,2021-05-10,19.43000030517578,19.440000534057617,19.170000076293945,19.200000762939453,155900,13.69041633605957,0.0,0.0
ADX,2021-05-11,18.950000762939453,19.040000915527344,18.850000381469727,18.979999542236328,284800,13.53354263305664,0.0,0.0
ADX,2021-05-12,18.829999923706055,18.959999084472656,18.549999237060547,18.549999237060547,319000,13.226936340332031,0.0,0.0
ADX,2021-05-13,18.56999969482422,18.899999618530273,18.56999969482422,18.790000915527344,305700,13.398064613342285,0.0,0.0
ADX,2021-05-14,18.860000610351562,19.110000610351562,18.860000610351562,19.059999465942383,264600,13.59058666229248,0.0,0.0
ADX,2021-05-17,18.920000076293945,18.989999771118164,18.899999618530273,18.950000762939453,234900,13.547696113586426,0.05,0.0
ADX,2021-05-18,19.030000686645508,19.059999465942383,18.899999618530273,18.899999618530273,178200,13.511946678161621,0.0,0.0
ADX,2021-05-19,18.670000076293945,18.850000381469727,18.6299991607666,18.829999923706055,176400,13.461901664733887,0.0,0.0
ADX,2021-05-20,18.959999084472656,19.09000015258789,18.93000030517578,19.010000228881836,272600,13.59058666229248,0.0,0.0
ADX,2021-05-21,19.110000610351562,19.1299991607666,19.010000228881836,19.010000228881836,114000,13.59058666229248,0.0,0.0
ADX,2021-05-24,19.1200008392334,19.229999542236328,19.079999923706055,19.18000030517578,191600,13.712122917175293,0.0,0.0
ADX,2021-05-25,19.270000457763672,19.299999237060547,19.1200008392334,19.139999389648438,113000,13.683527946472168,0.0,0.0
ADX,2021-05-26,19.15999984741211,19.229999542236328,19.139999389648438,19.200000762939453,166300,13.726425170898438,0.0,0.0
ADX,2021-05-27,19.280000686645508,19.299999237060547,19.200000762939453,19.270000457763672,141000,13.776467323303223,0.0,0.0
ADX,2021-05-28,19.329999923706055,19.350000381469727,19.270000457763672,19.290000915527344,176700,13.790766716003418,0.0,0.0
ADX,2021-06-01,19.43000030517578,19.43000030517578,19.299999237060547,19.34000015258789,192700,13.826512336730957,0.0,0.0
ADX,2021-06-02,19.3799991607666,19.40999984741211,19.299999237060547,19.299999237060547,189500,13.7979154586792,0.0,0.0
ADX,2021-06-03,19.239999771118164,19.309999465942383,19.149999618530273,19.270000457763672,259200,13.776467323303223,0.0,0.0
ADX,2021-06-04,19.350000381469727,19.479999542236328,19.31999969482422,19.459999084472656,144400,13.912302017211914,0.0,0.0
ADX,2021-06-07,19.479999542236328,19.479999542236328,19.3700008392334,19.420000076293945,80800,13.883706092834473,0.0,0.0
ADX,2021-06-08,19.459999084472656,19.489999771118164,19.40999984741211,19.459999084472656,102400,13.912302017211914,0.0,0.0
ADX,2021-06-09,19.489999771118164,19.530000686645508,19.440000534057617,19.479999542236328,117700,13.926599502563477,0.0,0.0
ADX,2021-06-10,19.510000228881836,19.600000381469727,19.469999313354492,19.559999465942383,87500,13.983792304992676,0.0,0.0
ADX,2021-06-11,19.579999923706055,19.59000015258789,19.5,19.56999969482422,57800,13.99094295501709,0.0,0.0
ADX,2021-06-14,19.549999237060547,19.59000015258789,19.479999542236328,19.59000015258789,98500,14.005245208740234,0.0,0.0
ADX,2021-06-15,19.530000686645508,19.56999969482422,19.489999771118164,19.510000228881836,90700,13.948049545288086,0.0,0.0
ADX,2021-06-16,19.540000915527344,19.56999969482422,19.40999984741211,19.489999771118164,100900,13.933751106262207,0.0,0.0
ADX,2021-06-17,19.469999313354492,19.489999771118164,19.3700008392334,19.440000534057617,175700,13.898004531860352,0.0,0.0
ADX,2021-06-18,19.3700008392334,19.3700008392334,19.190000534057617,19.239999771118164,151000,13.755019187927246,0.0,0.0
ADX,2021-06-21,19.280000686645508,19.420000076293945,19.229999542236328,19.40999984741211,121200,13.876555442810059,0.0,0.0
ADX,2021-06-22,19.440000534057617,19.59000015258789,19.399999618530273,19.540000915527344,82400,13.969494819641113,0.0,0.0
ADX,2021-06-23,19.559999465942383,19.59000015258789,19.510000228881836,19.510000228881836,119200,13.948049545288086,0.0,0.0
ADX,2021-06-24,19.6299991607666,19.709999084472656,19.579999923706055,19.649999618530273,169900,14.048138618469238,0.0,0.0
ADX,2021-06-25,19.719999313354492,19.760000228881836,19.700000762939453,19.719999313354492,202700,14.09817886352539,0.0,0.0
ADX,2021-06-28,19.719999313354492,19.770000457763672,19.690000534057617,19.75,196900,14.11962604522705,0.0,0.0
ADX,2021-06-29,19.75,19.84000015258789,19.729999542236328,19.760000228881836,161100,14.126778602600098,0.0,0.0
ADX,2021-06-30,19.719999313354492,19.829999923706055,19.700000762939453,19.770000457763672,163500,14.133926391601562,0.0,0.0
ADX,2021-07-01,19.790000915527344,19.920000076293945,19.780000686645508,19.8799991607666,168700,14.212569236755371,0.0,0.0
ADX,2021-07-02,19.93000030517578,20.020000457763672,19.920000076293945,19.989999771118164,108300,14.291206359863281,0.0,0.0
ADX,2021-07-06,20.0,20.049999237060547,19.81999969482422,19.90999984741211,199400,14.234015464782715,0.0,0.0
ADX,2021-07-07,19.959999084472656,20.0,19.860000610351562,19.950000762939453,101100,14.262613296508789,0.0,0.0
ADX,2021-07-08,19.75,19.809999465942383,19.649999618530273,19.799999237060547,174200,14.155376434326172,0.0,0.0
ADX,2021-07-09,19.84000015258789,20.010000228881836,19.84000015258789,19.979999542236328,137000,14.284059524536133,0.0,0.0
ADX,2021-07-12,19.989999771118164,20.06999969482422,19.920000076293945,20.020000457763672,247100,14.312658309936523,0.0,0.0
ADX,2021-07-13,20.030000686645508,20.149999618530273,19.969999313354492,20.010000228881836,176400,14.305508613586426,0.0,0.0
ADX,2021-07-14,20.06999969482422,20.149999618530273,20.010000228881836,20.020000457763672,211000,14.312658309936523,0.0,0.0
ADX,2021-07-15,19.979999542236328,20.030000686645508,19.8799991607666,19.950000762939453,188200,14.262613296508789,0.0,0.0
ADX,2021-07-16,20.010000228881836,20.010000228881836,19.709999084472656,19.860000610351562,657600,14.198270797729492,0.0,0.0
ADX,2021-07-19,19.6299991607666,19.639999389648438,19.3799991607666,19.540000915527344,248300,13.969494819641113,0.0,0.0
ADX,2021-07-20,19.549999237060547,19.81999969482422,19.520000457763672,19.790000915527344,181000,14.148224830627441,0.0,0.0
ADX,2021-07-21,19.84000015258789,19.950000762939453,19.84000015258789,19.920000076293945,94500,14.241162300109863,0.0,0.0
ADX,2021-07-22,19.959999084472656,20.010000228881836,19.93000030517578,20.010000228881836,81000,14.305508613586426,0.0,0.0
ADX,2021-07-23,20.079999923706055,20.280000686645508,20.079999923706055,20.229999542236328,234800,14.462788581848145,0.0,0.0
ADX,2021-07-26,20.229999542236328,20.260000228881836,20.200000762939453,20.25,125000,14.477088928222656,0.0,0.0
ADX,2021-07-27,20.25,20.280000686645508,20.0,20.110000610351562,120800,14.37700080871582,0.0,0.0
ADX,2021-07-28,20.139999389648438,20.209999084472656,20.100000381469727,20.1299991607666,110200,14.391295433044434,0.0,0.0
ADX,2021-07-29,20.18000030517578,20.260000228881836,20.18000030517578,20.219999313354492,114700,14.455641746520996,0.0,0.0
ADX,2021-07-30,20.239999771118164,20.239999771118164,20.059999465942383,20.09000015258789,133500,14.362699508666992,0.0,0.0
ADX,2021-08-02,20.200000762939453,20.239999771118164,20.06999969482422,20.079999923706055,208400,14.355549812316895,0.0,0.0
ADX,2021-08-03,20.170000076293945,20.219999313354492,20.049999237060547,20.219999313354492,104300,14.455641746520996,0.0,0.0
ADX,2021-08-04,20.219999313354492,20.219999313354492,20.100000381469727,20.15999984741211,130400,14.412745475769043,0.0,0.0
ADX,2021-08-05,20.15999984741211,20.299999237060547,20.15999984741211,20.299999237060547,109500,14.512831687927246,0.0,0.0
ADX,2021-08-06,20.299999237060547,20.360000610351562,20.270000457763672,20.34000015258789,81400,14.54143238067627,0.0,0.0
ADX,2021-08-09,20.34000015258789,20.3799991607666,20.260000228881836,20.34000015258789,130200,14.54143238067627,0.0,0.0
ADX,2021-08-10,20.350000381469727,20.40999984741211,20.309999465942383,20.3700008392334,133400,14.562875747680664,0.0,0.0
ADX,2021-08-11,20.420000076293945,20.5,20.399999618530273,20.43000030517578,140500,14.60577392578125,0.0,0.0
ADX,2021-08-12,20.469999313354492,20.469999313354492,20.399999618530273,20.469999313354492,107900,14.634368896484375,0.0,0.0
ADX,2021-08-13,20.459999084472656,20.530000686645508,20.459999084472656,20.530000686645508,114700,14.677268981933594,0.0,0.0
ADX,2021-08-16,20.489999771118164,20.56999969482422,20.399999618530273,20.56999969482422,117300,14.705860137939453,0.0,0.0
ADX,2021-08-17,20.5,20.5,20.229999542236328,20.34000015258789,386400,14.576862335205078,0.05,0.0
ADX,2021-08-18,20.290000915527344,20.3700008392334,20.15999984741211,20.170000076293945,121900,14.455031394958496,0.0,0.0
ADX,2021-08-19,20.06999969482422,20.200000762939453,20.040000915527344,20.18000030517578,179900,14.462196350097656,0.0,0.0
ADX,2021-08-20,20.149999618530273,20.3700008392334,20.1299991607666,20.329999923706055,65000,14.569695472717285,0.0,0.0
ADX,2021-08-23,20.420000076293945,20.549999237060547,20.40999984741211,20.489999771118164,89200,14.684361457824707,0.0,0.0
ADX,2021-08-24,20.56999969482422,20.610000610351562,20.5,20.56999969482422,89400,14.741692543029785,0.0,0.0
ADX,2021-08-25,20.610000610351562,20.6299991607666,20.549999237060547,20.600000381469727,144700,14.763195991516113,0.0,0.0
ADX,2021-08-26,20.579999923706055,20.6200008392334,20.479999542236328,20.530000686645508,56100,14.713030815124512,0.0,0.0
ADX,2021-08-27,20.559999465942383,20.719999313354492,20.559999465942383,20.719999313354492,119700,14.84919261932373,0.0,0.0
ADX,2021-08-30,20.739999771118164,20.81999969482422,20.709999084472656,20.81999969482422,93700,14.920857429504395,0.0,0.0
ADX,2021-08-31,20.8700008392334,20.8700008392334,20.75,20.799999237060547,94600,14.906527519226074,0.0,0.0
ADX,2021-09-01,20.90999984741211,20.90999984741211,20.760000228881836,20.780000686645508,205100,14.892193794250488,0.0,0.0
ADX,2021-09-02,20.8799991607666,20.90999984741211,20.729999542236328,20.770000457763672,205900,14.885027885437012,0.0,0.0
ADX,2021-09-03,20.729999542236328,20.850000381469727,20.729999542236328,20.850000381469727,68700,14.942358016967773,0.0,0.0
ADX,2021-09-07,20.809999465942383,20.81999969482422,20.719999313354492,20.760000228881836,122900,14.877857208251953,0.0,0.0
ADX,2021-09-08,20.75,20.75,20.579999923706055,20.690000534057617,141600,14.827691078186035,0.0,0.0
ADX,2021-09-09,20.690000534057617,20.75,20.579999923706055,20.579999923706055,91300,14.748862266540527,0.0,0.0
ADX,2021-09-10,20.610000610351562,20.68000030517578,20.43000030517578,20.43000030517578,181700,14.641363143920898,0.0,0.0
ADX,2021-09-13,20.540000915527344,20.559999465942383,20.3700008392334,20.469999313354492,145800,14.670025825500488,0.0,0.0
ADX,2021-09-14,20.530000686645508,20.59000015258789,20.31999969482422,20.31999969482422,124800,14.562528610229492,0.0,0.0
ADX,2021-09-15,20.3799991607666,20.510000228881836,20.309999465942383,20.5,149900,14.691529273986816,0.0,0.0
ADX,2021-09-16,20.5,20.540000915527344,20.360000610351562,20.5,312900,14.691529273986816,0.0,0.0
ADX,2021-09-17,20.399999618530273,20.450000762939453,20.280000686645508,20.329999923706055,195700,14.569695472717285,0.0,0.0
ADX,2021-09-20,20.030000686645508,20.1299991607666,19.799999237060547,19.959999084472656,240300,14.304532051086426,0.0,0.0
ADX,2021-09-21,20.040000915527344,20.15999984741211,19.93000030517578,19.959999084472656,165000,14.304532051086426,0.0,0.0
ADX,2021-09-22,20.09000015258789,20.200000762939453,20.010000228881836,20.18000030517578,97600,14.462196350097656,0.0,0.0
ADX,2021-09-23,20.270000457763672,20.450000762939453,20.270000457763672,20.360000610351562,111600,14.591195106506348,0.0,0.0
ADX,2021-09-24,20.389999389648438,20.420000076293945,20.34000015258789,20.3799991607666,145700,14.6055269241333,0.0,0.0
ADX,2021-09-27,20.350000381469727,20.3700008392334,20.290000915527344,20.31999969482422,137100,14.562528610229492,0.0,0.0
ADX,2021-09-28,20.229999542236328,20.229999542236328,19.8700008392334,19.950000762939453,166300,14.29736614227295,0.0,0.0
ADX,2021-09-29,19.979999542236328,20.049999237060547,19.90999984741211,19.940000534057617,141400,14.29019832611084,0.0,0.0
ADX,2021-09-30,20.0,20.040000915527344,19.780000686645508,19.799999237060547,138500,14.18986701965332,0.0,0.0
ADX,2021-10-01,19.829999923706055,19.979999542236328,19.579999923706055,19.899999618530273,228000,14.2615327835083,0.0,0.0
ADX,2021-10-04,19.8700008392334,19.940000534057617,19.5,19.6200008392334,164200,14.06086540222168,0.0,0.0
ADX,2021-10-05,19.690000534057617,19.969999313354492,19.690000534057617,19.8799991607666,100200,14.247198104858398,0.0,0.0
ADX,2021-10-06,19.75,19.93000030517578,19.6299991607666,19.899999618530273,142400,14.2615327835083,0.0,0.0
ADX,2021-10-07,20.049999237060547,20.309999465942383,20.049999237060547,20.1299991607666,145200,14.426363945007324,0.0,0.0
ADX,2021-10-08,20.190000534057617,20.200000762939453,20.059999465942383,20.09000015258789,73800,14.397696495056152,0.0,0.0
ADX,2021-10-11,20.1200008392334,20.260000228881836,19.989999771118164,20.0,180600,14.333198547363281,0.0,0.0
ADX,2021-10-12,20.049999237060547,20.049999237060547,19.8799991607666,19.959999084472656,106200,14.304532051086426,0.0,0.0
ADX,2021-10-13,19.959999084472656,20.0,19.8700008392334,20.0,67000,14.333198547363281,0.0,0.0
ADX,2021-10-14,20.170000076293945,20.299999237060547,20.079999923706055,20.270000457763672,166300,14.526695251464844,0.0,0.0
ADX,2021-10-15,20.3799991607666,20.43000030517578,20.34000015258789,20.420000076293945,86400,14.634196281433105,0.0,0.0
ADX,2021-10-18,20.360000610351562,20.56999969482422,20.360000610351562,20.56999969482422,89400,14.741692543029785,0.0,0.0
ADX,2021-10-19,20.6200008392334,20.75,20.56999969482422,20.729999542236328,131900,14.856362342834473,0.0,0.0
ADX,2021-10-20,20.739999771118164,20.850000381469727,20.709999084472656,20.780000686645508,50300,14.892193794250488,0.0,0.0
ADX,2021-10-21,20.780000686645508,20.84000015258789,20.670000076293945,20.829999923706055,72800,14.92802619934082,0.0,0.0
ADX,2021-10-22,20.84000015258789,20.889999389648438,20.739999771118164,20.829999923706055,96100,14.92802619934082,0.0,0.0
ADX,2021-10-25,20.850000381469727,20.959999084472656,20.809999465942383,20.940000534057617,91000,15.006856918334961,0.0,0.0
ADX,2021-10-26,21.0,21.06999969482422,20.969999313354492,21.040000915527344,117500,15.078526496887207,0.0,0.0
ADX,2021-10-27,21.040000915527344,21.100000381469727,20.950000762939453,20.950000762939453,108300,15.014025688171387,0.0,0.0
ADX,2021-10-28,21.09000015258789,21.170000076293945,21.0,21.139999389648438,85400,15.150189399719238,0.0,0.0
ADX,2021-10-29,21.079999923706055,21.209999084472656,21.059999465942383,21.209999084472656,84300,15.200353622436523,0.0,0.0
ADX,2021-11-01,21.260000228881836,21.299999237060547,21.100000381469727,21.219999313354492,153500,15.20751953125,0.0,0.0
ADX,2021-11-02,21.309999465942383,21.34000015258789,21.25,21.280000686645508,177800,15.250523567199707,0.0,0.0
ADX,2021-11-03,21.239999771118164,21.3799991607666,21.190000534057617,21.3700008392334,122300,15.315022468566895,0.0,0.0
ADX,2021-11-04,21.440000534057617,21.540000915527344,21.43000030517578,21.479999542236328,98500,15.393853187561035,0.0,0.0
ADX,2021-11-05,21.639999389648438,21.75,21.59000015258789,21.65999984741211,187800,15.522851943969727,0.0,0.0
ADX,2021-11-08,21.799999237060547,21.799999237060547,21.709999084472656,21.729999542236328,162500,15.573022842407227,0.0,0.0
ADX,2021-11-09,21.719999313354492,21.790000915527344,21.610000610351562,21.65999984741211,182800,15.522851943969727,0.0,0.0
ADX,2021-11-10,21.65999984741211,21.65999984741211,21.399999618530273,21.489999771118164,192800,15.401019096374512,0.0,0.0
ADX,2021-11-11,21.540000915527344,21.600000381469727,21.520000457763672,21.530000686645508,141500,15.4296875,0.0,0.0
ADX,2021-11-12,22.079999923706055,22.09000015258789,21.68000030517578,21.940000534057617,784100,15.723518371582031,0.0,0.0
ADX,2021-11-15,22.18000030517578,22.18000030517578,21.979999542236328,22.030000686645508,438400,15.788020133972168,0.0,0.0
ADX,2021-11-16,22.100000381469727,22.229999542236328,22.040000915527344,22.149999618530273,469300,15.874016761779785,0.0,0.0
ADX,2021-11-17,22.209999084472656,22.25,22.079999923706055,22.209999084472656,346200,15.917016983032227,0.0,0.0
ADX,2021-11-18,22.290000915527344,22.329999923706055,22.149999618530273,22.18000030517578,338600,15.895519256591797,0.0,0.0
ADX,2021-11-19,19.350000381469727,19.360000610351562,19.25,19.299999237060547,662600,13.875327110290527,0.07,0.0
ADX,2021-11-22,19.360000610351562,19.700000762939453,19.360000610351562,19.3799991607666,320400,13.93283748626709,0.0,0.0
ADX,2021-11-23,19.3700008392334,19.399999618530273,19.1200008392334,19.239999771118164,292100,13.832191467285156,0.0,0.0
ADX,2021-11-24,19.209999084472656,19.299999237060547,19.1299991607666,19.299999237060547,193200,13.875327110290527,0.0,0.0
ADX,2021-11-26,19.100000381469727,19.1200008392334,18.8700008392334,18.940000534057617,278500,13.6165132522583,0.0,0.0
ADX,2021-11-29,19.170000076293945,19.229999542236328,19.020000457763672,19.190000534057617,201200,13.796244621276855,0.0,0.0
ADX,2021-11-30,19.1200008392334,19.200000762939453,18.809999465942383,18.860000610351562,230300,13.558996200561523,0.0,0.0
ADX,2021-12-01,19.030000686645508,19.110000610351562,18.579999923706055,18.6200008392334,201800,13.386454582214355,0.0,0.0
ADX,2021-12-02,18.65999984741211,18.860000610351562,18.579999923706055,18.799999237060547,163400,13.515863418579102,0.0,0.0
ADX,2021-12-03,18.8700008392334,18.90999984741211,18.450000762939453,18.56999969482422,226200,13.350508689880371,0.0,0.0
ADX,2021-12-06,18.649999618530273,18.770000457763672,18.579999923706055,18.700000762939453,461200,13.4439697265625,0.0,0.0
ADX,2021-12-07,18.90999984741211,19.079999923706055,18.84000015258789,19.020000457763672,259600,13.674025535583496,0.0,0.0
ADX,2021-12-08,19.100000381469727,19.200000762939453,19.059999465942383,19.190000534057617,209900,13.796244621276855,0.0,0.0
ADX,2021-12-09,19.200000762939453,19.200000762939453,19.079999923706055,19.110000610351562,124000,13.738729476928711,0.0,0.0
ADX,2021-12-10,19.229999542236328,19.239999771118164,19.079999923706055,19.190000534057617,122500,13.796244621276855,0.0,0.0
ADX,2021-12-13,19.209999084472656,19.209999084472656,18.950000762939453,18.969999313354492,120900,13.638079643249512,0.0,0.0
ADX,2021-12-14,18.81999969482422,18.940000534057617,18.68000030517578,18.829999923706055,240700,13.537430763244629,0.0,0.0
ADX,2021-12-15,18.81999969482422,19.18000030517578,18.709999084472656,19.1299991607666,176500,13.753108978271484,0.0,0.0
ADX,2021-12-16,19.149999618530273,19.229999542236328,18.84000015258789,18.93000030517578,189400,13.609323501586914,0.0,0.0
ADX,2021-12-17,18.84000015258789,18.93000030517578,18.65999984741211,18.81999969482422,252400,13.530238151550293,0.0,0.0
ADX,2021-12-20,18.579999923706055,18.610000610351562,18.3700008392334,18.530000686645508,219100,13.321752548217773,0.0,0.0
ADX,2021-12-21,18.68000030517578,18.829999923706055,18.56999969482422,18.829999923706055,313900,13.537430763244629,0.0,0.0
ADX,2021-12-22,18.959999084472656,19.06999969482422,18.8799991607666,19.059999465942383,363600,13.70278549194336,0.0,0.0
ADX,2021-12-23,19.09000015258789,19.299999237060547,19.09000015258789,19.270000457763672,273600,13.853758811950684,0.0,0.0
ADX,2021-12-27,19.360000610351562,19.520000457763672,19.299999237060547,19.520000457763672,235100,14.033492088317871,0.0,0.0
ADX,2021-12-28,19.549999237060547,19.59000015258789,19.440000534057617,19.459999084472656,170800,13.990352630615234,0.0,0.0
ADX,2021-12-29,19.459999084472656,19.56999969482422,19.450000762939453,19.559999465942383,137700,14.062244415283203,0.0,0.0
ADX,2021-12-30,19.540000915527344,19.610000610351562,19.479999542236328,19.479999542236328,194600,14.00473690032959,0.0,0.0
ADX,2021-12-31,19.459999084472656,19.489999771118164,19.360000610351562,19.40999984741211,165400,13.9544095993042,0.0,0.0
ADX,2022-01-03,19.389999389648438,19.559999465942383,19.3799991607666,19.559999465942383,206800,14.062244415283203,0.0,0.0
ADX,2022-01-04,19.610000610351562,19.6200008392334,19.389999389648438,19.510000228881836,183800,14.026302337646484,0.0,0.0
ADX,2022-01-05,19.469999313354492,19.489999771118164,19.059999465942383,19.09000015258789,488700,13.724350929260254,0.0,0.0
ADX,2022-01-06,19.059999465942383,19.209999084472656,18.920000076293945,19.09000015258789,408100,13.724350929260254,0.0,0.0
ADX,2022-01-07,19.170000076293945,19.170000076293945,18.920000076293945,19.059999465942383,260100,13.70278549194336,0.0,0.0
ADX,2022-01-10,18.950000762939453,19.020000457763672,18.59000015258789,18.979999542236328,294700,13.645269393920898,0.0,0.0
ADX,2022-01-11,19.0,19.200000762939453,18.850000381469727,19.200000762939453,232700,13.803435325622559,0.0,0.0
ADX,2022-01-12,19.309999465942383,19.329999923706055,19.18000030517578,19.299999237060547,250200,13.875327110290527,0.0,0.0
ADX,2022-01-13,19.350000381469727,19.350000381469727,19.0,19.030000686645508,284000,13.681217193603516,0.0,0.0
ADX,2022-01-14,18.889999389648438,19.1200008392334,18.829999923706055,19.1200008392334,238200,13.745919227600098,0.0,0.0
ADX,2022-01-18,18.950000762939453,18.950000762939453,18.649999618530273,18.709999084472656,291500,13.451159477233887,0.0,0.0
ADX,2022-01-19,18.75,18.860000610351562,18.510000228881836,18.520000457763672,309700,13.314562797546387,0.0,0.0
ADX,2022-01-20,18.59000015258789,18.790000915527344,18.309999465942383,18.34000015258789,181100,13.18515682220459,0.0,0.0
ADX,2022-01-21,18.360000610351562,18.360000610351562,17.850000381469727,17.93000030517578,427400,12.890395164489746,0.0,0.0
ADX,2022-01-24,17.719999313354492,17.950000762939453,17.1299991607666,17.920000076293945,619000,12.883204460144043,0.0,0.0
ADX,2022-01-25,17.700000762939453,17.969999313354492,17.399999618530273,17.709999084472656,258600,12.73222827911377,0.0,0.0
ADX,2022-01-26,18.040000915527344,18.139999389648438,17.479999542236328,17.709999084472656,273900,12.73222827911377,0.0,0.0
ADX,2022-01-27,17.899999618530273,18.040000915527344,17.579999923706055,17.690000534057617,197300,12.717852592468262,0.0,0.0
ADX,2022-01-28,17.739999771118164,18.1200008392334,17.540000915527344,18.09000015258789,198800,13.005420684814453,0.0,0.0
ADX,2022-01-31,18.15999984741211,18.450000762939453,18.079999923706055,18.440000534057617,324200,13.257046699523926,0.0,0.0
ADX,2022-02-01,18.469999313354492,18.59000015258789,18.329999923706055,18.56999969482422,202800,13.350508689880371,0.0,0.0
ADX,2022-02-02,18.610000610351562,18.829999923706055,18.56999969482422,18.809999465942383,195100,13.523053169250488,0.0,0.0
ADX,2022-02-03,18.700000762939453,18.700000762939453,18.34000015258789,18.34000015258789,322300,13.18515682220459,0.0,0.0
ADX,2022-02-04,18.350000381469727,18.600000381469727,18.219999313354492,18.469999313354492,259400,13.278615951538086,0.0,0.0
ADX,2022-02-07,18.420000076293945,18.520000457763672,18.350000381469727,18.3799991607666,198200,13.213911056518555,0.0,0.0
ADX,2022-02-08,18.3700008392334,18.56999969482422,18.31999969482422,18.5,137500,13.300186157226562,0.0,0.0
ADX,2022-02-09,18.700000762939453,18.84000015258789,18.68000030517578,18.81999969482422,237600,13.530238151550293,0.0,0.0
ADX,2022-02-10,18.56999969482422,18.780000686645508,18.350000381469727,18.389999389648438,225000,13.256319046020508,0.05,0.0
ADX,2022-02-11,18.450000762939453,18.540000915527344,18.030000686645508,18.059999465942383,359300,13.018441200256348,0.0,0.0
ADX,2022-02-14,18.020000457763672,18.09000015258789,17.81999969482422,17.959999084472656,259700,12.946356773376465,0.0,0.0
ADX,2022-02-15,18.079999923706055,18.25,18.079999923706055,18.229999542236328,142300,13.140985488891602,0.0,0.0
ADX,2022-02-16,18.200000762939453,18.3700008392334,18.079999923706055,18.34000015258789,131900,13.2202787399292,0.0,0.0
ADX,2022-02-17,18.149999618530273,18.239999771118164,17.889999389648438,17.950000762939453,193700,12.9391508102417,0.0,0.0
ADX,2022-02-18,17.899999618530273,17.969999313354492,17.670000076293945,17.799999237060547,228600,12.831022262573242,0.0,0.0
ADX,2022-02-22,17.639999389648438,17.790000915527344,17.389999389648438,17.530000686645508,310900,12.636394500732422,0.0,0.0
ADX,2022-02-23,17.6200008392334,17.670000076293945,17.200000762939453,17.200000762939453,179000,12.398516654968262,0.0,0.0
ADX,2022-02-24,16.950000762939453,17.459999084472656,16.690000534057617,17.450000762939453,411100,12.578728675842285,0.0,0.0
ADX,2022-02-25,17.450000762939453,17.920000076293945,17.3799991607666,17.84000015258789,357700,12.859855651855469,0.0,0.0
ADX,2022-02-28,17.6299991607666,17.850000381469727,17.510000228881836,17.850000381469727,239700,12.8670654296875,0.0,0.0
ADX,2022-03-01,17.8700008392334,17.90999984741211,17.56999969482422,17.700000762939453,330700,12.758939743041992,0.0,0.0
ADX,2022-03-02,17.709999084472656,18.040000915527344,17.700000762939453,17.969999313354492,224200,12.953563690185547,0.0,0.0
ADX,2022-03-03,18.049999237060547,18.100000381469727,17.780000686645508,17.84000015258789,108900,12.859855651855469,0.0,0.0
ADX,2022-03-04,17.719999313354492,17.75,17.510000228881836,17.65999984741211,206700,12.73010540008545,0.0,0.0
ADX,2022-03-07,17.559999465942383,17.559999465942383,17.0,17.010000228881836,390500,12.261555671691895,0.0,0.0
ADX,2022-03-08,17.0,17.34000015258789,16.860000610351562,16.889999389648438,215500,12.175053596496582,0.0,0.0
ADX,2022-03-09,17.239999771118164,17.5,17.200000762939453,17.450000762939453,118300,12.578728675842285,0.0,0.0
ADX,2022-03-10,17.25,17.389999389648438,17.1299991607666,17.34000015258789,185000,12.499432563781738,0.0,0.0
ADX,2022-03-11,17.510000228881836,17.530000686645508,17.06999969482422,17.100000381469727,146500,12.326434135437012,0.0,0.0
ADX,2022-03-14,17.149999618530273,17.25,16.860000610351562,16.959999084472656,160700,12.225513458251953,0.0,0.0
ADX,2022-03-15,17.020000457763672,17.360000610351562,16.989999771118164,17.329999923706055,202000,12.492225646972656,0.0,0.0
ADX,2022-03-16,17.56999969482422,17.729999542236328,17.299999237060547,17.709999084472656,232500,12.766144752502441,0.0,0.0
ADX,2022-03-17,17.649999618530273,17.979999542236328,17.610000610351562,17.979999542236328,201000,12.960772514343262,0.0,0.0
ADX,2022-03-18,17.899999618530273,18.209999084472656,17.899999618530273,18.209999084472656,134200,13.126568794250488,0.0,0.0
ADX,2022-03-21,18.229999542236328,18.290000915527344,18.0,18.15999984741211,138200,13.09052562713623,0.0,0.0
ADX,2022-03-22,18.15999984741211,18.440000534057617,18.15999984741211,18.360000610351562,119000,13.234694480895996,0.0,0.0
ADX,2022-03-23,18.290000915527344,18.31999969482422,18.149999618530273,18.149999618530273,121100,13.083316802978516,0.0,0.0
ADX,2022-03-24,18.229999542236328,18.350000381469727,18.15999984741211,18.31999969482422,171800,13.20586109161377,0.0,0.0
ADX,2022-03-25,18.3799991607666,18.5,18.299999237060547,18.440000534057617,120200,13.29236125946045,0.0,0.0
ADX,2022-03-28,18.3799991607666,18.549999237060547,18.350000381469727,18.540000915527344,96800,13.364448547363281,0.0,0.0
ADX,2022-03-29,18.65999984741211,18.809999465942383,18.600000381469727,18.770000457763672,167400,13.530240058898926,0.0,0.0
ADX,2022-03-30,18.739999771118164,18.739999771118164,18.56999969482422,18.68000030517578,89400,13.465367317199707,0.0,0.0
ADX,2022-03-31,18.639999389648438,18.68000030517578,18.43000030517578,18.440000534057617,136900,13.29236125946045,0.0,0.0
ADX,2022-04-01,18.459999084472656,18.510000228881836,18.299999237060547,18.510000228881836,141300,13.34282112121582,0.0,0.0
ADX,2022-04-04,18.43000030517578,18.6200008392334,18.43000030517578,18.579999923706055,187300,13.39328384399414,0.0,0.0
ADX,2022-04-05,18.559999465942383,18.639999389648438,18.3700008392334,18.420000076293945,104700,13.277944564819336,0.0,0.0
ADX,2022-04-06,18.25,18.299999237060547,18.09000015258789,18.190000534057617,177900,13.112152099609375,0.0,0.0
ADX,2022-04-07,18.1299991607666,18.3799991607666,18.030000686645508,18.260000228881836,194300,13.162611961364746,0.0,0.0
ADX,2022-04-08,18.25,18.3799991607666,18.190000534057617,18.270000457763672,123800,13.169820785522461,0.0,0.0
ADX,2022-04-11,18.1200008392334,18.190000534057617,17.889999389648438,17.889999389648438,156700,12.89589786529541,0.0,0.0
ADX,2022-04-12,18.010000228881836,18.110000610351562,17.719999313354492,17.790000915527344,235600,12.823814392089844,0.0,0.0
ADX,2022-04-13,17.84000015258789,18.020000457763672,17.799999237060547,17.979999542236328,125800,12.960772514343262,0.0,0.0
ADX,2022-04-14,18.030000686645508,18.030000686645508,17.75,17.75,147100,12.794981956481934,0.0,0.0
ADX,2022-04-18,17.709999084472656,17.889999389648438,17.700000762939453,17.829999923706055,103400,12.85265064239502,0.0,0.0
ADX,2022-04-19,17.790000915527344,18.1299991607666,17.780000686645508,18.09000015258789,162100,13.040066719055176,0.0,0.0
ADX,2022-04-20,18.139999389648438,18.170000076293945,18.0,18.059999465942383,182400,13.018441200256348,0.0,0.0
ADX,2022-04-21,18.18000030517578,18.299999237060547,17.729999542236328,17.770000457763672,190600,12.80939769744873,0.0,0.0
ADX,2022-04-22,17.700000762939453,17.75,17.270000457763672,17.299999237060547,176200,12.470599174499512,0.0,0.0
ADX,2022-04-25,17.170000076293945,17.3799991607666,16.950000762939453,17.329999923706055,182800,12.492225646972656,0.0,0.0
ADX,2022-04-26,17.290000915527344,17.290000915527344,16.90999984741211,16.920000076293945,168900,12.19667911529541,0.0,0.0
ADX,2022-04-27,17.020000457763672,17.200000762939453,16.8799991607666,17.0,162700,12.254348754882812,0.0,0.0
ADX,2022-04-28,17.270000457763672,17.520000457763672,17.020000457763672,17.440000534057617,114400,12.57151985168457,0.0,0.0
ADX,2022-04-29,17.260000228881836,17.3799991607666,16.809999465942383,16.809999465942383,151700,12.117386817932129,0.0,0.0
ADX,2022-05-02,16.799999237060547,16.979999542236328,16.520000457763672,16.889999389648438,566700,12.175053596496582,0.0,0.0
ADX,2022-05-03,16.75,17.059999465942383,16.729999542236328,16.93000030517578,196100,12.203887939453125,0.0,0.0
ADX,2022-05-04,16.979999542236328,17.540000915527344,16.809999465942383,17.450000762939453,228400,12.578728675842285,0.0,0.0
ADX,2022-05-05,17.290000915527344,17.290000915527344,16.670000076293945,16.84000015258789,249600,12.13901138305664,0.0,0.0
ADX,2022-05-06,16.799999237060547,16.889999389648438,16.549999237060547,16.760000228881836,222100,12.081344604492188,0.0,0.0
ADX,2022-05-09,16.559999465942383,16.559999465942383,16.149999618530273,16.190000534057617,299900,11.670463562011719,0.0,0.0
ADX,2022-05-10,16.329999923706055,16.520000457763672,15.960000038146973,16.139999389648438,239900,11.634420394897461,0.0,0.0
ADX,2022-05-11,16.110000610351562,16.420000076293945,15.859999656677246,15.890000343322754,176500,11.45421028137207,0.0,0.0
ADX,2022-05-12,15.75,16.030000686645508,15.539999961853027,15.869999885559082,215900,11.439793586730957,0.0,0.0
ADX,2022-05-13,16.0,16.350000381469727,16.0,16.260000228881836,205500,11.720924377441406,0.0,0.0
ADX,2022-05-16,16.149999618530273,16.3700008392334,16.1299991607666,16.190000534057617,202100,11.670463562011719,0.0,0.0
ADX,2022-05-17,16.360000610351562,16.540000915527344,16.25,16.450000762939453,182900,11.894619941711426,0.05,0.0
ADX,2022-05-18,16.309999465942383,16.31999969482422,15.739999771118164,15.819999694824219,326000,11.439078330993652,0.0,0.0
ADX,2022-05-19,15.6899995803833,15.880000114440918,15.609999656677246,15.680000305175781,174200,11.337847709655762,0.0,0.0
ADX,2022-05-20,15.829999923706055,15.880000114440918,15.300000190734863,15.65999984741211,158800,11.32338809967041,0.0,0.0
ADX,2022-05-23,15.800000190734863,16.010000228881836,15.6899995803833,15.890000343322754,196000,11.489693641662598,0.0,0.0
ADX,2022-05-24,15.760000228881836,15.8100004196167,15.550000190734863,15.710000038146973,366000,11.359542846679688,0.0,0.0
ADX,2022-05-25,15.65999984741211,16.059999465942383,15.65999984741211,15.979999542236328,250600,11.554773330688477,0.0,0.0
ADX,2022-05-26,15.970000267028809,16.40999984741211,15.970000267028809,16.309999465942383,201200,11.793386459350586,0.0,0.0
ADX,2022-05-27,16.440000534057617,16.75,16.440000534057617,16.719999313354492,156800,12.08984661102295,0.0,0.0
ADX,2022-05-31,16.65999984741211,16.799999237060547,16.530000686645508,16.610000610351562,206800,12.010311126708984,0.0,0.0
ADX,2022-06-01,16.84000015258789,16.84000015258789,16.399999618530273,16.549999237060547,216600,11.966925621032715,0.0,0.0
ADX,2022-06-02,16.489999771118164,16.850000381469727,16.399999618530273,16.84000015258789,187200,12.176617622375488,0.0,0.0
ADX,2022-06-03,16.690000534057617,16.690000534057617,16.520000457763672,16.540000915527344,86400,11.95969295501709,0.0,0.0
ADX,2022-06-06,16.709999084472656,16.850000381469727,16.579999923706055,16.670000076293945,89200,12.053693771362305,0.0,0.0
ADX,2022-06-07,16.559999465942383,16.8700008392334,16.469999313354492,16.8700008392334,89500,12.198309898376465,0.0,0.0
ADX,2022-06-08,16.850000381469727,16.850000381469727,16.600000381469727,16.65999984741211,97600,12.046465873718262,0.0,0.0
ADX,2022-06-09,16.549999237060547,16.700000762939453,16.299999237060547,16.31999969482422,106500,11.800617218017578,0.0,0.0
ADX,2022-06-10,16.049999237060547,16.059999465942383,15.75,15.800000190734863,228200,11.424619674682617,0.0,0.0
ADX,2022-06-13,15.420000076293945,15.569999694824219,15.09000015258789,15.170000076293945,251900,10.969078063964844,0.0,0.0
ADX,2022-06-14,15.229999542236328,15.239999771118164,14.920000076293945,15.069999694824219,228200,10.896771430969238,0.0,0.0
ADX,2022-06-15,15.180000305175781,15.5600004196167,15.079999923706055,15.420000076293945,293000,11.149849891662598,0.0,0.0
ADX,2022-06-16,15.0600004196167,15.069999694824219,14.739999771118164,14.800000190734863,181400,10.70154094696045,0.0,0.0
ADX,2022-06-17,14.760000228881836,14.960000038146973,14.649999618530273,14.850000381469727,266700,10.737693786621094,0.0,0.0
ADX,2022-06-21,15.069999694824219,15.279999732971191,15.069999694824219,15.239999771118164,210600,11.019693374633789,0.0,0.0
ADX,2022-06-22,15.020000457763672,15.34000015258789,15.020000457763672,15.170000076293945,154000,10.969078063964844,0.0,0.0
ADX,2022-06-23,15.270000457763672,15.40999984741211,15.130000114440918,15.350000381469727,134300,11.099231719970703,0.0,0.0
ADX,2022-06-24,15.489999771118164,15.819999694824219,15.489999771118164,15.789999961853027,190600,11.417386054992676,0.0,0.0
ADX,2022-06-27,15.84000015258789,15.859999656677246,15.680000305175781,15.720000267028809,99300,11.366771697998047,0.0,0.0
ADX,2022-06-28,15.850000381469727,16.020000457763672,15.470000267028809,15.5,179900,11.207693099975586,0.0,0.0
ADX,2022-06-29,15.529999732971191,15.59000015258789,15.390000343322754,15.479999542236328,201600,11.19323444366455,0.0,0.0
ADX,2022-06-30,15.350000381469727,15.5,15.170000076293945,15.34000015258789,238800,11.092001914978027,0.0,0.0
ADX,2022-07-01,15.350000381469727,15.5600004196167,15.25,15.520000457763672,71400,11.222159385681152,0.0,0.0
ADX,2022-07-05,15.350000381469727,15.569999694824219,15.239999771118164,15.5600004196167,142400,11.251080513000488,0.0,0.0
ADX,2022-07-06,15.579999923706055,15.6899995803833,15.470000267028809,15.600000381469727,188300,11.28000259399414,0.0,0.0
ADX,2022-07-07,15.710000038146973,15.859999656677246,15.699999809265137,15.829999923706055,188800,11.446310043334961,0.0,0.0
ADX,2022-07-08,15.770000457763672,15.880000114440918,15.699999809265137,15.800000190734863,152600,11.424619674682617,0.0,0.0
ADX,2022-07-11,15.739999771118164,15.789999961853027,15.59000015258789,15.670000076293945,147100,11.33061695098877,0.0,0.0
ADX,2022-07-12,15.630000114440918,15.760000228881836,15.449999809265137,15.470000267028809,146900,11.186003684997559,0.0,0.0
ADX,2022-07-13,15.239999771118164,15.5,15.199999809265137,15.380000114440918,181400,11.120925903320312,0.0,0.0
ADX,2022-07-14,15.199999809265137,15.380000114440918,15.09000015258789,15.329999923706055,119900,11.084773063659668,0.0,0.0
ADX,2022-07-15,15.529999732971191,15.680000305175781,15.5,15.600000381469727,79800,11.28000259399414,0.0,0.0
ADX,2022-07-18,15.75,15.8100004196167,15.470000267028809,15.539999961853027,129200,11.236616134643555,0.0,0.0
ADX,2022-07-19,15.649999618530273,15.949999809265137,15.649999618530273,15.949999809265137,157100,11.533079147338867,0.0,0.0
ADX,2022-07-20,15.960000038146973,16.1200008392334,15.869999885559082,16.0,185900,11.569231986999512,0.0,0.0
ADX,2022-07-21,16.020000457763672,16.219999313354492,15.890000343322754,16.219999313354492,114600,11.728309631347656,0.0,0.0
ADX,2022-07-22,16.239999771118164,16.239999771118164,15.960000038146973,16.049999237060547,94500,11.605386734008789,0.0,0.0
ADX,2022-07-25,16.030000686645508,16.100000381469727,15.960000038146973,16.020000457763672,161300,11.583696365356445,0.0,0.0
ADX,2022-07-26,15.960000038146973,16.0,15.8100004196167,15.90999984741211,208800,11.504156112670898,0.0,0.0
ADX,2022-07-27,16.0,16.329999923706055,16.0,16.219999313354492,295700,11.728309631347656,0.0,0.0
ADX,2022-07-28,16.239999771118164,16.459999084472656,16.110000610351562,16.420000076293945,229300,11.8729248046875,0.0,0.0
ADX,2022-07-29,16.459999084472656,16.719999313354492,16.440000534057617,16.639999389648438,156000,12.032002449035645,0.0,0.0
ADX,2022-08-01,16.549999237060547,16.739999771118164,16.5,16.6200008392334,133100,12.017539978027344,0.0,0.0
ADX,2022-08-02,16.530000686645508,16.75,16.469999313354492,16.549999237060547,222700,11.966925621032715,0.0,0.0
ADX,2022-08-03,16.6299991607666,16.84000015258789,16.6200008392334,16.799999237060547,168300,12.14769458770752,0.0,0.0
ADX,2022-08-04,16.809999465942383,16.850000381469727,16.719999313354492,16.770000457763672,189300,12.12600040435791,0.0,0.0
ADX,2022-08-05,16.65999984741211,16.790000915527344,16.6200008392334,16.700000762939453,223500,12.075389862060547,0.0,0.0
ADX,2022-08-08,16.739999771118164,16.850000381469727,16.6200008392334,16.690000534057617,205100,12.068155288696289,0.0,0.0
ADX,2022-08-09,16.649999618530273,16.709999084472656,16.579999923706055,16.600000381469727,136300,12.003081321716309,0.0,0.0
ADX,2022-08-10,16.75,16.979999542236328,16.75,16.93000030517578,231800,12.241695404052734,0.0,0.0
ADX,2022-08-11,17.1200008392334,17.15999984741211,16.920000076293945,16.969999313354492,147100,12.270614624023438,0.0,0.0
ADX,2022-08-12,17.079999923706055,17.290000915527344,17.030000686645508,17.290000915527344,128900,12.502001762390137,0.0,0.0
ADX,2022-08-15,17.170000076293945,17.3799991607666,17.079999923706055,17.34000015258789,165100,12.538155555725098,0.0,0.0
ADX,2022-08-16,17.3700008392334,17.450000762939453,17.309999465942383,17.3799991607666,119600,12.567079544067383,0.0,0.0
ADX,2022-08-17,17.229999542236328,17.34000015258789,17.170000076293945,17.229999542236328,285300,12.494562149047852,0.05,0.0
ADX,2022-08-18,17.200000762939453,17.350000381469727,17.200000762939453,17.209999084472656,119800,12.480059623718262,0.0,0.0
ADX,2022-08-19,17.100000381469727,17.149999618530273,16.950000762939453,17.059999465942383,204300,12.371285438537598,0.0,0.0
ADX,2022-08-22,16.950000762939453,16.969999313354492,16.639999389648438,16.719999313354492,151700,12.124730110168457,0.0,0.0
ADX,2022-08-23,16.670000076293945,16.799999237060547,16.670000076293945,16.709999084472656,70300,12.117477416992188,0.0,0.0
ADX,2022-08-24,16.65999984741211,16.829999923706055,16.65999984741211,16.75,92500,12.146486282348633,0.0,0.0
ADX,2022-08-25,16.799999237060547,16.950000762939453,16.799999237060547,16.940000534057617,206800,12.284266471862793,0.0,0.0
ADX,2022-08-26,16.93000030517578,16.959999084472656,16.469999313354492,16.469999313354492,296900,11.943439483642578,0.0,0.0
ADX,2022-08-29,16.350000381469727,16.440000534057617,16.25,16.31999969482422,83000,11.834665298461914,0.0,0.0
ADX,2022-08-30,16.450000762939453,16.450000762939453,16.059999465942383,16.149999618530273,139600,11.711386680603027,0.0,0.0
ADX,2022-08-31,16.25,16.260000228881836,16.059999465942383,16.06999969482422,171700,11.653374671936035,0.0,0.0
ADX,2022-09-01,16.06999969482422,16.170000076293945,15.869999885559082,16.170000076293945,171300,11.72589111328125,0.0,0.0
ADX,2022-09-02,16.270000457763672,16.3799991607666,15.920000076293945,15.9399995803833,146700,11.559103012084961,0.0,0.0
ADX,2022-09-06,16.010000228881836,16.049999237060547,15.829999923706055,15.920000076293945,150500,11.544600486755371,0.0,0.0
ADX,2022-09-07,15.789999961853027,16.15999984741211,15.789999961853027,16.100000381469727,157200,11.675128936767578,0.0,0.0
ADX,2022-09-08,15.989999771118164,16.34000015258789,15.949999809265137,16.34000015258789,164000,11.849167823791504,0.0,0.0
ADX,2022-09-09,16.440000534057617,16.579999923706055,16.40999984741211,16.5,96300,11.965194702148438,0.0,0.0
ADX,2022-09-12,16.579999923706055,16.75,16.579999923706055,16.639999389648438,89400,12.066717147827148,0.0,0.0
ADX,2022-09-13,16.299999237060547,16.329999923706055,16.0,16.030000686645508,115900,11.624368667602539,0.0,0.0
ADX,2022-09-14,16.040000915527344,16.100000381469727,15.930000305175781,16.059999465942383,81200,11.646121978759766,0.0,0.0
ADX,2022-09-15,16.0,16.09000015258789,15.859999656677246,15.9399995803833,64400,11.559103012084961,0.0,0.0
ADX,2022-09-16,15.75,15.8100004196167,15.65999984741211,15.789999961853027,126800,11.450328826904297,0.0,0.0
ADX,2022-09-19,15.630000114440918,15.8100004196167,15.619999885559082,15.789999961853027,157900,11.450328826904297,0.0,0.0
ADX,2022-09-20,15.680000305175781,15.6899995803833,15.510000228881836,15.609999656677246,175200,11.319798469543457,0.0,0.0
ADX,2022-09-21,15.710000038146973,15.8100004196167,15.34000015258789,15.369999885559082,153400,11.145759582519531,0.0,0.0
ADX,2022-09-22,15.329999923706055,15.34000015258789,15.210000038146973,15.25,162900,11.058741569519043,0.0,0.0
ADX,2022-09-23,15.050000190734863,15.109999656677246,14.729999542236328,14.920000076293945,403100,10.819437026977539,0.0,0.0
ADX,2022-09-26,14.829999923706055,15.010000228881836,14.699999809265137,14.770000457763672,232700,10.710662841796875,0.0,0.0
ADX,2022-09-27,14.90999984741211,15.039999961853027,14.640000343322754,14.75,263100,10.696158409118652,0.0,0.0
ADX,2022-09-28,14.800000190734863,15.119999885559082,14.699999809265137,15.010000228881836,342800,10.8847017288208,0.0,0.0
ADX,2022-09-29,14.84000015258789,14.84000015258789,14.619999885559082,14.760000228881836,300200,10.703410148620605,0.0,0.0
ADX,2022-09-30,14.729999542236328,14.90999984741211,14.5600004196167,14.569999694824219,239800,10.565629005432129,0.0,0.0
ADX,2022-10-03,14.75,15.0,14.6899995803833,14.960000038146973,227200,10.848443031311035,0.0,0.0
ADX,2022-10-04,15.109999656677246,15.489999771118164,15.109999656677246,15.40999984741211,426300,11.174766540527344,0.0,0.0
ADX,2022-10-05,15.25,15.449999809265137,15.149999618530273,15.359999656677246,181500,11.138508796691895,0.0,0.0
ADX,2022-10-06,15.289999961853027,15.420000076293945,15.180000305175781,15.229999542236328,169700,11.044236183166504,0.0,0.0
ADX,2022-10-07,15.050000190734863,15.09000015258789,14.770000457763672,14.800000190734863,210800,10.732416152954102,0.0,0.0
ADX,2022-10-10,14.84000015258789,14.880000114440918,14.449999809265137,14.65999984741211,248200,10.630892753601074,0.0,0.0
ADX,2022-10-11,14.59000015258789,14.760000228881836,14.449999809265137,14.600000381469727,230200,10.587385177612305,0.0,0.0
ADX,2022-10-12,14.59000015258789,14.640000343322754,14.5,14.539999961853027,189500,10.54387378692627,0.0,0.0
ADX,2022-10-13,14.279999732971191,14.899999618530273,14.199999809265137,14.829999923706055,240000,10.754171371459961,0.0,0.0
ADX,2022-10-14,14.930000305175781,15.050000190734863,14.529999732971191,14.529999732971191,153300,10.53662109375,0.0,0.0
ADX,2022-10-17,14.739999771118164,14.960000038146973,14.739999771118164,14.880000114440918,244900,10.79042911529541,0.0,0.0
ADX,2022-10-18,15.25,15.329999923706055,14.920000076293945,15.010000228881836,352800,10.8847017288208,0.0,0.0
ADX,2022-10-19,14.989999771118164,15.079999923706055,14.819999694824219,14.949999809265137,148900,10.841191291809082,0.0,0.0
ADX,2022-10-20,14.899999618530273,15.140000343322754,14.75,14.819999694824219,216400,10.746920585632324,0.0,0.0
ADX,2022-10-21,14.75,15.199999809265137,14.729999542236328,15.180000305175781,158100,11.007978439331055,0.0,0.0
ADX,2022-10-24,15.260000228881836,15.380000114440918,15.15999984741211,15.319999694824219,103000,11.109501838684082,0.0,0.0
ADX,2022-10-25,15.3100004196167,15.600000381469727,15.3100004196167,15.569999694824219,144000,11.290792465209961,0.0,0.0
ADX,2022-10-26,15.460000038146973,15.6899995803833,15.40999984741211,15.449999809265137,264700,11.203771591186523,0.0,0.0
ADX,2022-10-27,15.489999771118164,15.600000381469727,15.350000381469727,15.399999618530273,130300,11.16751480102539,0.0,0.0
ADX,2022-10-28,15.420000076293945,15.739999771118164,15.420000076293945,15.720000267028809,258600,11.399567604064941,0.0,0.0
ADX,2022-10-31,15.65999984741211,15.729999542236328,15.579999923706055,15.649999618530273,110900,11.348806381225586,0.0,0.0
ADX,2022-11-01,15.819999694824219,15.829999923706055,15.550000190734863,15.59000015258789,125100,11.305294036865234,0.0,0.0
ADX,2022-11-02,15.630000114440918,15.75,15.229999542236328,15.260000228881836,139000,11.065991401672363,0.0,0.0
ADX,2022-11-03,15.149999618530273,15.199999809265137,15.029999732971191,15.149999618530273,134300,10.986223220825195,0.0,0.0
ADX,2022-11-04,15.34000015258789,15.4399995803833,15.119999885559082,15.300000190734863,165500,11.094998359680176,0.0,0.0
ADX,2022-11-07,15.359999656677246,15.489999771118164,15.279999732971191,15.399999618530273,125900,11.16751480102539,0.0,0.0
ADX,2022-11-08,15.489999771118164,15.630000114440918,15.380000114440918,15.520000457763672,158900,11.254534721374512,0.0,0.0
ADX,2022-11-09,15.420000076293945,15.479999542236328,15.149999618530273,15.170000076293945,106700,11.000726699829102,0.0,0.0
ADX,2022-11-10,15.720000267028809,15.960000038146973,15.619999885559082,15.9399995803833,235800,11.559103012084961,0.0,0.0
ADX,2022-11-11,15.979999542236328,16.139999389648438,15.920000076293945,16.06999969482422,371000,11.653374671936035,0.0,0.0
ADX,2022-11-14,16.0,16.139999389648438,15.829999923706055,15.829999923706055,181300,11.479336738586426,0.0,0.0
ADX,2022-11-15,16.15999984741211,16.200000762939453,15.859999656677246,16.079999923706055,298000,11.660626411437988,0.0,0.0
ADX,2022-11-16,16.059999465942383,16.06999969482422,15.899999618530273,15.960000038146973,260800,11.573606491088867,0.0,0.0
ADX,2022-11-17,15.8100004196167,15.989999771118164,15.760000228881836,15.949999809265137,187100,11.566353797912598,0.0,0.0
ADX,2022-11-18,15.149999618530273,15.1899995803833,15.0,15.100000381469727,412000,11.620223045349121,0.92,0.0
ADX,2022-11-21,15.0600004196167,15.079999923706055,14.960000038146973,15.0600004196167,155900,11.589442253112793,0.0,0.0
ADX,2022-11-22,15.109999656677246,15.270000457763672,15.09000015258789,15.229999542236328,216700,11.72026538848877,0.0,0.0
ADX,2022-11-23,15.229999542236328,15.350000381469727,15.15999984741211,15.300000190734863,163700,11.77413272857666,0.0,0.0
ADX,2022-11-25,15.300000190734863,15.329999923706055,15.279999732971191,15.319999694824219,47900,11.789523124694824,0.0,0.0
ADX,2022-11-28,15.25,15.270000457763672,15.100000381469727,15.109999656677246,195100,11.627918243408203,0.0,0.0
ADX,2022-11-29,15.109999656677246,15.199999809265137,15.020000457763672,15.109999656677246,131000,11.627918243408203,0.0,0.0
ADX,2022-11-30,15.069999694824219,15.600000381469727,15.050000190734863,15.539999961853027,263300,11.958824157714844,0.0,0.0
ADX,2022-12-01,15.680000305175781,15.680000305175781,15.369999885559082,15.569999694824219,250100,11.981912612915039,0.0,0.0
ADX,2022-12-02,15.369999885559082,15.550000190734863,15.350000381469727,15.5,164600,11.9280424118042,0.0,0.0
ADX,2022-12-05,15.430000305175781,15.460000038146973,15.199999809265137,15.270000457763672,152500,11.75104808807373,0.0,0.0
ADX,2022-12-06,15.239999771118164,15.270000457763672,14.949999809265137,15.0,205100,11.543268203735352,0.0,0.0
ADX,2022-12-07,14.960000038146973,15.079999923706055,14.949999809265137,14.970000267028809,270200,11.520180702209473,0.0,0.0
ADX,2022-12-08,15.050000190734863,15.130000114440918,14.989999771118164,15.0600004196167,279400,11.589442253112793,0.0,0.0
ADX,2022-12-09,15.0,15.130000114440918,14.949999809265137,14.949999809265137,168900,11.504789352416992,0.0,0.0
ADX,2022-12-12,14.949999809265137,15.149999618530273,14.949999809265137,15.149999618530273,226200,11.658699989318848,0.0,0.0
ADX,2022-12-13,15.5,15.550000190734863,15.170000076293945,15.25,368500,11.73565673828125,0.0,0.0
ADX,2022-12-14,15.210000038146973,15.380000114440918,15.100000381469727,15.180000305175781,267200,11.681788444519043,0.0,0.0
ADX,2022-12-15,15.010000228881836,15.020000457763672,14.779999732971191,14.829999923706055,253600,11.412444114685059,0.0,0.0
ADX,2022-12-16,14.739999771118164,14.800000190734863,14.569999694824219,14.680000305175781,239800,11.297011375427246,0.0,0.0
ADX,2022-12-19,14.619999885559082,14.699999809265137,14.479999542236328,14.529999732971191,186000,11.18157958984375,0.0,0.0
ADX,2022-12-20,14.460000038146973,14.640000343322754,14.460000038146973,14.550000190734863,357800,11.196969032287598,0.0,0.0
ADX,2022-12-21,14.729999542236328,14.800000190734863,14.640000343322754,14.789999961853027,441000,11.381662368774414,0.0,0.0
ADX,2022-12-22,14.680000305175781,14.680000305175781,14.359999656677246,14.529999732971191,326900,11.18157958984375,0.0,0.0
ADX,2022-12-23,14.5,14.600000381469727,14.430000305175781,14.59000015258789,224600,11.227752685546875,0.0,0.0
ADX,2022-12-27,14.5600004196167,14.59000015258789,14.449999809265137,14.489999771118164,631900,11.150796890258789,0.0,0.0
ADX,2022-12-28,14.460000038146973,14.600000381469727,14.319999694824219,14.34000015258789,435800,11.035364151000977,0.0,0.0
ADX,2022-12-29,14.40999984741211,14.59000015258789,14.40999984741211,14.539999961853027,385100,11.189274787902832,0.0,0.0
ADX,2022-12-30,14.5,14.539999961853027,14.369999885559082,14.539999961853027,196700,11.189274787902832,0.0,0.0
ADX,2023-01-03,14.670000076293945,14.670000076293945,14.430000305175781,14.510000228881836,263200,11.166187286376953,0.0,0.0
ADX,2023-01-04,14.640000343322754,14.65999984741211,14.4399995803833,14.59000015258789,347500,11.227752685546875,0.0,0.0
ADX,2023-01-05,14.470000267028809,14.550000190734863,14.359999656677246,14.359999656677246,165200,11.05075454711914,0.0,0.0
ADX,2023-01-06,14.520000457763672,14.720000267028809,14.430000305175781,14.6899995803833,243400,11.304706573486328,0.0,0.0
ADX,2023-01-09,14.770000457763672,14.850000381469727,14.640000343322754,14.649999618530273,233800,11.273923873901367,0.0,0.0
ADX,2023-01-10,14.670000076293945,14.770000457763672,14.630000114440918,14.760000228881836,142000,11.358575820922852,0.0,0.0
ADX,2023-01-11,14.800000190734863,14.949999809265137,14.800000190734863,14.899999618530273,389200,11.46631145477295,0.0,0.0
ADX,2023-01-12,14.989999771118164,15.079999923706055,14.859999656677246,15.029999732971191,304000,11.566353797912598,0.0,0.0
ADX,2023-01-13,14.899999618530273,15.09000015258789,14.869999885559082,15.079999923706055,211900,11.60483169555664,0.0,0.0
ADX,2023-01-17,15.079999923706055,15.170000076293945,15.050000190734863,15.100000381469727,271300,11.620223045349121,0.0,0.0
ADX,2023-01-18,15.140000343322754,15.1899995803833,14.859999656677246,14.859999656677246,307900,11.435530662536621,0.0,0.0
ADX,2023-01-19,14.75,14.869999885559082,14.75,14.75,268900,11.350881576538086,0.0,0.0
ADX,2023-01-20,14.800000190734863,15.069999694824219,14.770000457763672,15.0600004196167,225400,11.589442253112793,0.0,0.0
ADX,2023-01-23,15.109999656677246,15.229999542236328,14.989999771118164,15.1899995803833,273400,11.689482688903809,0.0,0.0
ADX,2023-01-24,15.100000381469727,15.210000038146973,14.960000038146973,15.15999984741211,218700,11.666396141052246,0.0,0.0
ADX,2023-01-25,15.069999694824219,15.180000305175781,14.930000305175781,15.149999618530273,290800,11.658699989318848,0.0,0.0
ADX,2023-01-26,15.199999809265137,15.380000114440918,15.149999618530273,15.380000114440918,893700,11.83569622039795,0.0,0.0
ADX,2023-01-27,15.34000015258789,15.5600004196167,15.329999923706055,15.470000267028809,594900,11.904956817626953,0.0,0.0
ADX,2023-01-30,15.369999885559082,15.460000038146973,15.319999694824219,15.350000381469727,658400,11.81261157989502,0.0,0.0
ADX,2023-01-31,15.329999923706055,15.579999923706055,15.329999923706055,15.5600004196167,394900,11.974218368530273,0.0,0.0
ADX,2023-02-01,15.579999923706055,15.890000343322754,15.5,15.779999732971191,636800,12.14351749420166,0.0,0.0
ADX,2023-02-02,15.899999618530273,16.079999923706055,15.899999618530273,16.049999237060547,482200,12.35129451751709,0.0,0.0
ADX,2023-02-03,15.829999923706055,16.020000457763672,15.819999694824219,15.829999923706055,264800,12.181995391845703,0.0,0.0
ADX,2023-02-06,15.720000267028809,15.760000228881836,15.630000114440918,15.649999618530273,173100,12.043475151062012,0.0,0.0
ADX,2023-02-07,15.670000076293945,15.890000343322754,15.539999961853027,15.859999656677246,339900,12.20508098602295,0.0,0.0
ADX,2023-02-08,15.800000190734863,15.859999656677246,15.75,15.75,171700,12.120431900024414,0.0,0.0
ADX,2023-02-09,15.779999732971191,15.899999618530273,15.630000114440918,15.630000114440918,230000,12.066390991210938,0.05,0.0
ADX,2023-02-10,15.550000190734863,15.710000038146973,15.539999961853027,15.630000114440918,244800,12.066390991210938,0.0,0.0
ADX,2023-02-13,15.630000114440918,15.859999656677246,15.630000114440918,15.829999923706055,168400,12.22079086303711,0.0,0.0
ADX,2023-02-14,15.789999961853027,15.930000305175781,15.699999809265137,15.8100004196167,190200,12.205352783203125,0.0,0.0
ADX,2023-02-15,15.770000457763672,15.8100004196167,15.720000267028809,15.789999961853027,165100,12.189912796020508,0.0,0.0
ADX,2023-02-16,15.630000114440918,15.819999694824219,15.600000381469727,15.65999984741211,160600,12.089550018310547,0.0,0.0
ADX,2023-02-17,15.5600004196167,15.670000076293945,15.539999961853027,15.609999656677246,173800,12.05095100402832,0.0,0.0
ADX,2023-02-21,15.529999732971191,15.569999694824219,15.329999923706055,15.359999656677246,148400,11.857950210571289,0.0,0.0
ADX,2023-02-22,15.319999694824219,15.420000076293945,15.239999771118164,15.289999961853027,156000,11.803912162780762,0.0,0.0
ADX,2023-02-23,15.380000114440918,15.449999809265137,15.210000038146973,15.369999885559082,252000,11.865671157836914,0.0,0.0
ADX,2023-02-24,15.260000228881836,15.289999961853027,15.199999809265137,15.239999771118164,232900,11.765310287475586,0.0,0.0
ADX,2023-02-27,15.319999694824219,15.470000267028809,15.289999961853027,15.329999923706055,211300,11.83479118347168,0.0,0.0
ADX,2023-02-28,15.380000114440918,15.460000038146973,15.319999694824219,15.34000015258789,150600,11.842510223388672,0.0,0.0
ADX,2023-03-01,15.390000343322754,15.399999618530273,15.220000267028809,15.300000190734863,198100,11.811630249023438,0.0,0.0
ADX,2023-03-02,15.239999771118164,15.369999885559082,15.140000343322754,15.3100004196167,223100,11.819350242614746,0.0,0.0
ADX,2023-03-03,15.390000343322754,15.5600004196167,15.380000114440918,15.529999732971191,171800,11.989190101623535,0.0,0.0
ADX,2023-03-06,15.520000457763672,15.649999618530273,15.520000457763672,15.5600004196167,116500,12.012351989746094,0.0,0.0
ADX,2023-03-07,15.520000457763672,15.539999961853027,15.289999961853027,15.319999694824219,148000,11.827069282531738,0.0,0.0
ADX,2023-03-08,15.3100004196167,15.4399995803833,15.300000190734863,15.369999885559082,68300,11.865671157836914,0.0,0.0
ADX,2023-03-09,15.40999984741211,15.449999809265137,15.100000381469727,15.109999656677246,444600,11.664950370788574,0.0,0.0
ADX,2023-03-10,15.069999694824219,15.119999885559082,14.789999961853027,14.84000015258789,271100,11.45650863647461,0.0,0.0
ADX,2023-03-13,14.680000305175781,14.960000038146973,14.65999984741211,14.670000076293945,207400,11.32526969909668,0.0,0.0
ADX,2023-03-14,14.84000015258789,15.069999694824219,14.84000015258789,15.010000228881836,221600,11.587749481201172,0.0,0.0
ADX,2023-03-15,14.779999732971191,14.859999656677246,14.670000076293945,14.779999732971191,163200,11.410188674926758,0.0,0.0
ADX,2023-03-16,14.680000305175781,15.020000457763672,14.630000114440918,14.970000267028809,251100,11.556869506835938,0.0,0.0
ADX,2023-03-17,14.90999984741211,15.020000457763672,14.8100004196167,14.819999694824219,171000,11.441070556640625,0.0,0.0
ADX,2023-03-20,14.880000114440918,15.0,14.819999694824219,14.930000305175781,168600,11.525988578796387,0.0,0.0
ADX,2023-03-21,15.100000381469727,15.220000267028809,15.09000015258789,15.199999809265137,125800,11.734429359436035,0.0,0.0
ADX,2023-03-22,15.210000038146973,15.260000228881836,14.90999984741211,14.920000076293945,221100,11.518271446228027,0.0,0.0
ADX,2023-03-23,14.979999542236328,15.199999809265137,14.930000305175781,15.020000457763672,239100,11.595471382141113,0.0,0.0
ADX,2023-03-24,14.970000267028809,15.0600004196167,14.899999618530273,15.020000457763672,187300,11.595471382141113,0.0,0.0
ADX,2023-03-27,15.079999923706055,15.140000343322754,15.050000190734863,15.050000190734863,143000,11.618629455566406,0.0,0.0
ADX,2023-03-28,14.979999542236328,15.069999694824219,14.9399995803833,15.020000457763672,224000,11.595471382141113,0.0,0.0
ADX,2023-03-29,15.149999618530273,15.220000267028809,15.140000343322754,15.1899995803833,510800,11.726710319519043,0.0,0.0
ADX,2023-03-30,15.289999961853027,15.329999923706055,15.239999771118164,15.3100004196167,244500,11.819350242614746,0.0,0.0
ADX,2023-03-31,15.319999694824219,15.579999923706055,15.319999694824219,15.550000190734863,151200,12.004631996154785,0.0,0.0
ADX,2023-04-03,15.569999694824219,15.65999984741211,15.569999694824219,15.65999984741211,179000,12.089550018310547,0.0,0.0
ADX,2023-04-04,15.729999542236328,15.729999542236328,15.550000190734863,15.600000381469727,343000,12.043231010437012,0.0,0.0
ADX,2023-04-05,15.569999694824219,15.59000015258789,15.510000228881836,15.5600004196167,373600,12.012351989746094,0.0,0.0
ADX,2023-04-06,15.539999961853027,15.609999656677246,15.5,15.600000381469727,117200,12.043231010437012,0.0,0.0
ADX,2023-04-10,15.520000457763672,15.619999885559082,15.460000038146973,15.619999885559082,177500,12.058671951293945,0.0,0.0
ADX,2023-04-11,15.609999656677246,15.729999542236328,15.5600004196167,15.670000076293945,281200,12.097272872924805,0.0,0.0
ADX,2023-04-12,15.729999542236328,15.729999542236328,15.539999961853027,15.550000190734863,308400,12.004631996154785,0.0,0.0
ADX,2023-04-13,15.550000190734863,15.8100004196167,15.550000190734863,15.779999732971191,205200,12.182190895080566,0.0,0.0
ADX,2023-04-14,15.739999771118164,15.819999694824219,15.6899995803833,15.75,172700,12.159031867980957,0.0,0.0
ADX,2023-04-17,15.729999542236328,15.779999732971191,15.6899995803833,15.75,185900,12.159031867980957,0.0,0.0
ADX,2023-04-18,15.8100004196167,15.829999923706055,15.75,15.779999732971191,151500,12.182190895080566,0.0,0.0
ADX,2023-04-19,15.670000076293945,15.789999961853027,15.670000076293945,15.739999771118164,97000,12.151311874389648,0.0,0.0
ADX,2023-04-20,15.640000343322754,15.760000228881836,15.640000343322754,15.710000038146973,106600,12.128150939941406,0.0,0.0
ADX,2023-04-21,15.680000305175781,15.720000267028809,15.640000343322754,15.680000305175781,135700,12.10499095916748,0.0,0.0
ADX,2023-04-24,15.699999809265137,15.720000267028809,15.600000381469727,15.640000343322754,119100,12.074111938476562,0.0,0.0
ADX,2023-04-25,15.539999961853027,15.569999694824219,15.369999885559082,15.369999885559082,161400,11.865671157836914,0.0,0.0
ADX,2023-04-26,15.420000076293945,15.489999771118164,15.319999694824219,15.350000381469727,117600,11.850231170654297,0.0,0.0
ADX,2023-04-27,15.399999618530273,15.680000305175781,15.399999618530273,15.640000343322754,119500,12.074111938476562,0.0,0.0
ADX,2023-04-28,15.579999923706055,15.779999732971191,15.569999694824219,15.739999771118164,108700,12.151311874389648,0.0,0.0
ADX,2023-05-01,15.760000228881836,15.829999923706055,15.75,15.75,116300,12.159031867980957,0.0,0.0
ADX,2023-05-02,15.710000038146973,15.710000038146973,15.5,15.600000381469727,120300,12.043231010437012,0.0,0.0
ADX,2023-05-03,15.569999694824219,15.6899995803833,15.5,15.5,116700,11.96603012084961,0.0,0.0
ADX,2023-05-04,15.390000343322754,15.4399995803833,15.300000190734863,15.350000381469727,144700,11.850231170654297,0.0,0.0
ADX,2023-05-05,15.420000076293945,15.619999885559082,15.420000076293945,15.59000015258789,97000,12.035510063171387,0.0,0.0
ADX,2023-05-08,15.59000015258789,15.609999656677246,15.539999961853027,15.569999694824219,132700,12.020071983337402,0.0,0.0
ADX,2023-05-09,15.520000457763672,15.569999694824219,15.5,15.539999961853027,84700,11.996909141540527,0.0,0.0
ADX,2023-05-10,15.59000015258789,15.680000305175781,15.489999771118164,15.609999656677246,223800,12.05095100402832,0.0,0.0
ADX,2023-05-11,15.539999961853027,15.609999656677246,15.529999732971191,15.579999923706055,84500,12.027790069580078,0.0,0.0
ADX,2023-05-12,15.609999656677246,15.680000305175781,15.5,15.5600004196167,144200,12.012351989746094,0.0,0.0
ADX,2023-05-15,15.539999961853027,15.6899995803833,15.539999961853027,15.640000343322754,143800,12.074111938476562,0.0,0.0
ADX,2023-05-16,15.600000381469727,15.680000305175781,15.550000190734863,15.550000190734863,117300,12.004631996154785,0.0,0.0
ADX,2023-05-17,15.539999961853027,15.75,15.529999732971191,15.720000267028809,98400,12.175019264221191,0.05,0.0
ADX,2023-05-18,15.720000267028809,15.890000343322754,15.699999809265137,15.880000114440918,236100,12.298937797546387,0.0,0.0
ADX,2023-05-19,15.949999809265137,15.949999809265137,15.819999694824219,15.850000381469727,113200,12.275703430175781,0.0,0.0
ADX,2023-05-22,15.8100004196167,15.920000076293945,15.8100004196167,15.819999694824219,96800,12.25246810913086,0.0,0.0
ADX,2023-05-23,15.739999771118164,15.800000190734863,15.579999923706055,15.59000015258789,170800,12.074335098266602,0.0,0.0
ADX,2023-05-24,15.520000457763672,15.520000457763672,15.40999984741211,15.430000305175781,114800,11.95041561126709,0.0,0.0
ADX,2023-05-25,15.640000343322754,15.90999984741211,15.479999542236328,15.640000343322754,217900,12.11306095123291,0.0,0.0
ADX,2023-05-26,15.649999618530273,15.880000114440918,15.649999618530273,15.829999923706055,87000,12.260212898254395,0.0,0.0
ADX,2023-05-30,15.899999618530273,15.979999542236328,15.819999694824219,15.850000381469727,129800,12.275703430175781,0.0,0.0
ADX,2023-05-31,15.84000015258789,15.859999656677246,15.670000076293945,15.760000228881836,144700,12.205998420715332,0.0,0.0
ADX,2023-06-01,15.850000381469727,16.020000457763672,15.770000457763672,15.920000076293945,164300,12.32991886138916,0.0,0.0
ADX,2023-06-02,16.059999465942383,16.229999542236328,16.020000457763672,16.149999618530273,103300,12.508050918579102,0.0,0.0
ADX,2023-06-05,16.18000030517578,16.239999771118164,16.110000610351562,16.1200008392334,97900,12.484817504882812,0.0,0.0
ADX,2023-06-06,16.170000076293945,16.200000762939453,16.110000610351562,16.170000076293945,74100,12.523540496826172,0.0,0.0
ADX,2023-06-07,16.18000030517578,16.229999542236328,16.049999237060547,16.06999969482422,113700,12.446091651916504,0.0,0.0
ADX,2023-06-08,16.049999237060547,16.149999618530273,16.049999237060547,16.149999618530273,91600,12.508050918579102,0.0,0.0
ADX,2023-06-09,16.15999984741211,16.260000228881836,16.1299991607666,16.190000534057617,124700,12.539031028747559,0.0,0.0
ADX,2023-06-12,16.200000762939453,16.350000381469727,16.200000762939453,16.299999237060547,96000,12.624223709106445,0.0,0.0
ADX,2023-06-13,16.389999389648438,16.450000762939453,16.350000381469727,16.440000534057617,114400,12.73265552520752,0.0,0.0
ADX,2023-06-14,16.479999542236328,16.5,16.329999923706055,16.420000076293945,135500,12.7171630859375,0.0,0.0
ADX,2023-06-15,16.3700008392334,16.68000030517578,16.3700008392334,16.639999389648438,99500,12.887551307678223,0.0,0.0
ADX,2023-06-16,16.75,16.75,16.6200008392334,16.6200008392334,72300,12.872061729431152,0.0,0.0
ADX,2023-06-20,16.600000381469727,16.6200008392334,16.510000228881836,16.559999465942383,129000,12.825592994689941,0.0,0.0
ADX,2023-06-21,16.489999771118164,16.559999465942383,16.479999542236328,16.520000457763672,106200,12.7946138381958,0.0,0.0
ADX,2023-06-22,16.469999313354492,16.600000381469727,16.459999084472656,16.56999969482422,215900,12.83333683013916,0.0,0.0
ADX,2023-06-23,16.43000030517578,16.520000457763672,16.40999984741211,16.40999984741211,140800,12.709418296813965,0.0,0.0
ADX,2023-06-26,16.3799991607666,16.530000686645508,16.34000015258789,16.34000015258789,109400,12.655204772949219,0.0,0.0
ADX,2023-06-27,16.3700008392334,16.559999465942383,16.3700008392334,16.549999237060547,97800,12.817848205566406,0.0,0.0
ADX,2023-06-28,16.549999237060547,16.600000381469727,16.440000534057617,16.549999237060547,98600,12.817848205566406,0.0,0.0
ADX,2023-06-29,16.579999923706055,16.639999389648438,16.56999969482422,16.610000610351562,57700,12.864317893981934,0.0,0.0
ADX,2023-06-30,16.719999313354492,16.8700008392334,16.610000610351562,16.809999465942383,83900,13.019216537475586,0.0,0.0
ADX,2023-07-03,16.809999465942383,16.920000076293945,16.799999237060547,16.920000076293945,61900,13.104409217834473,0.0,0.0
ADX,2023-07-05,16.799999237060547,16.90999984741211,16.799999237060547,16.90999984741211,110500,13.096665382385254,0.0,0.0
ADX,2023-07-06,16.770000457763672,16.850000381469727,16.700000762939453,16.790000915527344,122800,13.003726959228516,0.0,0.0
ADX,2023-07-07,16.75,16.90999984741211,16.719999313354492,16.729999542236328,174700,12.957257270812988,0.0,0.0
ADX,2023-07-10,16.780000686645508,16.8700008392334,16.719999313354492,16.780000686645508,132700,12.99598217010498,0.0,0.0
ADX,2023-07-11,16.729999542236328,16.8799991607666,16.719999313354492,16.799999237060547,127100,13.011470794677734,0.0,0.0
ADX,2023-07-12,16.940000534057617,17.030000686645508,16.899999618530273,16.940000534057617,103300,13.119898796081543,0.0,0.0
ADX,2023-07-13,17.020000457763672,17.079999923706055,16.979999542236328,17.020000457763672,120000,13.181859970092773,0.0,0.0
ADX,2023-07-14,17.06999969482422,17.149999618530273,17.06999969482422,17.079999923706055,127700,13.228328704833984,0.0,0.0
ADX,2023-07-17,17.1200008392334,17.200000762939453,17.100000381469727,17.18000030517578,129000,13.305778503417969,0.0,0.0
ADX,2023-07-18,17.200000762939453,17.34000015258789,17.18000030517578,17.309999465942383,179000,13.406461715698242,0.0,0.0
ADX,2023-07-19,17.3799991607666,17.479999542236328,17.3700008392334,17.389999389648438,122700,13.468420028686523,0.0,0.0
ADX,2023-07-20,17.34000015258789,17.389999389648438,17.260000228881836,17.280000686645508,232700,13.383228302001953,0.0,0.0
ADX,2023-07-21,17.350000381469727,17.3700008392334,17.280000686645508,17.299999237060547,124900,13.398716926574707,0.0,0.0
ADX,2023-07-24,17.299999237060547,17.389999389648438,17.290000915527344,17.360000610351562,164300,13.44518756866455,0.0,0.0
ADX,2023-07-25,17.31999969482422,17.43000030517578,17.309999465942383,17.399999618530273,133300,13.476167678833008,0.0,0.0
ADX,2023-07-26,17.360000610351562,17.43000030517578,17.34000015258789,17.399999618530273,156300,13.476167678833008,0.0,0.0
ADX,2023-07-27,17.440000534057617,17.540000915527344,17.350000381469727,17.40999984741211,279900,13.483911514282227,0.0,0.0
ADX,2023-07-28,17.420000076293945,17.610000610351562,17.3799991607666,17.59000015258789,244300,13.623319625854492,0.0,0.0
ADX,2023-07-31,17.6299991607666,17.709999084472656,17.6200008392334,17.700000762939453,184000,13.708513259887695,0.0,0.0
ADX,2023-08-01,17.649999618530273,17.690000534057617,17.639999389648438,17.68000030517578,118900,13.693025588989258,0.0,0.0
ADX,2023-08-02,17.59000015258789,17.59000015258789,17.440000534057617,17.469999313354492,158900,13.530380249023438,0.0,0.0
ADX,2023-08-03,17.360000610351562,17.420000076293945,17.31999969482422,17.3799991607666,155200,13.460676193237305,0.0,0.0
ADX,2023-08-04,17.489999771118164,17.520000457763672,17.350000381469727,17.389999389648438,178100,13.468420028686523,0.0,0.0
ADX,2023-08-07,17.420000076293945,17.5,17.420000076293945,17.489999771118164,94500,13.545868873596191,0.0,0.0
ADX,2023-08-08,17.440000534057617,17.5,17.350000381469727,17.489999771118164,119900,13.545868873596191,0.0,0.0
ADX,2023-08-09,17.440000534057617,17.510000228881836,17.3700008392334,17.389999389648438,191500,13.468420028686523,0.0,0.0
ADX,2023-08-10,17.459999084472656,17.549999237060547,17.40999984741211,17.40999984741211,149700,13.483911514282227,0.0,0.0
ADX,2023-08-11,17.3799991607666,17.450000762939453,17.350000381469727,17.399999618530273,171300,13.476167678833008,0.0,0.0
ADX,2023-08-14,17.34000015258789,17.479999542236328,17.34000015258789,17.440000534057617,187500,13.507146835327148,0.0,0.0
ADX,2023-08-15,17.350000381469727,17.389999389648438,17.239999771118164,17.260000228881836,100800,13.367735862731934,0.0,0.0
ADX,2023-08-16,17.229999542236328,17.34000015258789,17.18000030517578,17.200000762939453,87700,13.321268081665039,0.0,0.0
ADX,2023-08-17,17.190000534057617,17.219999313354492,16.959999084472656,16.959999084472656,308700,13.173685073852539,0.05,0.0
ADX,2023-08-18,16.93000030517578,17.030000686645508,16.829999923706055,16.959999084472656,115800,13.173685073852539,0.0,0.0
ADX,2023-08-21,17.020000457763672,17.100000381469727,16.93000030517578,17.079999923706055,69200,13.266895294189453,0.0,0.0
ADX,2023-08-22,17.1200008392334,17.1200008392334,17.020000457763672,17.020000457763672,242300,13.220291137695312,0.0,0.0
ADX,2023-08-23,17.010000228881836,17.239999771118164,17.010000228881836,17.190000534057617,143600,13.352338790893555,0.0,0.0
ADX,2023-08-24,17.260000228881836,17.299999237060547,16.959999084472656,16.959999084472656,164100,13.173685073852539,0.0,0.0
ADX,2023-08-25,16.989999771118164,17.1200008392334,16.90999984741211,17.059999465942383,129800,13.251358985900879,0.0,0.0
ADX,2023-08-28,17.110000610351562,17.200000762939453,17.110000610351562,17.190000534057617,221600,13.352338790893555,0.0,0.0
ADX,2023-08-29,17.200000762939453,17.440000534057617,17.190000534057617,17.43000030517578,76100,13.53875732421875,0.0,0.0
ADX,2023-08-30,17.43000030517578,17.579999923706055,17.43000030517578,17.56999969482422,165700,13.647501945495605,0.0,0.0
ADX,2023-08-31,17.540000915527344,17.68000030517578,17.540000915527344,17.6299991607666,232600,13.694107055664062,0.0,0.0
ADX,2023-09-01,17.65999984741211,17.84000015258789,17.6200008392334,17.670000076293945,203300,13.725176811218262,0.0,0.0
ADX,2023-09-05,17.690000534057617,17.700000762939453,17.610000610351562,17.6200008392334,184500,13.686339378356934,0.0,0.0
ADX,2023-09-06,17.579999923706055,17.600000381469727,17.31999969482422,17.360000610351562,112000,13.484386444091797,0.0,0.0
ADX,2023-09-07,17.280000686645508,17.299999237060547,17.15999984741211,17.190000534057617,180300,13.352338790893555,0.0,0.0
ADX,2023-09-08,17.190000534057617,17.34000015258789,17.190000534057617,17.219999313354492,89800,13.375638961791992,0.0,0.0
ADX,2023-09-11,17.299999237060547,17.34000015258789,17.290000915527344,17.329999923706055,171400,13.461082458496094,0.0,0.0
ADX,2023-09-12,17.280000686645508,17.31999969482422,17.209999084472656,17.239999771118164,83700,13.39117431640625,0.0,0.0
ADX,2023-09-13,17.139999389648438,17.25,17.139999389648438,17.219999313354492,221900,13.375638961791992,0.0,0.0
ADX,2023-09-14,17.280000686645508,17.350000381469727,17.209999084472656,17.34000015258789,157300,13.468851089477539,0.0,0.0
ADX,2023-09-15,17.260000228881836,17.290000915527344,17.219999313354492,17.219999313354492,126100,13.375638961791992,0.0,0.0
ADX,2023-09-18,17.18000030517578,17.280000686645508,17.18000030517578,17.260000228881836,48600,13.406708717346191,0.0,0.0
ADX,2023-09-19,17.229999542236328,17.25,17.1200008392334,17.219999313354492,71900,13.375638961791992,0.0,0.0
ADX,2023-09-20,17.209999084472656,17.260000228881836,17.139999389648438,17.139999389648438,107300,13.31350040435791,0.0,0.0
ADX,2023-09-21,17.0,17.040000915527344,16.84000015258789,16.84000015258789,271600,13.080476760864258,0.0,0.0
ADX,2023-09-22,16.860000610351562,16.989999771118164,16.860000610351562,16.899999618530273,152400,13.127080917358398,0.0,0.0
ADX,2023-09-25,16.860000610351562,16.899999618530273,16.829999923706055,16.8700008392334,121000,13.103777885437012,0.0,0.0
ADX,2023-09-26,16.780000686645508,16.790000915527344,16.600000381469727,16.6200008392334,211900,12.909589767456055,0.0,0.0
ADX,2023-09-27,16.65999984741211,16.68000030517578,16.469999313354492,16.489999771118164,218400,12.808612823486328,0.0,0.0
ADX,2023-09-28,16.469999313354492,16.700000762939453,16.450000762939453,16.690000534057617,171600,12.96396255493164,0.0,0.0
ADX,2023-09-29,16.809999465942383,16.850000381469727,16.639999389648438,16.639999389648438,107300,12.925124168395996,0.0,0.0
ADX,2023-10-02,16.59000015258789,16.700000762939453,16.59000015258789,16.649999618530273,292100,12.932893753051758,0.0,0.0
ADX,2023-10-03,16.559999465942383,16.649999618530273,16.450000762939453,16.479999542236328,127500,12.800846099853516,0.0,0.0
ADX,2023-10-04,16.489999771118164,16.6299991607666,16.399999618530273,16.6299991607666,145900,12.9173583984375,0.0,0.0
ADX,2023-10-05,16.6200008392334,16.649999618530273,16.530000686645508,16.600000381469727,91300,12.89405632019043,0.0,0.0
ADX,2023-10-06,16.540000915527344,16.770000457763672,16.43000030517578,16.75,245000,13.010567665100098,0.0,0.0
ADX,2023-10-09,16.690000534057617,16.829999923706055,16.639999389648438,16.799999237060547,134300,13.04940414428711,0.0,0.0
ADX,2023-10-10,16.829999923706055,16.959999084472656,16.770000457763672,16.8700008392334,127700,13.103777885437012,0.0,0.0
ADX,2023-10-11,16.8799991607666,16.920000076293945,16.850000381469727,16.899999618530273,191300,13.127080917358398,0.0,0.0
ADX,2023-10-12,16.899999618530273,16.950000762939453,16.690000534057617,16.760000228881836,62800,13.018333435058594,0.0,0.0
ADX,2023-10-13,16.829999923706055,16.93000030517578,16.670000076293945,16.700000762939453,85800,12.971732139587402,0.0,0.0
ADX,2023-10-16,16.84000015258789,16.940000534057617,16.799999237060547,16.90999984741211,176400,13.134848594665527,0.0,0.0
ADX,2023-10-17,16.81999969482422,16.989999771118164,16.809999465942383,16.950000762939453,105500,13.165919303894043,0.0,0.0
ADX,2023-10-18,16.860000610351562,16.90999984741211,16.760000228881836,16.760000228881836,85000,13.018333435058594,0.0,0.0
ADX,2023-10-19,16.770000457763672,16.81999969482422,16.600000381469727,16.6299991607666,140600,12.9173583984375,0.0,0.0
ADX,2023-10-20,16.600000381469727,16.610000610351562,16.389999389648438,16.420000076293945,94200,12.754240036010742,0.0,0.0
ADX,2023-10-23,16.350000381469727,16.489999771118164,16.350000381469727,16.360000610351562,97000,12.707635879516602,0.0,0.0
ADX,2023-10-24,16.450000762939453,16.540000915527344,16.420000076293945,16.450000762939453,94900,12.777544021606445,0.0,0.0
ADX,2023-10-25,16.420000076293945,16.43000030517578,16.1200008392334,16.170000076293945,178100,12.560051918029785,0.0,0.0
ADX,2023-10-26,16.1200008392334,16.190000534057617,15.930000305175781,15.970000267028809,136300,12.404703140258789,0.0,0.0
ADX,2023-10-27,16.020000457763672,16.049999237060547,15.8100004196167,15.850000381469727,128400,12.311492919921875,0.0,0.0
ADX,2023-10-30,15.949999809265137,16.06999969482422,15.90999984741211,16.040000915527344,108400,12.459075927734375,0.0,0.0
ADX,2023-10-31,16.100000381469727,16.209999084472656,16.059999465942383,16.18000030517578,105200,12.56782054901123,0.0,0.0
ADX,2023-11-01,16.200000762939453,16.440000534057617,16.200000762939453,16.440000534057617,94400,12.769776344299316,0.0,0.0
ADX,2023-11-02,16.600000381469727,16.829999923706055,16.579999923706055,16.829999923706055,109000,13.072709083557129,0.0,0.0
ADX,2023-11-03,16.940000534057617,17.09000015258789,16.770000457763672,17.049999237060547,147200,13.243593215942383,0.0,0.0
ADX,2023-11-06,17.06999969482422,17.1200008392334,17.049999237060547,17.09000015258789,266000,13.274663925170898,0.0,0.0
ADX,2023-11-07,17.06999969482422,17.209999084472656,17.040000915527344,17.18000030517578,292700,13.34457015991211,0.0,0.0
ADX,2023-11-08,17.139999389648438,17.229999542236328,17.139999389648438,17.190000534057617,350400,13.352338790893555,0.0,0.0
ADX,2023-11-09,17.209999084472656,17.229999542236328,17.139999389648438,17.209999084472656,364900,13.367873191833496,0.0,0.0
ADX,2023-11-10,17.260000228881836,17.329999923706055,17.209999084472656,17.299999237060547,256100,13.437779426574707,0.0,0.0
ADX,2023-11-13,17.299999237060547,17.389999389648438,17.299999237060547,17.389999389648438,162000,13.507686614990234,0.0,0.0
ADX,2023-11-14,17.43000030517578,17.770000457763672,17.399999618530273,17.739999771118164,324700,13.779550552368164,0.0,0.0
ADX,2023-11-15,17.739999771118164,17.75,17.65999984741211,17.690000534057617,154500,13.740713119506836,0.0,0.0
ADX,2023-11-16,17.700000762939453,17.93000030517578,17.690000534057617,17.690000534057617,304800,13.740713119506836,0.0,0.0
ADX,2023-11-17,16.600000381469727,16.670000076293945,16.469999313354492,16.639999389648438,228500,13.823786735534668,1.15,0.0
ADX,2023-11-20,16.600000381469727,16.81999969482422,16.600000381469727,16.780000686645508,328100,13.940095901489258,0.0,0.0
ADX,2023-11-21,16.75,16.860000610351562,16.75,16.84000015258789,217400,13.989940643310547,0.0,0.0
ADX,2023-11-22,16.829999923706055,16.979999542236328,16.799999237060547,16.950000762939453,198200,14.081324577331543,0.0,0.0
ADX,2023-11-24,17.010000228881836,17.049999237060547,16.989999771118164,17.040000915527344,87300,14.156091690063477,0.0,0.0
ADX,2023-11-27,17.059999465942383,17.100000381469727,16.84000015258789,16.90999984741211,167400,14.048093795776367,0.0,0.0
ADX,2023-11-28,16.889999389648438,17.030000686645508,16.889999389648438,16.989999771118164,135600,14.114553451538086,0.0,0.0
ADX,2023-11-29,17.049999237060547,17.100000381469727,16.93000030517578,16.979999542236328,105800,14.106245040893555,0.0,0.0
ADX,2023-11-30,16.989999771118164,16.989999771118164,16.850000381469727,16.959999084472656,121200,14.089630126953125,0.0,0.0
ADX,2023-12-01,16.959999084472656,17.09000015258789,16.920000076293945,17.059999465942383,128100,14.172703742980957,0.0,0.0
ADX,2023-12-04,17.0,17.040000915527344,16.920000076293945,16.979999542236328,221400,14.106245040893555,0.0,0.0
ADX,2023-12-05,16.950000762939453,17.049999237060547,16.93000030517578,17.010000228881836,129200,14.131169319152832,0.0,0.0
ADX,2023-12-06,17.079999923706055,17.079999923706055,16.950000762939453,16.950000762939453,238000,14.081324577331543,0.0,0.0
ADX,2023-12-07,17.040000915527344,17.079999923706055,16.979999542236328,17.010000228881836,134600,14.131169319152832,0.0,0.0
ADX,2023-12-08,16.989999771118164,17.100000381469727,16.989999771118164,17.06999969482422,214400,14.181013107299805,0.0,0.0
ADX,2023-12-11,17.09000015258789,17.149999618530273,17.079999923706055,17.149999618530273,118300,14.247475624084473,0.0,0.0
ADX,2023-12-12,17.139999389648438,17.229999542236328,17.1299991607666,17.200000762939453,136500,14.289012908935547,0.0,0.0
ADX,2023-12-13,17.219999313354492,17.5,17.219999313354492,17.43000030517578,110600,14.480086326599121,0.0,0.0
ADX,2023-12-14,17.5,17.600000381469727,17.399999618530273,17.469999313354492,134900,14.513315200805664,0.0,0.0
ADX,2023-12-15,17.43000030517578,17.43000030517578,17.329999923706055,17.34000015258789,150900,14.405318260192871,0.0,0.0
ADX,2023-12-18,17.3799991607666,17.600000381469727,17.3799991607666,17.450000762939453,131800,14.49670124053955,0.0,0.0
ADX,2023-12-19,17.420000076293945,17.700000762939453,17.420000076293945,17.65999984741211,83100,14.671160697937012,0.0,0.0
ADX,2023-12-20,17.56999969482422,17.739999771118164,17.360000610351562,17.3700008392334,165500,14.4302396774292,0.0,0.0
ADX,2023-12-21,17.469999313354492,17.549999237060547,17.329999923706055,17.510000228881836,129100,14.546545028686523,0.0,0.0
ADX,2023-12-22,17.56999969482422,17.719999313354492,17.530000686645508,17.579999923706055,231500,14.604700088500977,0.0,0.0
ADX,2023-12-26,17.579999923706055,17.75,17.579999923706055,17.729999542236328,95100,14.729312896728516,0.0,0.0
ADX,2023-12-27,17.670000076293945,17.770000457763672,17.670000076293945,17.760000228881836,131900,14.75423526763916,0.0,0.0
ADX,2023-12-28,17.719999313354492,17.829999923706055,17.709999084472656,17.75,166500,14.745929718017578,0.0,0.0
ADX,2023-12-29,17.75,17.81999969482422,17.65999984741211,17.709999084472656,99900,14.712697982788086,0.0,0.0
ADX,2024-01-02,17.600000381469727,17.649999618530273,17.329999923706055,17.450000762939453,235200,14.49670124053955,0.0,0.0
ADX,2024-01-03,17.360000610351562,17.420000076293945,17.219999313354492,17.239999771118164,129200,14.322240829467773,0.0,0.0
ADX,2024-01-04,17.219999313354492,17.350000381469727,17.18000030517578,17.190000534057617,236700,14.280704498291016,0.0,0.0
ADX,2024-01-05,17.229999542236328,17.399999618530273,17.200000762939453,17.31999969482422,418900,14.388700485229492,0.0,0.0
ADX,2024-01-08,17.299999237060547,17.520000457763672,17.290000915527344,17.5,183800,14.538240432739258,0.0,0.0
ADX,2024-01-09,17.3799991607666,17.510000228881836,17.3799991607666,17.469999313354492,290100,14.513315200805664,0.0,0.0
ADX,2024-01-10,17.530000686645508,17.639999389648438,17.510000228881836,17.6299991607666,249500,14.646236419677734,0.0,0.0
ADX,2024-01-11,17.610000610351562,17.68000030517578,17.469999313354492,17.549999237060547,274100,14.579776763916016,0.0,0.0
ADX,2024-01-12,17.549999237060547,17.6299991607666,17.510000228881836,17.559999465942383,110200,14.58808422088623,0.0,0.0
ADX,2024-01-16,17.520000457763672,17.6299991607666,17.459999084472656,17.479999542236328,112700,14.521624565124512,0.0,0.0
ADX,2024-01-17,17.420000076293945,17.489999771118164,17.399999618530273,17.40999984741211,96900,14.463470458984375,0.0,0.0
ADX,2024-01-18,17.530000686645508,17.610000610351562,17.510000228881836,17.56999969482422,83500,14.596390724182129,0.0,0.0
ADX,2024-01-19,17.649999618530273,17.860000610351562,17.59000015258789,17.850000381469727,171700,14.829005241394043,0.0,0.0
ADX,2024-01-22,17.8799991607666,17.899999618530273,17.829999923706055,17.8799991607666,171300,14.853927612304688,0.0,0.0
ADX,2024-01-23,17.850000381469727,17.899999618530273,17.799999237060547,17.8700008392334,120000,14.84561824798584,0.0,0.0
ADX,2024-01-24,17.899999618530273,18.139999389648438,17.899999618530273,18.09000015258789,333600,15.0283842086792,0.0,0.0
ADX,2024-01-25,18.18000030517578,18.270000457763672,18.1200008392334,18.15999984741211,204300,15.086540222167969,0.0,0.0
ADX,2024-01-26,18.229999542236328,18.290000915527344,18.200000762939453,18.270000457763672,166500,15.177922248840332,0.0,0.0
ADX,2024-01-29,18.25,18.43000030517578,18.25,18.420000076293945,160300,15.302534103393555,0.0,0.0
ADX,2024-01-30,18.399999618530273,18.450000762939453,18.3700008392334,18.3799991607666,134300,15.269304275512695,0.0,0.0
ADX,2024-01-31,18.280000686645508,18.329999923706055,18.149999618530273,18.15999984741211,282900,15.086540222167969,0.0,0.0
ADX,2024-02-01,18.18000030517578,18.3799991607666,18.15999984741211,18.350000381469727,177600,15.244385719299316,0.0,0.0
ADX,2024-02-02,18.389999389648438,18.520000457763672,18.350000381469727,18.510000228881836,128500,15.377304077148438,0.0,0.0
ADX,2024-02-05,18.540000915527344,18.610000610351562,18.440000534057617,18.579999923706055,176400,15.435455322265625,0.0,0.0
ADX,2024-02-06,18.639999389648438,18.65999984741211,18.610000610351562,18.6299991607666,138700,15.4769926071167,0.0,0.0
ADX,2024-02-07,18.709999084472656,18.809999465942383,18.610000610351562,18.799999237060547,176000,15.618223190307617,0.0,0.0
ADX,2024-02-08,18.770000457763672,18.799999237060547,18.75,18.799999237060547,165000,15.659871101379395,0.05,0.0
ADX,2024-02-09,18.75,18.75,18.719999313354492,18.729999542236328,334000,15.601563453674316,0.0,0.0
ADX,2024-02-12,18.739999771118164,18.90999984741211,18.739999771118164,18.799999237060547,190100,15.659871101379395,0.0,0.0
ADX,2024-02-13,18.549999237060547,18.579999923706055,18.329999923706055,18.399999618530273,254400,15.326682090759277,0.0,0.0
ADX,2024-02-14,18.540000915527344,18.729999542236328,18.540000915527344,18.719999313354492,231400,15.593232154846191,0.0,0.0
ADX,2024-02-15,18.719999313354492,18.780000686645508,18.670000076293945,18.739999771118164,282900,15.609892845153809,0.0,0.0
ADX,2024-02-16,18.790000915527344,18.790000915527344,18.649999618530273,18.649999618530273,190300,15.53492546081543,0.0,0.0
ADX,2024-02-20,18.649999618530273,18.65999984741211,18.579999923706055,18.6299991607666,177700,15.518264770507812,0.0,0.0
ADX,2024-02-21,18.6299991607666,18.65999984741211,18.530000686645508,18.59000015258789,113700,15.484946250915527,0.0,0.0
ADX,2024-02-22,18.790000915527344,19.020000457763672,18.790000915527344,18.989999771118164,190300,15.818135261535645,0.0,0.0
ADX,2024-02-23,19.1200008392334,19.1200008392334,18.969999313354492,19.040000915527344,130800,15.859784126281738,0.0,0.0
ADX,2024-02-26,19.059999465942383,19.110000610351562,18.989999771118164,19.020000457763672,179000,15.843124389648438,0.0,0.0
ADX,2024-02-27,19.0,19.079999923706055,18.989999771118164,19.049999237060547,105000,15.86811351776123,0.0,0.0
ADX,2024-02-28,19.049999237060547,19.09000015258789,18.989999771118164,19.049999237060547,159400,15.86811351776123,0.0,0.0
ADX,2024-02-29,19.1200008392334,19.170000076293945,19.0,19.09000015258789,118800,15.901432037353516,0.0,0.0
ADX,2024-03-01,19.200000762939453,19.280000686645508,19.1200008392334,19.239999771118164,169300,16.026378631591797,0.0,0.0
ADX,2024-03-04,19.25,19.290000915527344,19.149999618530273,19.170000076293945,198600,15.968070030212402,0.0,0.0
ADX,2024-03-05,19.139999389648438,19.190000534057617,18.8799991607666,18.93000030517578,182600,15.768158912658691,0.0,0.0
ADX,2024-03-06,19.09000015258789,19.219999313354492,19.020000457763672,19.09000015258789,300300,15.901432037353516,0.0,0.0
ADX,2024-03-07,19.100000381469727,19.290000915527344,19.100000381469727,19.239999771118164,430000,16.026378631591797,0.0,0.0
ADX,2024-03-08,19.260000228881836,19.360000610351562,19.09000015258789,19.149999618530273,166500,15.951412200927734,0.0,0.0
ADX,2024-03-11,19.139999389648438,19.190000534057617,19.030000686645508,19.18000030517578,173800,15.976401329040527,0.0,0.0
ADX,2024-03-12,19.299999237060547,19.399999618530273,19.209999084472656,19.389999389648438,195000,16.151323318481445,0.0,0.0
ADX,2024-03-13,19.440000534057617,19.450000762939453,19.329999923706055,19.43000030517578,186600,16.18464469909668,0.0,0.0
ADX,2024-03-14,19.5,19.5,19.200000762939453,19.260000228881836,116800,16.04303741455078,0.0,0.0
ADX,2024-03-15,19.139999389648438,19.25,19.059999465942383,19.079999923706055,108100,15.893102645874023,0.0,0.0
ADX,2024-03-18,19.219999313354492,19.31999969482422,19.110000610351562,19.190000534057617,99300,15.98473072052002,0.0,0.0
ADX,2024-03-19,19.1299991607666,19.280000686645508,19.110000610351562,19.260000228881836,108400,16.04303741455078,0.0,0.0
ADX,2024-03-20,19.31999969482422,19.43000030517578,19.209999084472656,19.43000030517578,169000,16.18464469909668,0.0,0.0
ADX,2024-03-21,19.5,19.56999969482422,19.43000030517578,19.459999084472656,156000,16.209630966186523,0.0,0.0
ADX,2024-03-22,19.469999313354492,19.559999465942383,19.459999084472656,19.510000228881836,86500,16.251279830932617,0.0,0.0
ADX,2024-03-25,19.510000228881836,19.510000228881836,19.43000030517578,19.450000762939453,130000,16.201305389404297,0.0,0.0
ADX,2024-03-26,19.40999984741211,19.459999084472656,19.350000381469727,19.350000381469727,159100,16.11800765991211,0.0,0.0
ADX,2024-03-27,19.43000030517578,19.530000686645508,19.3700008392334,19.510000228881836,178400,16.251279830932617,0.0,0.0
ADX,2024-03-28,19.56999969482422,19.56999969482422,19.459999084472656,19.520000457763672,133200,16.25960922241211,0.0,0.0
ADX,2024-04-01,19.59000015258789,19.600000381469727,19.459999084472656,19.469999313354492,118700,16.217960357666016,0.0,0.0
ADX,2024-04-02,19.389999389648438,19.43000030517578,19.209999084472656,19.260000228881836,170300,16.04303741455078,0.0,0.0
ADX,2024-04-03,19.260000228881836,19.360000610351562,19.229999542236328,19.31999969482422,103600,16.093013763427734,0.0,0.0
ADX,2024-04-04,19.459999084472656,19.520000457763672,19.110000610351562,19.110000610351562,159500,15.91809368133545,0.0,0.0
ADX,2024-04-05,19.1299991607666,19.34000015258789,19.1200008392334,19.25,111600,16.03470802307129,0.0,0.0
ADX,2024-04-08,19.309999465942383,19.360000610351562,19.270000457763672,19.290000915527344,201600,16.068025588989258,0.0,0.0
ADX,2024-04-09,19.34000015258789,19.3799991607666,19.209999084472656,19.299999237060547,194200,16.076358795166016,0.0,0.0
ADX,2024-04-10,19.020000457763672,19.200000762939453,19.020000457763672,19.1200008392334,106800,15.926423072814941,0.0,0.0
ADX,2024-04-11,19.18000030517578,19.3700008392334,19.100000381469727,19.34000015258789,102000,16.109676361083984,0.0,0.0
ADX,2024-04-12,19.239999771118164,19.239999771118164,19.010000228881836,19.06999969482422,118800,15.884772300720215,0.0,0.0
ADX,2024-04-15,19.209999084472656,19.25,18.799999237060547,18.799999237060547,228400,15.659871101379395,0.0,0.0
ADX,2024-04-16,18.75,18.920000076293945,18.75,18.84000015258789,103400,15.69318962097168,0.0,0.0
ADX,2024-04-17,18.969999313354492,18.969999313354492,18.670000076293945,18.739999771118164,103100,15.609892845153809,0.0,0.0
ADX,2024-04-18,18.780000686645508,18.799999237060547,18.600000381469727,18.600000381469727,96800,15.493279457092285,0.0,0.0
ADX,2024-04-19,18.56999969482422,18.84000015258789,18.360000610351562,18.389999389648438,232700,15.318351745605469,0.0,0.0
ADX,2024-04-22,18.450000762939453,18.6299991607666,18.440000534057617,18.59000015258789,218400,15.484946250915527,0.0,0.0
ADX,2024-04-23,18.68000030517578,18.81999969482422,18.68000030517578,18.809999465942383,152600,15.668200492858887,0.0,0.0
ADX,2024-04-24,18.860000610351562,18.899999618530273,18.780000686645508,18.829999923706055,250000,15.684860229492188,0.0,0.0
ADX,2024-04-25,18.540000915527344,18.739999771118164,18.520000457763672,18.719999313354492,226000,15.593232154846191,0.0,0.0
ADX,2024-04-26,18.8799991607666,19.030000686645508,18.8799991607666,18.979999542236328,112900,15.809807777404785,0.0,0.0
ADX,2024-04-29,19.139999389648438,19.15999984741211,18.979999542236328,19.049999237060547,227000,15.86811351776123,0.0,0.0
ADX,2024-04-30,19.0,19.079999923706055,18.860000610351562,18.8700008392334,219100,15.718180656433105,0.0,0.0
ADX,2024-05-01,18.860000610351562,19.100000381469727,18.809999465942383,18.850000381469727,334000,15.701518058776855,0.0,0.0
ADX,2024-05-02,18.969999313354492,19.110000610351562,18.860000610351562,19.06999969482422,298200,15.884772300720215,0.0,0.0
ADX,2024-05-03,19.280000686645508,19.31999969482422,19.139999389648438,19.280000686645508,212800,16.0596981048584,0.0,0.0
ADX,2024-05-06,19.399999618530273,19.479999542236328,19.350000381469727,19.459999084472656,320900,16.209630966186523,0.0,0.0
ADX,2024-05-07,19.479999542236328,19.549999237060547,19.469999313354492,19.520000457763672,253300,16.25960922241211,0.0,0.0
ADX,2024-05-08,19.520000457763672,19.549999237060547,19.420000076293945,19.549999237060547,175300,16.28460121154785,0.0,0.0
ADX,2024-05-09,19.549999237060547,19.700000762939453,19.540000915527344,19.670000076293945,207000,16.38455581665039,0.0,0.0
ADX,2024-05-10,19.709999084472656,19.829999923706055,19.68000030517578,19.709999084472656,160200,16.41787338256836,0.0,0.0
ADX,2024-05-13,19.780000686645508,19.799999237060547,19.649999618530273,19.719999313354492,159900,16.42620277404785,0.0,0.0
ADX,2024-05-14,19.709999084472656,19.850000381469727,19.709999084472656,19.799999237060547,172900,16.492841720581055,0.0,0.0
ADX,2024-05-15,19.899999618530273,20.059999465942383,19.899999618530273,20.049999237060547,156700,16.701086044311523,0.0,0.0
ADX,2024-05-16,20.1299991607666,20.1299991607666,20.010000228881836,20.049999237060547,135000,16.742835998535156,0.05,0.0
ADX,2024-05-17,20.049999237060547,20.09000015258789,20.0,20.059999465942383,245300,16.751190185546875,0.0,0.0
ADX,2024-05-20,20.0,20.139999389648438,20.0,20.100000381469727,164700,16.784591674804688,0.0,0.0
ADX,2024-05-21,20.100000381469727,20.15999984741211,20.09000015258789,20.15999984741211,179900,16.834693908691406,0.0,0.0
ADX,2024-05-22,20.100000381469727,20.270000457763672,20.100000381469727,20.139999389648438,93300,16.8179931640625,0.0,0.0
ADX,2024-05-23,20.200000762939453,20.25,19.950000762939453,19.959999084472656,105800,16.667682647705078,0.0,0.0
ADX,2024-05-24,20.270000457763672,20.93000030517578,20.239999771118164,20.729999542236328,441600,17.3106746673584,0.0,0.0
ADX,2024-05-28,20.81999969482422,20.989999771118164,20.389999389648438,20.579999923706055,242700,17.18541717529297,0.0,0.0
ADX,2024-05-29,20.360000610351562,20.450000762939453,20.18000030517578,20.190000534057617,284100,16.859745025634766,0.0,0.0
ADX,2024-05-30,20.149999618530273,20.290000915527344,20.06999969482422,20.09000015258789,192300,16.7762393951416,0.0,0.0
ADX,2024-05-31,20.219999313354492,20.440000534057617,20.1299991607666,20.440000534057617,204100,17.06850814819336,0.0,0.0
ADX,2024-06-03,20.489999771118164,20.5,20.309999465942383,20.479999542236328,149900,17.101909637451172,0.0,0.0
ADX,2024-06-04,20.40999984741211,20.489999771118164,20.360000610351562,20.450000762939453,83000,17.076862335205078,0.0,0.0
ADX,2024-06-05,20.5,20.760000228881836,20.459999084472656,20.760000228881836,128700,17.33572769165039,0.0,0.0
ADX,2024-06-06,20.790000915527344,20.790000915527344,20.639999389648438,20.670000076293945,79600,17.260570526123047,0.0,0.0
ADX,2024-06-07,20.579999923706055,20.809999465942383,20.479999542236328,20.690000534057617,77700,17.277273178100586,0.0,0.0
ADX,2024-06-10,20.610000610351562,20.81999969482422,20.610000610351562,20.760000228881836,74500,17.33572769165039,0.0,0.0
ADX,2024-06-11,20.799999237060547,20.829999923706055,20.709999084472656,20.799999237060547,59700,17.36912727355957,0.0,0.0
ADX,2024-06-12,21.0,21.260000228881836,20.950000762939453,21.079999923706055,134400,17.602943420410156,0.0,0.0
ADX,2024-06-13,21.18000030517578,21.200000762939453,20.93000030517578,21.170000076293945,96800,17.678098678588867,0.0,0.0
ADX,2024-06-14,21.100000381469727,21.34000015258789,21.059999465942383,21.299999237060547,149700,17.78665542602539,0.0,0.0
ADX,2024-06-17,21.309999465942383,21.43000030517578,21.209999084472656,21.40999984741211,95800,17.878511428833008,0.0,0.0
ADX,2024-06-18,21.43000030517578,21.489999771118164,21.350000381469727,21.40999984741211,92200,17.878511428833008,0.0,0.0
ADX,2024-06-20,21.479999542236328,21.479999542236328,21.3799991607666,21.479999542236328,121500,17.936965942382812,0.0,0.0
ADX,2024-06-21,21.479999542236328,21.549999237060547,21.43000030517578,21.540000915527344,81700,17.987070083618164,0.0,0.0
ADX,2024-06-24,21.549999237060547,21.59000015258789,21.350000381469727,21.399999618530273,125400,17.870162963867188,0.0,0.0
ADX,2024-06-25,21.389999389648438,21.510000228881836,21.360000610351562,21.3700008392334,101800,17.845108032226562,0.0,0.0
ADX,2024-06-26,21.350000381469727,21.520000457763672,21.350000381469727,21.489999771118164,132200,17.945314407348633,0.0,0.0
ADX,2024-06-27,21.56999969482422,21.6200008392334,21.510000228881836,21.579999923706055,102700,18.020471572875977,0.0,0.0
ADX,2024-06-28,21.600000381469727,21.649999618530273,21.489999771118164,21.489999771118164,95000,17.945314407348633,0.0,0.0
ADX,2024-07-01,21.3700008392334,21.520000457763672,21.360000610351562,21.43000030517578,144600,17.895212173461914,0.0,0.0
ADX,2024-07-02,21.360000610351562,21.530000686645508,21.350000381469727,21.530000686645508,120700,17.97871971130371,0.0,0.0
ADX,2024-07-03,21.530000686645508,21.729999542236328,21.5,21.729999542236328,49200,18.145729064941406,0.0,0.0
ADX,2024-07-05,21.709999084472656,22.020000457763672,21.65999984741211,22.010000228881836,155200,18.37954330444336,0.0,0.0
ADX,2024-07-08,22.049999237060547,22.079999923706055,21.90999984741211,22.0,127800,18.37119483947754,0.0,0.0
ADX,2024-07-09,22.059999465942383,22.079999923706055,21.93000030517578,21.959999084472656,176500,18.33778953552246,0.0,0.0
ADX,2024-07-10,22.0,22.329999923706055,21.979999542236328,22.290000915527344,155500,18.613361358642578,0.0,0.0
ADX,2024-07-11,22.399999618530273,22.420000076293945,22.100000381469727,22.190000534057617,176500,18.52985382080078,0.0,0.0
ADX,2024-07-12,22.09000015258789,22.309999465942383,22.059999465942383,22.079999923706055,234000,18.43799591064453,0.0,0.0
ADX,2024-07-15,22.110000610351562,22.34000015258789,22.110000610351562,22.219999313354492,134900,18.55490493774414,0.0,0.0
ADX,2024-07-16,22.200000762939453,22.489999771118164,22.200000762939453,22.450000762939453,144900,18.74696922302246,0.0,0.0
ADX,2024-07-17,22.329999923706055,22.3799991607666,22.239999771118164,22.299999237060547,130300,18.6217098236084,0.0,0.0
ADX,2024-07-18,22.290000915527344,22.299999237060547,21.90999984741211,21.979999542236328,164900,18.3544921875,0.0,0.0
ADX,2024-07-19,22.079999923706055,22.139999389648438,21.760000228881836,21.84000015258789,78000,18.237586975097656,0.0,0.0
ADX,2024-07-22,22.0,22.059999465942383,21.90999984741211,22.010000228881836,283800,18.37954330444336,0.0,0.0
ADX,2024-07-23,22.030000686645508,22.149999618530273,21.899999618530273,21.90999984741211,293500,18.296037673950195,0.0,0.0
ADX,2024-07-24,21.829999923706055,21.829999923706055,21.329999923706055,21.399999618530273,271800,17.870162963867188,0.0,0.0
ADX,2024-07-25,21.40999984741211,21.540000915527344,21.200000762939453,21.209999084472656,255000,17.71150016784668,0.0,0.0
ADX,2024-07-26,21.420000076293945,21.450000762939453,21.25,21.31999969482422,238100,17.803354263305664,0.0,0.0
ADX,2024-07-29,21.420000076293945,21.520000457763672,21.34000015258789,21.43000030517578,225800,17.895212173461914,0.0,0.0
ADX,2024-07-30,21.559999465942383,21.559999465942383,21.209999084472656,21.360000610351562,249300,17.836759567260742,0.0,0.0
ADX,2024-07-31,21.639999389648438,21.649999618530273,21.469999313354492,21.479999542236328,274500,17.936965942382812,0.0,0.0
ADX,2024-08-01,21.549999237060547,21.68000030517578,21.239999771118164,21.360000610351562,213100,17.836759567260742,0.0,0.0
ADX,2024-08-02,21.0,21.110000610351562,20.649999618530273,21.06999969482422,151200,17.594593048095703,0.0,0.0
ADX,2024-08-05,19.989999771118164,20.399999618530273,19.780000686645508,20.25,494600,17.270505905151367,0.44,0.0
ADX,2024-08-06,20.399999618530273,20.65999984741211,20.18000030517578,20.579999923706055,274000,17.551950454711914,0.0,0.0
ADX,2024-08-07,20.459999084472656,20.549999237060547,19.93000030517578,19.950000762939453,671900,17.014646530151367,0.0,0.0
ADX,2024-08-08,20.190000534057617,20.350000381469727,20.020000457763672,20.139999389648438,615700,17.176687240600586,0.0,0.0
ADX,2024-08-09,20.079999923706055,20.200000762939453,19.760000228881836,19.940000534057617,719600,17.00611686706543,0.0,0.0
ADX,2024-08-12,20.030000686645508,20.260000228881836,20.010000228881836,20.049999237060547,210000,17.099933624267578,0.0,0.0
ADX,2024-08-13,20.229999542236328,20.549999237060547,20.219999313354492,20.549999237060547,150900,17.526365280151367,0.0,0.0
ADX,2024-08-14,20.639999389648438,20.719999313354492,20.520000457763672,20.670000076293945,200800,17.628707885742188,0.0,0.0
ADX,2024-08-15,20.8700008392334,21.139999389648438,20.739999771118164,21.09000015258789,200700,17.98691177368164,0.0,0.0
ADX,2024-08-16,21.040000915527344,21.09000015258789,20.969999313354492,21.020000457763672,109700,17.927209854125977,0.0,0.0
ADX,2024-08-19,21.049999237060547,21.290000915527344,21.049999237060547,21.25,114200,18.123371124267578,0.0,0.0
ADX,2024-08-20,21.280000686645508,21.34000015258789,21.200000762939453,21.25,118700,18.123371124267578,0.0,0.0
ADX,2024-08-21,21.299999237060547,21.3700008392334,21.190000534057617,21.270000457763672,144100,18.140426635742188,0.0,0.0
ADX,2024-08-22,21.3700008392334,21.450000762939453,21.020000457763672,21.059999465942383,198900,17.96132469177246,0.0,0.0
ADX,2024-08-23,21.170000076293945,21.329999923706055,21.110000610351562,21.200000762939453,288300,18.080726623535156,0.0,0.0
ADX,2024-08-26,21.260000228881836,21.399999618530273,21.1200008392334,21.200000762939453,205100,18.080726623535156,0.0,0.0
ADX,2024-08-27,21.219999313354492,21.270000457763672,21.18000030517578,21.229999542236328,120700,18.106311798095703,0.0,0.0
ADX,2024-08-28,21.229999542236328,21.229999542236328,20.93000030517578,21.079999923706055,220100,17.978382110595703,0.0,0.0
ADX,2024-08-29,21.09000015258789,21.270000457763672,21.09000015258789,21.219999313354492,241000,18.097782135009766,0.0,0.0
ADX,2024-08-30,21.43000030517578,21.440000534057617,21.239999771118164,21.3799991607666,183700,18.234241485595703,0.0,0.0
ADX,2024-09-03,21.399999618530273,21.40999984741211,20.850000381469727,20.90999984741211,234900,17.83339500427246,0.0,0.0
ADX,2024-09-04,20.920000076293945,21.040000915527344,20.780000686645508,20.8799991607666,342900,17.807809829711914,0.0,0.0
ADX,2024-09-05,20.8799991607666,20.989999771118164,20.780000686645508,20.8799991607666,158100,17.807809829711914,0.0,0.0
ADX,2024-09-06,20.889999389648438,20.950000762939453,20.350000381469727,20.3700008392334,224700,17.372848510742188,0.0,0.0
ADX,2024-09-09,20.540000915527344,20.719999313354492,20.479999542236328,20.670000076293945,174500,17.628707885742188,0.0,0.0
ADX,2024-09-10,20.81999969482422,20.84000015258789,20.510000228881836,20.690000534057617,142200,17.64576530456543,0.0,0.0
ADX,2024-09-11,20.760000228881836,20.950000762939453,20.479999542236328,20.90999984741211,215200,17.83339500427246,0.0,0.0
ADX,2024-09-12,21.030000686645508,21.1299991607666,20.850000381469727,21.110000610351562,199700,18.003969192504883,0.0,0.0
ADX,2024-09-13,21.18000030517578,21.270000457763672,21.079999923706055,21.239999771118164,197000,18.11484146118164,0.0,0.0
ADX,2024-09-16,21.290000915527344,21.290000915527344,21.110000610351562,21.239999771118164,241800,18.11484146118164,0.0,0.0
ADX,2024-09-17,21.329999923706055,21.3700008392334,21.1200008392334,21.190000534057617,213700,18.07219696044922,0.0,0.0
ADX,2024-09-18,21.280000686645508,21.360000610351562,21.170000076293945,21.239999771118164,197700,18.11484146118164,0.0,0.0
ADX,2024-09-19,21.59000015258789,21.59000015258789,21.43000030517578,21.510000228881836,186900,18.34511375427246,0.0,0.0
ADX,2024-09-20,21.3799991607666,21.440000534057617,21.290000915527344,21.399999618530273,229400,18.251298904418945,0.0,0.0
ADX,2024-09-23,21.5,21.549999237060547,21.399999618530273,21.440000534057617,315000,18.28541374206543,0.0,0.0
ADX,2024-09-24,21.450000762939453,21.489999771118164,21.329999923706055,21.350000381469727,404500,18.208656311035156,0.0,0.0
ADX,2024-09-25,21.329999923706055,21.3700008392334,21.200000762939453,21.239999771118164,346100,18.11484146118164,0.0,0.0
ADX,2024-09-26,21.399999618530273,21.450000762939453,21.329999923706055,21.3700008392334,292000,18.2257137298584,0.0,0.0
ADX,2024-09-27,21.360000610351562,21.469999313354492,21.350000381469727,21.389999389648438,215500,18.24277114868164,0.0,0.0
ADX,2024-09-30,21.40999984741211,21.559999465942383,21.260000228881836,21.559999465942383,260000,18.38775634765625,0.0,0.0
ADX,2024-10-01,21.59000015258789,21.59000015258789,21.25,21.399999618530273,168800,18.251298904418945,0.0,0.0
ADX,2024-10-02,21.350000381469727,21.450000762939453,21.260000228881836,21.3799991607666,150700,18.234241485595703,0.0,0.0
ADX,2024-10-03,21.299999237060547,21.3799991607666,21.1200008392334,21.170000076293945,182600,18.055139541625977,0.0,0.0
ADX,2024-10-04,21.450000762939453,21.479999542236328,21.200000762939453,21.450000762939453,184500,18.293943405151367,0.0,0.0
ADX,2024-10-07,21.40999984741211,21.459999084472656,21.229999542236328,21.299999237060547,158300,18.166013717651367,0.0,0.0
ADX,2024-10-08,21.360000610351562,21.5,21.329999923706055,21.389999389648438,165000,18.24277114868164,0.0,0.0
ADX,2024-10-09,21.479999542236328,21.65999984741211,21.43000030517578,21.639999389648438,192000,18.45598602294922,0.0,0.0
ADX,2024-10-10,21.600000381469727,21.6299991607666,21.5,21.600000381469727,107000,18.421873092651367,0.0,0.0
ADX,2024-10-11,21.600000381469727,21.790000915527344,21.600000381469727,21.739999771118164,101300,18.54127311706543,0.0,0.0
ADX,2024-10-14,21.8700008392334,21.920000076293945,21.799999237060547,21.920000076293945,166200,18.694787979125977,0.0,0.0
ADX,2024-10-15,21.920000076293945,21.940000534057617,21.649999618530273,21.670000076293945,164500,18.4815731048584,0.0,0.0
ADX,2024-10-16,21.75,21.889999389648438,21.690000534057617,21.8799991607666,203300,18.660675048828125,0.0,0.0
ADX,2024-10-17,22.0,22.059999465942383,21.809999465942383,21.860000610351562,121000,18.643617630004883,0.0,0.0
ADX,2024-10-18,21.860000610351562,21.950000762939453,21.81999969482422,21.920000076293945,119600,18.694787979125977,0.0,0.0
ADX,2024-10-21,21.90999984741211,21.979999542236328,21.75,21.829999923706055,166800,18.618030548095703,0.0,0.0
ADX,2024-10-22,21.790000915527344,21.969999313354492,21.780000686645508,21.860000610351562,367600,18.643617630004883,0.0,0.0
ADX,2024-10-23,21.790000915527344,21.860000610351562,21.530000686645508,21.600000381469727,153900,18.421873092651367,0.0,0.0
ADX,2024-10-24,21.65999984741211,21.729999542236328,21.59000015258789,21.65999984741211,136800,18.47304344177246,0.0,0.0
ADX,2024-10-25,21.829999923706055,21.979999542236328,21.700000762939453,21.760000228881836,224400,18.558330535888672,0.0,0.0
ADX,2024-10-28,21.790000915527344,22.0,21.780000686645508,21.799999237060547,321000,18.592445373535156,0.0,0.0
ADX,2024-10-29,21.81999969482422,21.940000534057617,21.719999313354492,21.889999389648438,164300,18.669200897216797,0.0,0.0
ADX,2024-10-30,22.059999465942383,22.09000015258789,21.899999618530273,21.959999084472656,331200,18.72890281677246,0.0,0.0
ADX,2024-10-31,21.899999618530273,21.920000076293945,21.639999389648438,21.65999984741211,287700,18.47304344177246,0.0,0.0
ADX,2024-11-01,21.709999084472656,21.899999618530273,21.709999084472656,21.729999542236328,223900,18.532745361328125,0.0,0.0
ADX,2024-11-04,21.75,21.81999969482422,21.579999923706055,21.6299991607666,258300,18.44745635986328,0.0,0.0
ADX,2024-11-05,21.649999618530273,21.809999465942383,21.649999618530273,21.790000915527344,186400,18.58391761779785,0.0,0.0
ADX,2024-11-06,22.229999542236328,22.31999969482422,22.110000610351562,22.299999237060547,245700,19.018877029418945,0.0,0.0
ADX,2024-11-07,22.43000030517578,22.579999923706055,22.360000610351562,22.479999542236328,242800,19.172391891479492,0.0,0.0
ADX,2024-11-08,22.450000762939453,22.549999237060547,22.350000381469727,22.440000534057617,317300,19.13827896118164,0.0,0.0
ADX,2024-11-11,22.5,22.56999969482422,22.489999771118164,22.510000228881836,210100,19.197978973388672,0.0,0.0
ADX,2024-11-12,22.5,22.579999923706055,22.350000381469727,22.43000030517578,142800,19.129751205444336,0.0,0.0
ADX,2024-11-13,22.3700008392334,22.530000686645508,22.329999923706055,22.450000762939453,131000,19.146806716918945,0.0,0.0
ADX,2024-11-14,22.450000762939453,22.469999313354492,22.219999313354492,22.280000686645508,166000,19.001821517944336,0.0,0.0
ADX,2024-11-15,22.5,22.559999465942383,21.950000762939453,22.020000457763672,407100,18.780075073242188,0.0,0.0
ADX,2024-11-18,22.350000381469727,22.540000915527344,22.229999542236328,22.440000534057617,615000,19.13827896118164,0.0,0.0
ADX,2024-11-19,22.450000762939453,22.6299991607666,22.399999618530273,22.530000686645508,549900,19.215036392211914,0.0,0.0
ADX,2024-11-20,22.56999969482422,22.6200008392334,22.200000762939453,22.299999237060547,620800,19.018877029418945,0.0,0.0
ADX,2024-11-21,22.510000228881836,22.530000686645508,22.31999969482422,22.43000030517578,923100,19.129751205444336,0.0,0.0
ADX,2024-11-22,20.5,20.59000015258789,20.34000015258789,20.420000076293945,679200,19.083023071289062,1.96,0.0
ADX,2024-11-25,20.549999237060547,20.670000076293945,20.420000076293945,20.440000534057617,421600,19.101713180541992,0.0,0.0
ADX,2024-11-26,20.440000534057617,20.540000915527344,20.440000534057617,20.520000457763672,316500,19.176475524902344,0.0,0.0
ADX,2024-11-27,20.559999465942383,20.59000015258789,20.239999771118164,20.3700008392334,425000,19.036296844482422,0.0,0.0
ADX,2024-11-29,20.399999618530273,20.600000381469727,20.399999618530273,20.56999969482422,100400,19.223201751708984,0.0,0.0
ADX,2024-12-02,20.68000030517578,20.690000534057617,20.56999969482422,20.68000030517578,216100,19.326000213623047,0.0,0.0
ADX,2024-12-03,20.68000030517578,20.709999084472656,20.56999969482422,20.65999984741211,231500,19.307310104370117,0.0,0.0
ADX,2024-12-04,20.75,20.799999237060547,20.700000762939453,20.729999542236328,340600,19.372726440429688,0.0,0.0
ADX,2024-12-05,20.780000686645508,20.84000015258789,20.709999084472656,20.729999542236328,229800,19.372726440429688,0.0,0.0
ADX,2024-12-06,20.729999542236328,20.940000534057617,20.700000762939453,20.790000915527344,187400,19.42879867553711,0.0,0.0
ADX,2024-12-09,20.889999389648438,20.989999771118164,20.65999984741211,20.700000762939453,211200,19.34469223022461,0.0,0.0
ADX,2024-12-10,20.700000762939453,20.790000915527344,20.559999465942383,20.559999465942383,208700,19.213855743408203,0.0,0.0
ADX,2024-12-11,20.700000762939453,20.809999465942383,20.610000610351562,20.729999542236328,230000,19.372726440429688,0.0,0.0
ADX,2024-12-12,20.709999084472656,20.799999237060547,20.559999465942383,20.559999465942383,206000,19.213855743408203,0.0,0.0
ADX,2024-12-13,20.6299991607666,20.780000686645508,20.420000076293945,20.489999771118164,319200,19.148439407348633,0.0,0.0
ADX,2024-12-16,20.579999923706055,20.690000534057617,20.520000457763672,20.65999984741211,312000,19.307310104370117,0.0,0.0
ADX,2024-12-17,20.6299991607666,20.6299991607666,20.5,20.579999923706055,168200,19.232547760009766,0.0,0.0
ADX,2024-12-18,20.549999237060547,20.65999984741211,20.049999237060547,20.049999237060547,336500,18.73724937438965,0.0,0.0
ADX,2024-12-19,20.270000457763672,20.290000915527344,20.020000457763672,20.040000915527344,309300,18.727903366088867,0.0,0.0
ADX,2024-12-20,20.020000457763672,20.459999084472656,19.979999542236328,20.280000686645508,249700,18.952190399169922,0.0,0.0
ADX,2024-12-23,20.510000228881836,20.6299991607666,20.3799991607666,20.479999542236328,471300,19.139095306396484,0.0,0.0
ADX,2024-12-24,20.43000030517578,20.700000762939453,20.329999923706055,20.639999389648438,179300,19.288618087768555,0.0,0.0
ADX,2024-12-26,20.68000030517578,20.719999313354492,20.59000015258789,20.68000030517578,202500,19.326000213623047,0.0,0.0
ADX,2024-12-27,20.610000610351562,20.649999618530273,20.309999465942383,20.5,273600,19.157785415649414,0.0,0.0
ADX,2024-12-30,20.219999313354492,20.360000610351562,20.15999984741211,20.299999237060547,205000,18.97088050842285,0.0,0.0
ADX,2024-12-31,20.360000610351562,20.399999618530273,20.200000762939453,20.200000762939453,219500,18.87742805480957,0.0,0.0
ADX,2025-01-02,20.399999618530273,20.399999618530273,20.1299991607666,20.260000228881836,326600,18.93349838256836,0.0,0.0
ADX,2025-01-03,20.399999618530273,20.479999542236328,20.309999465942383,20.459999084472656,209200,19.120403289794922,0.0,0.0
ADX,2025-01-06,20.510000228881836,20.770000457763672,20.510000228881836,20.56999969482422,271200,19.223201751708984,0.0,0.0
ADX,2025-01-07,20.639999389648438,20.709999084472656,20.440000534057617,20.489999771118164,430900,19.148439407348633,0.0,0.0
ADX,2025-01-08,20.420000076293945,20.479999542236328,20.350000381469727,20.459999084472656,409500,19.120403289794922,0.0,0.0
ADX,2025-01-10,20.31999969482422,20.459999084472656,20.15999984741211,20.219999313354492,451000,18.896116256713867,0.0,0.0
ADX,2025-01-13,20.200000762939453,20.389999389648438,20.190000534057617,20.389999389648438,530700,19.05498695373535,0.0,0.0
ADX,2025-01-14,20.489999771118164,20.579999923706055,20.219999313354492,20.260000228881836,383500,18.93349838256836,0.0,0.0
ADX,2025-01-15,20.5,20.670000076293945,20.5,20.6200008392334,260100,19.269927978515625,0.0,0.0
ADX,2025-01-16,20.68000030517578,20.75,20.59000015258789,20.700000762939453,261600,19.34469223022461,0.0,0.0
ADX,2025-01-17,20.860000610351562,20.979999542236328,20.780000686645508,20.940000534057617,644600,19.56897735595703,0.0,0.0
ADX,2025-01-21,21.059999465942383,21.190000534057617,20.959999084472656,21.09000015258789,462000,19.709156036376953,0.0,0.0
ADX,2025-01-22,21.139999389648438,21.229999542236328,21.09000015258789,21.209999084472656,455900,19.821298599243164,0.0,0.0
ADX,2025-01-23,21.190000534057617,21.25,21.100000381469727,21.239999771118164,305100,19.849334716796875,0.0,0.0
ADX,2025-01-24,21.360000610351562,21.489999771118164,21.270000457763672,21.280000686645508,471500,19.886716842651367,0.0,0.0
ADX,2025-01-27,20.510000228881836,20.600000381469727,20.31999969482422,20.479999542236328,482800,19.57135581970215,0.47,0.0
ADX,2025-01-28,20.5,20.649999618530273,20.389999389648438,20.559999465942383,231100,19.64780616760254,0.0,0.0
ADX,2025-01-29,20.68000030517578,20.739999771118164,20.43000030517578,20.530000686645508,212000,19.619138717651367,0.0,0.0
ADX,2025-01-30,20.6299991607666,20.6299991607666,20.43000030517578,20.530000686645508,186800,19.619138717651367,0.0,0.0
ADX,2025-01-31,20.610000610351562,20.770000457763672,20.420000076293945,20.5,163700,19.590469360351562,0.0,0.0
ADX,2025-02-03,20.229999542236328,20.450000762939453,20.139999389648438,20.329999923706055,303000,19.42801284790039,0.0,0.0
ADX,2025-02-04,20.31999969482422,20.59000015258789,20.299999237060547,20.530000686645508,230400,19.619138717651367,0.0,0.0
ADX,2025-02-05,20.530000686645508,20.6200008392334,20.399999618530273,20.6200008392334,254800,19.70514488220215,0.0,0.0
ADX,2025-02-06,20.639999389648438,20.75,20.530000686645508,20.649999618530273,219200,19.733814239501953,0.0,0.0
ADX,2025-02-07,20.639999389648438,20.739999771118164,20.450000762939453,20.469999313354492,287100,19.561798095703125,0.0,0.0
ADX,2025-02-10,20.65999984741211,20.700000762939453,20.600000381469727,20.700000762939453,247600,19.781597137451172,0.0,0.0
ADX,2025-02-11,20.700000762939453,20.739999771118164,20.6299991607666,20.690000534057617,237700,19.77203941345215,0.0,0.0
ADX,2025-02-12,20.59000015258789,20.739999771118164,20.510000228881836,20.729999542236328,253400,19.810264587402344,0.0,0.0
ADX,2025-02-13,20.780000686645508,20.850000381469727,20.610000610351562,20.84000015258789,277800,19.91538429260254,0.0,0.0
ADX,2025-02-14,20.8700008392334,20.989999771118164,20.850000381469727,20.8799991607666,293600,19.953609466552734,0.0,0.0
ADX,2025-02-18,20.8799991607666,20.969999313354492,20.8700008392334,20.940000534057617,219600,20.010948181152344,0.0,0.0
ADX,2025-02-19,20.950000762939453,20.979999542236328,20.850000381469727,20.940000534057617,244900,20.010948181152344,0.0,0.0
ADX,2025-02-20,20.940000534057617,21.0,20.75,20.81999969482422,198300,19.896270751953125,0.0,0.0
ADX,2025-02-21,20.799999237060547,20.809999465942383,20.420000076293945,20.469999313354492,339000,19.561798095703125,0.0,0.0
ADX,2025-02-24,20.600000381469727,20.68000030517578,20.31999969482422,20.360000610351562,314900,19.456680297851562,0.0,0.0
ADX,2025-02-25,20.399999618530273,20.420000076293945,20.1200008392334,20.200000762939453,243000,19.303781509399414,0.0,0.0
ADX,2025-02-26,20.270000457763672,20.450000762939453,20.079999923706055,20.139999389648438,192100,19.246440887451172,0.0,0.0
ADX,2025-02-27,20.18000030517578,20.239999771118164,19.770000457763672,19.809999465942383,371100,18.931081771850586,0.0,0.0
ADX,2025-02-28,19.950000762939453,20.100000381469727,19.780000686645508,20.100000381469727,352300,19.20821762084961,0.0,0.0
ADX,2025-03-03,20.15999984741211,20.25,19.649999618530273,19.670000076293945,546900,18.797292709350586,0.0,0.0
ADX,2025-03-04,19.56999969482422,19.719999313354492,19.25,19.56999969482422,446700,18.701730728149414,0.0,0.0
ADX,2025-03-05,19.610000610351562,19.790000915527344,19.43000030517578,19.700000762939453,241900,18.825963973999023,0.0,0.0
ADX,2025-03-06,19.510000228881836,19.59000015258789,19.239999771118164,19.299999237060547,362900,18.443710327148438,0.0,0.0
ADX,2025-03-07,19.260000228881836,19.459999084472656,19.110000610351562,19.399999618530273,339100,18.539274215698242,0.0,0.0
ADX,2025-03-10,19.1200008392334,19.280000686645508,18.700000762939453,18.809999465942383,532700,17.97545051574707,0.0,0.0
ADX,2025-03-11,18.690000534057617,19.0,18.6299991607666,18.670000076293945,369900,17.84166145324707,0.0,0.0
ADX,2025-03-12,18.799999237060547,19.020000457763672,18.709999084472656,18.809999465942383,275900,17.97545051574707,0.0,0.0
ADX,2025-03-13,18.809999465942383,18.8799991607666,18.549999237060547,18.610000610351562,317300,17.784324645996094,0.0,0.0
ADX,2025-03-14,18.729999542236328,19.040000915527344,18.719999313354492,19.0,260700,18.157020568847656,0.0,0.0
ADX,2025-03-17,19.09000015258789,19.299999237060547,19.020000457763672,19.149999618530273,313400,18.300365447998047,0.0,0.0
ADX,2025-03-18,19.149999618530273,19.149999618530273,18.920000076293945,18.979999542236328,216500,18.137907028198242,0.0,0.0
ADX,2025-03-19,18.969999313354492,19.229999542236328,18.950000762939453,19.09000015258789,424200,18.243026733398438,0.0,0.0
ADX,2025-03-20,19.030000686645508,19.3799991607666,18.959999084472656,19.06999969482422,151600,18.223913192749023,0.0,0.0
ADX,2025-03-21,18.969999313354492,19.15999984741211,18.860000610351562,19.15999984741211,151700,18.309921264648438,0.0,0.0
ADX,2025-03-24,19.350000381469727,19.459999084472656,19.280000686645508,19.389999389648438,231900,18.52971649169922,0.0,0.0
ADX,2025-03-25,19.5,19.520000457763672,19.399999618530273,19.450000762939453,197600,18.58705711364746,0.0,0.0
ADX,2025-03-26,19.489999771118164,19.5,19.25,19.280000686645508,224400,18.424598693847656,0.0,0.0
ADX,2025-03-27,19.239999771118164,19.399999618530273,19.190000534057617,19.25,191600,18.39592933654785,0.0,0.0
ADX,2025-03-28,19.31999969482422,19.479999542236328,18.899999618530273,18.93000030517578,271700,18.090126037597656,0.0,0.0
ADX,2025-03-31,18.860000610351562,19.049999237060547,18.68000030517578,18.989999771118164,277200,18.147462844848633,0.0,0.0
ADX,2025-04-01,19.010000228881836,19.190000534057617,18.889999389648438,19.149999618530273,202600,18.300365447998047,0.0,0.0
ADX,2025-04-02,19.0,19.350000381469727,19.0,19.25,177200,18.39592933654785,0.0,0.0
ADX,2025-04-03,18.719999313354492,18.780000686645508,18.450000762939453,18.450000762939453,558500,17.631423950195312,0.0,0.0
ADX,2025-04-04,18.18000030517578,18.209999084472656,17.34000015258789,17.43000030517578,651600,16.65667724609375,0.0,0.0
ADX,2025-04-07,16.989999771118164,17.399999618530273,16.5,17.110000610351562,672000,16.350875854492188,0.0,0.0
ADX,2025-04-08,17.899999618530273,18.139999389648438,16.899999618530273,17.1299991607666,434000,16.36998748779297,0.0,0.0
ADX,2025-04-09,17.010000228881836,18.729999542236328,17.010000228881836,18.719999313354492,463100,17.889442443847656,0.0,0.0
ADX,2025-04-10,18.440000534057617,18.56999969482422,17.799999237060547,18.1200008392334,388400,17.316062927246094,0.0,0.0
ADX,2025-04-11,18.0,18.479999542236328,17.920000076293945,18.350000381469727,158900,17.535860061645508,0.0,0.0
ADX,2025-04-14,18.5,18.729999542236328,18.420000076293945,18.469999313354492,181900,17.65053367614746,0.0,0.0
ADX,2025-04-15,18.469999313354492,18.729999542236328,18.3700008392334,18.510000228881836,186100,17.68876075744629,0.0,0.0
ADX,2025-04-16,18.290000915527344,18.420000076293945,17.860000610351562,18.0,255500,17.20138931274414,0.0,0.0
ADX,2025-04-17,18.09000015258789,18.299999237060547,18.020000457763672,18.18000030517578,136000,17.373401641845703,0.0,0.0
ADX,2025-04-21,18.100000381469727,18.100000381469727,17.6200008392334,17.84000015258789,596100,17.048486709594727,0.0,0.0
ADX,2025-04-22,17.90999984741211,18.219999313354492,17.899999618530273,18.110000610351562,275600,17.306507110595703,0.0,0.0
ADX,2025-04-23,18.600000381469727,18.940000534057617,18.540000915527344,18.600000381469727,333300,17.774768829345703,0.0,0.0
ADX,2025-04-24,18.639999389648438,18.93000030517578,18.6299991607666,18.84000015258789,243100,18.004117965698242,0.0,0.0
ADX,2025-04-25,18.90999984741211,19.110000610351562,18.899999618530273,19.049999237060547,306500,18.204801559448242,0.0,0.0
ADX,2025-04-28,18.6299991607666,18.829999923706055,18.549999237060547,18.649999618530273,342600,18.26355743408203,0.46,0.0
ADX,2025-04-29,18.579999923706055,18.809999465942383,18.540000915527344,18.760000228881836,254600,18.371278762817383,0.0,0.0
ADX,2025-04-30,18.600000381469727,18.860000610351562,18.420000076293945,18.860000610351562,141200,18.469207763671875,0.0,0.0
ADX,2025-05-01,18.959999084472656,19.200000762939453,18.920000076293945,19.110000610351562,231300,18.714027404785156,0.0,0.0
ADX,2025-05-02,19.299999237060547,19.440000534057617,19.270000457763672,19.31999969482422,211500,18.919675827026367,0.0,0.0
ADX,2025-05-05,19.299999237060547,19.350000381469727,19.200000762939453,19.329999923706055,251900,18.929468154907227,0.0,0.0
ADX,2025-05-06,19.06999969482422,19.309999465942383,19.0,19.200000762939453,208600,18.802162170410156,0.0,0.0
ADX,2025-05-07,19.31999969482422,19.31999969482422,19.049999237060547,19.25,123200,18.851125717163086,0.0,0.0
ADX,2025-05-08,19.290000915527344,19.450000762939453,19.18000030517578,19.3700008392334,278300,18.96864128112793,0.0,0.0
ADX,2025-05-09,19.479999542236328,19.479999542236328,19.219999313354492,19.270000457763672,245700,18.870712280273438,0.0,0.0
ADX,2025-05-12,19.68000030517578,19.940000534057617,19.649999618530273,19.84000015258789,345600,19.42890167236328,0.0,0.0
ADX,2025-05-13,19.90999984741211,20.139999389648438,19.8799991607666,20.100000381469727,222000,19.683513641357422,0.0,0.0
ADX,2025-05-14,20.200000762939453,20.31999969482422,20.110000610351562,20.219999313354492,192600,19.801027297973633,0.0,0.0
ADX,2025-05-15,20.25,20.329999923706055,20.06999969482422,20.1299991607666,257400,19.712890625,0.0,0.0
ADX,2025-05-16,20.280000686645508,20.399999618530273,20.079999923706055,20.399999618530273,219000,19.977296829223633,0.0,0.0
ADX,2025-05-19,20.25,20.450000762939453,20.25,20.389999389648438,231500,19.967504501342773,0.0,0.0
ADX,2025-05-20,20.420000076293945,20.450000762939453,20.270000457763672,20.350000381469727,144000,19.928333282470703,0.0,0.0
ADX,2025-05-21,20.299999237060547,20.40999984741211,20.059999465942383,20.15999984741211,157400,19.74226951599121,0.0,0.0
ADX,2025-05-22,20.139999389648438,20.260000228881836,20.049999237060547,20.139999389648438,153200,19.722684860229492,0.0,0.0
ADX,2025-05-23,20.040000915527344,20.1200008392334,19.90999984741211,20.079999923706055,204800,19.66392707824707,0.0,0.0
ADX,2025-05-27,20.389999389648438,20.399999618530273,20.200000762939453,20.399999618530273,168200,19.977296829223633,0.0,0.0
ADX,2025-05-28,20.399999618530273,20.450000762939453,20.25,20.290000915527344,106900,19.869577407836914,0.0,0.0
ADX,2025-05-29,20.549999237060547,20.549999237060547,20.3700008392334,20.469999313354492,259100,20.045846939086914,0.0,0.0
ADX,2025-05-30,20.559999465942383,20.610000610351562,20.31999969482422,20.440000534057617,316900,20.016468048095703,0.0,0.0
ADX,2025-06-02,20.34000015258789,20.56999969482422,20.34000015258789,20.510000228881836,207000,20.085018157958984,0.0,0.0
ADX,2025-06-03,20.600000381469727,20.690000534057617,20.510000228881836,20.559999465942383,197300,20.133981704711914,0.0,0.0
ADX,2025-06-04,20.530000686645508,20.690000534057617,20.530000686645508,20.559999465942383,195300,20.133981704711914,0.0,0.0
ADX,2025-06-05,20.639999389648438,20.68000030517578,20.5,20.59000015258789,283600,20.163360595703125,0.0,0.0
ADX,2025-06-06,20.65999984741211,20.790000915527344,20.6299991607666,20.780000686645508,228300,20.349424362182617,0.0,0.0
ADX,2025-06-09,20.920000076293945,21.219999313354492,20.8799991607666,20.8799991607666,633700,20.447351455688477,0.0,0.0
ADX,2025-06-10,20.979999542236328,21.049999237060547,20.8799991607666,20.940000534057617,307400,20.5061092376709,0.0,0.0
ADX,2025-06-11,20.979999542236328,20.989999771118164,20.799999237060547,20.850000381469727,301300,20.417972564697266,0.0,0.0
ADX,2025-06-12,20.90999984741211,21.030000686645508,20.809999465942383,20.850000381469727,430100,20.417972564697266,0.0,0.0
ADX,2025-06-13,20.790000915527344,20.8700008392334,20.65999984741211,20.719999313354492,259200,20.290666580200195,0.0,0.0
ADX,2025-06-16,20.8799991607666,20.950000762939453,20.780000686645508,20.889999389648438,257200,20.457143783569336,0.0,0.0
ADX,2025-06-17,20.770000457763672,20.889999389648438,20.700000762939453,20.760000228881836,235500,20.329837799072266,0.0,0.0
ADX,2025-06-18,20.719999313354492,20.940000534057617,20.709999084472656,20.760000228881836,276700,20.329837799072266,0.0,0.0
ADX,2025-06-20,20.940000534057617,21.0,20.65999984741211,20.709999084472656,278700,20.280872344970703,0.0,0.0
ADX,2025-06-23,20.670000076293945,20.969999313354492,20.649999618530273,20.93000030517578,354700,20.496315002441406,0.0,0.0
ADX,2025-06-24,21.100000381469727,21.239999771118164,21.010000228881836,21.209999084472656,308500,20.7705135345459,0.0,0.0
ADX,2025-06-25,21.280000686645508,21.31999969482422,21.190000534057617,21.239999771118164,277700,20.79989242553711,0.0,0.0
ADX,2025-06-26,21.360000610351562,21.5,21.329999923706055,21.389999389648438,361900,20.9467830657959,0.0,0.0
ADX,2025-06-27,21.5,21.600000381469727,21.34000015258789,21.479999542236328,432200,21.0349178314209,0.0,0.0
ADX,2025-06-30,21.579999923706055,21.799999237060547,21.579999923706055,21.709999084472656,285100,21.26015281677246,0.0,0.0
ADX,2025-07-01,21.649999618530273,21.799999237060547,21.530000686645508,21.549999237060547,367800,21.10346794128418,0.0,0.0
ADX,2025-07-02,21.610000610351562,21.639999389648438,21.549999237060547,21.600000381469727,328100,21.152433395385742,0.0,0.0
ADX,2025-07-03,21.700000762939453,21.899999618530273,21.700000762939453,21.899999618530273,207100,21.446216583251953,0.0,0.0
ADX,2025-07-07,21.8799991607666,21.899999618530273,21.5,21.6200008392334,307900,21.17201805114746,0.0,0.0
ADX,2025-07-08,21.65999984741211,21.739999771118164,21.610000610351562,21.649999618530273,244400,21.201396942138672,0.0,0.0
ADX,2025-07-09,21.790000915527344,21.940000534057617,21.65999984741211,21.940000534057617,450300,21.485387802124023,0.0,0.0
ADX,2025-07-10,21.90999984741211,21.93000030517578,21.719999313354492,21.75,372700,21.29932403564453,0.0,0.0
ADX,2025-07-11,21.799999237060547,21.84000015258789,21.6200008392334,21.670000076293945,317300,21.22098159790039,0.0,0.0
ADX,2025-07-14,21.670000076293945,21.790000915527344,21.6299991607666,21.68000030517578,256100,21.230775833129883,0.0,0.0
ADX,2025-07-15,21.780000686645508,21.790000915527344,21.639999389648438,21.700000762939453,261400,21.2503604888916,0.0,0.0
ADX,2025-07-16,21.799999237060547,21.799999237060547,21.520000457763672,21.709999084472656,288600,21.26015281677246,0.0,0.0
ADX,2025-07-17,21.700000762939453,21.81999969482422,21.670000076293945,21.799999237060547,327000,21.34828758239746,0.0,0.0
ADX,2025-07-18,21.780000686645508,22.0,21.700000762939453,21.989999771118164,344200,21.534351348876953,0.0,0.0
ADX,2025-07-21,22.0,22.079999923706055,21.799999237060547,21.950000762939453,334000,21.495180130004883,0.0,0.0
ADX,2025-07-22,21.920000076293945,21.920000076293945,21.790000915527344,21.8700008392334,316000,21.416839599609375,0.0,0.0
ADX,2025-07-23,22.0,22.049999237060547,21.8700008392334,22.030000686645508,314400,21.573522567749023,0.0,0.0
ADX,2025-07-24,22.079999923706055,22.15999984741211,22.010000228881836,22.010000228881836,303500,21.553937911987305,0.0,0.0
ADX,2025-07-25,22.110000610351562,22.25,22.06999969482422,22.200000762939453,353600,21.740001678466797,0.0,0.0
ADX,2025-07-28,21.760000228881836,21.899999618530273,21.739999771118164,21.81999969482422,329400,21.81999969482422,0.46,0.0
ADX,2025-07-29,21.829999923706055,21.829999923706055,21.6299991607666,21.6299991607666,237500,21.6299991607666,0.0,0.0
ADX,2025-07-30,21.6299991607666,21.65999984741211,21.479999542236328,21.56999969482422,214000,21.56999969482422,0.0,0.0
ADX,2025-07-31,21.829999923706055,21.84000015258789,21.549999237060547,21.600000381469727,214300,21.600000381469727,0.0,0.0
ADX,2025-08-01,21.43000030517578,21.479999542236328,21.110000610351562,21.149999618530273,304000,21.149999618530273,0.0,0.0
ADX,2025-08-04,21.25,21.469999313354492,21.25,21.469999313354492,214700,21.469999313354492,0.0,0.0
ADX,2025-08-05,21.5,21.549999237060547,21.329999923706055,21.40999984741211,162500,21.40999984741211,0.0,0.0
ADX,2025-08-06,21.440000534057617,21.530000686645508,21.3700008392334,21.450000762939453,143800,21.450000762939453,0.0,0.0
ADX,2025-08-07,21.610000610351562,21.649999618530273,21.5,21.639999389648438,271600,21.639999389648438,0.0,0.0
ADX,2025-08-08,21.649999618530273,21.75,21.6299991607666,21.690000534057617,137900,21.690000534057617,0.0,0.0
ADX,2025-08-11,21.709999084472656,21.799999237060547,21.700000762939453,21.75,189600,21.75,0.0,0.0
ADX,2025-08-12,21.780000686645508,22.0,21.770000457763672,22.0,174900,22.0,0.0,0.0
ADX,2025-08-13,22.020000457763672,22.06999969482422,21.969999313354492,22.040000915527344,156900,22.040000915527344,0.0,0.0
ADX,2025-08-14,22.0,22.06999969482422,21.969999313354492,21.969999313354492,182600,21.969999313354492,0.0,0.0
ADX,2025-08-15,22.049999237060547,22.06999969482422,21.899999618530273,21.979999542236328,149700,21.979999542236328,0.0,0.0
ADX,2025-08-18,21.950000762939453,21.979999542236328,21.799999237060547,21.829999923706055,237300,21.829999923706055,0.0,0.0
ADX,2025-08-19,21.8799991607666,21.969999313354492,21.559999465942383,21.6200008392334,244400,21.6200008392334,0.0,0.0
ADX,2025-08-20,21.549999237060547,21.700000762939453,21.43000030517578,21.549999237060547,249400,21.549999237060547,0.0,0.0
ADX,2025-08-21,21.540000915527344,21.700000762939453,21.3700008392334,21.389999389648438,242100,21.389999389648438,0.0,0.0
ADX,2025-08-22,21.540000915527344,21.950000762939453,21.420000076293945,21.649999618530273,448400,21.649999618530273,0.0,0.0
ADX,2025-08-25,21.6299991607666,21.649999618530273,21.520000457763672,21.610000610351562,237900,21.610000610351562,0.0,0.0
ADX,2025-08-26,21.690000534057617,21.719999313354492,21.559999465942383,21.670000076293945,163000,21.670000076293945,0.0,0.0
ADX,2025-08-27,21.729999542236328,21.829999923706055,21.709999084472656,21.760000228881836,192200,21.760000228881836,0.0,0.0
ADX,2025-08-28,21.889999389648438,21.889999389648438,21.709999084472656,21.8799991607666,246400,21.8799991607666,0.0,0.0
ADX,2025-08-29,21.8799991607666,21.8799991607666,21.610000610351562,21.690000534057617,278400,21.690000534057617,0.0,0.0
ADX,2025-09-02,21.6299991607666,21.690000534057617,21.43000030517578,21.450000762939453,560400,21.450000762939453,0.0,0.0
ADX,2025-09-03,21.559999465942383,21.65999984741211,21.510000228881836,21.65999984741211,320200,21.65999984741211,0.0,0.0
ADX,2025-09-04,21.610000610351562,21.829999923706055,21.610000610351562,21.75,186800,21.75,0.0,0.0
ADX,2025-09-05,21.850000381469727,21.899999618530273,21.649999618530273,21.770000457763672,170300,21.770000457763672,0.0,0.0
ADX,2025-09-08,21.770000457763672,21.850000381469727,21.709999084472656,21.75,195100,21.75,0.0,0.0
ADX,2025-09-09,21.81999969482422,21.829999923706055,21.719999313354492,21.799999237060547,136000,21.799999237060547,0.0,0.0
ADX,2025-09-10,21.889999389648438,21.979999542236328,21.84000015258789,21.940000534057617,123400,21.940000534057617,0.0,0.0
ADX,2025-09-11,22.049999237060547,22.1299991607666,22.0,22.1299991607666,222000,22.1299991607666,0.0,0.0
ADX,2025-09-12,22.1200008392334,22.1299991607666,22.06999969482422,22.06999969482422,153900,22.06999969482422,0.0,0.0
ADX,2025-09-15,22.149999618530273,22.25,22.149999618530273,22.25,225200,22.25,0.0,0.0
ADX,2025-09-16,22.229999542236328,22.25,22.100000381469727,22.100000381469727,174400,22.100000381469727,0.0,0.0
ADX,2025-09-17,22.190000534057617,22.219999313354492,22.010000228881836,22.190000534057617,241400,22.190000534057617,0.0,0.0
ADX,2025-09-18,22.299999237060547,22.299999237060547,22.219999313354492,22.219999313354492,232000,22.219999313354492,0.0,0.0
ADX,2025-09-19,22.34000015258789,22.399999618530273,22.280000686645508,22.389999389648438,316000,22.389999389648438,0.0,0.0
ADX,2025-09-22,22.420000076293945,22.479999542236328,22.399999618530273,22.450000762939453,271600,22.450000762939453,0.0,0.0
ADX,2025-09-23,22.5,22.540000915527344,22.280000686645508,22.40999984741211,211900,22.40999984741211,0.0,0.0
ADX,2025-09-24,22.459999084472656,22.520000457763672,22.200000762939453,22.239999771118164,178800,22.239999771118164,0.0,0.0
ADX,2025-09-25,22.219999313354492,22.280000686645508,21.90999984741211,22.010000228881836,324300,22.010000228881836,0.0,0.0
ADX,2025-09-26,22.110000610351562,22.299999237060547,22.059999465942383,22.110000610351562,187700,22.110000610351562,0.0,0.0
ADX,2025-09-29,22.18000030517578,22.34000015258789,22.110000610351562,22.239999771118164,200700,22.239999771118164,0.0,0.0
