symbol,date,open,high,low,close,volume,adjclose,dividends
BG,2001-08-02,16.0,16.079999923706055,15.15999984741211,16.0,9812900,9.886926651000977,0.0
BG,2001-08-03,16.0,16.079999923706055,16.0,16.0,2776400,9.886926651000977,0.0
BG,2001-08-06,16.0,16.0,15.800000190734863,16.0,416700,9.886926651000977,0.0
BG,2001-08-07,16.0,16.0,15.880000114440918,16.0,1651800,9.886926651000977,0.0
BG,2001-08-08,15.960000038146973,16.0,15.880000114440918,16.0,265800,9.886926651000977,0.0
BG,2001-08-09,16.0,16.0,15.880000114440918,16.0,311200,9.886926651000977,0.0
BG,2001-08-10,16.0,16.040000915527344,16.0,16.0,123100,9.886926651000977,0.0
BG,2001-08-13,16.0,16.049999237060547,15.949999809265137,16.0,311100,9.886926651000977,0.0
BG,2001-08-14,15.949999809265137,16.0,15.880000114440918,16.0,605000,9.886926651000977,0.0
BG,2001-08-15,16.0,16.0,15.5,15.949999809265137,318400,9.85602855682373,0.0
BG,2001-08-16,15.899999618530273,16.0,15.649999618530273,16.0,333200,9.886926651000977,0.0
BG,2001-08-17,15.850000381469727,16.0,15.199999809265137,15.850000381469727,316300,9.794240951538086,0.0
BG,2001-08-20,15.949999809265137,16.0,15.600000381469727,15.890000343322754,139400,9.818961143493652,0.0
BG,2001-08-21,15.800000190734863,15.970000267028809,15.800000190734863,15.899999618530273,130500,9.82513427734375,0.0
BG,2001-08-22,15.899999618530273,15.989999771118164,15.75,15.90999984741211,111300,9.831315994262695,0.0
BG,2001-08-23,15.899999618530273,15.989999771118164,15.850000381469727,15.899999618530273,81500,9.82513427734375,0.0
BG,2001-08-24,15.899999618530273,15.989999771118164,15.800000190734863,15.850000381469727,73700,9.794240951538086,0.0
BG,2001-08-27,16.0,16.040000915527344,15.8100004196167,15.989999771118164,245900,9.880745887756348,0.0
BG,2001-08-28,16.0,16.31999969482422,15.949999809265137,16.25,332400,10.041411399841309,0.0
BG,2001-08-29,16.450000762939453,16.600000381469727,16.059999465942383,16.469999313354492,420400,10.177349090576172,0.0
BG,2001-08-30,16.530000686645508,16.799999237060547,16.489999771118164,16.760000228881836,314600,10.35655689239502,0.0
BG,2001-08-31,16.850000381469727,18.25,16.850000381469727,18.25,616700,11.277276039123535,0.0
BG,2001-09-04,18.25,18.299999237060547,17.399999618530273,18.06999969482422,503900,11.166049003601074,0.0
BG,2001-09-05,18.299999237060547,18.350000381469727,17.90999984741211,18.200000762939453,322700,11.246379852294922,0.0
BG,2001-09-06,18.0,18.600000381469727,18.0,18.0,205200,11.122796058654785,0.0
BG,2001-09-07,18.0,18.149999618530273,17.549999237060547,18.0,83400,11.122796058654785,0.0
BG,2001-09-10,16.5,17.850000381469727,16.25,17.5,245100,10.813827514648438,0.0
BG,2001-09-17,16.0,17.200000762939453,15.600000381469727,17.0,97100,10.504860877990723,0.0
BG,2001-09-18,16.75,17.149999618530273,16.75,17.030000686645508,59600,10.52340316772461,0.0
BG,2001-09-19,17.25,17.700000762939453,16.5,17.399999618530273,98800,10.752037048339844,0.0
BG,2001-09-20,17.25,17.25,16.350000381469727,16.799999237060547,223900,10.381277084350586,0.0
BG,2001-09-21,16.600000381469727,16.600000381469727,15.050000190734863,16.5,52700,10.195897102355957,0.0
BG,2001-09-24,17.5,17.5,16.700000762939453,17.100000381469727,104600,10.566649436950684,0.0
BG,2001-09-25,17.0,17.450000762939453,16.350000381469727,17.450000762939453,75700,10.78293514251709,0.0
BG,2001-09-26,17.450000762939453,17.649999618530273,17.049999237060547,17.649999618530273,58800,10.906517028808594,0.0
BG,2001-09-27,17.649999618530273,17.649999618530273,16.899999618530273,17.0,45500,10.504860877990723,0.0
BG,2001-09-28,17.100000381469727,17.299999237060547,16.399999618530273,17.0,48100,10.504860877990723,0.0
BG,2001-10-01,16.899999618530273,17.049999237060547,16.75,17.0,13600,10.504860877990723,0.0
BG,2001-10-02,17.049999237060547,17.200000762939453,16.15999984741211,16.5,72300,10.195897102355957,0.0
BG,2001-10-03,16.25,18.5,15.3100004196167,18.5,286900,11.431758880615234,0.0
BG,2001-10-04,18.25,18.25,17.15999984741211,17.25,90400,10.659345626831055,0.0
BG,2001-10-05,17.25,17.25,15.979999542236328,16.0,103100,9.886926651000977,0.0
BG,2001-10-08,16.0,16.399999618530273,15.800000190734863,15.949999809265137,121600,9.85602855682373,0.0
BG,2001-10-09,16.0,17.690000534057617,15.949999809265137,17.299999237060547,75600,10.690240859985352,0.0
BG,2001-10-10,17.229999542236328,17.299999237060547,16.0,16.450000762939453,166500,10.164995193481445,0.0
BG,2001-10-11,16.850000381469727,16.899999618530273,15.739999771118164,16.100000381469727,126800,9.948720932006836,0.0
BG,2001-10-12,16.049999237060547,16.75,16.0,16.25,41500,10.041411399841309,0.0
BG,2001-10-15,16.25,16.75,15.850000381469727,16.0,77300,9.886926651000977,0.0
BG,2001-10-16,15.899999618530273,16.100000381469727,15.800000190734863,15.949999809265137,79600,9.85602855682373,0.0
BG,2001-10-17,15.899999618530273,16.43000030517578,15.899999618530273,16.299999237060547,23500,10.072306632995605,0.0
BG,2001-10-18,16.440000534057617,16.600000381469727,16.0,16.600000381469727,24100,10.257685661315918,0.0
BG,2001-10-19,16.59000015258789,16.850000381469727,16.399999618530273,16.610000610351562,28100,10.263869285583496,0.0
BG,2001-10-22,18.0,18.450000762939453,17.520000457763672,18.0,780500,11.122796058654785,0.0
BG,2001-10-23,18.100000381469727,18.25,17.6200008392334,17.639999389648438,184200,10.900330543518066,0.0
BG,2001-10-24,17.700000762939453,17.700000762939453,16.860000610351562,17.049999237060547,59700,10.535754203796387,0.0
BG,2001-10-25,16.799999237060547,17.700000762939453,16.799999237060547,17.649999618530273,60200,10.906517028808594,0.0
BG,2001-10-26,17.200000762939453,17.700000762939453,17.040000915527344,17.5,43500,10.813827514648438,0.0
BG,2001-10-29,17.5,17.799999237060547,17.5,17.700000762939453,45300,10.937416076660156,0.0
BG,2001-10-30,17.799999237060547,17.799999237060547,17.459999084472656,17.600000381469727,35100,10.87562084197998,0.0
BG,2001-10-31,17.600000381469727,17.979999542236328,17.600000381469727,17.6200008392334,59700,10.887977600097656,0.0
BG,2001-11-01,17.6200008392334,18.600000381469727,17.600000381469727,18.600000381469727,156700,11.49355411529541,0.0
BG,2001-11-02,19.25,19.549999237060547,17.799999237060547,18.299999237060547,309400,11.308172225952148,0.0
BG,2001-11-05,18.5,18.799999237060547,18.049999237060547,18.200000762939453,54600,11.246379852294922,0.0
BG,2001-11-06,18.350000381469727,18.950000762939453,18.25,18.950000762939453,70900,11.70982551574707,0.0
BG,2001-11-07,18.979999542236328,19.489999771118164,18.649999618530273,18.700000762939453,46500,11.555346488952637,0.0
BG,2001-11-08,18.649999618530273,19.59000015258789,18.649999618530273,19.049999237060547,100900,11.771615982055664,0.0
BG,2001-11-09,19.149999618530273,19.489999771118164,18.799999237060547,18.850000381469727,35700,11.648035049438477,0.0
BG,2001-11-12,18.75,19.25,18.5,19.0,28100,11.740728378295898,0.0
BG,2001-11-13,19.0,19.100000381469727,18.100000381469727,18.100000381469727,42900,11.184590339660645,0.0
BG,2001-11-14,18.299999237060547,18.68000030517578,17.809999465942383,18.0,34500,11.122796058654785,0.0
BG,2001-11-15,17.899999618530273,18.729999542236328,17.850000381469727,18.549999237060547,41700,11.462652206420898,0.0
BG,2001-11-16,18.399999618530273,18.739999771118164,18.350000381469727,18.40999984741211,17800,11.376143455505371,0.0
BG,2001-11-19,18.450000762939453,18.790000915527344,18.200000762939453,18.600000381469727,21700,11.49355411529541,0.0
BG,2001-11-20,18.799999237060547,19.239999771118164,18.639999389648438,19.0,336000,11.740728378295898,0.0
BG,2001-11-21,18.950000762939453,19.25,18.860000610351562,19.0,34300,11.740728378295898,0.0
BG,2001-11-23,19.100000381469727,19.399999618530273,18.899999618530273,18.899999618530273,168000,11.678930282592773,0.0
BG,2001-11-26,18.899999618530273,19.489999771118164,18.75,19.25,136900,11.895212173461914,0.0
BG,2001-11-27,19.100000381469727,19.100000381469727,18.780000686645508,19.049999237060547,135400,11.771615982055664,0.0
BG,2001-11-28,19.0,19.100000381469727,18.959999084472656,19.049999237060547,55700,11.771615982055664,0.0
BG,2001-11-29,19.0,19.25,19.0,19.200000762939453,120100,11.864309310913086,0.0
BG,2001-11-30,19.200000762939453,19.950000762939453,19.200000762939453,19.350000381469727,52200,11.957001686096191,0.0
BG,2001-12-03,19.5,20.360000610351562,19.350000381469727,19.899999618530273,52100,12.296865463256836,0.0
BG,2001-12-04,20.5,20.5,19.899999618530273,19.979999542236328,512700,12.346298217773438,0.0
BG,2001-12-05,20.0,20.049999237060547,19.799999237060547,20.0,303800,12.358664512634277,0.0
BG,2001-12-06,20.5,21.149999618530273,20.200000762939453,21.149999618530273,327900,13.069275856018066,0.0
BG,2001-12-07,21.5,23.75,21.5,23.75,568900,14.675914764404297,0.0
BG,2001-12-10,23.75,24.350000381469727,23.100000381469727,23.5,376600,14.5214204788208,0.0
BG,2001-12-11,23.75,24.899999618530273,22.510000228881836,22.75,164100,14.05797290802002,0.0
BG,2001-12-12,22.75,23.989999771118164,22.75,23.049999237060547,80800,14.2433500289917,0.0
BG,2001-12-13,23.0,24.0,22.899999618530273,24.0,153000,14.83039379119873,0.0
BG,2001-12-14,24.0,24.149999618530273,23.549999237060547,24.149999618530273,139100,14.923074722290039,0.0
BG,2001-12-17,24.149999618530273,24.489999771118164,23.450000762939453,23.450000762939453,63300,14.49052906036377,0.0
BG,2001-12-18,23.450000762939453,23.450000762939453,21.25,22.799999237060547,207200,14.088866233825684,0.0
BG,2001-12-19,22.899999618530273,23.149999618530273,22.25,23.049999237060547,361500,14.2433500289917,0.0
BG,2001-12-20,23.100000381469727,23.100000381469727,22.450000762939453,22.5,84900,13.903493881225586,0.0
BG,2001-12-21,22.5,22.5,21.75,22.5,393400,13.903493881225586,0.0
BG,2001-12-24,22.600000381469727,22.649999618530273,22.31999969482422,22.399999618530273,25000,13.841697692871094,0.0
BG,2001-12-26,22.399999618530273,22.700000762939453,22.25,22.399999618530273,162300,13.841697692871094,0.0
BG,2001-12-27,22.5,22.950000762939453,22.450000762939453,22.90999984741211,151300,14.156846046447754,0.0
BG,2001-12-28,22.950000762939453,23.190000534057617,22.700000762939453,22.979999542236328,100100,14.200096130371094,0.0
BG,2001-12-31,22.979999542236328,23.5,22.65999984741211,23.280000686645508,54500,14.385478019714355,0.0
BG,2002-01-02,23.399999618530273,23.399999618530273,22.860000610351562,23.09000015258789,126500,14.268074035644531,0.0
BG,2002-01-03,23.149999618530273,24.0,23.149999618530273,24.0,51800,14.83039379119873,0.0
BG,2002-01-04,23.899999618530273,23.950000762939453,23.25,23.700000762939453,96800,14.645005226135254,0.0
BG,2002-01-07,23.549999237060547,23.649999618530273,22.5,22.600000381469727,61800,13.965285301208496,0.0
BG,2002-01-08,22.600000381469727,22.75,22.260000228881836,22.299999237060547,82600,13.779906272888184,0.0
BG,2002-01-09,22.299999237060547,22.309999465942383,20.75,21.100000381469727,238500,13.038382530212402,0.0
BG,2002-01-10,21.110000610351562,22.350000381469727,21.079999923706055,22.049999237060547,64000,13.625419616699219,0.0
BG,2002-01-11,22.0,22.649999618530273,21.899999618530273,22.25,54000,13.749005317687988,0.0
BG,2002-01-14,22.5,22.5,21.59000015258789,22.239999771118164,63200,13.742826461791992,0.0
BG,2002-01-15,22.25,22.950000762939453,21.950000762939453,22.65999984741211,60200,14.002362251281738,0.0
BG,2002-01-16,22.799999237060547,22.799999237060547,22.0,22.600000381469727,28900,13.965285301208496,0.0
BG,2002-01-17,22.649999618530273,23.84000015258789,22.5,23.049999237060547,39800,14.2433500289917,0.0
BG,2002-01-18,22.799999237060547,22.899999618530273,22.100000381469727,22.190000534057617,59900,13.711930274963379,0.0
BG,2002-01-22,23.0,23.25,22.100000381469727,22.100000381469727,226100,13.656315803527832,0.0
BG,2002-01-23,22.149999618530273,22.200000762939453,21.280000686645508,21.399999618530273,55800,13.223761558532715,0.0
BG,2002-01-24,21.549999237060547,21.799999237060547,21.43000030517578,21.450000762939453,25700,13.254661560058594,0.0
BG,2002-01-25,20.100000381469727,20.75,20.0,20.299999237060547,100800,12.544035911560059,0.0
BG,2002-01-28,20.399999618530273,20.799999237060547,20.350000381469727,20.649999618530273,62500,12.7603178024292,0.0
BG,2002-01-29,20.459999084472656,20.790000915527344,20.459999084472656,20.600000381469727,61200,12.729416847229004,0.0
BG,2002-01-30,20.600000381469727,20.649999618530273,18.5,18.600000381469727,144000,11.49355411529541,0.0
BG,2002-01-31,19.5,19.950000762939453,18.799999237060547,19.350000381469727,373100,11.957001686096191,0.0
BG,2002-02-01,19.350000381469727,19.5,19.25,19.5,32900,12.049692153930664,0.0
BG,2002-02-04,19.5,19.75,19.200000762939453,19.25,28600,11.895212173461914,0.0
BG,2002-02-05,19.260000228881836,19.260000228881836,18.780000686645508,19.100000381469727,37900,11.80252456665039,0.0
BG,2002-02-06,19.100000381469727,19.100000381469727,18.799999237060547,19.0,54800,11.79941463470459,0.095
BG,2002-02-07,19.0,19.100000381469727,18.950000762939453,19.049999237060547,92100,11.830460548400879,0.0
BG,2002-02-08,19.100000381469727,19.649999618530273,19.100000381469727,19.649999618530273,39900,12.203075408935547,0.0
BG,2002-02-11,19.649999618530273,20.18000030517578,19.649999618530273,20.09000015258789,33600,12.476326942443848,0.0
BG,2002-02-12,20.09000015258789,20.149999618530273,20.020000457763672,20.100000381469727,25400,12.48254108428955,0.0
BG,2002-02-13,20.049999237060547,20.100000381469727,20.049999237060547,20.06999969482422,14100,12.463903427124023,0.0
BG,2002-02-14,20.100000381469727,20.100000381469727,20.0,20.0,10400,12.420440673828125,0.0
BG,2002-02-15,20.049999237060547,20.049999237060547,19.850000381469727,19.850000381469727,70000,12.327279090881348,0.0
BG,2002-02-19,19.850000381469727,19.940000534057617,19.65999984741211,19.75,46600,12.26517391204834,0.0
BG,2002-02-20,19.75,19.950000762939453,19.649999618530273,19.950000762939453,32700,12.389388084411621,0.0
BG,2002-02-21,19.950000762939453,20.25,19.760000228881836,19.979999542236328,26700,12.408014297485352,0.0
BG,2002-02-22,19.989999771118164,19.989999771118164,19.579999923706055,19.600000381469727,30000,12.172029495239258,0.0
BG,2002-02-25,20.0,20.139999389648438,19.850000381469727,20.0,37800,12.420440673828125,0.0
BG,2002-02-26,19.850000381469727,20.0,19.850000381469727,19.899999618530273,31300,12.358331680297852,0.0
BG,2002-02-27,19.950000762939453,19.979999542236328,19.75,19.950000762939453,6500,12.389388084411621,0.0
BG,2002-02-28,19.950000762939453,20.299999237060547,19.610000610351562,19.649999618530273,57900,12.203075408935547,0.0
BG,2002-03-01,19.649999618530273,19.700000762939453,19.100000381469727,19.25,80300,11.954671859741211,0.0
BG,2002-03-04,20.0,20.049999237060547,19.479999542236328,19.700000762939453,137500,12.234129905700684,0.0
BG,2002-03-05,19.75,19.75,19.649999618530273,19.700000762939453,64300,12.234129905700684,0.0
BG,2002-03-06,19.75,19.75,19.309999465942383,19.579999923706055,74900,12.1596097946167,0.0
BG,2002-03-07,19.579999923706055,19.75,19.579999923706055,19.639999389648438,90800,12.196870803833008,0.0
BG,2002-03-08,19.639999389648438,19.989999771118164,19.639999389648438,19.899999618530273,146600,12.358331680297852,0.0
BG,2002-03-11,19.850000381469727,19.850000381469727,19.139999389648438,19.350000381469727,121400,12.01677131652832,0.0
BG,2002-03-12,19.100000381469727,19.25,18.989999771118164,19.020000457763672,364000,11.811836242675781,0.0
BG,2002-03-13,19.0,19.829999923706055,18.950000762939453,19.200000762939453,5541900,11.92361068725586,0.0
BG,2002-03-14,19.700000762939453,19.700000762939453,19.350000381469727,19.549999237060547,490100,12.140975952148438,0.0
BG,2002-03-15,19.899999618530273,20.799999237060547,19.549999237060547,20.5,567600,12.730942726135254,0.0
BG,2002-03-18,20.5,21.399999618530273,20.5,21.049999237060547,1040800,13.072507858276367,0.0
BG,2002-03-19,20.549999237060547,21.75,20.549999237060547,21.5,439700,13.351966857910156,0.0
BG,2002-03-20,21.510000228881836,21.899999618530273,21.149999618530273,21.649999618530273,422500,13.445124626159668,0.0
BG,2002-03-21,21.5,21.5,19.899999618530273,20.149999618530273,627400,12.513590812683105,0.0
BG,2002-03-22,20.049999237060547,20.549999237060547,20.049999237060547,20.510000228881836,252700,12.737157821655273,0.0
BG,2002-03-25,20.260000228881836,20.399999618530273,19.799999237060547,20.309999465942383,311700,12.61294937133789,0.0
BG,2002-03-26,20.25,20.600000381469727,20.049999237060547,20.5,186400,12.730942726135254,0.0
BG,2002-03-27,20.399999618530273,21.049999237060547,20.0,21.049999237060547,414600,13.072507858276367,0.0
BG,2002-03-28,21.299999237060547,21.719999313354492,20.5,21.649999618530273,476600,13.445124626159668,0.0
BG,2002-04-01,21.600000381469727,21.600000381469727,21.170000076293945,21.420000076293945,240500,13.302287101745605,0.0
BG,2002-04-02,22.0,22.0,21.700000762939453,21.979999542236328,246300,13.65006160736084,0.0
BG,2002-04-03,21.899999618530273,21.899999618530273,21.399999618530273,21.81999969482422,191000,13.550699234008789,0.0
BG,2002-04-04,21.75,21.979999542236328,21.610000610351562,21.979999542236328,172300,13.65006160736084,0.0
BG,2002-04-05,21.75,22.0,21.75,21.899999618530273,155300,13.60037899017334,0.0
BG,2002-04-08,21.799999237060547,22.0,21.399999618530273,21.829999923706055,181500,13.556902885437012,0.0
BG,2002-04-09,21.93000030517578,21.950000762939453,21.700000762939453,21.799999237060547,138900,13.538276672363281,0.0
BG,2002-04-10,21.899999618530273,22.049999237060547,21.850000381469727,22.0,235400,13.662487030029297,0.0
BG,2002-04-11,22.450000762939453,22.479999542236328,21.950000762939453,22.0,261000,13.662487030029297,0.0
BG,2002-04-12,22.25,22.450000762939453,21.809999465942383,22.149999618530273,114600,13.755631446838379,0.0
BG,2002-04-15,22.5,22.799999237060547,22.25,22.75,305000,14.128243446350098,0.0
BG,2002-04-16,23.0,23.899999618530273,22.950000762939453,23.600000381469727,560600,14.65611743927002,0.0
BG,2002-04-17,23.75,23.950000762939453,23.299999237060547,23.5,838700,14.594010353088379,0.0
BG,2002-04-18,24.100000381469727,24.299999237060547,23.600000381469727,23.8799991607666,481800,14.830001831054688,0.0
BG,2002-04-19,24.0,24.100000381469727,23.149999618530273,23.549999237060547,434100,14.625064849853516,0.0
BG,2002-04-22,22.100000381469727,22.200000762939453,21.299999237060547,21.649999618530273,1399100,13.445124626159668,0.0
BG,2002-04-23,21.950000762939453,21.989999771118164,21.799999237060547,21.979999542236328,264900,13.65006160736084,0.0
BG,2002-04-24,22.0,22.989999771118164,22.0,22.649999618530273,513600,14.066143035888672,0.0
BG,2002-04-25,22.399999618530273,22.850000381469727,22.25,22.649999618530273,155400,14.066143035888672,0.0
BG,2002-04-26,22.5,22.940000534057617,22.350000381469727,22.600000381469727,126300,14.035093307495117,0.0
BG,2002-04-29,22.600000381469727,22.600000381469727,21.65999984741211,21.75,541100,13.50722599029541,0.0
BG,2002-04-30,21.75,22.299999237060547,21.75,22.1200008392334,415800,13.737008094787598,0.0
BG,2002-05-01,22.200000762939453,22.549999237060547,21.93000030517578,21.979999542236328,154600,13.65006160736084,0.0
BG,2002-05-02,21.899999618530273,21.989999771118164,21.700000762939453,21.75,112700,13.50722599029541,0.0
BG,2002-05-03,21.850000381469727,21.899999618530273,21.700000762939453,21.790000915527344,212400,13.532065391540527,0.0
BG,2002-05-06,21.700000762939453,21.809999465942383,21.149999618530273,21.149999618530273,275600,13.13460922241211,0.0
BG,2002-05-07,21.149999618530273,21.149999618530273,20.0,20.200000762939453,555400,12.544639587402344,0.0
BG,2002-05-08,20.200000762939453,20.850000381469727,20.200000762939453,20.75,165800,12.886198043823242,0.0
BG,2002-05-09,20.850000381469727,21.100000381469727,20.549999237060547,21.020000457763672,216900,13.053878784179688,0.0
BG,2002-05-10,21.049999237060547,21.149999618530273,20.600000381469727,20.75,52200,12.886198043823242,0.0
BG,2002-05-13,20.700000762939453,20.850000381469727,20.649999618530273,20.850000381469727,207000,13.00786304473877,0.095
BG,2002-05-14,20.899999618530273,21.0,20.799999237060547,20.979999542236328,72000,13.088963508605957,0.0
BG,2002-05-15,20.950000762939453,21.030000686645508,20.75,20.969999313354492,80900,13.08272647857666,0.0
BG,2002-05-16,21.0,21.8799991607666,21.0,21.649999618530273,91400,13.506965637207031,0.0
BG,2002-05-17,21.950000762939453,22.049999237060547,21.75,21.940000534057617,106500,13.687887191772461,0.0
BG,2002-05-20,21.979999542236328,22.100000381469727,21.81999969482422,21.950000762939453,51200,13.694116592407227,0.0
BG,2002-05-21,21.5,21.739999771118164,21.299999237060547,21.350000381469727,74800,13.319802284240723,0.0
BG,2002-05-22,21.450000762939453,22.149999618530273,21.299999237060547,21.579999923706055,62800,13.463288307189941,0.0
BG,2002-05-23,21.5,21.600000381469727,21.049999237060547,21.299999237060547,39500,13.288599967956543,0.0
BG,2002-05-24,21.5,22.049999237060547,21.149999618530273,21.649999618530273,78600,13.506965637207031,0.0
BG,2002-05-28,21.850000381469727,22.0,21.600000381469727,21.700000762939453,69700,13.538155555725098,0.0
BG,2002-05-29,21.950000762939453,22.040000915527344,21.399999618530273,21.399999618530273,72300,13.350990295410156,0.0
BG,2002-05-30,21.450000762939453,21.59000015258789,21.219999313354492,21.25,98300,13.257413864135742,0.0
BG,2002-05-31,21.299999237060547,21.799999237060547,21.260000228881836,21.799999237060547,92200,13.600543022155762,0.0
BG,2002-06-03,21.899999618530273,22.149999618530273,21.540000915527344,21.739999771118164,55500,13.56310749053955,0.0
BG,2002-06-04,21.649999618530273,22.100000381469727,21.5,22.100000381469727,93300,13.787702560424805,0.0
BG,2002-06-05,22.100000381469727,22.600000381469727,22.049999237060547,22.399999618530273,74500,13.974874496459961,0.0
BG,2002-06-06,22.5,22.979999542236328,22.399999618530273,22.799999237060547,233600,14.224419593811035,0.0
BG,2002-06-07,22.549999237060547,23.0,22.549999237060547,22.799999237060547,139500,14.224419593811035,0.0
BG,2002-06-10,23.0,23.149999618530273,22.84000015258789,23.0,131700,14.349194526672363,0.0
BG,2002-06-11,23.0,23.190000534057617,22.1299991607666,22.350000381469727,71000,13.943676948547363,0.0
BG,2002-06-12,22.100000381469727,22.100000381469727,21.280000686645508,21.350000381469727,131800,13.319802284240723,0.0
BG,2002-06-13,21.149999618530273,21.200000762939453,20.959999084472656,20.959999084472656,120500,13.076478958129883,0.0
BG,2002-06-14,20.5,20.899999618530273,20.420000076293945,20.899999618530273,158200,13.039053916931152,0.0
BG,2002-06-17,20.899999618530273,21.100000381469727,20.75,20.81999969482422,77100,12.989142417907715,0.0
BG,2002-06-18,20.8799991607666,20.899999618530273,20.079999923706055,20.100000381469727,87900,12.539948463439941,0.0
BG,2002-06-19,20.0,20.020000457763672,19.75,19.850000381469727,102500,12.383978843688965,0.0
BG,2002-06-20,19.950000762939453,20.219999313354492,19.700000762939453,19.899999618530273,146400,12.415172576904297,0.0
BG,2002-06-21,20.149999618530273,20.399999618530273,19.399999618530273,19.649999618530273,535400,12.259202003479004,0.0
BG,2002-06-24,19.649999618530273,20.649999618530273,19.649999618530273,20.450000762939453,291100,12.758307456970215,0.0
BG,2002-06-25,20.649999618530273,21.15999984741211,20.600000381469727,21.100000381469727,260300,13.163825988769531,0.0
BG,2002-06-26,21.0,21.149999618530273,20.420000076293945,21.149999618530273,155500,13.19502067565918,0.0
BG,2002-06-27,21.200000762939453,21.700000762939453,21.200000762939453,21.700000762939453,139500,13.538155555725098,0.0
BG,2002-06-28,21.75,21.969999313354492,21.049999237060547,21.100000381469727,170900,13.163825988769531,0.0
BG,2002-07-01,21.100000381469727,21.549999237060547,21.0,21.010000228881836,160400,13.107675552368164,0.0
BG,2002-07-02,20.950000762939453,20.950000762939453,20.299999237060547,20.309999465942383,47300,12.6709623336792,0.0
BG,2002-07-03,20.309999465942383,20.309999465942383,19.700000762939453,19.899999618530273,111700,12.415172576904297,0.0
BG,2002-07-05,20.0,20.450000762939453,20.0,20.399999618530273,12800,12.727107048034668,0.0
BG,2002-07-08,20.200000762939453,21.0,20.15999984741211,20.5,160200,12.789495468139648,0.0
BG,2002-07-09,20.5,20.799999237060547,20.3799991607666,20.489999771118164,114500,12.7832612991333,0.0
BG,2002-07-10,20.5,20.799999237060547,19.649999618530273,19.899999618530273,127000,12.415172576904297,0.0
BG,2002-07-11,19.899999618530273,19.899999618530273,19.25,19.75,93100,12.321585655212402,0.0
BG,2002-07-12,19.799999237060547,19.799999237060547,19.299999237060547,19.43000030517578,149800,12.12195110321045,0.0
BG,2002-07-15,19.450000762939453,19.450000762939453,17.700000762939453,18.510000228881836,194600,11.547985076904297,0.0
BG,2002-07-16,18.510000228881836,18.510000228881836,16.979999542236328,17.790000915527344,333500,11.098787307739258,0.0
BG,2002-07-17,17.790000915527344,18.100000381469727,17.790000915527344,18.0,258100,11.229805946350098,0.0
BG,2002-07-18,18.0,18.1299991607666,17.149999618530273,18.0,275600,11.229805946350098,0.0
BG,2002-07-19,17.75,19.1299991607666,17.549999237060547,18.6299991607666,230800,11.622855186462402,0.0
BG,2002-07-22,19.0,19.399999618530273,18.350000381469727,18.559999465942383,267200,11.579174995422363,0.0
BG,2002-07-23,18.5,18.81999969482422,18.450000762939453,18.5,226200,11.541744232177734,0.0
BG,2002-07-24,18.5,19.049999237060547,18.09000015258789,19.0,240300,11.85368537902832,0.0
BG,2002-07-25,19.149999618530273,19.75,18.700000762939453,19.5,286600,12.165618896484375,0.0
BG,2002-07-26,19.5,19.670000076293945,19.5,19.649999618530273,80900,12.259202003479004,0.0
BG,2002-07-29,19.649999618530273,21.290000915527344,19.5,20.770000457763672,148400,12.9579496383667,0.0
BG,2002-07-30,20.549999237060547,20.600000381469727,20.1200008392334,20.40999984741211,119600,12.73335075378418,0.0
BG,2002-07-31,20.850000381469727,21.09000015258789,20.399999618530273,20.450000762939453,213200,12.758307456970215,0.0
BG,2002-08-01,20.450000762939453,20.450000762939453,19.93000030517578,20.0,60100,12.47756576538086,0.0
BG,2002-08-02,20.0,20.0,19.700000762939453,20.0,91200,12.47756576538086,0.0
BG,2002-08-05,20.0,20.0,19.75,19.809999465942383,262000,12.359020233154297,0.0
BG,2002-08-06,19.809999465942383,20.030000686645508,19.600000381469727,19.799999237060547,351500,12.352784156799316,0.0
BG,2002-08-07,19.829999923706055,20.079999923706055,19.670000076293945,20.06999969482422,184100,12.521228790283203,0.0
BG,2002-08-08,20.200000762939453,20.700000762939453,20.18000030517578,20.450000762939453,108800,12.758307456970215,0.0
BG,2002-08-09,20.459999084472656,21.5,20.40999984741211,21.260000228881836,151600,13.263646125793457,0.0
BG,2002-08-12,21.0,21.75,20.700000762939453,21.459999084472656,160600,13.38842487335205,0.0
BG,2002-08-13,21.5,21.5,20.799999237060547,21.0,155700,13.159701347351074,0.095
BG,2002-08-14,21.100000381469727,21.139999389648438,20.75,21.020000457763672,110300,13.17223072052002,0.0
BG,2002-08-15,21.010000228881836,21.1200008392334,20.850000381469727,21.0,92900,13.159701347351074,0.0
BG,2002-08-16,20.950000762939453,21.170000076293945,20.860000610351562,20.979999542236328,164600,13.147163391113281,0.0
BG,2002-08-19,21.0,21.0,20.5,20.559999465942383,81100,12.8839693069458,0.0
BG,2002-08-20,20.559999465942383,20.559999465942383,19.600000381469727,19.700000762939453,120300,12.345047950744629,0.0
BG,2002-08-21,19.700000762939453,20.1200008392334,19.149999618530273,20.100000381469727,304400,12.595709800720215,0.0
BG,2002-08-22,20.889999389648438,21.75,20.139999389648438,21.600000381469727,324200,13.535684585571289,0.0
BG,2002-08-23,21.610000610351562,21.6200008392334,21.100000381469727,21.350000381469727,193700,13.379027366638184,0.0
BG,2002-08-26,21.389999389648438,21.700000762939453,21.25,21.68000030517578,186900,13.585824012756348,0.0
BG,2002-08-27,21.690000534057617,21.75,21.200000762939453,21.399999618530273,229900,13.410354614257812,0.0
BG,2002-08-28,21.3700008392334,21.5,21.209999084472656,21.399999618530273,147600,13.410354614257812,0.0
BG,2002-08-29,21.350000381469727,21.43000030517578,21.299999237060547,21.399999618530273,106800,13.410354614257812,0.0
BG,2002-08-30,21.399999618530273,21.43000030517578,21.260000228881836,21.399999618530273,40900,13.410354614257812,0.0
BG,2002-09-03,21.149999618530273,21.3799991607666,21.149999618530273,21.309999465942383,183400,13.353960037231445,0.0
BG,2002-09-04,21.350000381469727,21.600000381469727,21.25,21.549999237060547,227700,13.504349708557129,0.0
BG,2002-09-05,21.399999618530273,21.5,21.010000228881836,21.18000030517578,285200,13.272496223449707,0.0
BG,2002-09-06,21.149999618530273,21.239999771118164,20.75,20.950000762939453,390700,13.1283597946167,0.0
BG,2002-09-09,20.950000762939453,20.989999771118164,20.579999923706055,20.719999313354492,151400,12.984234809875488,0.0
BG,2002-09-10,20.719999313354492,20.8799991607666,20.549999237060547,20.549999237060547,38800,12.877702713012695,0.0
BG,2002-09-11,20.5,20.799999237060547,20.139999389648438,20.389999389648438,123600,12.777437210083008,0.0
BG,2002-09-12,20.399999618530273,20.399999618530273,20.190000534057617,20.329999923706055,54700,12.739842414855957,0.0
BG,2002-09-13,20.399999618530273,20.850000381469727,20.299999237060547,20.739999771118164,226100,12.996764183044434,0.0
BG,2002-09-16,20.75,21.350000381469727,20.610000610351562,21.350000381469727,206200,13.379027366638184,0.0
BG,2002-09-17,21.350000381469727,21.350000381469727,20.700000762939453,20.799999237060547,244700,13.03436279296875,0.0
BG,2002-09-18,20.75,21.600000381469727,20.600000381469727,21.239999771118164,170400,13.310089111328125,0.0
BG,2002-09-19,21.489999771118164,21.489999771118164,20.8799991607666,20.899999618530273,170900,13.097030639648438,0.0
BG,2002-09-20,21.049999237060547,21.5,20.8799991607666,21.049999237060547,286300,13.19102954864502,0.0
BG,2002-09-23,22.399999618530273,22.670000076293945,22.0,22.600000381469727,566700,14.162343978881836,0.0
BG,2002-09-24,22.600000381469727,23.15999984741211,22.5,22.989999771118164,660700,14.406740188598633,0.0
BG,2002-09-25,23.049999237060547,23.200000762939453,22.700000762939453,22.899999618530273,375100,14.350336074829102,0.0
BG,2002-09-26,23.049999237060547,24.100000381469727,22.989999771118164,23.950000762939453,375400,15.008315086364746,0.0
BG,2002-09-27,23.950000762939453,24.049999237060547,23.25,23.520000457763672,371000,14.738862037658691,0.0
BG,2002-09-30,23.530000686645508,24.25,23.350000381469727,24.200000762939453,648400,15.164978981018066,0.0
BG,2002-10-01,24.5,24.6299991607666,24.079999923706055,24.149999618530273,408700,15.133651733398438,0.0
BG,2002-10-02,24.190000534057617,24.200000762939453,23.799999237060547,24.139999389648438,347800,15.127376556396484,0.0
BG,2002-10-03,24.170000076293945,24.850000381469727,23.940000534057617,24.75,760600,15.509638786315918,0.0
BG,2002-10-04,24.5,25.18000030517578,24.049999237060547,24.239999771118164,742900,15.19005012512207,0.0
BG,2002-10-07,24.149999618530273,24.420000076293945,23.1299991607666,23.149999618530273,206300,14.50699234008789,0.0
BG,2002-10-08,23.299999237060547,24.239999771118164,23.25,23.450000762939453,684100,14.694990158081055,0.0
BG,2002-10-09,24.25,24.600000381469727,23.75,24.260000228881836,819000,15.20258617401123,0.0
BG,2002-10-10,24.049999237060547,24.600000381469727,23.90999984741211,24.399999618530273,584900,15.29030704498291,0.0
BG,2002-10-11,24.5,24.549999237060547,24.25,24.25,281800,15.196313858032227,0.0
BG,2002-10-14,24.25,24.540000915527344,23.780000686645508,24.1200008392334,348300,15.114848136901855,0.0
BG,2002-10-15,24.0,24.549999237060547,23.700000762939453,24.020000457763672,766200,15.052179336547852,0.0
BG,2002-10-16,24.020000457763672,24.450000762939453,24.010000228881836,24.399999618530273,233900,15.29030704498291,0.0
BG,2002-10-17,24.399999618530273,24.799999237060547,22.049999237060547,22.420000076293945,751100,14.049539566040039,0.0
BG,2002-10-18,22.420000076293945,24.200000762939453,22.420000076293945,23.899999618530273,405400,14.9769868850708,0.0
BG,2002-10-21,25.0,25.780000686645508,24.799999237060547,25.200000762939453,1504600,15.791634559631348,0.0
BG,2002-10-22,25.350000381469727,25.649999618530273,25.020000457763672,25.600000381469727,636900,16.042293548583984,0.0
BG,2002-10-23,25.469999313354492,25.739999771118164,25.0,25.360000610351562,277200,15.891899108886719,0.0
BG,2002-10-24,25.600000381469727,26.1200008392334,25.399999618530273,25.729999542236328,416500,16.123756408691406,0.0
BG,2002-10-25,25.700000762939453,25.889999389648438,25.450000762939453,25.600000381469727,224200,16.042293548583984,0.0
BG,2002-10-28,25.600000381469727,25.610000610351562,25.020000457763672,25.049999237060547,358500,15.69764232635498,0.0
BG,2002-10-29,25.149999618530273,25.149999618530273,24.209999084472656,24.510000228881836,636700,15.359251976013184,0.0
BG,2002-10-30,24.399999618530273,25.65999984741211,24.399999618530273,25.440000534057617,239600,15.94202709197998,0.0
BG,2002-10-31,25.639999389648438,25.670000076293945,25.059999465942383,25.3799991607666,200100,15.904424667358398,0.0
BG,2002-11-01,25.360000610351562,26.0,25.299999237060547,25.829999923706055,321500,16.186424255371094,0.0
BG,2002-11-04,26.239999771118164,26.25,25.579999923706055,26.0,381700,16.2929630279541,0.0
BG,2002-11-05,25.700000762939453,26.31999969482422,25.3799991607666,25.43000030517578,311800,15.935766220092773,0.0
BG,2002-11-06,25.5,25.639999389648438,25.049999237060547,25.049999237060547,294300,15.69764232635498,0.0
BG,2002-11-07,25.049999237060547,25.190000534057617,24.8700008392334,25.0,133800,15.666300773620605,0.0
BG,2002-11-08,24.950000762939453,25.0,24.559999465942383,24.899999618530273,287800,15.603639602661133,0.0
BG,2002-11-11,24.989999771118164,25.1299991607666,24.8700008392334,25.049999237060547,175800,15.69764232635498,0.0
BG,2002-11-12,25.100000381469727,25.25,24.799999237060547,25.100000381469727,103700,15.72896671295166,0.0
BG,2002-11-13,25.06999969482422,25.5,25.0,25.260000228881836,106300,15.89255142211914,0.1
BG,2002-11-14,25.260000228881836,25.940000534057617,25.260000228881836,25.649999618530273,101600,16.137924194335938,0.0
BG,2002-11-15,25.690000534057617,25.899999618530273,25.329999923706055,25.5,123100,16.04354476928711,0.0
BG,2002-11-18,25.899999618530273,25.899999618530273,25.270000457763672,25.899999618530273,129100,16.29521369934082,0.0
BG,2002-11-19,25.799999237060547,25.979999542236328,24.799999237060547,24.860000610351562,159800,15.640888214111328,0.0
BG,2002-11-20,24.649999618530273,24.770000457763672,24.290000915527344,24.579999923706055,163900,15.464727401733398,0.0
BG,2002-11-21,24.59000015258789,24.59000015258789,23.0,23.290000915527344,2541300,14.653104782104492,0.0
BG,2002-11-22,23.290000915527344,23.389999389648438,23.0,23.270000457763672,2181500,14.640527725219727,0.0
BG,2002-11-25,23.270000457763672,23.350000381469727,23.010000228881836,23.280000686645508,761800,14.646817207336426,0.0
BG,2002-11-26,23.290000915527344,24.1299991607666,23.049999237060547,23.920000076293945,798700,15.049480438232422,0.0
BG,2002-11-27,24.399999618530273,24.520000457763672,24.079999923706055,24.25,567700,15.257100105285645,0.0
BG,2002-11-29,24.299999237060547,24.719999313354492,24.06999969482422,24.549999237060547,195800,15.445842742919922,0.0
BG,2002-12-02,24.600000381469727,24.600000381469727,23.299999237060547,23.299999237060547,443600,14.65939998626709,0.0
BG,2002-12-03,23.600000381469727,23.600000381469727,22.799999237060547,22.920000076293945,727300,14.420323371887207,0.0
BG,2002-12-04,22.799999237060547,23.059999465942383,22.510000228881836,23.059999465942383,592500,14.508405685424805,0.0
BG,2002-12-05,23.100000381469727,23.170000076293945,23.0,23.139999389648438,289900,14.558731079101562,0.0
BG,2002-12-06,23.139999389648438,23.299999237060547,22.780000686645508,23.079999923706055,269900,14.520986557006836,0.0
BG,2002-12-09,23.0,23.049999237060547,22.100000381469727,22.15999984741211,507900,13.942153930664062,0.0
BG,2002-12-10,22.15999984741211,22.34000015258789,22.0,22.34000015258789,529900,14.055412292480469,0.0
BG,2002-12-11,22.34000015258789,22.34000015258789,21.649999618530273,21.770000457763672,644600,13.696786880493164,0.0
BG,2002-12-12,23.700000762939453,23.8799991607666,23.010000228881836,23.350000381469727,1547200,14.690853118896484,0.0
BG,2002-12-13,23.049999237060547,23.200000762939453,22.799999237060547,22.969999313354492,198000,14.451776504516602,0.0
BG,2002-12-16,22.969999313354492,23.479999542236328,22.969999313354492,23.450000762939453,438600,14.753775596618652,0.0
BG,2002-12-17,23.450000762939453,23.479999542236328,22.899999618530273,23.299999237060547,617100,14.65939998626709,0.0
BG,2002-12-18,23.149999618530273,23.450000762939453,22.899999618530273,23.260000228881836,299400,14.634235382080078,0.0
BG,2002-12-19,23.260000228881836,23.350000381469727,22.5,22.799999237060547,536400,14.344815254211426,0.0
BG,2002-12-20,22.84000015258789,23.1299991607666,22.329999923706055,22.450000762939453,724800,14.124617576599121,0.0
BG,2002-12-23,22.459999084472656,22.739999771118164,22.280000686645508,22.739999771118164,350300,14.307071685791016,0.0
BG,2002-12-24,22.719999313354492,22.799999237060547,22.40999984741211,22.520000457763672,87600,14.168658256530762,0.0
BG,2002-12-26,22.530000686645508,22.920000076293945,22.510000228881836,22.899999618530273,139900,14.407731056213379,0.0
BG,2002-12-27,22.899999618530273,22.899999618530273,22.540000915527344,22.670000076293945,102200,14.263030052185059,0.0
BG,2002-12-30,22.68000030517578,23.09000015258789,22.5,23.06999969482422,221200,14.514693260192871,0.0
BG,2002-12-31,23.049999237060547,24.139999389648438,23.010000228881836,24.059999465942383,559800,15.137557029724121,0.0
BG,2003-01-02,24.0,24.350000381469727,23.799999237060547,23.899999618530273,325300,15.036895751953125,0.0
BG,2003-01-03,23.899999618530273,24.0,23.780000686645508,23.920000076293945,244900,15.049480438232422,0.0
BG,2003-01-06,24.299999237060547,24.760000228881836,24.09000015258789,24.610000610351562,375100,15.483599662780762,0.0
BG,2003-01-07,24.979999542236328,25.770000457763672,24.950000762939453,25.459999084472656,1194900,16.018386840820312,0.0
BG,2003-01-08,25.469999313354492,25.649999618530273,25.100000381469727,25.549999237060547,897000,16.075014114379883,0.0
BG,2003-01-09,25.75,26.260000228881836,25.75,26.030000686645508,675500,16.37700653076172,0.0
BG,2003-01-10,25.979999542236328,26.709999084472656,25.899999618530273,26.309999465942383,415400,16.55316734313965,0.0
BG,2003-01-13,26.469999313354492,26.5,26.0,26.1200008392334,520000,16.433629989624023,0.0
BG,2003-01-14,26.18000030517578,26.90999984741211,26.0,26.75,925200,16.829994201660156,0.0
BG,2003-01-15,26.899999618530273,27.299999237060547,26.5,27.110000610351562,355600,17.05649757385254,0.0
BG,2003-01-16,27.110000610351562,27.399999618530273,26.8799991607666,27.100000381469727,421900,17.050199508666992,0.0
BG,2003-01-17,26.899999618530273,27.459999084472656,26.899999618530273,27.299999237060547,378200,17.176040649414062,0.0
BG,2003-01-21,27.350000381469727,27.450000762939453,26.899999618530273,27.010000228881836,442600,16.99358558654785,0.0
BG,2003-01-22,26.899999618530273,27.059999465942383,26.649999618530273,26.649999618530273,354900,16.767086029052734,0.0
BG,2003-01-23,26.75,27.079999923706055,26.65999984741211,26.920000076293945,542400,16.93695640563965,0.0
BG,2003-01-24,26.950000762939453,26.989999771118164,26.440000534057617,26.700000762939453,306500,16.798542022705078,0.0
BG,2003-01-27,26.5,26.5,25.5,25.799999237060547,643100,16.2322998046875,0.0
BG,2003-01-28,25.899999618530273,26.0,25.43000030517578,25.829999923706055,234800,16.251163482666016,0.0
BG,2003-01-29,25.549999237060547,25.639999389648438,25.149999618530273,25.59000015258789,250600,16.100173950195312,0.0
BG,2003-01-30,25.75,26.049999237060547,25.469999313354492,25.600000381469727,101600,16.106464385986328,0.0
BG,2003-01-31,25.600000381469727,26.219999313354492,25.559999465942383,26.0,200600,16.358125686645508,0.0
BG,2003-02-03,25.979999542236328,26.219999313354492,25.56999969482422,25.850000381469727,396900,16.263755798339844,0.0
BG,2003-02-04,25.84000015258789,26.040000915527344,25.440000534057617,25.780000686645508,291000,16.219717025756836,0.0
BG,2003-02-05,25.75,25.989999771118164,25.5,25.760000228881836,130500,16.207130432128906,0.0
BG,2003-02-06,25.700000762939453,25.719999313354492,25.299999237060547,25.389999389648438,174100,15.97434139251709,0.0
BG,2003-02-07,25.440000534057617,25.510000228881836,25.100000381469727,25.329999923706055,186100,15.936590194702148,0.0
BG,2003-02-10,25.399999618530273,25.479999542236328,25.0,25.059999465942383,270400,15.766712188720703,0.0
BG,2003-02-11,25.059999465942383,25.690000534057617,25.059999465942383,25.510000228881836,95400,16.049842834472656,0.0
BG,2003-02-12,25.450000762939453,25.600000381469727,25.110000610351562,25.260000228881836,89600,15.955096244812012,0.1
BG,2003-02-13,25.399999618530273,25.719999313354492,25.18000030517578,25.360000610351562,341500,16.018264770507812,0.0
BG,2003-02-14,25.459999084472656,26.5,25.299999237060547,26.190000534057617,181500,16.542522430419922,0.0
BG,2003-02-18,26.299999237060547,26.420000076293945,26.020000457763672,26.209999084472656,243600,16.555145263671875,0.0
BG,2003-02-19,26.209999084472656,26.25,25.950000762939453,26.040000915527344,165400,16.447769165039062,0.0
BG,2003-02-20,25.850000381469727,25.959999084472656,25.809999465942383,25.889999389648438,213800,16.353017807006836,0.0
BG,2003-02-21,25.889999389648438,26.040000915527344,25.809999465942383,26.0,204300,16.422504425048828,0.0
BG,2003-02-24,26.0,26.0,25.299999237060547,25.450000762939453,191800,16.075117111206055,0.0
BG,2003-02-25,26.0,26.25,25.200000762939453,25.969999313354492,462400,16.4035587310791,0.0
BG,2003-02-26,25.459999084472656,25.93000030517578,24.809999465942383,25.81999969482422,700800,16.308809280395508,0.0
BG,2003-02-27,25.950000762939453,25.950000762939453,25.510000228881836,25.670000076293945,425200,16.214061737060547,0.0
BG,2003-02-28,25.700000762939453,25.920000076293945,25.700000762939453,25.899999618530273,199800,16.35934066772461,0.0
BG,2003-03-03,25.799999237060547,26.200000762939453,25.469999313354492,25.549999237060547,218800,16.138273239135742,0.0
BG,2003-03-04,25.549999237060547,25.649999618530273,25.270000457763672,25.309999465942383,286100,15.986675262451172,0.0
BG,2003-03-05,25.399999618530273,25.399999618530273,25.0,25.280000686645508,114400,15.967738151550293,0.0
BG,2003-03-06,25.360000610351562,25.360000610351562,24.5,24.739999771118164,519900,15.626638412475586,0.0
BG,2003-03-07,24.739999771118164,25.280000686645508,24.389999389648438,25.0,260100,15.790868759155273,0.0
BG,2003-03-10,24.799999237060547,24.809999465942383,24.40999984741211,24.40999984741211,324200,15.418204307556152,0.0
BG,2003-03-11,24.5,24.790000915527344,24.479999542236328,24.549999237060547,87200,15.506636619567871,0.0
BG,2003-03-12,24.5,24.760000228881836,24.479999542236328,24.700000762939453,87200,15.601387023925781,0.0
BG,2003-03-13,24.950000762939453,24.989999771118164,24.770000457763672,24.90999984741211,153200,15.734028816223145,0.0
BG,2003-03-14,25.049999237060547,25.559999465942383,24.8700008392334,25.350000381469727,300800,16.011947631835938,0.0
BG,2003-03-17,25.350000381469727,25.5,25.010000228881836,25.5,295800,16.106689453125,0.0
BG,2003-03-18,25.5,25.5,25.06999969482422,25.200000762939453,237600,15.917194366455078,0.0
BG,2003-03-19,25.299999237060547,25.350000381469727,24.989999771118164,25.049999237060547,272500,15.822449684143066,0.0
BG,2003-03-20,24.510000228881836,24.829999923706055,24.5,24.549999237060547,384300,15.506636619567871,0.0
BG,2003-03-21,24.549999237060547,25.1200008392334,24.549999237060547,24.90999984741211,340200,15.734028816223145,0.0
BG,2003-03-24,24.920000076293945,24.989999771118164,24.610000610351562,24.920000076293945,261000,15.740339279174805,0.0
BG,2003-03-25,24.860000610351562,25.09000015258789,24.780000686645508,24.940000534057617,92700,15.752970695495605,0.0
BG,2003-03-26,24.709999084472656,24.889999389648438,24.350000381469727,24.420000076293945,300500,15.424522399902344,0.0
BG,2003-03-27,24.399999618530273,24.729999542236328,24.350000381469727,24.479999542236328,278400,15.462424278259277,0.0
BG,2003-03-28,24.479999542236328,25.0,24.399999618530273,24.989999771118164,270600,15.784554481506348,0.0
BG,2003-03-31,24.899999618530273,25.510000228881836,24.809999465942383,25.15999984741211,344100,15.89194107055664,0.0
BG,2003-04-01,25.219999313354492,25.290000915527344,24.600000381469727,24.729999542236328,275700,15.620329856872559,0.0
BG,2003-04-02,24.850000381469727,25.0,24.600000381469727,24.829999923706055,605700,15.683490753173828,0.0
BG,2003-04-03,25.0,25.0,24.600000381469727,24.75,268600,15.63296127319336,0.0
BG,2003-04-04,24.75,24.8700008392334,24.649999618530273,24.780000686645508,194700,15.651906967163086,0.0
BG,2003-04-07,25.450000762939453,25.950000762939453,25.209999084472656,25.700000762939453,848100,16.23301887512207,0.0
BG,2003-04-08,25.760000228881836,26.299999237060547,25.760000228881836,26.25,598000,16.580406188964844,0.0
BG,2003-04-09,26.200000762939453,27.200000762939453,26.200000762939453,27.0,756100,17.054141998291016,0.0
BG,2003-04-10,27.0,27.34000015258789,26.889999389648438,27.299999237060547,500500,17.243635177612305,0.0
BG,2003-04-11,27.5,27.5,26.899999618530273,27.100000381469727,213400,17.117294311523438,0.0
BG,2003-04-14,27.110000610351562,27.31999969482422,26.969999313354492,27.200000762939453,524700,17.180463790893555,0.0
BG,2003-04-15,27.1299991607666,27.40999984741211,27.100000381469727,27.360000610351562,461800,17.281526565551758,0.0
BG,2003-04-16,27.239999771118164,27.399999618530273,27.020000457763672,27.149999618530273,424600,17.14888572692871,0.0
BG,2003-04-17,27.149999618530273,27.489999771118164,27.149999618530273,27.350000381469727,283200,17.27521324157715,0.0
BG,2003-04-21,27.350000381469727,27.389999389648438,26.850000381469727,27.079999923706055,338600,17.104671478271484,0.0
BG,2003-04-22,26.950000762939453,27.0,26.75,27.0,283100,17.054141998291016,0.0
BG,2003-04-23,27.0,27.219999313354492,26.799999237060547,26.93000030517578,595600,17.00992774963379,0.0
BG,2003-04-24,26.600000381469727,27.149999618530273,26.600000381469727,26.920000076293945,339100,17.00361442565918,0.0
BG,2003-04-25,26.920000076293945,26.989999771118164,26.5,26.68000030517578,105100,16.852012634277344,0.0
BG,2003-04-28,26.68000030517578,27.600000381469727,26.68000030517578,27.489999771118164,693200,17.36363983154297,0.0
BG,2003-04-29,28.0,29.700000762939453,27.84000015258789,28.65999984741211,1244300,18.1026554107666,0.0
BG,2003-04-30,28.59000015258789,28.639999389648438,27.90999984741211,28.010000228881836,295400,17.692089080810547,0.0
BG,2003-05-01,27.75,28.15999984741211,27.649999618530273,27.940000534057617,566800,17.647876739501953,0.0
BG,2003-05-02,27.940000534057617,28.100000381469727,27.799999237060547,27.989999771118164,189200,17.67945671081543,0.0
BG,2003-05-05,28.049999237060547,28.049999237060547,27.399999618530273,27.399999618530273,476900,17.306793212890625,0.0
BG,2003-05-06,27.40999984741211,28.520000457763672,27.25,28.350000381469727,623900,17.906848907470703,0.0
BG,2003-05-07,28.200000762939453,28.200000762939453,27.40999984741211,27.549999237060547,718700,17.401535034179688,0.0
BG,2003-05-08,27.450000762939453,27.540000915527344,27.25,27.399999618530273,418800,17.306793212890625,0.0
BG,2003-05-09,27.649999618530273,27.700000762939453,27.25,27.40999984741211,570300,17.313112258911133,0.0
BG,2003-05-12,27.649999618530273,27.799999237060547,27.5,27.579999923706055,269200,17.420490264892578,0.0
BG,2003-05-13,27.399999618530273,27.549999237060547,27.25,27.549999237060547,446100,17.464860916137695,0.1
BG,2003-05-14,27.540000915527344,28.0,27.540000915527344,27.899999618530273,214800,17.686735153198242,0.0
BG,2003-05-15,28.0,28.06999969482422,27.670000076293945,27.770000457763672,225900,17.604326248168945,0.0
BG,2003-05-16,27.760000228881836,28.030000686645508,27.5,27.84000015258789,227200,17.64870262145996,0.0
BG,2003-05-19,27.899999618530273,27.989999771118164,27.450000762939453,27.479999542236328,394000,17.420488357543945,0.0
BG,2003-05-20,27.510000228881836,27.549999237060547,26.950000762939453,27.079999923706055,255100,17.166915893554688,0.0
BG,2003-05-21,27.100000381469727,27.100000381469727,26.829999923706055,26.899999618530273,258000,17.052804946899414,0.0
BG,2003-05-22,27.149999618530273,28.06999969482422,27.0,27.90999984741211,291600,17.693077087402344,0.0
BG,2003-05-23,27.940000534057617,27.989999771118164,27.65999984741211,27.920000076293945,180400,17.699419021606445,0.0
BG,2003-05-27,27.760000228881836,28.030000686645508,27.760000228881836,27.950000762939453,410600,17.718433380126953,0.0
BG,2003-05-28,27.959999084472656,28.440000534057617,27.950000762939453,28.290000915527344,262200,17.9339656829834,0.0
BG,2003-05-29,28.350000381469727,28.40999984741211,28.25,28.3700008392334,182100,17.984695434570312,0.0
BG,2003-05-30,28.399999618530273,28.950000762939453,28.34000015258789,28.899999618530273,541700,18.3206729888916,0.0
BG,2003-06-02,29.0,29.450000762939453,28.8799991607666,29.260000228881836,588700,18.548887252807617,0.0
BG,2003-06-03,29.0,29.40999984741211,28.969999313354492,29.360000610351562,245600,18.612285614013672,0.0
BG,2003-06-04,29.799999237060547,29.959999084472656,29.549999237060547,29.700000762939453,632100,18.827817916870117,0.0
BG,2003-06-05,29.75,30.459999084472656,29.649999618530273,30.290000915527344,592400,19.20183753967285,0.0
BG,2003-06-06,30.399999618530273,30.59000015258789,29.549999237060547,29.729999542236328,340100,18.846843719482422,0.0
BG,2003-06-09,29.899999618530273,29.899999618530273,29.31999969482422,29.399999618530273,214800,18.63763427734375,0.0
BG,2003-06-10,29.450000762939453,29.850000381469727,29.450000762939453,29.850000381469727,140600,18.922910690307617,0.0
BG,2003-06-11,29.850000381469727,30.25,29.75,30.049999237060547,344900,19.049697875976562,0.0
BG,2003-06-12,30.450000762939453,30.450000762939453,29.809999465942383,29.989999771118164,181100,19.01166343688965,0.0
BG,2003-06-13,30.040000915527344,30.059999465942383,29.649999618530273,29.950000762939453,167200,18.98630714416504,0.0
BG,2003-06-16,30.200000762939453,30.559999465942383,30.149999618530273,30.350000381469727,183500,19.239871978759766,0.0
BG,2003-06-17,30.350000381469727,30.479999542236328,30.06999969482422,30.280000686645508,258200,19.195499420166016,0.0
BG,2003-06-18,30.25,30.280000686645508,30.030000686645508,30.049999237060547,265100,19.049697875976562,0.0
BG,2003-06-19,30.0,30.0,28.700000762939453,29.149999618530273,1119900,18.479148864746094,0.0
BG,2003-06-20,29.139999389648438,29.31999969482422,28.790000915527344,29.0,286100,18.384065628051758,0.0
BG,2003-06-23,29.0,29.0,28.530000686645508,28.65999984741211,154000,18.168529510498047,0.0
BG,2003-06-24,28.649999618530273,29.200000762939453,28.610000610351562,29.0,405800,18.384065628051758,0.0
BG,2003-06-25,29.0,29.229999542236328,28.799999237060547,29.049999237060547,321800,18.41576385498047,0.0
BG,2003-06-26,29.049999237060547,29.110000610351562,28.770000457763672,28.969999313354492,263400,18.36504554748535,0.0
BG,2003-06-27,28.950000762939453,29.100000381469727,28.760000228881836,28.8799991607666,198100,18.30799674987793,0.0
BG,2003-06-30,28.75,28.75,28.40999984741211,28.600000381469727,395000,18.130495071411133,0.0
BG,2003-07-01,28.549999237060547,29.010000228881836,28.200000762939453,28.93000030517578,225000,18.33969497680664,0.0
BG,2003-07-02,29.049999237060547,29.450000762939453,28.780000686645508,29.100000381469727,298700,18.44745445251465,0.0
BG,2003-07-03,28.950000762939453,29.200000762939453,28.920000076293945,29.09000015258789,88500,18.441125869750977,0.0
BG,2003-07-07,29.200000762939453,29.309999465942383,29.09000015258789,29.110000610351562,267400,18.453800201416016,0.0
BG,2003-07-08,28.950000762939453,29.229999542236328,28.850000381469727,29.229999542236328,226700,18.529870986938477,0.0
BG,2003-07-09,29.15999984741211,29.260000228881836,28.979999542236328,29.1299991607666,197900,18.466474533081055,0.0
BG,2003-07-10,29.1299991607666,29.1299991607666,28.899999618530273,29.09000015258789,96500,18.441125869750977,0.0
BG,2003-07-11,29.049999237060547,29.200000762939453,28.850000381469727,29.040000915527344,111700,18.409425735473633,0.0
BG,2003-07-14,29.079999923706055,29.440000534057617,28.899999618530273,28.950000762939453,191400,18.35237693786621,0.0
BG,2003-07-15,29.760000228881836,30.200000762939453,29.459999084472656,30.18000030517578,1134500,19.132112503051758,0.0
BG,2003-07-16,30.100000381469727,30.299999237060547,29.850000381469727,30.25,544200,19.176485061645508,0.0
BG,2003-07-17,30.25,30.299999237060547,30.06999969482422,30.200000762939453,332300,19.144792556762695,0.0
BG,2003-07-18,30.450000762939453,30.59000015258789,30.25,30.520000457763672,352300,19.347646713256836,0.0
BG,2003-07-21,30.399999618530273,30.56999969482422,30.290000915527344,30.299999237060547,693900,19.20818328857422,0.0
BG,2003-07-22,30.700000762939453,30.75,30.520000457763672,30.600000381469727,350900,19.398359298706055,0.0
BG,2003-07-23,30.649999618530273,30.780000686645508,30.540000915527344,30.600000381469727,242000,19.398359298706055,0.0
BG,2003-07-24,30.549999237060547,30.549999237060547,30.31999969482422,30.360000610351562,283000,19.246212005615234,0.0
BG,2003-07-25,30.299999237060547,30.489999771118164,30.15999984741211,30.420000076293945,151200,19.28425407409668,0.0
BG,2003-07-28,30.5,30.549999237060547,30.110000610351562,30.239999771118164,164300,19.170146942138672,0.0
BG,2003-07-29,30.530000686645508,30.530000686645508,30.25,30.25,247200,19.176485061645508,0.0
BG,2003-07-30,30.299999237060547,30.3799991607666,29.889999389648438,29.969999313354492,191000,18.998979568481445,0.0
BG,2003-07-31,30.0,30.139999389648438,29.8700008392334,29.950000762939453,151400,18.98630714416504,0.0
BG,2003-08-01,29.760000228881836,29.770000457763672,29.049999237060547,29.239999771118164,400200,18.536211013793945,0.0
BG,2003-08-04,29.149999618530273,29.309999465942383,28.770000457763672,28.920000076293945,275500,18.333356857299805,0.0
BG,2003-08-05,28.950000762939453,29.0,28.75,28.84000015258789,217500,18.282636642456055,0.0
BG,2003-08-06,28.84000015258789,28.93000030517578,28.600000381469727,28.809999465942383,94500,18.263612747192383,0.0
BG,2003-08-07,28.649999618530273,28.899999618530273,28.329999923706055,28.84000015258789,301300,18.282636642456055,0.0
BG,2003-08-08,28.950000762939453,29.149999618530273,28.739999771118164,28.809999465942383,178200,18.263612747192383,0.0
BG,2003-08-11,28.899999618530273,28.979999542236328,28.440000534057617,28.68000030517578,161600,18.18121337890625,0.0
BG,2003-08-12,28.549999237060547,28.81999969482422,28.5,28.729999542236328,283900,18.212902069091797,0.0
BG,2003-08-13,28.850000381469727,28.979999542236328,28.6299991607666,28.829999923706055,191300,18.34653663635254,0.11
BG,2003-08-14,28.799999237060547,29.0,28.459999084472656,28.979999542236328,142700,18.442001342773438,0.0
BG,2003-08-15,28.979999542236328,29.25,28.959999084472656,29.1200008392334,60000,18.531089782714844,0.0
BG,2003-08-18,28.969999313354492,29.209999084472656,28.8700008392334,29.010000228881836,200000,18.46109390258789,0.0
BG,2003-08-19,29.0,29.5,29.0,29.469999313354492,255300,18.75382423400879,0.0
BG,2003-08-20,29.469999313354492,29.670000076293945,29.360000610351562,29.520000457763672,637100,18.7856388092041,0.0
BG,2003-08-21,29.799999237060547,29.799999237060547,29.440000534057617,29.5,453500,18.77291488647461,0.0
BG,2003-08-22,29.549999237060547,29.6200008392334,29.34000015258789,29.450000762939453,411800,18.7410945892334,0.0
BG,2003-08-25,29.399999618530273,29.959999084472656,29.329999923706055,29.850000381469727,249700,18.99564552307129,0.0
BG,2003-08-26,29.940000534057617,29.940000534057617,29.5,29.829999923706055,337000,18.98291778564453,0.0
BG,2003-08-27,29.780000686645508,30.049999237060547,29.579999923706055,30.049999237060547,234600,19.12291145324707,0.0
BG,2003-08-28,30.049999237060547,30.34000015258789,29.850000381469727,30.020000457763672,424400,19.103818893432617,0.0
BG,2003-08-29,30.100000381469727,30.34000015258789,30.09000015258789,30.260000228881836,251500,19.256547927856445,0.0
BG,2003-09-02,30.450000762939453,30.479999542236328,30.239999771118164,30.420000076293945,404000,19.35837173461914,0.0
BG,2003-09-03,30.479999542236328,30.600000381469727,30.34000015258789,30.420000076293945,307300,19.35837173461914,0.0
BG,2003-09-04,30.399999618530273,30.600000381469727,30.139999389648438,30.420000076293945,404600,19.35837173461914,0.0
BG,2003-09-05,30.420000076293945,30.56999969482422,30.420000076293945,30.469999313354492,279000,19.39019203186035,0.0
BG,2003-09-08,30.420000076293945,31.1299991607666,30.420000076293945,30.899999618530273,338700,19.66382598876953,0.0
BG,2003-09-09,31.0,31.040000915527344,30.809999465942383,30.950000762939453,457600,19.69564437866211,0.0
BG,2003-09-10,30.799999237060547,30.809999465942383,30.31999969482422,30.5,303200,19.40928077697754,0.0
BG,2003-09-11,30.350000381469727,30.899999618530273,30.350000381469727,30.790000915527344,295300,19.593828201293945,0.0
BG,2003-09-12,30.700000762939453,30.700000762939453,30.25,30.350000381469727,343800,19.313819885253906,0.0
BG,2003-09-15,30.350000381469727,30.350000381469727,29.8700008392334,30.110000610351562,382900,19.16109848022461,0.0
BG,2003-09-16,28.5,28.950000762939453,27.0,27.3700008392334,4699700,17.41744041442871,0.0
BG,2003-09-17,27.350000381469727,28.149999618530273,27.350000381469727,27.510000228881836,1681100,17.506526947021484,0.0
BG,2003-09-18,27.75,28.059999465942383,27.510000228881836,27.979999542236328,962600,17.805625915527344,0.0
BG,2003-09-19,28.0,28.15999984741211,27.940000534057617,28.1299991607666,690600,17.90108299255371,0.0
BG,2003-09-22,27.799999237060547,27.81999969482422,27.420000076293945,27.520000457763672,1051300,17.51289939880371,0.0
BG,2003-09-23,27.520000457763672,28.280000686645508,27.520000457763672,27.899999618530273,422300,17.754714965820312,0.0
BG,2003-09-24,27.940000534057617,28.100000381469727,27.610000610351562,27.790000915527344,485500,17.68471336364746,0.0
BG,2003-09-25,27.700000762939453,27.739999771118164,27.510000228881836,27.549999237060547,357000,17.531984329223633,0.0
BG,2003-09-26,27.559999465942383,27.6299991607666,27.360000610351562,27.469999313354492,247900,17.481082916259766,0.0
BG,2003-09-29,27.479999542236328,27.700000762939453,27.399999618530273,27.6299991607666,363600,17.582897186279297,0.0
BG,2003-09-30,27.700000762939453,27.780000686645508,27.3799991607666,27.5,369000,17.50016975402832,0.0
BG,2003-10-01,27.600000381469727,27.809999465942383,27.540000915527344,27.700000762939453,267400,17.62744903564453,0.0
BG,2003-10-02,27.8799991607666,28.18000030517578,27.690000534057617,28.18000030517578,356300,17.932897567749023,0.0
BG,2003-10-03,28.18000030517578,28.25,27.950000762939453,28.0,430100,17.8183536529541,0.0
BG,2003-10-06,27.950000762939453,28.010000228881836,27.600000381469727,27.75,606900,17.659263610839844,0.0
BG,2003-10-07,27.520000457763672,27.989999771118164,27.510000228881836,27.81999969482422,232700,17.703807830810547,0.0
BG,2003-10-08,28.0,28.0,27.6200008392334,27.899999618530273,253700,17.754714965820312,0.0
BG,2003-10-09,27.899999618530273,28.1200008392334,27.829999923706055,28.049999237060547,276400,17.850170135498047,0.0
BG,2003-10-10,28.049999237060547,28.149999618530273,27.649999618530273,27.700000762939453,419700,17.62744903564453,0.0
BG,2003-10-13,28.0,28.040000915527344,27.700000762939453,27.700000762939453,405100,17.62744903564453,0.0
BG,2003-10-14,27.700000762939453,27.809999465942383,27.399999618530273,27.670000076293945,673800,17.608354568481445,0.0
BG,2003-10-15,27.860000610351562,28.040000915527344,27.790000915527344,27.989999771118164,509400,17.811994552612305,0.0
BG,2003-10-16,28.1200008392334,28.149999618530273,27.8700008392334,27.899999618530273,447600,17.754714965820312,0.0
BG,2003-10-17,27.899999618530273,27.940000534057617,27.809999465942383,27.850000381469727,262700,17.722900390625,0.0
BG,2003-10-20,27.81999969482422,28.0,27.75,27.850000381469727,316900,17.722900390625,0.0
BG,2003-10-21,27.75,27.90999984741211,27.75,27.81999969482422,232400,17.703807830810547,0.0
BG,2003-10-22,27.81999969482422,27.8799991607666,27.700000762939453,27.700000762939453,146400,17.62744903564453,0.0
BG,2003-10-23,27.549999237060547,27.739999771118164,27.510000228881836,27.649999618530273,296000,17.59562873840332,0.0
BG,2003-10-24,27.600000381469727,27.75,27.469999313354492,27.700000762939453,358800,17.62744903564453,0.0
BG,2003-10-27,27.600000381469727,27.8700008392334,27.520000457763672,27.610000610351562,264000,17.57017707824707,0.0
BG,2003-10-28,27.729999542236328,27.75,27.350000381469727,27.579999923706055,268700,17.55108642578125,0.0
BG,2003-10-29,27.5,27.68000030517578,27.260000228881836,27.399999618530273,662200,17.43653678894043,0.0
BG,2003-10-30,27.399999618530273,27.799999237060547,27.270000457763672,27.450000762939453,1144900,17.468355178833008,0.0
BG,2003-10-31,27.399999618530273,27.549999237060547,26.90999984741211,27.100000381469727,1140900,17.245620727539062,0.0
BG,2003-11-03,27.049999237060547,27.09000015258789,26.90999984741211,27.059999465942383,428600,17.22016716003418,0.0
BG,2003-11-04,27.049999237060547,27.09000015258789,26.549999237060547,26.600000381469727,709000,16.927438735961914,0.0
BG,2003-11-05,26.649999618530273,26.75,26.110000610351562,26.290000915527344,973600,16.730161666870117,0.0
BG,2003-11-06,26.5,26.600000381469727,26.299999237060547,26.530000686645508,493100,16.882890701293945,0.0
BG,2003-11-07,26.780000686645508,26.90999984741211,26.690000534057617,26.75,873200,17.022890090942383,0.0
BG,2003-11-10,26.950000762939453,27.06999969482422,26.670000076293945,26.8700008392334,460700,17.09925651550293,0.0
BG,2003-11-11,26.81999969482422,27.260000228881836,26.81999969482422,27.229999542236328,283300,17.328351974487305,0.0
BG,2003-11-12,27.049999237060547,27.190000534057617,26.950000762939453,27.0,327200,17.251684188842773,0.11
BG,2003-11-13,27.0,27.40999984741211,26.790000915527344,27.290000915527344,457600,17.43697738647461,0.0
BG,2003-11-14,27.299999237060547,27.600000381469727,27.290000915527344,27.5,345000,17.571149826049805,0.0
BG,2003-11-17,27.649999618530273,27.649999618530273,27.149999618530273,27.3700008392334,285900,17.48809051513672,0.0
BG,2003-11-18,27.360000610351562,27.489999771118164,27.260000228881836,27.3799991607666,128500,17.494474411010742,0.0
BG,2003-11-19,27.280000686645508,27.280000686645508,26.8700008392334,26.899999618530273,245400,17.187782287597656,0.0
BG,2003-11-20,26.899999618530273,27.079999923706055,26.760000228881836,27.0,259200,17.251684188842773,0.0
BG,2003-11-21,26.950000762939453,27.299999237060547,26.950000762939453,27.040000915527344,203700,17.277238845825195,0.0
BG,2003-11-24,27.0,27.200000762939453,26.8799991607666,27.079999923706055,296400,17.302793502807617,0.0
BG,2003-11-25,27.649999618530273,28.399999618530273,27.649999618530273,28.200000762939453,1065900,18.018423080444336,0.0
BG,2003-11-26,28.350000381469727,28.530000686645508,28.200000762939453,28.440000534057617,492800,18.171768188476562,0.0
BG,2003-11-28,28.399999618530273,28.489999771118164,28.329999923706055,28.479999542236328,88400,18.19732093811035,0.0
BG,2003-12-01,28.479999542236328,28.81999969482422,28.479999542236328,28.600000381469727,358000,18.273996353149414,0.0
BG,2003-12-02,28.6299991607666,28.639999389648438,28.1200008392334,28.299999237060547,292700,18.08230972290039,0.0
BG,2003-12-03,28.280000686645508,28.520000457763672,28.25,28.34000015258789,245500,18.10787010192871,0.0
BG,2003-12-04,28.399999618530273,28.6200008392334,28.149999618530273,28.270000457763672,560100,18.063148498535156,0.0
BG,2003-12-05,29.100000381469727,29.5,28.81999969482422,29.399999618530273,1039700,18.785154342651367,0.0
BG,2003-12-08,29.399999618530273,30.059999465942383,29.399999618530273,29.899999618530273,756300,19.104633331298828,0.0
BG,2003-12-09,30.040000915527344,30.450000762939453,30.0,30.350000381469727,807900,19.39215660095215,0.0
BG,2003-12-10,30.260000228881836,30.450000762939453,30.149999618530273,30.440000534057617,696500,19.449661254882812,0.0
BG,2003-12-11,30.31999969482422,30.450000762939453,30.18000030517578,30.309999465942383,565600,19.366600036621094,0.0
BG,2003-12-12,30.399999618530273,30.969999313354492,30.25,30.899999618530273,895500,19.74358367919922,0.0
BG,2003-12-15,31.0,31.649999618530273,30.989999771118164,31.299999237060547,1256800,19.99916648864746,0.0
BG,2003-12-16,31.3799991607666,31.56999969482422,30.850000381469727,31.149999618530273,361800,19.9033260345459,0.0
BG,2003-12-17,31.149999618530273,31.34000015258789,31.059999465942383,31.229999542236328,345300,19.954439163208008,0.0
BG,2003-12-18,31.0,31.6299991607666,31.0,31.5,568900,20.126951217651367,0.0
BG,2003-12-19,31.5,31.549999237060547,31.31999969482422,31.530000686645508,317400,20.146121978759766,0.0
BG,2003-12-22,31.399999618530273,31.68000030517578,31.3799991607666,31.6200008392334,556800,20.203628540039062,0.0
BG,2003-12-23,31.649999618530273,32.20000076293945,31.649999618530273,32.099998474121094,566900,20.51032829284668,0.0
BG,2003-12-24,32.099998474121094,33.099998474121094,32.099998474121094,33.0,722100,21.08538246154785,0.0
BG,2003-12-26,33.150001525878906,33.38999938964844,32.869998931884766,32.88999938964844,239100,21.015094757080078,0.0
BG,2003-12-29,32.95000076293945,33.0,32.59000015258789,32.84000015258789,345000,20.98314666748047,0.0
BG,2003-12-30,32.84000015258789,32.9900016784668,32.779998779296875,32.91999816894531,208000,21.034257888793945,0.0
BG,2003-12-31,32.93000030517578,32.9900016784668,32.880001068115234,32.91999816894531,165600,21.034257888793945,0.0
BG,2004-01-02,32.97999954223633,33.18000030517578,32.84000015258789,32.9900016784668,238500,21.078994750976562,0.0
BG,2004-01-05,33.45000076293945,33.4900016784668,33.29999923706055,33.349998474121094,366000,21.309019088745117,0.0
BG,2004-01-06,33.36000061035156,33.36000061035156,32.97999954223633,33.18000030517578,220500,21.200393676757812,0.0
BG,2004-01-07,33.25,33.790000915527344,33.13999938964844,33.630001068115234,846100,21.487926483154297,0.0
BG,2004-01-08,33.79999923706055,34.59000015258789,33.650001525878906,34.439998626708984,882200,22.00546646118164,0.0
BG,2004-01-09,34.349998474121094,34.439998626708984,34.04999923706055,34.150001525878906,592100,21.82017707824707,0.0
BG,2004-01-12,34.150001525878906,34.18000030517578,33.29999923706055,33.79999923706055,214600,21.596548080444336,0.0
BG,2004-01-13,33.61000061035156,33.95000076293945,33.5099983215332,33.75,203800,21.56459617614746,0.0
BG,2004-01-14,33.75,33.75,33.220001220703125,33.68000030517578,209500,21.519874572753906,0.0
BG,2004-01-15,33.75,34.08000183105469,33.599998474121094,33.91999816894531,370000,21.673229217529297,0.0
BG,2004-01-16,34.150001525878906,34.150001525878906,33.7400016784668,33.81999969482422,252800,21.60932731628418,0.0
BG,2004-01-20,33.849998474121094,34.099998474121094,33.810001373291016,34.09000015258789,197400,21.781835556030273,0.0
BG,2004-01-21,34.099998474121094,34.34000015258789,33.900001525878906,34.34000015258789,250200,21.941570281982422,0.0
BG,2004-01-22,34.400001525878906,34.400001525878906,33.91999816894531,34.040000915527344,191700,21.74989128112793,0.0
BG,2004-01-23,34.13999938964844,34.20000076293945,33.720001220703125,34.0,282100,21.724340438842773,0.0
BG,2004-01-26,34.02000045776367,34.599998474121094,33.880001068115234,34.56999969482422,382400,22.088539123535156,0.0
BG,2004-01-27,34.599998474121094,35.04999923706055,34.27000045776367,35.02000045776367,433000,22.376056671142578,0.0
BG,2004-01-28,34.79999923706055,35.75,34.75,35.34000015258789,728800,22.58052635192871,0.0
BG,2004-01-29,35.33000183105469,35.33000183105469,34.25,34.45000076293945,329800,22.01186180114746,0.0
BG,2004-01-30,34.349998474121094,34.43000030517578,33.75,34.20000076293945,326900,21.85211753845215,0.0
BG,2004-02-02,34.400001525878906,34.400001525878906,33.2599983215332,33.29999923706055,837800,21.27706527709961,0.0
BG,2004-02-03,35.0,36.41999816894531,34.04999923706055,36.04999923706055,2774100,23.034183502197266,0.0
BG,2004-02-04,36.04999923706055,36.970001220703125,35.650001525878906,36.56999969482422,1175500,23.36642837524414,0.0
BG,2004-02-05,36.650001525878906,37.29999923706055,36.150001525878906,36.84000015258789,830600,23.538965225219727,0.0
BG,2004-02-06,36.79999923706055,37.599998474121094,36.599998474121094,37.290000915527344,686400,23.826488494873047,0.0
BG,2004-02-09,37.650001525878906,37.880001068115234,37.38999938964844,37.5,548800,23.96065902709961,0.0
BG,2004-02-10,37.599998474121094,37.599998474121094,36.650001525878906,36.77000045776367,705800,23.494237899780273,0.0
BG,2004-02-11,36.86000061035156,36.9900016784668,36.72999954223633,36.90999984741211,333400,23.654443740844727,0.11
BG,2004-02-12,36.90999984741211,37.220001220703125,36.720001220703125,37.060001373291016,271800,23.750579833984375,0.0
BG,2004-02-13,37.0099983215332,37.15999984741211,36.689998626708984,36.900001525878906,282600,23.648035049438477,0.0
BG,2004-02-17,36.79999923706055,37.88999938964844,36.75,37.59000015258789,747900,24.090242385864258,0.0
BG,2004-02-18,37.84000015258789,38.0,37.7599983215332,37.77000045776367,717700,24.20559310913086,0.0
BG,2004-02-19,37.95000076293945,38.20000076293945,37.939998626708984,38.11000061035156,407000,24.423490524291992,0.0
BG,2004-02-20,38.060001373291016,38.2400016784668,37.63999938964844,37.79999923706055,639700,24.22479820251465,0.0
BG,2004-02-23,37.599998474121094,38.029998779296875,37.529998779296875,37.63999938964844,447100,24.122285842895508,0.0
BG,2004-02-24,37.849998474121094,37.849998474121094,37.18000030517578,37.18000030517578,439900,23.827484130859375,0.0
BG,2004-02-25,37.29999923706055,37.97999954223633,37.0,37.849998474121094,442100,24.256864547729492,0.0
BG,2004-02-26,37.95000076293945,38.709999084472656,37.91999816894531,38.400001525878906,587000,24.609338760375977,0.0
BG,2004-02-27,39.0,39.13999938964844,38.77000045776367,39.04999923706055,369700,25.025897979736328,0.0
BG,2004-03-01,39.04999923706055,40.09000015258789,39.04999923706055,39.900001525878906,570100,25.570646286010742,0.0
BG,2004-03-02,40.0,40.0,39.25,39.34000015258789,249800,25.21175193786621,0.0
BG,2004-03-03,39.34000015258789,39.34000015258789,38.59000015258789,39.0,621000,24.993867874145508,0.0
BG,2004-03-04,39.04999923706055,39.209999084472656,38.70000076293945,38.70000076293945,237600,24.801597595214844,0.0
BG,2004-03-05,38.5,39.459999084472656,38.400001525878906,39.34000015258789,654400,25.21175193786621,0.0
BG,2004-03-08,39.349998474121094,39.95000076293945,39.349998474121094,39.560001373291016,409900,25.352745056152344,0.0
BG,2004-03-09,39.54999923706055,39.560001373291016,39.06999969482422,39.11000061035156,678600,25.06435775756836,0.0
BG,2004-03-10,39.119998931884766,39.349998474121094,38.970001220703125,38.97999954223633,649900,24.981046676635742,0.0
BG,2004-03-11,37.75,38.84000015258789,37.54999923706055,38.560001373291016,753100,24.711875915527344,0.0
BG,2004-03-12,38.599998474121094,39.650001525878906,38.41999816894531,39.20000076293945,506500,25.122039794921875,0.0
BG,2004-03-15,39.099998474121094,39.45000076293945,39.02000045776367,39.209999084472656,468700,25.12843132019043,0.0
BG,2004-03-16,39.04999923706055,39.150001525878906,38.349998474121094,38.369998931884766,527500,24.590103149414062,0.0
BG,2004-03-17,38.400001525878906,38.900001525878906,38.220001220703125,38.7400016784668,341700,24.827241897583008,0.0
BG,2004-03-18,38.95000076293945,39.529998779296875,38.75,39.5099983215332,589900,25.320697784423828,0.0
BG,2004-03-19,39.5,39.88999938964844,39.25,39.45000076293945,286000,25.28224754333496,0.0
BG,2004-03-22,39.25,39.2599983215332,38.68000030517578,38.70000076293945,457600,24.801597595214844,0.0
BG,2004-03-23,38.75,39.5,38.59000015258789,38.77000045776367,840600,24.84646987915039,0.0
BG,2004-03-24,38.970001220703125,39.11000061035156,38.5099983215332,38.81999969482422,304000,24.87849998474121,0.0
BG,2004-03-25,38.75,38.93000030517578,38.650001525878906,38.72999954223633,157600,24.820823669433594,0.0
BG,2004-03-26,38.72999954223633,38.90999984741211,38.5099983215332,38.54999923706055,169000,24.705467224121094,0.0
BG,2004-03-29,38.75,39.4900016784668,38.689998626708984,39.25,409400,25.154088973999023,0.0
BG,2004-03-30,39.400001525878906,39.9900016784668,39.25,39.900001525878906,363400,25.570646286010742,0.0
BG,2004-03-31,39.900001525878906,40.349998474121094,39.560001373291016,40.220001220703125,435000,25.775726318359375,0.0
BG,2004-04-01,40.150001525878906,41.279998779296875,40.150001525878906,41.0,774700,26.27558135986328,0.0
BG,2004-04-02,41.0,41.25,40.529998779296875,40.599998474121094,569000,26.019245147705078,0.0
BG,2004-04-05,40.5,41.43000030517578,40.400001525878906,40.959999084472656,377600,26.249961853027344,0.0
BG,2004-04-06,40.970001220703125,41.16999816894531,40.4900016784668,40.97999954223633,602600,26.26279067993164,0.0
BG,2004-04-07,41.040000915527344,41.36000061035156,41.0,41.27000045776367,453300,26.448631286621094,0.0
BG,2004-04-08,41.220001220703125,41.27000045776367,40.40999984741211,40.59000015258789,442100,26.012849807739258,0.0
BG,2004-04-12,40.560001373291016,40.93000030517578,40.560001373291016,40.790000915527344,219300,26.14100456237793,0.0
BG,2004-04-13,40.70000076293945,40.79999923706055,40.2599983215332,40.5099983215332,475400,25.9615478515625,0.0
BG,2004-04-14,40.06999969482422,40.06999969482422,39.7400016784668,39.91999816894531,740900,25.583467483520508,0.0
BG,2004-04-15,39.79999923706055,39.880001068115234,39.54999923706055,39.65999984741211,479000,25.416831970214844,0.0
BG,2004-04-16,39.65999984741211,39.709999084472656,39.54999923706055,39.61000061035156,585800,25.384796142578125,0.0
BG,2004-04-19,39.099998474121094,39.54999923706055,39.06999969482422,39.349998474121094,590900,25.218156814575195,0.0
BG,2004-04-20,39.54999923706055,39.790000915527344,39.36000061035156,39.4900016784668,278500,25.30788230895996,0.0
BG,2004-04-21,39.650001525878906,39.7400016784668,39.27000045776367,39.27000045776367,327000,25.166902542114258,0.0
BG,2004-04-22,39.279998779296875,39.31999969482422,38.68000030517578,38.849998474121094,649400,24.897724151611328,0.0
BG,2004-04-23,39.0,39.20000076293945,38.5,38.86000061035156,579900,24.904136657714844,0.0
BG,2004-04-26,38.86000061035156,38.95000076293945,38.459999084472656,38.5,558400,24.673431396484375,0.0
BG,2004-04-27,38.54999923706055,38.560001373291016,36.279998779296875,36.560001373291016,1683300,23.43013572692871,0.0
BG,2004-04-28,37.0,37.470001220703125,36.470001220703125,36.619998931884766,1112100,23.468584060668945,0.0
BG,2004-04-29,37.20000076293945,37.20000076293945,35.189998626708984,35.939998626708984,1838700,23.032804489135742,0.0
BG,2004-04-30,36.400001525878906,37.16999816894531,35.9900016784668,37.04999923706055,884300,23.744163513183594,0.0
BG,2004-05-03,37.25,37.29999923706055,36.29999923706055,36.34000015258789,805200,23.28915023803711,0.0
BG,2004-05-04,36.59000015258789,36.779998779296875,36.290000915527344,36.400001525878906,466500,23.32760238647461,0.0
BG,2004-05-05,36.5,36.52000045776367,36.06999969482422,36.380001068115234,269900,23.31478500366211,0.0
BG,2004-05-06,36.25,36.25,35.790000915527344,35.95000076293945,474300,23.039209365844727,0.0
BG,2004-05-07,35.959999084472656,36.27000045776367,35.060001373291016,35.27000045776367,641200,22.603410720825195,0.0
BG,2004-05-10,35.029998779296875,35.029998779296875,34.13999938964844,34.13999938964844,637200,21.879241943359375,0.0
BG,2004-05-11,34.150001525878906,35.599998474121094,34.040000915527344,35.27000045776367,805400,22.603410720825195,0.0
BG,2004-05-12,35.43000030517578,35.43000030517578,34.7599983215332,35.209999084472656,533800,22.56497573852539,0.0
BG,2004-05-13,35.209999084472656,35.2599983215332,35.04999923706055,35.20000076293945,826200,22.629261016845703,0.11
BG,2004-05-14,35.20000076293945,35.29999923706055,34.54999923706055,34.91999816894531,804000,22.449247360229492,0.0
BG,2004-05-17,34.66999816894531,34.79999923706055,34.31999969482422,34.31999969482422,535800,22.06352424621582,0.0
BG,2004-05-18,34.54999923706055,34.54999923706055,34.029998779296875,34.09000015258789,627700,21.915672302246094,0.0
BG,2004-05-19,34.29999923706055,34.65999984741211,34.18000030517578,34.290000915527344,950000,22.044239044189453,0.0
BG,2004-05-20,34.290000915527344,34.43000030517578,33.93000030517578,34.20000076293945,596300,21.986377716064453,0.0
BG,2004-05-21,34.29999923706055,34.529998779296875,34.13999938964844,34.22999954223633,459400,22.005674362182617,0.0
BG,2004-05-24,34.2400016784668,34.29999923706055,33.939998626708984,34.06999969482422,622900,21.902807235717773,0.0
BG,2004-05-25,34.15999984741211,35.5,34.150001525878906,35.4900016784668,1050000,22.81568717956543,0.0
BG,2004-05-26,35.54999923706055,37.0,35.54999923706055,36.5,3560200,23.464988708496094,0.0
BG,2004-05-27,36.880001068115234,37.13999938964844,35.97999954223633,36.29999923706055,1267700,23.33642578125,0.0
BG,2004-05-28,36.75,37.20000076293945,36.41999816894531,37.13999938964844,810000,23.87643814086914,0.0
BG,2004-06-01,36.900001525878906,37.119998931884766,36.849998474121094,37.0,529600,23.786428451538086,0.0
BG,2004-06-02,37.20000076293945,37.459999084472656,37.0,37.119998931884766,689300,23.863576889038086,0.0
BG,2004-06-03,37.04999923706055,37.04999923706055,36.459999084472656,36.459999084472656,457300,23.43927764892578,0.0
BG,2004-06-04,36.849998474121094,36.849998474121094,36.5099983215332,36.529998779296875,310000,23.484277725219727,0.0
BG,2004-06-07,36.52000045776367,37.189998626708984,36.5,37.060001373291016,695300,23.82501220703125,0.0
BG,2004-06-08,37.099998474121094,37.150001525878906,36.810001373291016,36.95000076293945,213600,23.754295349121094,0.0
BG,2004-06-09,36.95000076293945,36.97999954223633,36.58000183105469,36.650001525878906,511500,23.561424255371094,0.0
BG,2004-06-10,36.65999984741211,36.81999969482422,36.52000045776367,36.81999969482422,366700,23.67072296142578,0.0
BG,2004-06-14,36.79999923706055,37.45000076293945,36.79999923706055,37.41999816894531,871800,24.056446075439453,0.0
BG,2004-06-15,37.29999923706055,37.29999923706055,36.58000183105469,36.97999954223633,636700,23.77358055114746,0.0
BG,2004-06-16,36.900001525878906,37.0,35.560001373291016,35.97999954223633,854200,23.130699157714844,0.0
BG,2004-06-17,35.849998474121094,37.060001373291016,35.790000915527344,36.779998779296875,925600,23.64499855041504,0.0
BG,2004-06-18,36.900001525878906,37.560001373291016,36.880001068115234,37.439998626708984,550000,24.069292068481445,0.0
BG,2004-06-21,37.58000183105469,37.58000183105469,37.0,37.08000183105469,282000,23.837867736816406,0.0
BG,2004-06-22,37.20000076293945,37.75,37.0099983215332,37.709999084472656,387100,24.24287223815918,0.0
BG,2004-06-23,37.75,38.18000030517578,37.75,38.13999938964844,517000,24.519311904907227,0.0
BG,2004-06-24,38.25,38.9900016784668,38.25,38.81999969482422,1162200,24.956470489501953,0.0
BG,2004-06-25,39.099998474121094,39.29999923706055,38.91999816894531,39.11000061035156,760600,25.14290428161621,0.0
BG,2004-06-28,39.45000076293945,39.5,38.36000061035156,38.58000183105469,412900,24.80219268798828,0.0
BG,2004-06-29,38.58000183105469,38.58000183105469,38.060001373291016,38.20000076293945,531900,24.557876586914062,0.0
BG,2004-06-30,38.4900016784668,39.08000183105469,38.41999816894531,38.939998626708984,567100,25.03361701965332,0.0
BG,2004-07-01,38.84000015258789,38.84000015258789,38.04999923706055,38.52000045776367,397000,24.763608932495117,0.0
BG,2004-07-02,38.5,38.88999938964844,38.400001525878906,38.65999984741211,333900,24.853607177734375,0.0
BG,2004-07-06,38.70000076293945,39.72999954223633,38.650001525878906,39.54999923706055,513900,25.42576789855957,0.0
BG,2004-07-07,39.529998779296875,39.529998779296875,39.150001525878906,39.4900016784668,421100,25.38719367980957,0.0
BG,2004-07-08,39.4900016784668,39.58000183105469,39.150001525878906,39.40999984741211,614000,25.335769653320312,0.0
BG,2004-07-09,39.47999954223633,39.47999954223633,39.130001068115234,39.209999084472656,191400,25.207185745239258,0.0
BG,2004-07-12,39.150001525878906,39.2400016784668,38.54999923706055,39.15999984741211,440500,25.175052642822266,0.0
BG,2004-07-13,39.2400016784668,39.2400016784668,38.70000076293945,38.869998931884766,334700,24.98861312866211,0.0
BG,2004-07-14,38.790000915527344,39.189998626708984,38.790000915527344,38.97999954223633,297600,25.059329986572266,0.0
BG,2004-07-15,39.400001525878906,39.400001525878906,39.099998474121094,39.189998626708984,492100,25.19432258605957,0.0
BG,2004-07-16,39.189998626708984,39.79999923706055,39.13999938964844,39.560001373291016,345000,25.43219757080078,0.0
BG,2004-07-19,39.70000076293945,39.7400016784668,38.70000076293945,38.79999923706055,554000,24.94361686706543,0.0
BG,2004-07-20,38.95000076293945,39.099998474121094,38.7599983215332,39.04999923706055,300600,25.104324340820312,0.0
BG,2004-07-21,39.189998626708984,39.189998626708984,38.7599983215332,39.0,421500,25.072193145751953,0.0
BG,2004-07-22,38.900001525878906,38.91999816894531,38.599998474121094,38.709999084472656,733400,24.885761260986328,0.0
BG,2004-07-23,38.9900016784668,39.38999938964844,38.5,38.650001525878906,805900,24.847183227539062,0.0
BG,2004-07-26,38.900001525878906,38.900001525878906,38.2599983215332,38.599998474121094,479700,24.815044403076172,0.0
BG,2004-07-27,38.650001525878906,38.849998474121094,37.09000015258789,37.599998474121094,835100,24.172149658203125,0.0
BG,2004-07-28,37.599998474121094,37.65999984741211,37.0,37.4900016784668,806700,24.101449966430664,0.0
BG,2004-07-29,39.5,40.560001373291016,39.150001525878906,40.38999938964844,1969600,25.965789794921875,0.0
BG,2004-07-30,40.5,40.599998474121094,39.95000076293945,40.130001068115234,900500,25.79864501953125,0.0
BG,2004-08-02,40.20000076293945,41.45000076293945,40.0099983215332,40.97999954223633,777300,26.3450984954834,0.0
BG,2004-08-03,40.900001525878906,40.900001525878906,39.95000076293945,40.0099983215332,669600,25.721498489379883,0.0
BG,2004-08-04,40.0,40.47999954223633,40.0,40.38999938964844,608300,25.965789794921875,0.0
BG,2004-08-05,40.38999938964844,40.400001525878906,40.0,40.16999816894531,486300,25.82435417175293,0.0
BG,2004-08-06,40.150001525878906,40.61000061035156,39.63999938964844,39.77000045776367,1068800,25.567203521728516,0.0
BG,2004-08-09,40.0,40.04999923706055,39.400001525878906,39.939998626708984,561900,25.676485061645508,0.0
BG,2004-08-10,39.849998474121094,40.0,39.709999084472656,39.95000076293945,450000,25.682931900024414,0.0
BG,2004-08-11,39.939998626708984,40.0,39.58000183105469,39.97999954223633,643900,25.70219612121582,0.0
BG,2004-08-12,39.75,40.0,39.560001373291016,39.81999969482422,364200,25.682859420776367,0.13
BG,2004-08-13,39.900001525878906,39.9900016784668,39.29999923706055,39.4900016784668,305300,25.470016479492188,0.0
BG,2004-08-16,39.72999954223633,39.75,39.470001220703125,39.59000015258789,674400,25.534507751464844,0.0
BG,2004-08-17,39.70000076293945,39.79999923706055,39.47999954223633,39.540000915527344,416000,25.502273559570312,0.0
BG,2004-08-18,39.5099983215332,39.779998779296875,39.29999923706055,39.779998779296875,546300,25.657047271728516,0.0
BG,2004-08-19,39.779998779296875,40.06999969482422,39.65999984741211,39.779998779296875,1240300,25.657047271728516,0.0
BG,2004-08-20,39.849998474121094,39.900001525878906,38.93000030517578,38.93000030517578,921000,25.108837127685547,0.0
BG,2004-08-23,39.18000030517578,39.66999816894531,39.15999984741211,39.29999923706055,581500,25.34746551513672,0.0
BG,2004-08-24,39.70000076293945,39.91999816894531,39.59000015258789,39.70000076293945,548100,25.605459213256836,0.0
BG,2004-08-25,39.79999923706055,39.900001525878906,39.400001525878906,39.52000045776367,427400,25.489356994628906,0.0
BG,2004-08-26,39.5099983215332,39.88999938964844,39.33000183105469,39.630001068115234,369100,25.560302734375,0.0
BG,2004-08-27,39.880001068115234,41.0,39.880001068115234,40.779998779296875,897800,26.302024841308594,0.0
BG,2004-08-30,40.9900016784668,41.0099983215332,39.970001220703125,40.02000045776367,581100,25.811845779418945,0.0
BG,2004-08-31,40.099998474121094,40.29999923706055,39.65999984741211,39.88999938964844,392100,25.728004455566406,0.0
BG,2004-09-01,39.83000183105469,40.06999969482422,39.77000045776367,39.90999984741211,202200,25.74089241027832,0.0
BG,2004-09-02,40.29999923706055,40.31999969482422,39.790000915527344,40.0,446100,25.798948287963867,0.0
BG,2004-09-03,40.0,40.0099983215332,39.41999816894531,39.7400016784668,734200,25.631258010864258,0.0
BG,2004-09-07,39.70000076293945,40.220001220703125,39.70000076293945,40.08000183105469,602900,25.850547790527344,0.0
BG,2004-09-08,40.11000061035156,40.11000061035156,39.41999816894531,39.529998779296875,309000,25.495824813842773,0.0
BG,2004-09-09,39.54999923706055,39.970001220703125,39.27000045776367,39.61000061035156,238200,25.547414779663086,0.0
BG,2004-09-10,39.61000061035156,39.61000061035156,38.900001525878906,39.0099983215332,331700,25.160430908203125,0.0
BG,2004-09-13,39.0099983215332,39.15999984741211,38.29999923706055,38.310001373291016,764300,24.708948135375977,0.0
BG,2004-09-14,38.349998474121094,38.720001220703125,37.70000076293945,38.29999923706055,712400,24.70250129699707,0.0
BG,2004-09-15,38.400001525878906,38.5,37.689998626708984,37.7400016784668,353100,24.341323852539062,0.0
BG,2004-09-16,37.70000076293945,37.709999084472656,36.81999969482422,36.959999084472656,1807300,23.838226318359375,0.0
BG,2004-09-17,37.099998474121094,38.290000915527344,37.099998474121094,38.06999969482422,726500,24.554147720336914,0.0
BG,2004-09-20,38.04999923706055,38.349998474121094,37.5099983215332,38.06999969482422,575400,24.554147720336914,0.0
BG,2004-09-21,38.04999923706055,39.06999969482422,38.0099983215332,38.779998779296875,625800,25.012081146240234,0.0
BG,2004-09-22,38.790000915527344,39.0,38.400001525878906,38.720001220703125,707300,24.973377227783203,0.0
BG,2004-09-23,38.79999923706055,38.79999923706055,38.099998474121094,38.099998474121094,423400,24.573495864868164,0.0
BG,2004-09-24,38.54999923706055,39.029998779296875,38.41999816894531,39.0,621500,25.15397834777832,0.0
BG,2004-09-27,39.150001525878906,39.95000076293945,39.099998474121094,39.20000076293945,855200,25.282976150512695,0.0
BG,2004-09-28,39.25,39.439998626708984,39.040000915527344,39.2599983215332,557900,25.321666717529297,0.0
BG,2004-09-29,39.349998474121094,39.650001525878906,39.25,39.41999816894531,377600,25.42487335205078,0.0
BG,2004-09-30,39.70000076293945,40.150001525878906,39.5099983215332,39.97999954223633,450700,25.786048889160156,0.0
BG,2004-10-01,39.72999954223633,39.7400016784668,38.68000030517578,38.79999923706055,1212900,25.02498435974121,0.0
BG,2004-10-04,39.5,39.5,38.90999984741211,39.04999923706055,581700,25.186216354370117,0.0
BG,2004-10-05,39.29999923706055,39.349998474121094,38.95000076293945,39.0099983215332,431000,25.160430908203125,0.0
BG,2004-10-06,39.5099983215332,39.65999984741211,39.29999923706055,39.4900016784668,480600,25.470016479492188,0.0
BG,2004-10-07,39.650001525878906,39.81999969482422,39.45000076293945,39.779998779296875,419200,25.657047271728516,0.0
BG,2004-10-08,39.849998474121094,40.20000076293945,39.72999954223633,39.869998931884766,565600,25.715106964111328,0.0
BG,2004-10-11,40.02000045776367,40.09000015258789,39.790000915527344,39.880001068115234,319300,25.721555709838867,0.0
BG,2004-10-12,40.0,40.5,39.880001068115234,40.400001525878906,598500,26.05695152282715,0.0
BG,2004-10-13,40.47999954223633,40.47999954223633,40.0099983215332,40.099998474121094,454100,25.86344337463379,0.0
BG,2004-10-14,40.25,41.25,40.25,40.880001068115234,979900,26.36652183532715,0.0
BG,2004-10-15,41.04999923706055,42.060001373291016,40.72999954223633,41.959999084472656,1819000,27.063093185424805,0.0
BG,2004-10-18,42.349998474121094,44.25,42.220001220703125,43.45000076293945,2156900,28.02410888671875,0.0
BG,2004-10-19,43.599998474121094,43.720001220703125,42.52000045776367,43.040000915527344,854800,27.75968360900879,0.0
BG,2004-10-20,41.75,43.45000076293945,41.75,43.439998626708984,496100,28.017669677734375,0.0
BG,2004-10-21,43.68000030517578,43.880001068115234,43.310001373291016,43.880001068115234,420100,28.30144691467285,0.0
BG,2004-10-22,43.95000076293945,44.150001525878906,43.29999923706055,43.720001220703125,381800,28.198265075683594,0.0
BG,2004-10-25,43.66999816894531,43.68000030517578,42.77000045776367,43.02000045776367,459800,27.74677276611328,0.0
BG,2004-10-26,43.20000076293945,44.209999084472656,42.81999969482422,44.15999984741211,617600,28.482046127319336,0.0
BG,2004-10-27,44.060001373291016,44.060001373291016,43.5,43.52000045776367,568800,28.069265365600586,0.0
BG,2004-10-28,45.4900016784668,47.56999969482422,45.38999938964844,46.650001525878906,3361000,30.08803367614746,0.0
BG,2004-10-29,48.9900016784668,49.0,47.09000015258789,47.72999954223633,1997900,30.78459930419922,0.0
BG,2004-11-01,47.79999923706055,49.130001068115234,47.75,48.58000183105469,1245100,31.33283233642578,0.0
BG,2004-11-02,48.619998931884766,48.900001525878906,48.08000183105469,48.849998474121094,918200,31.50696563720703,0.0
BG,2004-11-03,48.849998474121094,49.150001525878906,48.529998779296875,49.0,799300,31.603721618652344,0.0
BG,2004-11-04,49.0,49.77000045776367,48.5,49.7599983215332,831600,32.09389114379883,0.0
BG,2004-11-05,50.0,50.060001373291016,49.060001373291016,49.34000015258789,813500,31.8230037689209,0.0
BG,2004-11-08,49.130001068115234,49.47999954223633,48.93000030517578,49.099998474121094,603100,31.66822052001953,0.0
BG,2004-11-09,49.0,49.349998474121094,48.689998626708984,48.77000045776367,504800,31.45537757873535,0.0
BG,2004-11-10,48.79999923706055,49.91999816894531,48.79999923706055,49.58000183105469,517000,31.977800369262695,0.0
BG,2004-11-11,49.59000015258789,49.75,48.310001373291016,48.93000030517578,747400,31.558570861816406,0.0
BG,2004-11-12,48.54999923706055,49.099998474121094,47.91999816894531,48.349998474121094,723500,31.26754379272461,0.13
BG,2004-11-15,48.349998474121094,49.16999816894531,47.900001525878906,48.97999954223633,881200,31.674968719482422,0.0
BG,2004-11-16,48.72999954223633,49.630001068115234,48.709999084472656,48.810001373291016,447900,31.565040588378906,0.0
BG,2004-11-17,48.900001525878906,49.45000076293945,48.66999816894531,48.849998474121094,349300,31.59089469909668,0.0
BG,2004-11-18,48.849998474121094,48.970001220703125,48.040000915527344,48.38999938964844,409200,31.293420791625977,0.0
BG,2004-11-19,48.189998626708984,48.84000015258789,47.380001068115234,48.599998474121094,563400,31.42922592163086,0.0
BG,2004-11-22,48.650001525878906,49.150001525878906,48.29999923706055,49.060001373291016,407500,31.72671890258789,0.0
BG,2004-11-23,49.79999923706055,51.36000061035156,49.29999923706055,51.0,1563400,32.981300354003906,0.0
BG,2004-11-24,51.599998474121094,52.630001068115234,51.279998779296875,52.290000915527344,1092000,33.815521240234375,0.0
BG,2004-11-26,52.33000183105469,52.5099983215332,51.95000076293945,52.5099983215332,235500,33.95778274536133,0.0
BG,2004-11-29,52.70000076293945,52.939998626708984,51.810001373291016,52.18000030517578,615200,33.74437713623047,0.0
BG,2004-11-30,52.22999954223633,52.7400016784668,51.72999954223633,52.720001220703125,945700,34.09358596801758,0.0
BG,2004-12-01,52.7599983215332,54.119998931884766,52.58000183105469,53.95000076293945,1129000,34.88903045654297,0.0
BG,2004-12-02,53.79999923706055,54.5,53.27000045776367,53.279998779296875,694000,34.45573043823242,0.0
BG,2004-12-03,53.5,53.97999954223633,53.06999969482422,53.290000915527344,390800,34.462223052978516,0.0
BG,2004-12-06,53.599998474121094,53.720001220703125,52.79999923706055,53.4900016784668,623500,34.591556549072266,0.0
BG,2004-12-07,53.4900016784668,53.72999954223633,52.36000061035156,52.619998931884766,515800,34.028926849365234,0.0
BG,2004-12-08,52.79999923706055,53.470001220703125,52.290000915527344,53.349998474121094,397500,34.50102233886719,0.0
BG,2004-12-09,53.349998474121094,54.040000915527344,52.90999984741211,54.029998779296875,343100,34.94077682495117,0.0
BG,2004-12-10,54.04999923706055,54.099998474121094,53.540000915527344,53.540000915527344,387700,34.62388610839844,0.0
BG,2004-12-13,55.0,55.0,53.630001068115234,54.560001373291016,787600,35.28351974487305,0.0
BG,2004-12-14,54.650001525878906,54.650001525878906,54.15999984741211,54.310001373291016,720600,35.121849060058594,0.0
BG,2004-12-15,54.380001068115234,54.900001525878906,54.119998931884766,54.86000061035156,573100,35.47751235961914,0.0
BG,2004-12-16,54.61000061035156,55.099998474121094,54.41999816894531,55.0,671500,35.56804275512695,0.0
BG,2004-12-17,55.0,55.150001525878906,54.38999938964844,55.11000061035156,513000,35.63920974731445,0.0
BG,2004-12-20,55.220001220703125,55.900001525878906,54.810001373291016,55.47999954223633,591900,35.87846755981445,0.0
BG,2004-12-21,55.900001525878906,56.279998779296875,55.529998779296875,56.15999984741211,729800,36.318199157714844,0.0
BG,2004-12-22,56.13999938964844,56.970001220703125,55.79999923706055,56.38999938964844,636900,36.466957092285156,0.0
BG,2004-12-23,56.38999938964844,56.79999923706055,56.25,56.75,514200,36.699771881103516,0.0
BG,2004-12-27,56.95000076293945,56.97999954223633,56.59000015258789,56.720001220703125,518700,36.68036651611328,0.0
BG,2004-12-28,56.34000015258789,56.68000030517578,56.27000045776367,56.68000030517578,794500,36.654510498046875,0.0
BG,2004-12-29,56.72999954223633,57.0,56.310001373291016,57.0,498900,36.861446380615234,0.0
BG,2004-12-30,57.0,57.45000076293945,56.650001525878906,57.08000183105469,258500,36.91318893432617,0.0
BG,2004-12-31,57.04999923706055,57.400001525878906,56.9900016784668,57.0099983215332,146500,36.867916107177734,0.0
BG,2005-01-03,57.0099983215332,57.18000030517578,56.33000183105469,56.97999954223633,834900,36.84850311279297,0.0
BG,2005-01-04,56.97999954223633,57.150001525878906,54.599998474121094,55.33000183105469,1163600,35.78146743774414,0.0
BG,2005-01-05,55.20000076293945,55.209999084472656,53.5,53.939998626708984,1650900,34.8825798034668,0.0
BG,2005-01-06,53.599998474121094,54.70000076293945,53.41999816894531,54.04999923706055,789200,34.95371627807617,0.0
BG,2005-01-07,54.5,56.18000030517578,54.11000061035156,55.75,981500,36.05308151245117,0.0
BG,2005-01-10,55.7599983215332,56.290000915527344,55.380001068115234,56.04999923706055,485600,36.24709701538086,0.0
BG,2005-01-11,55.79999923706055,56.0,54.849998474121094,55.119998931884766,612900,35.64564514160156,0.0
BG,2005-01-12,55.06999969482422,55.29999923706055,54.61000061035156,54.970001220703125,734500,35.54866409301758,0.0
BG,2005-01-13,55.470001220703125,55.88999938964844,55.220001220703125,55.5,398600,35.89140701293945,0.0
BG,2005-01-14,55.5,56.29999923706055,55.25,55.939998626708984,431200,36.17594909667969,0.0
BG,2005-01-18,55.7400016784668,58.099998474121094,55.599998474121094,57.75,1044800,37.346458435058594,0.0
BG,2005-01-19,57.900001525878906,57.93000030517578,56.25,56.65999984741211,893100,36.641571044921875,0.0
BG,2005-01-20,56.65999984741211,57.02000045776367,56.06999969482422,56.400001525878906,457600,36.47342300415039,0.0
BG,2005-01-21,56.54999923706055,56.58000183105469,55.84000015258789,55.970001220703125,259400,36.195350646972656,0.0
BG,2005-01-24,55.650001525878906,55.68000030517578,54.900001525878906,55.11000061035156,931800,35.63920974731445,0.0
BG,2005-01-25,55.150001525878906,55.45000076293945,54.5099983215332,54.54999923706055,519300,35.27705001831055,0.0
BG,2005-01-26,54.540000915527344,55.630001068115234,54.349998474121094,55.41999816894531,471500,35.83966064453125,0.0
BG,2005-01-27,55.349998474121094,56.119998931884766,55.04999923706055,55.790000915527344,200900,36.078948974609375,0.0
BG,2005-01-28,55.81999969482422,55.97999954223633,55.209999084472656,55.54999923706055,215100,35.92374038696289,0.0
BG,2005-01-31,56.04999923706055,56.88999938964844,55.720001220703125,56.540000915527344,507800,36.5639762878418,0.0
BG,2005-02-01,56.93000030517578,57.439998626708984,56.5,57.22999954223633,460200,37.01017379760742,0.0
BG,2005-02-02,57.560001373291016,57.599998474121094,56.9900016784668,57.150001525878906,457100,36.95845413208008,0.0
BG,2005-02-03,57.0,57.25,56.04999923706055,56.38999938964844,468500,36.466957092285156,0.0
BG,2005-02-04,56.540000915527344,56.7400016784668,56.20000076293945,56.540000915527344,599000,36.5639762878418,0.0
BG,2005-02-07,56.52000045776367,57.59000015258789,56.310001373291016,57.349998474121094,497600,37.087791442871094,0.0
BG,2005-02-08,57.0,57.0,53.29999923706055,56.02000045776367,2521900,36.227691650390625,0.0
BG,2005-02-09,56.0,56.619998931884766,55.119998931884766,55.45000076293945,735300,35.85906982421875,0.0
BG,2005-02-10,55.720001220703125,55.88999938964844,55.11000061035156,55.52000045776367,387900,35.98870849609375,0.13
BG,2005-02-11,55.5,55.5,53.720001220703125,54.290000915527344,1429400,35.191410064697266,0.0
BG,2005-02-14,53.97999954223633,54.20000076293945,53.349998474121094,53.41999816894531,914500,34.62745666503906,0.0
BG,2005-02-15,53.04999923706055,53.04999923706055,50.25,50.9900016784668,4188400,33.05232238769531,0.0
BG,2005-02-16,51.0,53.900001525878906,49.400001525878906,53.709999084472656,2872200,34.81544494628906,0.0
BG,2005-02-17,53.709999084472656,53.810001373291016,53.02000045776367,53.349998474121094,1181600,34.58209228515625,0.0
BG,2005-02-18,52.900001525878906,53.06999969482422,52.38999938964844,52.4900016784668,824500,34.02462387084961,0.0
BG,2005-02-22,52.20000076293945,52.25,50.599998474121094,50.84000015258789,887900,32.95508575439453,0.0
BG,2005-02-23,50.95000076293945,51.38999938964844,50.33000183105469,51.189998626708984,830300,33.18193817138672,0.0
BG,2005-02-24,51.20000076293945,52.189998626708984,50.810001373291016,52.0,871700,33.707008361816406,0.0
BG,2005-02-25,51.77000045776367,53.630001068115234,51.689998626708984,53.5099983215332,630500,34.68581008911133,0.0
BG,2005-02-28,53.7599983215332,54.9900016784668,53.20000076293945,54.709999084472656,1080100,35.46366500854492,0.0
BG,2005-03-01,54.459999084472656,54.88999938964844,54.06999969482422,54.220001220703125,762600,35.14603042602539,0.0
BG,2005-03-02,54.220001220703125,54.220001220703125,53.630001068115234,53.88999938964844,974800,34.932125091552734,0.0
BG,2005-03-03,54.0,54.290000915527344,53.470001220703125,53.900001525878906,309500,34.93863296508789,0.0
BG,2005-03-04,53.95000076293945,54.41999816894531,53.849998474121094,54.279998779296875,588500,35.1849365234375,0.0
BG,2005-03-07,54.470001220703125,54.4900016784668,54.060001373291016,54.13999938964844,552300,35.09417724609375,0.0
BG,2005-03-08,53.650001525878906,54.0,53.15999984741211,53.86000061035156,709000,34.91267776489258,0.0
BG,2005-03-09,53.86000061035156,54.029998779296875,53.5,53.810001373291016,250900,34.88026428222656,0.0
BG,2005-03-10,54.220001220703125,55.150001525878906,53.880001068115234,54.970001220703125,658500,35.632198333740234,0.0
BG,2005-03-11,55.0,55.720001220703125,54.9900016784668,55.41999816894531,823800,35.92388153076172,0.0
BG,2005-03-14,55.650001525878906,55.650001525878906,54.77000045776367,55.29999923706055,374100,35.846099853515625,0.0
BG,2005-03-15,55.650001525878906,55.650001525878906,54.52000045776367,54.560001373291016,281300,35.36643600463867,0.0
BG,2005-03-16,54.4900016784668,54.54999923706055,53.2599983215332,53.540000915527344,443500,34.70524978637695,0.0
BG,2005-03-17,53.290000915527344,53.439998626708984,52.0,52.849998474121094,700200,34.25798034667969,0.0
BG,2005-03-18,52.84000015258789,52.84000015258789,50.75,51.400001525878906,1139200,33.31808853149414,0.0
BG,2005-03-21,51.40999984741211,51.470001220703125,50.7400016784668,51.27000045776367,776900,33.23381805419922,0.0
BG,2005-03-22,51.40999984741211,52.119998931884766,50.77000045776367,51.560001373291016,647200,33.42178726196289,0.0
BG,2005-03-23,51.29999923706055,51.54999923706055,50.849998474121094,51.209999084472656,533700,33.19490432739258,0.0
BG,2005-03-24,51.599998474121094,51.599998474121094,51.060001373291016,51.33000183105469,339600,33.272708892822266,0.0
BG,2005-03-28,51.18000030517578,51.88999938964844,51.18000030517578,51.599998474121094,561200,33.447715759277344,0.0
BG,2005-03-29,51.619998931884766,52.20000076293945,51.47999954223633,51.59000015258789,561400,33.44123458862305,0.0
BG,2005-03-30,51.720001220703125,52.70000076293945,51.65999984741211,52.52000045776367,668200,34.0440788269043,0.0
BG,2005-03-31,52.900001525878906,54.0,52.70000076293945,53.880001068115234,641600,34.9256591796875,0.0
BG,2005-04-01,54.099998474121094,54.91999816894531,53.70000076293945,54.81999969482422,814900,35.53497314453125,0.0
BG,2005-04-04,54.81999969482422,54.81999969482422,54.20000076293945,54.45000076293945,469900,35.29512023925781,0.0
BG,2005-04-05,54.45000076293945,54.4900016784668,53.29999923706055,54.290000915527344,468200,35.191410064697266,0.0
BG,2005-04-06,54.279998779296875,54.290000915527344,51.529998779296875,51.56999969482422,1421100,33.42826843261719,0.0
BG,2005-04-07,51.70000076293945,52.709999084472656,51.70000076293945,52.5,593700,34.0311164855957,0.0
BG,2005-04-08,52.630001068115234,53.0,52.04999923706055,52.61000061035156,746500,34.102420806884766,0.0
BG,2005-04-11,52.70000076293945,52.70000076293945,52.04999923706055,52.16999816894531,594300,33.81721496582031,0.0
BG,2005-04-12,52.52000045776367,52.599998474121094,51.81999969482422,52.439998626708984,452600,33.99222183227539,0.0
BG,2005-04-13,52.599998474121094,52.97999954223633,51.70000076293945,51.79999923706055,343900,33.57736587524414,0.0
BG,2005-04-14,51.75,51.79999923706055,50.38999938964844,50.689998626708984,579700,32.85784912109375,0.0
BG,2005-04-15,50.47999954223633,50.900001525878906,48.34000015258789,48.9900016784668,1149100,31.755897521972656,0.0
BG,2005-04-18,50.0,50.720001220703125,48.66999816894531,50.209999084472656,1027000,32.54671859741211,0.0
BG,2005-04-19,50.16999816894531,51.220001220703125,50.099998474121094,51.09000015258789,672800,33.11713409423828,0.0
BG,2005-04-20,51.220001220703125,51.25,50.2599983215332,50.459999084472656,371700,32.7087516784668,0.0
BG,2005-04-21,51.029998779296875,51.9900016784668,51.0,51.86000061035156,726300,33.61625671386719,0.0
BG,2005-04-22,51.86000061035156,52.5099983215332,51.65999984741211,52.2400016784668,730200,33.862586975097656,0.0
BG,2005-04-25,52.59000015258789,53.529998779296875,52.59000015258789,53.220001220703125,659600,34.497806549072266,0.0
BG,2005-04-26,53.45000076293945,53.45000076293945,52.880001068115234,53.040000915527344,446900,34.38114929199219,0.0
BG,2005-04-27,53.0099983215332,53.900001525878906,52.27000045776367,53.65999984741211,1163100,34.78303527832031,0.0
BG,2005-04-28,55.0,57.9900016784668,54.95000076293945,56.31999969482422,2208600,36.50728225708008,0.0
BG,2005-04-29,56.7599983215332,57.0,56.099998474121094,56.79999923706055,1434400,36.818424224853516,0.0
BG,2005-05-02,57.0,57.040000915527344,56.04999923706055,56.310001373291016,933500,36.500789642333984,0.0
BG,2005-05-03,56.31999969482422,56.529998779296875,55.56999969482422,55.810001373291016,1002600,36.17668914794922,0.0
BG,2005-05-04,55.959999084472656,56.70000076293945,55.900001525878906,56.25,1395500,36.46189498901367,0.0
BG,2005-05-05,56.25,56.25,55.459999084472656,55.849998474121094,827800,36.20261001586914,0.0
BG,2005-05-06,56.099998474121094,56.290000915527344,55.5,55.540000915527344,616900,36.00168991088867,0.0
BG,2005-05-09,55.209999084472656,55.93000030517578,55.04999923706055,55.79999923706055,943700,36.170223236083984,0.0
BG,2005-05-10,55.79999923706055,56.290000915527344,55.54999923706055,55.72999954223633,531500,36.12483215332031,0.0
BG,2005-05-11,56.0,56.349998474121094,55.54999923706055,56.2599983215332,2402800,36.468387603759766,0.0
BG,2005-05-12,56.29999923706055,56.41999816894531,55.81999969482422,56.290000915527344,549000,36.48784255981445,0.0
BG,2005-05-13,56.0099983215332,56.869998931884766,55.900001525878906,56.22999954223633,1198500,36.53330612182617,0.13
BG,2005-05-16,56.47999954223633,56.90999984741211,56.189998626708984,56.90999984741211,1154300,36.97511291503906,0.0
BG,2005-05-17,56.90999984741211,57.20000076293945,56.400001525878906,56.97999954223633,1045000,37.020591735839844,0.0
BG,2005-05-18,57.18000030517578,58.09000015258789,57.029998779296875,57.65999984741211,755900,37.46238708496094,0.0
BG,2005-05-19,57.88999938964844,57.91999816894531,57.439998626708984,57.72999954223633,438200,37.50788116455078,0.0
BG,2005-05-20,57.5,58.4900016784668,57.18000030517578,58.189998626708984,547300,37.80674743652344,0.0
BG,2005-05-23,58.41999816894531,60.43000030517578,58.36000061035156,59.88999938964844,1142700,38.9112663269043,0.0
BG,2005-05-24,60.099998474121094,60.45000076293945,59.650001525878906,60.040000915527344,793700,39.00870895385742,0.0
BG,2005-05-25,60.040000915527344,60.04999923706055,59.31999969482422,59.66999816894531,358500,38.76832962036133,0.0
BG,2005-05-26,59.66999816894531,60.5,59.63999938964844,60.20000076293945,570300,39.112667083740234,0.0
BG,2005-05-27,60.63999938964844,61.209999084472656,60.41999816894531,61.11000061035156,653800,39.70390319824219,0.0
BG,2005-05-31,61.36000061035156,62.040000915527344,60.5,62.040000915527344,1540100,40.30815505981445,0.0
BG,2005-06-01,62.040000915527344,62.040000915527344,60.97999954223633,61.209999084472656,807600,39.768863677978516,0.0
BG,2005-06-02,61.20000076293945,61.38999938964844,60.45000076293945,61.099998474121094,860800,39.697410583496094,0.0
BG,2005-06-03,61.130001068115234,61.959999084472656,61.130001068115234,61.95000076293945,732300,40.24967575073242,0.0
BG,2005-06-06,61.9900016784668,62.47999954223633,61.79999923706055,61.97999954223633,505300,40.2691650390625,0.0
BG,2005-06-07,62.0,63.65999984741211,61.9900016784668,63.04999923706055,991400,40.964351654052734,0.0
BG,2005-06-08,62.97999954223633,62.97999954223633,61.040000915527344,61.2400016784668,590400,39.78837585449219,0.0
BG,2005-06-09,60.29999923706055,61.88999938964844,60.25,61.869998931884766,395700,40.19770050048828,0.0
BG,2005-06-10,61.77000045776367,62.189998626708984,61.38999938964844,61.5,476200,39.95730209350586,0.0
BG,2005-06-13,61.5,62.189998626708984,61.5,61.70000076293945,379300,40.08724594116211,0.0
BG,2005-06-14,61.790000915527344,62.279998779296875,61.779998779296875,62.0099983215332,325700,40.28865432739258,0.0
BG,2005-06-15,61.84000015258789,62.25,61.79999923706055,62.150001525878906,427900,40.37960433959961,0.0
BG,2005-06-16,62.20000076293945,62.25,61.869998931884766,61.95000076293945,305100,40.24967575073242,0.0
BG,2005-06-17,61.90999984741211,63.41999816894531,61.72999954223633,62.79999923706055,770100,40.80192184448242,0.0
BG,2005-06-20,62.5,62.849998474121094,62.06999969482422,62.18000030517578,350900,40.39910888671875,0.0
BG,2005-06-21,62.849998474121094,65.12999725341797,62.66999816894531,63.599998474121094,1144500,41.32169723510742,0.0
BG,2005-06-22,63.75,65.19999694824219,63.689998626708984,65.0999984741211,979000,42.2962646484375,0.0
BG,2005-06-23,64.87999725341797,65.02999877929688,63.56999969482422,63.810001373291016,514500,41.4581298828125,0.0
BG,2005-06-24,63.7400016784668,63.7400016784668,62.369998931884766,62.7400016784668,386300,40.76293182373047,0.0
BG,2005-06-27,62.7400016784668,63.06999969482422,62.220001220703125,63.06999969482422,630200,40.97734069824219,0.0
BG,2005-06-28,63.0,63.439998626708984,62.810001373291016,63.2599983215332,426900,41.10079574584961,0.0
BG,2005-06-29,63.95000076293945,64.23999786376953,63.54999923706055,63.849998474121094,458400,41.48412322998047,0.0
BG,2005-06-30,64.0999984741211,64.25,63.0,63.400001525878906,361900,41.1917610168457,0.0
BG,2005-07-01,63.33000183105469,64.41000366210938,63.099998474121094,63.7400016784668,453600,41.41264343261719,0.0
BG,2005-07-05,63.95000076293945,65.08000183105469,63.900001525878906,64.93000030517578,500600,42.1858024597168,0.0
BG,2005-07-06,64.93000030517578,65.44999694824219,64.5199966430664,64.62000274658203,518200,41.98439407348633,0.0
BG,2005-07-07,64.5999984741211,65.33000183105469,64.31999969482422,65.33000183105469,218700,42.44570541381836,0.0
BG,2005-07-08,65.08000183105469,65.5,65.01000213623047,65.12000274658203,290800,42.30923843383789,0.0
BG,2005-07-11,64.7300033569336,65.11000061035156,64.11000061035156,64.55999755859375,569700,41.94541931152344,0.0
BG,2005-07-12,64.61000061035156,65.3499984741211,64.61000061035156,65.19999694824219,373500,42.36124801635742,0.0
BG,2005-07-13,64.94999694824219,65.30000305175781,64.8499984741211,65.01000213623047,298100,42.23778533935547,0.0
BG,2005-07-14,65.0999984741211,65.63999938964844,64.66999816894531,64.91000366210938,725200,42.172821044921875,0.0
BG,2005-07-15,64.61000061035156,65.3499984741211,64.61000061035156,65.05000305175781,454900,42.2637825012207,0.0
BG,2005-07-18,65.0199966430664,65.73999786376953,65.0,65.4800033569336,783800,42.54314422607422,0.0
BG,2005-07-19,65.4000015258789,67.98999786376953,65.3499984741211,67.25,945100,43.69314956665039,0.0
BG,2005-07-20,67.0,67.44999694824219,66.25,67.30999755859375,513300,43.73211669921875,0.0
BG,2005-07-21,67.05999755859375,67.06999969482422,65.25,65.51000213623047,694300,42.56263732910156,0.0
BG,2005-07-22,65.36000061035156,65.98999786376953,64.20999908447266,65.6500015258789,519800,42.653602600097656,0.0
BG,2005-07-25,65.81999969482422,65.81999969482422,64.30000305175781,64.66000366210938,312300,42.0103874206543,0.0
BG,2005-07-26,64.80999755859375,64.8499984741211,63.900001525878906,64.0,681500,41.58157730102539,0.0
BG,2005-07-27,63.0,63.0099983215332,61.5,62.0,1482500,40.282135009765625,0.0
BG,2005-07-28,60.900001525878906,60.95000076293945,58.25,59.5,3333100,38.65786361694336,0.0
BG,2005-07-29,60.0,61.47999954223633,59.900001525878906,61.38999938964844,1242700,39.88584899902344,0.0
BG,2005-08-01,61.400001525878906,61.84000015258789,59.400001525878906,59.790000915527344,1306900,38.84629440307617,0.0
BG,2005-08-02,59.599998474121094,60.11000061035156,58.54999923706055,58.54999923706055,2717800,38.040645599365234,0.0
BG,2005-08-03,58.560001373291016,58.95000076293945,58.43000030517578,58.630001068115234,886500,38.09260940551758,0.0
BG,2005-08-04,58.560001373291016,59.02000045776367,58.11000061035156,58.88999938964844,670000,38.26155471801758,0.0
BG,2005-08-05,59.099998474121094,59.97999954223633,58.2599983215332,58.36000061035156,812600,37.91719436645508,0.0
BG,2005-08-08,58.189998626708984,58.650001525878906,57.970001220703125,58.099998474121094,857600,37.7482795715332,0.0
BG,2005-08-09,58.16999816894531,58.720001220703125,58.060001373291016,58.33000183105469,417400,37.897708892822266,0.0
BG,2005-08-10,58.34000015258789,59.119998931884766,58.310001373291016,58.54999923706055,536000,38.040645599365234,0.0
BG,2005-08-11,58.400001525878906,59.560001373291016,58.400001525878906,59.45000076293945,712800,38.724609375,0.15
BG,2005-08-12,59.54999923706055,59.959999084472656,58.90999984741211,59.400001525878906,465000,38.69203186035156,0.0
BG,2005-08-15,59.439998626708984,59.810001373291016,59.11000061035156,59.689998626708984,575700,38.88092803955078,0.0
BG,2005-08-16,59.7599983215332,59.7599983215332,58.400001525878906,58.5,307000,38.10578918457031,0.0
BG,2005-08-17,58.400001525878906,58.599998474121094,58.119998931884766,58.20000076293945,381600,37.910362243652344,0.0
BG,2005-08-18,58.029998779296875,58.29999923706055,57.2400016784668,57.33000183105469,594800,37.34367370605469,0.0
BG,2005-08-19,57.04999923706055,57.099998474121094,56.599998474121094,56.709999084472656,877100,36.93982696533203,0.0
BG,2005-08-22,56.709999084472656,58.58000183105469,56.59000015258789,58.58000183105469,1131600,38.157901763916016,0.0
BG,2005-08-23,58.099998474121094,58.93000030517578,58.099998474121094,58.88999938964844,973500,38.359832763671875,0.0
BG,2005-08-24,58.79999923706055,59.5,58.5099983215332,59.02000045776367,739700,38.444496154785156,0.0
BG,2005-08-25,59.02000045776367,59.61000061035156,59.02000045776367,59.38999938964844,530000,38.68549346923828,0.0
BG,2005-08-26,59.470001220703125,59.5,58.650001525878906,58.72999954223633,336400,38.25559997558594,0.0
BG,2005-08-29,58.25,58.25,56.63999938964844,57.83000183105469,689300,37.669376373291016,0.0
BG,2005-08-30,57.83000183105469,58.63999938964844,57.83000183105469,58.47999954223633,651900,38.09275436401367,0.0
BG,2005-08-31,58.47999954223633,58.790000915527344,57.709999084472656,58.720001220703125,691600,38.249080657958984,0.0
BG,2005-09-01,58.70000076293945,58.779998779296875,57.470001220703125,57.75,1253500,37.61724853515625,0.0
BG,2005-09-02,58.099998474121094,58.099998474121094,57.099998474121094,57.779998779296875,584100,37.63679504394531,0.0
BG,2005-09-06,58.22999954223633,58.2599983215332,57.25,57.40999984741211,444900,37.39576721191406,0.0
BG,2005-09-07,57.41999816894531,57.41999816894531,54.45000076293945,55.599998474121094,3341800,36.21678161621094,0.0
BG,2005-09-08,55.9900016784668,57.54999923706055,55.7400016784668,57.31999969482422,1090400,37.337154388427734,0.0
BG,2005-09-09,57.459999084472656,57.63999938964844,56.72999954223633,56.959999084472656,577300,37.10264587402344,0.0
BG,2005-09-12,57.099998474121094,57.439998626708984,57.0,57.04999923706055,509200,37.161277770996094,0.0
BG,2005-09-13,56.79999923706055,57.0,56.16999816894531,56.189998626708984,477800,36.60109329223633,0.0
BG,2005-09-14,56.029998779296875,56.18000030517578,54.91999816894531,55.150001525878906,907800,35.923667907714844,0.0
BG,2005-09-15,55.290000915527344,55.900001525878906,55.290000915527344,55.41999816894531,416400,36.09953689575195,0.0
BG,2005-09-16,55.54999923706055,56.029998779296875,55.400001525878906,55.72999954223633,586900,36.30146026611328,0.0
BG,2005-09-19,55.68000030517578,55.9900016784668,54.619998931884766,54.84000015258789,355900,35.721736907958984,0.0
BG,2005-09-20,54.77000045776367,55.099998474121094,54.54999923706055,54.650001525878906,640100,35.59798049926758,0.0
BG,2005-09-21,54.70000076293945,54.70000076293945,53.38999938964844,53.439998626708984,1295400,34.80979919433594,0.0
BG,2005-09-22,53.439998626708984,54.34000015258789,53.439998626708984,54.150001525878906,1021900,35.27227020263672,0.0
BG,2005-09-23,54.400001525878906,55.130001068115234,53.79999923706055,54.4900016784668,1216000,35.493743896484375,0.0
BG,2005-09-26,54.5,54.54999923706055,53.650001525878906,53.68000030517578,702900,34.96613311767578,0.0
BG,2005-09-27,52.93000030517578,52.939998626708984,51.400001525878906,52.650001525878906,2292200,34.295204162597656,0.0
BG,2005-09-28,52.65999984741211,53.0,52.33000183105469,52.9900016784668,785500,34.51667785644531,0.0
BG,2005-09-29,52.45000076293945,52.459999084472656,51.099998474121094,51.95000076293945,815800,33.839237213134766,0.0
BG,2005-09-30,51.630001068115234,52.63999938964844,51.56999969482422,52.619998931884766,471500,34.27568054199219,0.0
BG,2005-10-03,52.619998931884766,52.79999923706055,51.5099983215332,51.66999816894531,1082600,33.65684127807617,0.0
BG,2005-10-04,52.189998626708984,52.52000045776367,51.630001068115234,52.36000061035156,766000,34.10630416870117,0.0
BG,2005-10-05,52.4900016784668,52.810001373291016,52.31999969482422,52.61000061035156,992100,34.2691535949707,0.0
BG,2005-10-06,52.86000061035156,53.099998474121094,52.36000061035156,52.810001373291016,848900,34.39942169189453,0.0
BG,2005-10-07,52.70000076293945,53.38999938964844,52.68000030517578,53.220001220703125,913500,34.66648864746094,0.0
BG,2005-10-10,53.349998474121094,53.599998474121094,52.880001068115234,52.88999938964844,462000,34.4515380859375,0.0
BG,2005-10-11,52.900001525878906,54.83000183105469,52.900001525878906,54.54999923706055,1132200,35.53282928466797,0.0
BG,2005-10-12,54.150001525878906,55.70000076293945,54.060001373291016,55.52000045776367,1433900,36.1646842956543,0.0
BG,2005-10-13,55.52000045776367,55.540000915527344,54.25,54.52000045776367,693300,35.51327896118164,0.0
BG,2005-10-14,54.77000045776367,54.790000915527344,53.689998626708984,54.20000076293945,665400,35.30485153198242,0.0
BG,2005-10-17,54.33000183105469,55.04999923706055,54.27000045776367,54.31999969482422,481300,35.38301086425781,0.0
BG,2005-10-18,54.11000061035156,54.18000030517578,53.59000015258789,53.779998779296875,409400,35.03126525878906,0.0
BG,2005-10-19,53.52000045776367,53.529998779296875,52.45000076293945,52.880001068115234,981600,34.445003509521484,0.0
BG,2005-10-20,52.93000030517578,53.220001220703125,52.4900016784668,52.66999816894531,456700,34.3082275390625,0.0
BG,2005-10-21,52.70000076293945,52.70000076293945,51.2400016784668,51.58000183105469,1097800,33.598228454589844,0.0
BG,2005-10-24,50.75,51.59000015258789,50.619998931884766,50.790000915527344,1261400,33.083648681640625,0.0
BG,2005-10-25,50.81999969482422,51.130001068115234,50.59000015258789,50.97999954223633,615000,33.20741271972656,0.0
BG,2005-10-26,50.900001525878906,51.459999084472656,50.33000183105469,50.43000030517578,649600,32.84914016723633,0.0
BG,2005-10-27,50.41999816894531,50.43000030517578,46.650001525878906,48.29999923706055,4045000,31.46169090270996,0.0
BG,2005-10-28,50.0,52.810001373291016,49.86000061035156,52.08000183105469,2354300,33.92391586303711,0.0
BG,2005-10-31,51.95000076293945,52.56999969482422,51.72999954223633,51.939998626708984,1190600,33.83271789550781,0.0
BG,2005-11-01,51.77000045776367,52.189998626708984,50.25,50.84000015258789,854500,33.116214752197266,0.0
BG,2005-11-02,50.709999084472656,51.38999938964844,50.33000183105469,51.099998474121094,839000,33.28556442260742,0.0
BG,2005-11-03,51.099998474121094,51.970001220703125,51.099998474121094,51.79999923706055,1016200,33.741512298583984,0.0
BG,2005-11-04,51.68000030517578,52.31999969482422,51.369998931884766,52.06999969482422,765300,33.91740798950195,0.0
BG,2005-11-07,52.06999969482422,52.599998474121094,51.7599983215332,51.970001220703125,828000,33.85225296020508,0.0
BG,2005-11-08,51.970001220703125,52.06999969482422,51.400001525878906,51.5,791300,33.546119689941406,0.0
BG,2005-11-09,51.25,51.47999954223633,50.7599983215332,50.79999923706055,794200,33.09014892578125,0.0
BG,2005-11-10,50.810001373291016,51.150001525878906,49.91999816894531,50.290000915527344,1025900,32.7579460144043,0.0
BG,2005-11-11,49.95000076293945,51.52000045776367,49.5,51.470001220703125,548900,33.526573181152344,0.0
BG,2005-11-14,51.31999969482422,51.31999969482422,49.66999816894531,49.95000076293945,421700,32.6315803527832,0.15
BG,2005-11-15,49.7599983215332,50.060001373291016,49.36000061035156,49.47999954223633,445300,32.32450485229492,0.0
BG,2005-11-16,49.900001525878906,49.93000030517578,48.869998931884766,49.15999984741211,865100,32.115474700927734,0.0
BG,2005-11-17,49.15999984741211,49.369998931884766,48.75,49.22999954223633,523900,32.161216735839844,0.0
BG,2005-11-18,49.25,49.650001525878906,49.11000061035156,49.47999954223633,495600,32.32450485229492,0.0
BG,2005-11-21,49.0099983215332,50.13999938964844,49.0099983215332,50.13999938964844,988800,32.75569152832031,0.0
BG,2005-11-22,50.38999938964844,51.47999954223633,50.13999938964844,51.34000015258789,890800,33.53964614868164,0.0
BG,2005-11-23,52.5,55.0,52.04999923706055,52.43000030517578,1360300,34.25171661376953,0.0
BG,2005-11-25,52.58000183105469,53.4900016784668,52.58000183105469,53.11000061035156,335700,34.69594955444336,0.0
BG,2005-11-28,53.0,53.150001525878906,52.58000183105469,53.04999923706055,548800,34.65675735473633,0.0
BG,2005-11-29,53.099998474121094,53.5,53.0,53.43000030517578,793800,34.90501403808594,0.0
BG,2005-11-30,53.790000915527344,54.630001068115234,53.29999923706055,53.5,1101700,34.950740814208984,0.0
BG,2005-12-01,53.599998474121094,53.86000061035156,53.220001220703125,53.5,843600,34.950740814208984,0.0
BG,2005-12-02,53.650001525878906,53.849998474121094,53.4900016784668,53.59000015258789,633300,35.009521484375,0.0
BG,2005-12-05,53.59000015258789,54.0099983215332,53.43000030517578,53.90999984741211,788200,35.21856689453125,0.0
BG,2005-12-06,53.869998931884766,54.189998626708984,53.38999938964844,54.11000061035156,730300,35.3492431640625,0.0
BG,2005-12-07,53.25,53.93000030517578,53.0099983215332,53.34000015258789,1053300,34.8462028503418,0.0
BG,2005-12-08,53.349998474121094,53.720001220703125,53.06999969482422,53.20000076293945,731800,34.7547492980957,0.0
BG,2005-12-09,53.0099983215332,53.06999969482422,52.310001373291016,52.68000030517578,798400,34.41506576538086,0.0
BG,2005-12-12,52.43000030517578,53.720001220703125,52.29999923706055,53.45000076293945,661500,34.91807174682617,0.0
BG,2005-12-13,53.45000076293945,54.279998779296875,53.43000030517578,53.599998474121094,739500,35.01606369018555,0.0
BG,2005-12-14,54.04999923706055,54.13999938964844,53.5,53.79999923706055,655700,35.14672088623047,0.0
BG,2005-12-15,53.79999923706055,54.349998474121094,53.599998474121094,53.849998474121094,775500,35.17938232421875,0.0
BG,2005-12-16,54.04999923706055,54.099998474121094,53.93000030517578,53.970001220703125,625100,35.257774353027344,0.0
BG,2005-12-19,54.0099983215332,54.349998474121094,53.95000076293945,54.25,814200,35.44069290161133,0.0
BG,2005-12-20,54.43000030517578,55.2400016784668,53.86000061035156,53.86000061035156,832900,35.185916900634766,0.0
BG,2005-12-21,54.11000061035156,54.970001220703125,54.11000061035156,54.93000030517578,1428500,35.88492965698242,0.0
BG,2005-12-22,55.0,57.29999923706055,54.97999954223633,56.470001220703125,1521400,36.890995025634766,0.0
BG,2005-12-23,56.93000030517578,56.959999084472656,55.90999984741211,56.290000915527344,479900,36.77341079711914,0.0
BG,2005-12-27,56.47999954223633,56.7400016784668,55.88999938964844,55.88999938964844,313100,36.51207733154297,0.0
BG,2005-12-28,55.93000030517578,56.7400016784668,55.900001525878906,56.31999969482422,315500,36.79300308227539,0.0
BG,2005-12-29,56.5,57.83000183105469,56.400001525878906,57.0099983215332,811600,37.243770599365234,0.0
BG,2005-12-30,56.90999984741211,56.91999816894531,56.27000045776367,56.61000061035156,235800,36.98244857788086,0.0
BG,2006-01-03,57.869998931884766,57.88999938964844,56.86000061035156,57.5,824100,37.56389617919922,0.0
BG,2006-01-04,58.970001220703125,59.939998626708984,58.13999938964844,58.79999923706055,1387100,38.413143157958984,0.0
BG,2006-01-05,58.54999923706055,58.9900016784668,58.18000030517578,58.459999084472656,782700,38.191036224365234,0.0
BG,2006-01-06,58.720001220703125,58.9900016784668,57.130001068115234,57.93000030517578,814700,37.84478759765625,0.0
BG,2006-01-09,57.75,57.79999923706055,56.77000045776367,56.880001068115234,710000,37.158836364746094,0.0
BG,2006-01-10,56.849998474121094,58.7400016784668,56.75,58.400001525878906,1149500,38.15184020996094,0.0
BG,2006-01-11,58.290000915527344,58.72999954223633,58.11000061035156,58.38999938964844,1126600,38.14531707763672,0.0
BG,2006-01-12,58.38999938964844,59.0,58.130001068115234,58.68000030517578,821000,38.33475112915039,0.0
BG,2006-01-13,58.58000183105469,59.0099983215332,58.29999923706055,58.939998626708984,752400,38.504615783691406,0.0
BG,2006-01-17,58.5099983215332,58.70000076293945,57.25,57.83000183105469,857500,37.77946853637695,0.0
BG,2006-01-18,57.83000183105469,58.25,57.36000061035156,58.119998931884766,638400,37.96891403198242,0.0
BG,2006-01-19,58.369998931884766,58.849998474121094,57.91999816894531,58.15999984741211,531700,37.99504470825195,0.0
BG,2006-01-20,58.25,58.25,56.70000076293945,56.900001525878906,725900,37.17189407348633,0.0
BG,2006-01-23,56.900001525878906,57.09000015258789,55.540000915527344,56.25,1280200,36.74727249145508,0.0
BG,2006-01-24,56.45000076293945,57.52000045776367,56.400001525878906,57.400001525878906,902000,37.49852752685547,0.0
BG,2006-01-25,57.650001525878906,58.439998626708984,57.099998474121094,58.09000015258789,653200,37.94931411743164,0.0
BG,2006-01-26,58.34000015258789,59.869998931884766,58.189998626708984,58.959999084472656,1278500,38.51767349243164,0.0
BG,2006-01-27,58.959999084472656,59.0,57.36000061035156,58.439998626708984,783400,38.177974700927734,0.0
BG,2006-01-30,58.630001068115234,58.790000915527344,57.810001373291016,57.970001220703125,766400,37.87091064453125,0.0
BG,2006-01-31,58.099998474121094,59.33000183105469,57.650001525878906,58.959999084472656,1260300,38.51767349243164,0.0
BG,2006-02-01,59.0,61.400001525878906,59.0,59.779998779296875,3733700,39.053367614746094,0.0
BG,2006-02-02,60.0,60.52000045776367,58.86000061035156,59.279998779296875,1535300,38.72671890258789,0.0
BG,2006-02-03,59.279998779296875,60.220001220703125,59.25,59.779998779296875,652100,39.053367614746094,0.0
BG,2006-02-06,60.029998779296875,60.31999969482422,58.45000076293945,58.61000061035156,1048600,38.28901672363281,0.0
BG,2006-02-07,58.79999923706055,61.0,58.79999923706055,60.290000915527344,1150600,39.386539459228516,0.0
BG,2006-02-08,60.0,60.13999938964844,59.099998474121094,59.43000030517578,2263200,38.824710845947266,0.0
BG,2006-02-09,59.43000030517578,59.43000030517578,55.290000915527344,56.470001220703125,4812000,36.890995025634766,0.0
BG,2006-02-10,57.279998779296875,57.61000061035156,55.41999816894531,55.529998779296875,1519300,36.373504638671875,0.15
BG,2006-02-13,55.599998474121094,55.88999938964844,55.54999923706055,55.54999923706055,1272400,36.386619567871094,0.0
BG,2006-02-14,55.5,57.0,55.4900016784668,56.849998474121094,1074600,37.23815155029297,0.0
BG,2006-02-15,56.70000076293945,57.09000015258789,56.61000061035156,56.869998931884766,777100,37.251258850097656,0.0
BG,2006-02-16,57.25,58.25,57.099998474121094,58.150001525878906,1261400,38.089691162109375,0.0
BG,2006-02-17,58.25,58.47999954223633,58.0,58.099998474121094,700200,38.056949615478516,0.0
BG,2006-02-21,58.099998474121094,58.47999954223633,56.290000915527344,56.529998779296875,1060100,37.02853775024414,0.0
BG,2006-02-22,57.150001525878906,57.939998626708984,56.810001373291016,57.56999969482422,884900,37.709774017333984,0.0
BG,2006-02-23,57.56999969482422,58.20000076293945,57.25,58.029998779296875,490500,38.011085510253906,0.0
BG,2006-02-24,57.68000030517578,57.709999084472656,56.29999923706055,57.45000076293945,897700,37.631168365478516,0.0
BG,2006-02-27,58.20000076293945,58.25,57.15999984741211,57.54999923706055,570900,37.69667434692383,0.0
BG,2006-02-28,57.70000076293945,57.7400016784668,56.619998931884766,56.689998626708984,584700,37.13335037231445,0.0
BG,2006-03-01,56.790000915527344,56.900001525878906,56.02000045776367,56.099998474121094,1093000,36.74688720703125,0.0
BG,2006-03-02,55.88999938964844,56.29999923706055,55.380001068115234,55.939998626708984,1034300,36.64207458496094,0.0
BG,2006-03-03,55.939998626708984,56.0,55.52000045776367,55.79999923706055,446500,36.550376892089844,0.0
BG,2006-03-06,55.900001525878906,55.900001525878906,54.56999969482422,55.02000045776367,814400,36.03947448730469,0.0
BG,2006-03-07,54.58000183105469,54.63999938964844,53.27000045776367,53.72999954223633,880500,35.19448471069336,0.0
BG,2006-03-08,53.72999954223633,53.72999954223633,52.41999816894531,53.25,1553500,34.88007736206055,0.0
BG,2006-03-09,52.70000076293945,52.709999084472656,51.13999938964844,51.290000915527344,2310800,33.596229553222656,0.0
BG,2006-03-10,51.290000915527344,51.599998474121094,50.349998474121094,50.5,1390200,33.07874298095703,0.0
BG,2006-03-13,50.529998779296875,51.470001220703125,50.529998779296875,51.209999084472656,1210600,33.543819427490234,0.0
BG,2006-03-14,51.11000061035156,52.13999938964844,51.04999923706055,51.900001525878906,940100,33.995792388916016,0.0
BG,2006-03-15,52.040000915527344,52.29999923706055,50.86000061035156,51.5,863500,33.73377990722656,0.0
BG,2006-03-16,51.5,54.2400016784668,51.220001220703125,53.720001220703125,1783800,35.18793487548828,0.0
BG,2006-03-17,54.0099983215332,54.209999084472656,53.209999084472656,53.5,591200,35.043819427490234,0.0
BG,2006-03-20,53.04999923706055,53.52000045776367,52.54999923706055,53.290000915527344,725700,34.90627670288086,0.0
BG,2006-03-21,53.29999923706055,53.849998474121094,53.0,53.130001068115234,326400,34.80146408081055,0.0
BG,2006-03-22,53.29999923706055,53.88999938964844,52.5,52.68000030517578,492400,34.506710052490234,0.0
BG,2006-03-23,52.93000030517578,53.150001525878906,51.22999954223633,51.22999954223633,1150700,33.55691909790039,0.0
BG,2006-03-24,51.279998779296875,51.5,50.15999984741211,50.369998931884766,1251100,32.99358367919922,0.0
BG,2006-03-27,50.0,50.52000045776367,49.86000061035156,50.02000045776367,986000,32.76433181762695,0.0
BG,2006-03-28,50.02000045776367,52.45000076293945,50.0,51.0,1762900,33.4062614440918,0.0
BG,2006-03-29,52.5,54.93000030517578,52.220001220703125,54.650001525878906,2597100,35.79710006713867,0.0
BG,2006-03-30,54.81999969482422,55.68000030517578,54.33000183105469,55.09000015258789,1586700,36.08531188964844,0.0
BG,2006-03-31,55.08000183105469,55.88999938964844,55.0,55.709999084472656,1206300,36.491416931152344,0.0
BG,2006-04-03,55.709999084472656,56.560001373291016,55.599998474121094,55.93000030517578,1048300,36.63554382324219,0.0
BG,2006-04-04,55.83000183105469,55.84000015258789,54.650001525878906,55.2599983215332,839900,36.1966667175293,0.0
BG,2006-04-05,55.7599983215332,56.189998626708984,55.560001373291016,56.04999923706055,613600,36.71413040161133,0.0
BG,2006-04-06,56.9900016784668,57.0,55.63999938964844,55.75,531700,36.51762771606445,0.0
BG,2006-04-07,55.7400016784668,56.02000045776367,55.13999938964844,55.95000076293945,720000,36.64863967895508,0.0
BG,2006-04-10,56.0,56.4900016784668,55.650001525878906,55.68000030517578,861300,36.47177505493164,0.0
BG,2006-04-11,55.93000030517578,56.47999954223633,55.65999984741211,55.810001373291016,454300,36.55693054199219,0.0
BG,2006-04-12,55.79999923706055,55.970001220703125,55.33000183105469,55.869998931884766,373900,36.59622573852539,0.0
BG,2006-04-13,55.38999938964844,55.68000030517578,54.060001373291016,54.709999084472656,1404900,35.836395263671875,0.0
BG,2006-04-17,54.70000076293945,55.29999923706055,54.369998931884766,54.900001525878906,417000,35.96086502075195,0.0
BG,2006-04-18,55.119998931884766,55.63999938964844,55.040000915527344,55.5,474700,36.35386657714844,0.0
BG,2006-04-19,55.75,55.79999923706055,55.099998474121094,55.369998931884766,526900,36.26871109008789,0.0
BG,2006-04-20,55.56999969482422,55.630001068115234,54.810001373291016,55.150001525878906,537900,36.124610900878906,0.0
BG,2006-04-21,54.900001525878906,57.75,54.84000015258789,57.65999984741211,2130100,37.76872634887695,0.0
BG,2006-04-24,57.90999984741211,59.34000015258789,57.88999938964844,59.189998626708984,2154600,38.770912170410156,0.0
BG,2006-04-25,58.810001373291016,58.849998474121094,57.91999816894531,58.02000045776367,1529300,38.004547119140625,0.0
BG,2006-04-26,58.0,58.47999954223633,57.75,58.0,973800,37.9914436340332,0.0
BG,2006-04-27,55.0,55.77000045776367,53.0,54.7599983215332,4308800,35.86915588378906,0.0
BG,2006-04-28,54.400001525878906,54.599998474121094,52.97999954223633,53.349998474121094,1935800,34.94557571411133,0.0
BG,2006-05-01,53.18000030517578,57.630001068115234,53.18000030517578,56.75,2644600,37.17266082763672,0.0
BG,2006-05-02,56.75,59.75,56.5,59.150001525878906,2443100,38.74470138549805,0.0
BG,2006-05-03,59.099998474121094,59.540000915527344,58.15999984741211,58.54999923706055,1269500,38.35169219970703,0.0
BG,2006-05-04,56.5,58.15999984741211,56.25,57.02000045776367,2168500,37.34950637817383,0.0
BG,2006-05-05,58.0,58.2400016784668,56.849998474121094,57.13999938964844,1162300,37.42810821533203,0.0
BG,2006-05-08,57.54999923706055,59.119998931884766,57.52000045776367,59.02000045776367,1446500,38.659568786621094,0.0
BG,2006-05-09,59.400001525878906,60.90999984741211,58.869998931884766,60.66999816894531,2506000,39.7403450012207,0.0
BG,2006-05-10,60.939998626708984,62.189998626708984,60.79999923706055,61.15999984741211,1818600,40.06132125854492,0.0
BG,2006-05-11,61.369998931884766,61.959999084472656,59.880001068115234,60.279998779296875,1537600,39.48488998413086,0.0
BG,2006-05-12,60.0099983215332,60.02000045776367,57.91999816894531,58.84000015258789,2043600,38.54166030883789,0.0
BG,2006-05-15,58.689998626708984,58.70000076293945,57.40999984741211,58.70000076293945,986200,38.548221588134766,0.15
BG,2006-05-16,58.810001373291016,58.9900016784668,57.90999984741211,58.380001068115234,841400,38.33807373046875,0.0
BG,2006-05-17,58.34000015258789,58.349998474121094,56.47999954223633,57.47999954223633,1051400,37.74705505371094,0.0
BG,2006-05-18,57.45000076293945,57.9900016784668,56.34000015258789,56.68000030517578,1097700,37.22168731689453,0.0
BG,2006-05-19,56.75,56.75,55.65999984741211,56.43000030517578,1190700,37.05751419067383,0.0
BG,2006-05-22,55.93000030517578,56.650001525878906,54.630001068115234,56.38999938964844,1010500,37.03123474121094,0.0
BG,2006-05-23,56.54999923706055,57.29999923706055,55.4900016784668,55.529998779296875,933600,36.466487884521484,0.0
BG,2006-05-24,55.689998626708984,59.939998626708984,55.63999938964844,58.220001220703125,2610200,38.23300552368164,0.0
BG,2006-05-25,58.220001220703125,58.459999084472656,56.630001068115234,57.86000061035156,729500,37.99660110473633,0.0
BG,2006-05-26,57.86000061035156,57.939998626708984,57.29999923706055,57.5099983215332,837400,37.766754150390625,0.0
BG,2006-05-30,57.290000915527344,57.7400016784668,56.650001525878906,56.900001525878906,1677700,37.36615753173828,0.0
BG,2006-05-31,56.75,57.27000045776367,56.060001373291016,56.599998474121094,696600,37.169158935546875,0.0
BG,2006-06-01,56.630001068115234,56.720001220703125,55.58000183105469,56.56999969482422,611800,37.149452209472656,0.0
BG,2006-06-02,56.58000183105469,57.0,56.0,56.400001525878906,561500,37.03780746459961,0.0
BG,2006-06-05,56.400001525878906,57.349998474121094,55.75,56.06999969482422,738600,36.821102142333984,0.0
BG,2006-06-06,56.29999923706055,56.900001525878906,55.369998931884766,56.18000030517578,749500,36.893348693847656,0.0
BG,2006-06-07,56.0,56.65999984741211,55.029998779296875,56.31999969482422,847000,36.98528289794922,0.0
BG,2006-06-08,56.06999969482422,56.119998931884766,52.61000061035156,53.7599983215332,1735400,35.30413055419922,0.0
BG,2006-06-09,55.0,57.27000045776367,55.0,56.119998931884766,1643500,36.853946685791016,0.0
BG,2006-06-12,56.11000061035156,56.790000915527344,54.84000015258789,55.11000061035156,1253500,36.190677642822266,0.0
BG,2006-06-13,54.31999969482422,54.97999954223633,51.95000076293945,52.59000015258789,1306900,34.535797119140625,0.0
BG,2006-06-14,52.70000076293945,54.13999938964844,52.70000076293945,53.459999084472656,534600,35.10712814331055,0.0
BG,2006-06-15,54.2400016784668,54.34000015258789,51.619998931884766,52.81999969482422,2142700,34.68684387207031,0.0
BG,2006-06-16,52.599998474121094,53.849998474121094,52.560001373291016,53.400001525878906,1263000,35.067718505859375,0.0
BG,2006-06-19,53.150001525878906,53.599998474121094,52.810001373291016,53.290000915527344,971100,34.995487213134766,0.0
BG,2006-06-20,53.130001068115234,53.83000183105469,52.880001068115234,53.13999938964844,457800,34.89698028564453,0.0
BG,2006-06-21,53.13999938964844,53.439998626708984,52.900001525878906,53.060001373291016,888600,34.84444808959961,0.0
BG,2006-06-22,53.060001373291016,53.43000030517578,51.84000015258789,52.22999954223633,1131800,34.299381256103516,0.0
BG,2006-06-23,52.0,53.900001525878906,51.65999984741211,52.439998626708984,683200,34.43729782104492,0.0
BG,2006-06-26,47.25,49.95000076293945,47.25,49.0,4094200,32.178245544433594,0.0
BG,2006-06-27,49.0,49.130001068115234,48.0099983215332,48.380001068115234,1110400,31.771106719970703,0.0
BG,2006-06-28,48.380001068115234,48.380001068115234,47.849998474121094,48.22999954223633,727400,31.67258644104004,0.0
BG,2006-06-29,48.22999954223633,49.63999938964844,48.040000915527344,49.41999816894531,1131500,32.454071044921875,0.0
BG,2006-06-30,49.54999923706055,50.970001220703125,49.54999923706055,50.25,1192200,32.999122619628906,0.0
BG,2006-07-03,50.2599983215332,51.04999923706055,49.900001525878906,50.5099983215332,490400,33.16986083984375,0.0
BG,2006-07-05,50.5099983215332,51.16999816894531,50.13999938964844,50.97999954223633,850600,33.478511810302734,0.0
BG,2006-07-06,51.13999938964844,51.880001068115234,50.86000061035156,51.47999954223633,716200,33.80685806274414,0.0
BG,2006-07-07,51.29999923706055,51.29999923706055,50.150001525878906,51.0,747000,33.49163055419922,0.0
BG,2006-07-10,51.029998779296875,52.06999969482422,50.88999938964844,51.290000915527344,397900,33.68209457397461,0.0
BG,2006-07-11,51.18000030517578,51.880001068115234,50.709999084472656,51.70000076293945,579700,33.95132827758789,0.0
BG,2006-07-12,51.5099983215332,52.369998931884766,51.41999816894531,52.099998474121094,803100,34.214027404785156,0.0
BG,2006-07-13,52.099998474121094,52.75,51.529998779296875,51.90999984741211,990800,34.089229583740234,0.0
BG,2006-07-14,52.0,52.5,51.7400016784668,51.79999923706055,1198400,34.016998291015625,0.0
BG,2006-07-17,51.68000030517578,52.04999923706055,51.47999954223633,51.7599983215332,396800,33.99072265625,0.0
BG,2006-07-18,51.77000045776367,52.369998931884766,51.54999923706055,52.099998474121094,590600,34.214027404785156,0.0
BG,2006-07-19,52.20000076293945,53.72999954223633,51.95000076293945,52.02000045776367,1357200,34.16147994995117,0.0
BG,2006-07-20,51.650001525878906,51.70000076293945,50.66999816894531,50.83000183105469,898500,33.3800163269043,0.0
BG,2006-07-21,50.95000076293945,50.95000076293945,49.779998779296875,49.9900016784668,1238200,32.828372955322266,0.0
BG,2006-07-24,49.9900016784668,50.93000030517578,49.75,50.40999984741211,982900,33.10417556762695,0.0
BG,2006-07-25,50.40999984741211,51.9900016784668,50.18000030517578,51.689998626708984,970100,33.94476318359375,0.0
BG,2006-07-26,51.9900016784668,52.41999816894531,51.47999954223633,51.540000915527344,1424900,33.84626007080078,0.0
BG,2006-07-27,53.540000915527344,55.779998779296875,53.0,54.4900016784668,2239100,35.78351974487305,0.0
BG,2006-07-28,54.47999954223633,55.0099983215332,53.790000915527344,54.880001068115234,789700,36.03963088989258,0.0
BG,2006-07-31,55.25,55.439998626708984,54.4900016784668,54.58000183105469,979100,35.842628479003906,0.0
BG,2006-08-01,54.58000183105469,54.9900016784668,53.459999084472656,53.939998626708984,758600,35.42233657836914,0.0
BG,2006-08-02,54.0,54.95000076293945,53.75,53.810001373291016,646900,35.33696746826172,0.0
BG,2006-08-03,54.099998474121094,54.540000915527344,53.380001068115234,54.38999938964844,472700,35.71783447265625,0.0
BG,2006-08-04,54.439998626708984,54.880001068115234,53.650001525878906,54.68000030517578,472600,35.90830612182617,0.0
BG,2006-08-07,54.45000076293945,54.61000061035156,54.09000015258789,54.380001068115234,475300,35.711273193359375,0.0
BG,2006-08-08,54.86000061035156,55.400001525878906,54.18000030517578,54.29999923706055,512200,35.65873336791992,0.0
BG,2006-08-09,54.29999923706055,54.52000045776367,53.720001220703125,53.7400016784668,474800,35.290992736816406,0.0
BG,2006-08-10,53.599998474121094,53.619998931884766,52.97999954223633,53.25,518100,34.96921920776367,0.0
BG,2006-08-11,53.150001525878906,54.029998779296875,53.150001525878906,53.88999938964844,567500,35.38951110839844,0.0
BG,2006-08-14,54.029998779296875,54.189998626708984,53.5099983215332,53.58000183105469,231500,35.1859245300293,0.0
BG,2006-08-15,53.5,54.36000061035156,53.5,54.099998474121094,285900,35.633827209472656,0.16
BG,2006-08-16,54.08000183105469,55.18000030517578,54.08000183105469,55.18000030517578,558400,36.34516525268555,0.0
BG,2006-08-17,55.18000030517578,55.18000030517578,54.290000915527344,54.5099983215332,385300,35.90388870239258,0.0
BG,2006-08-18,54.4900016784668,54.88999938964844,53.959999084472656,54.75,443100,36.06195068359375,0.0
BG,2006-08-21,54.7599983215332,55.650001525878906,54.380001068115234,55.25,469000,36.39128494262695,0.0
BG,2006-08-22,54.380001068115234,54.709999084472656,53.939998626708984,54.349998474121094,431900,35.798484802246094,0.0
BG,2006-08-23,54.41999816894531,54.41999816894531,52.47999954223633,52.4900016784668,1010900,34.57335662841797,0.0
BG,2006-08-24,52.5,52.779998779296875,52.20000076293945,52.45000076293945,961900,34.54702377319336,0.0
BG,2006-08-25,52.459999084472656,53.0,52.29999923706055,52.400001525878906,405300,34.514095306396484,0.0
BG,2006-08-28,52.45000076293945,53.34000015258789,52.310001373291016,53.31999969482422,427700,35.12004852294922,0.0
BG,2006-08-29,53.54999923706055,55.279998779296875,53.540000915527344,55.27000045776367,948600,36.40445327758789,0.0
BG,2006-08-30,55.20000076293945,55.599998474121094,55.0,55.41999816894531,468000,36.50324630737305,0.0
BG,2006-08-31,55.540000915527344,56.38999938964844,55.40999984741211,56.34000015258789,1029000,37.109230041503906,0.0
BG,2006-09-01,56.0,56.27000045776367,55.77000045776367,55.86000061035156,507000,36.7930793762207,0.0
BG,2006-09-05,56.130001068115234,56.150001525878906,55.29999923706055,55.7599983215332,403400,36.72720718383789,0.0
BG,2006-09-06,55.7599983215332,55.7599983215332,54.119998931884766,54.70000076293945,839600,36.029014587402344,0.0
BG,2006-09-07,54.810001373291016,55.38999938964844,54.790000915527344,55.31999969482422,609800,36.43739700317383,0.0
BG,2006-09-08,55.369998931884766,55.599998474121094,55.060001373291016,55.439998626708984,491300,36.516441345214844,0.0
BG,2006-09-11,55.540000915527344,55.880001068115234,54.959999084472656,54.970001220703125,695300,36.20686340332031,0.0
BG,2006-09-12,54.959999084472656,55.36000061035156,54.599998474121094,55.29999923706055,744800,36.4242057800293,0.0
BG,2006-09-13,55.459999084472656,55.86000061035156,55.369998931884766,55.58000183105469,595800,36.60863494873047,0.0
BG,2006-09-14,55.25,56.099998474121094,55.25,56.04999923706055,843900,36.918212890625,0.0
BG,2006-09-15,56.220001220703125,57.5,56.209999084472656,57.5,1096000,37.8732795715332,0.0
BG,2006-09-18,57.58000183105469,58.25,57.34000015258789,57.52000045776367,745000,37.88645935058594,0.0
BG,2006-09-19,57.650001525878906,58.18000030517578,57.470001220703125,58.06999969482422,573000,38.24872589111328,0.0
BG,2006-09-20,58.2400016784668,59.27000045776367,58.130001068115234,58.650001525878906,1094300,38.6307487487793,0.0
BG,2006-09-21,58.54999923706055,58.599998474121094,57.68000030517578,57.91999816894531,529200,38.14990997314453,0.0
BG,2006-09-22,57.9900016784668,58.0,56.88999938964844,57.150001525878906,698000,37.64275360107422,0.0
BG,2006-09-25,56.47999954223633,57.0,56.380001068115234,56.81999969482422,597200,37.42539596557617,0.0
BG,2006-09-26,57.75,57.810001373291016,57.34000015258789,57.47999954223633,389500,37.86009979248047,0.0
BG,2006-09-27,57.52000045776367,57.970001220703125,57.20000076293945,57.349998474121094,656900,37.774471282958984,0.0
BG,2006-09-28,57.36000061035156,57.54999923706055,56.709999084472656,57.130001068115234,598400,37.629573822021484,0.0
BG,2006-09-29,56.900001525878906,58.150001525878906,56.900001525878906,57.95000076293945,699000,38.169677734375,0.0
BG,2006-10-02,57.560001373291016,58.29999923706055,57.529998779296875,58.130001068115234,446600,38.28824234008789,0.0
BG,2006-10-03,58.150001525878906,58.599998474121094,57.619998931884766,58.2599983215332,547700,38.373863220214844,0.0
BG,2006-10-04,57.90999984741211,57.97999954223633,57.400001525878906,57.869998931884766,893100,38.116981506347656,0.0
BG,2006-10-05,57.900001525878906,58.38999938964844,57.849998474121094,58.33000183105469,314000,38.419979095458984,0.0
BG,2006-10-06,58.31999969482422,58.61000061035156,57.97999954223633,58.189998626708984,462300,38.32776641845703,0.0
BG,2006-10-09,58.25,58.84000015258789,58.099998474121094,58.72999954223633,370000,38.68343734741211,0.0
BG,2006-10-10,58.75,58.77000045776367,57.779998779296875,58.18000030517578,1074400,38.321170806884766,0.0
BG,2006-10-11,58.0,58.619998931884766,57.31999969482422,58.36000061035156,613800,38.439727783203125,0.0
BG,2006-10-12,58.36000061035156,59.400001525878906,58.189998626708984,59.400001525878906,816100,39.12474060058594,0.0
BG,2006-10-13,59.400001525878906,60.25,59.15999984741211,60.0,1106000,39.51994705200195,0.0
BG,2006-10-16,60.0,60.36000061035156,59.70000076293945,60.36000061035156,707100,39.7570686340332,0.0
BG,2006-10-17,60.11000061035156,60.38999938964844,59.81999969482422,60.099998474121094,910700,39.585819244384766,0.0
BG,2006-10-18,59.9900016784668,60.0,59.11000061035156,59.5,1526700,39.19060516357422,0.0
BG,2006-10-19,60.0,60.0,59.34000015258789,59.91999816894531,529300,39.46725082397461,0.0
BG,2006-10-20,59.77000045776367,59.88999938964844,59.380001068115234,59.869998931884766,435900,39.43431854248047,0.0
BG,2006-10-23,59.09000015258789,59.220001220703125,57.310001373291016,57.849998474121094,1972700,38.10382080078125,0.0
BG,2006-10-24,57.849998474121094,58.68000030517578,57.79999923706055,58.369998931884766,1518300,38.446319580078125,0.0
BG,2006-10-25,58.060001373291016,58.86000061035156,57.7400016784668,58.86000061035156,1533400,38.76906967163086,0.0
BG,2006-10-26,59.0,63.290000915527344,59.0,62.689998626708984,3420800,41.291748046875,0.0
BG,2006-10-27,61.849998474121094,62.20000076293945,61.5,61.599998474121094,1220500,40.57379913330078,0.0
BG,2006-10-30,60.79999923706055,62.439998626708984,60.75,62.27000045776367,1644800,41.01512145996094,0.0
BG,2006-10-31,62.02000045776367,64.23999786376953,61.79999923706055,64.11000061035156,2760100,42.227054595947266,0.0
BG,2006-11-01,64.12000274658203,65.8499984741211,64.12000274658203,64.56999969482422,1631500,42.53004455566406,0.0
BG,2006-11-02,64.66000366210938,64.8499984741211,64.0999984741211,64.2300033569336,522500,42.30609893798828,0.0
BG,2006-11-03,64.29000091552734,64.88999938964844,64.23999786376953,64.58000183105469,715400,42.536617279052734,0.0
BG,2006-11-06,64.73999786376953,64.80999755859375,64.37000274658203,64.75,941200,42.64860916137695,0.0
BG,2006-11-07,64.80000305175781,65.62000274658203,64.75,65.13999938964844,1013400,42.905487060546875,0.0
BG,2006-11-08,65.0,66.56999969482422,64.77999877929688,65.93000030517578,1050300,43.42583465576172,0.0
BG,2006-11-09,67.0,69.69999694824219,67.0,68.16000366210938,1947800,44.8946647644043,0.0
BG,2006-11-10,68.08000183105469,68.37999725341797,66.86000061035156,67.61000061035156,855000,44.53237533569336,0.0
BG,2006-11-13,67.5,67.58999633789062,66.61000061035156,67.5,380600,44.45994567871094,0.0
BG,2006-11-14,67.29000091552734,67.30000305175781,65.66999816894531,65.86000061035156,2513400,43.4827880859375,0.16
BG,2006-11-15,65.86000061035156,66.0,65.3499984741211,65.93000030517578,3432600,43.52901840209961,0.0
BG,2006-11-16,66.19999694824219,66.61000061035156,65.87999725341797,66.18000030517578,1332800,43.69408416748047,0.0
BG,2006-11-17,66.18000030517578,66.37000274658203,65.79000091552734,66.02999877929688,964300,43.59503173828125,0.0
BG,2006-11-20,65.5,66.20999908447266,65.29000091552734,66.12000274658203,535100,43.654457092285156,0.0
BG,2006-11-21,66.19999694824219,68.5,66.16000366210938,68.5,2157000,45.22580337524414,0.0
BG,2006-11-22,68.0,69.6500015258789,68.0,69.02999877929688,1506100,45.57572555541992,0.0
BG,2006-11-24,69.4800033569336,69.94999694824219,69.23999786376953,69.54000091552734,379600,45.912437438964844,0.0
BG,2006-11-27,69.41999816894531,69.41999816894531,67.62999725341797,68.0999984741211,1296300,44.96171188354492,0.0
BG,2006-11-28,67.8499984741211,67.98999786376953,67.12999725341797,67.70999908447266,972500,44.70421600341797,0.0
BG,2006-11-29,68.25,69.77999877929688,68.18000030517578,69.77999877929688,961400,46.070892333984375,0.0
BG,2006-11-30,69.94999694824219,70.88999938964844,69.79000091552734,70.5,1060600,46.5462646484375,0.0
BG,2006-12-01,70.6500015258789,70.9000015258789,69.83999633789062,69.9800033569336,628000,46.202945709228516,0.0
BG,2006-12-04,69.94999694824219,71.58000183105469,69.91000366210938,70.9000015258789,971300,46.81035614013672,0.0
BG,2006-12-05,70.5999984741211,71.69999694824219,70.5999984741211,71.43000030517578,841600,47.1602783203125,0.0
BG,2006-12-06,70.83000183105469,72.19999694824219,70.62000274658203,72.01000213623047,1727500,47.543216705322266,0.0
BG,2006-12-07,71.94999694824219,72.36000061035156,71.72000122070312,72.0,1363300,47.53662109375,0.0
BG,2006-12-08,72.1500015258789,72.66000366210938,72.06999969482422,72.5999984741211,469800,47.932769775390625,0.0
BG,2006-12-11,72.75,73.25,72.20999908447266,73.12000274658203,839100,48.276065826416016,0.0
BG,2006-12-12,73.0,73.1500015258789,71.87999725341797,72.44000244140625,1561900,47.827117919921875,0.0
BG,2006-12-13,72.80000305175781,72.93000030517578,71.9000015258789,72.0,817200,47.53662109375,0.0
BG,2006-12-14,72.38999938964844,73.22000122070312,71.87999725341797,73.16999816894531,812800,48.30908966064453,0.0
BG,2006-12-15,73.41999816894531,73.45999908447266,72.3499984741211,72.8499984741211,660500,48.09779739379883,0.0
BG,2006-12-18,72.8499984741211,72.88999938964844,70.5199966430664,71.0199966430664,1036400,46.88958740234375,0.0
BG,2006-12-19,70.55000305175781,70.70999908447266,69.87000274658203,70.5,637600,46.5462646484375,0.0
BG,2006-12-20,70.6500015258789,70.9000015258789,70.05000305175781,70.2699966430664,733600,46.39439392089844,0.0
BG,2006-12-21,70.38999938964844,71.30000305175781,70.05999755859375,70.18000030517578,462700,46.334991455078125,0.0
BG,2006-12-22,70.18000030517578,71.0999984741211,69.68000030517578,70.61000061035156,431900,46.61888885498047,0.0
BG,2006-12-26,70.61000061035156,71.0999984741211,70.20999908447266,71.04000091552734,482800,46.90278625488281,0.0
BG,2006-12-27,71.19999694824219,72.5999984741211,71.19999694824219,72.19999694824219,696600,47.66866683959961,0.0
BG,2006-12-28,72.19999694824219,73.54000091552734,72.19999694824219,73.12000274658203,820100,48.276065826416016,0.0
BG,2006-12-29,73.0,73.33000183105469,72.41999816894531,72.51000213623047,620300,47.87333679199219,0.0
BG,2007-01-03,72.51000213623047,72.51000213623047,71.16000366210938,71.5999984741211,656600,47.27251052856445,0.0
BG,2007-01-04,71.5,72.47000122070312,70.94999694824219,71.20999908447266,1149900,47.0150260925293,0.0
BG,2007-01-05,71.08000183105469,71.08999633789062,69.91000366210938,70.12999725341797,821400,46.30198287963867,0.0
BG,2007-01-08,71.0,72.30999755859375,70.23999786376953,71.3499984741211,704100,47.10746765136719,0.0
BG,2007-01-09,71.3499984741211,72.41000366210938,70.94000244140625,71.27999877929688,649600,47.06123352050781,0.0
BG,2007-01-10,70.8499984741211,71.08000183105469,70.16000366210938,70.75,501700,46.711334228515625,0.0
BG,2007-01-11,70.81999969482422,71.4800033569336,70.68000030517578,71.16999816894531,629100,46.98862838745117,0.0
BG,2007-01-12,71.0,71.68000030517578,70.55000305175781,71.12999725341797,834000,46.962215423583984,0.0
BG,2007-01-16,71.05000305175781,76.0,71.0,75.87000274658203,1960800,50.091712951660156,0.0
BG,2007-01-17,75.8499984741211,75.97000122070312,74.16000366210938,74.69999694824219,1109400,49.3192253112793,0.0
BG,2007-01-18,74.68000030517578,74.68000030517578,74.0,74.5999984741211,573300,49.25322723388672,0.0
BG,2007-01-19,74.5,75.16999816894531,74.12999725341797,75.05000305175781,786100,49.550315856933594,0.0
BG,2007-01-22,75.0,75.5,74.6500015258789,75.25,666800,49.682376861572266,0.0
BG,2007-01-23,75.1500015258789,77.37999725341797,74.94999694824219,76.37999725341797,1335000,50.42841720581055,0.0
BG,2007-01-24,75.8499984741211,75.87000274658203,75.25,75.5199966430664,916100,49.86061477661133,0.0
BG,2007-01-25,75.5199966430664,76.44999694824219,75.18000030517578,75.62000274658203,863800,49.926658630371094,0.0
BG,2007-01-26,75.66000366210938,76.25,75.66000366210938,75.91000366210938,764600,50.11809158325195,0.0
BG,2007-01-29,76.0,77.30000305175781,75.98999786376953,76.62000274658203,785200,50.586883544921875,0.0
BG,2007-01-30,76.5,76.51000213623047,75.76000213623047,76.27999877929688,608600,50.36240005493164,0.0
BG,2007-01-31,76.76000213623047,77.19999694824219,76.62999725341797,76.94999694824219,828300,50.80474853515625,0.0
BG,2007-02-01,77.0,79.8499984741211,76.94000244140625,79.6500015258789,1758900,52.58737564086914,0.0
BG,2007-02-02,78.5,78.5,77.25,78.19999694824219,1285300,51.63003158569336,0.0
BG,2007-02-05,79.19999694824219,79.25,78.05999755859375,78.51000213623047,1247600,51.834720611572266,0.0
BG,2007-02-06,78.30000305175781,78.45999908447266,77.88999938964844,78.25,1115500,51.6630744934082,0.0
BG,2007-02-07,78.0,78.81999969482422,77.5999984741211,78.29000091552734,1365100,51.6894645690918,0.0
BG,2007-02-08,79.5,80.5,78.23999786376953,79.75,2518700,52.65339660644531,0.0
BG,2007-02-09,81.25,81.48999786376953,79.55000305175781,80.16999816894531,1296700,52.930686950683594,0.0
BG,2007-02-12,80.0199966430664,80.12999725341797,78.94999694824219,79.69999694824219,884000,52.725624084472656,0.16
BG,2007-02-13,79.70999908447266,80.05000305175781,79.41999816894531,79.75,884600,52.7586784362793,0.0
BG,2007-02-14,80.1500015258789,80.55000305175781,79.86000061035156,79.91999816894531,887800,52.871158599853516,0.0
BG,2007-02-15,79.9000015258789,81.0999984741211,79.83999633789062,80.44999694824219,1085900,53.221778869628906,0.0
BG,2007-02-16,80.5,80.8499984741211,80.16999816894531,80.55999755859375,554900,53.294559478759766,0.0
BG,2007-02-20,81.30000305175781,83.80000305175781,80.83999633789062,83.5199966430664,1850300,55.252708435058594,0.0
BG,2007-02-21,83.12000274658203,85.55999755859375,82.94000244140625,85.18000030517578,1675500,56.35091781616211,0.0
BG,2007-02-22,85.5,85.68000030517578,84.25,85.26000213623047,1477400,56.40385437011719,0.0
BG,2007-02-23,84.98999786376953,85.0,84.01000213623047,84.30000305175781,584700,55.768733978271484,0.0
BG,2007-02-26,84.5,85.48999786376953,83.56999969482422,84.23999786376953,627700,55.72905349731445,0.0
BG,2007-02-27,82.3499984741211,83.61000061035156,76.5,78.95999908447266,2170700,52.2360725402832,0.0
BG,2007-02-28,78.80000305175781,79.70999908447266,78.0999984741211,79.2699966430664,1132900,52.441162109375,0.0
BG,2007-03-01,78.0,80.69000244140625,77.0999984741211,80.5199966430664,1340600,53.26808547973633,0.0
BG,2007-03-02,79.5999984741211,79.5999984741211,76.80999755859375,76.97000122070312,1288900,50.91956329345703,0.0
BG,2007-03-05,74.91000366210938,76.27999877929688,74.51000213623047,75.0199966430664,966200,49.62955856323242,0.0
BG,2007-03-06,75.8499984741211,77.0199966430664,75.66999816894531,76.7300033569336,943600,50.76081848144531,0.0
BG,2007-03-07,76.5,78.04000091552734,75.93000030517578,76.30000305175781,990600,50.476356506347656,0.0
BG,2007-03-08,76.94999694824219,78.12999725341797,76.8499984741211,77.83999633789062,777700,51.49513244628906,0.0
BG,2007-03-09,78.0,78.83000183105469,77.6500015258789,78.33999633789062,442500,51.82590103149414,0.0
BG,2007-03-12,78.3499984741211,79.0,77.63999938964844,78.55000305175781,991600,51.96482467651367,0.0
BG,2007-03-13,78.55000305175781,79.05999755859375,75.56999969482422,75.69000244140625,706200,50.07280731201172,0.0
BG,2007-03-14,75.5,76.22000122070312,73.70999908447266,75.70999908447266,1324800,50.086021423339844,0.0
BG,2007-03-15,75.55000305175781,76.98999786376953,75.5,76.75,637000,50.77404022216797,0.0
BG,2007-03-16,76.75,77.31999969482422,75.87999725341797,75.87999725341797,931700,50.19850158691406,0.0
BG,2007-03-19,75.87999725341797,76.5,75.0999984741211,75.75,758000,50.11248016357422,0.0
BG,2007-03-20,75.69999694824219,77.9000015258789,75.58000183105469,77.80000305175781,813800,51.468658447265625,0.0
BG,2007-03-21,78.0,80.69000244140625,77.5199966430664,79.61000061035156,1357200,52.666080474853516,0.0
BG,2007-03-22,80.4800033569336,80.80000305175781,79.27999877929688,79.3499984741211,443500,52.494083404541016,0.0
BG,2007-03-23,79.0999984741211,79.97000122070312,79.08999633789062,79.88999938964844,510500,52.85133361816406,0.0
BG,2007-03-26,79.87999725341797,81.75,79.75,81.75,1064000,54.081809997558594,0.0
BG,2007-03-27,81.51000213623047,81.68000030517578,80.06999969482422,80.27999877929688,562800,53.10930252075195,0.0
BG,2007-03-28,80.77999877929688,81.80000305175781,80.5199966430664,81.61000061035156,554500,53.98918914794922,0.0
BG,2007-03-29,82.0,82.98999786376953,81.27999877929688,82.23999786376953,623200,54.40595626831055,0.0
BG,2007-03-30,82.94999694824219,83.75,81.51000213623047,82.22000122070312,1069900,54.39274597167969,0.0
BG,2007-04-02,82.30000305175781,83.86000061035156,82.0999984741211,83.69000244140625,914300,55.365203857421875,0.0
BG,2007-04-03,78.0,82.5199966430664,76.38999938964844,81.4000015258789,6319400,53.85026931762695,0.0
BG,2007-04-04,80.9000015258789,81.3499984741211,78.47000122070312,78.80999755859375,1992500,52.136817932128906,0.0
BG,2007-04-05,79.11000061035156,79.1500015258789,76.55999755859375,77.08999633789062,1976100,50.99894714355469,0.0
BG,2007-04-09,77.2699966430664,77.45999908447266,76.51000213623047,76.80999755859375,951900,50.81371307373047,0.0
BG,2007-04-10,77.0,77.29000091552734,76.44999694824219,76.9000015258789,824300,50.87326431274414,0.0
BG,2007-04-11,76.9000015258789,77.33000183105469,76.62000274658203,77.0,1030200,50.93940734863281,0.0
BG,2007-04-12,76.94999694824219,77.1500015258789,76.30000305175781,76.55999755859375,760800,50.64833068847656,0.0
BG,2007-04-13,76.4000015258789,76.79000091552734,75.3499984741211,76.0999984741211,896200,50.344024658203125,0.0
BG,2007-04-16,76.20999908447266,76.58000183105469,73.88999938964844,74.7699966430664,2247400,49.46417999267578,0.0
BG,2007-04-17,74.7699966430664,75.76000213623047,74.0,75.5,1924400,49.94709777832031,0.0
BG,2007-04-18,75.25,75.95999908447266,75.0,75.77999877929688,930800,50.13232421875,0.0
BG,2007-04-19,74.94000244140625,76.9000015258789,74.55000305175781,76.73999786376953,1127300,50.767417907714844,0.0
BG,2007-04-20,77.54000091552734,79.2300033569336,77.0199966430664,77.55000305175781,1192100,51.303279876708984,0.0
BG,2007-04-23,77.55000305175781,79.43000030517578,76.86000061035156,78.91999816894531,951800,52.209590911865234,0.0
BG,2007-04-24,78.91999816894531,78.98999786376953,78.25,78.54000091552734,858900,51.95823287963867,0.0
BG,2007-04-25,79.19999694824219,79.54000091552734,78.0,78.69999694824219,1156400,52.064064025878906,0.0
BG,2007-04-26,78.4000015258789,78.54000091552734,74.75,77.79000091552734,3527400,51.46207046508789,0.0
BG,2007-04-27,77.73999786376953,77.91000366210938,76.5999984741211,77.08999633789062,972700,50.99894714355469,0.0
BG,2007-04-30,77.08999633789062,77.43000030517578,75.76000213623047,75.76000213623047,869900,50.11910629272461,0.0
BG,2007-05-01,75.4800033569336,75.55999755859375,74.4000015258789,75.33999633789062,1101200,49.84125518798828,0.0
BG,2007-05-02,75.52999877929688,76.73999786376953,75.16999816894531,76.2300033569336,848900,50.4300422668457,0.0
BG,2007-05-03,76.18000030517578,76.43000030517578,75.55999755859375,76.26000213623047,399400,50.44987106323242,0.0
BG,2007-05-04,76.30000305175781,76.5,75.31999969482422,76.36000061035156,521400,50.516048431396484,0.0
BG,2007-05-07,75.76000213623047,76.80999755859375,75.3499984741211,75.5999984741211,501900,50.013248443603516,0.0
BG,2007-05-08,75.3499984741211,76.0,74.80000305175781,74.94999694824219,750000,49.583255767822266,0.0
BG,2007-05-09,74.91000366210938,75.02999877929688,74.22000122070312,74.62999725341797,960400,49.37155532836914,0.0
BG,2007-05-10,74.62999725341797,75.04000091552734,71.87999725341797,72.23999786376953,1718000,47.790443420410156,0.0
BG,2007-05-11,72.25,73.37999725341797,72.0999984741211,73.25,972700,48.4586067199707,0.0
BG,2007-05-14,73.44999694824219,73.54000091552734,71.5999984741211,71.80999755859375,1085700,47.5059814453125,0.0
BG,2007-05-15,71.4000015258789,73.3499984741211,70.97000122070312,72.2300033569336,1267200,47.89052963256836,0.16
BG,2007-05-16,72.48999786376953,75.01000213623047,72.37999725341797,74.86000061035156,1840400,49.63429641723633,0.0
BG,2007-05-17,74.87000274658203,75.95999908447266,74.80999755859375,75.69999694824219,1265600,50.19123458862305,0.0
BG,2007-05-18,76.69999694824219,79.72000122070312,76.44000244140625,79.72000122070312,2273000,52.856632232666016,0.0
BG,2007-05-21,79.72000122070312,79.72000122070312,78.66000366210938,79.16999816894531,1665900,52.49192428588867,0.0
BG,2007-05-22,79.72000122070312,80.68000030517578,79.0199966430664,79.56999969482422,1404800,52.75716781616211,0.0
BG,2007-05-23,79.55000305175781,81.0,79.52999877929688,79.72000122070312,850700,52.856632232666016,0.0
BG,2007-05-24,79.55000305175781,80.27999877929688,78.2300033569336,78.55000305175781,1022800,52.08086395263672,0.0
BG,2007-05-25,78.94999694824219,79.05999755859375,78.04000091552734,78.12999725341797,603000,51.80241394042969,0.0
BG,2007-05-29,78.18000030517578,78.18000030517578,77.0,77.66000366210938,662500,51.49079132080078,0.0
BG,2007-05-30,77.66999816894531,78.7699966430664,76.41999816894531,78.29000091552734,1158500,51.90848922729492,0.0
BG,2007-05-31,78.19999694824219,78.56999969482422,77.31999969482422,78.12000274658203,851100,51.79575729370117,0.0
BG,2007-06-01,78.23999786376953,78.87999725341797,77.37999725341797,78.58999633789062,1063900,52.10737991333008,0.0
BG,2007-06-04,78.5,78.61000061035156,76.4800033569336,76.8499984741211,980400,50.9537353515625,0.0
BG,2007-06-05,77.86000061035156,77.86000061035156,76.48999786376953,76.91000366210938,830600,50.99350357055664,0.0
BG,2007-06-06,76.55000305175781,76.55000305175781,74.86000061035156,75.16000366210938,1106800,49.833213806152344,0.0
BG,2007-06-07,74.75,75.58000183105469,73.66000366210938,73.77999877929688,811500,48.918216705322266,0.0
BG,2007-06-08,73.76000213623047,75.22000122070312,73.0,75.02999877929688,645100,49.747005462646484,0.0
BG,2007-06-11,74.8499984741211,77.2699966430664,74.8499984741211,76.87000274658203,979100,50.966983795166016,0.0
BG,2007-06-12,76.87000274658203,77.73999786376953,76.47000122070312,77.11000061035156,1433800,51.1261100769043,0.0
BG,2007-06-13,77.80000305175781,79.7300033569336,77.7300033569336,79.62999725341797,1467100,52.79692840576172,0.0
BG,2007-06-14,80.0,82.25,79.95999908447266,80.94000244140625,1438300,53.665523529052734,0.0
BG,2007-06-15,81.5,82.04000091552734,80.9000015258789,81.45999908447266,731100,54.01028060913086,0.0
BG,2007-06-18,82.0,82.58999633789062,81.38999938964844,81.88999938964844,1037700,54.2953987121582,0.0
BG,2007-06-19,81.30000305175781,81.62000274658203,80.69999694824219,81.41000366210938,870100,53.97713088989258,0.0
BG,2007-06-20,81.5199966430664,82.5999984741211,80.9800033569336,81.27999877929688,643000,53.89095687866211,0.0
BG,2007-06-21,81.3499984741211,81.6500015258789,79.70999908447266,81.41999816894531,669500,53.983734130859375,0.0
BG,2007-06-22,81.0,83.70999908447266,79.81999969482422,81.5199966430664,6571100,54.050052642822266,0.0
BG,2007-06-25,81.51000213623047,81.51000213623047,79.41999816894531,79.87000274658203,1070200,52.956077575683594,0.0
BG,2007-06-26,79.5999984741211,81.30000305175781,79.5999984741211,80.41999816894531,1099100,53.32073211669922,0.0
BG,2007-06-27,79.30999755859375,80.25,78.61000061035156,80.11000061035156,958300,53.115203857421875,0.0
BG,2007-06-28,80.5,82.5,80.30999755859375,82.11000061035156,1160400,54.44125747680664,0.0
BG,2007-06-29,82.36000061035156,84.75,81.81999969482422,84.5,1579800,56.025882720947266,0.0
BG,2007-07-02,84.5,86.63999938964844,84.5,86.55000305175781,1532200,57.38509750366211,0.0
BG,2007-07-03,86.5,87.33000183105469,85.5,87.30000305175781,515200,57.882389068603516,0.0
BG,2007-07-05,87.30000305175781,87.70999908447266,84.5,84.91000366210938,1077800,56.297733306884766,0.0
BG,2007-07-06,85.8499984741211,88.27999877929688,85.61000061035156,87.16999816894531,1243700,57.79619598388672,0.0
BG,2007-07-09,87.16999816894531,88.05999755859375,85.8499984741211,86.41000366210938,1010900,57.29226303100586,0.0
BG,2007-07-10,86.2300033569336,86.36000061035156,83.8499984741211,84.0,1419000,55.69437789916992,0.0
BG,2007-07-11,83.63999938964844,84.9000015258789,83.5,84.0999984741211,888600,55.76067352294922,0.0
BG,2007-07-12,84.0999984741211,84.80000305175781,83.98999786376953,84.5,714100,56.025882720947266,0.0
BG,2007-07-13,84.5,84.9800033569336,83.68000030517578,84.69999694824219,1055700,56.15849685668945,0.0
BG,2007-07-16,84.75,85.1500015258789,84.1500015258789,84.95999908447266,758200,56.330909729003906,0.0
BG,2007-07-17,84.9000015258789,86.41999816894531,84.30000305175781,84.36000061035156,949900,55.933067321777344,0.0
BG,2007-07-18,84.44000244140625,84.8499984741211,83.05999755859375,84.19000244140625,831400,55.82036590576172,0.0
BG,2007-07-19,84.12999725341797,86.80000305175781,84.12999725341797,86.63999938964844,947700,57.44476318359375,0.0
BG,2007-07-20,86.63999938964844,86.91000366210938,84.94999694824219,85.73999786376953,1157200,56.84804153442383,0.0
BG,2007-07-23,86.19999694824219,86.44000244140625,84.63999938964844,86.1500015258789,868500,57.1198844909668,0.0
BG,2007-07-24,85.37000274658203,86.62000274658203,85.08000183105469,86.0,998900,57.02044677734375,0.0
BG,2007-07-25,85.8499984741211,86.3499984741211,84.70999908447266,85.08000183105469,1290100,56.410430908203125,0.0
BG,2007-07-26,87.55000305175781,94.62999725341797,86.3499984741211,88.98999786376953,6140600,59.002906799316406,0.0
BG,2007-07-27,88.9000015258789,90.45999908447266,86.8499984741211,88.31999969482422,2307600,58.55867004394531,0.0
BG,2007-07-30,88.41999816894531,91.26000213623047,88.30000305175781,90.23999786376953,1841200,59.831695556640625,0.0
BG,2007-07-31,91.08000183105469,93.62999725341797,90.2699966430664,90.61000061035156,1777600,60.07699966430664,0.0
BG,2007-08-01,91.3499984741211,92.0999984741211,89.55000305175781,90.45999908447266,1883300,59.977542877197266,0.0
BG,2007-08-02,90.6500015258789,95.12000274658203,90.41000366210938,94.2300033569336,1895300,62.477176666259766,0.0
BG,2007-08-03,94.27999877929688,94.62000274658203,92.0,92.16999816894531,1239300,61.1113166809082,0.0
BG,2007-08-06,92.05999755859375,92.91000366210938,90.94999694824219,92.72000122070312,1532400,61.47597122192383,0.0
BG,2007-08-07,92.7300033569336,93.73999786376953,91.80000305175781,91.94000244140625,1588500,60.95882797241211,0.0
BG,2007-08-08,93.36000061035156,93.54000091552734,91.06999969482422,91.45999908447266,1367100,60.64055252075195,0.0
BG,2007-08-09,90.86000061035156,91.5,84.0,89.87000274658203,2030300,59.586360931396484,0.0
BG,2007-08-10,89.81999969482422,89.81999969482422,86.79000091552734,87.87999725341797,1587400,58.26690673828125,0.0
BG,2007-08-13,89.01000213623047,89.68000030517578,86.52999877929688,86.79000091552734,931100,57.54421615600586,0.0
BG,2007-08-14,86.79000091552734,88.51000213623047,85.2300033569336,85.2300033569336,810400,56.50990295410156,0.0
BG,2007-08-15,84.75,87.33000183105469,84.55000305175781,84.80000305175781,1110000,56.337162017822266,0.17
BG,2007-08-16,83.5199966430664,84.62999725341797,80.7300033569336,81.0,1723700,53.81261444091797,0.0
BG,2007-08-17,82.9000015258789,84.7300033569336,82.29000091552734,83.12999725341797,1174500,55.22770309448242,0.0
BG,2007-08-20,80.7300033569336,86.0199966430664,80.7300033569336,84.19999694824219,623800,55.938560485839844,0.0
BG,2007-08-21,84.30000305175781,86.80999755859375,84.01000213623047,86.23999786376953,1217300,57.29380416870117,0.0
BG,2007-08-22,87.5199966430664,87.87000274658203,86.79000091552734,87.68000030517578,864000,58.2504768371582,0.0
BG,2007-08-23,87.5999984741211,87.9000015258789,86.27999877929688,86.66999816894531,714600,57.57951354980469,0.0
BG,2007-08-24,86.75,88.44999694824219,86.33000183105469,88.33999633789062,623200,58.68899154663086,0.0
BG,2007-08-27,87.3499984741211,89.2300033569336,86.83000183105469,88.3499984741211,468600,58.695594787597656,0.0
BG,2007-08-28,88.13999938964844,88.30000305175781,85.98999786376953,86.5199966430664,619100,57.47983932495117,0.0
BG,2007-08-29,86.83000183105469,87.41999816894531,86.30999755859375,87.31999969482422,335300,58.0113525390625,0.0
BG,2007-08-30,86.5,90.5999984741211,86.47000122070312,89.87999725341797,761300,59.71207046508789,0.0
BG,2007-08-31,91.33999633789062,91.75,90.69999694824219,91.44000244140625,950500,60.74848556518555,0.0
BG,2007-09-04,91.91000366210938,94.12999725341797,91.91000366210938,93.58999633789062,1382500,62.17683029174805,0.0
BG,2007-09-05,92.48999786376953,93.16999816894531,91.91000366210938,92.47000122070312,709500,61.432769775390625,0.0
BG,2007-09-06,92.37000274658203,94.0,92.37000274658203,92.87999725341797,715700,61.70515060424805,0.0
BG,2007-09-07,92.87000274658203,92.94999694824219,90.87999725341797,91.73999786376953,784100,60.94778823852539,0.0
BG,2007-09-10,91.83000183105469,96.69999694824219,91.37000274658203,95.06999969482422,1456900,63.16007614135742,0.0
BG,2007-09-11,95.06999969482422,98.9000015258789,95.06999969482422,96.95999908447266,1717800,64.41568756103516,0.0
BG,2007-09-12,96.33000183105469,98.1500015258789,95.72000122070312,98.01000213623047,956300,65.11329650878906,0.0
BG,2007-09-13,98.05000305175781,98.43000030517578,96.66999816894531,97.20999908447266,904000,64.5818099975586,0.0
BG,2007-09-14,97.04000091552734,97.26000213623047,95.55999755859375,97.05000305175781,485700,64.47553253173828,0.0
BG,2007-09-17,97.19999694824219,97.68000030517578,95.72000122070312,96.5999984741211,366000,64.17655181884766,0.0
BG,2007-09-18,97.41999816894531,100.5,95.9800033569336,99.75,1542300,66.2692642211914,0.0
BG,2007-09-19,100.98999786376953,101.0999984741211,99.79000091552734,100.08000183105469,1018500,66.48849487304688,0.0
BG,2007-09-20,100.0,100.44999694824219,98.5,99.18000030517578,772400,65.89058685302734,0.0
BG,2007-09-21,100.0,104.6500015258789,99.52999877929688,102.5199966430664,1846500,68.10948944091797,0.0
BG,2007-09-24,103.30000305175781,104.13999938964844,100.5999984741211,101.58999633789062,1099800,67.49169921875,0.0
BG,2007-09-25,100.88999938964844,103.33000183105469,100.23999786376953,103.08000183105469,802600,68.48153686523438,0.0
BG,2007-09-26,104.0,105.81999969482422,102.05000305175781,103.06999969482422,961000,68.47488403320312,0.0
BG,2007-09-27,103.2699966430664,105.58999633789062,103.2699966430664,105.37999725341797,994900,70.00955200195312,0.0
BG,2007-09-28,104.75,107.76000213623047,104.75,107.44999694824219,1672000,71.38478088378906,0.0
BG,2007-10-01,108.0,108.93000030517578,106.75,108.3499984741211,1021000,71.98267364501953,0.0
BG,2007-10-02,109.08000183105469,110.41999816894531,102.95999908447266,105.0999984741211,2065300,69.82354736328125,0.0
BG,2007-10-03,105.0999984741211,105.83000183105469,102.56999969482422,102.80000305175781,1393900,68.29554748535156,0.0
BG,2007-10-04,102.80000305175781,103.55000305175781,101.66999816894531,102.44000244140625,1449000,68.05636596679688,0.0
BG,2007-10-05,103.5,104.61000061035156,101.8499984741211,102.19000244140625,783000,67.89026641845703,0.0
BG,2007-10-08,102.3499984741211,103.75,102.19999694824219,103.30999755859375,818400,68.63433837890625,0.0
BG,2007-10-09,104.0,106.55000305175781,102.44999694824219,105.44000244140625,1029800,70.0494384765625,0.0
BG,2007-10-10,104.5,109.18000030517578,104.16000366210938,107.16999816894531,1013600,71.1987533569336,0.0
BG,2007-10-11,108.0,108.23999786376953,103.04000091552734,104.08000183105469,1171100,69.14591217041016,0.0
BG,2007-10-12,104.55000305175781,106.5,103.63999938964844,103.81999969482422,683400,68.97317504882812,0.0
BG,2007-10-15,103.9000015258789,103.9000015258789,102.58999633789062,103.5,569600,68.7605972290039,0.0
BG,2007-10-16,102.94999694824219,108.33999633789062,102.58999633789062,107.69999694824219,1202300,71.55085754394531,0.0
BG,2007-10-17,108.29000091552734,109.52999877929688,105.13999938964844,106.58999633789062,1017400,70.81344604492188,0.0
BG,2007-10-18,106.41000366210938,108.38999938964844,104.73999786376953,107.37000274658203,818000,71.33159637451172,0.0
BG,2007-10-19,107.55999755859375,107.76000213623047,105.70999908447266,106.01000213623047,666200,70.4281005859375,0.0
BG,2007-10-22,105.91999816894531,105.91999816894531,102.37000274658203,104.63999938964844,1025300,69.51795959472656,0.0
BG,2007-10-23,105.58999633789062,109.45999908447266,105.20999908447266,109.16999816894531,894400,72.52748107910156,0.0
BG,2007-10-24,109.16000366210938,112.19000244140625,107.91000366210938,112.05000305175781,1214100,74.44080352783203,0.0
BG,2007-10-25,120.5999984741211,122.0,112.02999877929688,116.75,4146400,77.56328582763672,0.0
BG,2007-10-26,115.36000061035156,116.4000015258789,113.94999694824219,114.9000015258789,1256800,76.33419036865234,0.0
BG,2007-10-29,115.62000274658203,115.8499984741211,114.23999786376953,115.1500015258789,883900,76.50031280517578,0.0
BG,2007-10-30,115.1500015258789,119.0,112.94000244140625,114.08999633789062,778600,75.79607391357422,0.0
BG,2007-10-31,114.08999633789062,115.2300033569336,112.5,115.19000244140625,880600,76.52684783935547,0.0
BG,2007-11-01,111.30999755859375,111.30999755859375,102.19999694824219,103.11000061035156,4165500,68.50146484375,0.0
BG,2007-11-02,103.25,103.98999786376953,100.63999938964844,103.66000366210938,3738000,68.86690521240234,0.0
BG,2007-11-05,103.44999694824219,104.02999877929688,102.0999984741211,103.0199966430664,1456700,68.44168853759766,0.0
BG,2007-11-06,103.1500015258789,107.97000122070312,103.1500015258789,107.97000122070312,2114400,71.73023223876953,0.0
BG,2007-11-07,107.47000122070312,109.08000183105469,105.69999694824219,106.6500015258789,1650300,70.8532943725586,0.0
BG,2007-11-08,106.18000030517578,110.37999725341797,106.0,110.05999755859375,1821900,73.11872100830078,0.0
BG,2007-11-09,109.79000091552734,111.94000244140625,107.5999984741211,109.86000061035156,1440700,72.98587799072266,0.0
BG,2007-11-12,109.19000244140625,111.0,102.25,103.1500015258789,1437200,68.528076171875,0.0
BG,2007-11-13,106.0,110.55999755859375,104.81999969482422,110.02999877929688,1592300,73.09880065917969,0.0
BG,2007-11-14,111.13999938964844,111.9800033569336,107.73999786376953,107.9000015258789,1100400,71.79468536376953,0.17
BG,2007-11-15,107.05000305175781,107.9800033569336,105.05000305175781,106.94000244140625,816100,71.15589141845703,0.0
BG,2007-11-16,108.0,110.1500015258789,106.37999725341797,110.0199966430664,840100,73.20523071289062,0.0
BG,2007-11-19,108.80999755859375,109.02999877929688,105.0,107.5,1607000,71.52849578857422,0.0
BG,2007-11-20,108.0,109.44000244140625,106.5,108.97000122070312,1209000,72.50662231445312,0.0
BG,2007-11-21,107.52999877929688,110.0,106.61000061035156,108.6500015258789,660700,72.29367065429688,0.0
BG,2007-11-23,109.87999725341797,110.69999694824219,105.3499984741211,106.0199966430664,487800,70.54370880126953,0.0
BG,2007-11-26,105.52999877929688,109.58000183105469,105.5,107.80000305175781,952400,71.72813415527344,0.0
BG,2007-11-27,108.66999816894531,109.2699966430664,106.2699966430664,109.2699966430664,941400,72.70626068115234,0.0
BG,2007-11-28,110.72000122070312,116.86000061035156,109.33000183105469,116.30000305175781,1883600,77.38385772705078,0.0
BG,2007-11-29,117.0999984741211,117.0999984741211,111.08999633789062,113.44999694824219,1565300,75.48751068115234,0.0
BG,2007-11-30,114.75,115.0,110.20999908447266,112.33999633789062,1219800,74.74894714355469,0.0
BG,2007-12-03,112.5,119.88999938964844,111.9000015258789,118.91999816894531,1971600,79.12715911865234,0.0
BG,2007-12-04,119.5199966430664,122.47000122070312,118.11000061035156,120.5,2005200,80.1784896850586,0.0
BG,2007-12-05,121.36000061035156,121.70999908447266,118.44999694824219,120.29000091552734,1033600,80.03874969482422,0.0
BG,2007-12-06,120.43000030517578,123.5999984741211,118.31999969482422,123.0199966430664,928300,81.85520935058594,0.0
BG,2007-12-07,123.54000091552734,125.41000366210938,121.83999633789062,123.83999633789062,1014700,82.40084838867188,0.0
BG,2007-12-10,124.87000274658203,125.13999938964844,121.33000183105469,124.2300033569336,918900,82.66030883789062,0.0
BG,2007-12-11,125.52999877929688,125.52999877929688,119.37000274658203,119.37000274658203,1329800,79.42655944824219,0.0
BG,2007-12-12,122.94000244140625,122.94000244140625,117.30999755859375,117.80000305175781,1536800,78.38194274902344,0.0
BG,2007-12-13,117.33000183105469,119.0,115.4800033569336,116.7699966430664,897000,77.69657135009766,0.0
BG,2007-12-14,116.70999908447266,116.70999908447266,114.62000274658203,115.58999633789062,1069200,76.91142272949219,0.0
BG,2007-12-17,114.4000015258789,120.20999908447266,114.4000015258789,118.68000030517578,1536800,78.96743774414062,0.0
BG,2007-12-18,118.62000274658203,120.22000122070312,115.01000213623047,117.0199966430664,1405100,77.8629379272461,0.0
BG,2007-12-19,117.58000183105469,117.58999633789062,115.94999694824219,117.0,862600,77.8496322631836,0.0
BG,2007-12-20,118.62999725341797,120.7300033569336,116.8499984741211,119.5,1305800,79.5130615234375,0.0
BG,2007-12-21,120.91999816894531,120.95999908447266,118.58999633789062,118.7300033569336,1164800,79.00074768066406,0.0
BG,2007-12-24,120.0999984741211,120.0999984741211,117.73999786376953,118.12999725341797,426800,78.60150909423828,0.0
BG,2007-12-26,119.5199966430664,119.5199966430664,116.7300033569336,119.12999725341797,744900,79.26689910888672,0.0
BG,2007-12-27,119.12999725341797,119.97000122070312,116.73999786376953,117.30000305175781,890700,78.04923248291016,0.0
BG,2007-12-28,118.73999786376953,119.9000015258789,117.75,119.02999877929688,723800,79.20035552978516,0.0
BG,2007-12-31,118.05999755859375,118.75,116.18000030517578,116.41000366210938,644000,77.45702362060547,0.0
BG,2008-01-02,117.55999755859375,122.9800033569336,115.23999786376953,122.0999984741211,2022200,81.24307250976562,0.0
BG,2008-01-03,124.48999786376953,125.44999694824219,120.22000122070312,124.2300033569336,2423600,82.66030883789062,0.0
BG,2008-01-04,122.38999938964844,123.5,120.4000015258789,121.0,1199000,80.51118469238281,0.0
BG,2008-01-07,123.45999908447266,126.93000030517578,121.0,125.91999816894531,2059900,83.78483581542969,0.0
BG,2008-01-08,126.13999938964844,131.63999938964844,126.13999938964844,127.22000122070312,1911100,84.64982604980469,0.0
BG,2008-01-09,127.30000305175781,131.50999450683594,124.76000213623047,128.58999633789062,2868700,85.56140899658203,0.0
BG,2008-01-10,128.8800048828125,128.8800048828125,125.18000030517578,127.0999984741211,810500,84.57000732421875,0.0
BG,2008-01-11,125.3499984741211,130.5,125.3499984741211,129.35000610351562,1034700,86.06706237792969,0.0
BG,2008-01-14,131.36000061035156,134.25999450683594,131.0,133.0,1635900,88.49573516845703,0.0
BG,2008-01-15,133.4499969482422,135.0,126.58999633789062,127.20999908447266,1601800,84.64317321777344,0.0
BG,2008-01-16,125.62999725341797,126.5,118.02999877929688,118.7300033569336,2689800,79.00074768066406,0.0
BG,2008-01-17,117.05000305175781,118.0,110.0,110.77999877929688,3307400,73.71096801757812,0.0
BG,2008-01-18,110.51000213623047,112.69999694824219,105.31999969482422,109.12000274658203,2290300,72.60645294189453,0.0
BG,2008-01-22,99.5,108.36000061035156,98.19999694824219,106.20999908447266,2432400,70.67017364501953,0.0
BG,2008-01-23,105.41999816894531,106.88999938964844,101.87999725341797,105.29000091552734,2618300,70.05802154541016,0.0
BG,2008-01-24,110.02999877929688,113.56999969482422,108.56999969482422,112.16000366210938,1700500,74.62918853759766,0.0
BG,2008-01-25,114.7300033569336,117.87000274658203,112.19999694824219,112.88999938964844,1717000,75.11491394042969,0.0
BG,2008-01-28,113.0999984741211,118.0199966430664,112.9800033569336,117.31999969482422,1782500,78.06254577636719,0.0
BG,2008-01-29,118.72000122070312,119.25,114.87000274658203,115.11000061035156,1021500,76.5920639038086,0.0
BG,2008-01-30,115.69999694824219,122.16999816894531,113.06999969482422,119.54000091552734,1963000,79.53968048095703,0.0
BG,2008-01-31,119.11000061035156,120.56999969482422,115.5,117.02999877929688,1756600,77.86959075927734,0.0
BG,2008-02-01,118.2699966430664,125.41000366210938,118.2699966430664,125.19000244140625,1770700,83.29911041259766,0.0
BG,2008-02-04,125.9000015258789,125.9000015258789,122.19999694824219,122.61000061035156,1065000,81.58242797851562,0.0
BG,2008-02-05,121.04000091552734,124.0,120.05000305175781,121.33999633789062,1268000,80.73739624023438,0.0
BG,2008-02-06,122.9800033569336,125.37999725341797,121.05000305175781,123.58000183105469,1504200,82.22785186767578,0.0
BG,2008-02-07,114.9000015258789,117.0,108.18000030517578,112.66000366210938,4901200,74.96190643310547,0.0
BG,2008-02-08,111.05999755859375,113.4800033569336,108.6500015258789,109.29000091552734,1690300,72.71953582763672,0.0
BG,2008-02-11,110.5199966430664,115.41999816894531,109.91000366210938,115.2699966430664,2200900,76.69854736328125,0.0
BG,2008-02-12,115.2300033569336,118.62000274658203,112.7300033569336,113.58000183105469,1817200,75.57403564453125,0.0
BG,2008-02-13,112.87999725341797,114.0,104.79000091552734,109.3499984741211,3853600,72.8685302734375,0.17
BG,2008-02-14,109.3499984741211,112.55000305175781,108.26000213623047,108.91999816894531,1757700,72.58197784423828,0.0
BG,2008-02-15,109.55000305175781,111.0,107.58999633789062,110.68000030517578,1446400,73.75482940673828,0.0
BG,2008-02-19,112.30000305175781,113.9800033569336,110.80999755859375,112.43000030517578,1480700,74.92096710205078,0.0
BG,2008-02-20,110.73999786376953,113.2300033569336,109.13999938964844,112.7300033569336,1043800,75.12089538574219,0.0
BG,2008-02-21,114.13999938964844,115.91000366210938,110.0999984741211,111.61000061035156,1484000,74.37451934814453,0.0
BG,2008-02-22,112.69999694824219,112.69999694824219,107.29000091552734,109.79000091552734,1673900,73.1617431640625,0.0
BG,2008-02-25,109.19999694824219,112.5999984741211,108.73999786376953,112.30000305175781,1790600,74.83436584472656,0.0
BG,2008-02-26,111.44000244140625,113.5999984741211,110.9000015258789,111.76000213623047,1613600,74.47450256347656,0.0
BG,2008-02-27,111.08999633789062,111.41999816894531,108.95999908447266,110.16999816894531,2137000,73.41497802734375,0.0
BG,2008-02-28,110.06999969482422,115.0,109.51000213623047,111.83000183105469,1694900,74.52113342285156,0.0
BG,2008-02-29,110.44999694824219,112.69000244140625,108.80000305175781,110.83999633789062,1414800,73.86144256591797,0.0
BG,2008-03-03,104.48999786376953,111.44000244140625,102.3499984741211,111.25,5599600,74.13463592529297,0.0
BG,2008-03-04,110.5,114.95999908447266,107.58999633789062,109.2699966430664,2764700,72.8152084350586,0.0
BG,2008-03-05,110.23999786376953,112.6500015258789,108.33000183105469,111.56999969482422,1569800,74.34786987304688,0.0
BG,2008-03-06,111.9800033569336,113.0,107.77999877929688,108.23999786376953,1586500,72.12883758544922,0.0
BG,2008-03-07,107.0,110.38999938964844,105.47000122070312,106.30000305175781,2456400,70.83607482910156,0.0
BG,2008-03-10,105.8499984741211,106.20999908447266,94.91000366210938,96.0,4028200,63.97233963012695,0.0
BG,2008-03-11,99.5,100.73999786376953,96.80000305175781,97.62999725341797,3255500,65.05856323242188,0.0
BG,2008-03-12,97.94000244140625,98.73999786376953,93.38999938964844,94.94999694824219,4095600,63.272640228271484,0.0
BG,2008-03-13,91.2300033569336,93.48999786376953,86.66000366210938,92.0,7765900,61.30684280395508,0.0
BG,2008-03-14,93.91000366210938,95.7300033569336,91.68000030517578,94.18000030517578,3955600,62.759578704833984,0.0
BG,2008-03-17,90.7699966430664,93.58000183105469,88.01000213623047,90.30000305175781,4809900,60.17401885986328,0.0
BG,2008-03-18,92.62000274658203,96.12000274658203,89.51000213623047,95.48999786376953,3663300,63.632511138916016,0.0
BG,2008-03-19,97.94000244140625,100.66000366210938,91.31999969482422,91.83999633789062,5086300,61.20022201538086,0.0
BG,2008-03-20,90.7300033569336,92.0,85.44000244140625,89.95999908447266,5471000,59.94746017456055,0.0
BG,2008-03-24,90.66000366210938,94.83999633789062,90.44000244140625,94.66000366210938,2332800,63.07946014404297,0.0
BG,2008-03-25,97.9800033569336,99.0,96.4800033569336,97.05000305175781,2725300,64.67206573486328,0.0
BG,2008-03-26,97.93000030517578,99.44999694824219,94.68000030517578,95.1500015258789,2520100,63.40596008300781,0.0
BG,2008-03-27,93.94000244140625,96.0,91.33999633789062,93.16999816894531,2902300,62.08649444580078,0.0
BG,2008-03-28,94.4000015258789,94.4000015258789,88.13999938964844,89.29000091552734,2970900,59.50096130371094,0.0
BG,2008-03-31,89.0,90.45999908447266,84.79000091552734,86.87999725341797,3617000,57.89498519897461,0.0
BG,2008-04-01,88.70999908447266,89.76000213623047,86.33999633789062,88.18000030517578,3961100,58.76128387451172,0.0
BG,2008-04-02,88.0,89.55000305175781,87.05999755859375,87.91999816894531,2614500,58.58800506591797,0.0
BG,2008-04-03,87.0199966430664,96.4000015258789,86.81999969482422,92.61000061035156,4570500,61.713356018066406,0.0
BG,2008-04-04,94.55999755859375,96.81999969482422,92.0,96.38999938964844,3714200,64.23226165771484,0.0
BG,2008-04-07,96.6500015258789,104.97000122070312,96.6500015258789,102.87000274658203,4776100,68.55038452148438,0.0
BG,2008-04-08,101.5,104.7300033569336,101.36000061035156,103.11000061035156,2202300,68.7103271484375,0.0
BG,2008-04-09,104.48999786376953,104.94000244140625,100.2699966430664,101.25,3332300,67.4708480834961,0.0
BG,2008-04-10,103.06999969482422,104.95999908447266,100.5,104.91999816894531,1897100,69.91645812988281,0.0
BG,2008-04-11,103.98999786376953,104.75,102.4000015258789,103.37000274658203,1801000,68.88357543945312,0.0
BG,2008-04-14,103.0,109.98999786376953,103.0,109.41999816894531,2599100,72.9151611328125,0.0
BG,2008-04-15,110.18000030517578,111.7699966430664,107.48999786376953,108.58000183105469,1882300,72.35543823242188,0.0
BG,2008-04-16,111.5999984741211,122.72000122070312,110.62999725341797,120.33999633789062,4882300,80.19203186035156,0.0
BG,2008-04-17,118.29000091552734,120.0,114.80000305175781,117.0,3278200,77.96630096435547,0.0
BG,2008-04-18,116.75,119.38999938964844,115.33000183105469,117.13999938964844,3089500,78.05960845947266,0.0
BG,2008-04-21,117.8499984741211,119.8499984741211,115.33999633789062,119.0,2623300,79.299072265625,0.0
BG,2008-04-22,119.98999786376953,119.98999786376953,116.81999969482422,118.18000030517578,2527000,78.75264739990234,0.0
BG,2008-04-23,119.12000274658203,120.0,117.12000274658203,119.69000244140625,3006600,79.75890350341797,0.0
BG,2008-04-24,121.0,123.44000244140625,111.05000305175781,120.55999755859375,6201700,80.33863830566406,0.0
BG,2008-04-25,121.36000061035156,123.58000183105469,117.2300033569336,123.27999877929688,2530300,82.15118408203125,0.0
BG,2008-04-28,122.9800033569336,122.9800033569336,118.06999969482422,118.70999908447266,2286200,79.1058578491211,0.0
BG,2008-04-29,117.0999984741211,118.30999755859375,111.91000366210938,113.0,2815400,75.30081176757812,0.0
BG,2008-04-30,112.88999938964844,116.25,111.80999755859375,114.08999633789062,3013400,76.02716064453125,0.0
BG,2008-05-01,113.98999786376953,113.98999786376953,106.56999969482422,110.61000061035156,2690200,73.70817565917969,0.0
BG,2008-05-02,113.0,113.05999755859375,107.9000015258789,111.31999969482422,1904100,74.18131256103516,0.0
BG,2008-05-05,111.93000030517578,116.62000274658203,111.7300033569336,115.91000366210938,2233200,77.239990234375,0.0
BG,2008-05-06,116.48999786376953,117.80999755859375,113.66999816894531,115.23999786376953,1686000,76.79351806640625,0.0
BG,2008-05-07,115.69999694824219,118.0,114.66000366210938,117.05000305175781,2604000,77.99964904785156,0.0
BG,2008-05-08,119.08000183105469,119.08000183105469,115.22000122070312,118.73999786376953,1407100,79.12580871582031,0.0
BG,2008-05-09,118.4000015258789,120.5,117.88999938964844,120.06999969482422,1614600,80.0121078491211,0.0
BG,2008-05-12,119.55999755859375,122.22000122070312,118.2699966430664,121.11000061035156,2139300,80.70515441894531,0.0
BG,2008-05-13,120.0199966430664,120.5,113.83999633789062,116.7300033569336,3266200,77.78641510009766,0.0
BG,2008-05-14,116.33000183105469,119.43000030517578,113.75,115.38999938964844,2753300,76.89346313476562,0.0
BG,2008-05-15,116.11000061035156,117.95999908447266,115.22000122070312,117.33000183105469,1464100,78.30158996582031,0.17
BG,2008-05-16,118.97000122070312,124.94000244140625,118.0999984741211,124.4800033569336,3109700,83.07323455810547,0.0
BG,2008-05-19,124.37000274658203,127.25,121.19999694824219,122.62999725341797,2392500,81.8386001586914,0.0
BG,2008-05-20,123.38999938964844,123.4000015258789,119.52999877929688,122.33999633789062,1510900,81.64505767822266,0.0
BG,2008-05-21,123.36000061035156,123.36000061035156,117.81999969482422,118.44000244140625,1763600,79.0423583984375,0.0
BG,2008-05-22,117.80999755859375,120.36000061035156,117.0,117.94999694824219,1113800,78.71537017822266,0.0
BG,2008-05-23,117.91999816894531,119.30000305175781,115.86000061035156,117.0199966430664,1575400,78.09467315673828,0.0
BG,2008-05-27,116.44999694824219,117.7300033569336,114.51000213623047,117.06999969482422,994600,78.12809753417969,0.0
BG,2008-05-28,116.97000122070312,118.4800033569336,115.55999755859375,117.9000015258789,1874300,78.68199157714844,0.0
BG,2008-05-29,117.55999755859375,119.80000305175781,117.55999755859375,118.3499984741211,2232700,78.98233032226562,0.0
BG,2008-05-30,118.26000213623047,120.55000305175781,117.9800033569336,119.37000274658203,1287900,79.66299438476562,0.0
BG,2008-06-02,120.19999694824219,121.83000183105469,118.8499984741211,120.1500015258789,1434300,80.18354034423828,0.0
BG,2008-06-03,124.08000183105469,124.8499984741211,120.41000366210938,121.56999969482422,2145000,81.1312026977539,0.0
BG,2008-06-04,121.20999908447266,124.97000122070312,118.70999908447266,120.38999938964844,1933500,80.34371948242188,0.0
BG,2008-06-05,120.41000366210938,122.48999786376953,118.44999694824219,122.48999786376953,1654000,81.74518585205078,0.0
BG,2008-06-06,122.41999816894531,122.41999816894531,117.93000030517578,118.2699966430664,1076900,78.92892456054688,0.0
BG,2008-06-09,119.94999694824219,123.9800033569336,119.7699966430664,122.1500015258789,2056600,81.51825714111328,0.0
BG,2008-06-10,121.38999938964844,122.79000091552734,120.25,121.93000030517578,1420300,81.3714370727539,0.0
BG,2008-06-11,123.45999908447266,123.94000244140625,120.06999969482422,122.4000015258789,3268700,81.68513488769531,0.0
BG,2008-06-12,122.19999694824219,123.43000030517578,114.63999938964844,119.7699966430664,3315700,79.92992401123047,0.0
BG,2008-06-13,119.44999694824219,120.48999786376953,116.0,117.8499984741211,2393500,78.64860534667969,0.0
BG,2008-06-16,117.8499984741211,122.2300033569336,117.38999938964844,121.80999755859375,2213500,81.2913589477539,0.0
BG,2008-06-17,122.87999725341797,124.0,120.41999816894531,122.73999786376953,1632400,81.91202545166016,0.0
BG,2008-06-18,122.69000244140625,122.80999755859375,118.0,119.86000061035156,1565300,79.99000549316406,0.0
BG,2008-06-19,120.95999908447266,122.3499984741211,118.13999938964844,121.08000183105469,1972100,80.80419921875,0.0
BG,2008-06-20,120.55999755859375,123.0,119.4000015258789,122.16999816894531,1748100,81.5316162109375,0.0
BG,2008-06-23,126.06999969482422,127.63999938964844,106.2699966430664,110.69999694824219,19111600,73.8769760131836,0.0
BG,2008-06-24,113.1500015258789,113.87000274658203,108.54000091552734,109.7300033569336,5201000,73.22965240478516,0.0
BG,2008-06-25,109.72000122070312,111.72000122070312,106.12000274658203,107.5,3238900,71.74141693115234,0.0
BG,2008-06-26,106.52999877929688,108.94999694824219,105.08999633789062,105.80999755859375,2200900,70.61357116699219,0.0
BG,2008-06-27,104.75,107.29000091552734,104.7300033569336,105.5199966430664,1695000,70.42003631591797,0.0
BG,2008-06-30,107.93000030517578,109.19000244140625,106.3499984741211,107.69000244140625,2671300,71.86822509765625,0.0
BG,2008-07-01,105.69000244140625,106.0,102.29000091552734,105.04000091552734,2382100,70.09972381591797,0.0
BG,2008-07-02,103.26000213623047,106.37000274658203,100.08999633789062,100.69999694824219,2209900,67.20338439941406,0.0
BG,2008-07-03,100.01000213623047,100.98999786376953,93.55000305175781,97.12999725341797,3140100,64.82086181640625,0.0
BG,2008-07-07,97.75,100.41000366210938,97.5199966430664,99.12000274658203,3041600,66.14891815185547,0.0
BG,2008-07-08,100.41999816894531,101.25,97.4000015258789,100.62999725341797,3294400,67.15666198730469,0.0
BG,2008-07-09,101.0999984741211,104.5,100.51000213623047,100.75,2632500,67.23673248291016,0.0
BG,2008-07-10,102.19999694824219,102.48999786376953,99.0999984741211,100.52999877929688,1707000,67.08992767333984,0.0
BG,2008-07-11,99.22000122070312,99.5199966430664,95.0,96.12000274658203,2977100,64.14682006835938,0.0
BG,2008-07-14,98.37999725341797,98.41999816894531,95.48999786376953,96.94999694824219,1425800,64.70073699951172,0.0
BG,2008-07-15,97.08000183105469,99.0,95.55999755859375,97.44999694824219,1959500,65.03443908691406,0.0
BG,2008-07-16,97.9000015258789,100.16999816894531,95.93000030517578,100.16999816894531,2077400,66.84963989257812,0.0
BG,2008-07-17,100.93000030517578,102.0,98.62000274658203,100.91000366210938,1963700,67.343505859375,0.0
BG,2008-07-18,100.94000244140625,101.58000183105469,97.79000091552734,98.79000091552734,1360500,65.92869567871094,0.0
BG,2008-07-21,99.0999984741211,100.05000305175781,94.55000305175781,98.87000274658203,2530900,65.98212432861328,0.0
BG,2008-07-22,98.98999786376953,99.9000015258789,97.7699966430664,99.04000091552734,1465500,66.09553527832031,0.0
BG,2008-07-23,99.06999969482422,99.58999633789062,97.0,99.31999969482422,2433900,66.28240966796875,0.0
BG,2008-07-24,104.26000213623047,106.66999816894531,95.91000366210938,97.06999969482422,6594500,64.78084564208984,0.0
BG,2008-07-25,99.73999786376953,101.87000274658203,96.45999908447266,100.80999755859375,2268700,67.27676391601562,0.0
BG,2008-07-28,99.72000122070312,101.5,98.63999938964844,99.52999877929688,1586900,66.42255401611328,0.0
BG,2008-07-29,100.0,100.26000213623047,95.80999755859375,97.4000015258789,1957900,65.0010757446289,0.0
BG,2008-07-30,98.0999984741211,102.48999786376953,98.0999984741211,101.9000015258789,1797800,68.00418853759766,0.0
BG,2008-07-31,102.87999725341797,102.87999725341797,98.0,98.91999816894531,1326900,66.01544189453125,0.0
BG,2008-08-01,100.25,100.25,96.23999786376953,98.18000030517578,2333100,65.52161407470703,0.0
BG,2008-08-04,97.68000030517578,97.91999816894531,92.79000091552734,93.52999877929688,2594400,62.4183349609375,0.0
BG,2008-08-05,92.87999725341797,93.44999694824219,88.75,91.5,3931200,61.063636779785156,0.0
BG,2008-08-06,91.98999786376953,94.11000061035156,90.04000091552734,93.37999725341797,2453300,62.318267822265625,0.0
BG,2008-08-07,93.9000015258789,93.9000015258789,91.69000244140625,93.11000061035156,1564600,62.138092041015625,0.0
BG,2008-08-08,92.4000015258789,93.86000061035156,91.08000183105469,93.08000183105469,1932400,62.1180419921875,0.0
BG,2008-08-11,93.0,93.01000213623047,90.38999938964844,90.8499984741211,2490400,60.62986373901367,0.0
BG,2008-08-12,91.25,95.36000061035156,91.04000091552734,94.51000213623047,2028700,63.0723876953125,0.0
BG,2008-08-13,94.62999725341797,98.75,93.20999908447266,97.69999694824219,2246000,65.33259582519531,0.19
BG,2008-08-14,96.08999633789062,97.54000091552734,94.11000061035156,94.16999816894531,1761900,62.97209930419922,0.0
BG,2008-08-15,94.37999725341797,94.37999725341797,89.23999786376953,90.2699966430664,2506800,60.364112854003906,0.0
BG,2008-08-18,90.9800033569336,92.2699966430664,88.62000274658203,89.58000183105469,2048100,59.902713775634766,0.0
BG,2008-08-19,90.25,92.98999786376953,89.1500015258789,92.16999816894531,1660100,61.634647369384766,0.0
BG,2008-08-20,93.0,93.97000122070312,91.62999725341797,92.69999694824219,1080400,61.989070892333984,0.0
BG,2008-08-21,91.68000030517578,93.0,91.51000213623047,92.23999786376953,1630500,61.68147277832031,0.0
BG,2008-08-22,91.61000061035156,92.08999633789062,90.01000213623047,91.43000030517578,1725600,61.13984680175781,0.0
BG,2008-08-25,91.37000274658203,91.37000274658203,88.72000122070312,89.33000183105469,1137600,59.735538482666016,0.0
BG,2008-08-26,90.37000274658203,90.5999984741211,89.41999816894531,90.20999908447266,1393000,60.32398986816406,0.0
BG,2008-08-27,91.19000244140625,91.9800033569336,90.58999633789062,91.16000366210938,899900,60.95927047729492,0.0
BG,2008-08-28,91.55999755859375,92.04000091552734,89.05000305175781,90.68000030517578,1508400,60.638309478759766,0.0
BG,2008-08-29,90.33000183105469,91.48999786376953,89.25,89.36000061035156,1000600,59.75556945800781,0.0
BG,2008-09-02,87.95999908447266,88.93000030517578,84.0,85.01000213623047,2104000,56.84674835205078,0.0
BG,2008-09-03,83.83000183105469,86.6500015258789,82.9000015258789,83.69000244140625,2833100,55.96405029296875,0.0
BG,2008-09-04,82.97000122070312,85.38999938964844,80.22000122070312,80.36000061035156,2764600,53.73722839355469,0.0
BG,2008-09-05,80.0,82.75,78.69000244140625,82.48999786376953,3159600,55.16160583496094,0.0
BG,2008-09-08,83.75,84.94999694824219,79.25,79.94999694824219,1810100,53.46307373046875,0.0
BG,2008-09-09,79.81999969482422,79.81999969482422,70.16000366210938,71.38999938964844,5835500,47.73894500732422,0.0
BG,2008-09-10,71.51000213623047,75.16000366210938,70.44000244140625,73.05000305175781,4435400,48.84900665283203,0.0
BG,2008-09-11,72.0,72.11000061035156,70.08999633789062,71.83999633789062,4789100,48.03986740112305,0.0
BG,2008-09-12,71.80999755859375,76.30999755859375,71.18000030517578,75.86000061035156,3844200,50.72806167602539,0.0
BG,2008-09-15,73.0199966430664,74.20999908447266,70.88999938964844,71.18000030517578,1676900,47.598506927490234,0.0
BG,2008-09-16,69.80000305175781,72.87999725341797,67.33999633789062,72.26000213623047,4348600,48.32072067260742,0.0
BG,2008-09-17,72.08000183105469,72.98999786376953,70.30000305175781,71.48999786376953,3084600,47.805816650390625,0.0
BG,2008-09-18,72.45999908447266,73.18000030517578,67.55999755859375,69.7699966430664,3516000,46.655643463134766,0.0
BG,2008-09-19,72.80000305175781,73.5,69.6500015258789,72.94999694824219,4062000,48.78213119506836,0.0
BG,2008-09-22,74.1500015258789,74.5,70.58000183105469,72.94000244140625,2380600,48.77545166015625,0.0
BG,2008-09-23,72.38999938964844,76.0,71.47000122070312,72.70999908447266,2831200,48.62163543701172,0.0
BG,2008-09-24,74.3499984741211,75.80000305175781,72.51000213623047,74.3499984741211,1632000,49.71833038330078,0.0
BG,2008-09-25,73.91000366210938,75.5,73.19999694824219,73.37999725341797,1669000,49.06967544555664,0.0
BG,2008-09-26,71.2699966430664,72.69000244140625,69.44999694824219,69.87000274658203,2284300,46.72252655029297,0.0
BG,2008-09-29,69.5199966430664,69.5199966430664,58.83000183105469,60.099998474121094,4542600,40.189247131347656,0.0
BG,2008-09-30,61.849998474121094,64.79000091552734,60.0,63.18000030517578,2715400,42.24886703491211,0.0
BG,2008-10-01,64.0,65.25,62.38999938964844,63.0,2512700,42.12849426269531,0.0
BG,2008-10-02,58.5,59.0,46.970001220703125,50.15999984741211,7691300,33.54230499267578,0.0
BG,2008-10-03,51.060001373291016,55.59000015258789,49.25,50.310001373291016,3712800,33.64261245727539,0.0
BG,2008-10-06,47.869998931884766,48.34000015258789,41.0,46.880001068115234,4469000,31.34894561767578,0.0
BG,2008-10-07,48.900001525878906,49.40999984741211,42.0,43.81999969482422,3323400,29.302698135375977,0.0
BG,2008-10-08,41.0,47.31999969482422,39.0099983215332,43.279998779296875,5071900,28.941598892211914,0.0
BG,2008-10-09,43.75,47.58000183105469,39.880001068115234,42.869998931884766,2681000,28.66744613647461,0.0
BG,2008-10-10,40.0099983215332,43.0,35.0099983215332,39.20000076293945,3781400,26.213293075561523,0.0
BG,2008-10-13,42.77000045776367,47.400001525878906,42.16999816894531,45.790000915527344,2789900,30.620058059692383,0.0
BG,2008-10-14,48.08000183105469,48.810001373291016,44.61000061035156,45.599998474121094,2904400,30.49300765991211,0.0
BG,2008-10-15,44.38999938964844,44.38999938964844,38.81999969482422,39.25,3430000,26.246719360351562,0.0
BG,2008-10-16,40.93000030517578,41.189998626708984,37.0,38.36000061035156,4310200,25.65158462524414,0.0
BG,2008-10-17,37.83000183105469,43.72999954223633,35.5,42.459999084472656,5416700,28.393280029296875,0.0
BG,2008-10-20,43.91999816894531,47.720001220703125,43.20000076293945,44.5099983215332,2452600,29.764122009277344,0.0
BG,2008-10-21,44.4900016784668,44.63999938964844,40.54999923706055,40.970001220703125,2358800,27.39690589904785,0.0
BG,2008-10-22,40.459999084472656,40.459999084472656,33.709999084472656,35.25,4739300,23.571903228759766,0.0
BG,2008-10-23,37.09000015258789,39.79999923706055,34.209999084472656,37.9900016784668,7908600,25.40414810180664,0.0
BG,2008-10-24,33.220001220703125,36.349998474121094,33.0099983215332,34.619998931884766,3838500,23.150611877441406,0.0
BG,2008-10-27,34.5,34.5,31.0,31.0,3732800,20.72989845275879,0.0
BG,2008-10-28,33.4900016784668,34.0,27.600000381469727,29.989999771118164,5895400,20.054506301879883,0.0
BG,2008-10-29,30.979999542236328,35.0,30.5,33.810001373291016,5512500,22.60896110534668,0.0
BG,2008-10-30,34.9900016784668,37.93000030517578,34.209999084472656,35.880001068115234,4173400,23.99318504333496,0.0
BG,2008-10-31,36.72999954223633,40.75,34.849998474121094,38.40999984741211,4302500,25.685012817382812,0.0
BG,2008-11-03,39.04999923706055,41.9900016784668,38.400001525878906,41.720001220703125,3523200,27.898426055908203,0.0
BG,2008-11-04,44.9900016784668,47.150001525878906,44.63999938964844,45.310001373291016,3618100,30.299072265625,0.0
BG,2008-11-05,46.369998931884766,46.4900016784668,44.0,44.15999984741211,2915800,29.530073165893555,0.0
BG,2008-11-06,42.33000183105469,45.040000915527344,40.70000076293945,41.0,3908600,27.416954040527344,0.0
BG,2008-11-07,41.9900016784668,44.220001220703125,41.02000045776367,44.220001220703125,2274600,29.57020378112793,0.0
BG,2008-11-10,47.4900016784668,47.4900016784668,42.4900016784668,44.220001220703125,2599500,29.57020378112793,0.0
BG,2008-11-11,42.279998779296875,44.0,41.150001525878906,43.5,2387300,29.088733673095703,0.0
BG,2008-11-12,41.9900016784668,43.279998779296875,39.45000076293945,39.83000183105469,3037400,26.634571075439453,0.0
BG,2008-11-13,40.689998626708984,40.84000015258789,34.43000030517578,40.68000030517578,5335700,27.20296859741211,0.0
BG,2008-11-14,40.900001525878906,41.459999084472656,37.91999816894531,38.70000076293945,2795900,26.0003719329834,0.19
BG,2008-11-17,37.33000183105469,41.13999938964844,37.33000183105469,38.900001525878906,2024400,26.134733200073242,0.0
BG,2008-11-18,39.11000061035156,41.439998626708984,37.7599983215332,39.52000045776367,3550300,26.551280975341797,0.0
BG,2008-11-19,38.66999816894531,40.90999984741211,36.779998779296875,36.90999984741211,3074500,24.797765731811523,0.0
BG,2008-11-20,35.43000030517578,37.099998474121094,32.0,32.7599983215332,4207300,22.009620666503906,0.0
BG,2008-11-21,33.56999969482422,35.5,30.899999618530273,35.5,3054100,23.850479125976562,0.0
BG,2008-11-24,36.02000045776367,40.0,35.689998626708984,38.290000915527344,2772100,25.724925994873047,0.0
BG,2008-11-25,37.9900016784668,39.9900016784668,37.279998779296875,37.720001220703125,3324200,25.341970443725586,0.0
BG,2008-11-26,37.4900016784668,40.380001068115234,36.02000045776367,40.29999923706055,3849000,27.075328826904297,0.0
BG,2008-11-28,40.47999954223633,42.5,39.47999954223633,42.459999084472656,1274600,28.526514053344727,0.0
BG,2008-12-01,41.0099983215332,41.0099983215332,37.0,38.189998626708984,2696100,25.657733917236328,0.0
BG,2008-12-02,39.70000076293945,39.70000076293945,36.130001068115234,37.91999816894531,3151200,25.476335525512695,0.0
BG,2008-12-03,37.7599983215332,38.47999954223633,36.619998931884766,37.5099983215332,2427700,25.200878143310547,0.0
BG,2008-12-04,36.95000076293945,39.380001068115234,36.88999938964844,37.290000915527344,2331900,25.053068161010742,0.0
BG,2008-12-05,35.970001220703125,38.90999984741211,32.83000183105469,38.90999984741211,4143500,26.141464233398438,0.0
BG,2008-12-08,40.0,41.41999816894531,39.06999969482422,41.34000015258789,2424700,27.774038314819336,0.0
BG,2008-12-09,42.0,44.099998474121094,40.619998931884766,41.900001525878906,2366500,28.15027618408203,0.0
BG,2008-12-10,42.52000045776367,44.880001068115234,42.43000030517578,44.59000015258789,1781100,29.957523345947266,0.0
BG,2008-12-11,43.619998931884766,46.939998626708984,42.099998474121094,42.79999923706055,2669400,28.754940032958984,0.0
BG,2008-12-12,40.75,42.75,40.040000915527344,42.36000061035156,2208000,28.45932960510254,0.0
BG,2008-12-15,42.290000915527344,45.18000030517578,41.47999954223633,41.93000030517578,2619500,28.17043685913086,0.0
BG,2008-12-16,42.880001068115234,48.0,42.880001068115234,47.650001525878906,2855600,32.01337432861328,0.0
BG,2008-12-17,47.18000030517578,48.72999954223633,46.34000015258789,47.75,1919500,32.08055877685547,0.0
BG,2008-12-18,48.08000183105469,49.97999954223633,45.65999984741211,46.220001220703125,1961200,31.052640914916992,0.0
BG,2008-12-19,45.34000015258789,47.0,44.20000076293945,45.689998626708984,1529800,30.696561813354492,0.0
BG,2008-12-22,45.11000061035156,46.0,43.619998931884766,44.290000915527344,1453900,29.75598907470703,0.0
BG,2008-12-23,45.209999084472656,46.900001525878906,44.880001068115234,45.869998931884766,1361300,30.817495346069336,0.0
BG,2008-12-24,46.0,46.25,44.709999084472656,45.84000015258789,544800,30.797346115112305,0.0
BG,2008-12-26,46.06999969482422,48.34000015258789,45.91999816894531,48.06999969482422,619300,32.295562744140625,0.0
BG,2008-12-29,48.599998474121094,50.0,47.220001220703125,49.630001068115234,1463600,33.343631744384766,0.0
BG,2008-12-30,49.95000076293945,50.56999969482422,49.0099983215332,50.08000183105469,1670800,33.645965576171875,0.0
BG,2008-12-31,49.95000076293945,52.81999969482422,49.95000076293945,51.77000045776367,1549100,34.7813835144043,0.0
BG,2009-01-02,51.22999954223633,53.290000915527344,51.099998474121094,53.16999816894531,986800,35.721961975097656,0.0
BG,2009-01-05,53.04999923706055,56.849998474121094,52.9900016784668,54.7400016784668,2341100,36.77676773071289,0.0
BG,2009-01-06,56.36000061035156,56.66999816894531,54.529998779296875,55.72999954223633,2407200,37.441898345947266,0.0
BG,2009-01-07,55.9900016784668,57.38999938964844,53.58000183105469,54.4900016784668,2363700,36.60879898071289,0.0
BG,2009-01-08,54.0,54.0,51.29999923706055,51.77000045776367,2147100,34.7813835144043,0.0
BG,2009-01-09,51.619998931884766,52.58000183105469,49.70000076293945,51.41999816894531,1709200,34.546241760253906,0.0
BG,2009-01-12,50.75,50.75,47.150001525878906,48.310001373291016,1935400,32.45679473876953,0.0
BG,2009-01-13,48.150001525878906,49.43000030517578,47.439998626708984,48.16999816894531,1704500,32.362735748291016,0.0
BG,2009-01-14,43.400001525878906,43.400001525878906,38.75,41.61000061035156,7175500,27.955446243286133,0.0
BG,2009-01-15,41.5,42.040000915527344,39.2599983215332,41.61000061035156,2338500,27.955446243286133,0.0
BG,2009-01-16,42.970001220703125,45.150001525878906,41.630001068115234,43.83000183105469,3032400,29.446941375732422,0.0
BG,2009-01-20,42.9900016784668,44.470001220703125,41.86000061035156,42.099998474121094,1745500,28.2846622467041,0.0
BG,2009-01-21,42.880001068115234,44.880001068115234,41.540000915527344,44.5,2838300,29.897066116333008,0.0
BG,2009-01-22,44.02000045776367,45.869998931884766,42.939998626708984,44.790000915527344,2704700,30.09190559387207,0.0
BG,2009-01-23,44.41999816894531,46.43000030517578,43.58000183105469,46.279998779296875,2249600,31.092960357666016,0.0
BG,2009-01-26,46.599998474121094,47.13999938964844,44.79999923706055,44.95000076293945,2375600,30.199411392211914,0.0
BG,2009-01-27,44.75,46.0099983215332,44.689998626708984,45.400001525878906,1581500,30.501731872558594,0.0
BG,2009-01-28,46.97999954223633,47.02000045776367,45.45000076293945,46.529998779296875,1741700,31.260915756225586,0.0
BG,2009-01-29,46.02000045776367,46.2400016784668,44.630001068115234,45.529998779296875,1633000,30.589067459106445,0.0
BG,2009-01-30,45.79999923706055,46.72999954223633,42.709999084472656,42.939998626708984,1610300,28.8489933013916,0.0
BG,2009-02-02,42.41999816894531,43.45000076293945,41.849998474121094,42.290000915527344,1749600,28.412302017211914,0.0
BG,2009-02-03,42.02000045776367,42.650001525878906,41.34000015258789,42.029998779296875,1918900,28.23760986328125,0.0
BG,2009-02-04,42.369998931884766,43.040000915527344,42.0,42.59000015258789,2237000,28.61385154724121,0.0
BG,2009-02-05,42.189998626708984,49.72999954223633,42.04999923706055,49.06999969482422,5014400,32.967403411865234,0.0
BG,2009-02-06,49.25,51.90999984741211,48.529998779296875,49.95000076293945,2830300,33.558624267578125,0.0
BG,2009-02-09,49.83000183105469,53.189998626708984,49.630001068115234,51.869998931884766,2510800,34.848575592041016,0.0
BG,2009-02-10,51.650001525878906,53.7400016784668,49.61000061035156,49.90999984741211,2196800,33.53175735473633,0.0
BG,2009-02-11,49.9900016784668,50.84000015258789,48.150001525878906,50.130001068115234,2465400,33.80825424194336,0.19
BG,2009-02-12,49.650001525878906,51.189998626708984,48.439998626708984,50.959999084472656,1675900,34.36800765991211,0.0
BG,2009-02-13,50.959999084472656,52.68000030517578,50.83000183105469,51.77000045776367,1136400,34.91429138183594,0.0
BG,2009-02-17,50.79999923706055,50.79999923706055,47.5,48.040000915527344,2539600,32.39873504638672,0.0
BG,2009-02-18,48.040000915527344,49.2400016784668,47.470001220703125,48.790000915527344,1630100,32.904537200927734,0.0
BG,2009-02-19,49.060001373291016,50.11000061035156,48.0,48.099998474121094,2155900,32.43920135498047,0.0
BG,2009-02-20,46.77000045776367,48.880001068115234,46.380001068115234,48.029998779296875,2156500,32.39199447631836,0.0
BG,2009-02-23,48.47999954223633,48.47999954223633,46.66999816894531,47.15999984741211,2210000,31.80525016784668,0.0
BG,2009-02-24,47.279998779296875,48.47999954223633,46.47999954223633,48.36000061035156,1688400,32.614559173583984,0.0
BG,2009-02-25,48.63999938964844,49.5099983215332,47.4900016784668,48.119998931884766,1669200,32.452693939208984,0.0
BG,2009-02-26,48.47999954223633,49.38999938964844,46.36000061035156,46.380001068115234,1833500,31.279226303100586,0.0
BG,2009-02-27,46.220001220703125,48.31999969482422,45.41999816894531,46.880001068115234,1734100,31.616424560546875,0.0
BG,2009-03-02,46.40999984741211,46.40999984741211,42.47999954223633,42.58000183105469,1908200,28.71645736694336,0.0
BG,2009-03-03,42.880001068115234,44.88999938964844,42.34000015258789,44.4900016784668,2261600,30.004579544067383,0.0
BG,2009-03-04,44.959999084472656,47.5099983215332,44.880001068115234,47.0099983215332,2018600,31.7041072845459,0.0
BG,2009-03-05,45.720001220703125,48.220001220703125,44.400001525878906,46.779998779296875,2759200,31.548974990844727,0.0
BG,2009-03-06,46.66999816894531,49.709999084472656,46.5099983215332,47.880001068115234,2050000,32.29082489013672,0.0
BG,2009-03-09,47.84000015258789,49.849998474121094,47.29999923706055,48.08000183105469,2077500,32.42570495605469,0.0
BG,2009-03-10,49.70000076293945,51.439998626708984,49.25,51.34000015258789,1748500,34.6242790222168,0.0
BG,2009-03-11,51.68000030517578,52.0,49.90999984741211,50.220001220703125,1754000,33.868953704833984,0.0
BG,2009-03-12,49.5099983215332,51.720001220703125,49.5,51.4900016784668,1945900,34.725467681884766,0.0
BG,2009-03-13,51.75,52.43000030517578,50.790000915527344,52.25,1328800,35.238014221191406,0.0
BG,2009-03-16,52.349998474121094,56.150001525878906,52.0,55.04999923706055,2006700,37.12635803222656,0.0
BG,2009-03-17,54.90999984741211,56.47999954223633,54.290000915527344,55.84000015258789,1565700,37.659149169921875,0.0
BG,2009-03-18,54.95000076293945,57.20000076293945,54.95000076293945,55.790000915527344,1843300,37.62543869018555,0.0
BG,2009-03-19,56.08000183105469,57.959999084472656,56.0099983215332,57.369998931884766,1842200,38.69099807739258,0.0
BG,2009-03-20,57.56999969482422,58.0,56.060001373291016,56.459999084472656,1739600,38.07727813720703,0.0
BG,2009-03-23,58.0,59.959999084472656,57.93000030517578,58.959999084472656,1572900,39.763336181640625,0.0
BG,2009-03-24,57.90999984741211,60.79999923706055,57.5,58.849998474121094,1675600,39.68913269042969,0.0
BG,2009-03-25,59.11000061035156,60.209999084472656,57.06999969482422,58.689998626708984,1405000,39.581207275390625,0.0
BG,2009-03-26,59.0,60.43000030517578,58.81999969482422,59.33000183105469,1882900,40.01283645629883,0.0
BG,2009-03-27,58.81999969482422,59.9900016784668,57.5,59.099998474121094,1315100,39.857723236083984,0.0
BG,2009-03-30,56.869998931884766,57.66999816894531,54.22999954223633,55.099998474121094,2006900,37.16006088256836,0.0
BG,2009-03-31,55.95000076293945,57.54999923706055,55.560001373291016,56.650001525878906,1460400,38.2054328918457,0.0
BG,2009-04-01,56.02000045776367,58.099998474121094,55.08000183105469,57.939998626708984,1091500,39.075401306152344,0.0
BG,2009-04-02,59.11000061035156,59.900001525878906,57.93000030517578,58.20000076293945,1542300,39.25075912475586,0.0
BG,2009-04-03,58.41999816894531,59.34000015258789,58.13999938964844,59.02000045776367,1266300,39.80377960205078,0.0
BG,2009-04-06,58.81999969482422,59.279998779296875,56.7400016784668,58.11000061035156,1962700,39.190067291259766,0.0
BG,2009-04-07,56.45000076293945,58.02000045776367,55.470001220703125,55.790000915527344,1778100,37.62543869018555,0.0
BG,2009-04-08,56.029998779296875,56.720001220703125,55.290000915527344,55.869998931884766,2167900,37.679378509521484,0.0
BG,2009-04-09,57.72999954223633,58.130001068115234,55.900001525878906,57.119998931884766,1448900,38.52238082885742,0.0
BG,2009-04-13,57.290000915527344,58.029998779296875,56.52000045776367,57.220001220703125,1717100,38.589839935302734,0.0
BG,2009-04-14,57.0,58.61000061035156,55.41999816894531,56.0099983215332,1986600,37.773799896240234,0.0
BG,2009-04-15,55.5099983215332,57.2400016784668,55.2599983215332,55.91999816894531,1662600,37.713096618652344,0.0
BG,2009-04-16,56.08000183105469,58.06999969482422,55.470001220703125,57.630001068115234,1570400,38.866336822509766,0.0
BG,2009-04-17,58.08000183105469,58.38999938964844,56.939998626708984,57.33000183105469,1178200,38.66402053833008,0.0
BG,2009-04-20,56.34000015258789,56.869998931884766,53.70000076293945,54.06999969482422,1370900,36.46544647216797,0.0
BG,2009-04-21,53.54999923706055,54.5,53.08000183105469,53.86000061035156,2285400,36.323814392089844,0.0
BG,2009-04-22,53.220001220703125,55.61000061035156,53.220001220703125,54.5,2279400,36.75543212890625,0.0
BG,2009-04-23,50.29999923706055,50.58000183105469,46.65999984741211,47.459999084472656,8782200,32.007572174072266,0.0
BG,2009-04-24,47.40999984741211,48.619998931884766,46.900001525878906,48.08000183105469,3814500,32.42570495605469,0.0
BG,2009-04-27,47.150001525878906,47.15999984741211,46.20000076293945,46.72999954223633,2471500,31.515256881713867,0.0
BG,2009-04-28,46.43000030517578,46.93000030517578,45.81999969482422,46.58000183105469,2021200,31.414104461669922,0.0
BG,2009-04-29,46.75,47.849998474121094,46.619998931884766,47.41999816894531,2419800,31.980592727661133,0.0
BG,2009-04-30,47.68000030517578,48.900001525878906,47.290000915527344,48.0099983215332,3272200,32.37849807739258,0.0
BG,2009-05-01,47.9900016784668,49.25,47.470001220703125,48.84000015258789,2244700,32.938270568847656,0.0
BG,2009-05-04,49.029998779296875,50.689998626708984,49.029998779296875,50.560001373291016,2371000,34.0982666015625,0.0
BG,2009-05-05,50.38999938964844,50.959999084472656,48.61000061035156,49.400001525878906,1925600,33.31594467163086,0.0
BG,2009-05-06,49.68000030517578,51.18000030517578,49.68000030517578,50.709999084472656,1830800,34.19941329956055,0.0
BG,2009-05-07,50.849998474121094,52.689998626708984,50.849998474121094,51.7400016784668,2199300,34.894046783447266,0.0
BG,2009-05-08,52.09000015258789,55.84000015258789,52.09000015258789,55.36000061035156,2682700,37.33543014526367,0.0
BG,2009-05-11,55.0,55.310001373291016,54.0,54.5099983215332,2084700,36.76217269897461,0.0
BG,2009-05-12,55.029998779296875,57.72999954223633,54.650001525878906,56.689998626708984,2823200,38.23239517211914,0.0
BG,2009-05-13,56.400001525878906,56.959999084472656,55.220001220703125,55.38999938964844,2416100,37.35566329956055,0.0
BG,2009-05-14,55.45000076293945,56.5099983215332,54.41999816894531,56.2599983215332,1608600,37.94240188598633,0.0
BG,2009-05-15,55.869998931884766,57.209999084472656,54.970001220703125,55.619998931884766,1471100,37.63788986206055,0.19
BG,2009-05-18,56.08000183105469,57.86000061035156,55.619998931884766,57.72999954223633,1764100,39.06571960449219,0.0
BG,2009-05-19,57.72999954223633,59.130001068115234,57.400001525878906,58.709999084472656,1553100,39.7288703918457,0.0
BG,2009-05-20,59.08000183105469,61.38999938964844,58.81999969482422,60.38999938964844,3149900,40.86572265625,0.0
BG,2009-05-21,59.619998931884766,60.02000045776367,58.08000183105469,59.349998474121094,1883600,40.16197967529297,0.0
BG,2009-05-22,60.040000915527344,63.63999938964844,59.900001525878906,62.36000061035156,2637200,42.19882583618164,0.0
BG,2009-05-26,61.619998931884766,62.36000061035156,60.54999923706055,61.72999954223633,2027100,41.77249526977539,0.0
BG,2009-05-27,61.79999923706055,61.84000015258789,60.560001373291016,61.06999969482422,2057800,41.32588577270508,0.0
BG,2009-05-28,61.279998779296875,62.0099983215332,60.52000045776367,61.209999084472656,1630600,41.420631408691406,0.0
BG,2009-05-29,61.70000076293945,63.279998779296875,61.5,63.27000045776367,1423600,42.814613342285156,0.0
BG,2009-06-01,63.68000030517578,66.44000244140625,63.68000030517578,65.5199966430664,2385200,44.337196350097656,0.0
BG,2009-06-02,65.87999725341797,69.66999816894531,65.5,67.88999938964844,2684100,45.940948486328125,0.0
BG,2009-06-03,67.58000183105469,67.58000183105469,63.209999084472656,64.11000061035156,2133400,43.383033752441406,0.0
BG,2009-06-04,64.26000213623047,65.75,62.58000183105469,65.38999938964844,1531800,44.24921417236328,0.0
BG,2009-06-05,66.02999877929688,66.30000305175781,63.4900016784668,64.23999786376953,1521900,43.471004486083984,0.0
BG,2009-06-08,63.779998779296875,63.869998931884766,61.849998474121094,63.15999984741211,1228600,42.74018096923828,0.0
BG,2009-06-09,63.880001068115234,66.05000305175781,63.75,65.41000366210938,1517000,44.26274871826172,0.0
BG,2009-06-10,65.58000183105469,67.0,65.3499984741211,66.30000305175781,1553500,44.865028381347656,0.0
BG,2009-06-11,66.38999938964844,67.08000183105469,65.75,66.66999816894531,1274800,45.11539077758789,0.0
BG,2009-06-12,66.22000122070312,67.68000030517578,65.41000366210938,66.4000015258789,1224900,44.93268585205078,0.0
BG,2009-06-15,65.04000091552734,65.54000091552734,62.72999954223633,63.7400016784668,1538800,43.13268280029297,0.0
BG,2009-06-16,63.880001068115234,64.43000030517578,61.720001220703125,62.040000915527344,1467500,41.98228073120117,0.0
BG,2009-06-17,61.400001525878906,61.400001525878906,58.70000076293945,59.790000915527344,2633200,40.459720611572266,0.0
BG,2009-06-18,60.0,61.88999938964844,59.220001220703125,60.58000183105469,1902900,40.994300842285156,0.0
BG,2009-06-19,60.7400016784668,62.349998474121094,60.59000015258789,60.869998931884766,1436600,41.19054412841797,0.0
BG,2009-06-22,59.61000061035156,60.41999816894531,57.900001525878906,57.93000030517578,1589400,39.20105743408203,0.0
BG,2009-06-23,57.93000030517578,59.349998474121094,57.58000183105469,59.099998474121094,1366300,39.99279022216797,0.0
BG,2009-06-24,59.68000030517578,62.189998626708984,59.5099983215332,61.060001373291016,1798300,41.31911087036133,0.0
BG,2009-06-25,60.619998931884766,61.31999969482422,59.310001373291016,61.02000045776367,1447800,41.29205322265625,0.0
BG,2009-06-26,60.619998931884766,62.209999084472656,59.220001220703125,61.84000015258789,1708400,41.84694290161133,0.0
BG,2009-06-29,61.75,62.2400016784668,60.599998474121094,61.84000015258789,1339900,41.84694290161133,0.0
BG,2009-06-30,61.41999816894531,61.97999954223633,59.65999984741211,60.25,1715400,40.77100372314453,0.0
BG,2009-07-01,60.75,62.119998931884766,60.75,61.59000015258789,1478500,41.677764892578125,0.0
BG,2009-07-02,60.810001373291016,61.02000045776367,59.31999969482422,60.06999969482422,1061900,40.6491813659668,0.0
BG,2009-07-06,59.0,59.41999816894531,57.95000076293945,58.959999084472656,1079900,39.8980598449707,0.0
BG,2009-07-07,58.599998474121094,58.97999954223633,55.81999969482422,56.08000183105469,1858800,37.949153900146484,0.0
BG,2009-07-08,56.279998779296875,56.279998779296875,53.9900016784668,54.439998626708984,1805600,36.83938217163086,0.0
BG,2009-07-09,54.63999938964844,56.400001525878906,54.63999938964844,55.79999923706055,866800,37.75968551635742,0.0
BG,2009-07-10,55.41999816894531,57.54999923706055,55.189998626708984,56.4900016784668,1516100,38.22661590576172,0.0
BG,2009-07-13,56.150001525878906,59.27000045776367,55.93000030517578,59.18000030517578,1979100,40.046932220458984,0.0
BG,2009-07-14,58.75,60.279998779296875,58.75,60.119998931884766,1290000,40.68302917480469,0.0
BG,2009-07-15,60.68000030517578,63.959999084472656,60.33000183105469,63.54999923706055,2186900,43.00409698486328,0.0
BG,2009-07-16,63.400001525878906,65.37000274658203,63.400001525878906,65.05000305175781,1471000,44.019142150878906,0.0
BG,2009-07-17,65.0,65.79000091552734,64.63999938964844,64.94999694824219,1554200,43.95146560668945,0.0
BG,2009-07-20,65.4800033569336,67.08999633789062,65.06999969482422,65.86000061035156,1364300,44.567256927490234,0.0
BG,2009-07-21,66.30999755859375,67.04000091552734,64.47000122070312,65.7699966430664,1024000,44.506343841552734,0.0
BG,2009-07-22,64.87000274658203,65.5199966430664,62.91999816894531,65.44000244140625,1455400,44.283050537109375,0.0
BG,2009-07-23,65.02999877929688,69.22000122070312,64.25,67.52999877929688,2670300,45.69734191894531,0.0
BG,2009-07-24,67.0199966430664,70.23999786376953,67.0199966430664,70.05999755859375,1619200,47.40938949584961,0.0
BG,2009-07-27,69.6500015258789,70.91000366210938,69.11000061035156,70.55000305175781,1867400,47.740966796875,0.0
BG,2009-07-28,70.2300033569336,71.41000366210938,69.0,70.77999877929688,1781200,47.89661407470703,0.0
BG,2009-07-29,70.22000122070312,70.22000122070312,67.41000366210938,67.68000030517578,1097000,45.798831939697266,0.0
BG,2009-07-30,68.37999725341797,69.95999908447266,68.37999725341797,69.44000244140625,1277700,46.98985290527344,0.0
BG,2009-07-31,69.0,70.5,68.55000305175781,69.97000122070312,959200,47.3484992980957,0.0
BG,2009-08-03,70.68000030517578,72.0,70.0,71.80999755859375,1248600,48.5936164855957,0.0
BG,2009-08-04,71.0,71.87999725341797,69.83999633789062,71.81999969482422,1340600,48.60038757324219,0.0
BG,2009-08-05,72.0,72.29000091552734,69.86000061035156,71.55000305175781,736500,48.41767501831055,0.0
BG,2009-08-06,71.66999816894531,72.9800033569336,71.62999725341797,72.41000366210938,1072400,48.99961471557617,0.0
BG,2009-08-07,72.95999908447266,72.95999908447266,71.05000305175781,71.87000274658203,1412500,48.634212493896484,0.0
BG,2009-08-10,71.69000244140625,71.94999694824219,70.52999877929688,70.83999633789062,715800,47.93720245361328,0.0
BG,2009-08-11,67.62999725341797,68.01000213623047,65.8499984741211,66.04000091552734,2894200,44.68907165527344,0.0
BG,2009-08-12,65.7699966430664,67.43000030517578,65.62999725341797,66.66999816894531,2406900,45.11539077758789,0.0
BG,2009-08-13,66.08999633789062,67.0,65.19999694824219,66.02999877929688,8542200,44.68229675292969,0.0
BG,2009-08-14,66.30000305175781,67.02999877929688,65.80999755859375,67.02999877929688,2608700,45.35899353027344,0.0
BG,2009-08-17,66.0999984741211,66.0999984741211,62.290000915527344,62.91999816894531,2354100,42.71159362792969,0.21
BG,2009-08-18,63.20000076293945,64.6500015258789,63.20000076293945,64.30000305175781,1874100,43.648380279541016,0.0
BG,2009-08-19,63.709999084472656,65.20999908447266,62.529998779296875,65.12000274658203,1676300,44.20500183105469,0.0
BG,2009-08-20,65.27999877929688,66.0,65.0,65.63999938964844,1135100,44.5579833984375,0.0
BG,2009-08-21,65.95999908447266,66.5,65.62000274658203,66.30000305175781,1214100,45.006019592285156,0.0
BG,2009-08-24,66.08000183105469,68.29000091552734,65.87999725341797,67.19000244140625,1503300,45.61017990112305,0.0
BG,2009-08-25,67.27999877929688,68.5999984741211,66.23999786376953,66.81999969482422,1605800,45.35900115966797,0.0
BG,2009-08-26,66.12999725341797,68.04000091552734,66.12999725341797,67.20999908447266,1554100,45.62373352050781,0.0
BG,2009-08-27,67.23999786376953,69.19999694824219,65.66999816894531,68.58999633789062,2432200,46.56050109863281,0.0
BG,2009-08-28,69.05000305175781,69.9000015258789,67.80999755859375,68.75,2089400,46.66912078857422,0.0
BG,2009-08-31,67.94000244140625,68.23999786376953,66.41000366210938,67.01000213623047,2045600,45.48799514770508,0.0
BG,2009-09-01,66.48999786376953,68.33999633789062,65.0,65.16999816894531,1533700,44.23894500732422,0.0
BG,2009-09-02,64.75,65.91999816894531,64.29000091552734,65.02999877929688,1434700,44.14390182495117,0.0
BG,2009-09-03,65.27999877929688,65.94999694824219,64.75,65.62999725341797,890100,44.55120849609375,0.0
BG,2009-09-04,66.05999755859375,66.37000274658203,64.91999816894531,66.19000244140625,1422600,44.93133544921875,0.0
BG,2009-09-08,66.51000213623047,68.41000366210938,66.51000213623047,67.6500015258789,1484800,45.92241287231445,0.0
BG,2009-09-09,67.62000274658203,67.94999694824219,66.45999908447266,67.02999877929688,1038200,45.50153732299805,0.0
BG,2009-09-10,66.81999969482422,67.19000244140625,65.1500015258789,66.61000061035156,1912200,45.21644973754883,0.0
BG,2009-09-11,66.94000244140625,67.5,65.26000213623047,65.62000274658203,1210900,44.5444221496582,0.0
BG,2009-09-14,65.0,65.0,63.119998931884766,63.970001220703125,1734600,43.42434310913086,0.0
BG,2009-09-15,64.4800033569336,65.18000030517578,62.900001525878906,64.41999816894531,2170300,43.72984313964844,0.0
BG,2009-09-16,65.0,65.33999633789062,63.72999954223633,64.25,2062000,43.61442184448242,0.0
BG,2009-09-17,64.4800033569336,64.86000061035156,62.779998779296875,63.29999923706055,2171900,42.969547271728516,0.0
BG,2009-09-18,63.25,63.720001220703125,62.380001068115234,62.5,1448500,42.42649459838867,0.0
BG,2009-09-21,62.02000045776367,63.119998931884766,60.5099983215332,62.810001373291016,2099300,42.63691329956055,0.0
BG,2009-09-22,63.25,63.939998626708984,62.83000183105469,63.43000030517578,898500,43.05779266357422,0.0
BG,2009-09-23,63.68000030517578,63.68000030517578,62.2599983215332,62.349998474121094,906100,42.324649810791016,0.0
BG,2009-09-24,62.5,62.7400016784668,59.79999923706055,60.84000015258789,1758900,41.29964065551758,0.0
BG,2009-09-25,60.41999816894531,61.45000076293945,60.04999923706055,61.06999969482422,1461100,41.45576858520508,0.0
BG,2009-09-28,60.939998626708984,61.08000183105469,59.25,61.0099983215332,2643700,41.4150390625,0.0
BG,2009-09-29,60.88999938964844,62.04999923706055,59.91999816894531,61.880001068115234,1650000,42.00563049316406,0.0
BG,2009-09-30,61.86000061035156,62.95000076293945,61.81999969482422,62.61000061035156,1591600,42.50114440917969,0.0
BG,2009-10-01,62.689998626708984,63.220001220703125,60.849998474121094,60.959999084472656,1474200,41.3810920715332,0.0
BG,2009-10-02,60.599998474121094,61.880001068115234,60.06999969482422,61.5,5058100,41.74767303466797,0.0
BG,2009-10-05,61.5,61.88999938964844,60.209999084472656,61.349998474121094,1163300,41.64582443237305,0.0
BG,2009-10-06,61.849998474121094,63.13999938964844,61.31999969482422,61.52000045776367,1458000,41.76122283935547,0.0
BG,2009-10-07,61.189998626708984,62.41999816894531,61.189998626708984,61.880001068115234,907400,42.00563049316406,0.0
BG,2009-10-08,62.08000183105469,64.16999816894531,62.060001373291016,64.11000061035156,1589200,43.51939392089844,0.0
BG,2009-10-09,64.19999694824219,64.66000366210938,63.119998931884766,64.01000213623047,1016800,43.45151138305664,0.0
BG,2009-10-12,64.0199966430664,65.25,64.01000213623047,64.29000091552734,805800,43.64158630371094,0.0
BG,2009-10-13,64.4800033569336,65.19999694824219,63.81999969482422,64.79000091552734,1190100,43.98098373413086,0.0
BG,2009-10-14,65.54000091552734,66.01000213623047,64.91000366210938,65.25,1371400,44.29324722290039,0.0
BG,2009-10-15,65.19999694824219,66.16999816894531,65.04000091552734,66.12000274658203,1385300,44.88383483886719,0.0
BG,2009-10-16,65.56999969482422,67.02999877929688,65.56999969482422,66.33999633789062,1309400,45.03315734863281,0.0
BG,2009-10-19,67.0,68.91999816894531,66.5999984741211,68.51000213623047,1510100,46.50621032714844,0.0
BG,2009-10-20,68.58999633789062,68.58999633789062,66.55999755859375,67.45999908447266,1121500,45.7934455871582,0.0
BG,2009-10-21,67.2300033569336,68.27999877929688,66.51000213623047,66.9000015258789,1223600,45.41329574584961,0.0
BG,2009-10-22,63.4900016784668,64.79000091552734,61.45000076293945,64.58000183105469,4837900,43.83843994140625,0.0
BG,2009-10-23,64.87999725341797,65.19999694824219,62.77000045776367,63.540000915527344,1884900,43.13247299194336,0.0
BG,2009-10-26,63.130001068115234,64.16999816894531,62.5,62.59000015258789,1742900,42.487579345703125,0.0
BG,2009-10-27,62.689998626708984,63.220001220703125,61.0,61.38999938964844,2032900,41.67298889160156,0.0
BG,2009-10-28,61.34000015258789,61.599998474121094,58.52000045776367,59.36000061035156,2859400,40.29498291015625,0.0
BG,2009-10-29,59.869998931884766,60.720001220703125,59.54999923706055,60.41999816894531,1767400,41.01453399658203,0.0
BG,2009-10-30,60.189998626708984,60.189998626708984,56.13999938964844,57.060001373291016,3106500,38.73368453979492,0.0
BG,2009-11-02,57.279998779296875,58.08000183105469,56.459999084472656,57.130001068115234,1289200,38.78119659423828,0.0
BG,2009-11-03,56.25,58.5099983215332,56.0,58.47999954223633,2011300,39.69761276245117,0.0
BG,2009-11-04,58.83000183105469,59.5,58.02000045776367,58.22999954223633,1482600,39.52789306640625,0.0
BG,2009-11-05,58.7400016784668,59.099998474121094,57.95000076293945,58.939998626708984,1041900,40.00987243652344,0.0
BG,2009-11-06,58.65999984741211,59.18000030517578,56.83000183105469,57.11000061035156,3018300,38.76761245727539,0.0
BG,2009-11-09,57.529998779296875,58.75,57.529998779296875,58.0,1634500,39.37177276611328,0.0
BG,2009-11-10,57.790000915527344,58.93000030517578,57.709999084472656,58.54999923706055,2702400,39.745121002197266,0.0
BG,2009-11-11,58.880001068115234,59.5,57.939998626708984,58.290000915527344,1233900,39.56863784790039,0.0
BG,2009-11-12,58.5,59.130001068115234,57.0,57.16999816894531,1477300,38.80834197998047,0.0
BG,2009-11-13,57.08000183105469,58.459999084472656,56.7599983215332,58.27000045776367,1328200,39.555049896240234,0.0
BG,2009-11-16,58.47999954223633,59.93000030517578,58.0099983215332,58.97999954223633,2476300,40.18183517456055,0.21
BG,2009-11-17,58.97999954223633,59.459999084472656,58.45000076293945,58.88999938964844,2275100,40.12051773071289,0.0
BG,2009-11-18,59.279998779296875,62.81999969482422,59.099998474121094,62.599998474121094,5259700,42.64805603027344,0.0
BG,2009-11-19,61.880001068115234,63.40999984741211,61.47999954223633,63.40999984741211,2745400,43.19989776611328,0.0
BG,2009-11-20,63.279998779296875,63.599998474121094,61.36000061035156,63.310001373291016,2814100,43.13177490234375,0.0
BG,2009-11-23,64.06999969482422,64.44999694824219,63.209999084472656,63.68000030517578,1327500,43.38385772705078,0.0
BG,2009-11-24,63.630001068115234,63.939998626708984,61.93000030517578,62.68000030517578,1948600,42.702579498291016,0.0
BG,2009-11-25,63.0,63.88999938964844,62.79999923706055,63.02000045776367,970400,42.9342041015625,0.0
BG,2009-11-27,61.619998931884766,62.599998474121094,61.220001220703125,61.810001373291016,514600,42.1098518371582,0.0
BG,2009-11-30,61.790000915527344,62.599998474121094,61.099998474121094,61.900001525878906,966200,42.171180725097656,0.0
BG,2009-12-01,62.56999969482422,64.98999786376953,62.52000045776367,64.4800033569336,2156300,43.92887878417969,0.0
BG,2009-12-02,64.41999816894531,66.04000091552734,64.0,64.87000274658203,1337900,44.19456100463867,0.0
BG,2009-12-03,65.19000244140625,66.30999755859375,64.80999755859375,64.9000015258789,1451600,44.21500778198242,0.0
BG,2009-12-04,65.41999816894531,66.68000030517578,64.55999755859375,65.4000015258789,1286800,44.555641174316406,0.0
BG,2009-12-07,65.5,66.23999786376953,65.04000091552734,65.08000183105469,1044300,44.3376350402832,0.0
BG,2009-12-08,64.79000091552734,65.44999694824219,62.52000045776367,63.2400016784668,2450700,43.084083557128906,0.0
BG,2009-12-09,63.099998474121094,63.650001525878906,61.52000045776367,63.459999084472656,2276800,43.233951568603516,0.0
BG,2009-12-10,63.68000030517578,63.689998626708984,61.79999923706055,62.38999938964844,1903700,42.505008697509766,0.0
BG,2009-12-11,62.84000015258789,63.84000015258789,62.0,62.2400016784668,1590500,42.40281295776367,0.0
BG,2009-12-14,62.41999816894531,62.86000061035156,61.0099983215332,61.58000183105469,1999600,41.95316696166992,0.0
BG,2009-12-15,61.79999923706055,63.599998474121094,61.79999923706055,63.04999923706055,1365200,42.954647064208984,0.0
BG,2009-12-16,63.209999084472656,64.2699966430664,63.209999084472656,63.77000045776367,1240500,43.44515609741211,0.0
BG,2009-12-17,63.310001373291016,63.689998626708984,62.560001373291016,62.7400016784668,1923400,42.743438720703125,0.0
BG,2009-12-18,62.90999984741211,62.90999984741211,61.709999084472656,61.86000061035156,1479300,42.14392852783203,0.0
BG,2009-12-21,62.650001525878906,63.540000915527344,61.790000915527344,61.880001068115234,948100,42.157562255859375,0.0
BG,2009-12-22,61.88999938964844,62.9900016784668,61.650001525878906,61.81999969482422,762800,42.11665725708008,0.0
BG,2009-12-23,62.119998931884766,62.5099983215332,61.650001525878906,61.970001220703125,514800,42.21885299682617,0.0
BG,2009-12-24,61.119998931884766,63.0,61.11000061035156,63.0,320100,42.92058181762695,0.0
BG,2009-12-28,63.119998931884766,63.459999084472656,62.810001373291016,63.310001373291016,571500,43.13177490234375,0.0
BG,2009-12-29,63.189998626708984,64.70999908447266,63.189998626708984,63.52000045776367,680900,43.27484893798828,0.0
BG,2009-12-30,63.43000030517578,64.29000091552734,63.349998474121094,63.9900016784668,852500,43.595054626464844,0.0
BG,2009-12-31,64.08000183105469,64.75,63.83000183105469,63.83000183105469,541400,43.48603439331055,0.0
BG,2010-01-04,64.25,65.20999908447266,64.11000061035156,64.6500015258789,820700,44.0446891784668,0.0
BG,2010-01-05,64.94000244140625,67.1500015258789,64.94000244140625,66.87999725341797,1852700,45.563934326171875,0.0
BG,2010-01-06,67.88999938964844,69.36000061035156,67.25,69.05000305175781,3211500,47.042320251464844,0.0
BG,2010-01-07,68.88999938964844,71.25,68.30000305175781,70.93000030517578,3962900,48.32310485839844,0.0
BG,2010-01-08,70.6500015258789,71.37999725341797,70.6500015258789,71.29000091552734,1828300,48.56837844848633,0.0
BG,2010-01-11,71.68000030517578,72.75,70.0199966430664,70.27999877929688,1934400,47.88029098510742,0.0
BG,2010-01-12,69.45999908447266,69.58999633789062,67.70999908447266,68.61000061035156,1513800,46.7425537109375,0.0
BG,2010-01-13,68.44999694824219,68.81999969482422,66.94999694824219,68.12999725341797,1388400,46.41553497314453,0.0
BG,2010-01-14,67.69000244140625,68.94999694824219,66.16999816894531,68.06999969482422,1036600,46.374664306640625,0.0
BG,2010-01-15,71.0,74.04000091552734,69.20999908447266,69.8499984741211,3176000,47.58733367919922,0.0
BG,2010-01-19,70.02999877929688,70.19000244140625,67.88999938964844,69.0,1797400,47.008277893066406,0.0
BG,2010-01-20,68.04000091552734,68.63999938964844,67.05999755859375,67.75,1362000,46.15665817260742,0.0
BG,2010-01-21,67.7300033569336,67.97000122070312,63.81999969482422,64.08000183105469,2629700,43.65636444091797,0.0
BG,2010-01-22,64.13999938964844,64.87999725341797,62.810001373291016,62.880001068115234,1294900,42.83882522583008,0.0
BG,2010-01-25,63.279998779296875,63.880001068115234,62.54999923706055,62.66999816894531,1864900,42.69575881958008,0.0
BG,2010-01-26,62.630001068115234,62.9900016784668,62.0,62.02000045776367,1152700,42.2529182434082,0.0
BG,2010-01-27,63.31999969482422,63.5,60.83000183105469,61.4900016784668,2353900,41.8918342590332,0.0
BG,2010-01-28,61.9900016784668,62.08000183105469,59.63999938964844,60.06999969482422,2081600,40.92442321777344,0.0
BG,2010-01-29,60.47999954223633,61.189998626708984,58.540000915527344,58.790000915527344,2487800,40.052398681640625,0.0
BG,2010-02-01,59.2400016784668,60.75,58.880001068115234,59.66999816894531,1432100,40.65192413330078,0.0
BG,2010-02-02,60.02000045776367,61.43000030517578,59.95000076293945,61.38999938964844,1179400,41.82372283935547,0.0
BG,2010-02-03,61.5099983215332,61.540000915527344,59.849998474121094,60.5,1577800,41.21738052368164,0.0
BG,2010-02-04,57.5,59.279998779296875,57.5,58.54999923706055,2898900,39.88888168334961,0.0
BG,2010-02-05,58.369998931884766,59.04999923706055,57.33000183105469,58.75,2077300,40.0251579284668,0.0
BG,2010-02-08,58.56999969482422,58.95000076293945,56.869998931884766,56.900001525878906,1635200,38.7647819519043,0.0
BG,2010-02-09,57.279998779296875,58.27000045776367,57.25,57.86000061035156,1023100,39.4188117980957,0.0
BG,2010-02-10,57.90999984741211,58.220001220703125,57.150001525878906,58.060001373291016,996200,39.555049896240234,0.0
BG,2010-02-11,57.68000030517578,58.880001068115234,57.369998931884766,58.7599983215332,1161900,40.177268981933594,0.21
BG,2010-02-12,58.290000915527344,58.709999084472656,57.33000183105469,58.65999984741211,1235800,40.10890579223633,0.0
BG,2010-02-16,59.279998779296875,60.130001068115234,58.65999984741211,59.70000076293945,1281700,40.81999588012695,0.0
BG,2010-02-17,60.029998779296875,61.2599983215332,59.970001220703125,61.2400016784668,1537100,41.87297439575195,0.0
BG,2010-02-18,60.84000015258789,61.40999984741211,60.34000015258789,61.209999084472656,749900,41.852455139160156,0.0
BG,2010-02-19,61.31999969482422,61.66999816894531,60.689998626708984,61.310001373291016,1101500,41.920841217041016,0.0
BG,2010-02-22,61.68000030517578,61.869998931884766,60.939998626708984,61.5,1030700,42.05076217651367,0.0
BG,2010-02-23,61.41999816894531,61.68000030517578,59.9900016784668,60.130001068115234,1180400,41.11399841308594,0.0
BG,2010-02-24,60.08000183105469,60.15999984741211,58.630001068115234,60.04999923706055,1922700,41.0593147277832,0.0
BG,2010-02-25,59.619998931884766,60.47999954223633,59.08000183105469,60.400001525878906,1607900,41.29863739013672,0.0
BG,2010-02-26,60.02000045776367,60.65999984741211,59.58000183105469,59.59000015258789,952700,40.74476623535156,0.0
BG,2010-03-01,59.70000076293945,60.38999938964844,59.70000076293945,60.2599983215332,519600,41.20289611816406,0.0
BG,2010-03-02,60.47999954223633,61.810001373291016,60.400001525878906,61.40999984741211,945200,41.989219665527344,0.0
BG,2010-03-03,61.540000915527344,62.08000183105469,61.119998931884766,61.56999969482422,686100,42.09861755371094,0.0
BG,2010-03-04,61.41999816894531,62.150001525878906,60.34000015258789,60.88999938964844,685200,41.633670806884766,0.0
BG,2010-03-05,61.5,63.45000076293945,61.34000015258789,63.27000045776367,1378500,43.260986328125,0.0
BG,2010-03-08,63.5,63.849998474121094,62.08000183105469,62.20000076293945,1132000,42.529380798339844,0.0
BG,2010-03-09,62.099998474121094,62.810001373291016,62.099998474121094,62.369998931884766,493800,42.6456184387207,0.0
BG,2010-03-10,62.2400016784668,62.599998474121094,61.08000183105469,61.849998474121094,657600,42.290061950683594,0.0
BG,2010-03-11,61.43000030517578,61.5,60.5099983215332,60.939998626708984,867200,41.6678581237793,0.0
BG,2010-03-12,62.4900016784668,62.59000015258789,60.59000015258789,60.84000015258789,1092800,41.59946823120117,0.0
BG,2010-03-15,60.459999084472656,60.72999954223633,59.880001068115234,60.47999954223633,585900,41.353328704833984,0.0
BG,2010-03-16,60.66999816894531,60.66999816894531,59.599998474121094,60.0099983215332,852600,41.03194808959961,0.0
BG,2010-03-17,60.02000045776367,61.810001373291016,60.02000045776367,61.68000030517578,1544300,42.17382049560547,0.0
BG,2010-03-18,61.63999938964844,62.47999954223633,61.459999084472656,61.9900016784668,1792000,42.385799407958984,0.0
BG,2010-03-19,62.0099983215332,62.06999969482422,61.09000015258789,62.0099983215332,1488700,42.399452209472656,0.0
BG,2010-03-22,61.86000061035156,63.209999084472656,61.20000076293945,63.15999984741211,1096900,43.18577575683594,0.0
BG,2010-03-23,63.279998779296875,66.0199966430664,63.130001068115234,65.33999633789062,2440900,44.67634582519531,0.0
BG,2010-03-24,65.06999969482422,65.06999969482422,63.95000076293945,64.37999725341797,967900,44.019962310791016,0.0
BG,2010-03-25,64.69000244140625,64.83000183105469,63.68000030517578,63.7599983215332,880000,43.59602355957031,0.0
BG,2010-03-26,63.84000015258789,64.05999755859375,63.34000015258789,63.84000015258789,805400,43.65074157714844,0.0
BG,2010-03-29,63.9900016784668,64.05999755859375,63.18000030517578,63.529998779296875,1181500,43.43877029418945,0.0
BG,2010-03-30,63.880001068115234,63.95000076293945,62.58000183105469,63.25,1070200,43.247314453125,0.0
BG,2010-03-31,62.81999969482422,63.0099983215332,61.25,61.630001068115234,1810200,42.13964080810547,0.0
BG,2010-04-01,61.91999816894531,62.7400016784668,61.720001220703125,61.849998474121094,1043500,42.290061950683594,0.0
BG,2010-04-05,62.290000915527344,62.54999923706055,60.90999984741211,61.0,1193600,41.7088737487793,0.0
BG,2010-04-06,60.83000183105469,61.38999938964844,60.099998474121094,60.18000030517578,1462100,41.1482048034668,0.0
BG,2010-04-07,60.060001373291016,60.13999938964844,59.599998474121094,59.779998779296875,2211100,40.87470626831055,0.0
BG,2010-04-08,59.619998931884766,59.619998931884766,58.95000076293945,59.220001220703125,1620500,40.491798400878906,0.0
BG,2010-04-09,59.7599983215332,60.47999954223633,59.2599983215332,60.349998474121094,1716000,41.26442337036133,0.0
BG,2010-04-12,60.63999938964844,61.689998626708984,60.36000061035156,61.630001068115234,1568900,42.13964080810547,0.0
BG,2010-04-13,61.29999923706055,61.52000045776367,59.790000915527344,59.810001373291016,1339900,40.89522933959961,0.0
BG,2010-04-14,59.95000076293945,60.68000030517578,59.75,60.66999816894531,1092300,41.48324203491211,0.0
BG,2010-04-15,60.529998779296875,61.09000015258789,60.130001068115234,60.40999984741211,1206000,41.305458068847656,0.0
BG,2010-04-16,59.970001220703125,60.77000045776367,59.75,59.939998626708984,1100000,40.98409652709961,0.0
BG,2010-04-19,59.93000030517578,59.93000030517578,58.75,59.7400016784668,805300,40.84735107421875,0.0
BG,2010-04-20,59.83000183105469,60.25,59.52000045776367,59.72999954223633,1150300,40.840492248535156,0.0
BG,2010-04-21,60.0,60.0,58.27000045776367,58.459999084472656,1900900,39.9721565246582,0.0
BG,2010-04-22,58.09000015258789,58.45000076293945,57.790000915527344,58.439998626708984,890900,39.95847702026367,0.0
BG,2010-04-23,58.15999984741211,58.779998779296875,57.79999923706055,58.72999954223633,1045800,40.15676498413086,0.0
BG,2010-04-26,58.83000183105469,59.70000076293945,57.91999816894531,58.04999923706055,1319000,39.69181823730469,0.0
BG,2010-04-27,58.0,58.0,56.20000076293945,56.33000183105469,1446300,38.51575469970703,0.0
BG,2010-04-28,56.400001525878906,57.689998626708984,56.400001525878906,57.279998779296875,1547800,39.165313720703125,0.0
BG,2010-04-29,56.720001220703125,57.75,53.38999938964844,53.5,3774100,36.58074188232422,0.0
BG,2010-04-30,53.56999969482422,54.72999954223633,52.470001220703125,52.95000076293945,3507200,36.20466613769531,0.0
BG,2010-05-03,53.45000076293945,53.849998474121094,52.95000076293945,53.619998931884766,1360200,36.66279983520508,0.0
BG,2010-05-04,53.029998779296875,53.4900016784668,51.959999084472656,52.31999969482422,1550800,35.77391815185547,0.0
BG,2010-05-05,51.84000015258789,52.08000183105469,50.4900016784668,51.25,1610800,35.04229736328125,0.0
BG,2010-05-06,51.060001373291016,52.0099983215332,48.11000061035156,50.7599983215332,3016400,34.7072639465332,0.0
BG,2010-05-07,50.63999938964844,51.54999923706055,50.08000183105469,51.47999954223633,2582000,35.19954299926758,0.0
BG,2010-05-10,53.880001068115234,53.880001068115234,51.43000030517578,51.900001525878906,1966200,35.486724853515625,0.0
BG,2010-05-11,51.91999816894531,51.9900016784668,50.86000061035156,51.2400016784668,1122200,35.035465240478516,0.0
BG,2010-05-12,51.400001525878906,54.93000030517578,51.209999084472656,54.75,2520000,37.43543243408203,0.0
BG,2010-05-13,55.0,55.0,51.560001373291016,51.72999954223633,2575100,35.37049102783203,0.0
BG,2010-05-14,51.5,52.06999969482422,50.060001373291016,50.72999954223633,1437100,34.68675994873047,0.0
BG,2010-05-17,50.93000030517578,51.880001068115234,49.470001220703125,50.4900016784668,1359100,34.66614532470703,0.21
BG,2010-05-18,51.119998931884766,52.630001068115234,50.95000076293945,51.02000045776367,1476600,35.03002166748047,0.0
BG,2010-05-19,50.599998474121094,50.68000030517578,49.20000076293945,50.0099983215332,1582600,34.33658218383789,0.0
BG,2010-05-20,49.15999984741211,49.15999984741211,47.849998474121094,48.06999969482422,1594300,33.00459289550781,0.0
BG,2010-05-21,47.29999923706055,48.54999923706055,47.15999984741211,47.84000015258789,1853300,32.8466682434082,0.0
BG,2010-05-24,48.02000045776367,48.4900016784668,47.38999938964844,47.52000045776367,1602200,32.626949310302734,0.0
BG,2010-05-25,46.4900016784668,47.58000183105469,45.36000061035156,47.189998626708984,2392500,32.40037536621094,0.0
BG,2010-05-26,47.7400016784668,48.630001068115234,47.130001068115234,47.959999084472656,1984800,32.92905807495117,0.0
BG,2010-05-27,49.060001373291016,49.68000030517578,48.61000061035156,49.38999938964844,1341000,33.910884857177734,0.0
BG,2010-05-28,49.16999816894531,49.400001525878906,48.599998474121094,48.7599983215332,998200,33.478328704833984,0.0
BG,2010-06-01,48.310001373291016,49.13999938964844,48.13999938964844,48.13999938964844,1015400,33.05265808105469,0.0
BG,2010-06-02,48.65999984741211,49.220001220703125,48.0,49.150001525878906,907200,33.746097564697266,0.0
BG,2010-06-03,49.08000183105469,49.529998779296875,48.33000183105469,49.09000015258789,660500,33.70490264892578,0.0
BG,2010-06-04,48.4900016784668,49.93000030517578,48.36000061035156,48.599998474121094,1600200,33.36846923828125,0.0
BG,2010-06-07,49.0099983215332,49.029998779296875,47.41999816894531,47.45000076293945,1092700,32.57889938354492,0.0
BG,2010-06-08,47.25,47.900001525878906,47.06999969482422,47.7599983215332,1089200,32.79174041748047,0.0
BG,2010-06-09,49.279998779296875,51.900001525878906,49.279998779296875,50.25,3148700,34.50136184692383,0.0
BG,2010-06-10,51.25,52.47999954223633,50.84000015258789,50.939998626708984,1531300,34.975101470947266,0.0
BG,2010-06-11,50.459999084472656,52.40999984741211,50.38999938964844,52.22999954223633,1215200,35.860809326171875,0.0
BG,2010-06-14,52.31999969482422,52.880001068115234,51.959999084472656,52.2599983215332,1041800,35.88140869140625,0.0
BG,2010-06-15,52.54999923706055,54.45000076293945,52.27000045776367,54.369998931884766,1490500,37.33013916015625,0.0
BG,2010-06-16,53.84000015258789,54.189998626708984,52.9900016784668,53.33000183105469,1076500,36.616085052490234,0.0
BG,2010-06-17,53.209999084472656,53.720001220703125,53.040000915527344,53.61000061035156,716500,36.80831527709961,0.0
BG,2010-06-18,53.59000015258789,53.81999969482422,53.08000183105469,53.2400016784668,834600,36.55427551269531,0.0
BG,2010-06-21,54.220001220703125,54.220001220703125,53.41999816894531,54.040000915527344,1399200,37.10355758666992,0.0
BG,2010-06-22,53.400001525878906,54.11000061035156,52.7400016784668,52.7599983215332,1141100,36.2247200012207,0.0
BG,2010-06-23,52.709999084472656,53.130001068115234,52.20000076293945,52.720001220703125,957900,36.19724655151367,0.0
BG,2010-06-24,52.84000015258789,52.90999984741211,51.09000015258789,51.279998779296875,1370400,35.208560943603516,0.0
BG,2010-06-25,51.380001068115234,52.75,51.29999923706055,52.290000915527344,1248100,35.902015686035156,0.0
BG,2010-06-28,52.02000045776367,52.5099983215332,51.65999984741211,51.959999084472656,672300,35.67544174194336,0.0
BG,2010-06-29,51.029998779296875,51.130001068115234,49.2599983215332,49.38999938964844,1360700,33.910884857177734,0.0
BG,2010-06-30,49.09000015258789,50.119998931884766,49.02000045776367,49.189998626708984,1273900,33.77356719970703,0.0
BG,2010-07-01,49.09000015258789,49.86000061035156,48.7400016784668,49.810001373291016,1005600,34.19926071166992,0.0
BG,2010-07-02,50.15999984741211,50.5,49.459999084472656,49.779998779296875,833200,34.17865753173828,0.0
BG,2010-07-06,50.040000915527344,50.939998626708984,49.56999969482422,50.060001373291016,816300,34.37090301513672,0.0
BG,2010-07-07,50.099998474121094,52.20000076293945,50.099998474121094,52.18000030517578,1017900,35.82649230957031,0.0
BG,2010-07-08,53.0099983215332,53.29999923706055,52.15999984741211,53.18000030517578,1034900,36.51307678222656,0.0
BG,2010-07-09,53.209999084472656,54.08000183105469,53.0,53.939998626708984,1021100,37.0349006652832,0.0
BG,2010-07-12,53.97999954223633,54.31999969482422,53.400001525878906,53.58000183105469,925800,36.787723541259766,0.0
BG,2010-07-13,53.93000030517578,54.900001525878906,53.86000061035156,53.959999084472656,1654600,37.048622131347656,0.0
BG,2010-07-14,53.95000076293945,54.119998931884766,53.4900016784668,54.060001373291016,835800,37.11729049682617,0.0
BG,2010-07-15,54.0,54.20000076293945,53.11000061035156,54.0,1512500,37.076087951660156,0.0
BG,2010-07-16,53.970001220703125,54.220001220703125,51.849998474121094,51.97999954223633,1735200,35.689170837402344,0.0
BG,2010-07-19,52.34000015258789,52.59000015258789,51.7599983215332,52.060001373291016,785300,35.744102478027344,0.0
BG,2010-07-20,51.709999084472656,53.540000915527344,51.709999084472656,53.40999984741211,637800,36.67099380493164,0.0
BG,2010-07-21,53.439998626708984,54.08000183105469,53.34000015258789,53.619998931884766,1429800,36.81519317626953,0.0
BG,2010-07-22,54.34000015258789,55.0,53.66999816894531,53.95000076293945,2350400,37.0417594909668,0.0
BG,2010-07-23,53.91999816894531,55.25,53.91999816894531,55.08000183105469,1595700,37.817623138427734,0.0
BG,2010-07-26,55.11000061035156,56.349998474121094,54.97999954223633,55.099998474121094,1705100,37.83134841918945,0.0
BG,2010-07-27,55.36000061035156,55.95000076293945,55.040000915527344,55.83000183105469,1432600,38.332557678222656,0.0
BG,2010-07-28,55.720001220703125,55.849998474121094,53.790000915527344,53.970001220703125,1975100,37.05547332763672,0.0
BG,2010-07-29,48.81999969482422,48.84000015258789,45.83000183105469,46.290000915527344,8176000,31.7824649810791,0.0
BG,2010-07-30,46.16999816894531,50.25,46.16999816894531,49.650001525878906,4411000,34.089412689208984,0.0
BG,2010-08-02,50.290000915527344,52.7400016784668,50.290000915527344,52.13999938964844,3854900,35.79902267456055,0.0
BG,2010-08-03,51.720001220703125,52.27000045776367,51.45000076293945,51.56999969482422,2033900,35.40765380859375,0.0
BG,2010-08-04,51.4900016784668,52.189998626708984,51.349998474121094,51.61000061035156,1537900,35.43512725830078,0.0
BG,2010-08-05,51.29999923706055,54.93000030517578,51.060001373291016,54.47999954223633,3969700,37.40565490722656,0.0
BG,2010-08-06,55.5,55.86000061035156,54.2599983215332,55.65999984741211,3690200,38.21583557128906,0.0
BG,2010-08-09,55.81999969482422,56.0,54.619998931884766,54.970001220703125,1626200,37.74208450317383,0.0
BG,2010-08-10,54.310001373291016,56.2599983215332,54.310001373291016,54.91999816894531,1601500,37.7077522277832,0.0
BG,2010-08-11,53.810001373291016,53.959999084472656,52.9900016784668,53.209999084472656,1553500,36.53369140625,0.0
BG,2010-08-12,52.16999816894531,54.79999923706055,51.81999969482422,54.40999984741211,1405700,37.357601165771484,0.0
BG,2010-08-13,54.08000183105469,54.849998474121094,53.900001525878906,54.189998626708984,627900,37.20655059814453,0.0
BG,2010-08-16,54.16999816894531,54.25,53.619998931884766,54.0,1306600,37.076087951660156,0.0
BG,2010-08-17,55.0099983215332,55.599998474121094,54.060001373291016,54.810001373291016,1462400,37.7932014465332,0.23
BG,2010-08-18,55.0,55.06999969482422,54.25,54.7599983215332,954700,37.75872802734375,0.0
BG,2010-08-19,54.70000076293945,54.70000076293945,53.31999969482422,54.06999969482422,1139400,37.28295135498047,0.0
BG,2010-08-20,53.95000076293945,54.040000915527344,53.060001373291016,53.63999938964844,675500,36.986454010009766,0.0
BG,2010-08-23,54.2400016784668,54.68000030517578,53.11000061035156,53.119998931884766,684800,36.62789535522461,0.0
BG,2010-08-24,52.81999969482422,52.81999969482422,51.04999923706055,51.95000076293945,1376900,35.82114028930664,0.0
BG,2010-08-25,51.25,52.310001373291016,51.0,52.04999923706055,1003100,35.890098571777344,0.0
BG,2010-08-26,51.7400016784668,52.400001525878906,51.0,51.130001068115234,1269800,35.2557258605957,0.0
BG,2010-08-27,51.33000183105469,53.06999969482422,50.52000045776367,52.84000015258789,1260800,36.434814453125,0.0
BG,2010-08-30,52.25,52.779998779296875,52.0,52.0,799500,35.85562515258789,0.0
BG,2010-08-31,51.36000061035156,53.25,51.2400016784668,53.0,1201300,36.54515838623047,0.0
BG,2010-09-01,53.86000061035156,54.5,53.619998931884766,53.880001068115234,1099900,37.151939392089844,0.0
BG,2010-09-02,53.959999084472656,55.79999923706055,53.810001373291016,55.650001525878906,1445600,38.37240219116211,0.0
BG,2010-09-03,56.70000076293945,56.970001220703125,54.9900016784668,55.650001525878906,1245500,38.37240219116211,0.0
BG,2010-09-07,55.54999923706055,55.54999923706055,54.7400016784668,54.86000061035156,790600,37.82767105102539,0.0
BG,2010-09-08,55.029998779296875,56.349998474121094,55.0,55.93000030517578,1349000,38.56547164916992,0.0
BG,2010-09-09,56.25,57.20000076293945,56.25,56.70000076293945,899500,39.096412658691406,0.0
BG,2010-09-10,57.04999923706055,57.689998626708984,56.70000076293945,57.040000915527344,914900,39.33088302612305,0.0
BG,2010-09-13,57.41999816894531,58.2400016784668,57.130001068115234,58.099998474121094,873300,40.06174850463867,0.0
BG,2010-09-14,57.59000015258789,57.869998931884766,56.040000915527344,56.09000015258789,1691900,38.675804138183594,0.0
BG,2010-09-15,56.0,56.959999084472656,55.630001068115234,56.650001525878906,838300,39.06193161010742,0.0
BG,2010-09-16,56.599998474121094,57.279998779296875,56.38999938964844,57.09000015258789,471900,39.365333557128906,0.0
BG,2010-09-17,57.310001373291016,57.54999923706055,56.459999084472656,57.459999084472656,1000900,39.62045669555664,0.0
BG,2010-09-20,57.88999938964844,57.88999938964844,56.959999084472656,57.5,1028100,39.648048400878906,0.0
BG,2010-09-21,57.45000076293945,57.70000076293945,56.439998626708984,56.65999984741211,1227400,39.06885528564453,0.0
BG,2010-09-22,56.4900016784668,58.900001525878906,56.349998474121094,58.630001068115234,1272900,40.42721176147461,0.0
BG,2010-09-23,57.90999984741211,60.16999816894531,57.79999923706055,59.470001220703125,2371800,41.00642395019531,0.0
BG,2010-09-24,60.150001525878906,61.5099983215332,60.0099983215332,60.7400016784668,2011700,41.88212966918945,0.0
BG,2010-09-27,60.869998931884766,61.060001373291016,60.060001373291016,60.349998474121094,1096600,41.613216400146484,0.0
BG,2010-09-28,60.7400016784668,61.61000061035156,60.029998779296875,61.61000061035156,1162200,42.482017517089844,0.0
BG,2010-09-29,61.400001525878906,61.97999954223633,60.79999923706055,61.189998626708984,1053700,42.19240951538086,0.0
BG,2010-09-30,61.56999969482422,61.66999816894531,58.15999984741211,59.15999984741211,2014100,40.79266357421875,0.0
BG,2010-10-01,59.59000015258789,59.61000061035156,56.380001068115234,57.45000076293945,3038400,39.613555908203125,0.0
BG,2010-10-04,57.029998779296875,57.7400016784668,56.5,57.630001068115234,1375500,39.73768615722656,0.0
BG,2010-10-05,57.880001068115234,58.5,54.79999923706055,57.84000015258789,4595800,39.88249206542969,0.0
BG,2010-10-06,57.88999938964844,58.91999816894531,57.81999969482422,58.09000015258789,997900,40.05487060546875,0.0
BG,2010-10-07,58.36000061035156,58.79999923706055,57.40999984741211,58.7599983215332,985500,40.5168571472168,0.0
BG,2010-10-08,59.13999938964844,61.0,59.13999938964844,60.369998931884766,1617800,41.626991271972656,0.0
BG,2010-10-11,60.970001220703125,61.97999954223633,60.400001525878906,61.310001373291016,1313700,42.27515411376953,0.0
BG,2010-10-12,59.9900016784668,61.34000015258789,59.9900016784668,60.84000015258789,948500,41.951080322265625,0.0
BG,2010-10-13,61.86000061035156,62.4900016784668,61.029998779296875,61.650001525878906,1438500,42.50959777832031,0.0
BG,2010-10-14,61.810001373291016,61.869998931884766,60.900001525878906,61.040000915527344,765000,42.0889892578125,0.0
BG,2010-10-15,61.59000015258789,61.70000076293945,60.150001525878906,60.650001525878906,1043600,41.82006072998047,0.0
BG,2010-10-18,60.88999938964844,60.9900016784668,60.40999984741211,60.779998779296875,639600,41.90970230102539,0.0
BG,2010-10-19,60.15999984741211,60.59000015258789,58.0099983215332,60.040000915527344,1162100,41.399452209472656,0.0
BG,2010-10-20,60.27000045776367,61.279998779296875,60.22999954223633,60.650001525878906,699500,41.82006072998047,0.0
BG,2010-10-21,61.119998931884766,61.869998931884766,60.720001220703125,61.2400016784668,948900,42.22688293457031,0.0
BG,2010-10-22,61.2599983215332,61.81999969482422,60.709999084472656,61.7400016784668,941500,42.571659088134766,0.0
BG,2010-10-25,62.06999969482422,62.86000061035156,62.040000915527344,62.560001373291016,1293300,43.13705825805664,0.0
BG,2010-10-26,62.060001373291016,62.529998779296875,61.150001525878906,62.209999084472656,1034200,42.89573669433594,0.0
BG,2010-10-27,61.43000030517578,62.369998931884766,61.380001068115234,61.70000076293945,1145500,42.5440673828125,0.0
BG,2010-10-28,62.86000061035156,63.130001068115234,58.36000061035156,58.95000076293945,2961500,40.647865295410156,0.0
BG,2010-10-29,60.25,61.0,58.849998474121094,60.06999969482422,1485100,41.42013168334961,0.0
BG,2010-11-01,60.58000183105469,61.560001373291016,60.5,60.650001525878906,1007300,41.82006072998047,0.0
BG,2010-11-02,61.20000076293945,61.20000076293945,59.459999084472656,59.939998626708984,945100,41.330501556396484,0.0
BG,2010-11-03,59.900001525878906,59.900001525878906,59.04999923706055,59.66999816894531,786400,41.144325256347656,0.0
BG,2010-11-04,60.470001220703125,60.93000030517578,59.2599983215332,60.619998931884766,975800,41.799373626708984,0.0
BG,2010-11-05,60.689998626708984,61.150001525878906,60.0099983215332,60.25,1118800,41.54424285888672,0.0
BG,2010-11-08,60.2599983215332,60.279998779296875,59.5,59.810001373291016,835800,41.24085998535156,0.0
BG,2010-11-09,60.0099983215332,62.31999969482422,60.0099983215332,61.31999969482422,1739900,42.28205108642578,0.0
BG,2010-11-10,61.40999984741211,61.849998474121094,60.689998626708984,61.849998474121094,837700,42.64750289916992,0.0
BG,2010-11-11,61.34000015258789,62.29999923706055,60.81999969482422,62.16999816894531,1020700,42.8681526184082,0.0
BG,2010-11-12,61.599998474121094,61.81999969482422,59.79999923706055,60.369998931884766,1114100,41.626991271972656,0.0
BG,2010-11-15,60.5,61.16999816894531,59.79999923706055,60.18000030517578,1123700,41.49598693847656,0.0
BG,2010-11-16,59.58000183105469,59.93000030517578,59.0,59.540000915527344,1083200,41.212188720703125,0.23
BG,2010-11-17,59.38999938964844,60.310001373291016,59.15999984741211,60.18000030517578,771300,41.655189514160156,0.0
BG,2010-11-18,60.7599983215332,61.849998474121094,60.7599983215332,61.31999969482422,848000,42.44426727294922,0.0
BG,2010-11-19,61.220001220703125,61.560001373291016,60.959999084472656,61.52000045776367,566200,42.582706451416016,0.0
BG,2010-11-22,61.52000045776367,61.790000915527344,60.70000076293945,61.38999938964844,826400,42.492706298828125,0.0
BG,2010-11-23,60.810001373291016,60.88999938964844,60.06999969482422,60.599998474121094,778500,41.945899963378906,0.0
BG,2010-11-24,61.189998626708984,62.380001068115234,61.15999984741211,62.29999923706055,973900,43.12260437011719,0.0
BG,2010-11-26,61.5099983215332,62.66999816894531,61.5099983215332,61.66999816894531,322500,42.6865234375,0.0
BG,2010-11-29,61.2400016784668,61.540000915527344,60.119998931884766,60.779998779296875,1102000,42.07048797607422,0.0
BG,2010-11-30,60.130001068115234,61.380001068115234,60.04999923706055,60.81999969482422,1150200,42.09818649291992,0.0
BG,2010-12-01,61.68000030517578,62.040000915527344,61.5,61.97999954223633,1318800,42.90110397338867,0.0
BG,2010-12-02,61.849998474121094,62.720001220703125,61.5,62.540000915527344,841400,43.28873062133789,0.0
BG,2010-12-03,62.439998626708984,64.13999938964844,62.2400016784668,63.939998626708984,1715700,44.25777053833008,0.0
BG,2010-12-06,64.0,64.97000122070312,63.70000076293945,64.36000061035156,1264100,44.548484802246094,0.0
BG,2010-12-07,64.9000015258789,65.05999755859375,63.79999923706055,63.81999969482422,1350400,44.174705505371094,0.0
BG,2010-12-08,63.810001373291016,64.48999786376953,62.970001220703125,63.2400016784668,1231800,43.77323532104492,0.0
BG,2010-12-09,63.06999969482422,63.43000030517578,62.20000076293945,62.689998626708984,1228700,43.39255905151367,0.0
BG,2010-12-10,62.630001068115234,62.939998626708984,62.2599983215332,62.38999938964844,1224400,43.184898376464844,0.0
BG,2010-12-13,62.599998474121094,62.709999084472656,61.529998779296875,62.560001373291016,1115800,43.302555084228516,0.0
BG,2010-12-14,62.720001220703125,62.90999984741211,62.220001220703125,62.619998931884766,576500,43.344093322753906,0.0
BG,2010-12-15,62.75,63.400001525878906,61.36000061035156,61.5099983215332,1233500,42.575775146484375,0.0
BG,2010-12-16,62.060001373291016,62.88999938964844,61.36000061035156,61.650001525878906,1400500,42.67268753051758,0.0
BG,2010-12-17,61.9900016784668,62.040000915527344,61.66999816894531,62.040000915527344,1608200,42.942630767822266,0.0
BG,2010-12-20,62.869998931884766,62.90999984741211,61.91999816894531,62.02000045776367,1044700,42.92878341674805,0.0
BG,2010-12-21,62.29999923706055,62.7400016784668,61.900001525878906,62.2400016784668,1426200,43.0810661315918,0.0
BG,2010-12-22,62.34000015258789,64.19999694824219,62.290000915527344,63.75,1385100,44.12625503540039,0.0
BG,2010-12-23,63.939998626708984,64.4800033569336,63.47999954223633,64.0,1269200,44.2993049621582,0.0
BG,2010-12-27,64.0999984741211,64.33000183105469,63.83000183105469,64.22000122070312,552200,44.45159912109375,0.0
BG,2010-12-28,64.3499984741211,64.44000244140625,63.880001068115234,64.30999755859375,567900,44.51387405395508,0.0
BG,2010-12-29,64.44000244140625,65.1500015258789,64.12000274658203,64.58000183105469,1041500,44.70075988769531,0.0
BG,2010-12-30,64.79000091552734,65.4000015258789,64.70999908447266,65.19000244140625,609000,45.122989654541016,0.0
BG,2010-12-31,65.33000183105469,65.88999938964844,64.88999938964844,65.5199966430664,534600,45.351402282714844,0.0
BG,2011-01-03,65.94999694824219,66.0,64.94999694824219,65.38999938964844,1024900,45.26142501831055,0.0
BG,2011-01-04,65.79000091552734,65.95999908447266,65.02999877929688,65.43000030517578,1379600,45.289119720458984,0.0
BG,2011-01-05,65.83000183105469,67.01000213623047,65.56999969482422,66.8499984741211,2169200,46.27200698852539,0.0
BG,2011-01-06,66.93000030517578,67.37999725341797,66.58999633789062,67.37999725341797,1630600,46.63886260986328,0.0
BG,2011-01-07,67.16000366210938,67.62999725341797,66.27999877929688,66.88999938964844,870700,46.299686431884766,0.0
BG,2011-01-10,67.06999969482422,67.47000122070312,66.20999908447266,66.5,869700,46.029747009277344,0.0
BG,2011-01-11,67.16999816894531,67.2699966430664,66.2699966430664,66.58000183105469,1361400,46.085121154785156,0.0
BG,2011-01-12,67.11000061035156,68.1500015258789,66.93000030517578,67.29000091552734,1093200,46.57656478881836,0.0
BG,2011-01-13,67.54000091552734,70.2300033569336,67.54000091552734,69.86000061035156,2828000,48.355464935302734,0.0
BG,2011-01-14,70.70999908447266,70.9000015258789,69.95999908447266,70.88999938964844,1730400,49.06838607788086,0.0
BG,2011-01-18,70.93000030517578,71.23999786376953,70.04000091552734,70.44000244140625,1410500,48.756927490234375,0.0
BG,2011-01-19,72.36000061035156,72.6500015258789,70.61000061035156,70.9000015258789,2190000,49.07533264160156,0.0
BG,2011-01-20,70.30999755859375,70.37999725341797,68.55999755859375,69.4800033569336,1737900,48.09242630004883,0.0
BG,2011-01-21,70.05000305175781,70.72000122070312,69.8499984741211,70.04000091552734,999400,48.48006820678711,0.0
BG,2011-01-24,68.3499984741211,70.0,67.55000305175781,69.2699966430664,1669700,47.94707107543945,0.0
BG,2011-01-25,68.98999786376953,69.26000213623047,68.11000061035156,68.4800033569336,1130700,47.40025329589844,0.0
BG,2011-01-26,68.63999938964844,69.13999938964844,68.30000305175781,69.0,994500,47.76018524169922,0.0
BG,2011-01-27,69.08000183105469,69.1500015258789,67.97000122070312,68.37000274658203,903200,47.32411575317383,0.0
BG,2011-01-28,68.73999786376953,68.73999786376953,66.62999725341797,66.81999969482422,1125600,46.251243591308594,0.0
BG,2011-01-31,66.91000366210938,68.33000183105469,66.25,68.06999969482422,1524500,47.116451263427734,0.0
BG,2011-02-01,69.06999969482422,70.4000015258789,68.5,68.69000244140625,1638300,47.54561233520508,0.0
BG,2011-02-02,68.91000366210938,70.0,68.76000213623047,69.5199966430664,1192500,48.12010192871094,0.0
BG,2011-02-03,69.56999969482422,69.9000015258789,68.69999694824219,69.62000274658203,953400,48.189334869384766,0.0
BG,2011-02-04,69.69000244140625,69.91999816894531,69.05000305175781,69.91000366210938,1112700,48.39007568359375,0.0
BG,2011-02-07,70.0,70.3499984741211,69.52999877929688,69.69999694824219,1103200,48.24470520019531,0.0
BG,2011-02-08,69.8499984741211,70.06999969482422,69.4000015258789,69.87000274658203,828500,48.362369537353516,0.0
BG,2011-02-09,70.33000183105469,70.77999877929688,69.12000274658203,69.77999877929688,1842100,48.300079345703125,0.0
BG,2011-02-10,70.37999725341797,71.44999694824219,67.37999725341797,69.02999877929688,2529800,47.780948638916016,0.0
BG,2011-02-11,69.68000030517578,71.5,69.51000213623047,71.36000061035156,2366200,49.393733978271484,0.0
BG,2011-02-14,71.54000091552734,72.4800033569336,71.54000091552734,72.30000305175781,1539800,50.20618438720703,0.23
BG,2011-02-15,72.44000244140625,72.77999877929688,71.68000030517578,72.30999755859375,1440800,50.213130950927734,0.0
BG,2011-02-16,72.41999816894531,74.80999755859375,72.41999816894531,74.44999694824219,2119200,51.699195861816406,0.0
BG,2011-02-17,74.47000122070312,74.72000122070312,73.05999755859375,74.22000122070312,1480600,51.53947067260742,0.0
BG,2011-02-18,74.54000091552734,74.87000274658203,73.58999633789062,74.23999786376953,1048500,51.553314208984375,0.0
BG,2011-02-22,73.3499984741211,74.16000366210938,72.13999938964844,72.27999877929688,1116400,50.19231033325195,0.0
BG,2011-02-23,72.05000305175781,72.05000305175781,69.33999633789062,70.58999633789062,1832600,49.018741607666016,0.0
BG,2011-02-24,70.44999694824219,71.44999694824219,69.91999816894531,70.73999786376953,1077100,49.12290954589844,0.0
BG,2011-02-25,71.29000091552734,71.69000244140625,70.7300033569336,71.48999786376953,1529700,49.64371871948242,0.0
BG,2011-02-28,72.19999694824219,72.48999786376953,71.51000213623047,72.16999816894531,1346300,50.11590576171875,0.0
BG,2011-03-01,72.19999694824219,72.5,70.0199966430664,70.81999969482422,1310700,49.178443908691406,0.0
BG,2011-03-02,70.70999908447266,71.69999694824219,70.69999694824219,71.4800033569336,1503900,49.63676071166992,0.0
BG,2011-03-03,72.05000305175781,72.5,71.2699966430664,72.0999984741211,1201500,50.06728744506836,0.0
BG,2011-03-04,72.72000122070312,72.8499984741211,71.0999984741211,71.9000015258789,546800,49.928436279296875,0.0
BG,2011-03-07,71.97000122070312,72.16999816894531,70.56999969482422,70.68000030517578,1047100,49.081233978271484,0.0
BG,2011-03-08,70.9000015258789,71.29000091552734,70.22000122070312,70.97000122070312,761600,49.2826042175293,0.0
BG,2011-03-09,70.3499984741211,70.75,69.66999816894531,70.43000030517578,506700,48.90762710571289,0.0
BG,2011-03-10,69.31999969482422,69.31999969482422,68.08000183105469,68.18000030517578,1246900,47.3452033996582,0.0
BG,2011-03-11,67.62999725341797,69.30000305175781,66.62999725341797,69.1500015258789,1339800,48.018775939941406,0.0
BG,2011-03-14,68.81999969482422,69.3499984741211,67.9800033569336,68.41999816894531,692700,47.511871337890625,0.0
BG,2011-03-15,66.2300033569336,68.75,65.51000213623047,68.13999938964844,1226900,47.317413330078125,0.0
BG,2011-03-16,68.25,68.69999694824219,66.25,66.58000183105469,925200,46.234134674072266,0.0
BG,2011-03-17,67.37000274658203,67.7300033569336,66.69999694824219,66.83000183105469,860800,46.407737731933594,0.0
BG,2011-03-18,67.68000030517578,67.68000030517578,66.61000061035156,67.0,959500,46.52579116821289,0.0
BG,2011-03-21,67.7699966430664,68.8499984741211,67.26000213623047,68.79000091552734,712800,47.768795013427734,0.0
BG,2011-03-22,69.25,69.62999725341797,68.80999755859375,69.31999969482422,745200,48.136837005615234,0.0
BG,2011-03-23,70.98999786376953,71.19999694824219,70.20999908447266,70.63999938964844,877000,49.053462982177734,0.0
BG,2011-03-24,70.7300033569336,70.83999633789062,69.4000015258789,70.37000274658203,697100,48.86597442626953,0.0
BG,2011-03-25,70.61000061035156,71.27999877929688,70.12000274658203,70.80000305175781,799200,49.16455841064453,0.0
BG,2011-03-28,71.01000213623047,71.80000305175781,70.87999725341797,70.94000244140625,1004500,49.261783599853516,0.0
BG,2011-03-29,70.72000122070312,71.16999816894531,70.51000213623047,71.06999969482422,529900,49.35206604003906,0.0
BG,2011-03-30,71.52999877929688,72.91999816894531,71.2300033569336,72.83000183105469,1238800,50.57421875,0.0
BG,2011-03-31,73.02999877929688,73.61000061035156,72.29000091552734,72.33000183105469,1252400,50.227020263671875,0.0
BG,2011-04-01,73.06999969482422,74.25,73.01000213623047,73.80000305175781,1036700,51.24779510498047,0.0
BG,2011-04-04,73.75,73.87999725341797,72.51000213623047,73.19999694824219,679000,50.83116912841797,0.0
BG,2011-04-05,73.29000091552734,74.30000305175781,73.2300033569336,73.97000122070312,832700,51.36585998535156,0.0
BG,2011-04-06,74.13999938964844,74.4000015258789,71.93000030517578,71.98999786376953,1571700,49.99089431762695,0.0
BG,2011-04-07,72.1500015258789,72.66999816894531,71.58000183105469,72.62999725341797,1154300,50.435359954833984,0.0
BG,2011-04-08,72.81999969482422,73.25,71.75,71.9800033569336,742400,49.98398208618164,0.0
BG,2011-04-11,72.05999755859375,73.52999877929688,71.9000015258789,72.62000274658203,821300,50.42839813232422,0.0
BG,2011-04-12,72.30000305175781,72.41000366210938,70.70999908447266,71.72000122070312,1312300,49.80341720581055,0.0
BG,2011-04-13,72.0,72.33999633789062,70.79000091552734,71.37000274658203,778400,49.56038284301758,0.0
BG,2011-04-14,71.19000244140625,71.72000122070312,70.37000274658203,71.5999984741211,780700,49.7201042175293,0.0
BG,2011-04-15,72.01000213623047,72.41000366210938,71.4000015258789,72.06999969482422,806000,50.04647445678711,0.0
BG,2011-04-18,71.0199966430664,71.69999694824219,69.58000183105469,70.61000061035156,919600,49.03264617919922,0.0
BG,2011-04-19,70.86000061035156,71.81999969482422,70.75,71.66000366210938,784800,49.761783599853516,0.0
BG,2011-04-20,72.73999786376953,73.5,72.38999938964844,72.87999725341797,751200,50.60893630981445,0.0
BG,2011-04-21,73.4000015258789,73.75,73.0,73.72000122070312,523600,51.1922492980957,0.0
BG,2011-04-25,73.77999877929688,74.51000213623047,73.33999633789062,74.4800033569336,876300,51.720001220703125,0.0
BG,2011-04-26,74.83000183105469,75.05000305175781,74.08999633789062,75.0,930100,52.08110046386719,0.0
BG,2011-04-27,75.4000015258789,75.48999786376953,73.87000274658203,74.33999633789062,1266500,51.62278747558594,0.0
BG,2011-04-28,75.9000015258789,76.12999725341797,72.9000015258789,73.4800033569336,2058000,51.02558898925781,0.0
BG,2011-04-29,73.9000015258789,75.5,73.7300033569336,75.44000244140625,1461800,52.38664627075195,0.0
BG,2011-05-02,75.5,75.94999694824219,75.0,75.26000213623047,1247600,52.26165771484375,0.0
BG,2011-05-03,74.62999725341797,74.94000244140625,73.62000274658203,74.87999725341797,1110100,51.99779510498047,0.0
BG,2011-05-04,75.0,75.12999725341797,72.72000122070312,74.0199966430664,1140700,51.40058517456055,0.0
BG,2011-05-05,73.5999984741211,74.29000091552734,72.68000030517578,72.97000122070312,1248500,50.671451568603516,0.0
BG,2011-05-06,73.2699966430664,73.91000366210938,72.20999908447266,72.62000274658203,825600,50.42839813232422,0.0
BG,2011-05-09,72.37000274658203,73.98999786376953,72.26000213623047,73.8499984741211,652300,51.28254699707031,0.0
BG,2011-05-10,73.98999786376953,73.98999786376953,73.2300033569336,73.83000183105469,584200,51.26864242553711,0.0
BG,2011-05-11,73.30999755859375,73.41999816894531,72.12000274658203,72.55999755859375,757800,50.38673400878906,0.0
BG,2011-05-12,72.12000274658203,72.5,71.58999633789062,72.47000122070312,929000,50.32423400878906,0.0
BG,2011-05-13,72.29000091552734,73.05999755859375,71.94000244140625,73.0,890500,50.69226837158203,0.0
BG,2011-05-16,72.9800033569336,74.30999755859375,72.6500015258789,73.66000366210938,1116200,51.15059280395508,0.0
BG,2011-05-17,73.04000091552734,73.7300033569336,72.95999908447266,73.45999908447266,896300,51.171485900878906,0.23
BG,2011-05-18,73.37000274658203,74.51000213623047,73.01000213623047,74.4000015258789,1016400,51.8262825012207,0.0
BG,2011-05-19,74.37000274658203,74.41000366210938,72.30999755859375,73.4000015258789,1472600,51.12969970703125,0.0
BG,2011-05-20,73.4000015258789,74.0,72.73999786376953,73.83000183105469,1177500,51.429222106933594,0.0
BG,2011-05-23,72.97000122070312,73.01000213623047,71.94000244140625,72.12000274658203,699200,50.238067626953125,0.0
BG,2011-05-24,71.41000366210938,72.55999755859375,71.12000274658203,72.05999755859375,619200,50.196266174316406,0.0
BG,2011-05-25,72.04000091552734,72.5,71.73999786376953,72.23999786376953,971000,50.32163619995117,0.0
BG,2011-05-26,72.0,72.83999633789062,71.23999786376953,72.76000213623047,873400,50.68387222290039,0.0
BG,2011-05-27,72.8499984741211,74.04000091552734,72.8499984741211,74.04000091552734,1188900,51.575504302978516,0.0
BG,2011-05-31,74.16999816894531,74.5,73.87000274658203,74.44999694824219,1539700,51.861114501953125,0.0
BG,2011-06-01,74.37999725341797,74.62999725341797,73.0,73.16000366210938,1022000,50.9625129699707,0.0
BG,2011-06-02,73.3499984741211,74.02999877929688,73.11000061035156,73.88999938964844,773800,51.47103500366211,0.0
BG,2011-06-03,72.94999694824219,72.95999908447266,72.1500015258789,72.19999694824219,724100,50.293800354003906,0.0
BG,2011-06-06,72.0,72.06999969482422,70.33999633789062,70.3499984741211,947300,49.00508499145508,0.0
BG,2011-06-07,70.76000213623047,70.7699966430664,69.52999877929688,69.55000305175781,956300,48.44783020019531,0.0
BG,2011-06-08,69.25,69.37999725341797,68.22000122070312,68.30000305175781,1342900,47.57707977294922,0.0
BG,2011-06-09,68.33000183105469,69.5199966430664,67.7699966430664,68.88999938964844,1424700,47.98807144165039,0.0
BG,2011-06-10,68.43000030517578,68.66000366210938,67.12000274658203,67.30999755859375,1042100,46.8874626159668,0.0
BG,2011-06-13,67.33000183105469,67.66000366210938,66.66999816894531,66.88999938964844,551900,46.59489440917969,0.0
BG,2011-06-14,67.16000366210938,67.86000061035156,66.3499984741211,67.5199966430664,1441200,47.033721923828125,0.0
BG,2011-06-15,66.7699966430664,67.11000061035156,65.83000183105469,66.27999877929688,1449000,46.16996765136719,0.0
BG,2011-06-16,66.08999633789062,66.70999908447266,64.37000274658203,65.5,1410300,45.62663650512695,0.0
BG,2011-06-17,65.80000305175781,66.5999984741211,65.37999725341797,65.80000305175781,1350100,45.83561706542969,0.0
BG,2011-06-20,65.44000244140625,65.7300033569336,64.80999755859375,65.41999816894531,809600,45.57090759277344,0.0
BG,2011-06-21,65.66999816894531,67.18000030517578,65.58999633789062,66.98999786376953,809300,46.664546966552734,0.0
BG,2011-06-22,66.54000091552734,67.38999938964844,66.01000213623047,66.05000305175781,871300,46.009765625,0.0
BG,2011-06-23,64.93000030517578,66.13999938964844,64.79000091552734,66.12000274658203,1202100,46.05852127075195,0.0
BG,2011-06-24,66.4000015258789,66.5999984741211,65.79000091552734,66.4800033569336,1275700,46.30929183959961,0.0
BG,2011-06-27,66.41999816894531,67.05000305175781,66.06999969482422,66.4000015258789,705000,46.253570556640625,0.0
BG,2011-06-28,66.43000030517578,67.33000183105469,66.33000183105469,67.16999816894531,828200,46.78993225097656,0.0
BG,2011-06-29,67.88999938964844,69.12000274658203,67.76000213623047,68.48999786376953,1090500,47.709449768066406,0.0
BG,2011-06-30,68.79000091552734,69.20999908447266,68.5,68.94999694824219,830000,48.02986526489258,0.0
BG,2011-07-01,69.06999969482422,69.79000091552734,68.69000244140625,69.72000122070312,692800,48.56623077392578,0.0
BG,2011-07-05,69.83000183105469,70.75,69.5199966430664,70.75,923300,49.28373336791992,0.0
BG,2011-07-06,70.30999755859375,70.69000244140625,69.87999725341797,70.37999725341797,716500,49.02598571777344,0.0
BG,2011-07-07,71.1500015258789,71.81999969482422,70.9800033569336,71.2699966430664,843500,49.645973205566406,0.0
BG,2011-07-08,70.26000213623047,71.31999969482422,69.76000213623047,71.23999786376953,722800,49.62505340576172,0.0
BG,2011-07-11,70.16999816894531,70.68000030517578,69.51000213623047,69.76000213623047,550800,48.59410858154297,0.0
BG,2011-07-12,69.5,70.02999877929688,69.37999725341797,69.51000213623047,565800,48.41996383666992,0.0
BG,2011-07-13,70.01000213623047,70.48999786376953,69.56999969482422,69.76000213623047,626300,48.59410858154297,0.0
BG,2011-07-14,69.77999877929688,70.88999938964844,69.08000183105469,69.22000122070312,717900,48.21794509887695,0.0
BG,2011-07-15,69.41000366210938,70.23999786376953,69.12000274658203,70.08999633789062,801300,48.823974609375,0.0
BG,2011-07-18,69.58999633789062,69.77999877929688,68.0199966430664,68.61000061035156,718700,47.79302215576172,0.0
BG,2011-07-19,69.08999633789062,70.62000274658203,68.91000366210938,70.36000061035156,551200,49.01207733154297,0.0
BG,2011-07-20,70.51000213623047,71.7300033569336,70.13999938964844,71.38999938964844,803300,49.72954559326172,0.0
BG,2011-07-21,71.95999908447266,73.33000183105469,71.7300033569336,72.7699966430664,851400,50.69082260131836,0.0
BG,2011-07-22,72.58000183105469,73.48999786376953,72.13999938964844,73.08000183105469,702500,50.90678787231445,0.0
BG,2011-07-25,72.1500015258789,73.16000366210938,72.1500015258789,72.70999908447266,552800,50.649044036865234,0.0
BG,2011-07-26,72.9000015258789,73.0199966430664,71.55000305175781,71.80999755859375,853600,50.02210998535156,0.0
BG,2011-07-27,71.37999725341797,71.91999816894531,70.80000305175781,70.98999786376953,1248800,49.45090866088867,0.0
BG,2011-07-28,72.72000122070312,73.22000122070312,68.12000274658203,69.44000244140625,2226100,48.371192932128906,0.0
BG,2011-07-29,68.70999908447266,69.30000305175781,68.06999969482422,68.80999755859375,852200,47.932342529296875,0.0
BG,2011-08-01,69.69999694824219,69.75,67.8499984741211,68.87999725341797,899200,47.98109436035156,0.0
BG,2011-08-02,68.11000061035156,68.62000274658203,67.38999938964844,67.66000366210938,1335700,47.13127517700195,0.0
BG,2011-08-03,67.4000015258789,68.23999786376953,66.51000213623047,68.08000183105469,1068800,47.423831939697266,0.0
BG,2011-08-04,67.01000213623047,67.01000213623047,63.470001220703125,63.5099983215332,2248900,44.24040222167969,0.0
BG,2011-08-05,63.9900016784668,64.31999969482422,60.900001525878906,63.75,1682500,44.40761184692383,0.0
BG,2011-08-08,61.70000076293945,62.130001068115234,58.45000076293945,58.630001068115234,2451100,40.84105682373047,0.0
BG,2011-08-09,59.18000030517578,60.5099983215332,57.18000030517578,60.4900016784668,2054500,42.13672637939453,0.0
BG,2011-08-10,59.790000915527344,60.5099983215332,58.59000015258789,58.88999938964844,1176000,41.02216720581055,0.0
BG,2011-08-11,59.720001220703125,62.369998931884766,59.369998931884766,61.599998474121094,1416800,42.90993118286133,0.0
BG,2011-08-12,62.13999938964844,62.13999938964844,60.56999969482422,61.18000030517578,812600,42.79103469848633,0.25
BG,2011-08-15,61.689998626708984,63.2599983215332,61.619998931884766,62.9900016784668,956200,44.0569953918457,0.0
BG,2011-08-16,62.4900016784668,63.31999969482422,62.02000045776367,62.77000045776367,812600,43.903114318847656,0.0
BG,2011-08-17,63.189998626708984,64.20999908447266,63.189998626708984,63.58000183105469,779600,44.46965408325195,0.0
BG,2011-08-18,61.72999954223633,62.060001373291016,60.310001373291016,60.810001373291016,857900,42.532230377197266,0.0
BG,2011-08-19,60.06999969482422,61.66999816894531,59.790000915527344,59.91999816894531,936200,41.90974807739258,0.0
BG,2011-08-22,61.0,62.0,59.310001373291016,59.59000015258789,937500,41.67893981933594,0.0
BG,2011-08-23,60.09000015258789,62.040000915527344,59.56999969482422,62.040000915527344,1020200,43.39254379272461,0.0
BG,2011-08-24,61.599998474121094,62.220001220703125,60.91999816894531,61.90999984741211,923500,43.301612854003906,0.0
BG,2011-08-25,62.02000045776367,62.02000045776367,60.220001220703125,60.40999984741211,826200,42.25248718261719,0.0
BG,2011-08-26,60.02000045776367,62.29999923706055,59.189998626708984,62.02000045776367,1145400,43.37854766845703,0.0
BG,2011-08-29,62.75,64.48999786376953,62.75,63.7599983215332,819500,44.59555435180664,0.0
BG,2011-08-30,63.470001220703125,64.5,62.97999954223633,64.0199966430664,913800,44.77741241455078,0.0
BG,2011-08-31,64.37000274658203,65.08999633789062,64.05999755859375,64.70999908447266,1401300,45.260009765625,0.0
BG,2011-09-01,64.55999755859375,65.0,63.959999084472656,64.55999755859375,933700,45.155094146728516,0.0
BG,2011-09-02,63.18000030517578,64.04000091552734,62.79999923706055,63.15999984741211,779000,44.1759033203125,0.0
BG,2011-09-06,61.09000015258789,62.7599983215332,60.959999084472656,62.7400016784668,616900,43.88213348388672,0.0
BG,2011-09-07,63.66999816894531,65.3499984741211,63.54999923706055,65.0999984741211,896900,45.53279113769531,0.0
BG,2011-09-08,64.41000366210938,65.06999969482422,63.63999938964844,63.779998779296875,1007100,44.60954284667969,0.0
BG,2011-09-09,62.779998779296875,63.20000076293945,61.709999084472656,62.52000045776367,796500,43.72825622558594,0.0
BG,2011-09-12,62.029998779296875,62.619998931884766,60.599998474121094,61.959999084472656,644100,43.336585998535156,0.0
BG,2011-09-13,61.90999984741211,62.36000061035156,61.63999938964844,61.97999954223633,965700,43.3505744934082,0.0
BG,2011-09-14,62.11000061035156,63.47999954223633,61.58000183105469,63.02000045776367,777100,44.07798385620117,0.0
BG,2011-09-15,63.41999816894531,63.84000015258789,62.63999938964844,63.54999923706055,746700,44.44867706298828,0.0
BG,2011-09-16,63.900001525878906,64.94999694824219,63.81999969482422,64.16000366210938,1040800,44.875328063964844,0.0
BG,2011-09-19,63.029998779296875,63.58000183105469,62.54999923706055,63.25,585500,44.23884201049805,0.0
BG,2011-09-20,63.290000915527344,63.84000015258789,62.81999969482422,62.880001068115234,660600,43.98006057739258,0.0
BG,2011-09-21,62.61000061035156,62.86000061035156,60.43000030517578,60.43000030517578,1281700,42.26646041870117,0.0
BG,2011-09-22,58.470001220703125,58.619998931884766,55.0,56.099998474121094,2430100,39.23793029785156,0.0
BG,2011-09-23,54.9900016784668,57.08000183105469,54.939998626708984,56.619998931884766,1063700,39.60162353515625,0.0
BG,2011-09-26,56.959999084472656,57.15999984741211,54.93000030517578,57.11000061035156,813500,39.94435501098633,0.0
BG,2011-09-27,58.95000076293945,61.869998931884766,58.79999923706055,60.189998626708984,1827800,42.098594665527344,0.0
BG,2011-09-28,60.220001220703125,60.5099983215332,58.529998779296875,58.619998931884766,1396700,41.00048828125,0.0
BG,2011-09-29,60.06999969482422,60.380001068115234,57.95000076293945,58.959999084472656,890000,41.23830032348633,0.0
BG,2011-09-30,58.15999984741211,59.2599983215332,57.630001068115234,58.290000915527344,2178100,40.769683837890625,0.0
BG,2011-10-03,57.72999954223633,57.810001373291016,55.0,55.5099983215332,2293100,38.825279235839844,0.0
BG,2011-10-04,54.9900016784668,55.9900016784668,54.029998779296875,55.97999954223633,2100000,39.153987884521484,0.0
BG,2011-10-05,56.27000045776367,57.459999084472656,55.310001373291016,57.09000015258789,1520800,39.93037033081055,0.0
BG,2011-10-06,57.08000183105469,58.0,57.0,57.459999084472656,2024300,40.18915557861328,0.0
BG,2011-10-07,57.84000015258789,58.0099983215332,55.7599983215332,55.849998474121094,3300300,39.06306457519531,0.0
BG,2011-10-10,57.130001068115234,57.52000045776367,56.400001525878906,56.91999816894531,5862400,39.81147766113281,0.0
BG,2011-10-11,56.61000061035156,57.83000183105469,56.470001220703125,57.20000076293945,1953100,40.00731658935547,0.0
BG,2011-10-12,57.790000915527344,58.65999984741211,57.25,57.630001068115234,2574500,40.30806350708008,0.0
BG,2011-10-13,57.619998931884766,57.9900016784668,56.41999816894531,57.90999984741211,962900,40.503902435302734,0.0
BG,2011-10-14,58.4900016784668,59.36000061035156,58.18000030517578,59.040000915527344,1350000,41.29426193237305,0.0
BG,2011-10-17,58.720001220703125,58.79999923706055,57.06999969482422,57.119998931884766,705100,39.95134353637695,0.0
BG,2011-10-18,56.959999084472656,57.20000076293945,55.70000076293945,56.68000030517578,1798200,39.64359664916992,0.0
BG,2011-10-19,56.560001373291016,57.459999084472656,56.18000030517578,56.5,1220200,39.5177116394043,0.0
BG,2011-10-20,56.66999816894531,56.91999816894531,55.630001068115234,56.779998779296875,1025500,39.71354675292969,0.0
BG,2011-10-21,57.650001525878906,58.439998626708984,57.52000045776367,57.790000915527344,1038400,40.41997146606445,0.0
BG,2011-10-24,57.119998931884766,59.150001525878906,57.11000061035156,58.939998626708984,1430000,41.22430419921875,0.0
BG,2011-10-25,58.560001373291016,58.83000183105469,57.91999816894531,58.16999816894531,1074200,40.68574523925781,0.0
BG,2011-10-26,58.970001220703125,59.79999923706055,58.11000061035156,59.58000183105469,1524500,41.671939849853516,0.0
BG,2011-10-27,60.0,63.15999984741211,59.0,62.900001525878906,3471400,43.994041442871094,0.0
BG,2011-10-28,62.13999938964844,63.029998779296875,62.06999969482422,62.27000045776367,1671500,43.55339813232422,0.0
BG,2011-10-31,61.63999938964844,62.220001220703125,61.41999816894531,61.77000045776367,1555500,43.20368576049805,0.0
BG,2011-11-01,59.77000045776367,61.459999084472656,59.58000183105469,61.0099983215332,2232700,42.672122955322266,0.0
BG,2011-11-02,61.66999816894531,62.22999954223633,61.0,61.5,1575500,43.014835357666016,0.0
BG,2011-11-03,61.7400016784668,62.06999969482422,60.959999084472656,61.72999954223633,1075300,43.175716400146484,0.0
BG,2011-11-04,60.959999084472656,61.5099983215332,60.52000045776367,61.18000030517578,1071900,42.79103469848633,0.0
BG,2011-11-07,61.099998474121094,61.970001220703125,60.88999938964844,61.779998779296875,1814400,43.21070098876953,0.0
BG,2011-11-08,62.02000045776367,62.33000183105469,61.560001373291016,62.25,860300,43.53942108154297,0.0
BG,2011-11-09,61.029998779296875,62.11000061035156,60.88999938964844,61.58000183105469,1135100,43.07080078125,0.0
BG,2011-11-10,62.06999969482422,62.459999084472656,60.849998474121094,61.25,978400,42.83997344970703,0.0
BG,2011-11-11,62.08000183105469,62.75,61.790000915527344,62.560001373291016,604600,43.756248474121094,0.0
BG,2011-11-14,62.61000061035156,62.9900016784668,62.45000076293945,62.86000061035156,997500,43.966068267822266,0.0
BG,2011-11-15,62.529998779296875,63.290000915527344,62.06999969482422,63.02000045776367,860400,44.07798385620117,0.0
BG,2011-11-16,62.61000061035156,62.970001220703125,62.0,62.2599983215332,1043400,43.719852447509766,0.25
BG,2011-11-17,62.529998779296875,62.619998931884766,60.369998931884766,60.83000183105469,1464300,42.715694427490234,0.0
BG,2011-11-18,61.5099983215332,61.540000915527344,60.720001220703125,60.83000183105469,791700,42.715694427490234,0.0
BG,2011-11-21,60.02000045776367,60.13999938964844,59.13999938964844,59.68000030517578,1268300,41.90813064575195,0.0
BG,2011-11-22,59.40999984741211,60.47999954223633,59.150001525878906,59.54999923706055,917600,41.81685256958008,0.0
BG,2011-11-23,59.060001373291016,59.470001220703125,57.81999969482422,58.9900016784668,1301700,41.423606872558594,0.0
BG,2011-11-25,58.779998779296875,59.61000061035156,58.4900016784668,58.869998931884766,360700,41.33933639526367,0.0
BG,2011-11-28,60.2599983215332,61.119998931884766,59.619998931884766,60.709999084472656,909100,42.63142776489258,0.0
BG,2011-11-29,60.779998779296875,61.27000045776367,60.380001068115234,60.5,708200,42.48395919799805,0.0
BG,2011-11-30,62.13999938964844,62.560001373291016,61.779998779296875,62.5,1181100,43.88837814331055,0.0
BG,2011-12-01,62.58000183105469,63.18000030517578,62.33000183105469,62.93000030517578,940700,44.19031524658203,0.0
BG,2011-12-02,63.400001525878906,63.79999923706055,62.560001373291016,62.70000076293945,641300,44.02882766723633,0.0
BG,2011-12-05,63.41999816894531,63.41999816894531,61.779998779296875,62.15999984741211,923200,43.649635314941406,0.0
BG,2011-12-06,62.029998779296875,62.939998626708984,62.029998779296875,62.790000915527344,756900,44.092018127441406,0.0
BG,2011-12-07,62.5,63.15999984741211,61.93000030517578,62.79999923706055,767000,44.09904861450195,0.0
BG,2011-12-08,62.220001220703125,62.40999984741211,61.369998931884766,61.4900016784668,733600,43.17913818359375,0.0
BG,2011-12-09,61.56999969482422,62.0099983215332,61.029998779296875,61.790000915527344,742900,43.389808654785156,0.0
BG,2011-12-12,61.02000045776367,61.060001373291016,60.16999816894531,60.97999954223633,830900,42.82099914550781,0.0
BG,2011-12-13,60.29999923706055,60.79999923706055,58.25,58.66999816894531,1878000,41.198909759521484,0.0
BG,2011-12-14,58.220001220703125,58.650001525878906,57.08000183105469,57.34000015258789,1477800,40.26496505737305,0.0
BG,2011-12-15,58.0,58.31999969482422,57.189998626708984,57.31999969482422,1092100,40.25090789794922,0.0
BG,2011-12-16,57.5,57.689998626708984,55.849998474121094,56.61000061035156,1774700,39.75233459472656,0.0
BG,2011-12-19,56.90999984741211,57.0,55.63999938964844,55.86000061035156,895000,39.22568130493164,0.0
BG,2011-12-20,56.41999816894531,57.619998931884766,56.27000045776367,57.380001068115234,1105500,40.293052673339844,0.0
BG,2011-12-21,56.810001373291016,57.630001068115234,56.4900016784668,57.58000183105469,811600,40.433494567871094,0.0
BG,2011-12-22,57.7400016784668,58.2400016784668,57.349998474121094,57.95000076293945,994200,40.69330596923828,0.0
BG,2011-12-23,57.70000076293945,58.349998474121094,57.66999816894531,58.09000015258789,647800,40.791629791259766,0.0
BG,2011-12-27,58.0,58.150001525878906,57.5,57.75,745200,40.5528564453125,0.0
BG,2011-12-28,57.79999923706055,57.88999938964844,56.119998931884766,56.33000183105469,918900,39.55572509765625,0.0
BG,2011-12-29,56.279998779296875,57.34000015258789,56.279998779296875,57.22999954223633,754800,40.18770980834961,0.0
BG,2011-12-30,57.060001373291016,57.369998931884766,56.9900016784668,57.20000076293945,602300,40.16666030883789,0.0
BG,2012-01-03,58.31999969482422,59.189998626708984,58.31999969482422,58.7400016784668,1219500,41.24805450439453,0.0
BG,2012-01-04,58.66999816894531,59.08000183105469,57.970001220703125,58.75,892000,41.255069732666016,0.0
BG,2012-01-05,58.5099983215332,58.86000061035156,57.439998626708984,58.529998779296875,967900,41.1005973815918,0.0
BG,2012-01-06,58.41999816894531,58.720001220703125,58.02000045776367,58.189998626708984,629000,40.86182403564453,0.0
BG,2012-01-09,58.43000030517578,58.7599983215332,58.04999923706055,58.47999954223633,838900,41.06547927856445,0.0
BG,2012-01-10,58.95000076293945,59.33000183105469,58.150001525878906,58.86000061035156,1051100,41.33232116699219,0.0
BG,2012-01-11,58.650001525878906,58.79999923706055,58.2599983215332,58.720001220703125,563000,41.2340087890625,0.0
BG,2012-01-12,58.599998474121094,59.72999954223633,58.279998779296875,59.52000045776367,917900,41.795772552490234,0.0
BG,2012-01-13,58.97999954223633,59.20000076293945,58.25,58.77000045776367,754800,41.269107818603516,0.0
BG,2012-01-17,59.5,59.5099983215332,57.75,57.91999816894531,1238900,40.6722297668457,0.0
BG,2012-01-18,58.0,58.63999938964844,57.400001525878906,58.54999923706055,957500,41.11463928222656,0.0
BG,2012-01-19,58.790000915527344,59.150001525878906,57.97999954223633,58.31999969482422,908100,40.953128814697266,0.0
BG,2012-01-20,58.369998931884766,58.68000030517578,57.5,58.61000061035156,990100,41.156776428222656,0.0
BG,2012-01-23,58.61000061035156,58.83000183105469,57.59000015258789,58.130001068115234,908100,40.819705963134766,0.0
BG,2012-01-24,58.119998931884766,58.5,57.59000015258789,58.2599983215332,788900,40.91099166870117,0.0
BG,2012-01-25,58.2400016784668,59.349998474121094,57.97999954223633,59.209999084472656,1195200,41.57809829711914,0.0
BG,2012-01-26,59.47999954223633,59.869998931884766,58.18000030517578,58.43000030517578,1641500,41.030364990234375,0.0
BG,2012-01-27,58.36000061035156,58.40999984741211,57.779998779296875,57.83000183105469,1070200,40.609039306640625,0.0
BG,2012-01-30,57.61000061035156,57.810001373291016,57.119998931884766,57.36000061035156,1058000,40.278987884521484,0.0
BG,2012-01-31,57.41999816894531,57.41999816894531,56.20000076293945,57.27000045776367,2003800,40.21580505371094,0.0
BG,2012-02-01,57.70000076293945,58.369998931884766,57.70000076293945,57.880001068115234,1059800,40.64414978027344,0.0
BG,2012-02-02,58.0,58.06999969482422,57.0,57.220001220703125,1327700,40.1806755065918,0.0
BG,2012-02-03,57.810001373291016,58.209999084472656,57.72999954223633,57.90999984741211,1084100,40.66522216796875,0.0
BG,2012-02-06,57.779998779296875,58.150001525878906,57.599998474121094,58.150001525878906,796100,40.83375549316406,0.0
BG,2012-02-07,58.029998779296875,58.75,57.95000076293945,58.470001220703125,1412900,41.05846405029297,0.0
BG,2012-02-08,58.709999084472656,59.790000915527344,58.709999084472656,59.7400016784668,1682500,41.95027542114258,0.0
BG,2012-02-09,61.22999954223633,63.650001525878906,60.720001220703125,62.9900016784668,4524600,44.23246383666992,0.0
BG,2012-02-10,62.5,64.0,62.45000076293945,63.47999954223633,2329600,44.57655334472656,0.0
BG,2012-02-13,63.9900016784668,64.20999908447266,63.58000183105469,63.95000076293945,1127000,44.906593322753906,0.0
BG,2012-02-14,63.91999816894531,65.81999969482422,63.810001373291016,65.66999816894531,3383900,46.11439514160156,0.0
BG,2012-02-15,65.81999969482422,66.52999877929688,65.41000366210938,65.9000015258789,2352600,46.452754974365234,0.25
BG,2012-02-16,65.76000213623047,66.38999938964844,65.63999938964844,66.2699966430664,2034400,46.71355056762695,0.0
BG,2012-02-17,66.26000213623047,66.75,65.93000030517578,66.55999755859375,979600,46.917991638183594,0.0
BG,2012-02-21,66.73999786376953,67.26000213623047,66.4000015258789,67.05999755859375,1023000,47.27043151855469,0.0
BG,2012-02-22,67.25,67.4000015258789,66.44999694824219,67.06999969482422,1380700,47.27747344970703,0.0
BG,2012-02-23,67.13999938964844,68.0,66.66999816894531,67.83000183105469,1218300,47.81320571899414,0.0
BG,2012-02-24,67.83000183105469,68.0,67.26000213623047,67.91000366210938,840000,47.86958694458008,0.0
BG,2012-02-27,67.5999984741211,67.62999725341797,66.70999908447266,66.98999786376953,1069400,47.2210807800293,0.0
BG,2012-02-28,66.94999694824219,67.48999786376953,65.4800033569336,67.33000183105469,1646700,47.46075439453125,0.0
BG,2012-02-29,67.45999908447266,68.2699966430664,66.98999786376953,67.31999969482422,1250900,47.453697204589844,0.0
BG,2012-03-01,67.47000122070312,67.7300033569336,66.81999969482422,67.37000274658203,852800,47.48894500732422,0.0
BG,2012-03-02,67.43000030517578,67.61000061035156,66.62000274658203,67.16000366210938,1027000,47.34091567993164,0.0
BG,2012-03-05,67.04000091552734,67.4800033569336,66.51000213623047,67.12999725341797,970400,47.319766998291016,0.0
BG,2012-03-06,66.18000030517578,66.18000030517578,64.58999633789062,65.05999755859375,1521200,45.86063766479492,0.0
BG,2012-03-07,65.05999755859375,65.98999786376953,64.69999694824219,65.81999969482422,1282000,46.396358489990234,0.0
BG,2012-03-08,66.12000274658203,67.06999969482422,66.0,66.62000274658203,1208800,46.96027755737305,0.0
BG,2012-03-09,66.5199966430664,67.0199966430664,66.16999816894531,66.37000274658203,747300,46.78404998779297,0.0
BG,2012-03-12,66.37000274658203,66.88999938964844,66.25,66.48999786376953,760700,46.868629455566406,0.0
BG,2012-03-13,66.95999908447266,67.73999786376953,66.76000213623047,67.7300033569336,881700,47.742706298828125,0.0
BG,2012-03-14,67.94999694824219,67.98999786376953,66.93000030517578,67.11000061035156,930700,47.30567932128906,0.0
BG,2012-03-15,67.22000122070312,68.02999877929688,67.13999938964844,67.93000030517578,1346500,47.883689880371094,0.0
BG,2012-03-16,68.29000091552734,68.44999694824219,67.94999694824219,67.9800033569336,1031600,47.9189453125,0.0
BG,2012-03-19,68.18000030517578,68.41999816894531,67.37999725341797,67.51000213623047,808000,47.58763122558594,0.0
BG,2012-03-20,67.30999755859375,68.3499984741211,67.25,68.12000274658203,1082400,48.01762008666992,0.0
BG,2012-03-21,68.0,68.36000061035156,67.56999969482422,67.93000030517578,780500,47.883689880371094,0.0
BG,2012-03-22,67.58000183105469,67.93000030517578,66.62999725341797,67.05000305175781,1038400,47.26337814331055,0.0
BG,2012-03-23,67.22000122070312,67.5199966430664,66.69999694824219,67.23999786376953,940000,47.39730453491211,0.0
BG,2012-03-26,67.41000366210938,68.4000015258789,67.27999877929688,68.05000305175781,1156800,47.96828079223633,0.0
BG,2012-03-27,67.83000183105469,68.13999938964844,67.29000091552734,67.38999938964844,954200,47.503047943115234,0.0
BG,2012-03-28,67.2699966430664,67.5999984741211,66.72000122070312,67.20999908447266,1223600,47.376155853271484,0.0
BG,2012-03-29,66.91000366210938,67.30999755859375,66.44999694824219,67.20999908447266,1173400,47.376155853271484,0.0
BG,2012-03-30,67.75,68.48999786376953,67.33999633789062,68.44000244140625,1346000,48.2431755065918,0.0
BG,2012-04-02,68.41000366210938,69.79000091552734,68.4000015258789,69.7300033569336,1814400,49.15251159667969,0.0
BG,2012-04-03,69.51000213623047,69.72000122070312,68.19000244140625,68.77999877929688,1635800,48.48284149169922,0.0
BG,2012-04-04,68.04000091552734,68.37000274658203,67.69000244140625,68.16999816894531,1084700,48.05286407470703,0.0
BG,2012-04-05,68.43000030517578,68.66000366210938,67.7300033569336,68.45999908447266,1380800,48.25728225708008,0.0
BG,2012-04-09,67.69999694824219,67.73999786376953,67.08000183105469,67.47000122070312,864100,47.5594482421875,0.0
BG,2012-04-10,67.63999938964844,68.01000213623047,66.70999908447266,66.81999969482422,888800,47.10126876831055,0.0
BG,2012-04-11,67.62999725341797,68.0,67.29000091552734,67.70999908447266,736600,47.72862243652344,0.0
BG,2012-04-12,67.69000244140625,68.66999816894531,67.55000305175781,68.41000366210938,943200,48.222049713134766,0.0
BG,2012-04-13,68.5,68.61000061035156,67.61000061035156,67.98999786376953,746600,47.92597961425781,0.0
BG,2012-04-16,68.01000213623047,68.37999725341797,67.22000122070312,67.4000015258789,1119700,47.51008987426758,0.0
BG,2012-04-17,67.5999984741211,67.66999816894531,66.52999877929688,67.51000213623047,1563800,47.58763122558594,0.0
BG,2012-04-18,67.52999877929688,67.93000030517578,66.80999755859375,67.81999969482422,917200,47.806148529052734,0.0
BG,2012-04-19,67.94000244140625,67.94000244140625,66.4800033569336,66.7300033569336,1533100,47.03781509399414,0.0
BG,2012-04-20,66.87000274658203,66.91999816894531,66.19000244140625,66.25,1334100,46.699462890625,0.0
BG,2012-04-23,66.0199966430664,66.1500015258789,65.44000244140625,65.56999969482422,1796200,46.22012710571289,0.0
BG,2012-04-24,65.56999969482422,66.7300033569336,65.5199966430664,66.25,1340200,46.699462890625,0.0
BG,2012-04-25,67.06999969482422,67.66000366210938,66.55999755859375,67.44000244140625,1322700,47.53830337524414,0.0
BG,2012-04-26,64.5,66.04000091552734,63.619998931884766,65.69000244140625,4396500,46.304718017578125,0.0
BG,2012-04-27,65.1500015258789,65.44999694824219,64.12999725341797,64.5,2196800,45.465885162353516,0.0
BG,2012-04-30,64.55999755859375,64.72000122070312,64.18000030517578,64.5,1032900,45.465885162353516,0.0
BG,2012-05-01,64.76000213623047,66.12000274658203,64.58999633789062,65.62999725341797,1628700,46.262420654296875,0.0
BG,2012-05-02,65.54000091552734,65.58999633789062,64.95999908447266,65.0,977700,45.8183479309082,0.0
BG,2012-05-03,65.19000244140625,65.30000305175781,64.54000091552734,64.7699966430664,1450600,45.656219482421875,0.0
BG,2012-05-04,64.5999984741211,64.8499984741211,63.880001068115234,64.51000213623047,1070100,45.472938537597656,0.0
BG,2012-05-07,64.0,64.6500015258789,63.56999969482422,63.66999816894531,1351200,44.88081359863281,0.0
BG,2012-05-08,63.75,64.62999725341797,63.369998931884766,64.55999755859375,1498800,45.508174896240234,0.0
BG,2012-05-09,64.0,65.20999908447266,63.470001220703125,64.76000213623047,1377800,45.649173736572266,0.0
BG,2012-05-10,64.98999786376953,65.19000244140625,64.26000213623047,64.41999816894531,1098400,45.40950393676758,0.0
BG,2012-05-11,63.540000915527344,64.33999633789062,63.150001525878906,63.18000030517578,1383400,44.53543472290039,0.0
BG,2012-05-14,62.22999954223633,63.0,62.119998931884766,62.52000045776367,1185200,44.070186614990234,0.0
BG,2012-05-15,62.310001373291016,62.40999984741211,61.15999984741211,61.4900016784668,1381700,43.344146728515625,0.0
BG,2012-05-16,61.529998779296875,62.2599983215332,61.060001373291016,61.279998779296875,875100,43.196144104003906,0.0
BG,2012-05-17,61.02000045776367,61.689998626708984,60.560001373291016,60.599998474121094,895600,42.89176940917969,0.25
BG,2012-05-18,60.61000061035156,61.060001373291016,59.63999938964844,59.779998779296875,1093800,42.3113899230957,0.0
BG,2012-05-21,59.7400016784668,60.790000915527344,59.65999984741211,60.619998931884766,751900,42.905921936035156,0.0
BG,2012-05-22,60.86000061035156,60.93000030517578,59.63999938964844,59.970001220703125,853700,42.44587707519531,0.0
BG,2012-05-23,61.31999969482422,61.56999969482422,60.029998779296875,60.59000015258789,1380200,42.884708404541016,0.0
BG,2012-05-24,60.54999923706055,60.779998779296875,60.099998474121094,60.4900016784668,771300,42.813926696777344,0.0
BG,2012-05-25,60.4900016784668,61.08000183105469,60.31999969482422,61.060001373291016,781600,43.217350006103516,0.0
BG,2012-05-29,61.70000076293945,62.310001373291016,61.279998779296875,61.84000015258789,1534200,43.76942443847656,0.0
BG,2012-05-30,61.150001525878906,61.220001220703125,59.86000061035156,60.02000045776367,1390300,42.48125457763672,0.0
BG,2012-05-31,60.040000915527344,60.040000915527344,59.310001373291016,59.5,996300,42.113224029541016,0.0
BG,2012-06-01,58.79999923706055,58.880001068115234,58.0,58.220001220703125,1056400,41.207252502441406,0.0
BG,2012-06-04,58.189998626708984,58.31999969482422,57.099998474121094,57.83000183105469,796600,40.93121337890625,0.0
BG,2012-06-05,57.720001220703125,58.459999084472656,57.4900016784668,58.31999969482422,1124600,41.27802276611328,0.0
BG,2012-06-06,58.79999923706055,60.0099983215332,58.54999923706055,60.0,963700,42.46711730957031,0.0
BG,2012-06-07,60.619998931884766,60.689998626708984,59.810001373291016,59.9900016784668,809400,42.46003723144531,0.0
BG,2012-06-08,59.70000076293945,59.70000076293945,59.02000045776367,59.310001373291016,758100,41.978736877441406,0.0
BG,2012-06-11,59.650001525878906,59.86000061035156,58.33000183105469,58.34000015258789,950300,41.29219055175781,0.0
BG,2012-06-12,58.4900016784668,59.099998474121094,58.22999954223633,58.83000183105469,903200,41.63898849487305,0.0
BG,2012-06-13,58.84000015258789,58.91999816894531,58.209999084472656,58.38999938964844,517300,41.32756805419922,0.0
BG,2012-06-14,58.349998474121094,58.540000915527344,57.970001220703125,58.38999938964844,765600,41.32756805419922,0.0
BG,2012-06-15,58.369998931884766,58.400001525878906,57.7599983215332,58.13999938964844,944400,41.15061950683594,0.0
BG,2012-06-18,57.7599983215332,58.400001525878906,57.72999954223633,58.279998779296875,621400,41.249717712402344,0.0
BG,2012-06-19,58.5,59.2400016784668,58.5,59.029998779296875,1031900,41.780555725097656,0.0
BG,2012-06-20,59.150001525878906,62.04999923706055,59.029998779296875,60.959999084472656,2800700,43.14657974243164,0.0
BG,2012-06-21,61.08000183105469,61.11000061035156,59.41999816894531,59.560001373291016,1196900,42.15568542480469,0.0
BG,2012-06-22,59.70000076293945,59.81999969482422,59.060001373291016,59.31999969482422,1949100,41.985809326171875,0.0
BG,2012-06-25,59.08000183105469,59.130001068115234,58.470001220703125,58.83000183105469,1080500,41.63898849487305,0.0
BG,2012-06-26,58.880001068115234,59.70000076293945,58.7400016784668,59.5,840900,42.113224029541016,0.0
BG,2012-06-27,59.810001373291016,60.619998931884766,59.349998474121094,60.47999954223633,769500,42.80683517456055,0.0
BG,2012-06-28,60.15999984741211,61.31999969482422,59.790000915527344,61.279998779296875,936900,43.373085021972656,0.0
BG,2012-06-29,61.630001068115234,63.16999816894531,61.630001068115234,62.7400016784668,1232000,44.406436920166016,0.0
BG,2012-07-02,62.790000915527344,63.0099983215332,62.25,62.650001525878906,908400,44.34272384643555,0.0
BG,2012-07-03,62.790000915527344,64.55000305175781,62.65999984741211,64.30000305175781,740600,45.51057434082031,0.0
BG,2012-07-05,63.93000030517578,64.29000091552734,62.95000076293945,63.2400016784668,1160400,44.76032257080078,0.0
BG,2012-07-06,62.56999969482422,62.849998474121094,61.83000183105469,62.29999923706055,859400,44.095008850097656,0.0
BG,2012-07-09,62.29999923706055,62.29999923706055,60.75,60.81999969482422,931800,43.0474853515625,0.0
BG,2012-07-10,61.0099983215332,61.4900016784668,60.849998474121094,61.36000061035156,771200,43.42967987060547,0.0
BG,2012-07-11,61.650001525878906,62.310001373291016,61.52000045776367,62.20000076293945,863500,44.02423095703125,0.0
BG,2012-07-12,61.63999938964844,61.880001068115234,60.970001220703125,61.7599983215332,851900,43.71280288696289,0.0
BG,2012-07-13,61.9900016784668,62.81999969482422,61.86000061035156,62.77000045776367,666500,44.427669525146484,0.0
BG,2012-07-16,62.5099983215332,62.7400016784668,61.880001068115234,61.93000030517578,570700,43.83312225341797,0.0
BG,2012-07-17,62.279998779296875,62.34000015258789,61.18000030517578,61.77000045776367,753000,43.719886779785156,0.0
BG,2012-07-18,61.79999923706055,63.709999084472656,61.61000061035156,63.54999923706055,964100,44.97974395751953,0.0
BG,2012-07-19,63.720001220703125,63.9900016784668,62.959999084472656,63.45000076293945,706700,44.908958435058594,0.0
BG,2012-07-20,63.060001373291016,63.2599983215332,62.380001068115234,63.09000015258789,751000,44.65416717529297,0.0
BG,2012-07-23,62.150001525878906,62.97999954223633,61.83000183105469,62.84000015258789,853700,44.477210998535156,0.0
BG,2012-07-24,62.72999954223633,62.72999954223633,61.65999984741211,61.97999954223633,966400,43.86851119995117,0.0
BG,2012-07-25,62.22999954223633,62.619998931884766,61.65999984741211,61.77000045776367,1051700,43.719886779785156,0.0
BG,2012-07-26,61.79999923706055,65.0999984741211,61.779998779296875,64.80999755859375,2073200,45.87154006958008,0.0
BG,2012-07-27,64.86000061035156,65.63999938964844,64.86000061035156,65.37000274658203,1335900,46.267921447753906,0.0
BG,2012-07-30,65.62000274658203,66.52999877929688,65.58999633789062,66.43000030517578,1179700,47.01815414428711,0.0
BG,2012-07-31,66.16999816894531,66.45999908447266,65.36000061035156,65.7699966430664,1605200,46.551021575927734,0.0
BG,2012-08-01,66.30000305175781,70.19999694824219,65.86000061035156,66.2300033569336,8797800,46.876609802246094,0.0
BG,2012-08-02,65.45999908447266,65.87999725341797,64.41000366210938,65.01000213623047,1748600,46.01311111450195,0.0
BG,2012-08-03,65.91000366210938,66.45999908447266,65.2699966430664,65.41000366210938,1495700,46.29623794555664,0.0
BG,2012-08-06,65.51000213623047,65.83000183105469,65.16999816894531,65.37000274658203,1073300,46.267921447753906,0.0
BG,2012-08-07,65.83999633789062,66.1500015258789,64.86000061035156,64.87000274658203,1351900,45.91402053833008,0.0
BG,2012-08-08,64.41999816894531,65.29000091552734,64.41999816894531,64.75,1870200,45.82906723022461,0.0
BG,2012-08-09,65.06999969482422,65.19999694824219,64.69999694824219,64.93000030517578,1654700,45.956485748291016,0.0
BG,2012-08-10,64.80000305175781,65.19000244140625,64.70999908447266,64.97000122070312,829100,45.98480987548828,0.0
BG,2012-08-13,64.55999755859375,65.2300033569336,64.55999755859375,64.83000183105469,667100,45.88570022583008,0.0
BG,2012-08-14,65.20999908447266,65.25,64.44999694824219,64.61000061035156,857500,45.72999954223633,0.0
BG,2012-08-15,64.41000366210938,64.68000030517578,64.12000274658203,64.4800033569336,786000,45.63798522949219,0.0
BG,2012-08-16,64.36000061035156,65.30000305175781,64.0,65.12999725341797,1739900,46.098045349121094,0.0
BG,2012-08-17,64.91000366210938,65.05000305175781,64.38999938964844,64.62000274658203,659200,45.927467346191406,0.27
BG,2012-08-20,64.79000091552734,65.30999755859375,64.22000122070312,65.05999755859375,805700,46.24018478393555,0.0
BG,2012-08-21,65.0,65.87999725341797,64.94000244140625,65.5999984741211,895200,46.62398147583008,0.0
BG,2012-08-22,65.5,65.5199966430664,65.11000061035156,65.45999908447266,753700,46.524471282958984,0.0
BG,2012-08-23,65.12999725341797,65.55000305175781,64.6500015258789,64.68000030517578,759200,45.9701042175293,0.0
BG,2012-08-24,64.41000366210938,64.62999725341797,63.959999084472656,64.41999816894531,649400,45.78532791137695,0.0
BG,2012-08-27,64.44000244140625,64.63999938964844,63.93000030517578,64.22000122070312,544400,45.64317321777344,0.0
BG,2012-08-28,64.19999694824219,64.4800033569336,63.790000915527344,64.12000274658203,692700,45.572105407714844,0.0
BG,2012-08-29,64.12000274658203,64.72000122070312,63.84000015258789,64.37000274658203,726700,45.749786376953125,0.0
BG,2012-08-30,64.16999816894531,64.16999816894531,63.36000061035156,63.439998626708984,551200,45.08880615234375,0.0
BG,2012-08-31,63.72999954223633,64.08999633789062,63.470001220703125,63.650001525878906,422600,45.238040924072266,0.0
BG,2012-09-04,64.11000061035156,64.22000122070312,63.18000030517578,63.65999984741211,574700,45.24516296386719,0.0
BG,2012-09-05,63.970001220703125,64.41000366210938,63.470001220703125,63.869998931884766,922900,45.3944206237793,0.0
BG,2012-09-06,64.23999786376953,64.91999816894531,64.0,64.08000183105469,739300,45.543678283691406,0.0
BG,2012-09-07,64.45999908447266,65.23999786376953,64.0,65.08000183105469,821800,46.254398345947266,0.0
BG,2012-09-10,64.9800033569336,65.58999633789062,64.91999816894531,65.02999877929688,491200,46.21886444091797,0.0
BG,2012-09-11,65.02999877929688,65.5999984741211,64.9000015258789,65.51000213623047,673200,46.56001281738281,0.0
BG,2012-09-12,65.83999633789062,66.43000030517578,65.6500015258789,65.9000015258789,968900,46.83720016479492,0.0
BG,2012-09-13,65.66999816894531,66.9000015258789,65.3499984741211,66.52999877929688,764900,47.28496551513672,0.0
BG,2012-09-14,66.83999633789062,67.41000366210938,66.5999984741211,66.88999938964844,758600,47.54082489013672,0.0
BG,2012-09-17,66.75,67.36000061035156,66.51000213623047,66.94999694824219,830700,47.58346939086914,0.0
BG,2012-09-18,66.7300033569336,67.2699966430664,65.7699966430664,67.18000030517578,1058100,47.7469367980957,0.0
BG,2012-09-19,67.41000366210938,67.70999908447266,66.08000183105469,66.2300033569336,1057000,47.07174301147461,0.0
BG,2012-09-20,66.0,66.16999816894531,65.44999694824219,65.70999908447266,1028100,46.7021484375,0.0
BG,2012-09-21,66.0,66.18000030517578,64.95999908447266,65.01000213623047,1271300,46.20464324951172,0.0
BG,2012-09-24,65.18000030517578,65.69999694824219,64.75,65.41999816894531,928400,46.496055603027344,0.0
BG,2012-09-25,65.55999755859375,66.41000366210938,65.44999694824219,66.06999969482422,1183400,46.9580192565918,0.0
BG,2012-09-26,66.05999755859375,66.19999694824219,64.9000015258789,65.77999877929688,945100,46.75190734863281,0.0
BG,2012-09-27,65.80999755859375,67.70999908447266,65.7699966430664,67.30000305175781,1403800,47.832237243652344,0.0
BG,2012-09-28,66.97000122070312,67.45999908447266,66.55000305175781,67.05000305175781,959300,47.654544830322266,0.0
BG,2012-10-01,67.36000061035156,68.0,67.27999877929688,67.73999786376953,1092000,48.14494323730469,0.0
BG,2012-10-02,67.88999938964844,68.16000366210938,67.44000244140625,67.83999633789062,1152300,48.216026306152344,0.0
BG,2012-10-03,67.8499984741211,68.18000030517578,67.38999938964844,67.87000274658203,734200,48.23735809326172,0.0
BG,2012-10-04,68.01000213623047,68.8499984741211,67.6500015258789,68.66999816894531,760200,48.8059196472168,0.0
BG,2012-10-05,68.87000274658203,69.43000030517578,68.13999938964844,68.44000244140625,1114300,48.6424446105957,0.0
BG,2012-10-08,68.5,69.0,68.37999725341797,68.93000030517578,638900,48.990718841552734,0.0
BG,2012-10-09,68.9800033569336,69.12000274658203,68.37999725341797,68.5199966430664,514600,48.699310302734375,0.0
BG,2012-10-10,68.51000213623047,68.51000213623047,67.69000244140625,67.77999877929688,881600,48.173370361328125,0.0
BG,2012-10-11,68.41999816894531,68.73999786376953,67.9000015258789,68.5199966430664,747900,48.699310302734375,0.0
BG,2012-10-12,68.47000122070312,68.87999725341797,68.06999969482422,68.55999755859375,1065400,48.72774887084961,0.0
BG,2012-10-15,68.72000122070312,69.33999633789062,68.52999877929688,69.18000030517578,881900,49.168399810791016,0.0
BG,2012-10-16,69.5,70.4000015258789,69.19000244140625,70.26000213623047,1475000,49.93600845336914,0.0
BG,2012-10-17,70.4800033569336,71.0,69.72000122070312,70.16999816894531,1161800,49.87202072143555,0.0
BG,2012-10-18,70.05999755859375,70.61000061035156,70.05999755859375,70.54000091552734,1083300,50.13499069213867,0.0
BG,2012-10-19,70.16000366210938,70.62999725341797,69.87999725341797,70.06999969482422,1149500,49.80094909667969,0.0
BG,2012-10-22,70.3499984741211,70.51000213623047,69.22000122070312,69.87000274658203,675800,49.65880584716797,0.0
BG,2012-10-23,69.43000030517578,69.43000030517578,68.45999908447266,69.12000274658203,770800,49.125755310058594,0.0
BG,2012-10-24,69.48999786376953,69.9000015258789,68.27999877929688,68.27999877929688,948700,48.528743743896484,0.0
BG,2012-10-25,68.5,71.19999694824219,68.5,70.18000030517578,2048500,49.87913131713867,0.0
BG,2012-10-26,70.62000274658203,70.68000030517578,69.56999969482422,70.08000183105469,1261600,49.80807876586914,0.0
BG,2012-10-31,70.55999755859375,71.2300033569336,70.44999694824219,71.02999877929688,1244900,50.483253479003906,0.0
BG,2012-11-01,70.98999786376953,71.98999786376953,70.66000366210938,71.58000183105469,1108700,50.874168395996094,0.0
BG,2012-11-02,71.9800033569336,72.1500015258789,71.56999969482422,71.9800033569336,1163000,51.15846252441406,0.0
BG,2012-11-05,71.69999694824219,72.54000091552734,71.55999755859375,72.41000366210938,853700,51.46406173706055,0.0
BG,2012-11-06,72.72000122070312,73.4800033569336,72.26000213623047,73.0999984741211,1008200,51.954463958740234,0.0
BG,2012-11-07,72.6500015258789,72.6500015258789,71.79000091552734,72.47000122070312,1072800,51.5067024230957,0.0
BG,2012-11-08,72.29000091552734,72.54000091552734,71.44999694824219,71.4800033569336,914500,50.80307388305664,0.0
BG,2012-11-09,71.05000305175781,72.31999969482422,70.80999755859375,71.48999786376953,791000,50.8101921081543,0.0
BG,2012-11-12,71.54000091552734,71.72000122070312,71.19999694824219,71.5,601200,50.817291259765625,0.0
BG,2012-11-13,71.02999877929688,72.08999633789062,71.02999877929688,71.94999694824219,785900,51.137115478515625,0.0
BG,2012-11-14,71.91999816894531,72.58000183105469,70.68000030517578,71.01000213623047,1371800,50.46905517578125,0.0
BG,2012-11-15,70.66999816894531,71.02999877929688,69.97000122070312,70.4000015258789,828000,50.22646713256836,0.27
BG,2012-11-16,70.1500015258789,71.0,69.86000061035156,70.33000183105469,1137500,50.176517486572266,0.0
BG,2012-11-19,71.30999755859375,71.97000122070312,70.9800033569336,71.76000213623047,1054600,51.19675064086914,0.0
BG,2012-11-20,71.86000061035156,72.55999755859375,71.36000061035156,72.30000305175781,1012400,51.58201217651367,0.0
BG,2012-11-21,72.13999938964844,72.33999633789062,71.87000274658203,72.12999725341797,519700,51.46072769165039,0.0
BG,2012-11-23,72.5,73.05999755859375,72.44999694824219,73.05000305175781,265700,52.11709213256836,0.0
BG,2012-11-26,72.56999969482422,73.25,72.56999969482422,73.19000244140625,1068800,52.21698760986328,0.0
BG,2012-11-27,73.0,73.37000274658203,72.41000366210938,72.43000030517578,1220600,51.67476272583008,0.0
BG,2012-11-28,72.05000305175781,72.44999694824219,71.66999816894531,72.44999694824219,680800,51.689029693603516,0.0
BG,2012-11-29,72.44999694824219,72.7699966430664,72.16999816894531,72.5999984741211,542400,51.79604721069336,0.0
BG,2012-11-30,72.77999877929688,73.19000244140625,72.68000030517578,73.16000366210938,975500,52.19557571411133,0.0
BG,2012-12-03,73.16000366210938,73.3499984741211,72.0,72.08000183105469,933700,51.42506408691406,0.0
BG,2012-12-04,72.22000122070312,72.30999755859375,71.38999938964844,71.52999877929688,798400,51.032649993896484,0.0
BG,2012-12-05,71.55999755859375,72.48999786376953,71.23999786376953,71.4000015258789,1305200,50.93991470336914,0.0
BG,2012-12-06,71.81999969482422,72.0,71.3499984741211,71.7300033569336,671100,51.17535400390625,0.0
BG,2012-12-07,72.0,73.05000305175781,71.80000305175781,72.88999938964844,1194100,52.002960205078125,0.0
BG,2012-12-10,72.80999755859375,72.94999694824219,72.44000244140625,72.63999938964844,661300,51.82456588745117,0.0
BG,2012-12-11,72.5,73.05999755859375,72.25,72.6500015258789,752900,51.831729888916016,0.0
BG,2012-12-12,73.26000213623047,73.37999725341797,72.12999725341797,72.30999755859375,818000,51.589149475097656,0.0
BG,2012-12-13,72.43000030517578,73.0,72.25,72.58999633789062,656800,51.788909912109375,0.0
BG,2012-12-14,72.13999938964844,72.41999816894531,71.7699966430664,72.13999938964844,638000,51.46787643432617,0.0
BG,2012-12-17,72.1500015258789,72.58000183105469,72.05000305175781,72.2699966430664,695200,51.56060791015625,0.0
BG,2012-12-18,72.4000015258789,72.9000015258789,72.12999725341797,72.87000274658203,688300,51.98869705200195,0.0
BG,2012-12-19,73.0,74.0,72.80000305175781,73.54000091552734,1363000,52.46668243408203,0.0
BG,2012-12-20,73.43000030517578,73.98999786376953,73.41000366210938,73.81999969482422,586700,52.66645431518555,0.0
BG,2012-12-21,73.56999969482422,73.77999877929688,72.81999969482422,73.31999969482422,874900,52.30974197387695,0.0
BG,2012-12-24,73.19000244140625,73.30999755859375,72.79000091552734,73.2699966430664,174500,52.274051666259766,0.0
BG,2012-12-26,73.41999816894531,73.5199966430664,72.16000366210938,72.43000030517578,341900,51.67476272583008,0.0
BG,2012-12-27,72.43000030517578,72.98999786376953,72.05999755859375,72.69000244140625,380500,51.860267639160156,0.0
BG,2012-12-28,72.4800033569336,72.9800033569336,71.87999725341797,71.98999786376953,378400,51.3608512878418,0.0
BG,2012-12-31,71.95999908447266,72.80999755859375,71.52999877929688,72.69000244140625,445600,51.860267639160156,0.0
BG,2013-01-02,73.41000366210938,73.9800033569336,73.22000122070312,73.91000366210938,663500,52.730648040771484,0.0
BG,2013-01-03,73.80000305175781,74.18000030517578,73.5199966430664,73.7699966430664,590400,52.630775451660156,0.0
BG,2013-01-04,74.0,74.68000030517578,73.72000122070312,74.47000122070312,822700,53.13018798828125,0.0
BG,2013-01-07,74.62999725341797,74.68000030517578,73.66000366210938,74.2300033569336,585400,52.95896530151367,0.0
BG,2013-01-08,74.3499984741211,74.44999694824219,73.29000091552734,73.91000366210938,560700,52.730648040771484,0.0
BG,2013-01-09,74.12999725341797,74.7699966430664,73.58000183105469,74.4000015258789,694500,53.08023452758789,0.0
BG,2013-01-10,74.61000061035156,74.80000305175781,74.0999984741211,74.62000274658203,442900,53.237205505371094,0.0
BG,2013-01-11,74.43000030517578,75.0,73.68000030517578,74.73999786376953,860400,53.32282257080078,0.0
BG,2013-01-14,74.58999633789062,75.45999908447266,74.43000030517578,75.31999969482422,712800,53.73661422729492,0.0
BG,2013-01-15,75.01000213623047,75.8499984741211,74.9800033569336,75.77999877929688,811900,54.064781188964844,0.0
BG,2013-01-16,75.54000091552734,76.5,75.31999969482422,76.44999694824219,707900,54.542823791503906,0.0
BG,2013-01-17,76.5,77.47000122070312,76.25,77.18000030517578,741600,55.06361770629883,0.0
BG,2013-01-18,76.95999908447266,77.05999755859375,76.5,77.0,556200,54.93519973754883,0.0
BG,2013-01-22,76.83999633789062,78.37999725341797,76.83999633789062,78.0199966430664,1149500,55.66292190551758,0.0
BG,2013-01-23,77.8499984741211,78.47000122070312,77.6500015258789,77.83000183105469,810100,55.5273551940918,0.0
BG,2013-01-24,78.0,78.72000122070312,77.16999816894531,78.5199966430664,1242600,56.01963806152344,0.0
BG,2013-01-25,78.73999786376953,78.88999938964844,78.12999725341797,78.37999725341797,856900,55.919761657714844,0.0
BG,2013-01-28,78.5,79.13999938964844,78.0,79.0999984741211,742500,56.43341827392578,0.0
BG,2013-01-29,78.62999725341797,79.08000183105469,77.5999984741211,78.94999694824219,613700,56.326419830322266,0.0
BG,2013-01-30,79.02999877929688,79.02999877929688,78.5,78.55999755859375,661600,56.04818344116211,0.0
BG,2013-01-31,78.30999755859375,79.70999908447266,78.30999755859375,79.66000366210938,1436600,56.83295440673828,0.0
BG,2013-02-01,79.95999908447266,79.98999786376953,79.08999633789062,79.86000061035156,666200,56.97565460205078,0.0
BG,2013-02-04,79.33000183105469,79.44999694824219,78.9000015258789,79.4000015258789,689600,56.64745330810547,0.0
BG,2013-02-05,79.5,80.98999786376953,79.37000274658203,79.91999816894531,1277900,57.01844024658203,0.0
BG,2013-02-06,79.44999694824219,79.80999755859375,79.11000061035156,79.37999725341797,1595000,56.633209228515625,0.0
BG,2013-02-07,74.44000244140625,75.4800033569336,71.26000213623047,72.12000274658203,5985900,51.4536018371582,0.0
BG,2013-02-08,72.13999938964844,74.0199966430664,72.0,74.0,2413900,52.794864654541016,0.0
BG,2013-02-11,73.97000122070312,75.19000244140625,73.36000061035156,73.61000061035156,2367100,52.516632080078125,0.0
BG,2013-02-12,73.51000213623047,73.94999694824219,73.05999755859375,73.62999725341797,1501200,52.530906677246094,0.0
BG,2013-02-13,73.5,73.9000015258789,73.16000366210938,73.41000366210938,1202100,52.56670379638672,0.27
BG,2013-02-14,73.3499984741211,74.04000091552734,73.16000366210938,73.98999786376953,1554900,52.98201370239258,0.0
BG,2013-02-15,74.13999938964844,75.45999908447266,74.0999984741211,74.91000366210938,1796100,53.64080810546875,0.0
BG,2013-02-19,75.0,75.0999984741211,74.69000244140625,74.81999969482422,872900,53.57636642456055,0.0
BG,2013-02-20,74.76000213623047,74.7699966430664,73.87000274658203,74.08000183105469,1233800,53.04644775390625,0.0
BG,2013-02-21,74.05000305175781,74.19999694824219,73.08000183105469,73.44000244140625,1088300,52.58819580078125,0.0
BG,2013-02-22,73.44999694824219,73.75,72.97000122070312,73.38999938964844,895300,52.5523681640625,0.0
BG,2013-02-25,73.19999694824219,74.12000274658203,72.5999984741211,72.63999938964844,1058500,52.01531219482422,0.0
BG,2013-02-26,72.97000122070312,72.98999786376953,72.08999633789062,72.77999877929688,1166400,52.1155891418457,0.0
BG,2013-02-27,72.5,73.94000244140625,72.5,73.88999938964844,1251000,52.9104118347168,0.0
BG,2013-02-28,73.55000305175781,74.33999633789062,73.37000274658203,74.11000061035156,1036400,53.06794357299805,0.0
BG,2013-03-01,73.36000061035156,73.44999694824219,72.48999786376953,73.1500015258789,1452700,52.38053894042969,0.0
BG,2013-03-04,72.83999633789062,73.52999877929688,72.61000061035156,73.52999877929688,874400,52.65262985229492,0.0
BG,2013-03-05,73.80999755859375,74.9800033569336,73.68000030517578,74.5999984741211,957700,53.41880416870117,0.0
BG,2013-03-06,74.66999816894531,75.55999755859375,74.25,75.38999938964844,1026200,53.98450469970703,0.0
BG,2013-03-07,75.68000030517578,75.69000244140625,74.97000122070312,75.06999969482422,582900,53.755367279052734,0.0
BG,2013-03-08,75.41999816894531,75.54000091552734,75.0,75.4000015258789,843200,53.99169921875,0.0
BG,2013-03-11,75.05000305175781,75.37000274658203,74.55999755859375,74.91999816894531,662800,53.64794921875,0.0
BG,2013-03-12,74.94999694824219,75.48999786376953,74.56999969482422,75.29000091552734,675700,53.91290283203125,0.0
BG,2013-03-13,75.5,75.83000183105469,75.06999969482422,75.56999969482422,1069800,54.1134033203125,0.0
BG,2013-03-14,75.5199966430664,76.47000122070312,75.19000244140625,76.04000091552734,753600,54.4499626159668,0.0
BG,2013-03-15,75.91000366210938,76.30000305175781,75.51000213623047,76.23999786376953,1991300,54.593177795410156,0.0
BG,2013-03-18,75.80000305175781,75.80000305175781,75.05000305175781,75.37999725341797,481200,53.977352142333984,0.0
BG,2013-03-19,75.4000015258789,75.55000305175781,74.68000030517578,75.27999877929688,549300,53.90574645996094,0.0
BG,2013-03-20,75.4800033569336,75.52999877929688,74.81999969482422,75.16000366210938,518400,53.81982421875,0.0
BG,2013-03-21,74.9800033569336,74.9800033569336,73.58999633789062,73.6500015258789,1123300,52.738548278808594,0.0
BG,2013-03-22,73.9000015258789,74.04000091552734,73.37000274658203,73.69000244140625,888500,52.76720428466797,0.0
BG,2013-03-25,74.13999938964844,74.55000305175781,73.16999816894531,73.27999877929688,787700,52.473602294921875,0.0
BG,2013-03-26,73.37999725341797,73.54000091552734,73.05000305175781,73.23999786376953,946100,52.44496536254883,0.0
BG,2013-03-27,73.06999969482422,73.66999816894531,72.80000305175781,73.66000366210938,857000,52.74574661254883,0.0
BG,2013-03-28,73.77999877929688,74.05000305175781,73.51000213623047,73.83000183105469,964800,52.86744689941406,0.0
BG,2013-04-01,73.97000122070312,74.05000305175781,73.25,73.51000213623047,462500,52.63829803466797,0.0
BG,2013-04-02,73.58000183105469,73.79000091552734,72.30000305175781,72.55000305175781,927500,51.95088577270508,0.0
BG,2013-04-03,72.51000213623047,72.55000305175781,70.31999969482422,70.55999755859375,1847300,50.52590560913086,0.0
BG,2013-04-04,70.5,71.12999725341797,70.02999877929688,70.5,987300,50.482948303222656,0.0
BG,2013-04-05,69.8499984741211,70.29000091552734,69.27999877929688,69.41000366210938,1282700,49.70241928100586,0.0
BG,2013-04-08,69.52999877929688,69.91999816894531,69.26000213623047,69.48999786376953,1326500,49.75969696044922,0.0
BG,2013-04-09,69.5999984741211,69.66000366210938,68.37999725341797,68.44999694824219,1809600,49.01499557495117,0.0
BG,2013-04-10,68.55999755859375,68.88999938964844,67.80000305175781,67.9000015258789,2199300,48.62116241455078,0.0
BG,2013-04-11,67.9000015258789,68.30000305175781,67.29000091552734,67.62000274658203,1440300,48.42064666748047,0.0
BG,2013-04-12,67.48999786376953,69.26000213623047,66.86000061035156,69.23999786376953,2870900,49.5806884765625,0.0
BG,2013-04-15,68.52999877929688,68.7300033569336,66.62999725341797,66.77999877929688,1572100,47.81914138793945,0.0
BG,2013-04-16,66.95999908447266,67.36000061035156,66.02999877929688,66.4000015258789,1831100,47.54704666137695,0.0
BG,2013-04-17,65.7699966430664,66.5999984741211,65.73999786376953,66.51000213623047,1472300,47.62582015991211,0.0
BG,2013-04-18,66.5,67.44999694824219,65.9800033569336,67.25,1210800,48.15571975708008,0.0
BG,2013-04-19,67.70999908447266,68.58000183105469,67.54000091552734,68.26000213623047,1061300,48.878929138183594,0.0
BG,2013-04-22,68.12000274658203,68.16000366210938,67.19999694824219,67.83999633789062,887600,48.57820129394531,0.0
BG,2013-04-23,68.16000366210938,68.93000030517578,67.94000244140625,68.87999725341797,1196100,49.3228874206543,0.0
BG,2013-04-24,69.0199966430664,69.55000305175781,68.02999877929688,68.30000305175781,2029700,48.907562255859375,0.0
BG,2013-04-25,70.01000213623047,73.54000091552734,69.87999725341797,72.97000122070312,3115700,52.25162124633789,0.0
BG,2013-04-26,72.86000061035156,72.97000122070312,70.91999816894531,71.5199966430664,1352400,51.21332931518555,0.0
BG,2013-04-29,71.5,72.25,71.27999877929688,71.80999755859375,864000,51.42097854614258,0.0
BG,2013-04-30,72.30000305175781,72.38999938964844,71.4800033569336,72.20999908447266,1082400,51.7074089050293,0.0
BG,2013-05-01,72.08999633789062,72.08999633789062,70.62999725341797,70.9000015258789,796800,50.76936721801758,0.0
BG,2013-05-02,70.88999938964844,71.06999969482422,70.26000213623047,70.44999694824219,924100,50.44712829589844,0.0
BG,2013-05-03,70.80999755859375,71.44000244140625,70.22000122070312,71.12999725341797,885700,50.93406295776367,0.0
BG,2013-05-06,71.01000213623047,71.37000274658203,70.48999786376953,71.31999969482422,605700,51.07011032104492,0.0
BG,2013-05-07,71.31999969482422,72.19000244140625,71.29000091552734,71.51000213623047,1271200,51.20615768432617,0.0
BG,2013-05-08,71.36000061035156,72.63999938964844,71.31999969482422,72.5999984741211,810700,51.98667526245117,0.0
BG,2013-05-09,72.8499984741211,72.9000015258789,72.08999633789062,72.23999786376953,930400,51.7288818359375,0.0
BG,2013-05-10,72.5,72.70999908447266,72.0,72.44000244140625,581500,51.87210464477539,0.0
BG,2013-05-13,72.27999877929688,72.33000183105469,71.05000305175781,71.5199966430664,1037000,51.21332931518555,0.0
BG,2013-05-14,71.61000061035156,72.18000030517578,71.52999877929688,72.16000366210938,937300,51.67161560058594,0.0
BG,2013-05-15,71.62999725341797,72.81999969482422,71.30000305175781,72.52999877929688,1632700,51.93655014038086,0.0
BG,2013-05-16,71.98999786376953,72.51000213623047,71.30000305175781,71.5,1073400,51.39031219482422,0.27
BG,2013-05-17,71.55000305175781,72.08999633789062,71.30000305175781,72.06999969482422,757700,51.79998779296875,0.0
BG,2013-05-20,71.68000030517578,72.22000122070312,71.4800033569336,71.62000274658203,895500,51.4765510559082,0.0
BG,2013-05-21,71.54000091552734,72.0999984741211,71.45999908447266,71.83000183105469,644500,51.62751388549805,0.0
BG,2013-05-22,71.77999877929688,72.58999633789062,71.41999816894531,71.69999694824219,888800,51.5340690612793,0.0
BG,2013-05-23,70.5,71.36000061035156,70.0999984741211,71.06999969482422,881900,51.081233978271484,0.0
BG,2013-05-24,70.91000366210938,70.95999908447266,70.31999969482422,70.69000244140625,624300,50.8081169128418,0.0
BG,2013-05-28,71.08999633789062,71.33000183105469,70.25,70.69999694824219,625800,50.815311431884766,0.0
BG,2013-05-29,70.91999816894531,71.69000244140625,70.30999755859375,71.29000091552734,849400,51.23936462402344,0.0
BG,2013-05-30,71.55999755859375,71.66000366210938,71.01000213623047,71.2699966430664,776400,51.22501754760742,0.0
BG,2013-05-31,71.0999984741211,71.30000305175781,69.5999984741211,69.5999984741211,1146800,50.02470016479492,0.0
BG,2013-06-03,69.54000091552734,69.93000030517578,69.1500015258789,69.87000274658203,734800,50.21876525878906,0.0
BG,2013-06-04,69.94000244140625,70.0199966430664,69.30000305175781,69.5,832100,49.95280838012695,0.0
BG,2013-06-05,69.45999908447266,69.45999908447266,68.66999816894531,68.7300033569336,870100,49.39937210083008,0.0
BG,2013-06-06,68.7699966430664,69.0,68.18000030517578,68.94000244140625,608400,49.55031967163086,0.0
BG,2013-06-07,69.02999877929688,69.58999633789062,69.02999877929688,69.48999786376953,384100,49.94562530517578,0.0
BG,2013-06-10,69.56999969482422,70.08000183105469,69.19000244140625,70.0199966430664,476500,50.326568603515625,0.0
BG,2013-06-11,69.83999633789062,70.27999877929688,69.37999725341797,70.18000030517578,555500,50.441566467285156,0.0
BG,2013-06-12,71.26000213623047,71.7300033569336,70.56999969482422,70.5999984741211,1422400,50.743438720703125,0.0
BG,2013-06-13,70.93000030517578,72.0999984741211,70.22000122070312,71.83999633789062,1025900,51.63467025756836,0.0
BG,2013-06-14,72.0199966430664,72.0999984741211,70.43000030517578,70.94000244140625,689900,50.987823486328125,0.0
BG,2013-06-17,71.02999877929688,71.43000030517578,70.30999755859375,71.13999938964844,689400,51.13156509399414,0.0
BG,2013-06-18,71.0,72.23999786376953,71.0,71.81999969482422,659100,51.620304107666016,0.0
BG,2013-06-19,71.80000305175781,71.9800033569336,70.95999908447266,70.9800033569336,705900,51.016563415527344,0.0
BG,2013-06-20,70.52999877929688,70.83000183105469,70.2699966430664,70.3499984741211,1070100,50.563751220703125,0.0
BG,2013-06-21,70.61000061035156,70.6500015258789,69.91999816894531,70.19000244140625,1322700,50.4487419128418,0.0
BG,2013-06-24,69.58000183105469,69.79000091552734,68.68000030517578,69.0,1372000,49.593441009521484,0.0
BG,2013-06-25,69.37999725341797,69.63999938964844,68.93000030517578,69.31999969482422,878900,49.823448181152344,0.0
BG,2013-06-26,69.73999786376953,70.41999816894531,69.48999786376953,70.25,535800,50.49187469482422,0.0
BG,2013-06-27,70.41999816894531,71.1500015258789,70.23999786376953,71.05000305175781,460900,51.06688690185547,0.0
BG,2013-06-28,70.98999786376953,71.12000274658203,70.4000015258789,70.7699966430664,899800,50.865623474121094,0.0
BG,2013-07-01,70.7699966430664,72.05999755859375,70.51000213623047,71.77999877929688,586300,51.59156036376953,0.0
BG,2013-07-02,71.86000061035156,72.2300033569336,71.0999984741211,71.36000061035156,567000,51.289695739746094,0.0
BG,2013-07-03,71.0999984741211,71.81999969482422,70.87000274658203,71.80000305175781,460100,51.60593795776367,0.0
BG,2013-07-05,72.52999877929688,72.52999877929688,70.9800033569336,71.3499984741211,679100,51.28248977661133,0.0
BG,2013-07-08,71.58999633789062,72.66000366210938,71.45999908447266,72.37999725341797,567800,52.022804260253906,0.0
BG,2013-07-09,72.77999877929688,74.25,72.77999877929688,73.72000122070312,1168000,52.98591232299805,0.0
BG,2013-07-10,73.72000122070312,74.23999786376953,73.11000061035156,74.11000061035156,666500,53.266239166259766,0.0
BG,2013-07-11,74.0999984741211,74.73999786376953,73.94000244140625,74.22000122070312,867700,53.345306396484375,0.0
BG,2013-07-12,74.22000122070312,74.30000305175781,73.61000061035156,74.2300033569336,510300,53.352481842041016,0.0
BG,2013-07-15,74.1500015258789,74.43000030517578,73.41999816894531,73.68000030517578,765800,52.957183837890625,0.0
BG,2013-07-16,73.69999694824219,73.88999938964844,72.94000244140625,73.44999694824219,617700,52.79186248779297,0.0
BG,2013-07-17,73.41000366210938,73.87000274658203,73.25,73.36000061035156,603100,52.727176666259766,0.0
BG,2013-07-18,73.5199966430664,73.83000183105469,73.37000274658203,73.73999786376953,442600,53.00029373168945,0.0
BG,2013-07-19,73.45999908447266,73.98999786376953,73.08000183105469,73.68000030517578,473000,52.957183837890625,0.0
BG,2013-07-22,73.83000183105469,73.94999694824219,73.5199966430664,73.6500015258789,756800,52.935604095458984,0.0
BG,2013-07-23,73.87000274658203,73.97000122070312,73.48999786376953,73.55000305175781,499900,52.863731384277344,0.0
BG,2013-07-24,73.6500015258789,74.38999938964844,73.2699966430664,74.22000122070312,965300,53.345306396484375,0.0
BG,2013-07-25,69.54000091552734,74.62000274658203,68.41999816894531,74.52999877929688,2501100,53.568119049072266,0.0
BG,2013-07-26,74.2699966430664,75.63999938964844,73.7699966430664,74.76000213623047,1414000,53.73342514038086,0.0
BG,2013-07-29,74.7699966430664,75.5199966430664,74.66000366210938,74.79000091552734,654300,53.75497817993164,0.0
BG,2013-07-30,74.69000244140625,76.69000244140625,74.69000244140625,76.43000030517578,1313000,54.93369674682617,0.0
BG,2013-07-31,76.69999694824219,77.44999694824219,76.01000213623047,76.01000213623047,1013800,54.63185119628906,0.0
BG,2013-08-01,76.38999938964844,76.95999908447266,76.08999633789062,76.51000213623047,668900,54.99121856689453,0.0
BG,2013-08-02,76.5999984741211,76.68000030517578,75.94000244140625,76.68000030517578,437300,55.11339569091797,0.0
BG,2013-08-05,76.72000122070312,76.83999633789062,76.3499984741211,76.7699966430664,449600,55.178077697753906,0.0
BG,2013-08-06,76.69000244140625,77.12999725341797,76.08000183105469,76.44999694824219,727200,54.948116302490234,0.0
BG,2013-08-07,76.48999786376953,77.11000061035156,76.19000244140625,76.97000122070312,621000,55.32185363769531,0.0
BG,2013-08-08,77.08000183105469,77.72000122070312,76.18000030517578,77.30000305175781,627800,55.55903244018555,0.0
BG,2013-08-09,77.05000305175781,77.5999984741211,76.83999633789062,77.12999725341797,749800,55.43684387207031,0.0
BG,2013-08-12,77.05000305175781,77.55000305175781,76.86000061035156,77.20999908447266,472000,55.49434280395508,0.0
BG,2013-08-13,77.1500015258789,78.1500015258789,77.13999938964844,77.86000061035156,620900,55.9615364074707,0.0
BG,2013-08-14,77.73999786376953,78.75,77.73999786376953,78.2300033569336,647200,56.227455139160156,0.0
BG,2013-08-15,78.0,78.83000183105469,76.22000122070312,76.26000213623047,920600,54.81153106689453,0.0
BG,2013-08-16,76.0,76.66000366210938,75.3499984741211,76.26000213623047,590100,55.02800369262695,0.3
BG,2013-08-19,76.01000213623047,76.80999755859375,75.66999816894531,75.69000244140625,567200,54.61671829223633,0.0
BG,2013-08-20,75.52999877929688,76.20999908447266,75.41999816894531,75.83000183105469,633200,54.71775436401367,0.0
BG,2013-08-21,75.66000366210938,76.16999816894531,75.62000274658203,75.80999755859375,564300,54.70330047607422,0.0
BG,2013-08-22,76.58999633789062,77.0999984741211,76.18000030517578,76.52999877929688,465700,55.22283172607422,0.0
BG,2013-08-23,76.5,77.37999725341797,76.3499984741211,76.70999908447266,420300,55.352718353271484,0.0
BG,2013-08-26,77.06999969482422,77.1500015258789,75.30000305175781,75.41999816894531,942700,54.4218864440918,0.0
BG,2013-08-27,74.98999786376953,76.08999633789062,74.91000366210938,75.58000183105469,526800,54.53731918334961,0.0
BG,2013-08-28,75.37999725341797,75.79000091552734,74.80000305175781,74.86000061035156,642900,54.017799377441406,0.0
BG,2013-08-29,74.69999694824219,75.66999816894531,74.69999694824219,75.26000213623047,448400,54.30643081665039,0.0
BG,2013-08-30,75.44999694824219,75.86000061035156,75.2300033569336,75.77999877929688,376700,54.681640625,0.0
BG,2013-09-03,76.1500015258789,76.86000061035156,76.05000305175781,76.30999755859375,594600,55.0640869140625,0.0
BG,2013-09-04,76.25,76.5,75.51000213623047,76.2699966430664,551300,55.035221099853516,0.0
BG,2013-09-05,76.1500015258789,76.6500015258789,75.58999633789062,76.58999633789062,427800,55.26615524291992,0.0
BG,2013-09-06,76.6500015258789,77.3499984741211,76.4000015258789,76.4000015258789,530200,55.12902069091797,0.0
BG,2013-09-09,76.83999633789062,77.26000213623047,76.43000030517578,77.06999969482422,441800,55.61252212524414,0.0
BG,2013-09-10,77.4000015258789,77.55000305175781,76.26000213623047,76.55000305175781,985000,55.23727798461914,0.0
BG,2013-09-11,76.41999816894531,77.29000091552734,75.98999786376953,77.27999877929688,607500,55.764041900634766,0.0
BG,2013-09-12,77.31999969482422,77.44000244140625,76.8499984741211,77.19999694824219,357800,55.70628356933594,0.0
BG,2013-09-13,76.94000244140625,77.9800033569336,76.55000305175781,77.87999725341797,533800,56.19697570800781,0.0
BG,2013-09-16,78.30999755859375,79.0,78.30999755859375,78.55000305175781,653000,56.680458068847656,0.0
BG,2013-09-17,78.55000305175781,79.16000366210938,78.44999694824219,79.0999984741211,579500,57.07731246948242,0.0
BG,2013-09-18,78.83999633789062,79.3499984741211,78.37999725341797,79.1500015258789,618600,57.1134033203125,0.0
BG,2013-09-19,79.3499984741211,79.38999938964844,78.27999877929688,78.44000244140625,437200,56.601070404052734,0.0
BG,2013-09-20,78.04000091552734,78.94999694824219,77.94999694824219,78.0999984741211,1008600,56.355709075927734,0.0
BG,2013-09-23,77.86000061035156,78.19000244140625,77.19000244140625,77.36000061035156,631300,55.821754455566406,0.0
BG,2013-09-24,77.26000213623047,77.97000122070312,77.26000213623047,77.33999633789062,583000,55.80732345581055,0.0
BG,2013-09-25,77.48999786376953,77.55000305175781,76.93000030517578,77.29000091552734,418600,55.7712516784668,0.0
BG,2013-09-26,77.26000213623047,78.04000091552734,76.62000274658203,76.6500015258789,787500,55.309444427490234,0.0
BG,2013-09-27,76.29000091552734,76.45999908447266,75.56999969482422,76.20999908447266,1286800,54.99191665649414,0.0
BG,2013-09-30,75.5999984741211,76.01000213623047,75.41000366210938,75.91000366210938,715100,54.77546310424805,0.0
BG,2013-10-01,75.73999786376953,76.3499984741211,75.31999969482422,76.11000061035156,619400,54.91977310180664,0.0
BG,2013-10-02,76.27999877929688,77.80000305175781,75.62000274658203,77.7699966430664,837300,56.11760711669922,0.0
BG,2013-10-03,77.44999694824219,77.8499984741211,76.69999694824219,77.63999938964844,831200,56.023799896240234,0.0
BG,2013-10-04,77.37999725341797,78.88999938964844,77.3499984741211,78.26000213623047,646000,56.47119903564453,0.0
BG,2013-10-07,77.77999877929688,78.6500015258789,77.62999725341797,78.30999755859375,700200,56.50726318359375,0.0
BG,2013-10-08,78.27999877929688,78.91000366210938,78.02999877929688,78.5,793900,56.64434814453125,0.0
BG,2013-10-09,78.02999877929688,78.94999694824219,77.48999786376953,77.72000122070312,795100,56.08152770996094,0.0
BG,2013-10-10,78.33000183105469,78.8499984741211,78.12000274658203,78.41000366210938,421200,56.57942581176758,0.0
BG,2013-10-11,78.36000061035156,79.0,78.30000305175781,78.86000061035156,485100,56.904117584228516,0.0
BG,2013-10-14,78.31999969482422,78.79000091552734,78.25,78.58999633789062,284300,56.70930862426758,0.0
BG,2013-10-15,78.26000213623047,78.8499984741211,78.08999633789062,78.66999816894531,420200,56.767032623291016,0.0
BG,2013-10-16,79.0,79.72000122070312,78.5999984741211,79.58000183105469,901100,57.42367172241211,0.0
BG,2013-10-17,79.20999908447266,81.04000091552734,79.20999908447266,81.02999877929688,885800,58.469966888427734,0.0
BG,2013-10-18,80.91999816894531,81.33999633789062,80.2300033569336,80.79000091552734,973400,58.29680633544922,0.0
BG,2013-10-21,81.5999984741211,82.04000091552734,81.16999816894531,81.30999755859375,1493800,58.6720085144043,0.0
BG,2013-10-22,77.88999938964844,81.0,77.69000244140625,80.62999725341797,2001100,58.18132781982422,0.0
BG,2013-10-23,80.66999816894531,81.37999725341797,80.04000091552734,80.9800033569336,1374500,58.43388366699219,0.0
BG,2013-10-24,80.58999633789062,81.80000305175781,79.45999908447266,80.11000061035156,1898500,57.80611801147461,0.0
BG,2013-10-25,80.29000091552734,82.66999816894531,79.9000015258789,82.38999938964844,2049900,59.451316833496094,0.0
BG,2013-10-28,82.81999969482422,83.4000015258789,82.4000015258789,83.11000061035156,1342200,59.97087097167969,0.0
BG,2013-10-29,82.9800033569336,83.41999816894531,82.66999816894531,82.95999908447266,941400,59.86262893676758,0.0
BG,2013-10-30,82.94000244140625,83.13999938964844,81.93000030517578,82.2300033569336,754600,59.33586120605469,0.0
BG,2013-10-31,82.37000274658203,82.61000061035156,81.79000091552734,82.12999725341797,934600,59.26371383666992,0.0
BG,2013-11-01,81.81999969482422,82.62000274658203,81.81999969482422,82.44000244140625,726200,59.48740768432617,0.0
BG,2013-11-04,82.41000366210938,82.91000366210938,82.41000366210938,82.86000061035156,864400,59.79046630859375,0.0
BG,2013-11-05,82.37000274658203,82.56999969482422,81.83999633789062,82.04000091552734,753900,59.19878005981445,0.0
BG,2013-11-06,82.05999755859375,82.29000091552734,81.30000305175781,82.0,831900,59.1699104309082,0.0
BG,2013-11-07,81.86000061035156,81.98999786376953,80.70999908447266,80.77999877929688,1250000,58.28955841064453,0.0
BG,2013-11-08,80.77999877929688,81.1500015258789,80.45999908447266,80.91999816894531,957000,58.39059829711914,0.0
BG,2013-11-11,81.05999755859375,81.75,81.04000091552734,81.43000030517578,625100,58.75859832763672,0.0
BG,2013-11-12,81.19999694824219,82.43000030517578,81.02999877929688,82.23999786376953,827600,59.343074798583984,0.0
BG,2013-11-13,81.76000213623047,82.5199966430664,81.5199966430664,82.41999816894531,872900,59.472957611083984,0.0
BG,2013-11-14,81.98999786376953,82.44999694824219,81.66000366210938,82.16999816894531,1081700,59.50920104980469,0.3
BG,2013-11-15,82.2300033569336,82.38999938964844,81.69999694824219,81.94000244140625,570100,59.34260940551758,0.0
BG,2013-11-18,82.0999984741211,82.18000030517578,80.86000061035156,81.44999694824219,1382800,58.98774719238281,0.0
BG,2013-11-19,81.56999969482422,81.56999969482422,80.08999633789062,80.2699966430664,1048700,58.133155822753906,0.0
BG,2013-11-20,80.13999938964844,80.76000213623047,79.68000030517578,79.81999969482422,683400,57.80727005004883,0.0
BG,2013-11-21,79.8499984741211,80.30999755859375,79.68000030517578,79.91000366210938,679700,57.87245178222656,0.0
BG,2013-11-22,79.9800033569336,80.91999816894531,79.68000030517578,80.72000122070312,620200,58.45906066894531,0.0
BG,2013-11-25,80.97000122070312,80.98999786376953,80.30000305175781,80.3499984741211,632700,58.191097259521484,0.0
BG,2013-11-26,80.44999694824219,80.87000274658203,80.20999908447266,80.6500015258789,699500,58.40836715698242,0.0
BG,2013-11-27,80.7300033569336,80.94000244140625,80.38999938964844,80.52999877929688,502400,58.32144546508789,0.0
BG,2013-11-29,80.5,80.80999755859375,79.93000030517578,80.12000274658203,225400,58.0245361328125,0.0
BG,2013-12-02,80.44000244140625,80.80999755859375,79.45999908447266,80.37999725341797,697000,58.21284484863281,0.0
BG,2013-12-03,80.33000183105469,80.33000183105469,79.58000183105469,79.70999908447266,687700,57.72760009765625,0.0
BG,2013-12-04,79.4000015258789,80.66999816894531,79.13999938964844,80.33000183105469,734500,58.176631927490234,0.0
BG,2013-12-05,80.33000183105469,80.43000030517578,79.66000366210938,80.38999938964844,587600,58.220088958740234,0.0
BG,2013-12-06,83.33999633789062,84.18000030517578,80.91999816894531,80.94000244140625,810100,58.61839294433594,0.0
BG,2013-12-09,80.69999694824219,82.04000091552734,80.66999816894531,82.0199966430664,881200,59.400535583496094,0.0
BG,2013-12-10,81.69000244140625,81.69999694824219,80.5199966430664,81.23999786376953,1330900,58.83564758300781,0.0
BG,2013-12-11,81.31999969482422,81.51000213623047,80.47000122070312,80.52999877929688,791200,58.32144546508789,0.0
BG,2013-12-12,80.43000030517578,80.58000183105469,79.88999938964844,80.19000244140625,972700,58.075233459472656,0.0
BG,2013-12-13,80.33999633789062,80.86000061035156,80.12000274658203,80.22000122070312,635700,58.09696578979492,0.0
BG,2013-12-16,80.2699966430664,81.0199966430664,79.97000122070312,80.51000213623047,687400,58.30698776245117,0.0
BG,2013-12-17,80.70999908447266,81.75,80.02999877929688,81.41000366210938,773000,58.958770751953125,0.0
BG,2013-12-18,81.61000061035156,81.61000061035156,80.0,81.3499984741211,942100,58.91530990600586,0.0
BG,2013-12-19,81.06999969482422,81.47000122070312,80.55999755859375,81.26000213623047,706300,58.85015106201172,0.0
BG,2013-12-20,81.37000274658203,81.68000030517578,80.91000366210938,81.68000030517578,1335900,59.15431594848633,0.0
BG,2013-12-23,81.9000015258789,82.37999725341797,81.45999908447266,82.12000274658203,533200,59.472965240478516,0.0
BG,2013-12-24,82.11000061035156,83.11000061035156,81.98999786376953,82.66999816894531,342400,59.871299743652344,0.0
BG,2013-12-26,82.81999969482422,82.81999969482422,82.0199966430664,82.2699966430664,258300,59.58160400390625,0.0
BG,2013-12-27,82.06999969482422,82.45999908447266,81.08999633789062,82.37000274658203,251500,59.654014587402344,0.0
BG,2013-12-30,82.33000183105469,82.56999969482422,81.83000183105469,81.91000366210938,399700,59.32088851928711,0.0
BG,2013-12-31,82.13999938964844,82.36000061035156,81.70999908447266,82.11000061035156,400700,59.46573257446289,0.0
BG,2014-01-02,81.70999908447266,82.27999877929688,81.55999755859375,81.91999816894531,369100,59.32814025878906,0.0
BG,2014-01-03,81.68000030517578,81.68000030517578,80.94999694824219,81.25,624700,58.842891693115234,0.0
BG,2014-01-06,81.58999633789062,81.87000274658203,80.94000244140625,81.08999633789062,1249500,58.72701644897461,0.0
BG,2014-01-07,81.19000244140625,81.87999725341797,81.1500015258789,81.6500015258789,968200,59.132572174072266,0.0
BG,2014-01-08,81.4000015258789,81.81999969482422,81.11000061035156,81.33000183105469,695100,58.90085983276367,0.0
BG,2014-01-09,81.5999984741211,81.83999633789062,80.94000244140625,81.2300033569336,713800,58.82843017578125,0.0
BG,2014-01-10,81.33000183105469,82.0,81.0,81.44999694824219,560400,58.98774719238281,0.0
BG,2014-01-13,81.05000305175781,81.58000183105469,80.97000122070312,81.05999755859375,712200,58.705284118652344,0.0
BG,2014-01-14,80.9000015258789,82.2300033569336,80.80999755859375,81.80999755859375,647200,59.24848556518555,0.0
BG,2014-01-15,82.05999755859375,82.05999755859375,81.37000274658203,81.58000183105469,874700,59.08189010620117,0.0
BG,2014-01-16,81.5,81.66000366210938,80.72000122070312,81.47000122070312,962600,59.00224685668945,0.0
BG,2014-01-17,81.36000061035156,81.73999786376953,81.01000213623047,81.30000305175781,502600,58.879119873046875,0.0
BG,2014-01-21,81.36000061035156,81.4800033569336,80.7699966430664,81.33999633789062,661000,58.90808868408203,0.0
BG,2014-01-22,81.80000305175781,81.80000305175781,80.81999969482422,81.08999633789062,658400,58.72701644897461,0.0
BG,2014-01-23,80.66999816894531,81.47000122070312,79.9800033569336,80.0999984741211,1003600,58.010040283203125,0.0
BG,2014-01-24,79.75,79.8499984741211,77.62999725341797,77.63999938964844,1255000,56.22846221923828,0.0
BG,2014-01-27,77.33999633789062,77.91999816894531,76.37999725341797,77.02999877929688,1516000,55.78666305541992,0.0
BG,2014-01-28,77.0199966430664,77.70999908447266,76.68000030517578,77.47000122070312,931100,56.105342864990234,0.0
BG,2014-01-29,77.05000305175781,77.19000244140625,75.91000366210938,75.94999694824219,885400,55.00453567504883,0.0
BG,2014-01-30,76.08000183105469,76.80000305175781,75.63999938964844,76.63999938964844,681400,55.50423812866211,0.0
BG,2014-01-31,76.0199966430664,76.37000274658203,75.70999908447266,75.76000213623047,666000,54.86692810058594,0.0
BG,2014-02-03,75.58999633789062,76.16000366210938,74.30999755859375,74.43000030517578,973600,53.903724670410156,0.0
BG,2014-02-04,74.58000183105469,74.80999755859375,73.26000213623047,73.51000213623047,1764400,53.237422943115234,0.0
BG,2014-02-05,73.47000122070312,74.77999877929688,73.12000274658203,74.26000213623047,1372400,53.78059768676758,0.0
BG,2014-02-06,74.29000091552734,75.36000061035156,74.29000091552734,75.12000274658203,863300,54.4034309387207,0.0
BG,2014-02-07,75.27999877929688,76.12000274658203,74.93000030517578,75.19000244140625,834400,54.454132080078125,0.0
BG,2014-02-10,75.08000183105469,75.37999725341797,74.2699966430664,74.62000274658203,1042400,54.04133605957031,0.0
BG,2014-02-11,75.01000213623047,76.47000122070312,74.58000183105469,76.4000015258789,1041300,55.33043670654297,0.0
BG,2014-02-12,75.93000030517578,76.41999816894531,75.43000030517578,75.93000030517578,999500,54.990055084228516,0.0
BG,2014-02-13,75.8499984741211,77.41999816894531,75.0,77.36000061035156,2136400,56.24790954589844,0.3
BG,2014-02-14,77.23999786376953,78.81999969482422,76.69000244140625,78.62000274658203,1650900,57.1640510559082,0.0
BG,2014-02-18,78.5199966430664,78.91999816894531,78.11000061035156,78.30999755859375,929300,56.93865203857422,0.0
BG,2014-02-19,78.12000274658203,78.69000244140625,77.9000015258789,78.4000015258789,1084100,57.004093170166016,0.0
BG,2014-02-20,78.30000305175781,79.58999633789062,78.16999816894531,79.13999938964844,1034500,57.54214096069336,0.0
BG,2014-02-21,79.13999938964844,79.58000183105469,79.0,79.37000274658203,1491400,57.70938491821289,0.0
BG,2014-02-24,79.4000015258789,80.73999786376953,79.4000015258789,79.87999725341797,1177100,58.08018112182617,0.0
BG,2014-02-25,79.75,80.56999969482422,79.62000274658203,80.01000213623047,913800,58.174720764160156,0.0
BG,2014-02-26,80.0,80.63999938964844,79.83999633789062,80.04000091552734,812900,58.19652557373047,0.0
BG,2014-02-27,79.79000091552734,79.95999908447266,79.1500015258789,79.48999786376953,984700,57.79661560058594,0.0
BG,2014-02-28,79.45999908447266,79.9000015258789,79.04000091552734,79.61000061035156,966600,57.88388442993164,0.0
BG,2014-03-03,78.88999938964844,78.9000015258789,77.95999908447266,78.43000030517578,1207900,57.02589797973633,0.0
BG,2014-03-04,79.3499984741211,79.44000244140625,78.52999877929688,78.81999969482422,1282400,57.309486389160156,0.0
BG,2014-03-05,78.62999725341797,78.79000091552734,77.7699966430664,78.37999725341797,1068400,56.98954772949219,0.0
BG,2014-03-06,78.45999908447266,80.38999938964844,78.11000061035156,80.25,1440700,58.34921646118164,0.0
BG,2014-03-07,80.2699966430664,80.69000244140625,79.55000305175781,79.9800033569336,1015400,58.15290069580078,0.0
BG,2014-03-10,79.70999908447266,80.58999633789062,79.62000274658203,80.55000305175781,942600,58.567344665527344,0.0
BG,2014-03-11,80.48999786376953,80.5999984741211,78.7699966430664,79.0999984741211,1095200,57.513065338134766,0.0
BG,2014-03-12,78.38999938964844,79.4800033569336,78.23999786376953,78.41000366210938,1240400,57.01138687133789,0.0
BG,2014-03-13,78.56999969482422,79.04000091552734,77.9800033569336,78.0,1071200,56.7132568359375,0.0
BG,2014-03-14,77.97000122070312,78.77999877929688,77.83999633789062,78.16000366210938,774800,56.82961654663086,0.0
BG,2014-03-17,78.25,79.0,78.0999984741211,78.5,836400,57.07680130004883,0.0
BG,2014-03-18,78.51000213623047,79.11000061035156,78.30999755859375,79.04000091552734,740000,57.46943664550781,0.0
BG,2014-03-19,79.22000122070312,79.22000122070312,77.94999694824219,78.13999938964844,534300,56.81505584716797,0.0
BG,2014-03-20,77.87000274658203,78.62999725341797,77.69999694824219,78.27999877929688,645200,56.91684341430664,0.0
BG,2014-03-21,78.48999786376953,79.05000305175781,78.19999694824219,78.3499984741211,1145100,56.967742919921875,0.0
BG,2014-03-24,78.5,78.73999786376953,77.77999877929688,77.95999908447266,555900,56.684165954589844,0.0
BG,2014-03-25,78.41000366210938,78.9000015258789,77.97000122070312,78.16000366210938,707700,56.82961654663086,0.0
BG,2014-03-26,78.62000274658203,78.8499984741211,77.47000122070312,77.5,883900,56.34971618652344,0.0
BG,2014-03-27,77.75,78.55999755859375,77.29000091552734,78.2300033569336,958700,56.88048553466797,0.0
BG,2014-03-28,78.80000305175781,79.2300033569336,78.41999816894531,78.9800033569336,657400,57.425838470458984,0.0
BG,2014-03-31,79.37000274658203,79.5199966430664,78.77999877929688,79.51000213623047,698300,57.811161041259766,0.0
BG,2014-04-01,79.61000061035156,79.80999755859375,78.93000030517578,79.55999755859375,718800,57.8475456237793,0.0
BG,2014-04-02,79.5199966430664,80.05999755859375,78.77999877929688,79.47000122070312,896900,57.782073974609375,0.0
BG,2014-04-03,79.47000122070312,79.52999877929688,78.44000244140625,79.48999786376953,815500,57.79661560058594,0.0
BG,2014-04-04,79.66000366210938,79.80999755859375,77.97000122070312,78.19999694824219,1247300,56.85871124267578,0.0
BG,2014-04-07,78.02999877929688,78.87999725341797,77.5,78.04000091552734,1079600,56.74234390258789,0.0
BG,2014-04-08,78.36000061035156,80.54000091552734,78.0,79.98999786376953,2151000,58.16015625,0.0
BG,2014-04-09,80.19999694824219,81.0,79.51000213623047,80.36000061035156,804300,58.429229736328125,0.0
BG,2014-04-10,80.05000305175781,81.02999877929688,79.2300033569336,79.4000015258789,727100,57.731197357177734,0.0
BG,2014-04-11,79.19000244140625,79.25,78.08999633789062,78.25,678900,56.89503860473633,0.0
BG,2014-04-14,78.83000183105469,79.80000305175781,78.43000030517578,79.26000213623047,597100,57.62938690185547,0.0
BG,2014-04-15,79.3499984741211,79.86000061035156,78.80999755859375,79.58000183105469,842400,57.86206817626953,0.0
BG,2014-04-16,80.01000213623047,81.12999725341797,79.88999938964844,81.12000274658203,931200,58.9818000793457,0.0
BG,2014-04-17,81.05000305175781,81.20999908447266,80.11000061035156,80.25,722900,58.34921646118164,0.0
BG,2014-04-21,80.20999908447266,80.20999908447266,79.47000122070312,79.98999786376953,394800,58.16015625,0.0
BG,2014-04-22,79.97000122070312,80.29000091552734,79.52999877929688,80.11000061035156,830400,58.2474250793457,0.0
BG,2014-04-23,80.19999694824219,80.81999969482422,80.06999969482422,80.7699966430664,522100,58.72728729248047,0.0
BG,2014-04-24,80.80999755859375,81.36000061035156,80.30999755859375,80.7699966430664,565100,58.72728729248047,0.0
BG,2014-04-25,80.73999786376953,81.5,80.16000366210938,81.37999725341797,745100,59.170841217041016,0.0
BG,2014-04-28,81.75,81.75,79.62000274658203,79.87999725341797,699400,58.08018112182617,0.0
BG,2014-04-29,79.94999694824219,80.86000061035156,79.80999755859375,79.80999755859375,832900,58.02930450439453,0.0
BG,2014-04-30,79.8499984741211,80.52999877929688,79.3499984741211,79.6500015258789,1601500,57.912967681884766,0.0
BG,2014-05-01,77.6500015258789,77.69999694824219,75.08999633789062,75.33999633789062,3519800,54.77919006347656,0.0
BG,2014-05-02,75.3499984741211,76.51000213623047,75.1500015258789,76.4000015258789,1825900,55.5499153137207,0.0
BG,2014-05-05,76.04000091552734,76.18000030517578,75.22000122070312,75.56999969482422,1487200,54.9464111328125,0.0
BG,2014-05-06,75.5199966430664,76.01000213623047,75.2300033569336,75.4800033569336,1010300,54.880985260009766,0.0
BG,2014-05-07,75.7699966430664,77.13999938964844,75.52999877929688,77.0999984741211,1395000,56.05887222290039,0.0
BG,2014-05-08,77.0199966430664,77.4800033569336,76.33000183105469,76.76000213623047,980400,55.8116569519043,0.0
BG,2014-05-09,77.2699966430664,77.69999694824219,76.7300033569336,76.94000244140625,938900,55.942543029785156,0.0
BG,2014-05-12,77.12000274658203,77.94999694824219,77.12000274658203,77.55000305175781,710800,56.38604736328125,0.0
BG,2014-05-13,77.63999938964844,77.8499984741211,77.2699966430664,77.5999984741211,1029500,56.42241287231445,0.0
BG,2014-05-14,77.36000061035156,77.87000274658203,77.05999755859375,77.54000091552734,956200,56.59761047363281,0.3
BG,2014-05-15,77.2300033569336,77.23999786376953,76.08000183105469,76.30000305175781,681400,55.6925048828125,0.0
BG,2014-05-16,76.30000305175781,76.83000183105469,76.13999938964844,76.69000244140625,562400,55.977176666259766,0.0
BG,2014-05-19,76.55000305175781,76.63999938964844,76.13999938964844,76.58000183105469,825600,55.89690017700195,0.0
BG,2014-05-20,76.6500015258789,77.06999969482422,76.31999969482422,77.01000213623047,1043300,56.21076583862305,0.0
BG,2014-05-21,77.43000030517578,77.43000030517578,76.4000015258789,76.45999908447266,793200,55.80931091308594,0.0
BG,2014-05-22,76.16999816894531,76.54000091552734,75.45999908447266,75.5,690800,55.10857009887695,0.0
BG,2014-05-23,75.69000244140625,76.0999984741211,75.41000366210938,75.7300033569336,722100,55.27645492553711,0.0
BG,2014-05-27,75.66999816894531,76.1500015258789,75.47000122070312,75.87999725341797,686300,55.38593673706055,0.0
BG,2014-05-28,75.94000244140625,76.94999694824219,75.72000122070312,76.54000091552734,1217800,55.867698669433594,0.0
BG,2014-05-29,76.98999786376953,78.3499984741211,76.66000366210938,77.52999877929688,1308700,56.59030532836914,0.0
BG,2014-05-30,77.5,78.06999969482422,77.26000213623047,77.70999908447266,1047600,56.7216796875,0.0
BG,2014-06-02,77.80000305175781,77.94999694824219,76.98999786376953,77.01000213623047,733700,56.21076583862305,0.0
BG,2014-06-03,76.72000122070312,77.23999786376953,76.61000061035156,76.68000030517578,981800,55.96986770629883,0.0
BG,2014-06-04,76.62000274658203,76.6500015258789,75.0,75.37000274658203,1524100,55.013702392578125,0.0
BG,2014-06-05,75.63999938964844,76.29000091552734,75.18000030517578,76.12000274658203,702500,55.56113815307617,0.0
BG,2014-06-06,76.0999984741211,76.80000305175781,76.0999984741211,76.5999984741211,421900,55.911468505859375,0.0
BG,2014-06-09,76.38999938964844,76.93000030517578,76.19000244140625,76.33000183105469,432300,55.714412689208984,0.0
BG,2014-06-10,76.05999755859375,76.43000030517578,75.81999969482422,76.22000122070312,611200,55.63412857055664,0.0
BG,2014-06-11,76.18000030517578,76.48999786376953,75.75,75.80999755859375,729800,55.33483123779297,0.0
BG,2014-06-12,75.9000015258789,76.0999984741211,74.9800033569336,75.11000061035156,872300,54.82391357421875,0.0
BG,2014-06-13,75.0999984741211,75.30999755859375,74.73999786376953,74.97000122070312,472400,54.72171401977539,0.0
BG,2014-06-16,74.98999786376953,75.0999984741211,74.69999694824219,74.97000122070312,459600,54.72171401977539,0.0
BG,2014-06-17,74.94999694824219,75.48999786376953,74.58999633789062,75.36000061035156,473300,55.00637435913086,0.0
BG,2014-06-18,75.2699966430664,75.55000305175781,74.4000015258789,75.5199966430664,544500,55.12316131591797,0.0
BG,2014-06-19,75.5,76.05000305175781,75.41000366210938,76.0,540200,55.473514556884766,0.0
BG,2014-06-20,75.76000213623047,76.37000274658203,75.73999786376953,75.94999694824219,914100,55.43703842163086,0.0
BG,2014-06-23,75.87000274658203,75.9800033569336,75.30999755859375,75.63999938964844,639500,55.210758209228516,0.0
BG,2014-06-24,75.54000091552734,76.0199966430664,74.83000183105469,74.86000061035156,506900,54.64142990112305,0.0
BG,2014-06-25,74.93000030517578,75.30999755859375,74.5,74.68000030517578,628100,54.51004409790039,0.0
BG,2014-06-26,74.75,75.68000030517578,74.36000061035156,75.62000274658203,672300,55.19618225097656,0.0
BG,2014-06-27,75.62000274658203,76.48999786376953,75.33000183105469,76.22000122070312,1372200,55.63412857055664,0.0
BG,2014-06-30,76.08999633789062,76.30000305175781,75.2699966430664,75.63999938964844,1004300,55.210758209228516,0.0
BG,2014-07-01,75.9000015258789,76.37000274658203,75.76000213623047,75.9000015258789,589800,55.400535583496094,0.0
BG,2014-07-02,75.75,76.31999969482422,75.69999694824219,76.16000366210938,649500,55.59032440185547,0.0
BG,2014-07-03,76.19999694824219,76.66999816894531,76.0,76.05999755859375,538400,55.517333984375,0.0
BG,2014-07-07,75.80999755859375,76.94000244140625,75.69999694824219,76.77999877929688,641700,56.04286575317383,0.0
BG,2014-07-08,76.70999908447266,77.13999938964844,76.20999908447266,76.2300033569336,869700,55.64141082763672,0.0
BG,2014-07-09,76.37999725341797,76.55999755859375,75.05000305175781,75.13999938964844,881800,54.845794677734375,0.0
BG,2014-07-10,74.51000213623047,74.91999816894531,74.05999755859375,74.44000244140625,1240200,54.3348503112793,0.0
BG,2014-07-11,74.56999969482422,74.62000274658203,73.62000274658203,73.77999877929688,1017700,53.85311508178711,0.0
BG,2014-07-14,74.06999969482422,74.55999755859375,73.58000183105469,73.98999786376953,705300,54.006404876708984,0.0
BG,2014-07-15,73.87000274658203,73.98999786376953,73.43000030517578,73.54000091552734,730400,53.677955627441406,0.0
BG,2014-07-16,73.79000091552734,74.31999969482422,73.5,74.27999877929688,491000,54.21806335449219,0.0
BG,2014-07-17,73.94999694824219,74.2699966430664,73.7699966430664,73.93000030517578,692300,53.96260070800781,0.0
BG,2014-07-18,73.93000030517578,74.11000061035156,73.5999984741211,73.91999816894531,515000,53.95530319213867,0.0
BG,2014-07-21,73.86000061035156,74.16000366210938,73.63999938964844,73.8499984741211,818600,53.90421676635742,0.0
BG,2014-07-22,73.87000274658203,75.08000183105469,73.87000274658203,74.9000015258789,749600,54.67062759399414,0.0
BG,2014-07-23,75.0199966430664,75.11000061035156,74.3499984741211,74.9000015258789,624400,54.67062759399414,0.0
BG,2014-07-24,74.80999755859375,75.48999786376953,74.80999755859375,75.30000305175781,633100,54.96260452270508,0.0
BG,2014-07-25,75.18000030517578,75.23999786376953,74.4000015258789,74.41999816894531,319800,54.32025146484375,0.0
BG,2014-07-28,74.41999816894531,74.56999969482422,73.98999786376953,74.2699966430664,379000,54.210777282714844,0.0
BG,2014-07-29,74.30000305175781,74.5999984741211,74.08999633789062,74.19000244140625,637500,54.15239334106445,0.0
BG,2014-07-30,74.2300033569336,74.55999755859375,73.31999969482422,73.6500015258789,1693300,53.75822067260742,0.0
BG,2014-07-31,75.13999938964844,79.9800033569336,75.13999938964844,78.83999633789062,3918200,57.54650115966797,0.0
BG,2014-08-01,78.80000305175781,80.91000366210938,78.52999877929688,80.80000305175781,1720600,58.97711181640625,0.0
BG,2014-08-04,80.58000183105469,80.80000305175781,80.12999725341797,80.26000213623047,1442500,58.58296585083008,0.0
BG,2014-08-05,80.26000213623047,80.58999633789062,79.6500015258789,79.83999633789062,1117300,58.276390075683594,0.0
BG,2014-08-06,79.41000366210938,80.05000305175781,79.16000366210938,80.0,1016500,58.3931884765625,0.0
BG,2014-08-07,80.05999755859375,80.44000244140625,79.47000122070312,79.95999908447266,857900,58.36397171020508,0.0
BG,2014-08-08,79.7699966430664,80.5199966430664,79.68000030517578,80.29000091552734,1310500,58.6048583984375,0.0
BG,2014-08-11,80.77999877929688,82.77999877929688,80.69000244140625,82.23999786376953,1404500,60.028194427490234,0.0
BG,2014-08-12,81.8499984741211,82.44999694824219,81.75,81.98999786376953,989100,59.84571838378906,0.0
BG,2014-08-13,81.9000015258789,82.20999908447266,81.30999755859375,81.5199966430664,1139700,59.502655029296875,0.0
BG,2014-08-14,81.91000366210938,82.2300033569336,81.72000122070312,81.94000244140625,1067200,59.80921936035156,0.0
BG,2014-08-15,81.7300033569336,82.30000305175781,81.11000061035156,81.44999694824219,1286600,59.69929504394531,0.34
BG,2014-08-18,81.70999908447266,82.51000213623047,81.11000061035156,81.44000244140625,1078400,59.691959381103516,0.0
BG,2014-08-19,81.86000061035156,83.19999694824219,81.44999694824219,82.88999938964844,1216400,60.754737854003906,0.0
BG,2014-08-20,82.69000244140625,82.83999633789062,81.41000366210938,82.27999877929688,878900,60.307640075683594,0.0
BG,2014-08-21,82.20999908447266,83.06999969482422,82.18000030517578,83.0199966430664,688800,60.85000991821289,0.0
BG,2014-08-22,83.08999633789062,83.41999816894531,82.63999938964844,82.80999755859375,577400,60.69612503051758,0.0
BG,2014-08-25,83.27999877929688,83.83000183105469,82.88999938964844,83.58000183105469,765700,61.26046371459961,0.0
BG,2014-08-26,83.75,84.27999877929688,83.69999694824219,84.18000030517578,915800,61.70024108886719,0.0
BG,2014-08-27,83.83000183105469,84.5999984741211,83.80000305175781,84.55999755859375,669200,61.978790283203125,0.0
BG,2014-08-28,84.12000274658203,84.45999908447266,83.9800033569336,84.27999877929688,523200,61.77353286743164,0.0
BG,2014-08-29,84.33999633789062,84.87000274658203,84.0199966430664,84.6500015258789,674000,62.04474639892578,0.0
BG,2014-09-02,84.87999725341797,85.43000030517578,84.48999786376953,85.2699966430664,1196200,62.499149322509766,0.0
BG,2014-09-03,85.36000061035156,86.05999755859375,85.16999816894531,85.7699966430664,991400,62.86564636230469,0.0
BG,2014-09-04,85.58999633789062,86.55999755859375,84.86000061035156,84.88999938964844,1106800,62.22066879272461,0.0
BG,2014-09-05,84.91000366210938,85.5,84.55999755859375,85.44000244140625,884700,62.623775482177734,0.0
BG,2014-09-08,85.36000061035156,85.88999938964844,84.93000030517578,85.62000274658203,661300,62.755680084228516,0.0
BG,2014-09-09,85.7300033569336,86.05999755859375,85.38999938964844,85.55999755859375,767700,62.711727142333984,0.0
BG,2014-09-10,85.38999938964844,85.52999877929688,84.87999725341797,85.36000061035156,988900,62.56515884399414,0.0
BG,2014-09-11,85.56999969482422,86.41999816894531,85.4800033569336,86.36000061035156,887400,63.2981071472168,0.0
BG,2014-09-12,86.27999877929688,86.31999969482422,85.52999877929688,85.91000366210938,687600,62.968257904052734,0.0
BG,2014-09-15,85.87000274658203,86.20999908447266,85.56999969482422,86.05000305175781,579600,63.070884704589844,0.0
BG,2014-09-16,86.06999969482422,86.44000244140625,85.69000244140625,86.19000244140625,762800,63.17350387573242,0.0
BG,2014-09-17,86.4000015258789,86.44000244140625,85.9000015258789,86.08000183105469,614700,63.09288787841797,0.0
BG,2014-09-18,86.05000305175781,86.41999816894531,85.77999877929688,86.04000091552734,970000,63.06354522705078,0.0
BG,2014-09-19,86.13999938964844,86.43000030517578,84.91000366210938,84.98999786376953,1217100,62.29393005371094,0.0
BG,2014-09-22,84.97000122070312,85.44000244140625,84.8499984741211,85.25,657100,62.484527587890625,0.0
BG,2014-09-23,85.25,85.25,84.16999816894531,84.44000244140625,825800,61.890811920166016,0.0
BG,2014-09-24,84.33000183105469,85.08000183105469,84.19000244140625,84.94999694824219,573300,62.26462936401367,0.0
BG,2014-09-25,84.9000015258789,84.9000015258789,83.30000305175781,83.61000061035156,697800,61.28247833251953,0.0
BG,2014-09-26,83.5999984741211,84.77999877929688,83.27999877929688,84.51000213623047,462700,61.942115783691406,0.0
BG,2014-09-29,83.98999786376953,84.43000030517578,83.5,84.12000274658203,514100,61.656280517578125,0.0
BG,2014-09-30,84.0199966430664,84.38999938964844,83.8499984741211,84.2300033569336,953600,61.736907958984375,0.0
BG,2014-10-01,84.11000061035156,84.58999633789062,81.8499984741211,82.80999755859375,1579300,60.69612503051758,0.0
BG,2014-10-02,82.37000274658203,82.94999694824219,81.75,82.08999633789062,1188300,60.16836929321289,0.0
BG,2014-10-03,82.1500015258789,83.81999969482422,81.58999633789062,83.5999984741211,1073300,61.275150299072266,0.0
BG,2014-10-06,84.7300033569336,85.26000213623047,84.0999984741211,85.05999755859375,1257900,62.34526062011719,0.0
BG,2014-10-07,85.1500015258789,85.52999877929688,84.44000244140625,84.5,1268700,61.934814453125,0.0
BG,2014-10-08,84.47000122070312,85.06999969482422,83.48999786376953,85.0199966430664,1778600,62.3159294128418,0.0
BG,2014-10-09,84.80000305175781,85.27999877929688,83.30999755859375,83.43000030517578,1283300,61.15053176879883,0.0
BG,2014-10-10,83.4000015258789,84.04000091552734,82.58000183105469,82.62000274658203,872600,60.55683517456055,0.0
BG,2014-10-13,82.52999877929688,83.13999938964844,81.56999969482422,81.6500015258789,1035100,59.84586715698242,0.0
BG,2014-10-14,81.98999786376953,83.68000030517578,81.54000091552734,82.2300033569336,1424400,60.270992279052734,0.0
BG,2014-10-15,81.30000305175781,81.5199966430664,79.47000122070312,81.3499984741211,1728600,59.6259880065918,0.0
BG,2014-10-16,80.30000305175781,81.52999877929688,79.62999725341797,80.97000122070312,1233500,59.34748077392578,0.0
BG,2014-10-17,81.43000030517578,82.6500015258789,81.43000030517578,82.41000366210938,863100,60.40291976928711,0.0
BG,2014-10-20,82.0,82.55999755859375,80.79000091552734,82.41000366210938,1333900,60.40291976928711,0.0
BG,2014-10-21,82.97000122070312,83.97000122070312,82.19999694824219,83.87999725341797,1025700,61.480350494384766,0.0
BG,2014-10-22,83.73999786376953,84.91000366210938,83.4000015258789,83.9000015258789,1031100,61.49501037597656,0.0
BG,2014-10-23,84.72000122070312,84.73999786376953,83.77999877929688,83.95999908447266,490900,61.53898620605469,0.0
BG,2014-10-24,83.87000274658203,84.66999816894531,83.55999755859375,84.66999816894531,510900,62.05940628051758,0.0
BG,2014-10-27,84.72000122070312,84.72000122070312,83.33000183105469,83.81999969482422,752100,61.4363899230957,0.0
BG,2014-10-28,82.72000122070312,84.83000183105469,82.55000305175781,84.72000122070312,1251500,62.09602737426758,0.0
BG,2014-10-29,84.9000015258789,85.4800033569336,84.12000274658203,84.98999786376953,1359400,62.29393005371094,0.0
BG,2014-10-30,84.0,85.48999786376953,82.0,85.33000183105469,2737400,62.54314422607422,0.0
BG,2014-10-31,85.77999877929688,88.8499984741211,85.41000366210938,88.6500015258789,2268600,64.97659301757812,0.0
BG,2014-11-03,88.58000183105469,88.73999786376953,87.37999725341797,87.69000244140625,1408400,64.27293395996094,0.0
BG,2014-11-04,87.36000061035156,88.18000030517578,86.9800033569336,87.66000366210938,1042300,64.25096130371094,0.0
BG,2014-11-05,88.25,89.33000183105469,88.05999755859375,89.20999908447266,1325800,65.38703155517578,0.0
BG,2014-11-06,89.0,89.30999755859375,88.37999725341797,88.44999694824219,1043000,64.8299789428711,0.0
BG,2014-11-07,88.04000091552734,88.94999694824219,87.9000015258789,88.76000213623047,848600,65.05719757080078,0.0
BG,2014-11-10,88.56999969482422,89.37000274658203,87.93000030517578,88.75,990000,65.04987335205078,0.0
BG,2014-11-11,88.29000091552734,89.1500015258789,87.93000030517578,89.04000091552734,775200,65.26242065429688,0.0
BG,2014-11-12,88.33999633789062,88.95999908447266,87.94000244140625,88.51000213623047,1011200,64.87393951416016,0.0
BG,2014-11-13,88.5199966430664,88.98999786376953,88.05999755859375,88.75,904700,65.04987335205078,0.0
BG,2014-11-14,88.29000091552734,89.45999908447266,88.19999694824219,88.58000183105469,876900,65.17495727539062,0.34
BG,2014-11-17,88.45999908447266,89.86000061035156,88.33000183105469,89.66999816894531,1119000,65.97694396972656,0.0
BG,2014-11-18,89.54000091552734,90.48999786376953,89.43000030517578,90.04000091552734,696800,66.2491683959961,0.0
BG,2014-11-19,90.47000122070312,90.47000122070312,89.4800033569336,90.19000244140625,565300,66.3595199584961,0.0
BG,2014-11-20,90.01000213623047,91.18000030517578,89.7699966430664,90.66000366210938,879200,66.70537567138672,0.0
BG,2014-11-21,91.83000183105469,92.44000244140625,91.08000183105469,91.5,1319600,67.32339477539062,0.0
BG,2014-11-24,91.31999969482422,91.5199966430664,89.68000030517578,89.86000061035156,1362300,66.11671447753906,0.0
BG,2014-11-25,90.13999938964844,90.87000274658203,89.79000091552734,90.33000183105469,1336800,66.46256256103516,0.0
BG,2014-11-26,90.13999938964844,90.36000061035156,89.55999755859375,89.80000305175781,808700,66.0726089477539,0.0
BG,2014-11-28,89.95999908447266,90.91000366210938,89.7699966430664,90.7699966430664,381900,66.78629302978516,0.0
BG,2014-12-01,90.44999694824219,91.0,90.01000213623047,90.7699966430664,1347800,66.78629302978516,0.0
BG,2014-12-02,91.0,91.22000122070312,90.16999816894531,90.47000122070312,1301000,66.56556701660156,0.0
BG,2014-12-03,90.66999816894531,91.44999694824219,90.23999786376953,91.25,1432000,67.13946533203125,0.0
BG,2014-12-04,90.80000305175781,91.23999786376953,89.58999633789062,89.77999877929688,1203000,66.05787658691406,0.0
BG,2014-12-05,90.12999725341797,91.94999694824219,89.75,91.87999725341797,1125900,67.60301208496094,0.0
BG,2014-12-08,91.75,93.0,91.19999694824219,92.41000366210938,1230300,67.99295806884766,0.0
BG,2014-12-09,91.73999786376953,92.94999694824219,91.62000274658203,92.91000366210938,1211900,68.36085510253906,0.0
BG,2014-12-10,93.01000213623047,93.05000305175781,90.13999938964844,90.33999633789062,1417000,66.46990203857422,0.0
BG,2014-12-11,91.16999816894531,93.16999816894531,91.0,92.83999633789062,1395800,68.30935668945312,0.0
BG,2014-12-12,92.2300033569336,92.2300033569336,89.95999908447266,90.0199966430664,1203100,66.23448944091797,0.0
BG,2014-12-15,90.5999984741211,90.80000305175781,88.72000122070312,89.69000244140625,939300,65.9916763305664,0.0
BG,2014-12-16,89.68000030517578,90.93000030517578,88.77999877929688,88.86000061035156,831100,65.38095092773438,0.0
BG,2014-12-17,88.9000015258789,90.63999938964844,88.86000061035156,90.4000015258789,697200,66.51406860351562,0.0
BG,2014-12-18,91.36000061035156,91.98999786376953,91.0199966430664,91.7300033569336,627800,67.49262237548828,0.0
BG,2014-12-19,91.6500015258789,92.22000122070312,90.38999938964844,90.38999938964844,1842500,66.50669860839844,0.0
BG,2014-12-22,90.7300033569336,92.37000274658203,90.41999816894531,92.13999938964844,948600,67.7942886352539,0.0
BG,2014-12-23,92.77999877929688,92.77999877929688,91.62999725341797,92.36000061035156,993900,67.95616149902344,0.0
BG,2014-12-24,92.36000061035156,92.73999786376953,92.02999877929688,92.02999877929688,219000,67.71338653564453,0.0
BG,2014-12-26,92.48999786376953,92.87000274658203,92.13999938964844,92.5,259300,68.05916595458984,0.0
BG,2014-12-29,92.43000030517578,92.94999694824219,91.94999694824219,92.63999938964844,424800,68.16219329833984,0.0
BG,2014-12-30,92.5,92.86000061035156,92.02999877929688,92.0999984741211,325100,67.76487731933594,0.0
BG,2014-12-31,92.02999877929688,92.16999816894531,90.83999633789062,90.91000366210938,402800,66.88932037353516,0.0
BG,2015-01-02,90.87999725341797,91.47000122070312,90.3499984741211,91.16000366210938,493900,67.07324981689453,0.0
BG,2015-01-05,90.97000122070312,91.19000244140625,88.94000244140625,89.30999755859375,1114900,65.71205139160156,0.0
BG,2015-01-06,89.61000061035156,89.7699966430664,87.6500015258789,88.47000122070312,1861200,65.0940170288086,0.0
BG,2015-01-07,88.86000061035156,89.19999694824219,88.11000061035156,88.93000030517578,751900,65.4324722290039,0.0
BG,2015-01-08,89.66999816894531,90.62999725341797,88.41000366210938,90.55999755859375,1229500,66.63179016113281,0.0
BG,2015-01-09,90.76000213623047,90.8499984741211,89.4000015258789,89.45999908447266,529600,65.82242584228516,0.0
BG,2015-01-12,89.13999938964844,89.37999725341797,87.79000091552734,88.83999633789062,870900,65.36621856689453,0.0
BG,2015-01-13,89.5199966430664,90.94999694824219,88.95999908447266,89.87999725341797,735000,66.13146209716797,0.0
BG,2015-01-14,88.97000122070312,89.8499984741211,88.33999633789062,89.83000183105469,613800,66.09466552734375,0.0
BG,2015-01-15,90.0199966430664,90.98999786376953,89.66000366210938,90.55999755859375,823000,66.63179016113281,0.0
BG,2015-01-16,90.30000305175781,92.0,90.29000091552734,91.95999908447266,638500,67.66184997558594,0.0
BG,2015-01-20,91.93000030517578,92.41999816894531,90.37999725341797,90.80999755859375,877700,66.81574249267578,0.0
BG,2015-01-21,90.37000274658203,91.69999694824219,90.12999725341797,91.61000061035156,775700,67.40435791015625,0.0
BG,2015-01-22,91.76000213623047,92.45999908447266,91.02999877929688,92.04000091552734,705800,67.72071838378906,0.0
BG,2015-01-23,92.12999725341797,92.75,91.77999877929688,91.9000015258789,437900,67.61772155761719,0.0
BG,2015-01-26,92.08000183105469,92.73999786376953,91.83999633789062,92.30999755859375,602100,67.91938781738281,0.0
BG,2015-01-27,92.06999969482422,92.5199966430664,91.0199966430664,91.94000244140625,480700,67.64714813232422,0.0
BG,2015-01-28,92.69999694824219,92.88999938964844,90.69999694824219,90.83999633789062,434400,66.83777618408203,0.0
BG,2015-01-29,91.37000274658203,91.51000213623047,90.02999877929688,91.5,428100,67.32339477539062,0.0
BG,2015-01-30,90.93000030517578,91.56999969482422,89.44000244140625,89.52999877929688,862500,65.87390899658203,0.0
BG,2015-02-02,89.80000305175781,90.73999786376953,88.94000244140625,90.5999984741211,616700,66.66121673583984,0.0
BG,2015-02-03,89.69000244140625,90.91999816894531,89.0999984741211,90.19999694824219,1334000,66.36688995361328,0.0
BG,2015-02-04,90.41999816894531,91.0,89.05999755859375,89.70999908447266,1202500,66.00635528564453,0.0
BG,2015-02-05,90.18000030517578,91.5199966430664,89.45999908447266,91.47000122070312,999700,67.30131530761719,0.0
BG,2015-02-06,91.43000030517578,91.87999725341797,90.55000305175781,90.66999816894531,796500,66.71269989013672,0.0
BG,2015-02-09,90.5,91.23999786376953,90.2300033569336,90.30999755859375,523700,66.44783020019531,0.0
BG,2015-02-10,90.5999984741211,91.41999816894531,90.27999877929688,91.33999633789062,962400,67.20567321777344,0.0
BG,2015-02-11,90.87000274658203,91.5199966430664,90.52999877929688,91.4800033569336,1008800,67.30872344970703,0.0
BG,2015-02-12,85.62999725341797,87.0,80.0,80.44000244140625,5789500,59.40652847290039,0.34
BG,2015-02-13,80.25,82.88999938964844,79.83000183105469,82.22000122070312,3111900,60.721107482910156,0.0
BG,2015-02-17,81.75,83.08999633789062,81.66000366210938,82.72000122070312,1653300,61.09034729003906,0.0
BG,2015-02-18,82.70999908447266,82.9800033569336,82.08999633789062,82.88999938964844,1390700,61.21590805053711,0.0
BG,2015-02-19,82.23999786376953,82.80999755859375,82.19999694824219,82.5,1071100,60.92788314819336,0.0
BG,2015-02-20,82.4800033569336,82.83000183105469,82.08999633789062,82.72000122070312,1068200,61.09034729003906,0.0
BG,2015-02-23,82.4800033569336,82.91000366210938,82.33999633789062,82.83000183105469,673400,61.17161560058594,0.0
BG,2015-02-24,82.48999786376953,83.1500015258789,82.05999755859375,82.56999969482422,655300,60.97959518432617,0.0
BG,2015-02-25,83.12000274658203,83.12000274658203,81.95999908447266,82.05000305175781,724100,60.59556198120117,0.0
BG,2015-02-26,81.75,82.13999938964844,81.13999938964844,81.30999755859375,842500,60.04902267456055,0.0
BG,2015-02-27,81.25,82.11000061035156,81.25,81.77999877929688,690600,60.396141052246094,0.0
BG,2015-03-02,81.77999877929688,81.94000244140625,80.77999877929688,81.5999984741211,1103000,60.26320266723633,0.0
BG,2015-03-03,81.29000091552734,82.0999984741211,81.0,81.38999938964844,1312500,60.108131408691406,0.0
BG,2015-03-04,81.44999694824219,82.41000366210938,81.27999877929688,82.0199966430664,935200,60.57338333129883,0.0
BG,2015-03-05,81.94000244140625,82.73999786376953,81.63999938964844,82.30000305175781,735500,60.78017807006836,0.0
BG,2015-03-06,82.04000091552734,82.30000305175781,80.41000366210938,80.80000305175781,1026400,59.67237091064453,0.0
BG,2015-03-09,80.70999908447266,80.93000030517578,79.94000244140625,80.26000213623047,920100,59.2735710144043,0.0
BG,2015-03-10,79.80000305175781,80.08000183105469,79.12000274658203,79.73999786376953,991100,58.88956069946289,0.0
BG,2015-03-11,79.38999938964844,79.94000244140625,78.69999694824219,78.86000061035156,1177700,58.23965835571289,0.0
BG,2015-03-12,79.19999694824219,79.87000274658203,78.70999908447266,79.66000366210938,1126900,58.83049392700195,0.0
BG,2015-03-13,80.0199966430664,80.0199966430664,78.77999877929688,79.41000366210938,742000,58.645843505859375,0.0
BG,2015-03-16,79.3499984741211,80.2699966430664,79.11000061035156,79.52999877929688,810800,58.734466552734375,0.0
BG,2015-03-17,78.48999786376953,79.52999877929688,78.48999786376953,78.95999908447266,891900,58.31351089477539,0.0
BG,2015-03-18,78.98999786376953,80.44999694824219,78.4000015258789,80.05999755859375,1214800,59.12590026855469,0.0
BG,2015-03-19,79.7699966430664,79.83999633789062,78.8499984741211,79.02999877929688,911600,58.3652229309082,0.0
BG,2015-03-20,79.23999786376953,80.20999908447266,79.0,80.19000244140625,1221600,59.22189712524414,0.0
BG,2015-03-23,79.76000213623047,81.66000366210938,79.6500015258789,81.04000091552734,1379300,59.849647521972656,0.0
BG,2015-03-24,81.0,81.3499984741211,79.81999969482422,79.91000366210938,921100,59.015113830566406,0.0
BG,2015-03-25,80.31999969482422,80.37000274658203,79.19999694824219,79.55000305175781,1314600,58.74922561645508,0.0
BG,2015-03-26,79.20999908447266,79.51000213623047,78.33000183105469,78.5,1116200,57.97379684448242,0.0
BG,2015-03-27,79.33000183105469,80.11000061035156,78.68000030517578,80.06999969482422,1513300,59.13327407836914,0.0
BG,2015-03-30,80.5,82.18000030517578,80.33999633789062,81.80000305175781,1332600,60.41093826293945,0.0
BG,2015-03-31,81.4000015258789,82.4000015258789,80.88999938964844,82.36000061035156,1481900,60.82448196411133,0.0
BG,2015-04-01,82.5199966430664,83.55000305175781,82.19999694824219,83.16000366210938,1516300,61.415321350097656,0.0
BG,2015-04-02,82.97000122070312,84.3499984741211,82.83000183105469,83.62000274658203,1274900,61.75503158569336,0.0
BG,2015-04-06,83.31999969482422,84.72000122070312,83.31999969482422,83.9800033569336,784800,62.02091598510742,0.0
BG,2015-04-07,83.83000183105469,84.87999725341797,83.62000274658203,83.79000091552734,818000,61.88058853149414,0.0
BG,2015-04-08,83.7699966430664,84.70999908447266,83.73999786376953,84.51000213623047,781800,62.41226577758789,0.0
BG,2015-04-09,84.55999755859375,84.8499984741211,83.98999786376953,84.31999969482422,616600,62.27199172973633,0.0
BG,2015-04-10,84.4800033569336,85.06999969482422,84.2699966430664,84.91000366210938,774200,62.70771408081055,0.0
BG,2015-04-13,84.81999969482422,85.68000030517578,84.51000213623047,84.81999969482422,877900,62.6412353515625,0.0
BG,2015-04-14,85.44000244140625,86.1500015258789,84.62000274658203,85.88999938964844,1067700,63.43146896362305,0.0
BG,2015-04-15,86.20999908447266,87.0999984741211,85.47000122070312,86.94999694824219,1142200,64.21427917480469,0.0
BG,2015-04-16,87.20999908447266,87.2699966430664,86.43000030517578,86.6500015258789,715900,63.99275207519531,0.0
BG,2015-04-17,86.04000091552734,86.29000091552734,85.20999908447266,85.55000305175781,877700,63.18037033081055,0.0
BG,2015-04-20,85.55999755859375,85.93000030517578,84.87000274658203,84.91999816894531,974200,62.71508026123047,0.0
BG,2015-04-21,85.2699966430664,85.44999694824219,84.05999755859375,84.56999969482422,860700,62.45661926269531,0.0
BG,2015-04-22,84.52999877929688,84.98999786376953,84.36000061035156,84.8499984741211,550100,62.66338348388672,0.0
BG,2015-04-23,84.73999786376953,86.20999908447266,84.44999694824219,85.70999908447266,566100,63.29854965209961,0.0
BG,2015-04-24,86.33000183105469,86.7699966430664,85.5,85.80000305175781,946200,63.364986419677734,0.0
BG,2015-04-27,85.75,86.93000030517578,85.62000274658203,86.31999969482422,729700,63.74899673461914,0.0
BG,2015-04-28,86.33000183105469,86.76000213623047,85.69000244140625,86.66000366210938,589200,64.0000991821289,0.0
BG,2015-04-29,85.87000274658203,87.19000244140625,85.86000061035156,87.02999877929688,1235900,64.27337646484375,0.0
BG,2015-04-30,87.0,89.48999786376953,86.12000274658203,86.37000274658203,2124000,63.785945892333984,0.0
BG,2015-05-01,86.97000122070312,89.19000244140625,86.63999938964844,88.77999877929688,2418500,65.56578826904297,0.0
BG,2015-05-04,88.63999938964844,89.70999908447266,88.52999877929688,89.27999877929688,1116300,65.93506622314453,0.0
BG,2015-05-05,89.33000183105469,89.44999694824219,87.95999908447266,88.02999877929688,947900,65.01189422607422,0.0
BG,2015-05-06,88.58000183105469,88.9000015258789,88.16999816894531,88.63999938964844,1287800,65.46236419677734,0.0
BG,2015-05-07,89.11000061035156,90.20999908447266,88.58000183105469,89.5,1993600,66.09750366210938,0.0
BG,2015-05-08,90.19999694824219,90.29000091552734,89.77999877929688,89.91000366210938,748800,66.40030670166016,0.0
BG,2015-05-11,89.7300033569336,90.2300033569336,89.4000015258789,89.94999694824219,790500,66.4298324584961,0.0
BG,2015-05-12,89.91000366210938,90.31999969482422,89.7699966430664,89.9800033569336,820000,66.4520034790039,0.0
BG,2015-05-13,90.31999969482422,91.22000122070312,90.05000305175781,90.62000274658203,1321100,66.9246597290039,0.0
BG,2015-05-14,91.0999984741211,91.56999969482422,90.83000183105469,91.22000122070312,1319000,67.36775970458984,0.0
BG,2015-05-15,91.33000183105469,92.2699966430664,90.69000244140625,91.86000061035156,1212100,68.09423065185547,0.34
BG,2015-05-18,91.51000213623047,92.13999938964844,91.13999938964844,91.91999816894531,995100,68.13868713378906,0.0
BG,2015-05-19,91.8499984741211,92.08999633789062,91.1500015258789,91.43000030517578,868800,67.7754898071289,0.0
BG,2015-05-20,91.66000366210938,93.04000091552734,91.6500015258789,92.23999786376953,983800,68.37591552734375,0.0
BG,2015-05-21,91.76000213623047,92.26000213623047,91.5999984741211,91.62000274658203,945400,67.91632843017578,0.0
BG,2015-05-22,91.5,91.87000274658203,90.80000305175781,91.22000122070312,651000,67.61980438232422,0.0
BG,2015-05-26,90.87999725341797,91.27999877929688,90.31999969482422,90.44999694824219,989300,67.04901885986328,0.0
BG,2015-05-27,90.83999633789062,91.88999938964844,90.25,91.44000244140625,798100,67.78292083740234,0.0
BG,2015-05-28,91.44000244140625,91.91000366210938,91.23999786376953,91.5199966430664,637500,67.84220886230469,0.0
BG,2015-05-29,91.48999786376953,92.72000122070312,91.2300033569336,92.55999755859375,1276300,68.61312103271484,0.0
BG,2015-06-01,92.61000061035156,92.73999786376953,91.41999816894531,91.66000366210938,858800,67.94598388671875,0.0
BG,2015-06-02,91.37000274658203,91.80999755859375,91.0199966430664,91.26000213623047,510000,67.64944458007812,0.0
BG,2015-06-03,91.62000274658203,91.62000274658203,90.83999633789062,91.27999877929688,625800,67.66429138183594,0.0
BG,2015-06-04,90.62999725341797,91.36000061035156,90.01000213623047,90.18000030517578,638300,66.8488540649414,0.0
BG,2015-06-05,89.75,90.33999633789062,89.20999908447266,90.02999877929688,617900,66.73766326904297,0.0
BG,2015-06-08,90.12000274658203,90.2699966430664,89.52999877929688,89.5999984741211,609300,66.4189453125,0.0
BG,2015-06-09,89.75,90.19999694824219,89.33000183105469,89.70999908447266,737200,66.50048065185547,0.0
BG,2015-06-10,90.01000213623047,91.8499984741211,90.01000213623047,91.75,1193700,68.01266479492188,0.0
BG,2015-06-11,91.66000366210938,92.18000030517578,91.31999969482422,91.81999969482422,771700,68.06456756591797,0.0
BG,2015-06-12,91.33999633789062,91.7300033569336,91.16000366210938,91.66000366210938,426600,67.94598388671875,0.0
BG,2015-06-15,90.9000015258789,91.45999908447266,90.69999694824219,91.08999633789062,485800,67.52344512939453,0.0
BG,2015-06-16,91.1500015258789,91.33000183105469,90.5199966430664,91.16000366210938,557900,67.5753402709961,0.0
BG,2015-06-17,91.05000305175781,91.41999816894531,90.2699966430664,91.33000183105469,815000,67.70134735107422,0.0
BG,2015-06-18,91.30000305175781,92.4000015258789,91.1500015258789,91.97000122070312,757400,68.17576599121094,0.0
BG,2015-06-19,92.06999969482422,92.12000274658203,91.69000244140625,91.95999908447266,758200,68.1683578491211,0.0
BG,2015-06-22,92.37999725341797,92.4800033569336,91.7300033569336,92.13999938964844,550400,68.30176544189453,0.0
BG,2015-06-23,92.55000305175781,93.02999877929688,91.72000122070312,92.8499984741211,720800,68.82809448242188,0.0
BG,2015-06-24,92.56999969482422,92.80000305175781,91.43000030517578,91.44999694824219,485000,67.790283203125,0.0
BG,2015-06-25,91.72000122070312,91.72000122070312,90.05000305175781,90.22000122070312,757100,66.87853240966797,0.0
BG,2015-06-26,90.19000244140625,90.47000122070312,88.75,89.44000244140625,1416300,66.30034637451172,0.0
BG,2015-06-29,88.8499984741211,89.5999984741211,87.79000091552734,87.86000061035156,721500,65.12908935546875,0.0
BG,2015-06-30,88.41000366210938,89.08999633789062,87.79000091552734,87.80000305175781,1009100,65.08460235595703,0.0
BG,2015-07-01,88.4000015258789,90.4000015258789,87.66999816894531,89.86000061035156,1361500,66.61164855957031,0.0
BG,2015-07-02,90.0,90.0,89.05999755859375,89.5199966430664,832600,66.35958862304688,0.0
BG,2015-07-06,87.58000183105469,87.83999633789062,85.72000122070312,86.12000274658203,1541300,63.83928298950195,0.0
BG,2015-07-07,86.23999786376953,87.06999969482422,85.33000183105469,87.0199966430664,1420000,64.50640869140625,0.0
BG,2015-07-08,86.41000366210938,86.70999908447266,85.55999755859375,85.66999816894531,881900,63.505706787109375,0.0
BG,2015-07-09,86.44000244140625,86.94999694824219,85.55000305175781,85.5999984741211,663600,63.45377731323242,0.0
BG,2015-07-10,86.68000030517578,86.8499984741211,85.4800033569336,85.72000122070312,878200,63.542728424072266,0.0
BG,2015-07-13,86.3499984741211,86.44000244140625,85.61000061035156,86.41000366210938,738000,64.05422973632812,0.0
BG,2015-07-14,86.61000061035156,87.37000274658203,86.37999725341797,87.12999725341797,937800,64.58795928955078,0.0
BG,2015-07-15,87.06999969482422,87.30999755859375,85.87000274658203,86.69999694824219,980000,64.26921081542969,0.0
BG,2015-07-16,87.11000061035156,88.01000213623047,86.7699966430664,87.97000122070312,917500,65.21065521240234,0.0
BG,2015-07-17,88.4000015258789,88.4800033569336,86.98999786376953,88.0999984741211,878800,65.30699157714844,0.0
BG,2015-07-20,87.80999755859375,88.19999694824219,87.37999725341797,87.76000213623047,494800,65.05497741699219,0.0
BG,2015-07-21,87.44999694824219,88.0199966430664,86.44999694824219,86.48999786376953,574500,64.11353302001953,0.0
BG,2015-07-22,86.45999908447266,87.66999816894531,85.80000305175781,87.5199966430664,639100,64.87704467773438,0.0
BG,2015-07-23,87.5,88.02999877929688,86.83000183105469,87.12999725341797,602500,64.58795928955078,0.0
BG,2015-07-24,86.87999725341797,87.1500015258789,85.9000015258789,86.27999877929688,677600,63.957889556884766,0.0
BG,2015-07-27,86.0,86.4800033569336,85.41000366210938,85.55999755859375,806200,63.42413330078125,0.0
BG,2015-07-28,85.5999984741211,86.69000244140625,85.23999786376953,86.58999633789062,728700,64.18767547607422,0.0
BG,2015-07-29,86.62000274658203,86.83999633789062,85.58000183105469,85.61000061035156,1410800,63.461204528808594,0.0
BG,2015-07-30,81.19999694824219,82.79000091552734,79.94999694824219,81.25,3147400,60.22921371459961,0.0
BG,2015-07-31,81.5,81.77999877929688,79.80999755859375,79.8499984741211,2064600,59.19142532348633,0.0
BG,2015-08-03,79.72000122070312,80.83000183105469,79.66000366210938,79.80999755859375,1264700,59.161773681640625,0.0
BG,2015-08-04,79.9000015258789,80.25,78.94999694824219,79.08999633789062,968800,58.6280403137207,0.0
BG,2015-08-05,79.30000305175781,79.9000015258789,78.55999755859375,78.66999816894531,1083700,58.31670379638672,0.0
BG,2015-08-06,79.11000061035156,79.12000274658203,76.58000183105469,77.23999786376953,1435600,57.25667953491211,0.0
BG,2015-08-07,76.8499984741211,77.62999725341797,75.66000366210938,76.22000122070312,1271900,56.50056457519531,0.0
BG,2015-08-10,76.5,77.30999755859375,76.30000305175781,76.98999786376953,1386300,57.07135772705078,0.0
BG,2015-08-11,76.30999755859375,77.0,75.75,76.26000213623047,1436700,56.53021240234375,0.0
BG,2015-08-12,75.83999633789062,77.38999938964844,75.26000213623047,77.31999969482422,1213400,57.31596374511719,0.0
BG,2015-08-13,77.61000061035156,78.18000030517578,76.48999786376953,76.61000061035156,1101800,56.7896614074707,0.0
BG,2015-08-14,76.61000061035156,77.05999755859375,76.2300033569336,76.30999755859375,1022200,56.567291259765625,0.0
BG,2015-08-17,76.0,76.4000015258789,75.80999755859375,76.19999694824219,873100,56.76841735839844,0.38
BG,2015-08-18,76.08999633789062,76.5,75.54000091552734,75.55999755859375,872300,56.29161834716797,0.0
BG,2015-08-19,75.37999725341797,75.37999725341797,73.62999725341797,73.73999786376953,1145800,54.935726165771484,0.0
BG,2015-08-20,73.93000030517578,73.94999694824219,72.88999938964844,72.91000366210938,986700,54.317420959472656,0.0
BG,2015-08-21,72.18000030517578,72.7699966430664,70.94999694824219,70.95999908447266,1120300,52.86465835571289,0.0
BG,2015-08-24,69.25,71.31999969482422,67.05999755859375,70.2300033569336,2150900,52.32081985473633,0.0
BG,2015-08-25,71.87999725341797,72.37000274658203,68.88999938964844,68.94000244140625,1685100,51.35978698730469,0.0
BG,2015-08-26,70.0199966430664,70.44999694824219,69.20999908447266,69.63999938964844,1879200,51.88127136230469,0.0
BG,2015-08-27,69.93000030517578,72.56999969482422,69.80999755859375,71.7300033569336,1691000,53.438323974609375,0.0
BG,2015-08-28,71.44999694824219,72.72000122070312,71.44999694824219,72.56999969482422,1106700,54.0640983581543,0.0
BG,2015-08-31,72.13999938964844,72.86000061035156,71.94000244140625,72.44999694824219,1589200,53.97469711303711,0.0
BG,2015-09-01,71.5,71.8499984741211,70.01000213623047,70.44999694824219,1114300,52.48472213745117,0.0
BG,2015-09-02,70.97000122070312,71.37000274658203,70.05000305175781,70.93000030517578,607500,52.84230422973633,0.0
BG,2015-09-03,71.0199966430664,71.9800033569336,70.73999786376953,70.87000274658203,569600,52.797607421875,0.0
BG,2015-09-04,70.27999877929688,70.41999816894531,69.69000244140625,70.04000091552734,521600,52.17927169799805,0.0
BG,2015-09-08,71.16999816894531,71.29000091552734,70.19999694824219,70.66999816894531,502600,52.64863204956055,0.0
BG,2015-09-09,71.0,71.25,69.54000091552734,69.72000122070312,612600,51.940879821777344,0.0
BG,2015-09-10,69.5,70.94999694824219,69.38999938964844,70.19999694824219,894000,52.29846954345703,0.0
BG,2015-09-11,69.80999755859375,70.08999633789062,69.19999694824219,69.58999633789062,600900,51.844032287597656,0.0
BG,2015-09-14,69.70999908447266,70.13999938964844,69.5,69.8499984741211,802100,52.0377197265625,0.0
BG,2015-09-15,70.23999786376953,71.11000061035156,70.0,70.97000122070312,624800,52.87211990356445,0.0
BG,2015-09-16,71.06999969482422,72.0,71.06999969482422,71.66999816894531,474300,53.39360809326172,0.0
BG,2015-09-17,71.5999984741211,72.16999816894531,71.05000305175781,71.30999755859375,520800,53.12541580200195,0.0
BG,2015-09-18,70.98999786376953,71.51000213623047,70.51000213623047,70.70999908447266,844000,52.67842102050781,0.0
BG,2015-09-21,70.79000091552734,71.83999633789062,70.62999725341797,71.05000305175781,561700,52.931732177734375,0.0
BG,2015-09-22,70.2699966430664,70.2699966430664,69.05000305175781,69.69000244140625,649400,51.91852951049805,0.0
BG,2015-09-23,69.5999984741211,70.44999694824219,69.37999725341797,69.54000091552734,437300,51.80678176879883,0.0
BG,2015-09-24,69.05999755859375,70.80999755859375,68.30999755859375,70.5,796100,52.521968841552734,0.0
BG,2015-09-25,71.08999633789062,71.81999969482422,70.58999633789062,71.1500015258789,861400,53.006221771240234,0.0
BG,2015-09-28,70.54000091552734,70.58000183105469,68.75,69.11000061035156,751900,51.486419677734375,0.0
BG,2015-09-29,70.9800033569336,72.51000213623047,70.58999633789062,72.38999938964844,1378400,53.930015563964844,0.0
BG,2015-09-30,73.08999633789062,73.66000366210938,72.6500015258789,73.30000305175781,1498900,54.60796356201172,0.0
BG,2015-10-01,73.43000030517578,74.05000305175781,72.5,73.41000366210938,1030100,54.68989181518555,0.0
BG,2015-10-02,73.05999755859375,74.61000061035156,72.2300033569336,74.56999969482422,1081200,55.554100036621094,0.0
BG,2015-10-05,74.73999786376953,75.73999786376953,74.41999816894531,75.01000213623047,1466600,55.88189697265625,0.0
BG,2015-10-06,74.8499984741211,75.3499984741211,74.6500015258789,75.11000061035156,861100,55.956398010253906,0.0
BG,2015-10-07,75.27999877929688,76.30000305175781,74.51000213623047,76.06999969482422,1285700,56.67158889770508,0.0
BG,2015-10-08,76.12999725341797,77.19999694824219,75.76000213623047,76.69000244140625,773700,57.13348388671875,0.0
BG,2015-10-09,76.66999816894531,77.4800033569336,76.54000091552734,77.12000274658203,738000,57.45381546020508,0.0
BG,2015-10-12,77.04000091552734,77.37000274658203,76.7300033569336,77.12999725341797,393300,57.46127700805664,0.0
BG,2015-10-13,77.01000213623047,78.41999816894531,76.69000244140625,77.47000122070312,1079600,57.71457290649414,0.0
BG,2015-10-14,77.37000274658203,77.9800033569336,77.0,77.30000305175781,744000,57.587928771972656,0.0
BG,2015-10-15,77.37000274658203,77.94000244140625,76.4000015258789,77.12000274658203,684300,57.45381546020508,0.0
BG,2015-10-16,77.41999816894531,77.80999755859375,76.47000122070312,77.77999877929688,656800,57.94552230834961,0.0
BG,2015-10-19,77.63999938964844,78.0999984741211,77.37000274658203,77.80999755859375,764300,57.967864990234375,0.0
BG,2015-10-20,77.80000305175781,78.0999984741211,77.4000015258789,77.94000244140625,608300,58.064720153808594,0.0
BG,2015-10-21,78.27999877929688,78.7699966430664,77.68000030517578,77.94999694824219,572200,58.07215881347656,0.0
BG,2015-10-22,78.31999969482422,79.30000305175781,77.87999725341797,79.08999633789062,624700,58.921451568603516,0.0
BG,2015-10-23,79.48999786376953,79.7699966430664,78.8499984741211,79.41000366210938,482500,59.159854888916016,0.0
BG,2015-10-26,79.48999786376953,79.5199966430664,78.7699966430664,79.25,610500,59.040672302246094,0.0
BG,2015-10-27,79.05000305175781,79.44999694824219,78.61000061035156,79.20999908447266,882600,59.010860443115234,0.0
BG,2015-10-28,78.81999969482422,79.87000274658203,76.61000061035156,79.12000274658203,1124800,58.943809509277344,0.0
BG,2015-10-29,78.19999694824219,79.0999984741211,72.87999725341797,74.08999633789062,2754100,55.196475982666016,0.0
BG,2015-10-30,74.01000213623047,74.79000091552734,72.7699966430664,72.95999908447266,1199300,54.35465621948242,0.0
BG,2015-11-02,72.86000061035156,73.4000015258789,72.08999633789062,72.66000366210938,1238700,54.13117218017578,0.0
BG,2015-11-03,72.2699966430664,72.2699966430664,70.72000122070312,71.61000061035156,1525500,53.34891128540039,0.0
BG,2015-11-04,71.61000061035156,71.61000061035156,70.7699966430664,71.04000091552734,1334400,52.924259185791016,0.0
BG,2015-11-05,71.44999694824219,73.8499984741211,71.44999694824219,73.31999969482422,1563000,54.62284469604492,0.0
BG,2015-11-06,72.01000213623047,73.11000061035156,71.7300033569336,72.97000122070312,1134500,54.36210632324219,0.0
BG,2015-11-09,72.97000122070312,73.30999755859375,71.41000366210938,71.61000061035156,876900,53.34891128540039,0.0
BG,2015-11-10,71.27999877929688,71.5199966430664,70.43000030517578,70.5999984741211,701200,52.596458435058594,0.0
BG,2015-11-11,70.5999984741211,70.80000305175781,69.8499984741211,69.88999938964844,669900,52.067508697509766,0.0
BG,2015-11-12,69.04000091552734,69.36000061035156,67.62000274658203,67.69999694824219,1145500,50.711727142333984,0.38
BG,2015-11-13,67.69999694824219,68.37000274658203,67.55000305175781,68.04000091552734,1469900,50.96639633178711,0.0
BG,2015-11-16,68.0,68.76000213623047,68.0,68.37000274658203,900200,51.21360397338867,0.0
BG,2015-11-17,68.5,69.02999877929688,65.75,65.94999694824219,1850600,49.40085220336914,0.0
BG,2015-11-18,66.37000274658203,66.8499984741211,66.0,66.5,1350600,49.81285095214844,0.0
BG,2015-11-19,66.5999984741211,67.51000213623047,66.01000213623047,66.12999725341797,1338700,49.53569412231445,0.0
BG,2015-11-20,66.5,67.26000213623047,65.31999969482422,65.5199966430664,1348300,49.07875442504883,0.0
BG,2015-11-23,65.72000122070312,68.9000015258789,65.31999969482422,68.37000274658203,2457700,51.21360397338867,0.0
BG,2015-11-24,68.19000244140625,68.58000183105469,66.87000274658203,67.05000305175781,1784300,50.22481918334961,0.0
BG,2015-11-25,67.08999633789062,67.91999816894531,66.9000015258789,67.7699966430664,884900,50.764163970947266,0.0
BG,2015-11-27,67.81999969482422,67.81999969482422,66.5999984741211,67.01000213623047,603000,50.19486999511719,0.0
BG,2015-11-30,66.94000244140625,67.19999694824219,66.18000030517578,66.61000061035156,1170200,49.89522933959961,0.0
BG,2015-12-01,67.0,67.36000061035156,65.70999908447266,65.91000366210938,1639800,49.37088394165039,0.0
BG,2015-12-02,65.88999938964844,66.05999755859375,65.3499984741211,65.43000030517578,882400,49.0113410949707,0.0
BG,2015-12-03,65.47000122070312,65.98999786376953,63.97999954223633,64.4000015258789,1474100,48.239803314208984,0.0
BG,2015-12-04,64.45999908447266,65.44000244140625,64.22000122070312,64.9800033569336,789200,48.674259185791016,0.0
BG,2015-12-07,65.0,65.69000244140625,64.55999755859375,65.01000213623047,1349100,48.69673538208008,0.0
BG,2015-12-08,64.55000305175781,64.55999755859375,63.33000183105469,63.41999816894531,1234700,47.50571823120117,0.0
BG,2015-12-09,63.25,64.58000183105469,63.02000045776367,63.45000076293945,1185300,47.528194427490234,0.0
BG,2015-12-10,63.7599983215332,64.16999816894531,63.09000015258789,63.52000045776367,1117800,47.580631256103516,0.0
BG,2015-12-11,62.81999969482422,63.400001525878906,62.150001525878906,62.959999084472656,1136900,47.16115188598633,0.0
BG,2015-12-14,62.95000076293945,63.459999084472656,61.54999923706055,61.810001373291016,1288100,46.299720764160156,0.0
BG,2015-12-15,62.029998779296875,63.0099983215332,62.0,62.58000183105469,1298200,46.87651443481445,0.0
BG,2015-12-16,63.029998779296875,63.369998931884766,62.099998474121094,63.16999816894531,1249400,47.318450927734375,0.0
BG,2015-12-17,63.470001220703125,64.0999984741211,63.040000915527344,64.04000091552734,1654000,47.970130920410156,0.0
BG,2015-12-18,63.91999816894531,66.43000030517578,63.59000015258789,66.0999984741211,2877700,49.513214111328125,0.0
BG,2015-12-21,66.16999816894531,66.77999877929688,65.25,65.63999938964844,1218700,49.16864776611328,0.0
BG,2015-12-22,65.69999694824219,67.18000030517578,65.69999694824219,66.86000061035156,961300,50.08249282836914,0.0
BG,2015-12-23,67.0999984741211,67.93000030517578,66.97000122070312,67.75,992700,50.749176025390625,0.0
BG,2015-12-24,67.5,68.44000244140625,67.44000244140625,68.41999816894531,459400,51.25105285644531,0.0
BG,2015-12-28,68.2300033569336,68.4000015258789,67.73999786376953,68.02999877929688,649900,50.95890426635742,0.0
BG,2015-12-29,68.22000122070312,69.0199966430664,68.22000122070312,68.91999816894531,760100,51.625572204589844,0.0
BG,2015-12-30,68.91000366210938,69.18000030517578,68.43000030517578,68.75,789000,51.498233795166016,0.0
BG,2015-12-31,68.55000305175781,68.86000061035156,68.1500015258789,68.27999877929688,699700,51.14616394042969,0.0
BG,2016-01-04,67.4800033569336,67.51000213623047,66.4000015258789,66.81999969482422,979500,50.05254364013672,0.0
BG,2016-01-05,66.5999984741211,67.02999877929688,66.0,66.58000183105469,1277600,49.872772216796875,0.0
BG,2016-01-06,66.0,67.20999908447266,65.8499984741211,66.75,1179900,50.00010299682617,0.0
BG,2016-01-07,66.02999877929688,67.19000244140625,65.52999877929688,66.54000091552734,1519700,49.842803955078125,0.0
BG,2016-01-08,66.56999969482422,67.0199966430664,65.94999694824219,66.12000274658203,989100,49.52820587158203,0.0
BG,2016-01-11,66.5,66.69000244140625,65.87999725341797,66.44999694824219,1034500,49.77537536621094,0.0
BG,2016-01-12,66.76000213623047,67.13999938964844,64.41999816894531,65.16999816894531,1330700,48.81658935546875,0.0
BG,2016-01-13,65.61000061035156,67.08000183105469,64.69000244140625,64.87000274658203,1789800,48.59186935424805,0.0
BG,2016-01-14,64.72000122070312,64.8499984741211,63.20000076293945,63.95000076293945,1691500,47.902713775634766,0.0
BG,2016-01-15,63.02000045776367,63.16999816894531,61.060001373291016,61.79999923706055,1438500,46.29222106933594,0.0
BG,2016-01-19,62.27000045776367,62.4900016784668,60.810001373291016,60.849998474121094,1797200,45.580631256103516,0.0
BG,2016-01-20,60.36000061035156,60.59000015258789,58.31999969482422,59.63999938964844,1797100,44.67425537109375,0.0
BG,2016-01-21,59.2599983215332,60.029998779296875,58.86000061035156,59.41999816894531,972400,44.50946044921875,0.0
BG,2016-01-22,60.040000915527344,60.869998931884766,59.560001373291016,59.93000030517578,941600,44.891483306884766,0.0
BG,2016-01-25,59.790000915527344,60.130001068115234,58.81999969482422,59.029998779296875,1771300,44.217323303222656,0.0
BG,2016-01-26,59.40999984741211,59.630001068115234,58.72999954223633,59.31999969482422,1503900,44.43455505371094,0.0
BG,2016-01-27,58.810001373291016,59.130001068115234,57.90999984741211,58.61000061035156,1791100,43.90272521972656,0.0
BG,2016-01-28,59.400001525878906,60.189998626708984,58.97999954223633,60.08000183105469,1082400,45.00384521484375,0.0
BG,2016-01-29,59.9900016784668,62.0099983215332,59.97999954223633,62.0099983215332,1505100,46.44953536987305,0.0
BG,2016-02-01,61.88999938964844,62.06999969482422,60.880001068115234,61.2400016784668,899100,45.87276077270508,0.0
BG,2016-02-02,60.470001220703125,60.470001220703125,58.15999984741211,58.43000030517578,1593300,43.767879486083984,0.0
BG,2016-02-03,59.11000061035156,59.5,58.529998779296875,59.22999954223633,1043100,44.36714553833008,0.0
BG,2016-02-04,59.400001525878906,60.599998474121094,59.2599983215332,59.5,1512800,44.56938934326172,0.0
BG,2016-02-05,59.36000061035156,59.77000045776367,59.06999969482422,59.43000030517578,1168900,44.51694869995117,0.0
BG,2016-02-08,59.279998779296875,59.38999938964844,57.86000061035156,58.38999938964844,1210500,43.737918853759766,0.0
BG,2016-02-09,57.97999954223633,58.310001373291016,56.33000183105469,56.75,2171200,42.50944900512695,0.0
BG,2016-02-10,57.130001068115234,58.70000076293945,56.599998474121094,58.43000030517578,2015800,43.767879486083984,0.0
BG,2016-02-11,56.20000076293945,56.75,46.08000183105469,47.790000915527344,5527600,35.79783630371094,0.0
BG,2016-02-12,48.43000030517578,51.9900016784668,48.36000061035156,51.459999084472656,3752000,38.855857849121094,0.38
BG,2016-02-16,51.93000030517578,53.29999923706055,51.529998779296875,52.15999984741211,1713700,39.384403228759766,0.0
BG,2016-02-17,52.5,52.56999969482422,50.36000061035156,50.400001525878906,1873900,38.055484771728516,0.0
BG,2016-02-18,50.29999923706055,50.97999954223633,49.470001220703125,50.58000183105469,2063700,38.19140625,0.0
BG,2016-02-19,50.13999938964844,50.15999984741211,48.7400016784668,48.810001373291016,1446700,36.85492706298828,0.0
BG,2016-02-22,48.810001373291016,51.529998779296875,48.810001373291016,51.33000183105469,2572400,38.757713317871094,0.0
BG,2016-02-23,51.29999923706055,51.470001220703125,49.09000015258789,49.70000076293945,1827600,37.52693557739258,0.0
BG,2016-02-24,49.40999984741211,49.81999969482422,48.7400016784668,49.59000015258789,2014100,37.44388198852539,0.0
BG,2016-02-25,49.83000183105469,51.25,49.41999816894531,50.9900016784668,2663000,38.500980377197266,0.0
BG,2016-02-26,51.25,51.56999969482422,50.41999816894531,50.470001220703125,1297600,38.10834503173828,0.0
BG,2016-02-29,50.560001373291016,50.86000061035156,49.63999938964844,49.720001220703125,1654100,37.54204559326172,0.0
BG,2016-03-01,49.939998626708984,50.59000015258789,49.54999923706055,50.0,1394600,37.75345230102539,0.0
BG,2016-03-02,50.08000183105469,51.599998474121094,49.540000915527344,51.5,2026500,38.88605880737305,0.0
BG,2016-03-03,51.88999938964844,54.150001525878906,51.560001373291016,54.02000045776367,2118600,40.788848876953125,0.0
BG,2016-03-04,54.279998779296875,56.11000061035156,54.27000045776367,54.900001525878906,1869100,41.45330810546875,0.0
BG,2016-03-07,54.56999969482422,56.33000183105469,54.5099983215332,55.95000076293945,1314800,42.24610900878906,0.0
BG,2016-03-08,55.709999084472656,56.36000061035156,53.90999984741211,54.81999969482422,1896500,41.39289474487305,0.0
BG,2016-03-09,55.09000015258789,56.470001220703125,54.91999816894531,55.400001525878906,1816300,41.830833435058594,0.0
BG,2016-03-10,55.63999938964844,56.02000045776367,54.40999984741211,55.709999084472656,1747500,42.06490707397461,0.0
BG,2016-03-11,56.16999816894531,57.08000183105469,55.86000061035156,56.209999084472656,1452700,42.44243621826172,0.0
BG,2016-03-14,55.88999938964844,56.369998931884766,54.52000045776367,55.0,1215600,41.5287971496582,0.0
BG,2016-03-15,55.0,55.529998779296875,54.060001373291016,54.7599983215332,826300,41.34757995605469,0.0
BG,2016-03-16,54.709999084472656,55.20000076293945,54.13999938964844,54.81999969482422,1079400,41.39289474487305,0.0
BG,2016-03-17,54.63999938964844,56.18000030517578,54.63999938964844,55.59000015258789,1057000,41.97430419921875,0.0
BG,2016-03-18,56.060001373291016,56.900001525878906,55.290000915527344,55.83000183105469,1656500,42.15550994873047,0.0
BG,2016-03-21,55.540000915527344,56.13999938964844,55.2400016784668,55.34000015258789,1385600,41.7855224609375,0.0
BG,2016-03-22,55.02000045776367,55.810001373291016,54.439998626708984,55.09000015258789,1064400,41.596771240234375,0.0
BG,2016-03-23,55.0,55.099998474121094,54.15999984741211,54.2400016784668,1290900,40.954959869384766,0.0
BG,2016-03-24,54.11000061035156,56.040000915527344,53.5,55.849998474121094,1754400,42.17060852050781,0.0
BG,2016-03-28,55.849998474121094,56.779998779296875,55.59000015258789,56.16999816894531,1166200,42.41223907470703,0.0
BG,2016-03-29,56.0099983215332,56.97999954223633,55.91999816894531,56.93000030517578,1326300,42.986083984375,0.0
BG,2016-03-30,57.0,58.20000076293945,55.79999923706055,56.5,1466900,42.66140365600586,0.0
BG,2016-03-31,56.33000183105469,57.34000015258789,56.310001373291016,56.66999816894531,1467200,42.789764404296875,0.0
BG,2016-04-01,56.31999969482422,56.959999084472656,55.16999816894531,56.900001525878906,1087400,42.963443756103516,0.0
BG,2016-04-04,56.70000076293945,56.70000076293945,55.72999954223633,55.970001220703125,1453300,42.26123046875,0.0
BG,2016-04-05,55.5,56.18000030517578,54.880001068115234,55.70000076293945,2519400,42.05735397338867,0.0
BG,2016-04-06,55.66999816894531,56.279998779296875,54.720001220703125,55.619998931884766,1326500,41.996944427490234,0.0
BG,2016-04-07,55.61000061035156,57.04999923706055,55.41999816894531,56.43000030517578,2264300,42.60855484008789,0.0
BG,2016-04-08,56.880001068115234,57.16999816894531,55.9900016784668,56.25,1037200,42.47264862060547,0.0
BG,2016-04-11,56.11000061035156,57.209999084472656,56.06999969482422,56.13999938964844,1018900,42.38957595825195,0.0
BG,2016-04-12,56.18000030517578,56.47999954223633,55.72999954223633,56.40999984741211,1274400,42.59345245361328,0.0
BG,2016-04-13,56.560001373291016,57.029998779296875,56.380001068115234,56.529998779296875,1229900,42.68406295776367,0.0
BG,2016-04-14,56.36000061035156,56.66999816894531,56.02000045776367,56.540000915527344,1185700,42.69160842895508,0.0
BG,2016-04-15,56.90999984741211,57.91999816894531,56.56999969482422,57.5099983215332,1767000,43.42403030395508,0.0
BG,2016-04-18,57.29999923706055,57.90999984741211,57.18000030517578,57.900001525878906,1382000,43.718509674072266,0.0
BG,2016-04-19,57.75,59.5,57.7400016784668,59.189998626708984,1645900,44.69255065917969,0.0
BG,2016-04-20,59.22999954223633,59.970001220703125,58.91999816894531,59.52000045776367,1916300,44.94171905517578,0.0
BG,2016-04-21,59.56999969482422,60.380001068115234,59.060001373291016,59.43000030517578,1365100,44.87376403808594,0.0
BG,2016-04-22,59.0,59.900001525878906,58.79999923706055,59.88999938964844,1430700,45.221092224121094,0.0
BG,2016-04-25,59.88999938964844,60.09000015258789,58.86000061035156,59.279998779296875,1231900,44.760498046875,0.0
BG,2016-04-26,59.220001220703125,60.119998931884766,59.06999969482422,59.970001220703125,1085900,45.281497955322266,0.0
BG,2016-04-27,59.97999954223633,60.59000015258789,59.540000915527344,60.459999084472656,1675200,45.65148162841797,0.0
BG,2016-04-28,61.869998931884766,63.58000183105469,61.869998931884766,62.5099983215332,3258200,47.19937515258789,0.0
BG,2016-04-29,62.65999984741211,62.810001373291016,61.439998626708984,62.5,1822100,47.19182205200195,0.0
BG,2016-05-02,62.52000045776367,62.880001068115234,62.31999969482422,62.52000045776367,1163000,47.20692825317383,0.0
BG,2016-05-03,62.220001220703125,62.38999938964844,61.25,61.790000915527344,1127100,46.65571975708008,0.0
BG,2016-05-04,61.61000061035156,62.18000030517578,61.2400016784668,62.06999969482422,1229100,46.86714553833008,0.0
BG,2016-05-05,62.310001373291016,62.310001373291016,60.4900016784668,60.59000015258789,1436300,45.74964141845703,0.0
BG,2016-05-06,60.54999923706055,61.040000915527344,60.130001068115234,60.95000076293945,1115200,46.02146530151367,0.0
BG,2016-05-09,61.04999923706055,61.790000915527344,60.18000030517578,60.68000030517578,893700,45.81760025024414,0.0
BG,2016-05-10,60.9900016784668,61.310001373291016,60.41999816894531,61.310001373291016,865900,46.293296813964844,0.0
BG,2016-05-11,61.15999984741211,61.7599983215332,60.900001525878906,61.18000030517578,828900,46.19512939453125,0.0
BG,2016-05-12,61.61000061035156,62.029998779296875,60.880001068115234,61.369998931884766,826900,46.33858871459961,0.0
BG,2016-05-13,61.31999969482422,61.33000183105469,60.20000076293945,60.650001525878906,767200,45.79496383666992,0.0
BG,2016-05-16,60.79999923706055,61.63999938964844,60.619998931884766,60.939998626708984,835800,46.013912200927734,0.0
BG,2016-05-17,60.33000183105469,61.09000015258789,59.97999954223633,60.13999938964844,966900,45.69478988647461,0.38
BG,2016-05-18,60.13999938964844,61.34000015258789,59.880001068115234,60.880001068115234,1351800,46.25705337524414,0.0
BG,2016-05-19,60.75,61.209999084472656,59.970001220703125,61.099998474121094,1071100,46.424217224121094,0.0
BG,2016-05-20,61.290000915527344,63.0,61.0099983215332,62.7400016784668,1319700,47.6702995300293,0.0
BG,2016-05-23,62.5099983215332,64.44999694824219,62.4900016784668,63.7400016784668,1655600,48.43010711669922,0.0
BG,2016-05-24,64.01000213623047,65.19000244140625,63.650001525878906,64.44999694824219,1414400,48.969566345214844,0.0
BG,2016-05-25,64.66000366210938,66.02999877929688,64.55999755859375,65.5199966430664,1867700,49.78255844116211,0.0
BG,2016-05-26,65.88999938964844,66.58999633789062,65.2699966430664,65.9000015258789,1386900,50.0712890625,0.0
BG,2016-05-27,66.20999908447266,66.33999633789062,65.16999816894531,65.79000091552734,726500,49.98771286010742,0.0
BG,2016-05-31,65.83999633789062,67.16999816894531,65.83000183105469,67.06999969482422,2342900,50.96025848388672,0.0
BG,2016-06-01,66.80999755859375,67.69999694824219,66.5199966430664,67.48999786376953,1489400,51.27937698364258,0.0
BG,2016-06-02,66.94999694824219,68.2300033569336,66.8499984741211,67.73999786376953,1497400,51.46932601928711,0.0
BG,2016-06-03,67.73999786376953,67.94999694824219,67.38999938964844,67.7699966430664,1130900,51.49213409423828,0.0
BG,2016-06-06,67.7699966430664,68.22000122070312,67.33000183105469,67.44999694824219,954800,51.24898147583008,0.0
BG,2016-06-07,67.63999938964844,67.63999938964844,66.98999786376953,67.1500015258789,1033600,51.02105712890625,0.0
BG,2016-06-08,67.12000274658203,67.66999816894531,66.47000122070312,66.5,1351500,50.52717971801758,0.0
BG,2016-06-09,66.2699966430664,66.6500015258789,65.41999816894531,66.16000366210938,1620700,50.26884841918945,0.0
BG,2016-06-10,66.0199966430664,66.12000274658203,65.11000061035156,65.4000015258789,1098800,49.69139099121094,0.0
BG,2016-06-13,65.4000015258789,65.4000015258789,62.27000045776367,62.43000030517578,2517800,47.43476104736328,0.0
BG,2016-06-14,62.18000030517578,62.689998626708984,61.68000030517578,62.16999816894531,1008000,47.23719787597656,0.0
BG,2016-06-15,62.34000015258789,62.95000076293945,61.88999938964844,61.9900016784668,1380500,47.100440979003906,0.0
BG,2016-06-16,61.599998474121094,61.79999923706055,60.709999084472656,61.380001068115234,979700,46.636962890625,0.0
BG,2016-06-17,61.31999969482422,61.7400016784668,61.02000045776367,61.56999969482422,1362000,46.78132629394531,0.0
BG,2016-06-20,61.65999984741211,62.38999938964844,61.65999984741211,61.72999954223633,896600,46.902889251708984,0.0
BG,2016-06-21,61.9900016784668,61.9900016784668,61.06999969482422,61.560001373291016,955700,46.77372360229492,0.0
BG,2016-06-22,61.31999969482422,62.43000030517578,61.16999816894531,61.540000915527344,1000000,46.75852584838867,0.0
BG,2016-06-23,61.779998779296875,62.18000030517578,61.43000030517578,61.619998931884766,639700,46.81931686401367,0.0
BG,2016-06-24,59.91999816894531,60.849998474121094,58.7400016784668,58.7599983215332,1779700,44.64626693725586,0.0
BG,2016-06-27,58.220001220703125,58.29999923706055,56.689998626708984,57.15999984741211,1465300,43.43056869506836,0.0
BG,2016-06-28,58.06999969482422,58.25,57.279998779296875,58.20000076293945,901700,44.22078323364258,0.0
BG,2016-06-29,58.18000030517578,59.20000076293945,58.18000030517578,59.060001373291016,720300,44.87420654296875,0.0
BG,2016-06-30,59.150001525878906,59.400001525878906,58.779998779296875,59.150001525878906,1563800,44.94259262084961,0.0
BG,2016-07-01,59.380001068115234,59.619998931884766,58.119998931884766,58.560001373291016,1446100,44.49430465698242,0.0
BG,2016-07-05,58.709999084472656,58.959999084472656,57.27000045776367,57.7599983215332,1255700,43.886451721191406,0.0
BG,2016-07-06,57.5,58.25,57.11000061035156,58.119998931884766,1014600,44.15998458862305,0.0
BG,2016-07-07,58.66999816894531,59.119998931884766,57.849998474121094,57.959999084472656,829800,44.038414001464844,0.0
BG,2016-07-08,58.4900016784668,60.150001525878906,58.29999923706055,60.0,1440300,45.588417053222656,0.0
BG,2016-07-11,60.08000183105469,60.15999984741211,59.36000061035156,59.5099983215332,830600,45.21611785888672,0.0
BG,2016-07-12,59.97999954223633,60.68000030517578,59.970001220703125,60.459999084472656,965100,45.93792724609375,0.0
BG,2016-07-13,60.4900016784668,60.56999969482422,59.4900016784668,60.209999084472656,806400,45.747989654541016,0.0
BG,2016-07-14,60.5099983215332,60.68000030517578,60.119998931884766,60.5099983215332,740700,45.975929260253906,0.0
BG,2016-07-15,60.68000030517578,61.130001068115234,60.2400016784668,61.04999923706055,1040700,46.3862190246582,0.0
BG,2016-07-18,61.04999923706055,61.68000030517578,60.689998626708984,61.150001525878906,971300,46.46220779418945,0.0
BG,2016-07-19,61.130001068115234,61.209999084472656,60.61000061035156,60.72999954223633,834200,46.143089294433594,0.0
BG,2016-07-20,60.90999984741211,61.5,60.779998779296875,61.41999816894531,786500,46.667354583740234,0.0
BG,2016-07-21,61.47999954223633,62.09000015258789,61.20000076293945,61.68000030517578,658400,46.86489486694336,0.0
BG,2016-07-22,61.75,62.380001068115234,61.47999954223633,62.20000076293945,694200,47.2599983215332,0.0
BG,2016-07-25,62.20000076293945,62.20000076293945,61.31999969482422,61.38999938964844,921300,46.64454650878906,0.0
BG,2016-07-26,61.33000183105469,61.68000030517578,60.900001525878906,61.20000076293945,743000,46.500179290771484,0.0
BG,2016-07-27,61.2400016784668,61.56999969482422,60.880001068115234,61.22999954223633,1021900,46.52299499511719,0.0
BG,2016-07-28,63.0,65.52999877929688,62.0,65.3499984741211,2017100,49.65338897705078,0.0
BG,2016-07-29,65.19999694824219,65.94000244140625,65.04000091552734,65.83999633789062,1043400,50.02569580078125,0.0
BG,2016-08-01,65.47000122070312,65.47000122070312,62.720001220703125,63.029998779296875,1813400,47.89064025878906,0.0
BG,2016-08-02,63.599998474121094,63.599998474121094,61.59000015258789,63.33000183105469,1698600,48.11857604980469,0.0
BG,2016-08-03,63.2400016784668,64.45999908447266,62.7400016784668,64.45999908447266,1284400,48.9771728515625,0.0
BG,2016-08-04,64.58000183105469,65.19000244140625,63.97999954223633,65.1500015258789,1238800,49.501426696777344,0.0
BG,2016-08-05,65.18000030517578,66.41000366210938,65.0,66.20999908447266,1038000,50.30682373046875,0.0
BG,2016-08-08,66.16999816894531,67.08000183105469,65.76000213623047,65.83000183105469,1126300,50.018089294433594,0.0
BG,2016-08-09,66.05000305175781,66.47000122070312,65.81999969482422,66.05999755859375,693100,50.19285583496094,0.0
BG,2016-08-10,66.41000366210938,66.66000366210938,65.69000244140625,65.79000091552734,1072500,49.98771286010742,0.0
BG,2016-08-11,65.87999725341797,66.30000305175781,64.86000061035156,65.13999938964844,839800,49.49383544921875,0.0
BG,2016-08-12,65.23999786376953,65.81999969482422,64.80000305175781,65.76000213623047,752200,49.964927673339844,0.0
BG,2016-08-15,65.69999694824219,65.98999786376953,65.51000213623047,65.94999694824219,624700,50.109283447265625,0.0
BG,2016-08-16,65.69000244140625,65.69000244140625,64.5,64.5,706600,49.00754928588867,0.0
BG,2016-08-17,64.12000274658203,65.08000183105469,63.77000045776367,64.95999908447266,908100,49.680564880371094,0.42
BG,2016-08-18,64.9000015258789,64.91999816894531,63.75,63.939998626708984,1024800,48.90047073364258,0.0
BG,2016-08-19,63.689998626708984,63.970001220703125,63.29999923706055,63.970001220703125,752100,48.92343521118164,0.0
BG,2016-08-22,64.33000183105469,64.33000183105469,63.65999984741211,63.9900016784668,606800,48.938720703125,0.0
BG,2016-08-23,64.16000366210938,64.58000183105469,63.970001220703125,64.11000061035156,673500,49.03050231933594,0.0
BG,2016-08-24,64.16000366210938,64.29000091552734,63.29999923706055,63.529998779296875,960100,48.5869255065918,0.0
BG,2016-08-25,63.45000076293945,63.880001068115234,62.88999938964844,62.93000030517578,870100,48.1280517578125,0.0
BG,2016-08-26,63.119998931884766,63.119998931884766,62.0099983215332,62.470001220703125,991500,47.776248931884766,0.0
BG,2016-08-29,62.529998779296875,63.150001525878906,62.5099983215332,62.79999923706055,529900,48.02862548828125,0.0
BG,2016-08-30,62.79999923706055,63.27000045776367,62.33000183105469,62.52000045776367,706000,47.814483642578125,0.0
BG,2016-08-31,63.68000030517578,63.939998626708984,62.849998474121094,63.900001525878906,1681900,48.86988067626953,0.0
BG,2016-09-01,63.93000030517578,63.97999954223633,62.2599983215332,62.959999084472656,1317200,48.15099334716797,0.0
BG,2016-09-02,62.90999984741211,63.84000015258789,62.90999984741211,63.560001373291016,627200,48.609859466552734,0.0
BG,2016-09-06,63.58000183105469,64.19999694824219,63.16999816894531,64.08000183105469,725200,49.00755310058594,0.0
BG,2016-09-07,64.04000091552734,64.22000122070312,63.560001373291016,64.1500015258789,944100,49.06108856201172,0.0
BG,2016-09-08,64.12999725341797,64.37000274658203,63.369998931884766,63.75,1035500,48.75517272949219,0.0
BG,2016-09-09,63.619998931884766,63.619998931884766,61.91999816894531,61.91999816894531,1260900,47.355613708496094,0.0
BG,2016-09-12,61.560001373291016,62.65999984741211,60.91999816894531,62.45000076293945,1085600,47.760948181152344,0.0
BG,2016-09-13,62.13999938964844,62.58000183105469,60.70000076293945,60.95000076293945,1544400,46.613773345947266,0.0
BG,2016-09-14,61.15999984741211,61.630001068115234,60.290000915527344,60.400001525878906,919700,46.193138122558594,0.0
BG,2016-09-15,60.16999816894531,60.65999984741211,59.7599983215332,60.38999938964844,1195800,46.185482025146484,0.0
BG,2016-09-16,60.060001373291016,60.75,60.0099983215332,60.75,1655200,46.460811614990234,0.0
BG,2016-09-19,60.880001068115234,61.36000061035156,59.68000030517578,59.70000076293945,963500,45.65779113769531,0.0
BG,2016-09-20,59.58000183105469,59.91999816894531,58.91999816894531,59.279998779296875,1256900,45.33656311035156,0.0
BG,2016-09-21,59.27000045776367,60.38999938964844,59.27000045776367,60.33000183105469,1303500,46.139610290527344,0.0
BG,2016-09-22,60.650001525878906,61.5099983215332,60.619998931884766,61.369998931884766,1129000,46.93497848510742,0.0
BG,2016-09-23,60.869998931884766,61.15999984741211,59.72999954223633,60.11000061035156,1033300,45.971351623535156,0.0
BG,2016-09-26,59.959999084472656,59.959999084472656,59.38999938964844,59.470001220703125,637400,45.48189163208008,0.0
BG,2016-09-27,59.25,59.61000061035156,58.79999923706055,59.310001373291016,735400,45.35953140258789,0.0
BG,2016-09-28,59.439998626708984,59.61000061035156,58.66999816894531,59.47999954223633,998200,45.489540100097656,0.0
BG,2016-09-29,59.310001373291016,59.45000076293945,58.5099983215332,58.7599983215332,826500,44.93888854980469,0.0
BG,2016-09-30,58.2400016784668,59.4900016784668,58.189998626708984,59.22999954223633,1291500,45.29834747314453,0.0
BG,2016-10-03,58.959999084472656,59.439998626708984,58.63999938964844,59.38999938964844,629200,45.42069625854492,0.0
BG,2016-10-04,59.31999969482422,60.720001220703125,59.0,59.869998931884766,1020200,45.787803649902344,0.0
BG,2016-10-05,59.79999923706055,61.09000015258789,59.56999969482422,60.939998626708984,2170200,46.60612106323242,0.0
BG,2016-10-06,60.72999954223633,62.16999816894531,60.72999954223633,61.869998931884766,1283800,47.31737518310547,0.0
BG,2016-10-07,62.029998779296875,62.029998779296875,60.58000183105469,60.959999084472656,902400,46.62142562866211,0.0
BG,2016-10-10,61.43000030517578,61.79999923706055,61.09000015258789,61.779998779296875,488300,47.2485466003418,0.0
BG,2016-10-11,61.52000045776367,61.88999938964844,60.099998474121094,60.27000045776367,668200,46.093727111816406,0.0
BG,2016-10-12,60.16999816894531,60.439998626708984,59.61000061035156,60.150001525878906,729100,46.0019416809082,0.0
BG,2016-10-13,59.650001525878906,60.72999954223633,59.279998779296875,60.16999816894531,589900,46.01724624633789,0.0
BG,2016-10-14,60.45000076293945,60.869998931884766,59.15999984741211,59.15999984741211,731200,45.24479293823242,0.0
BG,2016-10-17,59.279998779296875,59.369998931884766,58.4900016784668,58.63999938964844,665000,44.84709930419922,0.0
BG,2016-10-18,59.310001373291016,59.540000915527344,59.029998779296875,59.33000183105469,818300,45.37480926513672,0.0
BG,2016-10-19,59.619998931884766,60.08000183105469,59.15999984741211,60.060001373291016,721100,45.9331169128418,0.0
BG,2016-10-20,60.0,60.630001068115234,59.52000045776367,59.869998931884766,1058800,45.787803649902344,0.0
BG,2016-10-21,59.540000915527344,60.95000076293945,59.040000915527344,60.849998474121094,907500,46.53728485107422,0.0
BG,2016-10-24,60.849998474121094,61.540000915527344,60.849998474121094,61.40999984741211,873300,46.96556854248047,0.0
BG,2016-10-25,61.310001373291016,62.40999984741211,61.130001068115234,61.45000076293945,964000,46.996185302734375,0.0
BG,2016-10-26,61.150001525878906,61.900001525878906,61.060001373291016,61.470001220703125,799000,47.0114631652832,0.0
BG,2016-10-27,61.810001373291016,62.099998474121094,61.25,61.290000915527344,687600,46.87379455566406,0.0
BG,2016-10-28,61.369998931884766,62.189998626708984,60.810001373291016,61.720001220703125,893500,47.20266342163086,0.0
BG,2016-10-31,61.880001068115234,62.18000030517578,61.43000030517578,62.0099983215332,1056700,47.424442291259766,0.0
BG,2016-11-01,62.0,63.619998931884766,61.97999954223633,62.58000183105469,1805600,47.860374450683594,0.0
BG,2016-11-02,64.0,69.44999694824219,62.63999938964844,68.80999755859375,4305100,52.6249885559082,0.0
BG,2016-11-03,68.2699966430664,70.27999877929688,67.81999969482422,69.31999969482422,1930400,53.01502990722656,0.0
BG,2016-11-04,69.33999633789062,70.08999633789062,69.11000061035156,69.30999755859375,1741500,53.00738525390625,0.0
BG,2016-11-07,69.9000015258789,70.33000183105469,68.75,69.08000183105469,1443200,52.83148956298828,0.0
BG,2016-11-08,69.12000274658203,70.52999877929688,68.69999694824219,70.05000305175781,1056000,53.5733528137207,0.0
BG,2016-11-09,69.36000061035156,69.9800033569336,67.62000274658203,68.4800033569336,1766500,52.37262725830078,0.0
BG,2016-11-10,68.16999816894531,69.2300033569336,67.08000183105469,67.36000061035156,1340000,51.51605987548828,0.0
BG,2016-11-11,66.94000244140625,67.18000030517578,63.959999084472656,64.30000305175781,1838500,49.17581558227539,0.0
BG,2016-11-14,64.61000061035156,66.79000091552734,64.33000183105469,66.56999969482422,1468200,50.91187286376953,0.0
BG,2016-11-15,66.58999633789062,68.06999969482422,66.19000244140625,68.05999755859375,1039700,52.0514030456543,0.0
BG,2016-11-16,67.08000183105469,68.04000091552734,66.38999938964844,67.4800033569336,1639100,51.92829132080078,0.42
BG,2016-11-17,67.55999755859375,67.63999938964844,66.52999877929688,67.43000030517578,1112400,51.88979721069336,0.0
BG,2016-11-18,67.20999908447266,67.5199966430664,66.9000015258789,67.3499984741211,964500,51.8282470703125,0.0
BG,2016-11-21,67.51000213623047,68.44999694824219,67.51000213623047,67.75,755000,52.13606643676758,0.0
BG,2016-11-22,67.9800033569336,68.23999786376953,67.16999816894531,67.61000061035156,1052900,52.0283203125,0.0
BG,2016-11-23,67.3499984741211,67.93000030517578,66.51000213623047,67.11000061035156,1080600,51.6435661315918,0.0
BG,2016-11-25,67.30999755859375,68.51000213623047,67.26000213623047,68.05999755859375,717700,52.374603271484375,0.0
BG,2016-11-28,67.5999984741211,68.5999984741211,66.12000274658203,66.47000122070312,1462800,51.15106964111328,0.0
BG,2016-11-29,66.45999908447266,67.69000244140625,66.43000030517578,67.11000061035156,800700,51.6435661315918,0.0
BG,2016-11-30,67.6500015258789,68.44000244140625,67.33999633789062,68.27999877929688,996300,52.54391098022461,0.0
BG,2016-12-01,68.0,70.04000091552734,67.91000366210938,70.0,1623700,53.867515563964844,0.0
BG,2016-12-02,69.69999694824219,70.06999969482422,69.02999877929688,69.12000274658203,1150000,53.19032287597656,0.0
BG,2016-12-05,69.58000183105469,70.38999938964844,69.44999694824219,70.3499984741211,1056300,54.13685607910156,0.0
BG,2016-12-06,70.6500015258789,71.63999938964844,70.52999877929688,71.51000213623047,1359800,55.029537200927734,0.0
BG,2016-12-07,71.94999694824219,73.04000091552734,71.48999786376953,73.0,1296700,56.17612075805664,0.0
BG,2016-12-08,73.08000183105469,73.41000366210938,72.33999633789062,73.4000015258789,765700,56.48394012451172,0.0
BG,2016-12-09,73.33000183105469,73.69999694824219,73.08000183105469,73.36000061035156,791500,56.4531364440918,0.0
BG,2016-12-12,73.12999725341797,73.94999694824219,72.91000366210938,73.61000061035156,767700,56.64554214477539,0.0
BG,2016-12-13,73.91999816894531,74.0,72.0,72.12000274658203,1121000,55.49892807006836,0.0
BG,2016-12-14,73.0,73.0,70.63999938964844,71.05999755859375,1300200,54.68321990966797,0.0
BG,2016-12-15,71.08000183105469,71.76000213623047,70.47000122070312,71.23999786376953,709400,54.82172393798828,0.0
BG,2016-12-16,71.38999938964844,72.95999908447266,71.38999938964844,72.83000183105469,1267500,56.04529571533203,0.0
BG,2016-12-19,72.8499984741211,73.26000213623047,71.12000274658203,71.54000091552734,1056400,55.0526008605957,0.0
BG,2016-12-20,71.33999633789062,71.94000244140625,70.76000213623047,71.93000030517578,677500,55.352718353271484,0.0
BG,2016-12-21,72.19999694824219,72.33000183105469,71.70999908447266,72.08000183105469,601000,55.468143463134766,0.0
BG,2016-12-22,72.19000244140625,72.4000015258789,71.05000305175781,71.45999908447266,655300,54.99103927612305,0.0
BG,2016-12-23,71.19000244140625,71.56999969482422,70.94000244140625,71.43000030517578,329700,54.96794128417969,0.0
BG,2016-12-27,71.51000213623047,72.13999938964844,71.30000305175781,72.0,352800,55.40656280517578,0.0
BG,2016-12-28,72.08999633789062,72.18000030517578,70.97000122070312,71.01000213623047,497000,54.64474868774414,0.0
BG,2016-12-29,70.73999786376953,71.3499984741211,70.6500015258789,70.83000183105469,422700,54.506221771240234,0.0
BG,2016-12-30,70.66000366210938,72.27999877929688,70.44999694824219,72.23999786376953,508400,55.59128189086914,0.0
BG,2017-01-03,72.86000061035156,73.2699966430664,72.29000091552734,73.23999786376953,650500,56.360809326171875,0.0
BG,2017-01-04,73.30999755859375,73.4000015258789,71.88999938964844,72.2699966430664,1001900,55.61435317993164,0.0
BG,2017-01-05,72.3499984741211,72.4800033569336,70.9000015258789,71.0999984741211,874000,54.71400451660156,0.0
BG,2017-01-06,70.91999816894531,70.98999786376953,69.87999725341797,70.13999938964844,912000,53.97524642944336,0.0
BG,2017-01-09,69.9800033569336,70.93000030517578,69.94000244140625,70.13999938964844,709300,53.97524642944336,0.0
BG,2017-01-10,70.36000061035156,70.79000091552734,69.5199966430664,70.4000015258789,776600,54.17532730102539,0.0
BG,2017-01-11,70.4800033569336,70.69999694824219,69.51000213623047,70.5999984741211,761500,54.3292350769043,0.0
BG,2017-01-12,70.54000091552734,70.5999984741211,68.93000030517578,69.08000183105469,450400,53.159549713134766,0.0
BG,2017-01-13,69.19000244140625,69.19000244140625,68.44999694824219,68.83000183105469,663200,52.967159271240234,0.0
BG,2017-01-17,68.86000061035156,69.06999969482422,67.80000305175781,68.48999786376953,1089100,52.70552062988281,0.0
BG,2017-01-18,68.80000305175781,69.5999984741211,68.44999694824219,69.01000213623047,1348100,53.10566711425781,0.0
BG,2017-01-19,68.98999786376953,69.16000366210938,67.91999816894531,68.0,635900,52.328453063964844,0.0
BG,2017-01-20,68.16000366210938,68.7300033569336,67.56999969482422,67.95999908447266,604000,52.29765319824219,0.0
BG,2017-01-23,68.0,68.5999984741211,67.58000183105469,68.5199966430664,651500,52.728599548339844,0.0
BG,2017-01-24,68.68000030517578,69.38999938964844,68.26000213623047,68.69999694824219,1151000,52.867103576660156,0.0
BG,2017-01-25,68.69000244140625,69.9000015258789,68.54000091552734,69.58999633789062,829100,53.552005767822266,0.0
BG,2017-01-26,68.93000030517578,69.47000122070312,68.08000183105469,68.27999877929688,643100,52.54391098022461,0.0
BG,2017-01-27,68.30999755859375,68.91999816894531,67.87999725341797,68.66000366210938,850700,52.83633804321289,0.0
BG,2017-01-30,68.19999694824219,68.7300033569336,67.19999694824219,67.80999755859375,701600,52.18221664428711,0.0
BG,2017-01-31,68.05000305175781,69.23999786376953,67.66999816894531,69.20999908447266,990000,53.25957489013672,0.0
BG,2017-02-01,69.12000274658203,69.29000091552734,67.8499984741211,68.69000244140625,690100,52.85942840576172,0.0
BG,2017-02-02,68.80000305175781,69.38999938964844,68.31999969482422,69.08999633789062,730900,53.16722869873047,0.0
BG,2017-02-03,69.43000030517578,70.36000061035156,69.13999938964844,69.62999725341797,757300,53.5827751159668,0.0
BG,2017-02-06,69.83000183105469,69.93000030517578,69.12999725341797,69.4000015258789,535000,53.40580368041992,0.0
BG,2017-02-07,69.0199966430664,69.80000305175781,68.19999694824219,69.05999755859375,752500,53.14415740966797,0.0
BG,2017-02-08,69.36000061035156,69.5,68.19999694824219,68.5,683700,52.71321105957031,0.0
BG,2017-02-09,68.5,68.98999786376953,68.33999633789062,68.56999969482422,627900,52.767093658447266,0.0
BG,2017-02-10,68.83000183105469,68.88999938964844,68.12000274658203,68.55000305175781,792100,52.75168991088867,0.0
BG,2017-02-13,68.38999938964844,68.69000244140625,67.95999908447266,68.45999908447266,783400,52.68242645263672,0.0
BG,2017-02-14,68.04000091552734,68.44999694824219,67.5199966430664,68.29000091552734,1289400,52.87601089477539,0.42
BG,2017-02-15,71.63999938964844,75.27999877929688,71.5199966430664,75.13999938964844,4776800,58.179847717285156,0.0
BG,2017-02-16,75.41999816894531,76.52999877929688,75.36000061035156,75.37000274658203,2161700,58.35794448852539,0.0
BG,2017-02-17,75.19000244140625,77.81999969482422,74.91999816894531,77.77999877929688,1964300,60.223968505859375,0.0
BG,2017-02-21,77.43000030517578,78.70999908447266,77.0999984741211,78.44000244140625,1426200,60.73499298095703,0.0
BG,2017-02-22,78.80000305175781,79.61000061035156,78.4000015258789,79.44000244140625,1548400,61.50929641723633,0.0
BG,2017-02-23,79.51000213623047,80.63999938964844,79.1500015258789,80.05000305175781,1813100,61.98160934448242,0.0
BG,2017-02-24,79.58999633789062,81.05999755859375,79.30000305175781,81.05000305175781,1700200,62.75590515136719,0.0
BG,2017-02-27,81.05000305175781,81.44000244140625,80.56999969482422,81.4000015258789,1343200,63.02689743041992,0.0
BG,2017-02-28,80.98999786376953,82.6500015258789,80.8499984741211,81.8499984741211,2046900,63.375328063964844,0.0
BG,2017-03-01,82.25,82.66000366210938,81.51000213623047,82.06999969482422,1582600,63.5456657409668,0.0
BG,2017-03-02,81.48999786376953,81.48999786376953,80.38999938964844,80.94000244140625,1388300,62.670711517333984,0.0
BG,2017-03-03,80.80000305175781,81.94000244140625,80.3499984741211,81.6500015258789,1551400,63.220458984375,0.0
BG,2017-03-06,81.26000213623047,81.41000366210938,80.43000030517578,81.31999969482422,1370100,62.964969635009766,0.0
BG,2017-03-07,81.23999786376953,81.73999786376953,80.66999816894531,81.41999816894531,1291900,63.04237365722656,0.0
BG,2017-03-08,81.3499984741211,81.94000244140625,80.05999755859375,80.43000030517578,1541400,62.275840759277344,0.0
BG,2017-03-09,80.5199966430664,81.16000366210938,80.20999908447266,80.88999938964844,911900,62.63199996948242,0.0
BG,2017-03-10,80.80999755859375,81.66000366210938,80.80000305175781,81.12000274658203,1207900,62.810081481933594,0.0
BG,2017-03-13,81.33000183105469,81.5,80.36000061035156,80.88999938964844,1502300,62.63199996948242,0.0
BG,2017-03-14,80.9000015258789,81.45999908447266,80.37000274658203,81.02999877929688,1011600,62.74040603637695,0.0
BG,2017-03-15,81.55999755859375,82.26000213623047,80.87999725341797,81.55999755859375,1325400,63.15077209472656,0.0
BG,2017-03-16,81.54000091552734,81.9000015258789,81.29000091552734,81.66000366210938,942500,63.22821044921875,0.0
BG,2017-03-17,82.16999816894531,82.19999694824219,81.30999755859375,81.83999633789062,1823700,63.367584228515625,0.0
BG,2017-03-20,80.5,80.51000213623047,78.45999908447266,79.55999755859375,1939700,61.602210998535156,0.0
BG,2017-03-21,79.55999755859375,79.93000030517578,78.37000274658203,78.58999633789062,1896400,60.85114288330078,0.0
BG,2017-03-22,78.80000305175781,80.9000015258789,78.5999984741211,80.73999786376953,1995800,62.515869140625,0.0
BG,2017-03-23,80.70999908447266,80.94000244140625,79.9800033569336,80.08000183105469,1073100,62.004844665527344,0.0
BG,2017-03-24,80.0,80.9000015258789,79.5999984741211,80.16999816894531,1388200,62.07452392578125,0.0
BG,2017-03-27,80.08999633789062,80.66000366210938,79.37999725341797,79.95999908447266,1499600,61.91191864013672,0.0
BG,2017-03-28,79.6500015258789,80.86000061035156,79.44999694824219,80.5,1358300,62.33003234863281,0.0
BG,2017-03-29,80.75,81.72000122070312,80.5,81.5199966430664,1943200,63.11980438232422,0.0
BG,2017-03-30,81.41000366210938,81.5,79.44999694824219,79.58000183105469,1249400,61.617671966552734,0.0
BG,2017-03-31,79.4000015258789,79.9000015258789,79.16000366210938,79.26000213623047,1255700,61.36991882324219,0.0
BG,2017-04-03,79.44000244140625,79.69000244140625,78.48999786376953,78.72000122070312,1434200,60.951820373535156,0.0
BG,2017-04-04,78.43000030517578,78.87000274658203,77.86000061035156,78.25,1873200,60.5878791809082,0.0
BG,2017-04-05,78.37000274658203,78.76000213623047,77.08999633789062,77.31999969482422,1726900,59.86781311035156,0.0
BG,2017-04-06,75.27999877929688,77.11000061035156,75.01000213623047,77.05000305175781,2304100,59.658729553222656,0.0
BG,2017-04-07,77.16999816894531,77.4800033569336,75.66999816894531,75.98999786376953,1732700,58.8380012512207,0.0
BG,2017-04-10,75.94999694824219,76.68000030517578,75.58999633789062,76.62999725341797,1400100,59.33354949951172,0.0
BG,2017-04-11,76.79000091552734,77.37000274658203,76.38999938964844,76.8499984741211,1384800,59.50388717651367,0.0
BG,2017-04-12,77.12999725341797,77.9800033569336,76.62000274658203,77.19000244140625,1130700,59.76715850830078,0.0
BG,2017-04-13,76.93000030517578,77.23999786376953,76.3499984741211,76.51000213623047,691100,59.240638732910156,0.0
BG,2017-04-17,76.4000015258789,77.06999969482422,76.38999938964844,77.02999877929688,669400,59.64326095581055,0.0
BG,2017-04-18,77.11000061035156,78.62000274658203,76.73999786376953,77.83999633789062,1106500,60.27043151855469,0.0
BG,2017-04-19,77.83000183105469,78.1500015258789,76.81999969482422,77.01000213623047,830100,59.62779235839844,0.0
BG,2017-04-20,77.37000274658203,78.16999816894531,76.98999786376953,77.6500015258789,1074400,60.123313903808594,0.0
BG,2017-04-21,77.36000061035156,77.8499984741211,77.33000183105469,77.45999908447266,830700,59.97621154785156,0.0
BG,2017-04-24,78.02999877929688,78.73999786376953,77.7699966430664,78.37999725341797,972300,60.68853759765625,0.0
BG,2017-04-25,78.69000244140625,78.9800033569336,77.69999694824219,78.5999984741211,944600,60.858909606933594,0.0
BG,2017-04-26,78.73999786376953,78.94999694824219,78.0199966430664,78.36000061035156,746800,60.67304992675781,0.0
BG,2017-04-27,78.2300033569336,78.69000244140625,77.81999969482422,78.48999786376953,754400,60.77371597290039,0.0
BG,2017-04-28,78.58000183105469,79.19999694824219,77.9800033569336,79.02999877929688,1179200,61.19184875488281,0.0
BG,2017-05-01,78.94000244140625,79.19000244140625,77.69999694824219,77.9800033569336,971600,60.37884521484375,0.0
BG,2017-05-02,77.69999694824219,77.80000305175781,75.08999633789062,75.55000305175781,2120600,58.49732208251953,0.0
BG,2017-05-03,68.41000366210938,70.0,66.5,67.04000091552734,5688000,51.90814208984375,0.0
BG,2017-05-04,67.52999877929688,69.97000122070312,67.52999877929688,69.79000091552734,3930300,54.03744125366211,0.0
BG,2017-05-05,69.76000213623047,70.36000061035156,69.01000213623047,69.52999877929688,2208300,53.836124420166016,0.0
BG,2017-05-08,69.26000213623047,70.37000274658203,69.02999877929688,70.01000213623047,1537900,54.20777893066406,0.0
BG,2017-05-09,70.06999969482422,70.37999725341797,69.0199966430664,69.43000030517578,1670700,53.75868225097656,0.0
BG,2017-05-10,69.5199966430664,70.5,69.05999755859375,70.01000213623047,1507300,54.20777893066406,0.0
BG,2017-05-11,69.81999969482422,70.56999969482422,69.55000305175781,70.1500015258789,1011000,54.31616973876953,0.0
BG,2017-05-12,70.1500015258789,70.58000183105469,69.44999694824219,69.93000030517578,878300,54.14583969116211,0.0
BG,2017-05-15,70.0999984741211,70.3499984741211,69.79000091552734,70.11000061035156,836700,54.285213470458984,0.0
BG,2017-05-16,70.0,70.43000030517578,69.48999786376953,70.01000213623047,750400,54.20777893066406,0.0
BG,2017-05-17,68.62999725341797,70.25,67.48999786376953,69.19999694824219,1035700,53.90398025512695,0.42
BG,2017-05-18,67.41000366210938,69.62000274658203,67.41000366210938,69.2699966430664,1318000,53.95849609375,0.0
BG,2017-05-19,69.63999938964844,70.25,69.36000061035156,69.68000030517578,1316100,54.27788162231445,0.0
BG,2017-05-22,69.9800033569336,70.5999984741211,69.4800033569336,70.06999969482422,1418300,54.58168029785156,0.0
BG,2017-05-23,70.2300033569336,82.4000015258789,69.6500015258789,81.69999694824219,9038800,63.64094924926758,0.0
BG,2017-05-24,77.55000305175781,82.95999908447266,77.31999969482422,82.54000091552734,6776700,64.29529571533203,0.0
BG,2017-05-25,81.91999816894531,83.66000366210938,81.44000244140625,83.22000122070312,2995500,64.82500457763672,0.0
BG,2017-05-26,83.75,83.75,81.3499984741211,82.16999816894531,1946900,64.007080078125,0.0
BG,2017-05-30,81.95999908447266,82.62999725341797,80.87000274658203,80.9800033569336,1497700,63.080116271972656,0.0
BG,2017-05-31,81.20999908447266,81.20999908447266,79.4000015258789,79.97000122070312,1892200,62.29337692260742,0.0
BG,2017-06-01,80.4000015258789,80.95999908447266,79.2300033569336,79.33999633789062,1642800,61.80263137817383,0.0
BG,2017-06-02,79.27999877929688,81.05999755859375,79.27999877929688,80.30000305175781,1234400,62.55042266845703,0.0
BG,2017-06-05,80.19000244140625,80.73999786376953,79.44999694824219,80.0999984741211,1225200,62.39463806152344,0.0
BG,2017-06-06,79.87000274658203,79.87000274658203,78.87999725341797,79.29000091552734,1124300,61.763675689697266,0.0
BG,2017-06-07,80.0,81.36000061035156,79.30000305175781,81.33000183105469,1594000,63.352752685546875,0.0
BG,2017-06-08,81.19000244140625,81.7300033569336,80.05999755859375,80.75,1006000,62.90096664428711,0.0
BG,2017-06-09,81.18000030517578,81.45999908447266,78.51000213623047,79.05999755859375,1779100,61.584510803222656,0.0
BG,2017-06-12,78.13999938964844,79.25,77.5,77.97000122070312,1768000,60.73543930053711,0.0
BG,2017-06-13,78.36000061035156,78.41000366210938,77.02999877929688,77.69000244140625,1563300,60.51734161376953,0.0
BG,2017-06-14,77.5,78.2300033569336,77.2300033569336,77.87999725341797,1301600,60.66535568237305,0.0
BG,2017-06-15,77.0999984741211,77.83000183105469,76.2699966430664,77.33999633789062,1367500,60.24470901489258,0.0
BG,2017-06-16,76.66000366210938,77.5999984741211,76.44999694824219,76.94000244140625,1713500,59.93312454223633,0.0
BG,2017-06-19,77.30999755859375,78.51000213623047,76.80000305175781,77.80000305175781,1368500,60.603031158447266,0.0
BG,2017-06-20,77.44000244140625,77.79000091552734,76.05999755859375,76.26000213623047,1863100,59.40342712402344,0.0
BG,2017-06-21,76.12999725341797,76.8499984741211,75.61000061035156,75.7300033569336,1403000,58.99058151245117,0.0
BG,2017-06-22,75.86000061035156,75.95999908447266,75.1500015258789,75.54000091552734,889600,58.842586517333984,0.0
BG,2017-06-23,75.70999908447266,76.22000122070312,74.94000244140625,75.72000122070312,1229300,58.98279571533203,0.0
BG,2017-06-26,75.72000122070312,75.97000122070312,74.41000366210938,74.47000122070312,826200,58.009090423583984,0.0
BG,2017-06-27,74.31999969482422,75.51000213623047,74.20999908447266,74.31999969482422,834400,57.89223098754883,0.0
BG,2017-06-28,74.80000305175781,75.12000274658203,73.58999633789062,74.02999877929688,875600,57.66633987426758,0.0
BG,2017-06-29,74.08000183105469,74.5199966430664,73.01000213623047,73.58999633789062,880000,57.323604583740234,0.0
BG,2017-06-30,74.11000061035156,74.83000183105469,72.87000274658203,74.5999984741211,1268100,58.1103515625,0.0
BG,2017-07-03,74.94999694824219,76.20999908447266,74.68000030517578,75.87000274658203,617100,59.09965896606445,0.0
BG,2017-07-05,75.68000030517578,77.66999816894531,75.68000030517578,77.08999633789062,1183900,60.04997253417969,0.0
BG,2017-07-06,76.51000213623047,76.91000366210938,75.05999755859375,75.41000366210938,1260000,58.741329193115234,0.0
BG,2017-07-07,75.8499984741211,77.2699966430664,75.37000274658203,76.83999633789062,789500,59.8552360534668,0.0
BG,2017-07-10,77.05000305175781,77.5,76.30999755859375,76.47000122070312,697200,59.5670051574707,0.0
BG,2017-07-11,76.02999877929688,76.45999908447266,75.38999938964844,75.51000213623047,827800,58.8192138671875,0.0
BG,2017-07-12,75.94999694824219,76.9000015258789,75.30999755859375,76.7699966430664,1343900,59.80068588256836,0.0
BG,2017-07-13,77.1500015258789,78.66999816894531,76.52999877929688,78.37000274658203,938700,61.04703140258789,0.0
BG,2017-07-14,78.58000183105469,78.76000213623047,77.87999725341797,78.37999725341797,901300,61.0548210144043,0.0
BG,2017-07-17,78.5,78.91000366210938,78.02999877929688,78.69000244140625,790100,61.296287536621094,0.0
BG,2017-07-18,78.19999694824219,78.69000244140625,77.93000030517578,78.19000244140625,800900,60.90682601928711,0.0
BG,2017-07-19,78.37999725341797,79.30000305175781,77.66999816894531,78.69000244140625,703200,61.296287536621094,0.0
BG,2017-07-20,78.68000030517578,79.87999725341797,77.12000274658203,79.58000183105469,1615800,61.98957443237305,0.0
BG,2017-07-21,79.54000091552734,79.94000244140625,78.05000305175781,79.62999725341797,904500,62.02851867675781,0.0
BG,2017-07-24,79.61000061035156,80.5,79.44999694824219,80.12999725341797,806500,62.418006896972656,0.0
BG,2017-07-25,80.62999725341797,81.0,79.63999938964844,80.58999633789062,810500,62.77632141113281,0.0
BG,2017-07-26,80.76000213623047,80.76000213623047,79.5999984741211,79.70999908447266,623800,62.090824127197266,0.0
BG,2017-07-27,80.0,80.0,78.62000274658203,79.23999786376953,636400,61.724727630615234,0.0
BG,2017-07-28,79.29000091552734,79.94999694824219,78.87000274658203,79.8499984741211,462300,62.19987869262695,0.0
BG,2017-07-31,80.0999984741211,80.0999984741211,78.08000183105469,78.38999938964844,1097700,61.06261444091797,0.0
BG,2017-08-01,78.7300033569336,79.33999633789062,76.94999694824219,78.05999755859375,1387900,60.805572509765625,0.0
BG,2017-08-02,80.55999755859375,81.5,76.5199966430664,77.4800033569336,1582100,60.35376739501953,0.0
BG,2017-08-03,77.0,77.83999633789062,75.55000305175781,75.95999908447266,1135800,59.16974639892578,0.0
BG,2017-08-04,76.26000213623047,76.51000213623047,75.66000366210938,76.33999633789062,767300,59.465755462646484,0.0
BG,2017-08-07,76.5199966430664,77.5199966430664,75.97000122070312,77.26000213623047,1482000,60.182395935058594,0.0
BG,2017-08-08,77.29000091552734,77.61000061035156,76.30999755859375,76.9800033569336,1118700,59.96428298950195,0.0
BG,2017-08-09,76.5,76.95999908447266,75.70999908447266,76.93000030517578,902200,59.92534637451172,0.0
BG,2017-08-10,76.7300033569336,78.56999969482422,76.44999694824219,77.95999908447266,1476600,60.7276496887207,0.0
BG,2017-08-11,77.4000015258789,77.73999786376953,77.19999694824219,77.2699966430664,676400,60.190189361572266,0.0
BG,2017-08-14,77.69999694824219,78.3499984741211,77.13999938964844,77.22000122070312,803800,60.15122985839844,0.0
BG,2017-08-15,77.63999938964844,77.77999877929688,77.16000366210938,77.16000366210938,469700,60.10449981689453,0.0
BG,2017-08-16,77.16000366210938,77.97000122070312,77.08999633789062,77.16000366210938,586300,60.10449981689453,0.0
BG,2017-08-17,77.22000122070312,77.31999969482422,75.43000030517578,75.55000305175781,753900,58.85036849975586,0.0
BG,2017-08-18,74.91999816894531,75.29000091552734,74.56999969482422,74.94999694824219,990500,58.74064254760742,0.46
BG,2017-08-21,75.0,75.19000244140625,74.33000183105469,75.08999633789062,509400,58.85036087036133,0.0
BG,2017-08-22,75.18000030517578,76.04000091552734,74.9000015258789,76.0199966430664,1110400,59.5792350769043,0.0
BG,2017-08-23,75.94999694824219,76.4000015258789,75.2699966430664,75.4800033569336,815000,59.15602493286133,0.0
BG,2017-08-24,75.47000122070312,75.54000091552734,74.91999816894531,75.47000122070312,692600,59.148197174072266,0.0
BG,2017-08-25,75.7300033569336,76.0,75.38999938964844,75.52999877929688,434200,59.19523239135742,0.0
BG,2017-08-28,75.9000015258789,76.16000366210938,74.48999786376953,74.58000183105469,835500,58.45067596435547,0.0
BG,2017-08-29,74.45999908447266,75.0199966430664,73.62000274658203,74.19999694824219,1078600,58.15283966064453,0.0
BG,2017-08-30,74.56999969482422,75.01000213623047,73.97000122070312,74.05000305175781,535900,58.0352897644043,0.0
BG,2017-08-31,74.19999694824219,75.0199966430664,73.0,74.62999725341797,1524900,58.489871978759766,0.0
BG,2017-09-01,75.20999908447266,76.2300033569336,74.30000305175781,76.19999694824219,894300,59.72030258178711,0.0
BG,2017-09-05,76.05000305175781,76.37000274658203,75.43000030517578,75.68000030517578,597700,59.312782287597656,0.0
BG,2017-09-06,75.80999755859375,75.94000244140625,75.36000061035156,75.5999984741211,628600,59.25004959106445,0.0
BG,2017-09-07,75.72000122070312,76.04000091552734,74.88999938964844,75.63999938964844,555300,59.28141784667969,0.0
BG,2017-09-08,75.61000061035156,75.76000213623047,74.73999786376953,74.81999969482422,690500,58.638755798339844,0.0
BG,2017-09-11,75.13999938964844,76.30000305175781,74.94000244140625,75.75,807400,59.36762237548828,0.0
BG,2017-09-12,72.88999938964844,73.12000274658203,69.94000244140625,71.44000244140625,3223100,55.98976135253906,0.0
BG,2017-09-13,72.12000274658203,73.02999877929688,71.58000183105469,72.29000091552734,1423400,56.65591812133789,0.0
BG,2017-09-14,72.29000091552734,73.0,72.29000091552734,72.83000183105469,949900,57.079124450683594,0.0
BG,2017-09-15,73.01000213623047,73.77999877929688,72.06999969482422,72.52999877929688,1729000,56.84400939941406,0.0
BG,2017-09-18,72.7699966430664,73.3499984741211,72.66000366210938,72.83999633789062,871200,57.08696746826172,0.0
BG,2017-09-19,72.75,72.9800033569336,72.23999786376953,72.4800033569336,887900,56.8048210144043,0.0
BG,2017-09-20,72.25,72.41000366210938,71.3499984741211,71.47000122070312,1011600,56.01327133178711,0.0
BG,2017-09-21,71.4000015258789,71.94000244140625,71.12999725341797,71.37999725341797,576200,55.9427375793457,0.0
BG,2017-09-22,71.4800033569336,71.94000244140625,71.06999969482422,71.27999877929688,637700,55.864341735839844,0.0
BG,2017-09-25,71.3499984741211,71.7300033569336,71.11000061035156,71.4800033569336,563300,56.0211067199707,0.0
BG,2017-09-26,71.72000122070312,71.95999908447266,71.22000122070312,71.47000122070312,505600,56.01327133178711,0.0
BG,2017-09-27,71.58999633789062,71.62999725341797,70.6500015258789,70.77999877929688,890900,55.47249221801758,0.0
BG,2017-09-28,70.5,71.25,69.47000122070312,69.54000091552734,1108800,54.50067901611328,0.0
BG,2017-09-29,69.55000305175781,69.72000122070312,69.0199966430664,69.45999908447266,1033500,54.43796157836914,0.0
BG,2017-10-02,69.7699966430664,70.54000091552734,69.58999633789062,69.91999816894531,1062400,54.79848098754883,0.0
BG,2017-10-03,70.19000244140625,70.3499984741211,69.22000122070312,69.31999969482422,1148200,54.32826232910156,0.0
BG,2017-10-04,68.94000244140625,69.93000030517578,68.87000274658203,69.51000213623047,1074800,54.47715377807617,0.0
BG,2017-10-05,69.61000061035156,69.9000015258789,69.52999877929688,69.80000305175781,688500,54.704437255859375,0.0
BG,2017-10-06,69.68000030517578,69.72000122070312,68.33000183105469,68.72000122070312,1042300,53.85801315307617,0.0
BG,2017-10-09,68.5,68.75,67.1500015258789,67.18000030517578,1134000,52.651058197021484,0.0
BG,2017-10-10,67.45999908447266,67.93000030517578,67.33000183105469,67.83999633789062,1208200,53.16832733154297,0.0
BG,2017-10-11,67.98999786376953,68.29000091552734,67.33999633789062,67.73999786376953,781800,53.08995056152344,0.0
BG,2017-10-12,67.52999877929688,67.87000274658203,67.36000061035156,67.8499984741211,973000,53.1761589050293,0.0
BG,2017-10-13,68.43000030517578,74.04000091552734,67.94000244140625,72.48999786376953,5702600,56.81267547607422,0.0
BG,2017-10-16,72.0,72.5,70.11000061035156,70.77999877929688,2195300,55.47249221801758,0.0
BG,2017-10-17,70.77999877929688,71.5199966430664,70.48999786376953,71.20999908447266,802200,55.80949783325195,0.0
BG,2017-10-18,71.13999938964844,71.41000366210938,70.37000274658203,70.44000244140625,892900,55.20601272583008,0.0
BG,2017-10-19,70.33999633789062,71.0999984741211,70.08999633789062,70.83000183105469,617400,55.511695861816406,0.0
BG,2017-10-20,70.83000183105469,71.22000122070312,70.33000183105469,71.16999816894531,701300,55.778133392333984,0.0
BG,2017-10-23,70.87999725341797,71.54000091552734,70.81999969482422,71.12000274658203,586800,55.73897171020508,0.0
BG,2017-10-24,70.94999694824219,71.29000091552734,70.58999633789062,70.7300033569336,624900,55.43332290649414,0.0
BG,2017-10-25,70.38999938964844,70.75,69.36000061035156,70.0199966430664,623900,54.876853942871094,0.0
BG,2017-10-26,70.3499984741211,70.69999694824219,69.86000061035156,69.95999908447266,614300,54.82982635498047,0.0
BG,2017-10-27,69.70999908447266,70.0,69.27999877929688,69.81999969482422,619200,54.720115661621094,0.0
BG,2017-10-30,69.68000030517578,69.86000061035156,69.08000183105469,69.2699966430664,611500,54.289058685302734,0.0
BG,2017-10-31,68.16999816894531,69.08000183105469,68.01000213623047,68.77999877929688,1532100,53.905033111572266,0.0
BG,2017-11-01,70.4800033569336,71.75,69.23999786376953,69.55999755859375,1995300,54.516334533691406,0.0
BG,2017-11-02,69.5,70.9000015258789,68.77999877929688,69.12999725341797,1985800,54.1793327331543,0.0
BG,2017-11-03,69.2300033569336,69.41000366210938,67.16000366210938,67.86000061035156,1836000,53.18399429321289,0.0
BG,2017-11-06,67.72000122070312,67.98999786376953,67.41000366210938,67.63999938964844,851600,53.011573791503906,0.0
BG,2017-11-07,67.5999984741211,68.47000122070312,67.26000213623047,67.43000030517578,1260600,52.846988677978516,0.0
BG,2017-11-08,67.5,68.05999755859375,67.05000305175781,67.88999938964844,1110600,53.20751190185547,0.0
BG,2017-11-09,67.72000122070312,68.33999633789062,67.45999908447266,67.5999984741211,1275900,52.98023223876953,0.0
BG,2017-11-10,67.38999938964844,67.77999877929688,67.02999877929688,67.1500015258789,1019900,52.62754440307617,0.0
BG,2017-11-13,67.0,67.25,65.8499984741211,66.30999755859375,1590300,51.969200134277344,0.0
BG,2017-11-14,65.97000122070312,67.1500015258789,65.86000061035156,66.22000122070312,938100,51.898677825927734,0.0
BG,2017-11-15,65.81999969482422,65.87999725341797,65.02999877929688,65.1500015258789,1547900,51.060089111328125,0.0
BG,2017-11-16,65.11000061035156,65.88999938964844,63.869998931884766,65.62999725341797,1592400,51.43626022338867,0.0
BG,2017-11-17,64.9800033569336,65.87000274658203,64.41000366210938,65.5,979200,51.696720123291016,0.46
BG,2017-11-20,65.27999877929688,65.87000274658203,64.79000091552734,65.30000305175781,1232100,51.53887939453125,0.0
BG,2017-11-21,65.55999755859375,65.94999694824219,65.12999725341797,65.30000305175781,913800,51.53887939453125,0.0
BG,2017-11-22,65.20999908447266,65.76000213623047,64.88999938964844,65.4800033569336,1213500,51.68094253540039,0.0
BG,2017-11-24,65.76000213623047,65.94000244140625,65.0999984741211,65.25,248400,51.499420166015625,0.0
BG,2017-11-27,65.48999786376953,65.58000183105469,64.73999786376953,65.16000366210938,966100,51.428375244140625,0.0
BG,2017-11-28,65.25,65.83999633789062,65.11000061035156,65.44999694824219,1907600,51.65727233886719,0.0
BG,2017-11-29,65.72000122070312,67.30999755859375,65.72000122070312,66.41999816894531,1273000,52.422847747802734,0.0
BG,2017-11-30,66.5999984741211,68.25,66.5999984741211,66.91000366210938,1938000,52.80960464477539,0.0
BG,2017-12-01,66.8499984741211,67.72000122070312,66.23999786376953,67.13999938964844,890800,52.99110794067383,0.0
BG,2017-12-04,67.25,68.04000091552734,66.69000244140625,67.48999786376953,844900,53.267364501953125,0.0
BG,2017-12-05,67.69000244140625,67.73999786376953,66.04000091552734,66.05999755859375,1449700,52.138710021972656,0.0
BG,2017-12-06,66.06999969482422,69.01000213623047,66.06999969482422,68.33000183105469,2182500,53.93033981323242,0.0
BG,2017-12-07,69.5,70.5999984741211,68.55000305175781,69.20999908447266,2628400,54.62489700317383,0.0
BG,2017-12-08,69.12000274658203,70.45999908447266,68.98999786376953,69.79000091552734,2153400,55.08267593383789,0.0
BG,2017-12-11,70.05999755859375,70.4800033569336,69.38999938964844,69.66999816894531,1307000,54.98796081542969,0.0
BG,2017-12-12,69.87000274658203,70.66999816894531,68.62000274658203,68.68000030517578,1620300,54.20658493041992,0.0
BG,2017-12-13,68.56999969482422,69.0,66.11000061035156,66.22000122070312,2731000,52.2650032043457,0.0
BG,2017-12-14,66.7699966430664,67.3499984741211,66.11000061035156,66.12000274658203,1521400,52.18607711791992,0.0
BG,2017-12-15,66.33000183105469,67.97000122070312,66.12999725341797,67.69000244140625,1802400,53.42521286010742,0.0
BG,2017-12-18,67.70999908447266,68.97000122070312,66.94999694824219,67.02999877929688,1051100,52.904293060302734,0.0
BG,2017-12-19,67.05000305175781,67.18000030517578,66.37000274658203,66.91000366210938,1099200,52.80960464477539,0.0
BG,2017-12-20,67.08000183105469,67.63999938964844,66.31999969482422,67.25,1241300,53.077938079833984,0.0
BG,2017-12-21,67.56999969482422,68.19000244140625,66.9000015258789,66.98999786376953,981700,52.872718811035156,0.0
BG,2017-12-22,66.9000015258789,67.43000030517578,66.55000305175781,66.73999786376953,486800,52.6754150390625,0.0
BG,2017-12-26,66.55000305175781,67.2699966430664,66.55000305175781,67.16999816894531,574500,53.01479721069336,0.0
BG,2017-12-27,67.31999969482422,67.36000061035156,66.75,66.86000061035156,477000,52.7701301574707,0.0
BG,2017-12-28,67.05999755859375,67.22000122070312,66.66000366210938,67.1500015258789,582200,52.999019622802734,0.0
BG,2017-12-29,67.30000305175781,67.91999816894531,67.08000183105469,67.08000183105469,811300,52.943763732910156,0.0
BG,2018-01-02,67.2300033569336,68.02999877929688,66.44999694824219,67.98999786376953,944500,53.66200256347656,0.0
BG,2018-01-03,68.37999725341797,70.20999908447266,68.05999755859375,69.44999694824219,2124600,54.81431579589844,0.0
BG,2018-01-04,69.77999877929688,71.20999908447266,69.75,70.47000122070312,2026900,55.6193733215332,0.0
BG,2018-01-05,70.5,70.98999786376953,69.55000305175781,69.94000244140625,795500,55.201053619384766,0.0
BG,2018-01-08,69.75,69.7699966430664,68.23999786376953,68.93000030517578,1041200,54.403907775878906,0.0
BG,2018-01-09,69.22000122070312,69.95999908447266,68.87000274658203,69.62999725341797,988100,54.95639419555664,0.0
BG,2018-01-10,69.38999938964844,69.52999877929688,67.81999969482422,69.38999938964844,924300,54.7669563293457,0.0
BG,2018-01-11,69.68000030517578,70.76000213623047,69.36000061035156,70.44000244140625,1044800,55.59568786621094,0.0
BG,2018-01-12,70.41999816894531,70.7300033569336,69.16999816894531,69.73999786376953,968600,55.04319381713867,0.0
BG,2018-01-16,69.5199966430664,70.9800033569336,69.41000366210938,70.18000030517578,1172400,55.39048385620117,0.0
BG,2018-01-17,70.37000274658203,70.88999938964844,69.66000366210938,70.44999694824219,1046600,55.603580474853516,0.0
BG,2018-01-18,69.94999694824219,70.26000213623047,69.44000244140625,69.63999938964844,954100,54.96427917480469,0.0
BG,2018-01-19,69.41000366210938,77.83000183105469,68.6500015258789,77.55999755859375,4701700,61.21523666381836,0.0
BG,2018-01-22,79.58999633789062,82.44000244140625,78.4000015258789,82.11000061035156,8434300,64.80638885498047,0.0
BG,2018-01-23,81.66999816894531,81.8499984741211,79.81999969482422,80.56999969482422,3885900,63.59092330932617,0.0
BG,2018-01-24,80.69999694824219,81.61000061035156,79.37000274658203,80.02999877929688,1712000,63.164710998535156,0.0
BG,2018-01-25,80.13999938964844,80.51000213623047,79.7699966430664,80.0,1399500,63.141029357910156,0.0
BG,2018-01-26,80.61000061035156,82.22000122070312,80.05000305175781,81.80000305175781,2212000,64.56171417236328,0.0
BG,2018-01-29,81.38999938964844,81.7300033569336,80.19000244140625,80.86000061035156,1178400,63.81983184814453,0.0
BG,2018-01-30,79.9800033569336,80.5,79.4000015258789,79.94999694824219,1408700,63.101585388183594,0.0
BG,2018-01-31,80.0,80.5,78.83000183105469,79.43000030517578,1604000,62.691158294677734,0.0
BG,2018-02-01,79.20999908447266,82.0,78.91000366210938,79.66000366210938,1500800,62.87271499633789,0.0
BG,2018-02-02,78.8499984741211,79.43000030517578,78.43000030517578,78.5999984741211,1126800,62.03607177734375,0.0
BG,2018-02-05,82.5,83.19999694824219,80.88999938964844,80.88999938964844,5299700,63.84348678588867,0.0
BG,2018-02-06,80.48999786376953,82.86000061035156,80.33000183105469,82.55000305175781,3034700,65.1536636352539,0.0
BG,2018-02-07,82.5,83.0,81.33999633789062,81.33999633789062,1668200,64.19865417480469,0.0
BG,2018-02-08,81.45999908447266,82.55999755859375,79.95999908447266,79.95999908447266,1935200,63.109458923339844,0.0
BG,2018-02-09,80.45999908447266,81.44999694824219,77.69999694824219,80.75,2232600,63.733009338378906,0.0
BG,2018-02-12,81.0,81.0,78.06999969482422,79.66000366210938,1955400,62.87271499633789,0.0
BG,2018-02-13,79.56999969482422,79.98999786376953,78.58000183105469,79.51000213623047,1542000,62.754295349121094,0.0
BG,2018-02-14,76.19000244140625,77.7699966430664,74.0,75.05999755859375,5586400,59.24208450317383,0.0
BG,2018-02-15,76.23999786376953,77.54000091552734,75.18000030517578,77.19000244140625,2700300,61.29887771606445,0.46
BG,2018-02-16,77.0,79.94000244140625,76.8499984741211,79.0999984741211,2409300,62.815670013427734,0.0
BG,2018-02-20,78.62000274658203,78.7300033569336,75.01000213623047,76.06999969482422,2336000,60.409461975097656,0.0
BG,2018-02-21,76.3499984741211,76.58000183105469,75.08999633789062,75.0999984741211,2105100,59.6391487121582,0.0
BG,2018-02-22,75.38999938964844,76.68000030517578,75.1500015258789,75.58999633789062,1368300,60.02828598022461,0.0
BG,2018-02-23,75.69999694824219,77.0,75.4800033569336,76.62000274658203,843800,60.846229553222656,0.0
BG,2018-02-26,76.5999984741211,76.5999984741211,75.69000244140625,75.97000122070312,856600,60.33003234863281,0.0
BG,2018-02-27,76.47000122070312,76.47000122070312,74.83000183105469,74.83000183105469,1446400,59.42475509643555,0.0
BG,2018-02-28,75.29000091552734,76.69000244140625,75.29000091552734,75.43000030517578,1507100,59.90121078491211,0.0
BG,2018-03-01,75.23999786376953,76.80999755859375,75.04000091552734,75.9800033569336,976900,60.33799743652344,0.0
BG,2018-03-02,75.22000122070312,75.77999877929688,74.33999633789062,75.16999816894531,1710100,59.694732666015625,0.0
BG,2018-03-05,75.25,78.97000122070312,75.12000274658203,77.98999786376953,3432200,61.93416976928711,0.0
BG,2018-03-06,79.08999633789062,79.08999633789062,76.69000244140625,77.11000061035156,2964600,61.2353401184082,0.0
BG,2018-03-07,77.72000122070312,79.0999984741211,77.16999816894531,77.43000030517578,2360400,61.48946762084961,0.0
BG,2018-03-08,77.41000366210938,77.75,76.5999984741211,77.01000213623047,1267700,61.155948638916016,0.0
BG,2018-03-09,77.12999725341797,77.2300033569336,72.31999969482422,74.95999908447266,4762700,59.527957916259766,0.0
BG,2018-03-12,75.58000183105469,76.37999725341797,75.47000122070312,75.93000030517578,1610100,60.298274993896484,0.0
BG,2018-03-13,76.0,76.30999755859375,75.5199966430664,75.87000274658203,1003100,60.25063705444336,0.0
BG,2018-03-14,76.0,76.20999908447266,74.05000305175781,74.23999786376953,1030800,58.956180572509766,0.0
BG,2018-03-15,74.55999755859375,75.27999877929688,73.30999755859375,73.73999786376953,1284100,58.559120178222656,0.0
BG,2018-03-16,74.02999877929688,74.45999908447266,72.20999908447266,73.43000030517578,2256100,58.312950134277344,0.0
BG,2018-03-19,73.58999633789062,73.7300033569336,72.33999633789062,72.6500015258789,1090000,57.693538665771484,0.0
BG,2018-03-20,72.95999908447266,74.0,72.66000366210938,73.98999786376953,961000,58.75768280029297,0.0
BG,2018-03-21,73.62999725341797,73.88999938964844,72.61000061035156,73.0199966430664,1155500,57.98735809326172,0.0
BG,2018-03-22,72.44000244140625,73.69000244140625,71.94000244140625,72.05000305175781,1483600,57.217041015625,0.0
BG,2018-03-23,72.62999725341797,74.56999969482422,72.4000015258789,72.5199966430664,1386900,57.59028244018555,0.0
BG,2018-03-26,73.01000213623047,73.23999786376953,71.62000274658203,73.19000244140625,1022000,58.12234878540039,0.0
BG,2018-03-27,73.66000366210938,73.66000366210938,72.37999725341797,72.61000061035156,839200,57.66175842285156,0.0
BG,2018-03-28,72.97000122070312,73.54000091552734,72.4000015258789,73.05999755859375,821500,58.01914596557617,0.0
BG,2018-03-29,73.37000274658203,74.77999877929688,73.30999755859375,73.94000244140625,940900,58.71795654296875,0.0
BG,2018-04-02,73.58999633789062,73.75,71.5999984741211,72.58000183105469,1178700,57.63794708251953,0.0
BG,2018-04-03,73.16999816894531,74.70999908447266,73.16999816894531,74.12000274658203,1688800,58.86090850830078,0.0
BG,2018-04-04,73.12000274658203,75.86000061035156,73.0,75.63999938964844,2452800,60.06797409057617,0.0
BG,2018-04-05,76.06999969482422,76.6500015258789,74.75,75.13999938964844,1212600,59.6708984375,0.0
BG,2018-04-06,75.06999969482422,75.87999725341797,74.9000015258789,75.58999633789062,1423200,60.02828598022461,0.0
BG,2018-04-09,75.58999633789062,76.37000274658203,74.9000015258789,74.91000366210938,1196300,59.4882926940918,0.0
BG,2018-04-10,75.20999908447266,75.47000122070312,73.94999694824219,74.0999984741211,1361500,58.84502029418945,0.0
BG,2018-04-11,73.93000030517578,74.86000061035156,73.69999694824219,74.48999786376953,823200,59.15471267700195,0.0
BG,2018-04-12,74.54000091552734,75.29000091552734,74.11000061035156,75.05000305175781,577400,59.59947204589844,0.0
BG,2018-04-13,75.26000213623047,75.97000122070312,74.73999786376953,75.13999938964844,751400,59.6708984375,0.0
BG,2018-04-16,75.41000366210938,75.4800033569336,74.55999755859375,75.05999755859375,901200,59.60737991333008,0.0
BG,2018-04-17,75.37000274658203,75.37000274658203,74.69000244140625,74.80000305175781,739000,59.40089797973633,0.0
BG,2018-04-18,74.77999877929688,74.94999694824219,74.01000213623047,74.86000061035156,1276400,59.44855499267578,0.0
BG,2018-04-19,75.3499984741211,76.94999694824219,74.86000061035156,75.69999694824219,1812300,60.115631103515625,0.0
BG,2018-04-20,75.76000213623047,75.98999786376953,72.58999633789062,73.7300033569336,2525300,58.55120086669922,0.0
BG,2018-04-23,73.75,73.83000183105469,72.69999694824219,73.44000244140625,1397000,58.32090759277344,0.0
BG,2018-04-24,73.70999908447266,73.87000274658203,72.37000274658203,72.72000122070312,1241200,57.74911880493164,0.0
BG,2018-04-25,73.19999694824219,73.19999694824219,72.11000061035156,72.55000305175781,1279000,57.6141357421875,0.0
BG,2018-04-26,72.52999877929688,73.05000305175781,71.91999816894531,71.97000122070312,1501300,57.153533935546875,0.0
BG,2018-04-27,72.05000305175781,73.01000213623047,71.95999908447266,72.69000244140625,962100,57.725303649902344,0.0
BG,2018-04-30,73.13999938964844,73.13999938964844,72.06999969482422,72.2300033569336,966200,57.359989166259766,0.0
BG,2018-05-01,72.4800033569336,72.70999908447266,71.30000305175781,71.63999938964844,1629900,56.89145278930664,0.0
BG,2018-05-02,74.30000305175781,74.69000244140625,72.7699966430664,73.29000091552734,3115300,58.201778411865234,0.0
BG,2018-05-03,73.0,73.37999725341797,69.97000122070312,70.2699966430664,4091700,55.80350112915039,0.0
BG,2018-05-04,70.16000366210938,71.0999984741211,69.61000061035156,70.48999786376953,2117400,55.97821044921875,0.0
BG,2018-05-07,70.3499984741211,70.68000030517578,68.88999938964844,69.36000061035156,1694600,55.080833435058594,0.0
BG,2018-05-08,69.44999694824219,69.97000122070312,69.11000061035156,69.5199966430664,1470200,55.207908630371094,0.0
BG,2018-05-09,69.54000091552734,70.20999908447266,69.43000030517578,69.91999816894531,1039600,55.52556228637695,0.0
BG,2018-05-10,70.0199966430664,71.2300033569336,69.80000305175781,70.75,1180000,56.1846809387207,0.0
BG,2018-05-11,70.7699966430664,71.6500015258789,70.76000213623047,71.16999816894531,767500,56.51821517944336,0.0
BG,2018-05-14,71.30000305175781,71.4800033569336,70.30000305175781,71.04000091552734,1002400,56.41497802734375,0.0
BG,2018-05-15,70.66000366210938,71.44000244140625,70.4000015258789,71.04000091552734,1162000,56.41497802734375,0.0
BG,2018-05-16,71.01000213623047,71.23999786376953,70.30999755859375,70.58999633789062,1130800,56.057621002197266,0.0
BG,2018-05-17,70.7699966430664,71.08000183105469,70.27999877929688,70.69000244140625,1016800,56.13703536987305,0.0
BG,2018-05-18,70.2300033569336,70.4800033569336,69.41999816894531,69.66000366210938,1378400,55.68141555786133,0.46
BG,2018-05-21,69.80999755859375,70.04000091552734,69.04000091552734,69.93000030517578,1291400,55.89723205566406,0.0
BG,2018-05-22,70.04000091552734,70.63999938964844,69.86000061035156,69.97000122070312,827700,55.92921829223633,0.0
BG,2018-05-23,69.66999816894531,70.08999633789062,69.43000030517578,69.83999633789062,924200,55.82529830932617,0.0
BG,2018-05-24,70.13999938964844,70.51000213623047,69.41999816894531,70.0999984741211,749400,56.03312683105469,0.0
BG,2018-05-25,69.83999633789062,70.69000244140625,69.80000305175781,69.94000244140625,976500,55.90523147583008,0.0
BG,2018-05-29,69.8499984741211,69.95999908447266,69.23999786376953,69.66000366210938,1068400,55.68141555786133,0.0
BG,2018-05-30,70.12999725341797,70.48999786376953,69.51000213623047,70.3499984741211,1019200,56.23295211791992,0.0
BG,2018-05-31,70.08999633789062,70.27999877929688,68.97000122070312,69.55000305175781,1612100,55.5934944152832,0.0
BG,2018-06-01,69.5999984741211,70.3499984741211,69.43000030517578,69.88999938964844,915700,55.865257263183594,0.0
BG,2018-06-04,70.16000366210938,70.41000366210938,69.61000061035156,69.98999786376953,976000,55.945194244384766,0.0
BG,2018-06-05,69.9800033569336,70.73999786376953,69.58999633789062,70.44000244140625,1387500,56.304893493652344,0.0
BG,2018-06-06,70.5999984741211,70.68000030517578,69.33999633789062,70.06999969482422,1348900,56.0091438293457,0.0
BG,2018-06-07,69.87000274658203,70.2300033569336,68.95999908447266,69.0999984741211,2790300,55.23379898071289,0.0
BG,2018-06-08,69.08999633789062,69.5999984741211,69.08999633789062,69.16999816894531,1064200,55.28974151611328,0.0
BG,2018-06-11,69.23999786376953,70.0999984741211,69.18000030517578,69.69000244140625,981700,55.705406188964844,0.0
BG,2018-06-12,69.69000244140625,70.0,69.44000244140625,69.69000244140625,736600,55.705406188964844,0.0
BG,2018-06-13,69.80000305175781,71.29000091552734,69.33000183105469,70.98999786376953,3965000,56.74452590942383,0.0
BG,2018-06-14,71.25,71.5999984741211,70.25,70.55000305175781,1772900,56.39281463623047,0.0
BG,2018-06-15,70.04000091552734,70.2300033569336,68.43000030517578,70.08000183105469,2487600,56.01714324951172,0.0
BG,2018-06-18,69.54000091552734,71.44000244140625,69.54000091552734,71.08000183105469,1392100,56.81647491455078,0.0
BG,2018-06-19,70.88999938964844,73.12999725341797,70.80000305175781,71.86000061035156,2334700,57.43996047973633,0.0
BG,2018-06-20,71.76000213623047,71.9000015258789,70.12999725341797,70.2699966430664,1868800,56.16900634765625,0.0
BG,2018-06-21,71.0,71.58000183105469,70.51000213623047,71.05000305175781,1631000,56.79248809814453,0.0
BG,2018-06-22,71.37000274658203,71.66000366210938,71.08999633789062,71.5199966430664,1257200,57.16816711425781,0.0
BG,2018-06-25,71.4000015258789,72.27999877929688,71.12999725341797,71.25,1858500,56.95235061645508,0.0
BG,2018-06-26,71.16000366210938,72.19000244140625,70.86000061035156,70.91999816894531,1385100,56.68857192993164,0.0
BG,2018-06-27,70.91999816894531,71.0,69.94999694824219,70.06999969482422,1374600,56.0091438293457,0.0
BG,2018-06-28,69.87000274658203,70.05999755859375,68.91000366210938,69.5999984741211,1194500,55.63344955444336,0.0
BG,2018-06-29,69.63999938964844,70.41999816894531,69.23999786376953,69.70999908447266,1094000,55.72138214111328,0.0
BG,2018-07-02,69.63999938964844,69.70999908447266,69.08999633789062,69.33000183105469,1032300,55.417633056640625,0.0
BG,2018-07-03,69.33999633789062,69.33999633789062,67.68000030517578,68.0,1912800,54.35453414916992,0.0
BG,2018-07-05,68.0999984741211,69.4800033569336,67.7300033569336,69.4000015258789,2264200,55.47358322143555,0.0
BG,2018-07-06,69.55000305175781,70.20999908447266,69.16999816894531,69.77999877929688,1191600,55.77733612060547,0.0
BG,2018-07-09,70.05000305175781,70.23999786376953,69.41000366210938,69.45999908447266,1030100,55.521549224853516,0.0
BG,2018-07-10,69.55999755859375,70.4800033569336,69.55999755859375,70.19999694824219,1227000,56.113059997558594,0.0
BG,2018-07-11,70.23999786376953,70.9000015258789,69.61000061035156,69.76000213623047,1198600,55.76136779785156,0.0
BG,2018-07-12,69.91999816894531,70.18000030517578,68.7300033569336,68.8499984741211,1154900,55.03395080566406,0.0
BG,2018-07-13,69.0,69.08000183105469,68.08999633789062,68.47000122070312,1181300,54.73020553588867,0.0
BG,2018-07-16,68.5,68.69999694824219,67.36000061035156,67.66000366210938,1119000,54.082763671875,0.0
BG,2018-07-17,67.95999908447266,68.77999877929688,67.79000091552734,68.73999786376953,1029400,54.94601821899414,0.0
BG,2018-07-18,68.56999969482422,68.94999694824219,68.25,68.41000366210938,650400,54.68225860595703,0.0
BG,2018-07-19,68.52999877929688,68.9800033569336,67.9000015258789,67.97000122070312,736500,54.33054733276367,0.0
BG,2018-07-20,67.83999633789062,68.0999984741211,67.41999816894531,68.02999877929688,807300,54.37850570678711,0.0
BG,2018-07-23,67.91000366210938,68.30999755859375,67.58000183105469,67.66000366210938,1097300,54.082763671875,0.0
BG,2018-07-24,67.75,68.69999694824219,67.68000030517578,67.80000305175781,1822100,54.19466018676758,0.0
BG,2018-07-25,67.77999877929688,68.41000366210938,67.31999969482422,68.08999633789062,1193600,54.42645263671875,0.0
BG,2018-07-26,67.94999694824219,69.05999755859375,67.8499984741211,68.4800033569336,890100,54.738224029541016,0.0
BG,2018-07-27,68.55999755859375,68.63999938964844,67.86000061035156,68.01000213623047,600600,54.362518310546875,0.0
BG,2018-07-30,67.97000122070312,68.36000061035156,67.83999633789062,68.16999816894531,833300,54.49041748046875,0.0
BG,2018-07-31,69.06999969482422,69.5,68.66000366210938,69.12999725341797,1368900,55.25776290893555,0.0
BG,2018-08-01,68.05000305175781,68.26000213623047,65.94000244140625,66.0,3672500,52.7558708190918,0.0
BG,2018-08-02,66.26000213623047,66.41999816894531,65.16999816894531,66.36000061035156,2019700,53.04362487792969,0.0
BG,2018-08-03,66.26000213623047,66.5999984741211,65.98999786376953,66.08999633789062,864000,52.82780075073242,0.0
BG,2018-08-06,66.08000183105469,66.4800033569336,66.0,66.2300033569336,640300,52.93971252441406,0.0
BG,2018-08-07,66.0999984741211,67.51000213623047,66.0999984741211,66.70999908447266,1370300,53.323394775390625,0.0
BG,2018-08-08,66.76000213623047,66.91000366210938,65.70999908447266,65.80000305175781,1000400,52.59600067138672,0.0
BG,2018-08-09,65.70999908447266,65.91000366210938,64.91999816894531,65.19000244140625,1092900,52.108394622802734,0.0
BG,2018-08-10,64.9800033569336,65.16000366210938,63.029998779296875,63.38999938964844,1809800,50.66960525512695,0.0
BG,2018-08-13,63.189998626708984,63.2599983215332,61.400001525878906,61.619998931884766,3092500,49.25479507446289,0.0
BG,2018-08-14,61.90999984741211,62.119998931884766,61.40999984741211,61.95000076293945,1355800,49.51857376098633,0.0
BG,2018-08-15,62.0,62.0,61.279998779296875,61.790000915527344,1419700,49.39067840576172,0.0
BG,2018-08-16,62.02000045776367,63.099998474121094,61.97999954223633,62.619998931884766,1288900,50.05411911010742,0.0
BG,2018-08-17,62.45000076293945,63.209999084472656,62.220001220703125,63.040000915527344,1488300,50.38984298706055,0.0
BG,2018-08-20,63.13999938964844,64.08999633789062,63.04999923706055,63.81999969482422,1572400,51.01331329345703,0.0
BG,2018-08-21,63.369998931884766,64.29000091552734,63.2599983215332,63.880001068115234,1360400,51.46449279785156,0.5
BG,2018-08-22,63.79999923706055,64.23999786376953,62.93000030517578,63.0,993600,50.755516052246094,0.0
BG,2018-08-23,62.77000045776367,62.90999984741211,62.5,62.70000076293945,1110200,50.513824462890625,0.0
BG,2018-08-24,62.9900016784668,64.44999694824219,62.779998779296875,64.18000030517578,1424900,51.7061767578125,0.0
BG,2018-08-27,64.16000366210938,64.98999786376953,64.16000366210938,64.69999694824219,1163500,52.12510681152344,0.0
BG,2018-08-28,64.4000015258789,64.91000366210938,64.37000274658203,64.75,1300800,52.1653938293457,0.0
BG,2018-08-29,64.58999633789062,65.44999694824219,64.55000305175781,65.31999969482422,1566500,52.62460708618164,0.0
BG,2018-08-30,65.30999755859375,65.44999694824219,64.30999755859375,64.66000366210938,1443000,52.092891693115234,0.0
BG,2018-08-31,64.47000122070312,65.23999786376953,64.47000122070312,64.9800033569336,1752400,52.35069274902344,0.0
BG,2018-09-04,64.73999786376953,64.97000122070312,63.54999923706055,63.709999084472656,1196000,51.327518463134766,0.0
BG,2018-09-05,63.61000061035156,64.16000366210938,63.529998779296875,63.9900016784668,992100,51.55310821533203,0.0
BG,2018-09-06,63.79999923706055,64.25,62.95000076293945,63.290000915527344,984500,50.98915100097656,0.0
BG,2018-09-07,63.2599983215332,63.7599983215332,62.349998474121094,63.70000076293945,1435700,51.31946563720703,0.0
BG,2018-09-10,64.01000213623047,64.41999816894531,62.880001068115234,62.959999084472656,1232300,50.723289489746094,0.0
BG,2018-09-11,62.59000015258789,63.810001373291016,61.9900016784668,63.2599983215332,1684000,50.96498107910156,0.0
BG,2018-09-12,63.380001068115234,64.45999908447266,63.380001068115234,63.61000061035156,1036700,51.24696350097656,0.0
BG,2018-09-13,63.790000915527344,64.45999908447266,63.47999954223633,63.68000030517578,770800,51.3033561706543,0.0
BG,2018-09-14,64.45999908447266,64.55999755859375,63.83000183105469,64.33000183105469,1137300,51.8270263671875,0.0
BG,2018-09-17,64.08000183105469,65.16999816894531,63.72999954223633,64.61000061035156,1294200,52.052608489990234,0.0
BG,2018-09-18,64.44999694824219,65.0,64.08000183105469,64.80000305175781,576700,52.20566940307617,0.0
BG,2018-09-19,65.36000061035156,65.44999694824219,65.05000305175781,65.23999786376953,1040900,52.56015396118164,0.0
BG,2018-09-20,65.25,66.4000015258789,65.25,66.18000030517578,1593300,53.317474365234375,0.0
BG,2018-09-21,66.08000183105469,66.98999786376953,65.7300033569336,66.7300033569336,2484000,53.76057815551758,0.0
BG,2018-09-24,66.79000091552734,67.30000305175781,66.0999984741211,66.2300033569336,1312300,53.35775375366211,0.0
BG,2018-09-25,67.20999908447266,67.6500015258789,66.37000274658203,66.62999725341797,2088600,53.679988861083984,0.0
BG,2018-09-26,66.69999694824219,67.95999908447266,66.41000366210938,67.4000015258789,2001200,54.30034255981445,0.0
BG,2018-09-27,67.30999755859375,69.05999755859375,67.02999877929688,68.54000091552734,2786600,55.218772888183594,0.0
BG,2018-09-28,68.33000183105469,69.1500015258789,67.66000366210938,68.70999908447266,2322700,55.35572814941406,0.0
BG,2018-10-01,68.88999938964844,68.88999938964844,67.44999694824219,67.61000061035156,1161600,54.46952819824219,0.0
BG,2018-10-02,67.48999786376953,69.13999938964844,67.48999786376953,69.05999755859375,1149100,55.637725830078125,0.0
BG,2018-10-03,69.30999755859375,70.05999755859375,68.77999877929688,68.80999755859375,1406600,55.43630599975586,0.0
BG,2018-10-04,68.7300033569336,68.9800033569336,67.83000183105469,68.38999938964844,1327500,55.09793472290039,0.0
BG,2018-10-05,68.55000305175781,69.33999633789062,68.43000030517578,68.93000030517578,2269900,55.532981872558594,0.0
BG,2018-10-08,69.36000061035156,72.3499984741211,69.0,70.7699966430664,2521300,57.0153694152832,0.0
BG,2018-10-09,70.51000213623047,70.88999938964844,69.75,69.91000366210938,1718500,56.32251739501953,0.0
BG,2018-10-10,69.72000122070312,69.94000244140625,67.41999816894531,67.44999694824219,1746200,54.34061813354492,0.0
BG,2018-10-11,67.44000244140625,67.5999984741211,65.7300033569336,66.61000061035156,1875200,53.66389083862305,0.0
BG,2018-10-12,67.25,67.56999969482422,66.41000366210938,67.20999908447266,1050700,54.147274017333984,0.0
BG,2018-10-15,67.2300033569336,68.5999984741211,67.13999938964844,68.0199966430664,915800,54.799835205078125,0.0
BG,2018-10-16,68.5,69.29000091552734,67.75,68.79000091552734,979200,55.42020034790039,0.0
BG,2018-10-17,68.5199966430664,68.66000366210938,67.54000091552734,68.62000274658203,800400,55.28324508666992,0.0
BG,2018-10-18,68.51000213623047,68.51000213623047,66.79000091552734,67.30999755859375,1618300,54.22783660888672,0.0
BG,2018-10-19,67.5999984741211,68.0,67.19999694824219,67.43000030517578,995000,54.324527740478516,0.0
BG,2018-10-22,67.58999633789062,67.86000061035156,66.27999877929688,66.83999633789062,702800,53.84918212890625,0.0
BG,2018-10-23,66.1500015258789,67.25,65.33000183105469,66.9000015258789,1281300,53.897525787353516,0.0
BG,2018-10-24,66.75,67.5199966430664,65.55000305175781,65.63999938964844,634900,52.882423400878906,0.0
BG,2018-10-25,65.62000274658203,66.58999633789062,65.30000305175781,66.12000274658203,853700,53.269126892089844,0.0
BG,2018-10-26,65.58000183105469,66.08000183105469,64.58000183105469,65.2300033569336,1317000,52.55210494995117,0.0
BG,2018-10-29,65.29000091552734,66.77999877929688,65.18000030517578,65.7699966430664,964100,52.987144470214844,0.0
BG,2018-10-30,65.66000366210938,69.30000305175781,65.08999633789062,68.0199966430664,2525700,54.799835205078125,0.0
BG,2018-10-31,68.36000061035156,68.75,61.33000183105469,61.79999923706055,7275400,49.78874206542969,0.0
BG,2018-11-01,61.81999969482422,63.38999938964844,61.2599983215332,62.56999969482422,2532600,50.409080505371094,0.0
BG,2018-11-02,62.7400016784668,63.75,62.11000061035156,62.5,1811200,50.352699279785156,0.0
BG,2018-11-05,62.5,63.279998779296875,61.88999938964844,62.0,1982400,49.94987869262695,0.0
BG,2018-11-06,63.06999969482422,63.630001068115234,62.27000045776367,63.33000183105469,1801100,51.021385192871094,0.0
BG,2018-11-07,63.54999923706055,64.18000030517578,62.68000030517578,62.75,2156000,50.55411148071289,0.0
BG,2018-11-08,63.27000045776367,63.400001525878906,62.400001525878906,62.47999954223633,1672500,50.336585998535156,0.0
BG,2018-11-09,62.380001068115234,63.5,62.20000076293945,63.27000045776367,957700,50.973045349121094,0.0
BG,2018-11-12,63.560001373291016,63.7599983215332,61.88999938964844,62.09000015258789,777800,50.022377014160156,0.0
BG,2018-11-13,62.369998931884766,62.97999954223633,61.5099983215332,61.72999954223633,1110900,49.73234939575195,0.0
BG,2018-11-14,61.52000045776367,61.65999984741211,59.560001373291016,60.09000015258789,1627400,48.41109085083008,0.0
BG,2018-11-15,60.0,60.2599983215332,58.83000183105469,59.0099983215332,1933600,47.5410041809082,0.0
BG,2018-11-16,58.290000915527344,59.22999954223633,58.09000015258789,58.40999984741211,1791700,47.459747314453125,0.5
BG,2018-11-19,58.439998626708984,58.81999969482422,58.11000061035156,58.40999984741211,1119100,47.459747314453125,0.0
BG,2018-11-20,58.470001220703125,58.86000061035156,57.83000183105469,58.029998779296875,1304400,47.15099334716797,0.0
BG,2018-11-21,58.209999084472656,58.90999984741211,58.18000030517578,58.22999954223633,1161100,47.313499450683594,0.0
BG,2018-11-23,58.25,58.25,57.15999984741211,57.5099983215332,496400,46.728477478027344,0.0
BG,2018-11-26,57.52000045776367,58.65999984741211,57.5099983215332,58.470001220703125,1122300,47.50849914550781,0.0
BG,2018-11-27,58.459999084472656,58.9900016784668,57.79999923706055,58.29999923706055,876200,47.37038040161133,0.0
BG,2018-11-28,58.43000030517578,58.75,57.630001068115234,58.630001068115234,655800,47.63851547241211,0.0
BG,2018-11-29,58.5,58.849998474121094,57.779998779296875,57.959999084472656,1003100,47.09410858154297,0.0
BG,2018-11-30,57.83000183105469,58.16999816894531,56.79999923706055,57.06999969482422,2157900,46.370967864990234,0.0
BG,2018-12-03,59.599998474121094,59.599998474121094,57.58000183105469,59.33000183105469,1785600,48.207275390625,0.0
BG,2018-12-04,59.310001373291016,59.4900016784668,57.380001068115234,58.040000915527344,2740500,47.15911865234375,0.0
BG,2018-12-06,57.880001068115234,58.689998626708984,56.13999938964844,58.66999816894531,1629800,47.67101287841797,0.0
BG,2018-12-07,58.43000030517578,59.90999984741211,57.630001068115234,59.470001220703125,2157600,48.3210334777832,0.0
BG,2018-12-10,61.43000030517578,62.91999816894531,59.16999816894531,59.63999938964844,3670400,48.45915603637695,0.0
BG,2018-12-11,60.0,60.47999954223633,58.189998626708984,58.470001220703125,1685700,47.50849914550781,0.0
BG,2018-12-12,58.880001068115234,60.650001525878906,58.529998779296875,59.630001068115234,1717000,48.45102310180664,0.0
BG,2018-12-13,59.75,60.119998931884766,58.72999954223633,59.08000183105469,1185400,48.004150390625,0.0
BG,2018-12-14,58.72999954223633,60.20000076293945,58.31999969482422,58.83000183105469,918400,47.8010139465332,0.0
BG,2018-12-17,58.61000061035156,58.90999984741211,57.65999984741211,57.88999938964844,1040400,47.037235260009766,0.0
BG,2018-12-18,58.0,58.4900016784668,56.720001220703125,56.790000915527344,1292500,46.14345169067383,0.0
BG,2018-12-19,57.16999816894531,57.790000915527344,56.36000061035156,56.56999969482422,1567700,45.9647102355957,0.0
BG,2018-12-20,56.13999938964844,56.22999954223633,53.650001525878906,54.25,1795500,44.07963562011719,0.0
BG,2018-12-21,54.38999938964844,55.33000183105469,53.279998779296875,53.349998474121094,1730800,43.348358154296875,0.0
BG,2018-12-24,53.029998779296875,53.029998779296875,51.45000076293945,52.060001373291016,764500,42.30020523071289,0.0
BG,2018-12-26,52.16999816894531,53.619998931884766,51.130001068115234,53.5,1505400,43.47023391723633,0.0
BG,2018-12-27,52.970001220703125,53.310001373291016,51.790000915527344,53.290000915527344,1055400,43.29961013793945,0.0
BG,2018-12-28,53.31999969482422,53.84000015258789,52.61000061035156,53.0,930600,43.0639762878418,0.0
BG,2018-12-31,53.04999923706055,53.459999084472656,52.02000045776367,53.439998626708984,1212400,43.42148971557617,0.0
BG,2019-01-02,53.16999816894531,54.619998931884766,52.79999923706055,53.43000030517578,1171500,43.41335678100586,0.0
BG,2019-01-03,53.380001068115234,54.029998779296875,52.279998779296875,53.40999984741211,1257400,43.397098541259766,0.0
BG,2019-01-04,53.95000076293945,54.970001220703125,53.529998779296875,54.88999938964844,1011600,44.59965515136719,0.0
BG,2019-01-07,54.7599983215332,56.31999969482422,54.75,55.349998474121094,2636400,44.97340774536133,0.0
BG,2019-01-08,55.5099983215332,56.119998931884766,55.08000183105469,55.72999954223633,1247000,45.28218460083008,0.0
BG,2019-01-09,55.83000183105469,57.34000015258789,55.70000076293945,57.04999923706055,2340500,46.35470199584961,0.0
BG,2019-01-10,57.08000183105469,57.34000015258789,56.099998474121094,56.66999816894531,1235000,46.04594802856445,0.0
BG,2019-01-11,56.349998474121094,56.63999938964844,55.66999816894531,55.720001220703125,1089100,45.2740478515625,0.0
BG,2019-01-14,55.5,55.65999984741211,54.45000076293945,54.560001373291016,1228000,44.33151626586914,0.0
BG,2019-01-15,54.650001525878906,54.650001525878906,52.91999816894531,53.22999954223633,2250600,43.2508544921875,0.0
BG,2019-01-16,53.349998474121094,54.060001373291016,51.720001220703125,52.369998931884766,4166500,42.55208206176758,0.0
BG,2019-01-17,52.84000015258789,52.84000015258789,51.2400016784668,52.34000015258789,2446700,42.5277099609375,0.0
BG,2019-01-18,52.529998779296875,53.77000045776367,52.33000183105469,53.029998779296875,2104300,43.08834457397461,0.0
BG,2019-01-22,52.04999923706055,53.09000015258789,51.20000076293945,51.88999938964844,2453900,42.162071228027344,0.0
BG,2019-01-23,51.91999816894531,52.66999816894531,51.2599983215332,52.66999816894531,2112700,42.79583740234375,0.0
BG,2019-01-24,52.380001068115234,53.83000183105469,52.33000183105469,53.09000015258789,2129500,43.13710403442383,0.0
BG,2019-01-25,53.099998474121094,53.54999923706055,53.04999923706055,53.290000915527344,1243200,43.29961013793945,0.0
BG,2019-01-28,53.06999969482422,54.02000045776367,52.650001525878906,53.93000030517578,1531700,43.819610595703125,0.0
BG,2019-01-29,53.86000061035156,54.11000061035156,53.43000030517578,53.709999084472656,910400,43.640865325927734,0.0
BG,2019-01-30,53.93000030517578,54.68000030517578,53.709999084472656,54.40999984741211,943400,44.20963668823242,0.0
BG,2019-01-31,54.43000030517578,55.11000061035156,54.349998474121094,55.06999969482422,1118400,44.745906829833984,0.0
BG,2019-02-01,55.25,55.34000015258789,54.41999816894531,54.959999084472656,656800,44.656532287597656,0.0
BG,2019-02-04,54.959999084472656,54.959999084472656,53.58000183105469,54.11000061035156,966400,43.96587371826172,0.0
BG,2019-02-05,53.970001220703125,54.630001068115234,53.63999938964844,53.9900016784668,962400,43.868370056152344,0.0
BG,2019-02-06,53.849998474121094,54.2599983215332,53.63999938964844,54.22999954223633,448500,44.06338882446289,0.0
BG,2019-02-07,53.79999923706055,54.02000045776367,53.11000061035156,53.61000061035156,772600,43.55961608886719,0.0
BG,2019-02-08,53.54999923706055,53.9900016784668,52.84000015258789,53.029998779296875,644000,43.08834457397461,0.0
BG,2019-02-11,52.810001373291016,52.9900016784668,52.34000015258789,52.34000015258789,1121600,42.5277099609375,0.0
BG,2019-02-12,52.7599983215332,53.09000015258789,52.310001373291016,52.689998626708984,1391300,42.81208801269531,0.0
BG,2019-02-13,52.689998626708984,53.560001373291016,52.540000915527344,53.16999816894531,1024600,43.20209884643555,0.0
BG,2019-02-14,53.16999816894531,53.220001220703125,52.63999938964844,52.90999984741211,659400,42.990848541259766,0.0
BG,2019-02-15,52.72999954223633,53.209999084472656,52.2599983215332,52.310001373291016,1135700,42.908817291259766,0.5
BG,2019-02-19,52.45000076293945,52.91999816894531,52.130001068115234,52.650001525878906,1103700,43.187713623046875,0.0
BG,2019-02-20,52.7599983215332,53.290000915527344,52.58000183105469,52.70000076293945,2009400,43.22873306274414,0.0
BG,2019-02-21,51.45000076293945,54.0,48.88999938964844,53.47999954223633,5792300,43.86854553222656,0.0
BG,2019-02-22,53.11000061035156,54.0,51.63999938964844,51.77000045776367,3147500,42.46586227416992,0.0
BG,2019-02-25,52.0,54.040000915527344,51.849998474121094,53.43000030517578,3167000,43.82752227783203,0.0
BG,2019-02-26,53.59000015258789,53.75,52.630001068115234,52.86000061035156,2788800,43.35997009277344,0.0
BG,2019-02-27,52.77000045776367,53.29999923706055,52.34000015258789,53.029998779296875,2438600,43.499412536621094,0.0
BG,2019-02-28,53.09000015258789,53.34000015258789,52.72999954223633,53.08000183105469,2491500,43.54043197631836,0.0
BG,2019-03-01,53.13999938964844,53.4900016784668,52.290000915527344,53.0,1348500,43.474815368652344,0.0
BG,2019-03-04,53.0099983215332,53.36000061035156,52.34000015258789,52.810001373291016,1546100,43.318965911865234,0.0
BG,2019-03-05,52.849998474121094,52.93000030517578,52.189998626708984,52.20000076293945,2270400,42.81858444213867,0.0
BG,2019-03-06,52.18000030517578,52.2599983215332,50.970001220703125,51.02000045776367,2341600,41.85065841674805,0.0
BG,2019-03-07,50.939998626708984,51.150001525878906,50.06999969482422,50.58000183105469,4422900,41.4897346496582,0.0
BG,2019-03-08,50.5099983215332,50.68000030517578,49.900001525878906,50.22999954223633,1516400,41.20263671875,0.0
BG,2019-03-11,50.43000030517578,52.0,50.25,51.63999938964844,2452300,42.3592414855957,0.0
BG,2019-03-12,51.75,52.25,51.529998779296875,52.0,1600900,42.654537200927734,0.0
BG,2019-03-13,52.11000061035156,52.56999969482422,51.86000061035156,52.02000045776367,2207500,42.67094039916992,0.0
BG,2019-03-14,52.04999923706055,52.439998626708984,51.45000076293945,52.04999923706055,1783300,42.69554138183594,0.0
BG,2019-03-15,52.099998474121094,52.91999816894531,51.939998626708984,52.86000061035156,3472200,43.35997009277344,0.0
BG,2019-03-18,52.95000076293945,53.38999938964844,52.06999969482422,52.220001220703125,2890000,42.834999084472656,0.0
BG,2019-03-19,52.25,52.959999084472656,51.939998626708984,52.04999923706055,1586000,42.69554138183594,0.0
BG,2019-03-20,51.939998626708984,52.220001220703125,51.29999923706055,51.40999984741211,1151600,42.17055892944336,0.0
BG,2019-03-21,51.459999084472656,52.529998779296875,51.38999938964844,52.290000915527344,1346200,42.89241409301758,0.0
BG,2019-03-22,52.2599983215332,52.349998474121094,51.45000076293945,51.70000076293945,2028200,42.40845489501953,0.0
BG,2019-03-25,51.59000015258789,52.09000015258789,51.08000183105469,51.439998626708984,2451900,42.19518280029297,0.0
BG,2019-03-26,51.65999984741211,51.97999954223633,51.060001373291016,51.59000015258789,1360300,42.3182258605957,0.0
BG,2019-03-27,51.59000015258789,51.88999938964844,51.13999938964844,51.810001373291016,1311900,42.49868392944336,0.0
BG,2019-03-28,51.83000183105469,52.2599983215332,51.63999938964844,52.20000076293945,886600,42.81858444213867,0.0
BG,2019-03-29,52.41999816894531,53.220001220703125,52.380001068115234,53.06999969482422,1248900,43.532230377197266,0.0
BG,2019-04-01,53.31999969482422,53.5,52.66999816894531,52.810001373291016,1029700,43.318965911865234,0.0
BG,2019-04-02,52.88999938964844,53.29999923706055,52.099998474121094,52.15999984741211,1052500,42.7857780456543,0.0
BG,2019-04-03,52.150001525878906,52.380001068115234,51.650001525878906,51.88999938964844,1278600,42.564300537109375,0.0
BG,2019-04-04,51.95000076293945,53.45000076293945,51.95000076293945,53.220001220703125,1455500,43.6552848815918,0.0
BG,2019-04-05,52.79999923706055,53.31999969482422,52.380001068115234,53.25,2122800,43.67988204956055,0.0
BG,2019-04-08,53.279998779296875,53.66999816894531,53.06999969482422,53.529998779296875,1593000,43.909568786621094,0.0
BG,2019-04-09,53.79999923706055,53.959999084472656,52.61000061035156,53.11000061035156,1884700,43.56504821777344,0.0
BG,2019-04-10,53.119998931884766,53.560001373291016,52.709999084472656,52.9900016784668,931500,43.466617584228516,0.0
BG,2019-04-11,53.02000045776367,53.5,52.77000045776367,52.959999084472656,746800,43.441993713378906,0.0
BG,2019-04-12,52.93000030517578,53.43000030517578,52.54999923706055,52.650001525878906,1105500,43.187713623046875,0.0
BG,2019-04-15,52.650001525878906,52.83000183105469,52.099998474121094,52.47999954223633,2205300,43.04825973510742,0.0
BG,2019-04-16,52.4900016784668,52.939998626708984,51.709999084472656,51.7400016784668,1386000,42.441261291503906,0.0
BG,2019-04-17,51.9900016784668,52.2599983215332,51.459999084472656,51.54999923706055,992800,42.285396575927734,0.0
BG,2019-04-18,51.810001373291016,51.86000061035156,50.900001525878906,51.130001068115234,1253300,41.940879821777344,0.0
BG,2019-04-22,51.130001068115234,51.41999816894531,50.79999923706055,51.310001373291016,1290100,42.08855056762695,0.0
BG,2019-04-23,51.47999954223633,51.97999954223633,51.25,51.25,992900,42.039329528808594,0.0
BG,2019-04-24,51.209999084472656,51.41999816894531,50.959999084472656,51.119998931884766,1783000,41.932682037353516,0.0
BG,2019-04-25,50.959999084472656,50.970001220703125,48.52000045776367,48.599998474121094,3155400,39.86558532714844,0.0
BG,2019-04-26,48.599998474121094,49.060001373291016,47.2599983215332,48.970001220703125,2298300,40.16908645629883,0.0
BG,2019-04-29,49.150001525878906,50.43000030517578,49.099998474121094,50.119998931884766,2056700,41.11240768432617,0.0
BG,2019-04-30,50.290000915527344,52.45000076293945,50.290000915527344,52.40999984741211,2208300,42.990848541259766,0.0
BG,2019-05-01,52.279998779296875,53.029998779296875,52.150001525878906,52.15999984741211,1423700,42.7857780456543,0.0
BG,2019-05-02,51.86000061035156,52.27000045776367,50.869998931884766,51.130001068115234,1355600,41.940879821777344,0.0
BG,2019-05-03,51.130001068115234,51.4900016784668,50.75,51.150001525878906,813600,41.957305908203125,0.0
BG,2019-05-06,50.720001220703125,50.93000030517578,50.20000076293945,50.650001525878906,1049200,41.54716110229492,0.0
BG,2019-05-07,50.29999923706055,50.529998779296875,49.63999938964844,49.97999954223633,1440400,40.99755859375,0.0
BG,2019-05-08,51.25,53.790000915527344,51.25,53.439998626708984,2826500,43.83574295043945,0.0
BG,2019-05-09,53.08000183105469,54.119998931884766,53.040000915527344,53.16999816894531,1512300,43.6142578125,0.0
BG,2019-05-10,52.84000015258789,53.84000015258789,51.79999923706055,53.7599983215332,1683000,44.09822082519531,0.0
BG,2019-05-13,52.9900016784668,53.54999923706055,52.220001220703125,52.4900016784668,1073000,43.05646896362305,0.0
BG,2019-05-14,52.4900016784668,53.27000045776367,52.47999954223633,52.650001525878906,930700,43.187713623046875,0.0
BG,2019-05-15,52.4900016784668,53.650001525878906,52.38999938964844,53.27000045776367,998200,43.696292877197266,0.0
BG,2019-05-16,53.349998474121094,53.77000045776367,53.08000183105469,53.290000915527344,713500,43.71269226074219,0.0
BG,2019-05-17,52.540000915527344,53.27000045776367,52.0,52.22999954223633,1583400,43.24898147583008,0.5
BG,2019-05-20,52.029998779296875,52.38999938964844,51.61000061035156,51.83000183105469,1341100,42.91777038574219,0.0
BG,2019-05-21,51.959999084472656,52.20000076293945,51.52000045776367,51.97999954223633,1917700,43.04197311401367,0.0
BG,2019-05-22,51.63999938964844,51.9900016784668,50.209999084472656,51.900001525878906,1447200,42.97573471069336,0.0
BG,2019-05-23,51.599998474121094,51.599998474121094,50.5,51.41999816894531,1396600,42.57826232910156,0.0
BG,2019-05-24,51.75,51.75,50.36000061035156,50.54999923706055,1073100,41.85786819458008,0.0
BG,2019-05-28,50.52000045776367,51.13999938964844,50.470001220703125,50.619998931884766,2009400,41.91583251953125,0.0
BG,2019-05-29,51.119998931884766,52.81999969482422,50.66999816894531,51.810001373291016,1799000,42.90119934082031,0.0
BG,2019-05-30,52.16999816894531,52.41999816894531,51.09000015258789,51.18000030517578,1267800,42.37953567504883,0.0
BG,2019-05-31,50.83000183105469,52.36000061035156,50.83000183105469,52.290000915527344,1756800,43.298667907714844,0.0
BG,2019-06-03,52.290000915527344,54.650001525878906,51.90999984741211,54.599998474121094,1952500,45.211463928222656,0.0
BG,2019-06-04,54.81999969482422,55.25,54.369998931884766,54.75,1156900,45.335670471191406,0.0
BG,2019-06-05,54.58000183105469,55.0099983215332,53.650001525878906,54.529998779296875,922100,45.153499603271484,0.0
BG,2019-06-06,54.66999816894531,55.2400016784668,54.119998931884766,55.099998474121094,1095300,45.62548828125,0.0
BG,2019-06-07,55.349998474121094,55.38999938964844,54.70000076293945,55.150001525878906,2378800,45.666893005371094,0.0
BG,2019-06-10,55.220001220703125,56.52000045776367,55.06999969482422,56.400001525878906,2316800,46.70195007324219,0.0
BG,2019-06-11,56.47999954223633,56.650001525878906,55.7400016784668,56.20000076293945,1423700,46.53635025024414,0.0
BG,2019-06-12,56.33000183105469,57.33000183105469,56.2400016784668,57.099998474121094,1713200,47.28158187866211,0.0
BG,2019-06-13,57.400001525878906,57.95000076293945,56.97999954223633,57.5,621700,47.61280059814453,0.0
BG,2019-06-14,57.4900016784668,58.09000015258789,57.279998779296875,57.86000061035156,1059100,47.91089630126953,0.0
BG,2019-06-17,57.970001220703125,58.099998474121094,57.279998779296875,57.5099983215332,1182700,47.6210823059082,0.0
BG,2019-06-18,57.720001220703125,58.130001068115234,57.599998474121094,57.97999954223633,2046000,48.01026153564453,0.0
BG,2019-06-19,58.13999938964844,58.189998626708984,57.15999984741211,57.36000061035156,3198500,47.49686813354492,0.0
BG,2019-06-20,57.70000076293945,57.84000015258789,57.18000030517578,57.61000061035156,1328000,47.70388412475586,0.0
BG,2019-06-21,57.4900016784668,57.81999969482422,56.790000915527344,57.54999923706055,2591800,47.654205322265625,0.0
BG,2019-06-24,57.529998779296875,57.619998931884766,56.959999084472656,57.4900016784668,982500,47.60452651977539,0.0
BG,2019-06-25,57.40999984741211,57.47999954223633,55.75,55.880001068115234,1934700,46.2713623046875,0.0
BG,2019-06-26,55.86000061035156,56.2400016784668,55.560001373291016,55.630001068115234,651700,46.0643424987793,0.0
BG,2019-06-27,55.310001373291016,55.619998931884766,54.86000061035156,55.099998474121094,1082500,45.62548828125,0.0
BG,2019-06-28,55.27000045776367,56.25,55.040000915527344,55.709999084472656,1590500,46.130592346191406,0.0
BG,2019-07-01,56.279998779296875,56.810001373291016,56.06999969482422,56.290000915527344,861800,46.61086654663086,0.0
BG,2019-07-02,56.54999923706055,57.150001525878906,56.310001373291016,56.40999984741211,783600,46.71022033691406,0.0
BG,2019-07-03,56.77000045776367,57.09000015258789,56.59000015258789,56.72999954223633,373900,46.97520446777344,0.0
BG,2019-07-05,56.56999969482422,56.83000183105469,56.029998779296875,56.61000061035156,434000,46.875831604003906,0.0
BG,2019-07-08,56.59000015258789,57.2400016784668,56.279998779296875,56.970001220703125,633300,47.17393112182617,0.0
BG,2019-07-09,56.869998931884766,57.5,56.560001373291016,57.290000915527344,738000,47.43891525268555,0.0
BG,2019-07-10,57.45000076293945,57.83000183105469,57.18000030517578,57.189998626708984,1214700,47.356101989746094,0.0
BG,2019-07-11,57.400001525878906,57.7599983215332,56.470001220703125,56.54999923706055,506600,46.82615661621094,0.0
BG,2019-07-12,56.650001525878906,57.43000030517578,56.61000061035156,56.86000061035156,789800,47.08285140991211,0.0
BG,2019-07-15,57.0,57.060001373291016,56.459999084472656,56.779998779296875,633100,47.01660919189453,0.0
BG,2019-07-16,56.58000183105469,56.63999938964844,55.459999084472656,55.84000015258789,685200,46.238250732421875,0.0
BG,2019-07-17,55.939998626708984,55.970001220703125,55.119998931884766,55.66999816894531,666400,46.09748077392578,0.0
BG,2019-07-18,55.61000061035156,56.189998626708984,55.290000915527344,55.83000183105469,610700,46.2299690246582,0.0
BG,2019-07-19,55.97999954223633,56.209999084472656,55.38999938964844,55.56999969482422,671100,46.01466369628906,0.0
BG,2019-07-22,57.04999923706055,57.2400016784668,56.040000915527344,56.34000015258789,1312800,46.652259826660156,0.0
BG,2019-07-23,56.58000183105469,57.18000030517578,56.540000915527344,56.970001220703125,863900,47.17393112182617,0.0
BG,2019-07-24,56.689998626708984,57.06999969482422,56.20000076293945,56.869998931884766,791400,47.091129302978516,0.0
BG,2019-07-25,56.83000183105469,57.22999954223633,56.349998474121094,56.630001068115234,1016300,46.89240646362305,0.0
BG,2019-07-26,56.849998474121094,57.04999923706055,56.36000061035156,56.93000030517578,974600,47.14081954956055,0.0
BG,2019-07-29,56.90999984741211,57.25,55.86000061035156,56.58000183105469,1061800,46.85100173950195,0.0
BG,2019-07-30,56.45000076293945,56.790000915527344,56.04999923706055,56.36000061035156,1476000,46.668827056884766,0.0
BG,2019-07-31,58.209999084472656,59.369998931884766,57.900001525878906,58.43000030517578,2253700,48.38288497924805,0.0
BG,2019-08-01,58.7400016784668,59.650001525878906,57.790000915527344,57.91999816894531,1750900,47.9605827331543,0.0
BG,2019-08-02,57.79999923706055,57.900001525878906,56.4900016784668,57.189998626708984,898200,47.356101989746094,0.0
BG,2019-08-05,56.599998474121094,56.65999984741211,55.16999816894531,55.29999923706055,1268500,45.79108810424805,0.0
BG,2019-08-06,55.59000015258789,56.400001525878906,55.0,56.06999969482422,1271000,46.42869186401367,0.0
BG,2019-08-07,55.59000015258789,56.33000183105469,54.880001068115234,56.27000045776367,879500,46.594303131103516,0.0
BG,2019-08-08,56.540000915527344,58.119998931884766,56.27000045776367,58.099998474121094,1587600,48.1096305847168,0.0
BG,2019-08-09,57.709999084472656,57.83000183105469,56.869998931884766,57.220001220703125,693300,47.380943298339844,0.0
BG,2019-08-12,56.65999984741211,56.81999969482422,53.2599983215332,53.36000061035156,1461000,44.18467712402344,0.0
BG,2019-08-13,53.29999923706055,55.02000045776367,53.189998626708984,53.470001220703125,1400500,44.27577590942383,0.0
BG,2019-08-14,52.97999954223633,53.70000076293945,52.33000183105469,53.34000015258789,1182900,44.168113708496094,0.0
BG,2019-08-15,53.5,53.970001220703125,53.0099983215332,53.81999969482422,902200,44.565582275390625,0.0
BG,2019-08-16,54.08000183105469,54.91999816894531,53.58000183105469,54.869998931884766,824500,45.435028076171875,0.0
BG,2019-08-19,54.779998779296875,55.099998474121094,53.0099983215332,55.0099983215332,775300,45.969852447509766,0.5
BG,2019-08-20,54.790000915527344,54.790000915527344,53.869998931884766,53.900001525878906,951400,45.04228210449219,0.0
BG,2019-08-21,54.06999969482422,54.81999969482422,53.380001068115234,54.70000076293945,918500,45.71080780029297,0.0
BG,2019-08-22,54.59000015258789,55.099998474121094,54.220001220703125,54.900001525878906,775000,45.87793731689453,0.0
BG,2019-08-23,54.45000076293945,54.560001373291016,53.02000045776367,53.220001220703125,873200,44.474029541015625,0.0
BG,2019-08-26,53.619998931884766,53.75,52.939998626708984,53.5099983215332,844000,44.71636199951172,0.0
BG,2019-08-27,53.650001525878906,53.650001525878906,51.65999984741211,52.58000183105469,1119500,43.93920135498047,0.0
BG,2019-08-28,52.540000915527344,52.79999923706055,51.77000045776367,52.439998626708984,1004000,43.82220458984375,0.0
BG,2019-08-29,52.75,52.849998474121094,52.029998779296875,52.619998931884766,969900,43.97261428833008,0.0
BG,2019-08-30,53.369998931884766,53.90999984741211,53.15999984741211,53.40999984741211,1013500,44.63279342651367,0.0
BG,2019-09-03,53.349998474121094,53.529998779296875,52.630001068115234,53.36000061035156,744100,44.59101486206055,0.0
BG,2019-09-04,53.95000076293945,54.189998626708984,53.630001068115234,53.900001525878906,788500,45.04228210449219,0.0
BG,2019-09-05,54.189998626708984,55.72999954223633,54.189998626708984,55.220001220703125,707000,46.145347595214844,0.0
BG,2019-09-06,55.06999969482422,55.970001220703125,55.040000915527344,55.79999923706055,659400,46.630027770996094,0.0
BG,2019-09-09,55.790000915527344,57.11000061035156,55.720001220703125,57.099998474121094,991500,47.716400146484375,0.0
BG,2019-09-10,56.9900016784668,57.5099983215332,56.540000915527344,56.9900016784668,1088400,47.62446975708008,0.0
BG,2019-09-11,57.189998626708984,58.0,56.56999969482422,57.970001220703125,869400,48.44342041015625,0.0
BG,2019-09-12,57.70000076293945,58.060001373291016,56.939998626708984,57.5,812800,48.0506591796875,0.0
BG,2019-09-13,57.380001068115234,57.70000076293945,56.599998474121094,56.83000183105469,2088100,47.49077224731445,0.0
BG,2019-09-16,56.560001373291016,58.0,56.380001068115234,57.81999969482422,751200,48.318077087402344,0.0
BG,2019-09-17,57.54999923706055,57.58000183105469,56.56999969482422,56.65999984741211,769400,47.34870147705078,0.0
BG,2019-09-18,56.75,57.16999816894531,56.27000045776367,56.97999954223633,928500,47.616111755371094,0.0
BG,2019-09-19,57.099998474121094,57.099998474121094,56.08000183105469,56.150001525878906,683900,46.922523498535156,0.0
BG,2019-09-20,56.13999938964844,56.5099983215332,55.720001220703125,55.959999084472656,1698000,46.763736724853516,0.0
BG,2019-09-23,55.650001525878906,56.34000015258789,55.25,55.970001220703125,848200,46.77210235595703,0.0
BG,2019-09-24,56.18000030517578,56.310001373291016,55.31999969482422,55.54999923706055,940500,46.42111587524414,0.0
BG,2019-09-25,55.66999816894531,56.45000076293945,55.59000015258789,56.08000183105469,869300,46.8640251159668,0.0
BG,2019-09-26,56.20000076293945,57.16999816894531,56.08000183105469,56.560001373291016,1082000,47.2651481628418,0.0
BG,2019-09-27,56.65999984741211,56.880001068115234,56.20000076293945,56.540000915527344,532900,47.24842834472656,0.0
BG,2019-09-30,56.5099983215332,57.040000915527344,56.290000915527344,56.619998931884766,847400,47.31528091430664,0.0
BG,2019-10-01,56.869998931884766,57.16999816894531,55.95000076293945,56.38999938964844,1100600,47.12307357788086,0.0
BG,2019-10-02,56.29999923706055,56.45000076293945,55.43000030517578,55.86000061035156,699500,46.68017578125,0.0
BG,2019-10-03,55.5,55.849998474121094,54.81999969482422,55.790000915527344,666300,46.62168502807617,0.0
BG,2019-10-04,55.720001220703125,56.290000915527344,55.59000015258789,56.290000915527344,638800,47.039512634277344,0.0
BG,2019-10-07,55.88999938964844,56.150001525878906,55.40999984741211,55.630001068115234,684400,46.48796463012695,0.0
BG,2019-10-08,55.65999984741211,55.65999984741211,54.400001525878906,54.41999816894531,809200,45.4768180847168,0.0
BG,2019-10-09,54.560001373291016,54.93000030517578,54.22999954223633,54.83000183105469,667900,45.81943893432617,0.0
BG,2019-10-10,54.81999969482422,55.560001373291016,54.59000015258789,55.380001068115234,830500,46.279052734375,0.0
BG,2019-10-11,55.77000045776367,56.97999954223633,55.77000045776367,56.209999084472656,1086900,46.972660064697266,0.0
BG,2019-10-14,56.2599983215332,56.689998626708984,55.939998626708984,56.54999923706055,1161500,47.25678634643555,0.0
BG,2019-10-15,56.61000061035156,57.34000015258789,56.20000076293945,57.130001068115234,888500,47.7414665222168,0.0
BG,2019-10-16,56.939998626708984,57.130001068115234,55.22999954223633,55.400001525878906,861100,46.29576110839844,0.0
BG,2019-10-17,55.22999954223633,55.34000015258789,54.5099983215332,55.04999923706055,813000,46.00328826904297,0.0
BG,2019-10-18,54.97999954223633,55.63999938964844,54.209999084472656,54.70000076293945,982700,45.71080780029297,0.0
BG,2019-10-21,54.65999984741211,55.540000915527344,54.65999984741211,55.150001525878906,716000,46.086856842041016,0.0
BG,2019-10-22,55.209999084472656,55.45000076293945,54.720001220703125,55.400001525878906,905800,46.29576110839844,0.0
BG,2019-10-23,55.369998931884766,55.45000076293945,54.400001525878906,55.45000076293945,647700,46.33754348754883,0.0
BG,2019-10-24,55.45000076293945,55.45000076293945,54.29999923706055,54.63999938964844,462600,45.66066360473633,0.0
BG,2019-10-25,54.58000183105469,55.349998474121094,54.34000015258789,55.2400016784668,525400,46.16206741333008,0.0
BG,2019-10-28,55.349998474121094,55.849998474121094,54.869998931884766,55.529998779296875,621000,46.40441131591797,0.0
BG,2019-10-29,55.040000915527344,56.529998779296875,55.040000915527344,56.189998626708984,1177000,46.955928802490234,0.0
BG,2019-10-30,55.040000915527344,55.9900016784668,52.310001373291016,52.7599983215332,2271900,44.08960723876953,0.0
BG,2019-10-31,53.0,54.220001220703125,52.099998474121094,54.0,1255400,45.12583923339844,0.0
BG,2019-11-01,54.150001525878906,54.619998931884766,53.720001220703125,54.220001220703125,1204500,45.30968475341797,0.0
BG,2019-11-04,54.58000183105469,56.41999816894531,54.58000183105469,56.2599983215332,1194200,47.01443099975586,0.0
BG,2019-11-05,56.0099983215332,56.7599983215332,55.22999954223633,55.59000015258789,1102800,46.454551696777344,0.0
BG,2019-11-06,55.560001373291016,55.91999816894531,55.15999984741211,55.209999084472656,760800,46.136985778808594,0.0
BG,2019-11-07,55.5,56.349998474121094,55.29999923706055,55.45000076293945,691400,46.33754348754883,0.0
BG,2019-11-08,55.220001220703125,55.959999084472656,54.880001068115234,55.88999938964844,535100,46.70524978637695,0.0
BG,2019-11-11,55.72999954223633,55.93000030517578,55.20000076293945,55.81999969482422,726100,46.64674758911133,0.0
BG,2019-11-12,56.0,56.630001068115234,55.58000183105469,55.720001220703125,825700,46.56318283081055,0.0
BG,2019-11-13,55.5,55.619998931884766,54.709999084472656,55.20000076293945,694300,46.128639221191406,0.0
BG,2019-11-14,55.08000183105469,55.75,55.029998779296875,55.45000076293945,702900,46.33754348754883,0.0
BG,2019-11-15,55.38999938964844,56.22999954223633,55.150001525878906,56.189998626708984,921300,47.383201599121094,0.5
BG,2019-11-18,55.9900016784668,55.9900016784668,54.61000061035156,54.68000030517578,688900,46.1098747253418,0.0
BG,2019-11-19,54.650001525878906,55.869998931884766,54.650001525878906,55.65999984741211,1253900,46.9362678527832,0.0
BG,2019-11-20,55.66999816894531,55.66999816894531,54.630001068115234,55.29999923706055,1610700,46.6326904296875,0.0
BG,2019-11-21,55.099998474121094,55.18000030517578,54.54999923706055,54.63999938964844,616600,46.07613754272461,0.0
BG,2019-11-22,54.47999954223633,55.31999969482422,54.08000183105469,54.08000183105469,493700,45.60390853881836,0.0
BG,2019-11-25,54.06999969482422,54.619998931884766,53.86000061035156,53.880001068115234,692600,45.43525314331055,0.0
BG,2019-11-26,53.869998931884766,54.150001525878906,53.029998779296875,53.279998779296875,880700,44.929290771484375,0.0
BG,2019-11-27,53.34000015258789,53.88999938964844,53.15999984741211,53.45000076293945,701200,45.07264709472656,0.0
BG,2019-11-29,53.130001068115234,53.7599983215332,52.79999923706055,53.380001068115234,415500,45.01362609863281,0.0
BG,2019-12-02,53.25,54.09000015258789,53.119998931884766,53.540000915527344,560800,45.148555755615234,0.0
BG,2019-12-03,52.9900016784668,53.2599983215332,52.47999954223633,52.86000061035156,764100,44.57512664794922,0.0
BG,2019-12-04,52.779998779296875,53.52000045776367,52.779998779296875,53.099998474121094,731300,44.777503967285156,0.0
BG,2019-12-05,53.209999084472656,53.650001525878906,52.790000915527344,53.5099983215332,792000,45.12324523925781,0.0
BG,2019-12-06,53.86000061035156,54.470001220703125,53.61000061035156,53.720001220703125,552400,45.300323486328125,0.0
BG,2019-12-09,53.720001220703125,53.849998474121094,53.08000183105469,53.400001525878906,653800,45.030479431152344,0.0
BG,2019-12-10,54.529998779296875,55.13999938964844,54.13999938964844,54.709999084472656,1110800,46.13515853881836,0.0
BG,2019-12-11,54.68000030517578,55.66999816894531,54.58000183105469,55.279998779296875,793900,46.6158332824707,0.0
BG,2019-12-12,55.439998626708984,56.13999938964844,55.279998779296875,55.93000030517578,768200,47.163944244384766,0.0
BG,2019-12-13,56.15999984741211,56.20000076293945,55.060001373291016,55.77000045776367,854100,47.02902603149414,0.0
BG,2019-12-16,55.7400016784668,56.220001220703125,55.61000061035156,55.91999816894531,778500,47.15552520751953,0.0
BG,2019-12-17,55.77000045776367,56.0,55.18000030517578,55.84000015258789,949200,47.088069915771484,0.0
BG,2019-12-18,55.66999816894531,56.189998626708984,55.31999969482422,56.13999938964844,1141000,47.34103012084961,0.0
BG,2019-12-19,56.290000915527344,56.31999969482422,55.7400016784668,55.97999954223633,709900,47.20611572265625,0.0
BG,2019-12-20,55.650001525878906,57.939998626708984,55.220001220703125,57.54999923706055,2031000,48.530052185058594,0.0
BG,2019-12-23,57.709999084472656,57.7599983215332,56.75,56.970001220703125,567900,48.040950775146484,0.0
BG,2019-12-24,57.22999954223633,57.310001373291016,56.900001525878906,57.04999923706055,177700,48.1084098815918,0.0
BG,2019-12-26,57.099998474121094,57.709999084472656,57.099998474121094,57.380001068115234,552600,48.38668441772461,0.0
BG,2019-12-27,57.47999954223633,57.849998474121094,57.13999938964844,57.369998931884766,437000,48.378265380859375,0.0
BG,2019-12-30,57.20000076293945,57.29999923706055,56.869998931884766,57.150001525878906,445700,48.192745208740234,0.0
BG,2019-12-31,57.119998931884766,57.75,56.939998626708984,57.54999923706055,634000,48.530052185058594,0.0
BG,2020-01-02,57.91999816894531,58.189998626708984,57.099998474121094,57.560001373291016,574600,48.53848648071289,0.0
BG,2020-01-03,57.36000061035156,57.97999954223633,57.29999923706055,57.939998626708984,782400,48.858917236328125,0.0
BG,2020-01-06,57.63999938964844,57.790000915527344,57.099998474121094,57.52000045776367,1388700,48.50475311279297,0.0
BG,2020-01-07,57.54999923706055,57.810001373291016,56.93000030517578,57.040000915527344,728600,48.0999755859375,0.0
BG,2020-01-08,57.0099983215332,57.130001068115234,56.13999938964844,56.38999938964844,827500,47.551849365234375,0.0
BG,2020-01-09,56.38999938964844,56.540000915527344,55.209999084472656,55.97999954223633,799600,47.20611572265625,0.0
BG,2020-01-10,55.90999984741211,56.34000015258789,55.54999923706055,55.65999984741211,673300,46.9362678527832,0.0
BG,2020-01-13,55.70000076293945,56.38999938964844,55.45000076293945,55.779998779296875,708700,47.03746032714844,0.0
BG,2020-01-14,55.84000015258789,56.15999984741211,55.33000183105469,55.599998474121094,674600,46.885677337646484,0.0
BG,2020-01-15,55.54999923706055,56.0,55.189998626708984,55.380001068115234,532000,46.70015335083008,0.0
BG,2020-01-16,55.65999984741211,56.540000915527344,55.40999984741211,56.31999969482422,692700,47.49282455444336,0.0
BG,2020-01-17,56.31999969482422,56.58000183105469,55.880001068115234,56.060001373291016,1316800,47.27357864379883,0.0
BG,2020-01-21,56.150001525878906,56.560001373291016,55.720001220703125,56.40999984741211,940300,47.56871795654297,0.0
BG,2020-01-22,56.47999954223633,56.4900016784668,55.189998626708984,55.880001068115234,822700,47.121795654296875,0.0
BG,2020-01-23,55.56999969482422,55.84000015258789,54.84000015258789,55.599998474121094,593600,46.885677337646484,0.0
BG,2020-01-24,55.54999923706055,55.56999969482422,54.119998931884766,54.31999969482422,802000,45.80628967285156,0.0
BG,2020-01-27,53.61000061035156,53.65999984741211,51.709999084472656,51.84000015258789,1383100,43.71498489379883,0.0
BG,2020-01-28,52.099998474121094,52.380001068115234,51.29999923706055,51.61000061035156,1444200,43.52103805541992,0.0
BG,2020-01-29,51.66999816894531,51.77000045776367,51.0,51.04999923706055,800700,43.04880142211914,0.0
BG,2020-01-30,51.0,52.5,50.90999984741211,52.470001220703125,956200,44.24624252319336,0.0
BG,2020-01-31,52.2400016784668,52.43000030517578,51.81999969482422,52.43000030517578,978100,44.21251678466797,0.0
BG,2020-02-03,52.689998626708984,53.439998626708984,52.52000045776367,52.9900016784668,887700,44.68475341796875,0.0
BG,2020-02-04,53.56999969482422,54.31999969482422,52.79999923706055,52.97999954223633,780900,44.676307678222656,0.0
BG,2020-02-05,53.29999923706055,54.650001525878906,53.290000915527344,54.36000061035156,919100,45.840030670166016,0.0
BG,2020-02-06,54.63999938964844,55.0,53.630001068115234,53.63999938964844,887700,45.232872009277344,0.0
BG,2020-02-07,53.4900016784668,54.43000030517578,53.119998931884766,54.08000183105469,879400,45.60390853881836,0.0
BG,2020-02-10,53.81999969482422,55.15999984741211,53.619998931884766,54.66999816894531,1519200,46.10143280029297,0.0
BG,2020-02-11,54.91999816894531,56.310001373291016,54.70000076293945,55.0,1713100,46.37971878051758,0.0
BG,2020-02-12,56.599998474121094,57.5,54.84000015258789,55.02000045776367,2763800,46.396575927734375,0.0
BG,2020-02-13,55.150001525878906,56.790000915527344,54.65999984741211,55.77000045776367,2246300,47.460330963134766,0.5
BG,2020-02-14,55.720001220703125,55.720001220703125,54.18000030517578,54.220001220703125,1301100,46.14128112792969,0.0
BG,2020-02-18,54.0,54.0,52.95000076293945,53.599998474121094,1092300,45.61365509033203,0.0
BG,2020-02-19,53.790000915527344,54.20000076293945,53.56999969482422,53.7599983215332,1077400,45.74982452392578,0.0
BG,2020-02-20,53.61000061035156,54.040000915527344,53.16999816894531,53.97999954223633,853800,45.93703842163086,0.0
BG,2020-02-21,53.630001068115234,53.86000061035156,53.0,53.22999954223633,579700,45.29879379272461,0.0
BG,2020-02-24,52.75,53.18000030517578,52.220001220703125,53.02000045776367,1212000,45.120079040527344,0.0
BG,2020-02-25,52.91999816894531,52.970001220703125,50.619998931884766,51.02000045776367,1263800,43.41807174682617,0.0
BG,2020-02-26,51.25,51.939998626708984,50.52000045776367,50.529998779296875,1324800,43.001094818115234,0.0
BG,2020-02-27,49.900001525878906,49.9900016784668,47.5099983215332,47.849998474121094,1615500,40.720401763916016,0.0
BG,2020-02-28,46.68000030517578,47.54999923706055,45.650001525878906,46.95000076293945,2186500,39.954498291015625,0.0
BG,2020-03-02,47.209999084472656,49.189998626708984,47.06999969482422,49.029998779296875,1794300,41.72457504272461,0.0
BG,2020-03-03,48.90999984741211,49.88999938964844,48.040000915527344,48.560001373291016,1125200,41.32461929321289,0.0
BG,2020-03-04,49.31999969482422,50.29999923706055,49.2599983215332,49.709999084472656,1650600,42.30326843261719,0.0
BG,2020-03-05,48.56999969482422,49.099998474121094,47.90999984741211,48.41999816894531,1028000,41.20547103881836,0.0
BG,2020-03-06,47.290000915527344,47.540000915527344,45.880001068115234,46.849998474121094,1529800,39.86940002441406,0.0
BG,2020-03-09,43.93000030517578,45.66999816894531,42.189998626708984,43.58000183105469,2266300,37.08662414550781,0.0
BG,2020-03-10,44.70000076293945,44.779998779296875,40.75,43.34000015258789,1660500,36.882389068603516,0.0
BG,2020-03-11,42.15999984741211,42.400001525878906,39.31999969482422,39.900001525878906,1944000,33.9549446105957,0.0
BG,2020-03-12,37.47999954223633,38.529998779296875,34.11000061035156,36.150001525878906,3126200,30.763687133789062,0.0
BG,2020-03-13,38.0,39.38999938964844,36.0,38.560001373291016,1727800,32.814605712890625,0.0
BG,2020-03-16,35.959999084472656,37.619998931884766,33.31999969482422,33.63999938964844,1704700,28.627676010131836,0.0
BG,2020-03-17,35.02000045776367,36.5099983215332,33.63999938964844,35.290000915527344,2583900,30.03183364868164,0.0
BG,2020-03-18,33.0,33.5,29.639999389648438,30.25,2399700,25.74278450012207,0.0
BG,2020-03-19,30.0,33.95000076293945,29.0,32.7400016784668,2221500,27.861778259277344,0.0
BG,2020-03-20,33.40999984741211,35.060001373291016,31.700000762939453,31.780000686645508,2263000,27.044818878173828,0.0
BG,2020-03-23,31.6200008392334,33.790000915527344,30.739999771118164,32.7400016784668,2095000,27.861778259277344,0.0
BG,2020-03-24,34.689998626708984,35.61000061035156,34.119998931884766,35.0,1834400,29.7850399017334,0.0
BG,2020-03-25,35.560001373291016,38.95000076293945,35.22999954223633,36.630001068115234,2054000,31.17217445373535,0.0
BG,2020-03-26,37.15999984741211,38.79999923706055,36.31999969482422,37.63999938964844,1544000,32.03168869018555,0.0
BG,2020-03-27,36.310001373291016,37.33000183105469,35.150001525878906,36.189998626708984,1688600,30.79773712158203,0.0
BG,2020-03-30,36.5099983215332,40.189998626708984,35.650001525878906,39.59000015258789,1772400,33.69112777709961,0.0
BG,2020-03-31,39.709999084472656,41.459999084472656,39.689998626708984,41.029998779296875,1988800,34.91657257080078,0.0
BG,2020-04-01,39.59000015258789,40.439998626708984,37.529998779296875,38.369998931884766,1729400,32.65291976928711,0.0
BG,2020-04-02,38.34000015258789,39.790000915527344,37.79999923706055,39.08000183105469,1592000,33.257118225097656,0.0
BG,2020-04-03,38.54999923706055,39.08000183105469,36.630001068115234,37.16999816894531,1225600,31.63172149658203,0.0
BG,2020-04-06,38.66999816894531,39.290000915527344,37.959999084472656,38.27000045776367,1534000,32.56782531738281,0.0
BG,2020-04-07,39.540000915527344,41.2599983215332,37.9900016784668,38.02000045776367,1360400,32.35505676269531,0.0
BG,2020-04-08,38.4900016784668,39.79999923706055,38.18000030517578,39.439998626708984,1625300,33.5634880065918,0.0
BG,2020-04-09,39.849998474121094,41.40999984741211,39.529998779296875,40.83000183105469,1360500,34.746368408203125,0.0
BG,2020-04-13,40.86000061035156,41.150001525878906,38.88999938964844,38.95000076293945,1026300,33.14649963378906,0.0
BG,2020-04-14,39.970001220703125,40.720001220703125,38.779998779296875,39.459999084472656,1397100,33.580501556396484,0.0
BG,2020-04-15,38.47999954223633,38.529998779296875,36.36000061035156,36.91999816894531,1497600,31.418956756591797,0.0
BG,2020-04-16,36.91999816894531,38.38999938964844,36.38999938964844,38.11000061035156,1487200,32.431640625,0.0
BG,2020-04-17,38.93000030517578,40.11000061035156,38.61000061035156,40.09000015258789,1789800,34.116634368896484,0.0
BG,2020-04-20,39.5,40.130001068115234,38.77000045776367,38.880001068115234,1142000,33.0869255065918,0.0
BG,2020-04-21,38.130001068115234,38.29999923706055,36.09000015258789,36.130001068115234,1434900,30.74667739868164,0.0
BG,2020-04-22,36.810001373291016,38.11000061035156,36.45000076293945,37.79999923706055,1641500,32.16783905029297,0.0
BG,2020-04-23,38.0,39.36000061035156,38.0,39.130001068115234,1087800,33.299678802490234,0.0
BG,2020-04-24,39.77000045776367,39.83000183105469,38.7400016784668,39.61000061035156,1093300,33.70815658569336,0.0
BG,2020-04-27,39.709999084472656,40.0,39.16999816894531,39.689998626708984,1706700,33.7762336730957,0.0
BG,2020-04-28,40.5,40.709999084472656,39.56999969482422,40.41999816894531,1018800,34.397457122802734,0.0
BG,2020-04-29,41.040000915527344,42.06999969482422,40.88999938964844,41.650001525878906,1107200,35.44419479370117,0.0
BG,2020-04-30,41.209999084472656,41.43000030517578,39.54999923706055,39.66999816894531,1063200,33.75920486450195,0.0
BG,2020-05-01,39.09000015258789,39.439998626708984,37.599998474121094,37.88999938964844,1001900,32.24443435668945,0.0
BG,2020-05-04,37.560001373291016,38.09000015258789,37.15999984741211,37.689998626708984,1517900,32.0742301940918,0.0
BG,2020-05-05,38.0,38.599998474121094,37.83000183105469,37.939998626708984,995500,32.28697204589844,0.0
BG,2020-05-06,35.0,35.41999816894531,32.68000030517578,34.20000076293945,5259600,29.104236602783203,0.0
BG,2020-05-07,34.5,36.75,34.5,36.369998931884766,2962500,30.950912475585938,0.0
BG,2020-05-08,37.099998474121094,37.439998626708984,36.04999923706055,36.529998779296875,1632400,31.08707618713379,0.0
BG,2020-05-11,36.15999984741211,36.41999816894531,34.619998931884766,34.66999816894531,1805400,29.504201889038086,0.0
BG,2020-05-12,35.29999923706055,35.619998931884766,34.529998779296875,34.630001068115234,1397900,29.470169067382812,0.0
BG,2020-05-13,35.060001373291016,35.2400016784668,33.81999969482422,34.349998474121094,1610300,29.231889724731445,0.0
BG,2020-05-14,33.93000030517578,34.849998474121094,33.08000183105469,34.77000045776367,1446800,29.58930778503418,0.0
BG,2020-05-15,34.02000045776367,34.79999923706055,33.72999954223633,34.33000183105469,1424100,29.64111328125,0.5
BG,2020-05-18,35.41999816894531,35.900001525878906,35.119998931884766,35.43000030517578,1794400,30.590877532958984,0.0
BG,2020-05-19,35.5,35.970001220703125,34.970001220703125,35.13999938964844,1291100,30.340473175048828,0.0
BG,2020-05-20,35.459999084472656,35.95000076293945,35.18000030517578,35.59000015258789,1325500,30.729019165039062,0.0
BG,2020-05-21,35.349998474121094,35.709999084472656,35.0,35.529998779296875,1246300,30.677213668823242,0.0
BG,2020-05-22,35.400001525878906,35.599998474121094,34.56999969482422,35.380001068115234,1406100,30.547706604003906,0.0
BG,2020-05-26,37.18000030517578,38.099998474121094,36.93000030517578,37.720001220703125,2626600,32.56809997558594,0.0
BG,2020-05-27,38.380001068115234,39.86000061035156,38.310001373291016,39.36000061035156,3097300,33.984100341796875,0.0
BG,2020-05-28,39.70000076293945,39.88999938964844,38.650001525878906,38.869998931884766,1436000,33.56102752685547,0.0
BG,2020-05-29,38.459999084472656,39.33000183105469,37.90999984741211,39.02000045776367,3154000,33.6905403137207,0.0
BG,2020-06-01,38.88999938964844,39.81999969482422,38.66999816894531,39.220001220703125,1622400,33.863224029541016,0.0
BG,2020-06-02,39.970001220703125,39.9900016784668,38.93000030517578,39.869998931884766,1743200,34.4244384765625,0.0
BG,2020-06-03,40.439998626708984,41.66999816894531,40.380001068115234,41.38999938964844,1493300,35.736839294433594,0.0
BG,2020-06-04,41.189998626708984,41.86000061035156,40.61000061035156,41.29999923706055,967300,35.65912628173828,0.0
BG,2020-06-05,42.79999923706055,44.86000061035156,42.33000183105469,42.470001220703125,1519300,36.669334411621094,0.0
BG,2020-06-08,43.400001525878906,44.369998931884766,43.310001373291016,43.810001373291016,1744000,37.82630920410156,0.0
BG,2020-06-09,43.0,43.290000915527344,42.099998474121094,42.90999984741211,1055700,37.049232482910156,0.0
BG,2020-06-10,42.84000015258789,43.09000015258789,40.38999938964844,40.41999816894531,1543600,34.899322509765625,0.0
BG,2020-06-11,39.88999938964844,39.970001220703125,38.709999084472656,38.880001068115234,2285200,33.56965637207031,0.0
BG,2020-06-12,40.0099983215332,40.2400016784668,38.63999938964844,39.38999938964844,1743300,34.010013580322266,0.0
BG,2020-06-15,38.040000915527344,40.099998474121094,37.81999969482422,39.81999969482422,1308600,34.38127136230469,0.0
BG,2020-06-16,41.0,41.470001220703125,39.970001220703125,41.08000183105469,1216200,35.46918487548828,0.0
BG,2020-06-17,41.06999969482422,41.11000061035156,40.08000183105469,40.40999984741211,1124300,34.890689849853516,0.0
BG,2020-06-18,39.970001220703125,41.36000061035156,39.709999084472656,41.209999084472656,1489800,35.5814208984375,0.0
BG,2020-06-19,42.0,42.0,40.630001068115234,40.630001068115234,2544500,35.08064651489258,0.0
BG,2020-06-22,40.65999984741211,40.90999984741211,40.029998779296875,40.38999938964844,1071500,34.87342071533203,0.0
BG,2020-06-23,40.689998626708984,41.56999969482422,40.41999816894531,41.08000183105469,1580000,35.46918487548828,0.0
BG,2020-06-24,40.529998779296875,42.16999816894531,39.70000076293945,41.189998626708984,2608100,35.564151763916016,0.0
BG,2020-06-25,41.290000915527344,42.599998474121094,41.209999084472656,42.52000045776367,2062500,36.71250534057617,0.0
BG,2020-06-26,42.380001068115234,42.380001068115234,40.20000076293945,40.220001220703125,2111800,34.72663497924805,0.0
BG,2020-06-29,40.560001373291016,41.36000061035156,40.439998626708984,40.810001373291016,908000,35.236061096191406,0.0
BG,2020-06-30,40.849998474121094,41.369998931884766,40.29999923706055,41.130001068115234,1095600,35.51234817504883,0.0
BG,2020-07-01,41.099998474121094,41.2599983215332,40.040000915527344,40.130001068115234,1560900,34.6489372253418,0.0
BG,2020-07-02,41.099998474121094,41.529998779296875,39.72999954223633,39.779998779296875,1555000,34.34674072265625,0.0
BG,2020-07-06,40.349998474121094,40.7400016784668,39.939998626708984,40.4900016784668,1297900,34.95976638793945,0.0
BG,2020-07-07,40.040000915527344,40.040000915527344,39.369998931884766,39.63999938964844,1011600,34.22585678100586,0.0
BG,2020-07-08,39.63999938964844,40.06999969482422,38.84000015258789,39.189998626708984,893000,33.837318420410156,0.0
BG,2020-07-09,38.93000030517578,39.0,38.0,38.22999954223633,904600,33.00843811035156,0.0
BG,2020-07-10,38.22999954223633,40.029998779296875,38.22999954223633,39.88999938964844,975800,34.44171142578125,0.0
BG,2020-07-13,40.56999969482422,41.13999938964844,39.7400016784668,40.5,1169200,34.968406677246094,0.0
BG,2020-07-14,40.310001373291016,41.959999084472656,40.13999938964844,41.900001525878906,1169900,36.17718505859375,0.0
BG,2020-07-15,42.470001220703125,43.47999954223633,42.02000045776367,43.22999954223633,1876800,37.325523376464844,0.0
BG,2020-07-16,43.04999923706055,43.88999938964844,42.619998931884766,42.84000015258789,1009300,36.988792419433594,0.0
BG,2020-07-17,43.09000015258789,43.459999084472656,42.7599983215332,43.060001373291016,874200,37.178749084472656,0.0
BG,2020-07-20,42.72999954223633,43.04999923706055,41.56999969482422,41.90999984741211,927300,36.185821533203125,0.0
BG,2020-07-21,42.060001373291016,43.290000915527344,42.060001373291016,42.88999938964844,1116800,37.0319709777832,0.0
BG,2020-07-22,42.790000915527344,43.61000061035156,42.630001068115234,43.369998931884766,803300,37.44639587402344,0.0
BG,2020-07-23,43.34000015258789,45.13999938964844,43.34000015258789,44.779998779296875,1142900,38.663818359375,0.0
BG,2020-07-24,44.70000076293945,44.97999954223633,44.0,44.33000183105469,895900,38.27529525756836,0.0
BG,2020-07-27,43.900001525878906,45.02000045776367,43.650001525878906,45.0,1038200,38.853782653808594,0.0
BG,2020-07-28,44.95000076293945,45.560001373291016,44.11000061035156,44.599998474121094,1001400,38.50840377807617,0.0
BG,2020-07-29,45.7599983215332,46.689998626708984,43.86000061035156,45.18000030517578,2377500,39.00918960571289,0.0
BG,2020-07-30,44.619998931884766,45.63999938964844,44.56999969482422,45.0099983215332,1256200,38.86240768432617,0.0
BG,2020-07-31,44.630001068115234,44.939998626708984,42.849998474121094,43.439998626708984,1418200,37.506839752197266,0.0
BG,2020-08-03,43.650001525878906,44.65999984741211,43.380001068115234,44.029998779296875,1236300,38.016258239746094,0.0
BG,2020-08-04,44.029998779296875,44.34000015258789,43.11000061035156,44.310001373291016,1035300,38.258018493652344,0.0
BG,2020-08-05,44.66999816894531,44.9900016784668,44.29999923706055,44.84000015258789,1012500,38.71562576293945,0.0
BG,2020-08-06,44.599998474121094,45.150001525878906,44.599998474121094,44.70000076293945,788500,38.594757080078125,0.0
BG,2020-08-07,44.41999816894531,45.59000015258789,44.380001068115234,45.459999084472656,808700,39.250946044921875,0.0
BG,2020-08-10,45.47999954223633,47.040000915527344,45.439998626708984,46.79999923706055,1038800,40.407920837402344,0.0
BG,2020-08-11,47.470001220703125,47.779998779296875,46.68000030517578,46.720001220703125,828000,40.3388557434082,0.0
BG,2020-08-12,47.25,47.38999938964844,46.689998626708984,46.810001373291016,744500,40.41656494140625,0.0
BG,2020-08-13,47.0,47.0,46.310001373291016,46.470001220703125,900500,40.12300109863281,0.0
BG,2020-08-14,45.75,46.38999938964844,45.529998779296875,45.93000030517578,838700,40.08809280395508,0.5
BG,2020-08-17,46.02000045776367,46.939998626708984,46.0099983215332,46.38999938964844,750600,40.48957443237305,0.0
BG,2020-08-18,46.34000015258789,46.400001525878906,45.86000061035156,46.16999816894531,635700,40.297569274902344,0.0
BG,2020-08-19,46.16999816894531,47.06999969482422,46.130001068115234,46.689998626708984,836400,40.75141906738281,0.0
BG,2020-08-20,46.25,46.7599983215332,45.70000076293945,45.9900016784668,888400,40.14045715332031,0.0
BG,2020-08-21,46.099998474121094,47.0099983215332,46.029998779296875,46.77000045776367,1010400,40.821250915527344,0.0
BG,2020-08-24,47.09000015258789,47.560001373291016,46.52000045776367,46.83000183105469,692800,40.87362289428711,0.0
BG,2020-08-25,47.189998626708984,47.36000061035156,46.13999938964844,46.939998626708984,906500,40.96963119506836,0.0
BG,2020-08-26,46.91999816894531,47.04999923706055,46.29999923706055,46.650001525878906,578400,40.71651077270508,0.0
BG,2020-08-27,46.65999984741211,46.900001525878906,45.91999816894531,46.2400016784668,542500,40.3586540222168,0.0
BG,2020-08-28,46.29999923706055,46.720001220703125,45.81999969482422,46.66999816894531,717100,40.73396682739258,0.0
BG,2020-08-31,46.45000076293945,46.63999938964844,45.58000183105469,45.619998931884766,961500,39.81751251220703,0.0
BG,2020-09-01,45.52000045776367,46.08000183105469,45.0099983215332,45.470001220703125,580700,39.68659210205078,0.0
BG,2020-09-02,45.619998931884766,46.529998779296875,45.369998931884766,46.40999984741211,809600,40.50704574584961,0.0
BG,2020-09-03,46.59000015258789,47.220001220703125,45.59000015258789,45.7599983215332,770600,39.93970489501953,0.0
BG,2020-09-04,46.22999954223633,46.66999816894531,45.2400016784668,46.47999954223633,654300,40.56813430786133,0.0
BG,2020-09-08,46.27000045776367,46.29999923706055,45.099998474121094,45.220001220703125,895800,39.46839904785156,0.0
BG,2020-09-09,45.45000076293945,46.2599983215332,45.33000183105469,45.849998474121094,598900,40.01826477050781,0.0
BG,2020-09-10,45.88999938964844,46.38999938964844,45.369998931884766,45.38999938964844,538100,39.61676788330078,0.0
BG,2020-09-11,45.369998931884766,45.810001373291016,45.0099983215332,45.63999938964844,688100,39.8349723815918,0.0
BG,2020-09-14,46.040000915527344,46.31999969482422,45.400001525878906,46.25,914900,40.36738586425781,0.0
BG,2020-09-15,46.36000061035156,46.869998931884766,45.61000061035156,46.369998931884766,1319700,40.47211837768555,0.0
BG,2020-09-16,46.43000030517578,46.86000061035156,46.189998626708984,46.5099983215332,871400,40.59430694580078,0.0
BG,2020-09-17,46.060001373291016,47.41999816894531,45.4900016784668,47.33000183105469,1230400,41.310028076171875,0.0
BG,2020-09-18,47.5099983215332,49.47999954223633,47.33000183105469,47.61000061035156,4055600,41.55440902709961,0.0
BG,2020-09-21,46.47999954223633,46.47999954223633,45.290000915527344,45.72999954223633,1234900,39.91353225708008,0.0
BG,2020-09-22,45.91999816894531,46.349998474121094,45.619998931884766,45.97999954223633,978600,40.13173294067383,0.0
BG,2020-09-23,46.349998474121094,46.849998474121094,44.58000183105469,44.65999984741211,1087100,38.97962188720703,0.0
BG,2020-09-24,44.52000045776367,45.220001220703125,43.40999984741211,44.650001525878906,1196400,38.97089767456055,0.0
BG,2020-09-25,44.439998626708984,46.20000076293945,44.40999984741211,46.09000015258789,1568700,40.22773742675781,0.0
BG,2020-09-28,46.970001220703125,47.560001373291016,46.4900016784668,46.5,912800,40.58558654785156,0.0
BG,2020-09-29,46.279998779296875,46.349998474121094,44.970001220703125,45.18000030517578,628300,39.43347930908203,0.0
BG,2020-09-30,45.220001220703125,46.099998474121094,45.220001220703125,45.70000076293945,889000,39.8873405456543,0.0
BG,2020-10-01,45.84000015258789,46.08000183105469,45.27000045776367,45.81999969482422,550600,39.9920768737793,0.0
BG,2020-10-02,45.040000915527344,46.47999954223633,44.81999969482422,46.38999938964844,553600,40.48957443237305,0.0
BG,2020-10-05,46.779998779296875,47.52000045776367,46.560001373291016,47.2400016784668,755300,41.23146438598633,0.0
BG,2020-10-06,47.88999938964844,48.90999984741211,47.5099983215332,47.599998474121094,1065600,41.54566955566406,0.0
BG,2020-10-07,48.08000183105469,49.220001220703125,48.0,49.060001373291016,1441100,42.81998062133789,0.0
BG,2020-10-08,49.41999816894531,49.43000030517578,48.65999984741211,49.02000045776367,1524000,42.78506851196289,0.0
BG,2020-10-09,49.5,51.209999084472656,49.38999938964844,50.470001220703125,1589200,44.05064010620117,0.0
BG,2020-10-12,50.75,51.720001220703125,50.34000015258789,51.38999938964844,916800,44.85362243652344,0.0
BG,2020-10-13,50.93000030517578,51.27000045776367,50.150001525878906,50.939998626708984,1025200,44.46085739135742,0.0
BG,2020-10-14,50.849998474121094,52.220001220703125,50.650001525878906,52.150001525878906,1159000,45.51694869995117,0.0
BG,2020-10-15,51.43000030517578,54.9900016784668,51.25,54.209999084472656,2652100,47.31494140625,0.0
BG,2020-10-16,54.2400016784668,54.900001525878906,53.869998931884766,54.59000015258789,1532400,47.6466064453125,0.0
BG,2020-10-19,55.40999984741211,56.09000015258789,54.18000030517578,54.599998474121094,1650100,47.655330657958984,0.0
BG,2020-10-20,55.16999816894531,55.470001220703125,54.099998474121094,55.029998779296875,1278600,48.03064727783203,0.0
BG,2020-10-21,55.060001373291016,56.13999938964844,55.0,55.099998474121094,1097500,48.091732025146484,0.0
BG,2020-10-22,55.380001068115234,57.45000076293945,55.25,56.45000076293945,1683400,49.27003860473633,0.0
BG,2020-10-23,56.91999816894531,57.869998931884766,55.83000183105469,56.02000045776367,1412100,48.894718170166016,0.0
BG,2020-10-26,55.599998474121094,56.060001373291016,54.90999984741211,55.689998626708984,1139400,48.606689453125,0.0
BG,2020-10-27,55.650001525878906,56.119998931884766,54.68000030517578,55.689998626708984,1517500,48.606689453125,0.0
BG,2020-10-28,58.0,60.5,57.04999923706055,58.060001373291016,4133400,50.67524719238281,0.0
BG,2020-10-29,58.310001373291016,58.72999954223633,57.18000030517578,58.290000915527344,2218600,50.875999450683594,0.0
BG,2020-10-30,57.58000183105469,57.90999984741211,55.90999984741211,56.72999954223633,2022800,49.5144157409668,0.0
BG,2020-11-02,57.43000030517578,58.5,56.880001068115234,58.06999969482422,1581700,50.683982849121094,0.0
BG,2020-11-03,58.36000061035156,58.65999984741211,56.119998931884766,56.47999954223633,1456500,49.29621887207031,0.0
BG,2020-11-04,56.2599983215332,56.70000076293945,54.0,55.959999084472656,1604000,48.84235763549805,0.0
BG,2020-11-05,56.040000915527344,58.810001373291016,56.040000915527344,58.5,1297800,51.059288024902344,0.0
BG,2020-11-06,58.83000183105469,58.880001068115234,57.22999954223633,57.5099983215332,1253700,50.1952018737793,0.0
BG,2020-11-09,59.0,59.5,56.79999923706055,56.849998474121094,1893100,49.61915588378906,0.0
BG,2020-11-10,57.209999084472656,58.939998626708984,56.5,58.810001373291016,1331400,51.32986831665039,0.0
BG,2020-11-11,59.0,59.68000030517578,57.43000030517578,58.900001525878906,1078400,51.408409118652344,0.0
BG,2020-11-12,58.93000030517578,58.93000030517578,57.400001525878906,57.9900016784668,920500,50.614158630371094,0.0
BG,2020-11-13,58.27000045776367,59.529998779296875,58.18000030517578,59.16999816894531,838600,51.644073486328125,0.0
BG,2020-11-16,59.91999816894531,61.08000183105469,58.650001525878906,60.689998626708984,1399900,52.97072982788086,0.0
BG,2020-11-17,59.33000183105469,59.93000030517578,58.59000015258789,59.380001068115234,1168500,52.257896423339844,0.5
BG,2020-11-18,59.5,60.63999938964844,58.279998779296875,58.380001068115234,1199300,51.37782669067383,0.0
BG,2020-11-19,58.13999938964844,58.65999984741211,57.36000061035156,58.529998779296875,1099600,51.509849548339844,0.0
BG,2020-11-20,58.4900016784668,58.970001220703125,58.099998474121094,58.7400016784668,713200,51.69466018676758,0.0
BG,2020-11-23,59.290000915527344,60.45000076293945,58.84000015258789,59.93000030517578,1224200,52.7419319152832,0.0
BG,2020-11-24,60.66999816894531,62.72999954223633,60.04999923706055,62.650001525878906,2134700,55.13568878173828,0.0
BG,2020-11-25,62.20000076293945,62.4900016784668,60.68000030517578,61.83000183105469,1407600,54.41403579711914,0.0
BG,2020-11-27,61.599998474121094,62.119998931884766,60.52000045776367,60.84000015258789,405600,53.54277420043945,0.0
BG,2020-11-30,60.47999954223633,60.9900016784668,58.810001373291016,58.88999938964844,1875200,51.82666015625,0.0
BG,2020-12-01,59.970001220703125,60.630001068115234,58.810001373291016,59.470001220703125,1309100,52.33710861206055,0.0
BG,2020-12-02,59.16999816894531,59.599998474121094,58.7599983215332,59.310001373291016,670900,52.1962890625,0.0
BG,2020-12-03,60.0,61.22999954223633,59.709999084472656,60.779998779296875,923800,53.489967346191406,0.0
BG,2020-12-04,61.040000915527344,61.779998779296875,61.0,61.470001220703125,1079100,54.09720993041992,0.0
BG,2020-12-07,61.540000915527344,61.65999984741211,60.310001373291016,60.779998779296875,907700,53.489967346191406,0.0
BG,2020-12-08,60.7599983215332,62.029998779296875,60.27000045776367,61.349998474121094,1205300,53.99159622192383,0.0
BG,2020-12-09,62.02000045776367,63.61000061035156,61.22999954223633,63.5,2088500,55.883731842041016,0.0
BG,2020-12-10,63.77000045776367,64.63999938964844,62.84000015258789,64.5,2047500,56.76378631591797,0.0
BG,2020-12-11,64.20999908447266,66.70999908447266,64.20999908447266,66.04000091552734,1884300,58.119083404541016,0.0
BG,2020-12-14,66.52999877929688,66.63999938964844,63.709999084472656,63.779998779296875,997700,56.13015365600586,0.0
BG,2020-12-15,64.0,65.83999633789062,63.79999923706055,65.16000366210938,1099400,57.344635009765625,0.0
BG,2020-12-16,65.0,65.16000366210938,63.970001220703125,64.62999725341797,557000,56.878196716308594,0.0
BG,2020-12-17,64.62000274658203,64.9800033569336,63.56999969482422,64.0,953500,56.32375717163086,0.0
BG,2020-12-18,64.06999969482422,64.51000213623047,63.209999084472656,64.37999725341797,2150600,56.65818405151367,0.0
BG,2020-12-21,63.709999084472656,65.0,63.29999923706055,64.81999969482422,979600,57.045413970947266,0.0
BG,2020-12-22,64.80000305175781,64.98999786376953,63.560001373291016,64.08999633789062,1124700,56.4029655456543,0.0
BG,2020-12-23,64.55000305175781,64.91999816894531,63.61000061035156,64.72000122070312,505800,56.95740509033203,0.0
BG,2020-12-24,64.37999725341797,64.5999984741211,63.779998779296875,64.33000183105469,239700,56.61418914794922,0.0
BG,2020-12-28,64.6500015258789,64.98999786376953,63.849998474121094,64.11000061035156,494600,56.420570373535156,0.0
BG,2020-12-29,64.0199966430664,64.29000091552734,62.84000015258789,63.439998626708984,722400,55.830936431884766,0.0
BG,2020-12-30,63.81999969482422,65.37999725341797,63.349998474121094,65.19000244140625,663500,57.37104034423828,0.0
BG,2020-12-31,65.13999938964844,65.86000061035156,64.77999877929688,65.58000183105469,846800,57.71426010131836,0.0
BG,2021-01-04,65.91999816894531,67.38999938964844,64.38999938964844,65.70999908447266,1255400,57.82867431640625,0.0
BG,2021-01-05,65.63999938964844,68.11000061035156,65.63999938964844,67.4000015258789,1382600,59.31596755981445,0.0
BG,2021-01-06,68.4000015258789,72.22000122070312,68.26000213623047,70.16999816894531,2892400,61.75373077392578,0.0
BG,2021-01-07,70.77999877929688,71.47000122070312,69.30000305175781,69.44000244140625,1284000,61.11128616333008,0.0
BG,2021-01-08,69.69999694824219,70.30999755859375,68.87000274658203,70.19999694824219,1019600,61.78013610839844,0.0
BG,2021-01-11,69.0999984741211,70.91000366210938,69.0999984741211,69.72000122070312,1156000,61.35770034790039,0.0
BG,2021-01-12,70.0,70.27999877929688,69.31999969482422,69.69000244140625,753300,61.331302642822266,0.0
BG,2021-01-13,69.97000122070312,72.25,69.47000122070312,70.43000030517578,1979300,61.982540130615234,0.0
BG,2021-01-14,70.44999694824219,73.48999786376953,70.43000030517578,72.25,1609100,63.58424758911133,0.0
BG,2021-01-15,71.80000305175781,71.98999786376953,69.75,70.66000366210938,1149100,62.184967041015625,0.0
BG,2021-01-19,71.0,72.3499984741211,70.33000183105469,70.6500015258789,1521500,62.17615509033203,0.0
BG,2021-01-20,70.87000274658203,71.80000305175781,70.37999725341797,70.91000366210938,963500,62.40498352050781,0.0
BG,2021-01-21,70.93000030517578,71.22000122070312,68.55000305175781,68.68000030517578,1122700,60.44243240356445,0.0
BG,2021-01-22,68.19999694824219,68.91000366210938,67.5199966430664,68.5999984741211,1138000,60.37203598022461,0.0
BG,2021-01-25,68.5999984741211,68.66000366210938,66.33000183105469,67.72000122070312,1588100,59.59758758544922,0.0
BG,2021-01-26,68.3499984741211,68.5999984741211,66.38999938964844,66.6500015258789,1227200,58.65592575073242,0.0
BG,2021-01-27,65.51000213623047,65.9000015258789,62.06999969482422,63.90999984741211,2061000,56.244564056396484,0.0
BG,2021-01-28,64.44999694824219,67.06999969482422,64.01000213623047,66.6500015258789,1590200,58.65592575073242,0.0
BG,2021-01-29,66.29000091552734,66.6500015258789,64.51000213623047,65.44000244140625,955400,57.59105682373047,0.0
BG,2021-02-01,65.91000366210938,67.51000213623047,65.05000305175781,67.2699966430664,1176900,59.2015495300293,0.0
BG,2021-02-02,68.16000366210938,69.77999877929688,67.62999725341797,69.5,1361300,61.16409683227539,0.0
BG,2021-02-03,69.55000305175781,71.05000305175781,69.08000183105469,70.5,1637200,62.04415512084961,0.0
BG,2021-02-04,70.52999877929688,71.63999938964844,70.37000274658203,71.58000183105469,1028200,62.994606018066406,0.0
BG,2021-02-05,72.0,73.76000213623047,71.68000030517578,73.08999633789062,2892000,64.323486328125,0.0
BG,2021-02-08,73.30999755859375,75.05000305175781,73.11000061035156,74.11000061035156,1577600,65.22115325927734,0.0
BG,2021-02-09,74.0,75.62000274658203,73.51000213623047,75.43000030517578,2502500,66.38282012939453,0.0
BG,2021-02-10,75.02999877929688,77.43000030517578,73.81999969482422,74.69000244140625,4037600,65.73159790039062,0.0
BG,2021-02-11,74.80000305175781,76.3499984741211,74.30000305175781,76.20999908447266,1804200,67.06926727294922,0.0
BG,2021-02-12,76.05999755859375,78.05000305175781,75.05000305175781,78.0,2406100,69.09793090820312,0.5
BG,2021-02-16,78.0,79.44999694824219,77.16999816894531,79.30999755859375,1910000,70.25840759277344,0.0
BG,2021-02-17,78.70999908447266,78.91999816894531,76.83000183105469,78.0,2181700,69.09793090820312,0.0
BG,2021-02-18,77.11000061035156,77.33999633789062,73.98999786376953,74.73999786376953,2139000,66.2099838256836,0.0
BG,2021-02-19,75.01000213623047,77.38999938964844,75.01000213623047,76.37999725341797,1420900,67.66278839111328,0.0
BG,2021-02-22,76.33000183105469,78.5,75.72000122070312,78.19000244140625,2058400,69.26622772216797,0.0
BG,2021-02-23,78.0,78.79000091552734,75.93000030517578,77.41000366210938,1793400,68.57526397705078,0.0
BG,2021-02-24,77.5999984741211,78.37000274658203,76.4000015258789,76.76000213623047,1396100,67.99947357177734,0.0
BG,2021-02-25,76.76000213623047,77.81999969482422,74.5,74.72000122070312,1310400,66.19226837158203,0.0
BG,2021-02-26,74.98999786376953,77.08000183105469,74.0199966430664,76.58000183105469,2194000,67.83998107910156,0.0
BG,2021-03-01,77.62000274658203,79.01000213623047,76.9000015258789,78.68000030517578,1933400,69.7003173828125,0.0
BG,2021-03-02,78.91999816894531,79.87000274658203,78.44999694824219,79.26000213623047,1252200,70.21414184570312,0.0
BG,2021-03-03,79.36000061035156,81.0,78.2300033569336,78.44999694824219,1755200,69.4965591430664,0.0
BG,2021-03-04,78.0199966430664,78.80000305175781,73.44999694824219,76.05999755859375,2219200,67.37934112548828,0.0
BG,2021-03-05,77.33999633789062,78.55000305175781,74.97000122070312,77.72000122070312,1545500,68.84989929199219,0.0
BG,2021-03-08,77.58999633789062,80.0,77.2300033569336,78.45999908447266,1519500,69.50542449951172,0.0
BG,2021-03-09,79.05000305175781,80.08000183105469,78.12000274658203,79.05999755859375,1070900,70.03694915771484,0.0
BG,2021-03-10,79.37999725341797,80.88999938964844,78.87000274658203,80.5199966430664,1484600,71.33032989501953,0.0
BG,2021-03-11,80.73999786376953,81.91999816894531,78.83999633789062,81.45999908447266,1365800,72.16303253173828,0.0
BG,2021-03-12,81.11000061035156,82.33000183105469,80.33999633789062,80.77999877929688,1498000,71.5606460571289,0.0
BG,2021-03-15,80.55000305175781,80.80000305175781,78.41000366210938,79.23999786376953,861800,70.1964111328125,0.0
BG,2021-03-16,79.18000030517578,79.98999786376953,78.29000091552734,78.9800033569336,851300,69.9660873413086,0.0
BG,2021-03-17,78.94999694824219,79.36000061035156,77.62999725341797,79.05999755859375,897100,70.03694915771484,0.0
BG,2021-03-18,79.52999877929688,80.52999877929688,78.12999725341797,78.52999877929688,854400,69.56743621826172,0.0
BG,2021-03-19,78.80000305175781,78.91000366210938,77.16000366210938,78.18000030517578,1602500,69.25738525390625,0.0
BG,2021-03-22,78.33000183105469,78.61000061035156,76.81999969482422,77.66000366210938,724600,68.7967300415039,0.0
BG,2021-03-23,77.0,77.58000183105469,75.05999755859375,75.58000183105469,974200,66.95410919189453,0.0
BG,2021-03-24,76.3499984741211,77.23999786376953,75.41000366210938,75.52999877929688,882800,66.9098129272461,0.0
BG,2021-03-25,75.0,77.4800033569336,74.41999816894531,77.0999984741211,1572000,68.30062866210938,0.0
BG,2021-03-26,77.97000122070312,79.30000305175781,77.6500015258789,79.27999877929688,944400,70.2318344116211,0.0
BG,2021-03-29,78.3499984741211,79.55999755859375,77.58000183105469,77.68000030517578,1124300,68.814453125,0.0
BG,2021-03-30,77.83000183105469,80.22000122070312,77.76000213623047,79.80999755859375,1259600,70.70134735107422,0.0
BG,2021-03-31,80.25,80.68000030517578,79.2699966430664,79.2699966430664,1122300,70.2229995727539,0.0
BG,2021-04-01,79.69000244140625,80.7699966430664,79.51000213623047,80.19999694824219,1146700,71.04682922363281,0.0
BG,2021-04-05,80.41000366210938,80.5999984741211,78.94000244140625,78.94000244140625,722300,69.93063354492188,0.0
BG,2021-04-06,79.11000061035156,80.12000274658203,78.3499984741211,79.30999755859375,795600,70.25840759277344,0.0
BG,2021-04-07,79.44000244140625,79.86000061035156,78.30000305175781,78.58000183105469,503500,69.61173248291016,0.0
BG,2021-04-08,78.52999877929688,78.72000122070312,77.19999694824219,78.38999938964844,984700,69.44340515136719,0.0
BG,2021-04-09,78.9000015258789,79.44999694824219,78.05999755859375,79.44999694824219,605200,70.38243865966797,0.0
BG,2021-04-12,79.58999633789062,79.8499984741211,78.66999816894531,79.26000213623047,612300,70.21414184570312,0.0
BG,2021-04-13,78.94000244140625,79.18000030517578,77.62000274658203,77.68000030517578,604900,68.814453125,0.0
BG,2021-04-14,78.4000015258789,80.72000122070312,78.12999725341797,80.02999877929688,974100,70.896240234375,0.0
BG,2021-04-15,80.30999755859375,80.94999694824219,78.80000305175781,80.91000366210938,1216200,71.67581176757812,0.0
BG,2021-04-16,81.0,83.72000122070312,81.0,83.62000274658203,1445300,74.07652282714844,0.0
BG,2021-04-19,83.3499984741211,83.88999938964844,82.29000091552734,83.18000030517578,1191400,73.68672943115234,0.0
BG,2021-04-20,82.69999694824219,83.3499984741211,80.44999694824219,81.30999755859375,909600,72.0301513671875,0.0
BG,2021-04-21,81.0,83.02999877929688,80.30000305175781,82.80000305175781,1318900,73.3501205444336,0.0
BG,2021-04-22,82.86000061035156,83.97000122070312,82.0199966430664,83.3499984741211,1270400,73.83734130859375,0.0
BG,2021-04-23,83.58000183105469,85.18000030517578,83.19999694824219,85.0999984741211,1209000,75.38761138916016,0.0
BG,2021-04-26,85.33999633789062,86.48999786376953,85.0999984741211,86.05000305175781,1345300,76.22918701171875,0.0
BG,2021-04-27,86.4000015258789,88.83999633789062,86.19999694824219,88.33999633789062,2000800,78.2578125,0.0
BG,2021-04-28,88.58000183105469,88.80999755859375,85.61000061035156,85.6500015258789,1091600,75.87483978271484,0.0
BG,2021-04-29,86.5,87.16999816894531,84.9000015258789,85.45999908447266,953800,75.70651245117188,0.0
BG,2021-04-30,85.0999984741211,85.83999633789062,84.23999786376953,84.41999816894531,925900,74.78522491455078,0.0
BG,2021-05-03,85.04000091552734,86.52999877929688,84.86000061035156,85.83000183105469,1812200,76.03429412841797,0.0
BG,2021-05-04,85.83999633789062,89.2300033569336,85.0,87.02999877929688,2540900,77.09734344482422,0.0
BG,2021-05-05,87.5,90.0,86.79000091552734,90.0,1359600,79.7283935546875,0.0
BG,2021-05-06,90.0,90.37999725341797,87.5199966430664,88.97000122070312,1031700,78.81593322753906,0.0
BG,2021-05-07,88.76000213623047,91.98999786376953,88.5,91.31999969482422,1413400,80.8977279663086,0.0
BG,2021-05-10,91.87999725341797,92.37999725341797,90.5,90.54000091552734,971300,80.20674896240234,0.0
BG,2021-05-11,88.88999938964844,91.05000305175781,88.38999938964844,90.7699966430664,963000,80.41049194335938,0.0
BG,2021-05-12,90.2699966430664,91.0,87.45999908447266,88.36000061035156,1077400,78.27552795410156,0.0
BG,2021-05-13,88.5,90.30000305175781,88.27999877929688,89.30999755859375,536000,79.11711883544922,0.0
BG,2021-05-14,89.87999725341797,91.0,89.75,90.62999725341797,782500,80.28646850585938,0.0
BG,2021-05-17,90.27999877929688,90.48999786376953,89.27999877929688,89.54000091552734,997800,79.32086944580078,0.0
BG,2021-05-18,89.61000061035156,89.88999938964844,87.76000213623047,87.7699966430664,970100,78.18949890136719,0.5
BG,2021-05-19,86.56999969482422,86.69000244140625,84.83999633789062,85.97000122070312,1039600,76.58599090576172,0.0
BG,2021-05-20,85.95999908447266,86.31999969482422,84.4000015258789,85.48999786376953,1527200,76.15837860107422,0.0
BG,2021-05-21,86.6500015258789,87.43000030517578,86.02999877929688,86.8499984741211,1194400,77.36994171142578,0.0
BG,2021-05-24,87.22000122070312,87.72000122070312,86.44000244140625,86.80000305175781,500100,77.32537841796875,0.0
BG,2021-05-25,86.86000061035156,87.83000183105469,86.33999633789062,87.0199966430664,1102800,77.5213623046875,0.0
BG,2021-05-26,87.0199966430664,87.94999694824219,85.83000183105469,87.83999633789062,1110800,78.25186920166016,0.0
BG,2021-05-27,88.5,89.44999694824219,87.0,87.01000213623047,1879800,77.51245880126953,0.0
BG,2021-05-28,87.11000061035156,87.30999755859375,86.13999938964844,86.81999969482422,1093200,77.34319305419922,0.0
BG,2021-06-01,88.0999984741211,89.4800033569336,87.8499984741211,89.36000061035156,1341800,79.6059341430664,0.0
BG,2021-06-02,89.76000213623047,89.76000213623047,87.77999877929688,88.56999969482422,1226800,78.90217590332031,0.0
BG,2021-06-03,88.41999816894531,89.0199966430664,87.5999984741211,88.94000244140625,1048700,79.23179626464844,0.0
BG,2021-06-04,89.05000305175781,89.5999984741211,88.52999877929688,89.11000061035156,817800,79.38323211669922,0.0
BG,2021-06-07,89.25,90.0999984741211,88.91999816894531,89.5999984741211,931700,79.81975555419922,0.0
BG,2021-06-08,89.37000274658203,90.04000091552734,88.6500015258789,89.75,1199400,79.9533920288086,0.0
BG,2021-06-09,89.43000030517578,89.69999694824219,88.29000091552734,88.79000091552734,851800,79.09817504882812,0.0
BG,2021-06-10,89.19000244140625,89.33000183105469,87.48999786376953,87.52999877929688,591200,77.97570037841797,0.0
BG,2021-06-11,88.19000244140625,88.33999633789062,84.55000305175781,84.69999694824219,1463700,75.45458984375,0.0
BG,2021-06-14,84.20999908447266,84.48999786376953,82.16999816894531,82.62000274658203,1595600,73.6016616821289,0.0
BG,2021-06-15,82.52999877929688,82.77999877929688,81.05999755859375,81.44999694824219,1527300,72.55937194824219,0.0
BG,2021-06-16,81.37999725341797,81.37999725341797,80.01000213623047,80.44000244140625,1466700,71.65959930419922,0.0
BG,2021-06-17,80.16000366210938,80.31999969482422,74.80999755859375,78.01000213623047,3322300,69.4948501586914,0.0
BG,2021-06-18,77.16000366210938,77.91999816894531,75.88999938964844,77.19999694824219,3735900,68.77326202392578,0.0
BG,2021-06-21,77.91999816894531,80.26000213623047,77.69999694824219,80.18000030517578,2165600,71.42799377441406,0.0
BG,2021-06-22,80.26000213623047,80.63999938964844,78.62999725341797,79.7699966430664,1587100,71.062744140625,0.0
BG,2021-06-23,79.61000061035156,80.3499984741211,79.37999725341797,79.98999786376953,1153400,71.25871276855469,0.0
BG,2021-06-24,80.63999938964844,81.56999969482422,80.05000305175781,80.29000091552734,970500,71.52599334716797,0.0
BG,2021-06-25,79.76000213623047,80.44000244140625,78.37000274658203,79.11000061035156,2197200,70.47477722167969,0.0
BG,2021-06-28,79.63999938964844,79.83000183105469,77.80000305175781,79.3499984741211,1171500,70.68859100341797,0.0
BG,2021-06-29,79.76000213623047,80.41999816894531,79.12000274658203,79.54000091552734,1376100,70.85785675048828,0.0
BG,2021-06-30,79.29000091552734,79.68000030517578,77.52999877929688,78.1500015258789,1093400,69.61956024169922,0.0
BG,2021-07-01,79.08000183105469,80.05000305175781,78.52999877929688,79.41999816894531,1306600,70.7509536743164,0.0
BG,2021-07-02,79.62000274658203,79.93000030517578,78.55000305175781,79.69000244140625,954500,70.99147033691406,0.0
BG,2021-07-06,79.48999786376953,79.68000030517578,77.36000061035156,77.66999816894531,1249700,69.19196319580078,0.0
BG,2021-07-07,77.0,78.16999816894531,76.51000213623047,77.80000305175781,1760000,69.30776977539062,0.0
BG,2021-07-08,76.0199966430664,77.08999633789062,74.88999938964844,76.13999938964844,1034900,67.82897186279297,0.0
BG,2021-07-09,77.20999908447266,77.97000122070312,76.58999633789062,77.44999694824219,1280800,68.99596405029297,0.0
BG,2021-07-12,77.12000274658203,77.80999755859375,75.88999938964844,77.52999877929688,1117700,69.06724548339844,0.0
BG,2021-07-13,77.6500015258789,77.6500015258789,75.98999786376953,76.33999633789062,959500,68.00714111328125,0.0
BG,2021-07-14,76.48999786376953,77.33000183105469,75.44000244140625,75.94000244140625,975800,67.65080261230469,0.0
BG,2021-07-15,75.69999694824219,76.55999755859375,75.25,75.69999694824219,759400,67.43699645996094,0.0
BG,2021-07-16,76.0,76.4000015258789,73.37000274658203,73.58999633789062,1197800,65.55731964111328,0.0
BG,2021-07-19,72.06999969482422,73.95999908447266,71.7300033569336,73.77999877929688,1754900,65.7265853881836,0.0
BG,2021-07-20,73.91000366210938,75.19999694824219,73.5199966430664,74.77999877929688,1290600,66.61740112304688,0.0
BG,2021-07-21,75.33999633789062,76.4000015258789,75.2300033569336,75.9000015258789,2000100,67.61518859863281,0.0
BG,2021-07-22,75.83000183105469,75.83000183105469,74.41999816894531,74.55000305175781,1345800,66.41253662109375,0.0
BG,2021-07-23,74.91000366210938,75.06999969482422,74.19000244140625,74.94000244140625,1008700,66.75996398925781,0.0
BG,2021-07-26,75.27999877929688,76.12999725341797,74.66999816894531,74.72000122070312,1307400,66.56397247314453,0.0
BG,2021-07-27,74.75,75.54000091552734,74.19999694824219,75.19999694824219,1494000,66.9915771484375,0.0
BG,2021-07-28,78.30000305175781,79.13999938964844,75.48999786376953,78.51000213623047,2770400,69.94027709960938,0.0
BG,2021-07-29,79.27999877929688,80.41999816894531,78.19000244140625,79.61000061035156,1374400,70.92020416259766,0.0
BG,2021-07-30,79.72000122070312,80.11000061035156,77.2699966430664,77.62999725341797,1317400,69.15634155273438,0.0
BG,2021-08-02,77.9800033569336,78.8499984741211,76.48999786376953,76.69000244140625,1150000,68.31893920898438,0.0
BG,2021-08-03,76.52999877929688,77.7300033569336,74.86000061035156,77.23999786376953,1006400,68.80890655517578,0.0
BG,2021-08-04,76.44999694824219,76.44999694824219,74.66999816894531,75.27999877929688,959400,67.0628433227539,0.0
BG,2021-08-05,75.37999725341797,76.0,74.51000213623047,74.95999908447266,703100,66.77777099609375,0.0
BG,2021-08-06,75.33000183105469,76.86000061035156,75.33000183105469,76.55999755859375,664500,68.20313262939453,0.0
BG,2021-08-09,76.3499984741211,78.16000366210938,76.0999984741211,77.3499984741211,740100,68.9068832397461,0.0
BG,2021-08-10,77.43000030517578,78.80999755859375,77.4000015258789,78.6500015258789,710400,70.06498718261719,0.0
BG,2021-08-11,79.31999969482422,79.48999786376953,77.69000244140625,79.23999786376953,780300,70.5905990600586,0.0
BG,2021-08-12,79.0,79.23999786376953,78.37999725341797,79.08999633789062,602700,70.45697784423828,0.0
BG,2021-08-13,79.29000091552734,79.91000366210938,78.83000183105469,79.16999816894531,683200,70.52823638916016,0.0
BG,2021-08-16,79.02999877929688,79.6500015258789,78.5199966430664,79.58000183105469,675500,70.89346313476562,0.0
BG,2021-08-17,79.0199966430664,79.79000091552734,77.86000061035156,78.80999755859375,934000,70.20752716064453,0.0
BG,2021-08-18,77.83999633789062,78.6500015258789,77.12999725341797,77.20999908447266,569400,69.2434310913086,0.525
BG,2021-08-19,76.08999633789062,77.0199966430664,73.83000183105469,74.47000122070312,1104700,66.78617095947266,0.0
BG,2021-08-20,74.2699966430664,74.62999725341797,73.1500015258789,73.62000274658203,1280500,66.02387237548828,0.0
BG,2021-08-23,73.80000305175781,75.29000091552734,73.44999694824219,74.86000061035156,823500,67.13591003417969,0.0
BG,2021-08-24,74.9800033569336,76.2699966430664,74.9800033569336,75.54000091552734,679700,67.74575805664062,0.0
BG,2021-08-25,75.41000366210938,76.88999938964844,74.91999816894531,76.37000274658203,629600,68.4901123046875,0.0
BG,2021-08-26,76.37999725341797,76.48999786376953,75.20999908447266,75.30000305175781,510600,67.53052520751953,0.0
BG,2021-08-27,75.30000305175781,77.31999969482422,74.7699966430664,77.12000274658203,787000,69.16273498535156,0.0
BG,2021-08-30,77.44999694824219,77.44999694824219,75.62999725341797,75.7300033569336,544600,67.91615295410156,0.0
BG,2021-08-31,75.9000015258789,76.22000122070312,75.38999938964844,75.70999908447266,1082000,67.89820861816406,0.0
BG,2021-09-01,75.7300033569336,76.16999816894531,74.2699966430664,75.76000213623047,676000,67.94304656982422,0.0
BG,2021-09-02,76.7699966430664,78.69000244140625,76.55000305175781,77.19000244140625,1039900,69.22550964355469,0.0
BG,2021-09-03,77.16000366210938,77.47000122070312,76.27999877929688,77.38999938964844,609600,69.40486907958984,0.0
BG,2021-09-07,77.0,78.0,76.6500015258789,77.05000305175781,1319400,69.09994506835938,0.0
BG,2021-09-08,76.69000244140625,77.0199966430664,74.62999725341797,76.48999786376953,1333300,68.59773254394531,0.0
BG,2021-09-09,76.37999725341797,76.62000274658203,75.19000244140625,75.6500015258789,1016600,67.84442138671875,0.0
BG,2021-09-10,75.63999938964844,76.91999816894531,75.61000061035156,76.13999938964844,758900,68.28384399414062,0.0
BG,2021-09-13,77.0,77.76000213623047,76.55999755859375,77.25,877400,69.2793197631836,0.0
BG,2021-09-14,77.3499984741211,78.44000244140625,76.7699966430664,76.9800033569336,1016900,69.03718566894531,0.0
BG,2021-09-15,77.0,81.30999755859375,76.70999908447266,81.12999725341797,1844900,72.75897979736328,0.0
BG,2021-09-16,81.12000274658203,81.76000213623047,80.37000274658203,81.08999633789062,1034700,72.72310638427734,0.0
BG,2021-09-17,81.19000244140625,81.48999786376953,79.80000305175781,80.58000183105469,1923900,72.2657470703125,0.0
BG,2021-09-20,78.26000213623047,78.75,76.2300033569336,77.12000274658203,925500,69.16273498535156,0.0
BG,2021-09-21,77.63999938964844,77.63999938964844,75.80999755859375,77.11000061035156,759100,69.15375518798828,0.0
BG,2021-09-22,78.04000091552734,78.91999816894531,76.06999969482422,77.29000091552734,1692900,69.31517791748047,0.0
BG,2021-09-23,77.72000122070312,79.5999984741211,77.51000213623047,78.69000244140625,609700,70.57073974609375,0.0
BG,2021-09-24,78.33000183105469,79.4000015258789,77.94000244140625,78.7699966430664,827400,70.6424789428711,0.0
BG,2021-09-27,79.30000305175781,80.58999633789062,78.75,80.33999633789062,922100,72.05049133300781,0.0
BG,2021-09-28,80.94000244140625,82.30999755859375,80.44000244140625,80.68000030517578,1105200,72.35540771484375,0.0
BG,2021-09-29,81.25,81.88999938964844,80.52999877929688,80.94000244140625,695400,72.58857727050781,0.0
BG,2021-09-30,81.0199966430664,81.8499984741211,79.91000366210938,81.31999969482422,1241000,72.92936706542969,0.0
BG,2021-10-01,81.68000030517578,83.08999633789062,80.7300033569336,82.5199966430664,952600,74.00554656982422,0.0
BG,2021-10-04,82.5199966430664,83.62000274658203,82.31999969482422,82.58999633789062,835600,74.0683364868164,0.0
BG,2021-10-05,82.94000244140625,84.20999908447266,81.7699966430664,84.12000274658203,1433800,75.4404525756836,0.0
BG,2021-10-06,83.41999816894531,84.33000183105469,82.05999755859375,83.93000030517578,952600,75.27008819580078,0.0
BG,2021-10-07,84.30000305175781,85.08999633789062,83.9000015258789,84.5,677300,75.78126525878906,0.0
BG,2021-10-08,84.75,85.0,84.12999725341797,84.36000061035156,529100,75.65571594238281,0.0
BG,2021-10-11,85.05000305175781,85.58000183105469,84.4000015258789,84.94000244140625,689700,76.17586517333984,0.0
BG,2021-10-12,84.43000030517578,85.12999725341797,84.12999725341797,84.47000122070312,619600,75.75435638427734,0.0
BG,2021-10-13,84.61000061035156,84.75,83.02999877929688,84.05999755859375,844200,75.38664245605469,0.0
BG,2021-10-14,84.66999816894531,86.0,84.19999694824219,85.87000274658203,862900,77.0099105834961,0.0
BG,2021-10-15,86.44999694824219,86.62999725341797,85.58000183105469,85.62000274658203,625500,76.78569793701172,0.0
BG,2021-10-18,85.12000274658203,86.12000274658203,84.79000091552734,85.68000030517578,483200,76.8395004272461,0.0
BG,2021-10-19,86.2300033569336,86.73999786376953,85.62999725341797,86.47000122070312,538100,77.54798889160156,0.0
BG,2021-10-20,86.5,88.02999877929688,86.12999725341797,87.58000183105469,996800,78.54346466064453,0.0
BG,2021-10-21,87.5999984741211,88.16999816894531,86.87000274658203,87.69000244140625,683600,78.64212036132812,0.0
BG,2021-10-22,87.5999984741211,88.61000061035156,87.44999694824219,88.33000183105469,665500,79.2160873413086,0.0
BG,2021-10-25,88.58999633789062,89.19000244140625,87.73999786376953,88.31999969482422,773200,79.20711517333984,0.0
BG,2021-10-26,88.81999969482422,89.12000274658203,87.05000305175781,87.25,1050500,78.24751281738281,0.0
BG,2021-10-27,90.0,91.1500015258789,89.02999877929688,90.62000274658203,2073000,81.2697982788086,0.0
BG,2021-10-28,91.29000091552734,92.93000030517578,90.0,92.91000366210938,2044100,83.32352447509766,0.0
BG,2021-10-29,92.94000244140625,93.68000030517578,91.95999908447266,92.63999938964844,1302600,83.08135986328125,0.0
BG,2021-11-01,93.27999877929688,94.0999984741211,91.79000091552734,92.12000274658203,1447900,82.61502838134766,0.0
BG,2021-11-02,91.76000213623047,91.98999786376953,90.37000274658203,91.12999725341797,910100,81.7271728515625,0.0
BG,2021-11-03,90.5199966430664,91.63999938964844,89.08999633789062,91.45999908447266,1451800,82.02313995361328,0.0
BG,2021-11-04,91.69999694824219,92.80999755859375,91.54000091552734,92.56999969482422,958800,83.01859283447266,0.0
BG,2021-11-05,93.0,93.19999694824219,91.94999694824219,92.91999816894531,887100,83.33248901367188,0.0
BG,2021-11-08,93.37000274658203,94.08999633789062,92.33999633789062,92.48999786376953,550600,82.94684600830078,0.0
BG,2021-11-09,92.5,93.69999694824219,91.56999969482422,92.88999938964844,769900,83.30559539794922,0.0
BG,2021-11-10,92.62999725341797,93.27999877929688,91.93000030517578,92.30000305175781,1076400,82.77645111083984,0.0
BG,2021-11-11,92.52999877929688,94.30999755859375,92.12000274658203,93.95999908447266,828300,84.26517486572266,0.0
BG,2021-11-12,94.0,95.31999969482422,93.5,95.12999725341797,981600,85.31446075439453,0.0
BG,2021-11-15,95.37000274658203,96.2300033569336,94.76000213623047,96.1500015258789,977400,86.22920989990234,0.0
BG,2021-11-16,96.1500015258789,96.98999786376953,95.29000091552734,95.7300033569336,1114900,85.85256958007812,0.0
BG,2021-11-17,94.76000213623047,95.79000091552734,93.75,95.62999725341797,1272700,86.23580169677734,0.525
BG,2021-11-18,95.0999984741211,96.11000061035156,94.5199966430664,96.0199966430664,848400,86.58747100830078,0.0
BG,2021-11-19,95.16000366210938,96.08000183105469,93.83999633789062,94.11000061035156,878200,84.8651123046875,0.0
BG,2021-11-22,94.36000061035156,95.4800033569336,93.63999938964844,94.20999908447266,973400,84.95529174804688,0.0
BG,2021-11-23,94.05999755859375,94.83000183105469,93.55000305175781,94.30000305175781,640900,85.03645324707031,0.0
BG,2021-11-24,94.2300033569336,94.41000366210938,92.5999984741211,92.83999633789062,841600,83.71986389160156,0.0
BG,2021-11-26,90.83999633789062,90.94000244140625,89.38999938964844,90.4800033569336,902400,81.59171295166016,0.0
BG,2021-11-29,91.75,92.0,89.87999725341797,90.58000183105469,944100,81.68190002441406,0.0
BG,2021-11-30,89.9000015258789,89.9000015258789,86.0,86.56999969482422,2229700,78.0657958984375,0.0
BG,2021-12-01,88.30000305175781,88.93000030517578,84.44999694824219,84.48999786376953,1022600,76.19013214111328,0.0
BG,2021-12-02,85.01000213623047,87.02999877929688,84.37999725341797,86.05000305175781,1328000,77.59688568115234,0.0
BG,2021-12-03,86.79000091552734,88.2699966430664,86.04000091552734,86.62000274658203,1486800,78.11090850830078,0.0
BG,2021-12-06,87.72000122070312,88.38999938964844,86.2699966430664,86.55999755859375,1043700,78.05677795410156,0.0
BG,2021-12-07,87.43000030517578,88.66000366210938,86.62999725341797,87.77999877929688,743300,79.1569595336914,0.0
BG,2021-12-08,87.7300033569336,88.73999786376953,86.94999694824219,87.0199966430664,630100,78.47159576416016,0.0
BG,2021-12-09,86.88999938964844,86.88999938964844,84.86000061035156,85.4800033569336,934900,77.0828857421875,0.0
BG,2021-12-10,86.25,87.02999877929688,85.77999877929688,86.91000366210938,942000,78.37240600585938,0.0
BG,2021-12-13,86.79000091552734,88.41999816894531,86.5199966430664,87.86000061035156,962600,79.22907257080078,0.0
BG,2021-12-14,87.88999938964844,88.83999633789062,87.02999877929688,87.08000183105469,729800,78.52570343017578,0.0
BG,2021-12-15,86.94999694824219,88.05999755859375,85.69999694824219,87.77999877929688,611100,79.1569595336914,0.0
BG,2021-12-16,88.6500015258789,89.29000091552734,88.0,88.2699966430664,810000,79.59880065917969,0.0
BG,2021-12-17,88.25,88.80999755859375,87.13999938964844,88.08000183105469,1070100,79.42747497558594,0.0
BG,2021-12-20,86.80000305175781,87.37000274658203,84.12000274658203,85.81999969482422,818400,77.38947296142578,0.0
BG,2021-12-21,87.05000305175781,88.91000366210938,86.7699966430664,88.2699966430664,1015000,79.59880065917969,0.0
BG,2021-12-22,88.05000305175781,89.0,87.9000015258789,89.0,938700,80.25709533691406,0.0
BG,2021-12-23,89.01000213623047,90.4000015258789,88.80000305175781,90.16000366210938,481200,81.30313873291016,0.0
BG,2021-12-27,90.2699966430664,91.29000091552734,89.55999755859375,91.05999755859375,366800,82.1147232055664,0.0
BG,2021-12-28,90.83999633789062,91.76000213623047,90.55000305175781,91.7300033569336,456000,82.71891784667969,0.0
BG,2021-12-29,91.80000305175781,92.44999694824219,91.41999816894531,92.20999908447266,482500,83.15176391601562,0.0
BG,2021-12-30,92.51000213623047,93.2300033569336,91.8499984741211,92.05999755859375,411300,83.01649475097656,0.0
BG,2021-12-31,91.66999816894531,93.87000274658203,91.51000213623047,93.36000061035156,480600,84.18879699707031,0.0
BG,2022-01-03,93.5199966430664,94.33000183105469,92.61000061035156,93.70999908447266,577700,84.50440979003906,0.0
BG,2022-01-04,95.0,95.62999725341797,94.29000091552734,94.52999877929688,1003900,85.24388122558594,0.0
BG,2022-01-05,94.86000061035156,95.56999969482422,93.8499984741211,93.97000122070312,975100,84.73886108398438,0.0
BG,2022-01-06,94.98999786376953,96.55999755859375,93.97000122070312,96.12000274658203,1065200,86.67765808105469,0.0
BG,2022-01-07,95.83000183105469,97.30000305175781,94.69999694824219,97.0199966430664,797400,87.48925018310547,0.0
BG,2022-01-10,97.0,97.87999725341797,94.91000366210938,96.11000061035156,978300,86.66864776611328,0.0
BG,2022-01-11,96.16000366210938,97.7699966430664,95.37000274658203,97.76000213623047,1158800,88.15654754638672,0.0
BG,2022-01-12,98.0,99.62000274658203,97.29000091552734,98.56999969482422,1250200,88.88699340820312,0.0
BG,2022-01-13,99.26000213623047,99.93000030517578,98.3499984741211,98.77999877929688,583700,89.07635498046875,0.0
BG,2022-01-14,98.29000091552734,99.4800033569336,97.12999725341797,98.70999908447266,733300,89.01322937011719,0.0
BG,2022-01-18,97.93000030517578,98.37999725341797,96.80999755859375,98.08999633789062,733300,88.45414733886719,0.0
BG,2022-01-19,98.23999786376953,98.27999877929688,96.3499984741211,96.76000213623047,814800,87.25479888916016,0.0
BG,2022-01-20,96.77999877929688,97.94999694824219,94.52999877929688,94.76000213623047,1207500,85.45125579833984,0.0
BG,2022-01-21,93.86000061035156,95.4800033569336,92.16999816894531,94.33000183105469,1205500,85.06351470947266,0.0
BG,2022-01-24,91.80999755859375,94.0999984741211,89.62000274658203,93.69000244140625,1733900,84.48637390136719,0.0
BG,2022-01-25,92.98999786376953,95.0,90.43000030517578,94.69000244140625,1282500,85.38813018798828,0.0
BG,2022-01-26,95.0,98.23999786376953,94.91000366210938,96.29000091552734,1061200,86.83094787597656,0.0
BG,2022-01-27,97.37999725341797,99.62999725341797,96.30000305175781,96.58999633789062,1192600,87.10148620605469,0.0
BG,2022-01-28,96.41000366210938,98.70999908447266,96.18000030517578,98.19000244140625,913700,88.5443115234375,0.0
BG,2022-01-31,97.79000091552734,98.97000122070312,97.0199966430664,98.86000061035156,1072700,89.14849853515625,0.0
BG,2022-02-01,98.86000061035156,100.05999755859375,98.19999694824219,99.98999786376953,1648200,90.1675033569336,0.0
BG,2022-02-02,100.05000305175781,101.12999725341797,98.62999725341797,100.66000366210938,1383600,90.77169036865234,0.0
BG,2022-02-03,99.5,100.77999877929688,98.52999877929688,98.79000091552734,956200,89.08538818359375,0.0
BG,2022-02-04,98.66999816894531,99.47000122070312,96.86000061035156,98.0999984741211,788800,88.46314239501953,0.0
BG,2022-02-07,98.22000122070312,99.38999938964844,97.66999816894531,98.91999816894531,666600,89.20262145996094,0.0
BG,2022-02-08,99.5,101.22000122070312,99.12000274658203,100.95999908447266,1329700,91.0422134399414,0.0
BG,2022-02-09,100.5,103.58999633789062,99.01000213623047,99.5999984741211,1832100,89.8158187866211,0.0
BG,2022-02-10,99.5999984741211,102.94000244140625,98.37000274658203,99.05999755859375,1453000,89.32884216308594,0.0
BG,2022-02-11,102.02999877929688,102.41000366210938,100.27999877929688,101.69000244140625,1540800,91.70049285888672,0.0
BG,2022-02-14,102.0,102.05000305175781,99.87000274658203,100.83000183105469,1801600,90.92497253417969,0.0
BG,2022-02-15,100.48999786376953,102.0999984741211,100.01000213623047,101.62000274658203,1407100,92.11700439453125,0.525
BG,2022-02-16,101.54000091552734,103.02999877929688,101.13999938964844,102.76000213623047,1488100,93.15039825439453,0.0
BG,2022-02-17,101.33999633789062,101.44999694824219,99.80000305175781,100.0,1964300,90.64849090576172,0.0
BG,2022-02-18,99.91000366210938,100.80000305175781,98.72000122070312,99.30000305175781,1183700,90.01394653320312,0.0
BG,2022-02-22,98.98999786376953,100.33000183105469,97.83999633789062,99.12999725341797,975000,89.85985565185547,0.0
BG,2022-02-23,99.86000061035156,100.88999938964844,99.5,99.68000030517578,1647500,90.35841369628906,0.0
BG,2022-02-24,97.86000061035156,102.2699966430664,96.88999938964844,101.91000366210938,2242600,92.37989044189453,0.0
BG,2022-02-25,101.13999938964844,105.29000091552734,99.98999786376953,105.19000244140625,2033300,95.35315704345703,0.0
BG,2022-02-28,104.19999694824219,105.69999694824219,103.33000183105469,104.55000305175781,2819600,94.77300262451172,0.0
BG,2022-03-01,104.86000061035156,107.04000091552734,103.94000244140625,105.87000274658203,2292300,95.96956634521484,0.0
BG,2022-03-02,106.80000305175781,108.4000015258789,106.33999633789062,107.7699966430664,2145800,97.69186401367188,0.0
BG,2022-03-03,108.75,109.83000183105469,107.54000091552734,109.20999908447266,2106100,98.9972152709961,0.0
BG,2022-03-04,109.05000305175781,109.05000305175781,106.73999786376953,108.31999969482422,2074400,98.1904525756836,0.0
BG,2022-03-07,109.5,112.62999725341797,107.47000122070312,108.75,3034100,98.58023834228516,0.0
BG,2022-03-08,108.88999938964844,109.83999633789062,105.5,106.30999755859375,2568700,96.368408203125,0.0
BG,2022-03-09,107.0,108.4000015258789,105.05000305175781,107.4800033569336,1671500,97.42900848388672,0.0
BG,2022-03-10,106.66000366210938,110.2300033569336,106.5199966430664,109.75,1932900,99.48672485351562,0.0
BG,2022-03-11,109.63999938964844,111.16000366210938,109.13999938964844,109.93000030517578,1370900,99.64990234375,0.0
BG,2022-03-14,110.16000366210938,110.5,106.44000244140625,108.1500015258789,1631300,98.03634643554688,0.0
BG,2022-03-15,108.61000061035156,109.48999786376953,106.06999969482422,108.05999755859375,1474800,97.95478057861328,0.0
BG,2022-03-16,107.86000061035156,108.23999786376953,102.95999908447266,104.05999755859375,3064100,94.32881927490234,0.0
BG,2022-03-17,104.55999755859375,106.79000091552734,104.30000305175781,105.38999938964844,1965300,95.5344467163086,0.0
BG,2022-03-18,104.73999786376953,105.44999694824219,103.16999816894531,104.91000366210938,2290900,95.09934997558594,0.0
BG,2022-03-21,106.45999908447266,110.12999725341797,106.01000213623047,110.08000183105469,2967100,99.7858657836914,0.0
BG,2022-03-22,110.98999786376953,111.18000030517578,109.18000030517578,110.33000183105469,2017700,100.01248931884766,0.0
BG,2022-03-23,110.79000091552734,112.29000091552734,110.44999694824219,111.95999908447266,1256900,101.49005889892578,0.0
BG,2022-03-24,112.5999984741211,114.19999694824219,112.30000305175781,113.98999786376953,1680800,103.3302230834961,0.0
BG,2022-03-25,114.08999633789062,117.44999694824219,114.08999633789062,117.20999908447266,2243400,106.24909210205078,0.0
BG,2022-03-28,116.54000091552734,116.54000091552734,112.97000122070312,113.86000061035156,1355000,103.2123794555664,0.0
BG,2022-03-29,110.0,110.0,104.01000213623047,108.08000183105469,2750200,97.97289276123047,0.0
BG,2022-03-30,108.87000274658203,111.25,108.87000274658203,109.70999908447266,1147900,99.4504623413086,0.0
BG,2022-03-31,109.33999633789062,112.13999938964844,108.55000305175781,110.80999755859375,1234400,100.44759368896484,0.0
BG,2022-04-01,111.54000091552734,113.5999984741211,111.13999938964844,112.77999877929688,1005100,102.23338317871094,0.0
BG,2022-04-04,113.4000015258789,113.4000015258789,110.58000183105469,111.44999694824219,817600,101.02774810791016,0.0
BG,2022-04-05,111.86000061035156,112.80999755859375,111.4000015258789,111.88999938964844,1102900,101.4266128540039,0.0
BG,2022-04-06,112.02999877929688,114.97000122070312,111.9000015258789,113.16000366210938,1943500,102.57784271240234,0.0
BG,2022-04-07,113.81999969482422,117.66999816894531,113.75,116.73999786376953,2038600,105.82305908203125,0.0
BG,2022-04-08,118.0,119.87000274658203,116.98999786376953,118.25,1344800,107.19185638427734,0.0
BG,2022-04-11,119.9000015258789,119.94000244140625,116.62000274658203,117.66999816894531,1734500,106.66608428955078,0.0
BG,2022-04-12,118.9000015258789,121.4800033569336,118.5,119.30000305175781,1436100,108.1436538696289,0.0
BG,2022-04-13,119.4800033569336,121.43000030517578,119.12000274658203,120.95999908447266,1378700,109.64842224121094,0.0
BG,2022-04-14,122.0,124.37000274658203,121.98999786376953,123.95999908447266,1375500,112.3678970336914,0.0
BG,2022-04-18,123.87000274658203,127.97000122070312,123.51000213623047,126.76000213623047,2507900,114.9060287475586,0.0
BG,2022-04-19,124.08999633789062,126.18000030517578,121.88999938964844,123.23999786376953,2324000,111.71519470214844,0.0
BG,2022-04-20,122.83000183105469,126.63999938964844,121.68000030517578,126.0,2295600,114.21710205078125,0.0
BG,2022-04-21,127.3499984741211,128.39999389648438,122.13999938964844,122.33000183105469,1816300,110.89030456542969,0.0
BG,2022-04-22,122.02999877929688,123.04000091552734,116.69999694824219,117.94000244140625,3243600,106.91085052490234,0.0
BG,2022-04-25,116.38999938964844,117.16999816894531,112.47000122070312,116.38999938964844,1977400,105.50577545166016,0.0
BG,2022-04-26,120.0,120.86000061035156,114.80999755859375,114.86000061035156,2350700,104.1188735961914,0.0
BG,2022-04-27,118.0,121.77999877929688,113.75,118.95999908447266,2712700,107.8354263305664,0.0
BG,2022-04-28,120.16000366210938,120.86000061035156,115.44999694824219,116.83000183105469,2244900,105.9046401977539,0.0
BG,2022-04-29,117.26000213623047,117.26000213623047,112.95999908447266,113.12000274658203,1523300,102.54158020019531,0.0
BG,2022-05-02,113.12999725341797,116.1500015258789,113.12000274658203,115.23999786376953,1652500,104.46331787109375,0.0
BG,2022-05-03,115.0,117.66999816894531,114.55999755859375,116.7699966430664,1283000,105.8502426147461,0.0
BG,2022-05-04,117.30000305175781,118.87999725341797,114.95999908447266,118.68000030517578,1863500,107.58161926269531,0.0
BG,2022-05-05,118.44000244140625,118.93000030517578,114.3499984741211,114.81999969482422,1033200,104.08261108398438,0.0
BG,2022-05-06,114.55999755859375,115.5999984741211,113.16000366210938,115.2300033569336,1475600,104.45427703857422,0.0
BG,2022-05-09,113.20999908447266,113.80000305175781,107.56999969482422,107.83000183105469,1775500,97.74626922607422,0.0
BG,2022-05-10,108.73999786376953,111.0999984741211,108.30000305175781,110.33000183105469,1703000,100.01248931884766,0.0
BG,2022-05-11,110.5,113.01000213623047,109.08000183105469,109.7699966430664,1910400,99.50486755371094,0.0
BG,2022-05-12,109.62000274658203,110.54000091552734,106.58000183105469,109.16999816894531,1537000,98.96097564697266,0.0
BG,2022-05-13,110.93000030517578,111.63999938964844,108.27999877929688,109.58000183105469,1496200,99.33263397216797,0.0
BG,2022-05-16,110.44999694824219,112.80000305175781,110.37999725341797,112.56999969482422,1460400,102.04301452636719,0.0
BG,2022-05-17,114.5,117.5199966430664,112.79000091552734,116.48999786376953,1455400,105.59642791748047,0.0
BG,2022-05-18,115.22000122070312,115.91999816894531,110.62999725341797,111.29000091552734,1240200,101.33942413330078,0.525
BG,2022-05-19,110.0,111.58000183105469,107.6500015258789,110.3499984741211,1609500,100.48348236083984,0.0
BG,2022-05-20,110.5,112.33000183105469,107.08000183105469,109.37999725341797,1283800,99.60020446777344,0.0
BG,2022-05-23,110.41000366210938,114.37000274658203,109.66999816894531,113.44000244140625,1204500,103.29722595214844,0.0
BG,2022-05-24,112.86000061035156,115.54000091552734,112.06999969482422,115.45999908447266,2011000,105.13658142089844,0.0
BG,2022-05-25,115.4000015258789,116.79000091552734,114.31999969482422,115.7300033569336,1165400,105.3824462890625,0.0
BG,2022-05-26,116.12000274658203,116.43000030517578,113.87000274658203,114.93000030517578,1013800,104.65397644042969,0.0
BG,2022-05-27,114.75,114.87000274658203,112.69000244140625,114.72000122070312,1279800,104.4627456665039,0.0
BG,2022-05-31,116.4000015258789,118.63999938964844,115.6500015258789,118.31999969482422,2564000,107.74085998535156,0.0
BG,2022-06-01,118.66999816894531,118.98999786376953,112.27999877929688,114.0999984741211,1730100,103.898193359375,0.0
BG,2022-06-02,113.5,116.33000183105469,112.81999969482422,115.19999694824219,1341900,104.89984130859375,0.0
BG,2022-06-03,114.55999755859375,114.80999755859375,112.1500015258789,112.98999786376953,1473500,102.8874282836914,0.0
BG,2022-06-06,113.8499984741211,113.8499984741211,111.48999786376953,111.9000015258789,1492500,101.89488983154297,0.0
BG,2022-06-07,111.0,113.31999969482422,110.69999694824219,112.80999755859375,1398500,102.72352600097656,0.0
BG,2022-06-08,112.12999725341797,113.6500015258789,111.79000091552734,112.52999877929688,1044400,102.46855926513672,0.0
BG,2022-06-09,112.80999755859375,113.41999816894531,110.16000366210938,110.19000244140625,933700,100.33777618408203,0.0
BG,2022-06-10,108.80999755859375,109.77999877929688,106.91000366210938,106.95999908447266,1167600,97.39656829833984,0.0
BG,2022-06-13,104.51000213623047,105.68000030517578,102.2300033569336,102.44000244140625,1315800,93.28070831298828,0.0
BG,2022-06-14,103.13999938964844,104.41999816894531,102.55000305175781,104.3499984741211,1328900,95.01994323730469,0.0
BG,2022-06-15,104.81999969482422,105.66000366210938,102.88999938964844,103.91999816894531,1229400,94.62838745117188,0.0
BG,2022-06-16,101.66999816894531,102.54000091552734,99.93000030517578,100.23999786376953,1620800,91.27740478515625,0.0
BG,2022-06-17,100.11000061035156,100.43000030517578,96.08000183105469,97.5999984741211,3743800,88.87345886230469,0.0
BG,2022-06-21,98.0999984741211,99.27999877929688,97.45999908447266,98.70999908447266,1872200,89.88423156738281,0.0
BG,2022-06-22,96.69000244140625,96.7699966430664,92.91999816894531,93.05999755859375,2220300,84.73939514160156,0.0
BG,2022-06-23,92.45999908447266,92.58999633789062,86.05000305175781,87.38999938964844,3119200,79.57633972167969,0.0
BG,2022-06-24,87.44000244140625,89.38999938964844,85.5,88.38999938964844,3142300,80.48694610595703,0.0
BG,2022-06-27,89.25,91.41000366210938,87.91999816894531,90.91999816894531,1973400,82.79074096679688,0.0
BG,2022-06-28,92.20999908447266,94.36000061035156,90.0199966430664,90.70999908447266,1218600,82.5995101928711,0.0
BG,2022-06-29,90.9000015258789,92.18000030517578,89.69999694824219,91.4800033569336,1339000,83.30067443847656,0.0
BG,2022-06-30,91.41999816894531,92.2300033569336,90.41000366210938,90.69000244140625,1729800,82.581298828125,0.0
BG,2022-07-01,90.58000183105469,91.44000244140625,88.08000183105469,90.94999694824219,1287000,82.81805419921875,0.0
BG,2022-07-05,88.79000091552734,89.76000213623047,85.4800033569336,86.62000274658203,1450500,78.87520599365234,0.0
BG,2022-07-06,87.01000213623047,87.3499984741211,83.77999877929688,85.8499984741211,2323900,78.1740493774414,0.0
BG,2022-07-07,88.5199966430664,90.5199966430664,87.37999725341797,88.75,1957200,80.81475067138672,0.0
BG,2022-07-08,89.47000122070312,89.94999694824219,87.55999755859375,87.69999694824219,953300,79.85863494873047,0.0
BG,2022-07-11,87.05999755859375,88.45999908447266,86.62999725341797,87.12999725341797,959100,79.339599609375,0.0
BG,2022-07-12,85.87999725341797,89.30999755859375,85.61000061035156,87.58999633789062,1421200,79.75847625732422,0.0
BG,2022-07-13,86.83999633789062,88.33000183105469,86.69000244140625,87.11000061035156,998000,79.3214111328125,0.0
BG,2022-07-14,85.18000030517578,85.76000213623047,84.04000091552734,85.62999725341797,1091100,77.97372436523438,0.0
BG,2022-07-15,86.5,86.66999816894531,84.93000030517578,86.41000366210938,863900,78.6839828491211,0.0
BG,2022-07-18,87.4800033569336,89.5,87.44000244140625,87.70999908447266,1183500,79.86775970458984,0.0
BG,2022-07-19,88.12000274658203,90.1500015258789,87.91000366210938,90.0,1299000,81.95298767089844,0.0
BG,2022-07-20,89.29000091552734,91.97000122070312,89.16000366210938,91.88999938964844,1605100,83.67401885986328,0.0
BG,2022-07-21,90.91000366210938,92.52999877929688,90.6500015258789,91.58999633789062,1367700,83.40081787109375,0.0
BG,2022-07-22,91.45999908447266,92.94000244140625,90.54000091552734,91.0199966430664,876600,82.88179016113281,0.0
BG,2022-07-25,92.44999694824219,94.95999908447266,91.98999786376953,94.19999694824219,1292300,85.7774658203125,0.0
BG,2022-07-26,95.5199966430664,97.19999694824219,94.2300033569336,95.33000183105469,1765200,86.80643463134766,0.0
BG,2022-07-27,90.69999694824219,92.83000183105469,88.41000366210938,91.5199966430664,3247800,83.33708953857422,0.0
BG,2022-07-28,90.13999938964844,91.2300033569336,88.86000061035156,89.31999969482422,2134700,81.33378601074219,0.0
BG,2022-07-29,89.66999816894531,92.5999984741211,89.4000015258789,92.33000183105469,1682600,84.07466125488281,0.0
BG,2022-08-01,92.47000122070312,94.68000030517578,92.04000091552734,93.83999633789062,1701900,85.44965362548828,0.0
BG,2022-08-02,93.54000091552734,94.30000305175781,92.51000213623047,92.94000244140625,1529500,84.63013458251953,0.0
BG,2022-08-03,92.83999633789062,95.30000305175781,92.43000030517578,95.05000305175781,2167300,86.55147552490234,0.0
BG,2022-08-04,94.55999755859375,96.55999755859375,93.97000122070312,95.05000305175781,1524400,86.55147552490234,0.0
BG,2022-08-05,94.6500015258789,97.36000061035156,94.55999755859375,96.75,1351300,88.09947204589844,0.0
BG,2022-08-08,96.87999725341797,97.77999877929688,96.06999969482422,96.29000091552734,1147900,87.68059539794922,0.0
BG,2022-08-09,97.05999755859375,98.9000015258789,96.72000122070312,97.37999725341797,1044700,88.67314147949219,0.0
BG,2022-08-10,97.95999908447266,98.5999984741211,96.8499984741211,97.8499984741211,1115000,89.10111236572266,0.0
BG,2022-08-11,98.79000091552734,99.79000091552734,98.27999877929688,98.58999633789062,853700,89.77495574951172,0.0
BG,2022-08-12,100.08000183105469,101.27999877929688,99.36000061035156,101.23999786376953,1034200,92.1880111694336,0.0
BG,2022-08-15,99.41999816894531,100.70999908447266,97.81999969482422,100.3499984741211,1010900,91.3775863647461,0.0
BG,2022-08-16,100.25,100.95999908447266,98.77999877929688,99.5199966430664,1767300,90.62178802490234,0.0
BG,2022-08-17,99.02999877929688,100.12999725341797,98.51000213623047,100.0999984741211,906700,91.14993286132812,0.0
BG,2022-08-18,99.97000122070312,101.2300033569336,99.66999816894531,100.69000244140625,1448000,92.26327514648438,0.625
BG,2022-08-19,100.0,100.8499984741211,99.55000305175781,100.0199966430664,1390200,91.64932250976562,0.0
BG,2022-08-22,98.69000244140625,99.4000015258789,97.91000366210938,99.30000305175781,930600,90.98959350585938,0.0
BG,2022-08-23,99.69000244140625,102.75,99.69000244140625,101.91000366210938,1661000,93.38115692138672,0.0
BG,2022-08-24,101.52999877929688,103.0,100.58999633789062,101.33000183105469,993200,92.8497085571289,0.0
BG,2022-08-25,101.91000366210938,102.94999694824219,101.41999816894531,102.94000244140625,838600,94.32495880126953,0.0
BG,2022-08-26,102.62999725341797,103.5199966430664,101.19000244140625,102.31999969482422,921000,93.75685119628906,0.0
BG,2022-08-29,101.5999984741211,104.54000091552734,101.36000061035156,103.80000305175781,1116300,95.11298370361328,0.0
BG,2022-08-30,103.55999755859375,104.1500015258789,99.5,99.87999725341797,1486500,91.52105712890625,0.0
BG,2022-08-31,99.19999694824219,100.4800033569336,98.26000213623047,99.16999816894531,1799300,90.87046813964844,0.0
BG,2022-09-01,98.33999633789062,98.9800033569336,97.02999877929688,98.06999969482422,891900,89.86251831054688,0.0
BG,2022-09-02,99.16000366210938,101.1500015258789,98.94999694824219,99.01000213623047,1134400,90.7238540649414,0.0
BG,2022-09-06,99.58999633789062,100.2300033569336,93.69000244140625,94.0999984741211,1435200,86.2247543334961,0.0
BG,2022-09-07,93.33000183105469,96.16000366210938,92.75,95.56999969482422,1327900,87.5717544555664,0.0
BG,2022-09-08,95.0,96.94999694824219,94.6500015258789,96.87000274658203,881400,88.76295471191406,0.0
BG,2022-09-09,97.88999938964844,98.08999633789062,95.72000122070312,96.88999938964844,1174200,88.78128814697266,0.0
BG,2022-09-12,97.41999816894531,98.08999633789062,94.43000030517578,94.91000366210938,1235100,86.96698760986328,0.0
BG,2022-09-13,93.62999725341797,96.16999816894531,92.47000122070312,92.94000244140625,1000300,85.161865234375,0.0
BG,2022-09-14,93.11000061035156,93.31999969482422,91.37000274658203,92.19999694824219,909000,84.4837875366211,0.0
BG,2022-09-15,92.08999633789062,92.55999755859375,90.88999938964844,91.19999694824219,922200,83.56747436523438,0.0
BG,2022-09-16,90.91000366210938,90.91999816894531,88.62000274658203,89.44999694824219,1630000,81.96392822265625,0.0
BG,2022-09-19,88.37000274658203,91.30999755859375,88.22000122070312,91.25,911400,83.61328125,0.0
BG,2022-09-20,90.80000305175781,90.80000305175781,88.81999969482422,90.20999908447266,872200,82.66031646728516,0.0
BG,2022-09-21,91.81999969482422,92.30000305175781,89.5,89.5,852500,82.00975036621094,0.0
BG,2022-09-22,90.26000213623047,90.8499984741211,88.12999725341797,88.30000305175781,967600,80.91017150878906,0.0
BG,2022-09-23,86.19999694824219,86.52999877929688,82.61000061035156,83.19000244140625,1334600,76.22783660888672,0.0
BG,2022-09-26,82.37000274658203,84.38999938964844,81.29000091552734,81.91999816894531,1372400,75.06412506103516,0.0
BG,2022-09-27,83.08000183105469,84.91999816894531,81.80000305175781,82.20999908447266,1166700,75.3298568725586,0.0
BG,2022-09-28,82.56999969482422,84.33000183105469,82.26000213623047,83.9000015258789,1161000,76.87841796875,0.0
BG,2022-09-29,83.36000061035156,83.43000030517578,80.41000366210938,82.23999786376953,1044700,75.3573226928711,0.0
BG,2022-09-30,83.20999908447266,83.43000030517578,82.05000305175781,82.56999969482422,1051500,75.65972137451172,0.0
BG,2022-10-03,83.44000244140625,84.62000274658203,82.77999877929688,84.38999938964844,1010900,77.32740020751953,0.0
BG,2022-10-04,85.48999786376953,88.4000015258789,85.43000030517578,88.12999725341797,1300400,80.75440979003906,0.0
BG,2022-10-05,87.45999908447266,88.33000183105469,86.58999633789062,87.73999786376953,857800,80.39704895019531,0.0
BG,2022-10-06,86.9000015258789,87.88999938964844,86.18000030517578,86.25,1325400,79.03174591064453,0.0
BG,2022-10-07,85.97000122070312,86.45999908447266,84.63999938964844,85.5199966430664,879600,78.36283111572266,0.0
BG,2022-10-10,86.25,87.5199966430664,86.16999816894531,86.5999984741211,954100,79.35244750976562,0.0
BG,2022-10-11,85.69999694824219,87.75,84.36000061035156,86.19999694824219,1044600,78.98592376708984,0.0
BG,2022-10-12,86.55000305175781,88.33000183105469,83.68000030517578,87.5999984741211,1943700,80.26875305175781,0.0
BG,2022-10-13,86.9800033569336,90.86000061035156,85.20999908447266,90.3499984741211,1136200,82.78860473632812,0.0
BG,2022-10-14,90.51000213623047,91.55000305175781,84.61000061035156,84.98999786376953,1297500,77.8771743774414,0.0
BG,2022-10-17,86.58000183105469,88.72000122070312,86.58000183105469,87.83999633789062,1061000,80.48867797851562,0.0
BG,2022-10-18,88.9000015258789,89.62000274658203,88.02999877929688,89.30000305175781,1207000,81.82647705078125,0.0
BG,2022-10-19,89.0,90.83000183105469,88.68000030517578,90.5999984741211,1241100,83.01768493652344,0.0
BG,2022-10-20,91.1500015258789,91.7300033569336,89.81999969482422,89.83000183105469,1186200,82.3121337890625,0.0
BG,2022-10-21,89.55000305175781,91.33999633789062,88.93000030517578,90.80000305175781,853300,83.20095825195312,0.0
BG,2022-10-24,90.8499984741211,91.37000274658203,90.44000244140625,91.11000061035156,1123200,83.48501586914062,0.0
BG,2022-10-25,91.25,92.27999877929688,89.66999816894531,91.97000122070312,1822200,84.2730484008789,0.0
BG,2022-10-26,98.0,99.72000122070312,95.04000091552734,98.41000366210938,2825100,90.174072265625,0.0
BG,2022-10-27,99.2300033569336,102.79000091552734,97.79000091552734,97.86000061035156,1840500,89.67010498046875,0.0
BG,2022-10-28,97.79000091552734,98.62999725341797,95.75,96.76000213623047,1124000,88.66216278076172,0.0
BG,2022-10-31,97.19999694824219,100.22000122070312,97.19999694824219,98.69999694824219,1471800,90.43980407714844,0.0
BG,2022-11-01,99.38999938964844,100.94999694824219,98.33999633789062,99.7699966430664,1023400,91.42024230957031,0.0
BG,2022-11-02,98.33999633789062,101.63999938964844,98.20999908447266,99.18000030517578,1521200,90.87963104248047,0.0
BG,2022-11-03,97.45999908447266,99.56999969482422,96.6500015258789,98.7300033569336,960400,90.46730041503906,0.0
BG,2022-11-04,100.63999938964844,101.4000015258789,98.30999755859375,99.52999877929688,840700,91.2003402709961,0.0
BG,2022-11-07,99.55000305175781,103.27999877929688,99.55000305175781,103.20999908447266,1721700,94.57234954833984,0.0
BG,2022-11-08,103.4000015258789,105.76000213623047,102.95999908447266,104.55999755859375,1958300,95.80936431884766,0.0
BG,2022-11-09,103.06999969482422,104.0199966430664,99.55000305175781,99.93000030517578,1799900,91.56686401367188,0.0
BG,2022-11-10,102.76000213623047,104.19999694824219,100.81999969482422,102.19000244140625,1496000,93.63772583007812,0.0
BG,2022-11-11,103.0,103.69000244140625,99.88999938964844,101.51000213623047,1003700,93.01463317871094,0.0
BG,2022-11-14,100.94000244140625,101.98999786376953,98.76000213623047,98.86000061035156,1340000,90.58641052246094,0.0
BG,2022-11-15,99.5199966430664,100.5,97.30000305175781,99.76000213623047,1582400,91.41107940673828,0.0
BG,2022-11-16,99.73999786376953,99.91999816894531,98.5199966430664,99.41000366210938,881900,91.09037780761719,0.0
BG,2022-11-17,97.77999877929688,99.58999633789062,97.5,99.48999786376953,1051400,91.74046325683594,0.625
BG,2022-11-18,100.33999633789062,101.29000091552734,99.56999969482422,100.69999694824219,812600,92.85621643066406,0.0
BG,2022-11-21,100.23999786376953,102.06999969482422,98.19000244140625,101.27999877929688,1458200,93.39103698730469,0.0
BG,2022-11-22,101.88999938964844,102.81999969482422,99.58000183105469,101.58000183105469,1744400,93.66767883300781,0.0
BG,2022-11-23,101.51000213623047,102.16999816894531,100.81999969482422,101.18000030517578,588200,93.29883575439453,0.0
BG,2022-11-25,101.81999969482422,103.12999725341797,101.52999877929688,101.77999877929688,544700,93.85208892822266,0.0
BG,2022-11-28,100.91000366210938,102.37999725341797,100.22000122070312,102.37999725341797,941600,94.40535736083984,0.0
BG,2022-11-29,103.2300033569336,105.5999984741211,103.2300033569336,104.16000366210938,1306400,96.04672241210938,0.0
BG,2022-11-30,105.80999755859375,106.19999694824219,102.55000305175781,104.83999633789062,2051500,96.67374420166016,0.0
BG,2022-12-01,103.58999633789062,104.54000091552734,96.16000366210938,98.94000244140625,2660500,91.23330688476562,0.0
BG,2022-12-02,98.41999816894531,98.91999816894531,94.06999969482422,94.83000183105469,2621100,87.4434585571289,0.0
BG,2022-12-05,93.61000061035156,94.37000274658203,92.44999694824219,93.31999969482422,1540700,86.05106353759766,0.0
BG,2022-12-06,93.0,95.80999755859375,92.9000015258789,95.47000122070312,1608400,88.03359985351562,0.0
BG,2022-12-07,95.37999725341797,97.91000366210938,95.16999816894531,95.51000213623047,1196400,88.07048034667969,0.0
BG,2022-12-08,96.58000183105469,97.0,95.19999694824219,96.36000061035156,1148400,88.85427856445312,0.0
BG,2022-12-09,96.4000015258789,96.88999938964844,95.33999633789062,95.51000213623047,791700,88.07048034667969,0.0
BG,2022-12-12,95.70999908447266,95.70999908447266,94.30999755859375,95.47000122070312,729200,88.03359985351562,0.0
BG,2022-12-13,96.9000015258789,97.1500015258789,94.45999908447266,94.47000122070312,1036000,87.11150360107422,0.0
BG,2022-12-14,96.11000061035156,97.01000213623047,95.0,96.2300033569336,1346900,88.7343978881836,0.0
BG,2022-12-15,95.25,96.80000305175781,95.16000366210938,96.75,1105200,89.21389770507812,0.0
BG,2022-12-16,95.97000122070312,97.48999786376953,94.5,96.08000183105469,1638500,88.59608459472656,0.0
BG,2022-12-19,96.68000030517578,97.87999725341797,95.19000244140625,96.19000244140625,807500,88.697509765625,0.0
BG,2022-12-20,95.91999816894531,97.36000061035156,95.55999755859375,96.47000122070312,1096800,88.95570373535156,0.0
BG,2022-12-21,97.05999755859375,98.55000305175781,96.54000091552734,97.79000091552734,911500,90.17288208007812,0.0
BG,2022-12-22,97.72000122070312,97.72000122070312,95.48999786376953,97.11000061035156,545400,89.54585266113281,0.0
BG,2022-12-23,97.45999908447266,99.11000061035156,97.19999694824219,98.95999908447266,459700,91.25174713134766,0.0
BG,2022-12-27,99.2699966430664,100.80000305175781,99.2699966430664,100.58000183105469,623800,92.74559020996094,0.0
BG,2022-12-28,100.66000366210938,101.16000366210938,98.88999938964844,99.5,707700,91.74969482421875,0.0
BG,2022-12-29,99.62999725341797,101.22000122070312,99.62999725341797,99.79000091552734,691100,92.0171127319336,0.0
BG,2022-12-30,99.54000091552734,100.01000213623047,98.81999969482422,99.7699966430664,597000,91.99864959716797,0.0
BG,2023-01-03,99.94999694824219,100.0,95.33999633789062,95.56999969482422,876700,88.12581634521484,0.0
BG,2023-01-04,95.47000122070312,96.23999786376953,93.33999633789062,95.0,1384200,87.60020446777344,0.0
BG,2023-01-05,95.62999725341797,95.7300033569336,91.75,93.18000030517578,1409700,85.92196655273438,0.0
BG,2023-01-06,94.37000274658203,97.01000213623047,94.20999908447266,96.62000274658203,958200,89.09402465820312,0.0
BG,2023-01-09,96.58999633789062,99.19000244140625,96.0,98.04000091552734,1245200,90.40341186523438,0.0
BG,2023-01-10,98.76000213623047,99.2699966430664,96.4800033569336,97.51000213623047,907700,89.91470336914062,0.0
BG,2023-01-11,98.69999694824219,99.0,97.7300033569336,98.45999908447266,569800,90.79069519042969,0.0
BG,2023-01-12,98.70999908447266,101.25,98.05999755859375,100.54000091552734,990400,92.70869445800781,0.0
BG,2023-01-13,100.54000091552734,100.80999755859375,99.58000183105469,100.41999816894531,595900,92.59803009033203,0.0
BG,2023-01-17,100.97000122070312,102.38999938964844,100.62999725341797,101.19999694824219,730100,93.31726837158203,0.0
BG,2023-01-18,101.05000305175781,102.30999755859375,97.76000213623047,97.88999938964844,904000,90.26509857177734,0.0
BG,2023-01-19,97.75,99.69000244140625,97.41999816894531,98.38999938964844,742300,90.72615051269531,0.0
BG,2023-01-20,98.9000015258789,100.12999725341797,96.18000030517578,97.43000030517578,1118400,89.84092712402344,0.0
BG,2023-01-23,97.0,97.3499984741211,94.4000015258789,95.6500015258789,1373200,88.19959259033203,0.0
BG,2023-01-24,94.9800033569336,96.93000030517578,94.44999694824219,96.56999969482422,964300,89.04790496826172,0.0
BG,2023-01-25,95.70999908447266,96.9000015258789,94.38999938964844,96.87999725341797,1112800,89.33374786376953,0.0
BG,2023-01-26,97.43000030517578,99.87999725341797,96.01000213623047,99.75,1283100,91.980224609375,0.0
BG,2023-01-27,100.0,100.26000213623047,97.55999755859375,97.5999984741211,887300,89.99768829345703,0.0
BG,2023-01-30,97.2699966430664,97.69000244140625,96.33000183105469,97.06999969482422,740300,89.50897979736328,0.0
BG,2023-01-31,97.19999694824219,99.27999877929688,96.86000061035156,99.0999984741211,1026100,91.38085174560547,0.0
BG,2023-02-01,99.06999969482422,100.55000305175781,98.33999633789062,100.12000274658203,847700,92.3213882446289,0.0
BG,2023-02-02,99.58000183105469,99.7300033569336,97.12000274658203,98.70999908447266,1296600,91.02123260498047,0.0
BG,2023-02-03,98.86000061035156,99.83000183105469,97.55000305175781,98.08000183105469,1159900,90.44029235839844,0.0
BG,2023-02-06,98.16000366210938,99.63999938964844,97.3499984741211,99.58000183105469,1215800,91.8234634399414,0.0
BG,2023-02-07,99.36000061035156,99.61000061035156,97.44000244140625,98.95999908447266,1191200,91.25174713134766,0.0
BG,2023-02-08,98.4000015258789,103.4000015258789,97.73999786376953,98.19000244140625,1846700,90.54173278808594,0.0
BG,2023-02-09,96.45999908447266,98.76000213623047,95.33999633789062,96.0999984741211,1623300,88.61451721191406,0.0
BG,2023-02-10,96.98999786376953,99.44000244140625,96.44999694824219,98.88999938964844,1358900,91.18720245361328,0.0
BG,2023-02-13,98.4000015258789,98.54000091552734,97.02999877929688,98.23999786376953,1681600,90.58783721923828,0.0
BG,2023-02-14,98.48999786376953,100.0,97.83000183105469,99.95999908447266,1140400,92.1738510131836,0.0
BG,2023-02-15,99.12000274658203,99.44999694824219,98.33000183105469,99.4000015258789,986200,92.23417663574219,0.625
BG,2023-02-16,98.8499984741211,99.33000183105469,97.55000305175781,97.55000305175781,810100,90.51753997802734,0.0
BG,2023-02-17,97.01000213623047,97.94999694824219,95.94999694824219,97.56999969482422,752500,90.5361099243164,0.0
BG,2023-02-21,97.0999984741211,97.61000061035156,96.16999816894531,96.16999816894531,1257800,89.23703002929688,0.0
BG,2023-02-22,96.33000183105469,98.69000244140625,96.01000213623047,97.8499984741211,811800,90.79592895507812,0.0
BG,2023-02-23,98.72000122070312,99.63999938964844,97.79000091552734,98.41999816894531,608800,91.32482147216797,0.0
BG,2023-02-24,98.1500015258789,98.37000274658203,97.37000274658203,98.05999755859375,696300,90.99076843261719,0.0
BG,2023-02-27,97.97000122070312,98.9800033569336,97.16999816894531,97.19000244140625,796600,90.18350219726562,0.0
BG,2023-02-28,96.91000366210938,96.91000366210938,94.97000122070312,95.5,1327100,88.6153335571289,0.0
BG,2023-03-01,95.1500015258789,96.13999938964844,94.87999725341797,95.16999816894531,661700,88.30912017822266,0.0
BG,2023-03-02,95.05000305175781,98.2300033569336,94.6500015258789,97.55999755859375,856600,90.52681732177734,0.0
BG,2023-03-03,97.2300033569336,99.06999969482422,96.93000030517578,98.7699966430664,1052800,91.64959716796875,0.0
BG,2023-03-06,98.48999786376953,98.73999786376953,97.51000213623047,98.05999755859375,985200,90.99076843261719,0.0
BG,2023-03-07,97.19999694824219,97.80999755859375,96.18000030517578,97.18000030517578,884500,90.1742172241211,0.0
BG,2023-03-08,97.18000030517578,97.51000213623047,96.05999755859375,96.81999969482422,630900,89.84016418457031,0.0
BG,2023-03-09,96.83999633789062,97.7300033569336,94.87999725341797,94.91000366210938,1016300,88.06787109375,0.0
BG,2023-03-10,94.73999786376953,94.86000061035156,92.12999725341797,92.55000305175781,1040700,85.87799835205078,0.0
BG,2023-03-13,91.0,91.63999938964844,89.04000091552734,91.38999938964844,1760600,84.80162048339844,0.0
BG,2023-03-14,100.7300033569336,106.98999786376953,99.95999908447266,104.62000274658203,39934100,97.0778579711914,0.0
BG,2023-03-15,101.7699966430664,102.0,95.5199966430664,96.79000091552734,6957200,89.81233978271484,0.0
BG,2023-03-16,95.0999984741211,98.06999969482422,95.0999984741211,96.72000122070312,2212300,89.74738311767578,0.0
BG,2023-03-17,96.3499984741211,96.94000244140625,91.97000122070312,92.11000061035156,3876800,85.46971893310547,0.0
BG,2023-03-20,92.5,96.3499984741211,92.44999694824219,95.04000091552734,2494300,88.18848419189453,0.0
BG,2023-03-21,96.31999969482422,97.2300033569336,94.80000305175781,97.19999694824219,1623100,90.1927719116211,0.0
BG,2023-03-22,97.5999984741211,98.19999694824219,95.55999755859375,95.63999938964844,1097600,88.74523162841797,0.0
BG,2023-03-23,95.93000030517578,97.63999938964844,92.91000366210938,93.54000091552734,1552900,86.796630859375,0.0
BG,2023-03-24,92.98999786376953,94.41000366210938,91.55000305175781,93.93000030517578,1370900,87.15851593017578,0.0
BG,2023-03-27,94.88999938964844,96.62000274658203,94.4000015258789,95.83000183105469,1322000,88.92154693603516,0.0
BG,2023-03-28,95.69000244140625,97.3499984741211,95.43000030517578,96.5999984741211,1319000,89.63602447509766,0.0
BG,2023-03-29,97.73999786376953,97.8499984741211,96.44999694824219,97.0,1430400,90.00718688964844,0.0
BG,2023-03-30,97.88999938964844,98.0,94.75,95.33999633789062,1337400,88.46685791015625,0.0
BG,2023-03-31,95.98999786376953,96.81999969482422,94.91999816894531,95.5199966430664,1290300,88.6338882446289,0.0
BG,2023-04-03,96.16999816894531,97.9800033569336,95.56999969482422,96.66000366210938,1067800,89.69171142578125,0.0
BG,2023-04-04,97.04000091552734,97.04000091552734,93.93000030517578,94.51000213623047,1571600,87.69670867919922,0.0
BG,2023-04-05,94.05000305175781,94.12999725341797,91.77999877929688,92.23999786376953,1774700,85.5903549194336,0.0
BG,2023-04-06,92.08999633789062,92.8499984741211,90.38999938964844,92.45999908447266,1528400,85.79448699951172,0.0
BG,2023-04-10,92.73999786376953,94.20999908447266,92.5199966430664,94.16999816894531,841100,87.38121032714844,0.0
BG,2023-04-11,94.5199966430664,96.13999938964844,94.30999755859375,95.22000122070312,1017800,88.35551452636719,0.0
BG,2023-04-12,95.25,95.83000183105469,94.23999786376953,94.52999877929688,1096000,87.71525573730469,0.0
BG,2023-04-13,94.26000213623047,94.4000015258789,92.97000122070312,93.30000305175781,1347700,86.57392883300781,0.0
BG,2023-04-14,93.87999725341797,94.69999694824219,93.19999694824219,94.4000015258789,1019700,87.5946273803711,0.0
BG,2023-04-17,94.58000183105469,95.76000213623047,93.69999694824219,95.75,992500,88.84730529785156,0.0
BG,2023-04-18,96.05000305175781,97.87999725341797,95.72000122070312,97.80000305175781,951200,90.74951934814453,0.0
BG,2023-04-19,97.86000061035156,97.87000274658203,96.0999984741211,96.75,776200,89.77521514892578,0.0
BG,2023-04-20,95.52999877929688,96.98999786376953,95.20999908447266,96.38999938964844,798900,89.441162109375,0.0
BG,2023-04-21,96.68000030517578,96.68000030517578,94.58999633789062,95.0999984741211,715000,88.2441635131836,0.0
BG,2023-04-24,95.19000244140625,95.69000244140625,94.37000274658203,95.23999786376953,859400,88.37408447265625,0.0
BG,2023-04-25,94.30999755859375,94.30999755859375,90.69999694824219,91.37999725341797,1781200,84.79235076904297,0.0
BG,2023-04-26,91.01000213623047,93.22000122070312,91.01000213623047,92.02999877929688,1093400,85.39549255371094,0.0
BG,2023-04-27,91.93000030517578,93.05000305175781,91.30000305175781,92.69000244140625,819200,86.0079116821289,0.0
BG,2023-04-28,92.12000274658203,93.76000213623047,91.68000030517578,93.5999984741211,693300,86.85230255126953,0.0
BG,2023-05-01,93.7300033569336,94.16000366210938,92.47000122070312,92.54000091552734,838300,85.86870574951172,0.0
BG,2023-05-02,91.93000030517578,92.16000366210938,89.62000274658203,91.1500015258789,1226400,84.57893371582031,0.0
BG,2023-05-03,95.0,95.04000091552734,90.04000091552734,90.79000091552734,1681800,84.24488830566406,0.0
BG,2023-05-04,90.30000305175781,92.27999877929688,88.95999908447266,89.3499984741211,1084300,82.90868377685547,0.0
BG,2023-05-05,90.44999694824219,91.36000061035156,89.77999877929688,90.55000305175781,990300,84.02217864990234,0.0
BG,2023-05-08,90.69999694824219,91.36000061035156,90.18000030517578,90.20999908447266,1180300,83.7066879272461,0.0
BG,2023-05-09,89.80000305175781,89.80000305175781,87.87000274658203,89.30000305175781,1094100,82.86229705810547,0.0
BG,2023-05-10,90.0,90.91000366210938,89.30999755859375,89.58999633789062,981000,83.13138580322266,0.0
BG,2023-05-11,89.94999694824219,90.37000274658203,89.0199966430664,89.97000122070312,1067900,83.4839859008789,0.0
BG,2023-05-12,90.05000305175781,90.83999633789062,89.7300033569336,90.30000305175781,769100,83.79019165039062,0.0
BG,2023-05-15,90.80999755859375,92.33000183105469,90.7300033569336,91.98999786376953,1015500,85.3583755493164,0.0
BG,2023-05-16,91.44999694824219,91.83999633789062,89.04000091552734,89.11000061035156,988600,82.68598175048828,0.0
BG,2023-05-17,89.66999816894531,90.08999633789062,88.55999755859375,89.69000244140625,848500,83.22418975830078,0.0
BG,2023-05-18,88.87000274658203,89.26000213623047,87.87000274658203,88.81999969482422,889000,82.9952392578125,0.625
BG,2023-05-19,89.2699966430664,90.77999877929688,88.6500015258789,90.44999694824219,1121100,84.51835632324219,0.0
BG,2023-05-22,90.86000061035156,91.48999786376953,89.12000274658203,90.47000122070312,738600,84.53703308105469,0.0
BG,2023-05-23,90.58000183105469,92.93000030517578,90.18000030517578,91.80999755859375,908200,85.78916931152344,0.0
BG,2023-05-24,91.68000030517578,92.22000122070312,89.58999633789062,90.45999908447266,922400,84.52769470214844,0.0
BG,2023-05-25,89.79000091552734,99.61000061035156,88.91999816894531,93.61000061035156,4139100,87.47110748291016,0.0
BG,2023-05-26,93.88999938964844,95.36000061035156,92.58999633789062,94.30000305175781,1510300,88.1158676147461,0.0
BG,2023-05-30,93.87000274658203,94.47000122070312,91.91000366210938,93.94000244140625,1124300,87.77947998046875,0.0
BG,2023-05-31,92.87000274658203,93.51000213623047,91.69999694824219,92.63999938964844,1600000,86.56472778320312,0.0
BG,2023-06-01,92.77999877929688,93.05999755859375,90.81999969482422,91.0199966430664,1181900,85.05096435546875,0.0
BG,2023-06-02,91.91000366210938,93.0999984741211,91.16999816894531,92.27999877929688,1123800,86.22834777832031,0.0
BG,2023-06-05,92.38999938964844,93.08000183105469,91.41000366210938,91.73999786376953,968000,85.7237548828125,0.0
BG,2023-06-06,90.9800033569336,92.77999877929688,90.9800033569336,92.43000030517578,656500,86.36849975585938,0.0
BG,2023-06-07,92.69999694824219,95.52999877929688,91.83999633789062,94.19000244140625,1437000,88.01309967041016,0.0
BG,2023-06-08,93.83000183105469,96.4800033569336,89.38999938964844,91.18000030517578,2364200,85.20046997070312,0.0
BG,2023-06-09,90.69999694824219,93.70999908447266,90.4000015258789,93.62000274658203,961600,87.48047637939453,0.0
BG,2023-06-12,93.58999633789062,94.70999908447266,93.0,93.79000091552734,1199200,87.63931274414062,0.0
BG,2023-06-13,93.5,96.52999877929688,91.91999816894531,96.16999816894531,2517100,89.86322784423828,0.0
BG,2023-06-14,97.12999725341797,98.91000366210938,95.08000183105469,95.31999969482422,1476200,89.06898498535156,0.0
BG,2023-06-15,95.41000366210938,96.0199966430664,94.05999755859375,94.19999694824219,1799700,88.02242279052734,0.0
BG,2023-06-16,95.12999725341797,97.2300033569336,93.80999755859375,96.43000030517578,2803900,90.10619354248047,0.0
BG,2023-06-20,96.5,96.5,92.63999938964844,93.51000213623047,1613500,87.37767791748047,0.0
BG,2023-06-21,92.94000244140625,93.27999877929688,91.69000244140625,91.81999969482422,2009800,85.79850006103516,0.0
BG,2023-06-22,92.56999969482422,93.79000091552734,91.05999755859375,93.2699966430664,1234200,87.15341186523438,0.0
BG,2023-06-23,92.69000244140625,94.62999725341797,92.55000305175781,94.04000091552734,1755500,87.87291717529297,0.0
BG,2023-06-26,94.23999786376953,94.72000122070312,92.62999725341797,92.87999725341797,1216800,86.78897857666016,0.0
BG,2023-06-27,93.05999755859375,93.31999969482422,91.36000061035156,92.41000366210938,1169200,86.34981536865234,0.0
BG,2023-06-28,91.61000061035156,91.81999969482422,89.68000030517578,91.80999755859375,1530400,85.78916931152344,0.0
BG,2023-06-29,91.81999969482422,93.83000183105469,91.41000366210938,92.80999755859375,916500,86.72357177734375,0.0
BG,2023-06-30,93.30999755859375,95.12999725341797,92.12000274658203,94.3499984741211,1407000,88.16259765625,0.0
BG,2023-07-03,94.87000274658203,97.33999633789062,94.62999725341797,97.12000274658203,831000,90.75093841552734,0.0
BG,2023-07-05,96.5,98.58999633789062,96.19000244140625,98.45999908447266,1496400,92.00304412841797,0.0
BG,2023-07-06,97.38999938964844,98.70999908447266,96.9800033569336,98.29000091552734,1365000,91.84420776367188,0.0
BG,2023-07-07,98.20999908447266,101.76000213623047,98.19000244140625,100.98999786376953,2088800,94.36715698242188,0.0
BG,2023-07-10,101.0199966430664,102.8499984741211,100.02999877929688,100.18000030517578,1395100,93.6102523803711,0.0
BG,2023-07-11,101.2699966430664,102.6500015258789,100.77999877929688,102.11000061035156,1106700,95.4136962890625,0.0
BG,2023-07-12,102.91000366210938,103.0999984741211,100.43000030517578,100.66000366210938,979200,94.05879211425781,0.0
BG,2023-07-13,100.7300033569336,101.02999877929688,99.38999938964844,100.55000305175781,860700,93.95600128173828,0.0
BG,2023-07-14,100.81999969482422,101.0999984741211,98.7699966430664,99.66999816894531,626000,93.13370513916016,0.0
BG,2023-07-17,100.63999938964844,102.12999725341797,100.26000213623047,101.70999908447266,1178100,95.0399398803711,0.0
BG,2023-07-18,101.97000122070312,104.48999786376953,101.43000030517578,102.9800033569336,1249100,96.22663879394531,0.0
BG,2023-07-19,103.33000183105469,104.20999908447266,102.38999938964844,103.93000030517578,1107700,97.11434173583984,0.0
BG,2023-07-20,104.94000244140625,105.98999786376953,104.4800033569336,105.58999633789062,1239500,98.66547393798828,0.0
BG,2023-07-21,106.04000091552734,106.44999694824219,104.3499984741211,104.83999633789062,907000,97.96465301513672,0.0
BG,2023-07-24,105.33000183105469,106.70999908447266,105.33000183105469,106.08000183105469,699800,99.12334442138672,0.0
BG,2023-07-25,106.45999908447266,108.97000122070312,106.08000183105469,108.0,1416400,100.91744232177734,0.0
BG,2023-07-26,107.22000122070312,109.25,107.20999908447266,108.75,927800,101.61824798583984,0.0
BG,2023-07-27,109.37999725341797,109.55000305175781,107.80999755859375,107.8499984741211,940200,100.77725982666016,0.0
BG,2023-07-28,109.01000213623047,109.05999755859375,107.70999908447266,108.36000061035156,771900,101.25382232666016,0.0
BG,2023-07-31,109.87999725341797,109.87999725341797,107.66999816894531,108.66999816894531,1391800,101.54348754882812,0.0
BG,2023-08-01,107.66999816894531,109.0,107.12999725341797,108.41999816894531,1396600,101.30988311767578,0.0
BG,2023-08-02,110.0,116.0,109.9000015258789,112.88999938964844,2942000,105.48675537109375,0.0
BG,2023-08-03,112.61000061035156,116.01000213623047,112.19000244140625,114.38999938964844,1680300,106.88839721679688,0.0
BG,2023-08-04,114.91999816894531,115.93000030517578,114.4800033569336,114.70999908447266,1664600,107.18739318847656,0.0
BG,2023-08-07,115.0,116.58999633789062,114.70999908447266,115.9800033569336,1537500,108.3741226196289,0.0
BG,2023-08-08,114.5,114.80999755859375,113.11000061035156,114.08999633789062,1898900,106.6080551147461,0.0
BG,2023-08-09,114.19999694824219,114.76000213623047,112.62000274658203,112.69999694824219,986100,105.3092041015625,0.0
BG,2023-08-10,112.7699966430664,113.80999755859375,111.3499984741211,112.13999938964844,1169300,104.78592681884766,0.0
BG,2023-08-11,112.12999725341797,113.7300033569336,111.86000061035156,112.2300033569336,847300,104.87004089355469,0.0
BG,2023-08-14,111.94999694824219,112.98999786376953,111.22000122070312,112.87999725341797,962300,105.47740173339844,0.0
BG,2023-08-15,112.38999938964844,113.4800033569336,111.4800033569336,111.5999984741211,1138400,104.2813491821289,0.0
BG,2023-08-16,111.51000213623047,112.3499984741211,110.91999816894531,111.26000213623047,937300,103.9636459350586,0.0
BG,2023-08-17,111.2699966430664,112.55000305175781,110.70999908447266,111.06999969482422,1137600,104.40827178955078,0.663
BG,2023-08-18,110.16999816894531,112.69000244140625,109.91000366210938,112.52999877929688,999700,105.78071594238281,0.0
BG,2023-08-21,112.62999725341797,113.62999725341797,112.4000015258789,112.98999786376953,894200,106.2131118774414,0.0
BG,2023-08-22,113.47000122070312,113.79000091552734,111.30999755859375,111.38999938964844,1048800,104.7090835571289,0.0
BG,2023-08-23,111.36000061035156,112.63999938964844,111.0999984741211,112.12000274658203,1085200,105.39529418945312,0.0
BG,2023-08-24,112.08000183105469,112.8499984741211,111.66000366210938,112.08999633789062,784200,105.36709594726562,0.0
BG,2023-08-25,112.73999786376953,113.52999877929688,111.68000030517578,112.70999908447266,853300,105.94992065429688,0.0
BG,2023-08-28,113.0999984741211,114.2699966430664,112.58000183105469,113.55999755859375,725700,106.74893188476562,0.0
BG,2023-08-29,113.8499984741211,114.37999725341797,113.11000061035156,113.87999725341797,828500,107.04973602294922,0.0
BG,2023-08-30,113.75,115.1500015258789,113.75,114.5,798700,107.63255310058594,0.0
BG,2023-08-31,114.41999816894531,115.05000305175781,113.98999786376953,114.31999969482422,972800,107.4633560180664,0.0
BG,2023-09-01,115.29000091552734,115.6500015258789,114.22000122070312,115.0199966430664,912000,108.12136840820312,0.0
BG,2023-09-05,115.0,115.12000274658203,112.98999786376953,113.08999633789062,794100,106.30711364746094,0.0
BG,2023-09-06,113.05000305175781,113.55999755859375,110.2300033569336,110.80999755859375,1064100,104.16387176513672,0.0
BG,2023-09-07,110.83999633789062,112.56999969482422,110.70999908447266,112.45999908447266,1345500,105.71490478515625,0.0
BG,2023-09-08,112.68000030517578,113.5999984741211,112.02999877929688,112.37999725341797,911100,105.63970947265625,0.0
BG,2023-09-11,113.20999908447266,115.18000030517578,113.20999908447266,114.87000274658203,1068300,107.9803695678711,0.0
BG,2023-09-12,114.87000274658203,115.30000305175781,114.19000244140625,114.41000366210938,931000,107.5479507446289,0.0
BG,2023-09-13,114.38999938964844,114.68000030517578,112.06999969482422,113.1500015258789,1193300,106.36351776123047,0.0
BG,2023-09-14,113.69999694824219,115.83999633789062,113.45999908447266,115.30000305175781,835600,108.38456726074219,0.0
BG,2023-09-15,114.69999694824219,115.0,111.94000244140625,112.41000366210938,1902100,105.66791534423828,0.0
BG,2023-09-18,113.26000213623047,114.22000122070312,113.08000183105469,113.93000030517578,963000,107.09673309326172,0.0
BG,2023-09-19,113.87999725341797,114.43000030517578,112.81999969482422,112.87000274658203,947900,106.10031127929688,0.0
BG,2023-09-20,113.62999725341797,114.61000061035156,112.54000091552734,112.58999633789062,647700,105.83711242675781,0.0
BG,2023-09-21,112.54000091552734,114.25,112.22000122070312,113.2300033569336,1026800,106.438720703125,0.0
BG,2023-09-22,112.88999938964844,113.05000305175781,110.23999786376953,110.4000015258789,1065800,103.77847290039062,0.0
BG,2023-09-25,110.0,111.26000213623047,109.77999877929688,110.69000244140625,1010400,104.05106353759766,0.0
BG,2023-09-26,110.0199966430664,111.12999725341797,108.58000183105469,108.95999908447266,1198100,102.4248275756836,0.0
BG,2023-09-27,109.31999969482422,110.04000091552734,108.68000030517578,109.56999969482422,1144100,102.99823760986328,0.0
BG,2023-09-28,109.72000122070312,111.12000274658203,109.72000122070312,110.61000061035156,984900,103.97586059570312,0.0
BG,2023-09-29,110.16000366210938,110.61000061035156,107.95999908447266,108.25,1560600,101.75741577148438,0.0
BG,2023-10-02,107.83999633789062,108.0199966430664,105.58000183105469,106.69000244140625,1306800,100.29097747802734,0.0
BG,2023-10-03,106.01000213623047,107.13999938964844,104.70999908447266,105.7300033569336,1395900,99.38856506347656,0.0
BG,2023-10-04,105.37999725341797,105.87000274658203,103.97000122070312,104.5199966430664,1082800,98.2511215209961,0.0
BG,2023-10-05,104.30000305175781,105.30999755859375,103.69999694824219,103.83999633789062,1177700,97.6119155883789,0.0
BG,2023-10-06,103.48999786376953,103.55999755859375,101.05999755859375,103.12000274658203,1296700,96.93511199951172,0.0
BG,2023-10-09,103.52999877929688,106.30000305175781,103.52999877929688,105.48999786376953,1282000,99.1629409790039,0.0
BG,2023-10-10,106.1500015258789,106.94000244140625,104.36000061035156,104.48999786376953,1467700,98.22293090820312,0.0
BG,2023-10-11,104.83000183105469,105.31999969482422,100.55999755859375,101.98999786376953,2348300,95.87286376953125,0.0
BG,2023-10-12,102.13999938964844,102.19000244140625,99.12000274658203,101.27999877929688,1453100,95.20545959472656,0.0
BG,2023-10-13,101.76000213623047,102.75,100.80999755859375,102.16999816894531,1153900,96.04208374023438,0.0
BG,2023-10-16,103.01000213623047,103.7300033569336,101.52999877929688,103.33000183105469,1058100,97.13250732421875,0.0
BG,2023-10-17,102.66000366210938,105.30000305175781,102.66000366210938,105.12000274658203,852600,98.81515502929688,0.0
BG,2023-10-18,104.95999908447266,107.69999694824219,104.69999694824219,105.30999755859375,1233000,98.9937515258789,0.0
BG,2023-10-19,105.33999633789062,105.41000366210938,103.2300033569336,103.6500015258789,920600,97.43331146240234,0.0
BG,2023-10-20,103.63999938964844,104.4800033569336,101.58000183105469,101.5999984741211,1302800,95.50627136230469,0.0
BG,2023-10-23,101.70999908447266,102.37999725341797,100.62000274658203,101.44000244140625,1198400,95.35586547851562,0.0
BG,2023-10-24,101.69999694824219,102.0999984741211,99.62000274658203,100.72000122070312,1034400,94.6790542602539,0.0
BG,2023-10-25,101.0,102.58999633789062,100.3499984741211,102.18000030517578,1244800,96.05148315429688,0.0
BG,2023-10-26,104.98999786376953,108.2699966430664,103.83999633789062,106.37999725341797,1876100,99.99956512451172,0.0
BG,2023-10-27,105.87999725341797,106.66999816894531,104.31999969482422,105.41999816894531,1007700,99.09713745117188,0.0
BG,2023-10-30,106.33000183105469,107.29000091552734,105.2300033569336,106.45999908447266,973900,100.07475280761719,0.0
BG,2023-10-31,106.61000061035156,106.9800033569336,105.18000030517578,105.9800033569336,1042600,99.62357330322266,0.0
BG,2023-11-01,106.58999633789062,107.2699966430664,105.3499984741211,106.05999755859375,902700,99.6987533569336,0.0
BG,2023-11-02,105.94000244140625,107.06999969482422,104.87999725341797,105.47000122070312,1056900,99.1441421508789,0.0
BG,2023-11-03,106.27999877929688,107.41999816894531,106.01000213623047,106.05999755859375,855500,99.6987533569336,0.0
BG,2023-11-06,106.08000183105469,106.19000244140625,104.69999694824219,105.41999816894531,793000,99.09713745117188,0.0
BG,2023-11-07,104.93000030517578,105.16000366210938,103.58000183105469,104.62000274658203,677000,98.34513854980469,0.0
BG,2023-11-08,104.02999877929688,105.12999725341797,102.11000061035156,102.76000213623047,1142700,96.5967025756836,0.0
BG,2023-11-09,104.63999938964844,104.8499984741211,102.54000091552734,103.87000274658203,1206500,97.64012145996094,0.0
BG,2023-11-10,103.86000061035156,104.83999633789062,103.33999633789062,104.52999877929688,804400,98.26052856445312,0.0
BG,2023-11-13,104.16999816894531,104.68000030517578,102.94000244140625,104.08000183105469,938700,97.83751678466797,0.0
BG,2023-11-14,105.12000274658203,106.69999694824219,104.94999694824219,106.19999694824219,787300,99.83036804199219,0.0
BG,2023-11-15,106.19999694824219,107.94999694824219,106.0999984741211,106.79000091552734,1041000,100.38497924804688,0.0
BG,2023-11-16,106.0,106.0199966430664,105.16999816894531,105.93000030517578,1102500,100.1986312866211,0.663
BG,2023-11-17,106.41999816894531,107.08999633789062,105.9000015258789,106.80000305175781,730900,101.02157592773438,0.0
BG,2023-11-20,107.43000030517578,108.41000366210938,106.08000183105469,107.69999694824219,955000,101.87286376953125,0.0
BG,2023-11-21,107.69999694824219,108.36000061035156,107.08999633789062,108.19999694824219,839500,102.34581756591797,0.0
BG,2023-11-22,107.93000030517578,109.69000244140625,107.05000305175781,109.54000091552734,1037600,103.61331939697266,0.0
BG,2023-11-24,109.80000305175781,109.88999938964844,107.80999755859375,108.01000213623047,367000,102.16609954833984,0.0
BG,2023-11-27,108.0,108.75,107.29000091552734,107.54000091552734,901400,101.72152709960938,0.0
BG,2023-11-28,107.9000015258789,109.01000213623047,107.44999694824219,108.41000366210938,703100,102.54444885253906,0.0
BG,2023-11-29,108.0999984741211,108.8499984741211,107.66000366210938,108.0999984741211,603700,102.25122833251953,0.0
BG,2023-11-30,108.0,109.9000015258789,107.05000305175781,109.87000274658203,1751100,103.92546081542969,0.0
BG,2023-12-01,109.62999725341797,110.44000244140625,108.94000244140625,109.20999908447266,1034500,103.30116271972656,0.0
BG,2023-12-04,108.45999908447266,109.91000366210938,107.1500015258789,107.73999786376953,1225300,101.91070556640625,0.0
BG,2023-12-05,107.62000274658203,107.62000274658203,106.08000183105469,106.0999984741211,1061200,100.35942840576172,0.0
BG,2023-12-06,105.93000030517578,106.5,103.7300033569336,104.20999908447266,1211300,98.57169342041016,0.0
BG,2023-12-07,103.86000061035156,105.33999633789062,102.80000305175781,104.0999984741211,1191000,98.4676513671875,0.0
BG,2023-12-08,104.22000122070312,105.41000366210938,103.81999969482422,104.5,700900,98.84600830078125,0.0
BG,2023-12-11,104.62000274658203,105.51000213623047,103.61000061035156,105.0,958000,99.31895446777344,0.0
BG,2023-12-12,105.58999633789062,105.58999633789062,103.80999755859375,104.37999725341797,1103300,98.73249816894531,0.0
BG,2023-12-13,103.41999816894531,105.36000061035156,100.87000274658203,105.12999725341797,1616100,99.4419174194336,0.0
BG,2023-12-14,106.0,106.87999725341797,104.61000061035156,105.30999755859375,1500200,99.6121826171875,0.0
BG,2023-12-15,105.30999755859375,105.77999877929688,103.77999877929688,104.77999877929688,2730800,99.1108627319336,0.0
BG,2023-12-18,105.12999725341797,105.18000030517578,103.19999694824219,103.7300033569336,1946400,98.11766815185547,0.0
BG,2023-12-19,104.66999816894531,105.55999755859375,103.93000030517578,105.2699966430664,1495800,99.57434844970703,0.0
BG,2023-12-20,104.5,104.5,101.5,101.58000183105469,1125400,96.08399963378906,0.0
BG,2023-12-21,101.58999633789062,101.94000244140625,100.16000366210938,101.2300033569336,1460100,95.75293731689453,0.0
BG,2023-12-22,101.2300033569336,102.75,100.81999969482422,101.63999938964844,741100,96.1407470703125,0.0
BG,2023-12-26,101.91000366210938,103.1500015258789,101.30000305175781,102.48999786376953,484900,96.94476318359375,0.0
BG,2023-12-27,102.06999969482422,102.31999969482422,101.55000305175781,102.01000213623047,665300,96.4907455444336,0.0
BG,2023-12-28,102.63999938964844,102.70999908447266,101.05999755859375,101.62000274658203,869700,96.12183380126953,0.0
BG,2023-12-29,101.55999755859375,101.55999755859375,100.33999633789062,100.94999694824219,745800,95.48806762695312,0.0
BG,2024-01-02,100.94999694824219,102.13999938964844,100.94999694824219,101.5,976600,96.0083236694336,0.0
BG,2024-01-03,101.19000244140625,101.66000366210938,100.02999877929688,100.2699966430664,1230500,94.84486389160156,0.0
BG,2024-01-04,100.75,100.75,98.47000122070312,98.94999694824219,1668700,93.5962905883789,0.0
BG,2024-01-05,98.8499984741211,99.86000061035156,96.45999908447266,98.0199966430664,2053200,92.71661376953125,0.0
BG,2024-01-08,97.41000366210938,99.19999694824219,96.2300033569336,99.16000366210938,1750100,93.79492950439453,0.0
BG,2024-01-09,98.7300033569336,98.94000244140625,96.0999984741211,96.66999816894531,1631600,91.43964385986328,0.0
BG,2024-01-10,95.9800033569336,95.9800033569336,94.01000213623047,94.91000366210938,2221200,89.7748794555664,0.0
BG,2024-01-11,94.68000030517578,95.77999877929688,94.47000122070312,95.31999969482422,1444200,90.1626968383789,0.0
BG,2024-01-12,96.08000183105469,96.41000366210938,94.76000213623047,94.88999938964844,1223700,89.75595092773438,0.0
BG,2024-01-16,94.25,94.98999786376953,93.30000305175781,94.80000305175781,1341800,89.67082977294922,0.0
BG,2024-01-17,94.4000015258789,95.52999877929688,94.12000274658203,94.5,909600,89.3870620727539,0.0
BG,2024-01-18,94.38999938964844,94.80999755859375,93.18000030517578,94.0999984741211,1006900,89.00870513916016,0.0
BG,2024-01-19,94.13999938964844,94.25,92.62000274658203,92.68000030517578,1802400,87.66553497314453,0.0
BG,2024-01-22,90.66999816894531,92.19000244140625,88.41000366210938,88.76000213623047,4338300,83.95762634277344,0.0
BG,2024-01-23,89.27999877929688,90.70999908447266,88.95999908447266,90.18000030517578,2004600,85.30078887939453,0.0
BG,2024-01-24,90.41999816894531,90.9000015258789,88.83999633789062,89.11000061035156,1744700,84.28868103027344,0.0
BG,2024-01-25,89.80000305175781,90.22000122070312,88.05000305175781,88.44999694824219,1517700,83.66439819335938,0.0
BG,2024-01-26,88.98999786376953,89.37999725341797,87.86000061035156,88.30000305175781,1468500,83.52250671386719,0.0
BG,2024-01-29,88.6500015258789,89.22000122070312,87.98999786376953,89.01000213623047,1603200,84.19409942626953,0.0
BG,2024-01-30,89.05000305175781,90.5199966430664,87.87999725341797,90.30000305175781,1712700,85.414306640625,0.0
BG,2024-01-31,89.80000305175781,90.01000213623047,88.06999969482422,88.08999633789062,1317700,83.32386779785156,0.0
BG,2024-02-01,89.16999816894531,90.5,89.0199966430664,90.4000015258789,1448300,85.50889587402344,0.0
BG,2024-02-02,90.19000244140625,90.97000122070312,89.43000030517578,90.47000122070312,1370800,85.57510375976562,0.0
BG,2024-02-05,89.69999694824219,90.44000244140625,88.79000091552734,89.0,1854300,84.18463897705078,0.0
BG,2024-02-06,89.4000015258789,90.7699966430664,89.2300033569336,90.02999877929688,2197800,85.1589126586914,0.0
BG,2024-02-07,87.27999877929688,91.29000091552734,86.0999984741211,87.94999694824219,3610000,83.19143676757812,0.0
BG,2024-02-08,88.02999877929688,88.27999877929688,86.11000061035156,86.5,2291600,81.81990051269531,0.0
BG,2024-02-09,87.44999694824219,88.66999816894531,86.80999755859375,88.54000091552734,2690000,83.74951934814453,0.0
BG,2024-02-12,88.47000122070312,91.01000213623047,88.47000122070312,90.68000030517578,2264300,85.77374267578125,0.0
BG,2024-02-13,89.8499984741211,90.91000366210938,88.22000122070312,88.62999725341797,2218200,83.83464813232422,0.0
BG,2024-02-14,88.68000030517578,89.73999786376953,88.51000213623047,89.5199966430664,1849600,84.67649841308594,0.0
BG,2024-02-15,88.70999908447266,90.69000244140625,88.3499984741211,90.66000366210938,2385700,86.39468383789062,0.663
BG,2024-02-16,90.61000061035156,91.79000091552734,90.20999908447266,91.68000030517578,1659500,87.36669158935547,0.0
BG,2024-02-20,91.13999938964844,92.1500015258789,90.81999969482422,91.66999816894531,2055400,87.3571548461914,0.0
BG,2024-02-21,91.9000015258789,93.18000030517578,91.30000305175781,93.05999755859375,1843000,88.6817626953125,0.0
BG,2024-02-22,92.62999725341797,94.55999755859375,91.8499984741211,94.2300033569336,2263200,89.79672241210938,0.0
BG,2024-02-23,93.87999725341797,94.83000183105469,93.5999984741211,93.6500015258789,1816900,89.24400329589844,0.0
BG,2024-02-26,93.83999633789062,93.83999633789062,92.45999908447266,93.19999694824219,1072600,88.81517028808594,0.0
BG,2024-02-27,93.62000274658203,94.12999725341797,92.95999908447266,93.12000274658203,1265500,88.73894500732422,0.0
BG,2024-02-28,93.05999755859375,93.91000366210938,92.36000061035156,93.73999786376953,1195900,89.32976531982422,0.0
BG,2024-02-29,94.22000122070312,94.5,92.62000274658203,94.37000274658203,2301400,89.93013000488281,0.0
BG,2024-03-01,94.41999816894531,94.5,92.87000274658203,93.11000061035156,1799100,88.72941589355469,0.0
BG,2024-03-04,92.41999816894531,92.9800033569336,89.33999633789062,90.08999633789062,2013800,85.85149383544922,0.0
BG,2024-03-05,90.27999877929688,92.5,90.06999969482422,91.44000244140625,1651200,87.13798522949219,0.0
BG,2024-03-06,91.44999694824219,92.91999816894531,91.1500015258789,91.87999725341797,1507300,87.55728149414062,0.0
BG,2024-03-07,92.38999938964844,93.27999877929688,91.83000183105469,92.48999786376953,1824200,88.13858032226562,0.0
BG,2024-03-08,92.51000213623047,93.73999786376953,91.41999816894531,92.19999694824219,1224400,87.86222839355469,0.0
BG,2024-03-11,92.26000213623047,94.48999786376953,92.19999694824219,93.80999755859375,1491600,89.39647674560547,0.0
BG,2024-03-12,94.1500015258789,94.52999877929688,93.22000122070312,93.66999816894531,1381100,89.2630615234375,0.0
BG,2024-03-13,94.20999908447266,95.83999633789062,93.5999984741211,94.7699966430664,2428000,90.3113021850586,0.0
BG,2024-03-14,94.51000213623047,94.63999938964844,92.98999786376953,94.20999908447266,1912900,89.77764892578125,0.0
BG,2024-03-15,94.0,95.98999786376953,94.0,95.55999755859375,6291100,91.06414031982422,0.0
BG,2024-03-18,94.7699966430664,97.02999877929688,94.44000244140625,96.69000244140625,1820000,92.14098358154297,0.0
BG,2024-03-19,96.88999938964844,97.80000305175781,96.33999633789062,97.76000213623047,1553400,93.16064453125,0.0
BG,2024-03-20,97.0,97.81999969482422,96.52999877929688,97.41000366210938,1164300,92.82710266113281,0.0
BG,2024-03-21,98.08999633789062,100.36000061035156,97.47000122070312,100.11000061035156,2074800,95.40007781982422,0.0
BG,2024-03-22,100.4000015258789,100.55000305175781,98.55000305175781,99.22000122070312,1341400,94.55195617675781,0.0
BG,2024-03-25,99.5,100.63999938964844,99.3499984741211,99.94000244140625,1059200,95.23807525634766,0.0
BG,2024-03-26,100.20999908447266,100.2300033569336,98.93000030517578,99.86000061035156,1154300,95.1618423461914,0.0
BG,2024-03-27,100.55999755859375,102.62999725341797,100.20999908447266,102.41999816894531,1711700,97.60140228271484,0.0
BG,2024-03-28,102.41000366210938,103.66999816894531,102.36000061035156,102.5199966430664,1357300,97.69669342041016,0.0
BG,2024-04-01,102.93000030517578,103.41000366210938,102.01000213623047,102.29000091552734,1072800,97.47750854492188,0.0
BG,2024-04-02,102.33000183105469,104.12000274658203,102.30000305175781,103.9000015258789,1517500,99.01177215576172,0.0
BG,2024-04-03,103.79000091552734,104.02999877929688,102.7300033569336,103.75,1057300,98.86882781982422,0.0
BG,2024-04-04,104.5,106.51000213623047,103.79000091552734,105.4800033569336,1485800,100.51744079589844,0.0
BG,2024-04-05,105.30999755859375,107.0999984741211,104.94999694824219,106.86000061035156,1260500,101.83250427246094,0.0
BG,2024-04-08,107.08999633789062,107.55999755859375,106.11000061035156,106.5199966430664,1003500,101.50850677490234,0.0
BG,2024-04-09,106.44000244140625,107.70999908447266,105.95999908447266,107.05999755859375,1236400,102.0230941772461,0.0
BG,2024-04-10,106.4000015258789,107.76000213623047,105.80000305175781,107.63999938964844,1191900,102.57579803466797,0.0
BG,2024-04-11,107.72000122070312,107.77999877929688,105.55999755859375,105.91999816894531,1245700,100.93672943115234,0.0
BG,2024-04-12,105.68000030517578,106.25,103.72000122070312,103.7699966430664,1536500,98.88788604736328,0.0
BG,2024-04-15,104.8499984741211,105.58999633789062,103.16999816894531,103.93000030517578,977500,99.04035949707031,0.0
BG,2024-04-16,104.0,104.30999755859375,102.91000366210938,103.94999694824219,1396900,99.05941772460938,0.0
BG,2024-04-17,105.01000213623047,105.5999984741211,104.44000244140625,105.41999816894531,2028800,100.46025085449219,0.0
BG,2024-04-18,105.62999725341797,106.6500015258789,105.0999984741211,106.51000213623047,1341300,101.49897766113281,0.0
BG,2024-04-19,106.93000030517578,110.2699966430664,106.37999725341797,109.5199966430664,2625000,104.36735534667969,0.0
BG,2024-04-22,109.5199966430664,110.16000366210938,108.75,109.75,1599000,104.5865478515625,0.0
BG,2024-04-23,109.2300033569336,110.01000213623047,108.05000305175781,109.62000274658203,2059600,104.46265411376953,0.0
BG,2024-04-24,105.0,107.29000091552734,102.41999816894531,105.79000091552734,3629800,100.81285858154297,0.0
BG,2024-04-25,106.4000015258789,106.83000183105469,102.7699966430664,104.05999755859375,1996600,99.16423034667969,0.0
BG,2024-04-26,103.87000274658203,103.94000244140625,101.87999725341797,102.7300033569336,1396000,97.89680480957031,0.0
BG,2024-04-29,102.8499984741211,103.55999755859375,102.01000213623047,103.4800033569336,1246200,98.61151885986328,0.0
BG,2024-04-30,103.29000091552734,103.29000091552734,100.69999694824219,101.76000213623047,1476700,96.97245025634766,0.0
BG,2024-05-01,101.61000061035156,102.93000030517578,100.88999938964844,100.94999694824219,1579300,96.20054626464844,0.0
BG,2024-05-02,101.63999938964844,102.0999984741211,100.68000030517578,101.36000061035156,1001400,96.59126281738281,0.0
BG,2024-05-03,101.4000015258789,101.9000015258789,100.30000305175781,101.1500015258789,995500,96.39115142822266,0.0
BG,2024-05-06,100.73999786376953,102.30999755859375,100.73999786376953,102.26000213623047,685000,97.44892883300781,0.0
BG,2024-05-07,102.95999908447266,104.81999969482422,102.80999755859375,104.3499984741211,1025600,99.44059753417969,0.0
BG,2024-05-08,103.86000061035156,105.91999816894531,103.86000061035156,105.36000061035156,1056900,100.403076171875,0.0
BG,2024-05-09,105.58000183105469,106.30999755859375,104.66000366210938,105.38999938964844,1212400,100.43167114257812,0.0
BG,2024-05-10,105.87999725341797,106.12999725341797,103.98999786376953,106.02999877929688,1169000,101.04154968261719,0.0
BG,2024-05-13,106.54000091552734,108.02999877929688,106.2699966430664,107.61000061035156,1545100,102.5472183227539,0.0
BG,2024-05-14,107.83999633789062,107.9800033569336,103.37999725341797,103.44000244140625,1995800,98.57341003417969,0.0
BG,2024-05-15,103.44000244140625,104.0,101.4000015258789,101.73999786376953,1593000,96.95338439941406,0.0
BG,2024-05-16,102.41000366210938,105.05999755859375,102.2699966430664,104.2300033569336,1433100,99.32624053955078,0.0
BG,2024-05-17,104.01000213623047,104.01000213623047,102.41000366210938,103.08999633789062,701300,98.88499450683594,0.68
BG,2024-05-20,103.08999633789062,103.44999694824219,102.05000305175781,102.27999877929688,743400,98.10803985595703,0.0
BG,2024-05-21,102.25,104.33000183105469,102.25,103.30999755859375,707100,99.09603118896484,0.0
BG,2024-05-22,102.7300033569336,103.68000030517578,102.36000061035156,103.12999725341797,778100,98.9233627319336,0.0
BG,2024-05-23,102.80000305175781,104.48999786376953,102.27999877929688,102.37000274658203,1417400,98.19437408447266,0.0
BG,2024-05-24,102.80999755859375,104.19000244140625,102.69000244140625,103.7699966430664,933100,99.53726196289062,0.0
BG,2024-05-28,103.80000305175781,106.55000305175781,103.5199966430664,106.41999816894531,1695100,102.07917022705078,0.0
BG,2024-05-29,106.08000183105469,106.72000122070312,105.36000061035156,106.16999816894531,1758700,101.83937072753906,0.0
BG,2024-05-30,106.3499984741211,106.87999725341797,104.62999725341797,105.13999938964844,1247600,100.85138702392578,0.0
BG,2024-05-31,105.2300033569336,107.9000015258789,105.13999938964844,107.58999633789062,2330200,103.20145416259766,0.0
BG,2024-06-03,107.08999633789062,108.58000183105469,106.69999694824219,108.30999755859375,1227800,103.89208221435547,0.0
BG,2024-06-04,107.7699966430664,108.04000091552734,106.54000091552734,106.80000305175781,1386100,102.44367218017578,0.0
BG,2024-06-05,106.73999786376953,107.19000244140625,102.37000274658203,103.72000122070312,1773800,99.48930358886719,0.0
BG,2024-06-06,103.95999908447266,105.87999725341797,103.04000091552734,105.12000274658203,1208300,100.83219909667969,0.0
BG,2024-06-07,104.7699966430664,105.4000015258789,103.75,104.12999725341797,1084900,99.88257598876953,0.0
BG,2024-06-10,104.43000030517578,106.11000061035156,103.5199966430664,105.75,1262000,101.4365005493164,0.0
BG,2024-06-11,105.20999908447266,106.05000305175781,103.81999969482422,105.91999816894531,1030400,101.59957122802734,0.0
BG,2024-06-12,106.26000213623047,106.69000244140625,105.16999816894531,105.41000366210938,914700,101.1103744506836,0.0
BG,2024-06-13,104.54000091552734,105.0,102.62000274658203,103.13999938964844,1368000,98.9329605102539,0.0
BG,2024-06-14,102.62000274658203,103.12999725341797,102.23999786376953,102.83000183105469,760700,98.63561248779297,0.0
BG,2024-06-17,102.30000305175781,103.73999786376953,101.76000213623047,102.9800033569336,1028400,98.77948760986328,0.0
BG,2024-06-18,102.54000091552734,103.22000122070312,101.45999908447266,102.44000244140625,1139700,98.26152038574219,0.0
BG,2024-06-20,103.52999877929688,104.9800033569336,102.6500015258789,103.33999633789062,1678400,99.12480926513672,0.0
BG,2024-06-21,103.9800033569336,105.9000015258789,103.51000213623047,105.87000274658203,4155300,101.5516128540039,0.0
BG,2024-06-24,105.44999694824219,108.31999969482422,105.16000366210938,108.16999816894531,1287300,103.75779724121094,0.0
BG,2024-06-25,108.08999633789062,108.08999633789062,106.5,106.73999786376953,1067900,102.3861083984375,0.0
BG,2024-06-26,106.54000091552734,108.5,106.43000030517578,107.19000244140625,1097700,102.81776428222656,0.0
BG,2024-06-27,107.80000305175781,108.11000061035156,106.86000061035156,107.63999938964844,813300,103.2494125366211,0.0
BG,2024-06-28,108.04000091552734,108.44999694824219,105.30000305175781,106.7699966430664,1969000,102.41488647460938,0.0
BG,2024-07-01,107.55000305175781,108.23999786376953,106.77999877929688,107.31999969482422,737100,102.94245910644531,0.0
BG,2024-07-02,107.31999969482422,110.83999633789062,107.13999938964844,110.37999725341797,1683000,105.87764739990234,0.0
BG,2024-07-03,110.43000030517578,111.58000183105469,109.3499984741211,109.38999938964844,745800,104.92803192138672,0.0
BG,2024-07-05,108.76000213623047,109.83000183105469,107.2699966430664,108.58999633789062,1778500,104.1606674194336,0.0
BG,2024-07-08,108.72000122070312,111.56999969482422,108.69000244140625,110.38999938964844,1253900,105.88723754882812,0.0
BG,2024-07-09,110.1500015258789,111.97000122070312,109.8499984741211,109.94999694824219,1124200,105.4651870727539,0.0
BG,2024-07-10,110.45999908447266,111.43000030517578,109.66999816894531,111.19000244140625,828200,106.65461730957031,0.0
BG,2024-07-11,111.37999725341797,112.37999725341797,109.20999908447266,110.5,1219200,105.99275970458984,0.0
BG,2024-07-12,111.72000122070312,112.13999938964844,110.22000122070312,111.0999984741211,1228200,106.56827545166016,0.0
BG,2024-07-15,111.12000274658203,111.66000366210938,109.12999725341797,110.33000183105469,1081200,105.82970428466797,0.0
BG,2024-07-16,109.9800033569336,111.55999755859375,109.41999816894531,111.38999938964844,836200,106.8464584350586,0.0
BG,2024-07-17,111.69999694824219,113.22000122070312,110.83000183105469,112.11000061035156,1114700,107.5370864868164,0.0
BG,2024-07-18,111.44999694824219,112.86000061035156,111.02999877929688,112.22000122070312,851100,107.6426010131836,0.0
BG,2024-07-19,112.33999633789062,112.69000244140625,110.61000061035156,111.91999816894531,1068900,107.35484313964844,0.0
BG,2024-07-22,112.45999908447266,113.1500015258789,111.83000183105469,112.8499984741211,788300,108.24690246582031,0.0
BG,2024-07-23,112.3499984741211,112.91999816894531,110.66000366210938,110.8499984741211,855200,106.3284912109375,0.0
BG,2024-07-24,110.02999877929688,112.5199966430664,109.94999694824219,112.08999633789062,844600,107.51789855957031,0.0
BG,2024-07-25,112.2300033569336,113.9800033569336,111.37999725341797,112.94999694824219,851600,108.34282684326172,0.0
BG,2024-07-26,113.0,114.91999816894531,112.45999908447266,114.30999755859375,757800,109.64734649658203,0.0
BG,2024-07-29,114.06999969482422,114.43000030517578,113.26000213623047,113.56999969482422,1037900,108.93753051757812,0.0
BG,2024-07-30,112.7699966430664,114.81999969482422,111.06999969482422,114.55999755859375,1430300,109.88715362548828,0.0
BG,2024-07-31,105.23999786376953,107.44000244140625,103.29000091552734,105.2300033569336,3664000,100.93771362304688,0.0
BG,2024-08-01,105.97000122070312,107.19999694824219,102.76000213623047,103.06999969482422,1938000,98.86581420898438,0.0
BG,2024-08-02,102.0,102.58000183105469,97.66999816894531,98.41999816894531,1931800,94.40548706054688,0.0
BG,2024-08-05,97.70999908447266,98.23999786376953,94.75,95.41000366210938,1822500,91.51827239990234,0.0
BG,2024-08-06,95.8499984741211,97.41000366210938,95.30000305175781,95.30999755859375,1524400,91.42234802246094,0.0
BG,2024-08-07,96.4800033569336,97.68000030517578,95.68000030517578,95.69000244140625,1333600,91.78684997558594,0.0
BG,2024-08-08,96.01000213623047,98.62999725341797,95.9800033569336,97.38999938964844,1556200,93.4175033569336,0.0
BG,2024-08-09,97.05999755859375,97.55000305175781,95.91000366210938,96.87999725341797,1576300,92.92830657958984,0.0
BG,2024-08-12,96.87999725341797,97.95999908447266,96.62999725341797,96.94999694824219,1163800,92.99545288085938,0.0
BG,2024-08-13,95.06999969482422,96.94000244140625,94.43000030517578,96.5999984741211,1942000,92.65972900390625,0.0
BG,2024-08-14,96.91999816894531,97.33999633789062,95.45999908447266,95.76000213623047,1221700,91.85398864746094,0.0
BG,2024-08-15,96.51000213623047,97.16000366210938,95.80999755859375,96.01000213623047,785800,92.09380340576172,0.0
BG,2024-08-16,95.83000183105469,96.5999984741211,95.37999725341797,96.51000213623047,772900,92.57340240478516,0.0
BG,2024-08-19,95.97000122070312,96.81999969482422,95.97000122070312,96.25,706900,92.97913360595703,0.68
BG,2024-08-20,96.08000183105469,96.55999755859375,95.12000274658203,95.18000030517578,536400,91.94548797607422,0.0
BG,2024-08-21,95.63999938964844,96.54000091552734,95.5,96.33000183105469,680200,93.0564193725586,0.0
BG,2024-08-22,96.29000091552734,96.80000305175781,95.6500015258789,96.47000122070312,587200,93.191650390625,0.0
BG,2024-08-23,97.08999633789062,99.0199966430664,96.66000366210938,98.63999938964844,818300,95.28790283203125,0.0
BG,2024-08-26,99.36000061035156,100.68000030517578,99.12000274658203,100.62999725341797,1225800,97.21027374267578,0.0
BG,2024-08-27,100.94999694824219,101.29000091552734,99.5199966430664,100.31999969482422,907700,96.91082000732422,0.0
BG,2024-08-28,100.01000213623047,100.98999786376953,99.1500015258789,100.81999969482422,760600,97.3938217163086,0.0
BG,2024-08-29,101.25,101.80999755859375,99.0,101.05999755859375,925400,97.62567138671875,0.0
BG,2024-08-30,101.22000122070312,101.44000244140625,100.45999908447266,101.37999725341797,1218800,97.9347915649414,0.0
BG,2024-09-03,100.41999816894531,100.94000244140625,98.70999908447266,99.30000305175781,1097100,95.92548370361328,0.0
BG,2024-09-04,99.87000274658203,101.12999725341797,99.19999694824219,100.20999908447266,883200,96.80455780029297,0.0
BG,2024-09-05,100.80999755859375,101.51000213623047,98.68000030517578,98.73999786376953,977900,95.38450622558594,0.0
BG,2024-09-06,98.51000213623047,99.9800033569336,98.08000183105469,98.44000244140625,735200,95.0947036743164,0.0
BG,2024-09-09,98.52999877929688,99.44999694824219,97.36000061035156,98.91999816894531,1061100,95.55839538574219,0.0
BG,2024-09-10,98.93000030517578,99.23999786376953,95.79000091552734,96.18000030517578,1044100,92.91150665283203,0.0
BG,2024-09-11,96.31999969482422,96.31999969482422,94.48999786376953,95.9000015258789,968400,92.64102935791016,0.0
BG,2024-09-12,95.8499984741211,96.62000274658203,94.98999786376953,96.43000030517578,680200,93.15301513671875,0.0
BG,2024-09-13,96.80999755859375,98.05000305175781,96.43000030517578,97.37999725341797,727600,94.07072448730469,0.0
BG,2024-09-16,98.52999877929688,99.05000305175781,96.79000091552734,97.29000091552734,993200,93.9837875366211,0.0
BG,2024-09-17,97.61000061035156,98.45999908447266,97.37000274658203,97.69000244140625,770100,94.37019348144531,0.0
BG,2024-09-18,97.58000183105469,99.05000305175781,97.08000183105469,97.70999908447266,1046600,94.38951110839844,0.0
BG,2024-09-19,98.7300033569336,100.4800033569336,97.86000061035156,100.36000061035156,1497000,96.949462890625,0.0
BG,2024-09-20,100.12999725341797,100.16000366210938,97.62000274658203,98.80000305175781,5880500,95.44247436523438,0.0
BG,2024-09-23,98.1500015258789,98.9000015258789,96.95999908447266,97.44000244140625,2334900,94.12869262695312,0.0
BG,2024-09-24,97.55000305175781,98.87999725341797,96.9800033569336,97.05999755859375,1871400,93.7615966796875,0.0
BG,2024-09-25,97.06999969482422,97.2300033569336,94.69000244140625,94.72000122070312,1569100,91.5011215209961,0.0
BG,2024-09-26,94.16999816894531,96.30000305175781,94.16999816894531,95.87000274658203,3155900,92.61204528808594,0.0
BG,2024-09-27,96.87000274658203,98.33000183105469,96.75,97.7300033569336,1380700,94.40882873535156,0.0
BG,2024-09-30,97.62000274658203,97.79000091552734,96.08000183105469,96.63999938964844,1240200,93.35587310791016,0.0
BG,2024-10-01,96.25,98.29000091552734,95.5999984741211,97.68000030517578,846300,94.36054229736328,0.0
BG,2024-10-02,97.98999786376953,98.7699966430664,96.31999969482422,96.94999694824219,1486300,93.65534210205078,0.0
BG,2024-10-03,96.5,96.80999755859375,95.27999877929688,96.66999816894531,1021300,93.38485717773438,0.0
BG,2024-10-04,97.33000183105469,98.23999786376953,97.04000091552734,98.16999816894531,833200,94.83387756347656,0.0
BG,2024-10-07,98.37000274658203,99.38999938964844,98.12999725341797,98.94000244140625,1247600,95.57772064208984,0.0
BG,2024-10-08,97.9800033569336,98.58000183105469,96.86000061035156,98.23999786376953,1062500,94.90150451660156,0.0
BG,2024-10-09,98.05999755859375,98.31999969482422,96.22000122070312,96.37000274658203,1216800,93.09505462646484,0.0
BG,2024-10-10,96.8499984741211,96.9800033569336,95.4000015258789,96.05999755859375,1107400,92.79557037353516,0.0
BG,2024-10-11,96.12999725341797,97.2699966430664,96.05999755859375,96.97000122070312,631900,93.67466735839844,0.0
BG,2024-10-14,96.44000244140625,96.73999786376953,95.80999755859375,96.22000122070312,826600,92.95014953613281,0.0
BG,2024-10-15,96.70999908447266,96.7300033569336,94.58999633789062,94.68000030517578,1119000,91.46247863769531,0.0
BG,2024-10-16,94.76000213623047,95.94000244140625,94.69999694824219,95.12000274658203,1318600,91.88753509521484,0.0
BG,2024-10-17,95.51000213623047,95.7699966430664,94.44999694824219,95.5999984741211,901700,92.3512191772461,0.0
BG,2024-10-18,91.70999908447266,91.87000274658203,88.26000213623047,89.55000305175781,5329600,86.50682067871094,0.0
BG,2024-10-21,90.0,90.44000244140625,88.72000122070312,88.8499984741211,2186300,85.83059692382812,0.0
BG,2024-10-22,89.0,89.7300033569336,88.51000213623047,89.37000274658203,1822100,86.33293151855469,0.0
BG,2024-10-23,89.79000091552734,90.29000091552734,88.62999725341797,88.98999786376953,2071700,85.9658432006836,0.0
BG,2024-10-24,89.18000030517578,90.27999877929688,88.66999816894531,90.20999908447266,1222800,87.1443862915039,0.0
BG,2024-10-25,90.69000244140625,91.43000030517578,89.56999969482422,89.77999877929688,1479800,86.72899627685547,0.0
BG,2024-10-28,90.0,90.47000122070312,89.4000015258789,89.87000274658203,1721800,86.81594848632812,0.0
BG,2024-10-29,89.72000122070312,89.77999877929688,87.7699966430664,87.83999633789062,2746300,84.85491943359375,0.0
BG,2024-10-30,88.25,90.02999877929688,85.08000183105469,85.86000061035156,3393800,82.94221496582031,0.0
BG,2024-10-31,85.94000244140625,86.68000030517578,83.83999633789062,84.0199966430664,2962200,81.16473388671875,0.0
BG,2024-11-01,84.26000213623047,84.7699966430664,82.44999694824219,82.62000274658203,3147900,79.81231689453125,0.0
BG,2024-11-04,83.36000061035156,84.72000122070312,83.25,84.0,2802500,81.14542388916016,0.0
BG,2024-11-05,82.45999908447266,85.1500015258789,82.18000030517578,84.80000305175781,3257100,81.91824340820312,0.0
BG,2024-11-06,86.06999969482422,86.4800033569336,84.43000030517578,85.76000213623047,2540300,82.8456039428711,0.0
BG,2024-11-07,86.0999984741211,87.33000183105469,85.25,86.80999755859375,3022400,83.85992431640625,0.0
BG,2024-11-08,86.23999786376953,87.51000213623047,85.87999725341797,87.12000274658203,2296800,84.1594009399414,0.0
BG,2024-11-11,87.43000030517578,89.12999725341797,87.25,87.75,2658700,84.76798248291016,0.0
BG,2024-11-12,87.29000091552734,88.76000213623047,87.19999694824219,87.45999908447266,1755100,84.48783874511719,0.0
BG,2024-11-13,87.02999877929688,87.95999908447266,86.36000061035156,86.62000274658203,1986700,83.6763916015625,0.0
BG,2024-11-14,86.9800033569336,88.38999938964844,86.1500015258789,88.05999755859375,2025900,85.06745147705078,0.0
BG,2024-11-15,88.4800033569336,92.16000366210938,88.30000305175781,90.5999984741211,3252700,87.52112579345703,0.0
BG,2024-11-18,91.08999633789062,91.91999816894531,90.6500015258789,91.30999755859375,2566800,88.8740463256836,0.68
BG,2024-11-19,90.68000030517578,91.44000244140625,89.37999725341797,89.48999786376953,1619400,87.10260009765625,0.0
BG,2024-11-20,89.43000030517578,89.88999938964844,87.54000091552734,88.08000183105469,2731900,85.730224609375,0.0
BG,2024-11-21,87.97000122070312,89.37000274658203,87.30000305175781,88.37000274658203,1165500,86.01248168945312,0.0
BG,2024-11-22,87.91999816894531,88.0999984741211,86.9000015258789,87.6500015258789,1611400,85.31169891357422,0.0
BG,2024-11-25,87.75,89.37000274658203,87.66999816894531,88.44000244140625,1980800,86.08061981201172,0.0
BG,2024-11-26,88.37000274658203,90.02999877929688,88.02999877929688,89.66000366210938,1518300,87.26807403564453,0.0
BG,2024-11-27,89.94999694824219,90.54000091552734,88.55999755859375,88.91000366210938,851400,86.5380859375,0.0
BG,2024-11-29,88.7300033569336,89.93000030517578,88.5,89.73999786376953,801200,87.34593963623047,0.0
BG,2024-12-02,88.9800033569336,89.37999725341797,87.86000061035156,89.08999633789062,1531600,86.71327209472656,0.0
BG,2024-12-03,89.43000030517578,89.7300033569336,85.11000061035156,88.26000213623047,1903200,85.9054183959961,0.0
BG,2024-12-04,88.04000091552734,88.08000183105469,86.2699966430664,86.55999755859375,1987100,84.25077056884766,0.0
BG,2024-12-05,86.77999877929688,87.08000183105469,85.9000015258789,86.19999694824219,1876900,83.90037536621094,0.0
BG,2024-12-06,86.5999984741211,86.62999725341797,83.87000274658203,84.0,1902700,81.75907135009766,0.0
BG,2024-12-09,84.95999908447266,86.91999816894531,84.16999816894531,85.5,1541700,83.21904754638672,0.0
BG,2024-12-10,85.55000305175781,85.94999694824219,83.94999694824219,84.70999908447266,1718900,82.45012664794922,0.0
BG,2024-12-11,84.79000091552734,85.0,84.08999633789062,84.79000091552734,1213700,82.52799224853516,0.0
BG,2024-12-12,85.0,85.0,83.45999908447266,83.58999633789062,1426800,81.36000061035156,0.0
BG,2024-12-13,83.47000122070312,83.63999938964844,81.94999694824219,82.6500015258789,1393600,80.44508361816406,0.0
BG,2024-12-16,82.20999908447266,82.72000122070312,80.7699966430664,80.8499984741211,1274700,78.69310760498047,0.0
BG,2024-12-17,80.4800033569336,81.44000244140625,79.4000015258789,81.2699966430664,1778300,79.10189056396484,0.0
BG,2024-12-18,80.83999633789062,82.27999877929688,78.97000122070312,79.12999725341797,1961600,77.01898193359375,0.0
BG,2024-12-19,79.61000061035156,80.23999786376953,77.69000244140625,77.91999816894531,1704700,75.84127044677734,0.0
BG,2024-12-20,77.63999938964844,79.76000213623047,77.63999938964844,79.0999984741211,7010200,76.98978424072266,0.0
BG,2024-12-23,78.54000091552734,79.25,77.87999725341797,79.05000305175781,1054200,76.94112396240234,0.0
BG,2024-12-24,78.83999633789062,79.20999908447266,78.13999938964844,79.0999984741211,397900,76.98978424072266,0.0
BG,2024-12-26,78.80000305175781,79.01000213623047,77.76000213623047,78.05999755859375,1192000,75.97752380371094,0.0
BG,2024-12-27,77.88999938964844,79.5,77.5199966430664,78.06999969482422,1047500,75.98726654052734,0.0
BG,2024-12-30,78.19000244140625,78.3499984741211,76.37999725341797,76.88999938964844,1071400,74.8387451171875,0.0
BG,2024-12-31,77.13999938964844,77.81999969482422,76.95999908447266,77.76000213623047,1194900,75.68553924560547,0.0
BG,2025-01-02,78.5,78.7699966430664,77.2300033569336,77.56999969482422,870800,75.5006103515625,0.0
BG,2025-01-03,77.68000030517578,78.0,76.72000122070312,77.27999877929688,1231900,75.21833801269531,0.0
BG,2025-01-06,77.94999694824219,79.44000244140625,77.58999633789062,77.9800033569336,928300,75.89967346191406,0.0
BG,2025-01-07,78.12000274658203,79.12999725341797,77.5999984741211,77.80999755859375,874500,75.73420715332031,0.0
BG,2025-01-08,77.41999816894531,77.86000061035156,75.75,77.37999725341797,1665500,75.315673828125,0.0
BG,2025-01-10,77.52999877929688,82.16999816894531,77.44000244140625,81.22000122070312,2349800,79.05323791503906,0.0
BG,2025-01-13,81.56999969482422,82.56999969482422,81.16000366210938,81.98999786376953,1608400,79.80268859863281,0.0
BG,2025-01-14,82.01000213623047,82.43000030517578,80.58000183105469,81.61000061035156,1242100,79.43283081054688,0.0
BG,2025-01-15,82.16999816894531,82.3499984741211,80.31999969482422,80.44000244140625,1757100,78.29403686523438,0.0
BG,2025-01-16,79.87999725341797,80.4800033569336,78.5999984741211,79.4000015258789,1875200,77.28179168701172,0.0
BG,2025-01-17,79.58000183105469,80.22000122070312,79.0199966430664,79.54000091552734,1362800,77.41804504394531,0.0
BG,2025-01-21,78.91999816894531,79.62000274658203,78.33999633789062,78.62999725341797,1601200,76.5323257446289,0.0
BG,2025-01-22,78.31999969482422,78.80999755859375,77.63999938964844,77.91000366210938,1254800,75.83153533935547,0.0
BG,2025-01-23,78.16000366210938,79.30999755859375,77.9000015258789,78.66999816894531,968900,76.57125854492188,0.0
BG,2025-01-24,78.83999633789062,78.87999725341797,77.0,77.19000244140625,1237800,75.13074493408203,0.0
BG,2025-01-27,78.37999725341797,79.33000183105469,77.04000091552734,78.68000030517578,1988800,76.58099365234375,0.0
BG,2025-01-28,78.95999908447266,79.26000213623047,76.86000061035156,77.26000213623047,988600,75.19888305664062,0.0
BG,2025-01-29,77.05000305175781,78.44000244140625,77.05000305175781,78.22000122070312,1159500,76.13326263427734,0.0
BG,2025-01-30,78.5199966430664,78.93000030517578,77.05000305175781,77.6500015258789,1052600,75.57847595214844,0.0
BG,2025-01-31,77.19000244140625,77.7699966430664,75.72000122070312,76.12999725341797,1469900,74.09901428222656,0.0
BG,2025-02-03,75.30000305175781,75.77999877929688,74.47000122070312,75.16000366210938,1519900,73.1549072265625,0.0
BG,2025-02-04,75.16000366210938,75.58999633789062,73.73999786376953,75.0199966430664,2267200,73.01863098144531,0.0
BG,2025-02-05,71.26000213623047,73.76000213623047,69.7300033569336,69.87000274658203,3596900,68.00602722167969,0.0
BG,2025-02-06,70.7699966430664,70.87000274658203,67.4000015258789,69.29000091552734,3336600,67.4415054321289,0.0
BG,2025-02-07,69.61000061035156,69.86000061035156,68.2699966430664,69.5999984741211,1612900,67.74322509765625,0.0
BG,2025-02-10,69.44999694824219,69.7300033569336,67.80999755859375,69.16000366210938,2784700,67.31497192382812,0.0
BG,2025-02-11,69.25,70.61000061035156,68.69999694824219,69.91999816894531,2005300,68.0546875,0.0
BG,2025-02-12,69.5,70.4000015258789,68.69999694824219,69.06999969482422,1631300,67.22736358642578,0.0
BG,2025-02-13,68.87999725341797,71.58999633789062,68.87999725341797,69.79000091552734,1717900,67.92816162109375,0.0
BG,2025-02-14,70.06999969482422,70.95999908447266,69.70999908447266,70.5,1276700,68.61921691894531,0.0
BG,2025-02-18,69.70999908447266,69.94999694824219,68.56999969482422,69.87999725341797,1469500,68.67818450927734,0.68
BG,2025-02-19,69.68000030517578,71.08000183105469,69.6500015258789,70.18000030517578,1138800,68.97303009033203,0.0
BG,2025-02-20,70.20999908447266,71.33000183105469,69.44000244140625,71.26000213623047,1764400,70.03445434570312,0.0
BG,2025-02-21,71.4800033569336,73.98999786376953,71.4800033569336,73.05999755859375,2081300,71.80349731445312,0.0
BG,2025-02-24,73.05999755859375,75.41000366210938,72.7300033569336,73.58000183105469,1717800,72.3145523071289,0.0
BG,2025-02-25,73.62000274658203,74.66999816894531,73.3499984741211,74.2699966430664,1620900,72.99268341064453,0.0
BG,2025-02-26,73.87000274658203,73.91999816894531,72.75,73.26000213623047,1177400,72.00005340576172,0.0
BG,2025-02-27,73.01000213623047,73.6500015258789,72.62000274658203,73.25,1108600,71.990234375,0.0
BG,2025-02-28,73.33999633789062,74.58999633789062,73.16999816894531,74.19000244140625,2340600,72.9140625,0.0
BG,2025-03-03,74.4000015258789,74.86000061035156,71.29000091552734,71.83000183105469,1490000,70.59465789794922,0.0
BG,2025-03-04,71.41000366210938,72.83000183105469,70.88999938964844,71.69999694824219,2103300,70.46688079833984,0.0
BG,2025-03-05,71.87000274658203,72.94999694824219,71.04000091552734,71.70999908447266,1406700,70.47671508789062,0.0
BG,2025-03-06,71.94999694824219,75.08000183105469,71.41000366210938,74.6500015258789,1525900,73.36614990234375,0.0
BG,2025-03-07,74.3499984741211,77.08000183105469,73.73999786376953,75.5999984741211,2070900,74.2998046875,0.0
BG,2025-03-10,76.36000061035156,78.06999969482422,75.7300033569336,76.30999755859375,1871400,74.99760437011719,0.0
BG,2025-03-11,76.25,76.91999816894531,74.30999755859375,74.41000366210938,1869800,73.13027954101562,0.0
BG,2025-03-12,73.66999816894531,73.87999725341797,71.88999938964844,73.12999725341797,1297000,71.8722915649414,0.0
BG,2025-03-13,73.18000030517578,74.01000213623047,72.66000366210938,73.58999633789062,1572400,72.32437896728516,0.0
BG,2025-03-14,73.69000244140625,74.19999694824219,72.5,73.87999725341797,1099900,72.60939025878906,0.0
BG,2025-03-17,74.22000122070312,75.61000061035156,74.1500015258789,74.55000305175781,1612300,73.26787567138672,0.0
BG,2025-03-18,75.30000305175781,75.91999816894531,74.20999908447266,74.70999908447266,1070700,73.42511749267578,0.0
BG,2025-03-19,74.30999755859375,75.41000366210938,73.80999755859375,75.23999786376953,1469500,73.94600677490234,0.0
BG,2025-03-20,74.94999694824219,75.5,73.8499984741211,73.94999694824219,1749500,72.67818450927734,0.0
BG,2025-03-21,73.6500015258789,74.68000030517578,72.66999816894531,73.25,10331100,71.990234375,0.0
BG,2025-03-24,72.75,73.72000122070312,72.16999816894531,72.72000122070312,1156100,71.46934509277344,0.0
BG,2025-03-25,73.19000244140625,74.12000274658203,72.70999908447266,73.44999694824219,1286900,72.1867904663086,0.0
BG,2025-03-26,73.44000244140625,74.48999786376953,73.0,74.19000244140625,1196900,72.9140625,0.0
BG,2025-03-27,74.3499984741211,76.80999755859375,73.87000274658203,76.5,1733800,75.18433380126953,0.0
BG,2025-03-28,76.69000244140625,77.41999816894531,75.97000122070312,76.43000030517578,1219500,75.11553955078125,0.0
BG,2025-03-31,75.27999877929688,77.55999755859375,74.9000015258789,76.41999816894531,1335100,75.105712890625,0.0
BG,2025-04-01,76.87000274658203,77.88999938964844,75.80000305175781,77.8499984741211,1707800,76.51111602783203,0.0
BG,2025-04-02,77.5,78.05999755859375,76.55000305175781,78.01000213623047,1546700,76.66837310791016,0.0
BG,2025-04-03,77.69000244140625,78.7300033569336,77.26000213623047,78.19999694824219,1703000,76.85509490966797,0.0
BG,2025-04-04,76.12999725341797,76.5,72.55999755859375,73.19999694824219,2447500,71.94108581542969,0.0
BG,2025-04-07,72.19999694824219,74.44999694824219,71.06999969482422,71.83999633789062,2795700,70.6044692993164,0.0
BG,2025-04-08,72.61000061035156,73.16000366210938,68.56999969482422,69.51000213623047,2276700,68.3145523071289,0.0
BG,2025-04-09,68.83999633789062,74.80999755859375,68.33000183105469,74.29000091552734,2399100,73.01233673095703,0.0
BG,2025-04-10,74.19000244140625,74.3499984741211,72.04000091552734,73.2300033569336,1803500,71.97057342529297,0.0
BG,2025-04-11,73.68000030517578,76.66000366210938,73.26000213623047,76.30000305175781,1965600,74.98777770996094,0.0
BG,2025-04-14,76.61000061035156,77.69000244140625,75.58000183105469,77.06999969482422,1489700,75.7445297241211,0.0
BG,2025-04-15,76.77999877929688,77.01000213623047,75.45999908447266,76.19999694824219,1284800,74.88948822021484,0.0
BG,2025-04-16,76.80999755859375,77.56999969482422,76.13999938964844,76.37999725341797,905900,75.06639862060547,0.0
BG,2025-04-17,76.75,79.01000213623047,76.75,78.95999908447266,1583500,77.6020278930664,0.0
BG,2025-04-21,78.95999908447266,78.95999908447266,77.6500015258789,78.80000305175781,1362100,77.44478607177734,0.0
BG,2025-04-22,79.05000305175781,80.75,79.0,80.08999633789062,1199700,78.71258544921875,0.0
BG,2025-04-23,80.58000183105469,81.0,79.01000213623047,79.81999969482422,1259700,78.44723510742188,0.0
BG,2025-04-24,79.69999694824219,81.16999816894531,78.76000213623047,80.80000305175781,1276700,79.41038513183594,0.0
BG,2025-04-25,80.56999969482422,81.33999633789062,80.3499984741211,80.91000366210938,1103300,79.51849365234375,0.0
BG,2025-04-28,80.91000366210938,81.72000122070312,80.11000061035156,80.66000366210938,1224600,79.27279663085938,0.0
BG,2025-04-29,80.30000305175781,80.80000305175781,79.72000122070312,80.25,734700,78.86984252929688,0.0
BG,2025-04-30,80.55999755859375,80.56999969482422,78.01000213623047,78.72000122070312,2189000,77.36615753173828,0.0
BG,2025-05-01,78.63999938964844,79.87000274658203,77.55000305175781,78.4800033569336,1424600,77.13028717041016,0.0
BG,2025-05-02,79.4000015258789,80.16000366210938,76.93000030517578,79.20999908447266,1505200,77.84772491455078,0.0
BG,2025-05-05,78.44999694824219,79.04000091552734,77.5999984741211,77.81999969482422,1302900,76.48162841796875,0.0
BG,2025-05-06,77.26000213623047,79.30000305175781,77.18000030517578,78.16000366210938,2458300,76.81578826904297,0.0
BG,2025-05-07,80.27999877929688,80.27999877929688,75.5199966430664,75.9000015258789,3268900,74.59465789794922,0.0
BG,2025-05-08,75.45999908447266,76.79000091552734,75.0,76.2699966430664,2048400,74.95829010009766,0.0
BG,2025-05-09,76.44000244140625,77.80000305175781,76.29000091552734,77.3499984741211,1822900,76.01971435546875,0.0
BG,2025-05-12,78.44000244140625,80.27999877929688,78.37999725341797,80.1500015258789,2458900,78.77156066894531,0.0
BG,2025-05-13,80.02999877929688,83.87999725341797,79.93000030517578,82.91000366210938,2641300,81.48409271240234,0.0
BG,2025-05-14,82.58999633789062,83.79000091552734,81.77999877929688,81.94000244140625,2052600,80.5307846069336,0.0
BG,2025-05-15,81.13999938964844,81.19000244140625,78.0999984741211,80.0199966430664,2619600,78.64379119873047,0.0
BG,2025-05-16,80.08999633789062,81.68000030517578,79.76000213623047,81.54000091552734,1226300,80.13765716552734,0.0
BG,2025-05-19,81.0,81.19999694824219,79.69000244140625,80.30000305175781,1659400,79.60234832763672,0.7
BG,2025-05-20,80.52999877929688,81.12000274658203,79.80000305175781,80.4000015258789,1832400,79.70147705078125,0.0
BG,2025-05-21,79.97000122070312,80.18000030517578,77.81999969482422,78.19999694824219,2538000,77.52059173583984,0.0
BG,2025-05-22,77.58999633789062,78.2699966430664,76.66999816894531,77.80000305175781,2130700,77.12406921386719,0.0
BG,2025-05-23,76.9800033569336,78.48999786376953,76.5999984741211,78.0999984741211,1272000,77.42145538330078,0.0
BG,2025-05-27,78.75,79.29000091552734,77.80999755859375,79.23999786376953,1436300,78.55155181884766,0.0
BG,2025-05-28,79.30999755859375,79.91999816894531,79.04000091552734,79.37999725341797,2230600,78.69033813476562,0.0
BG,2025-05-29,79.41999816894531,80.47000122070312,78.41999816894531,79.22000122070312,1267000,78.53173065185547,0.0
BG,2025-05-30,78.63999938964844,79.13999938964844,77.75,78.1500015258789,2864100,77.47102355957031,0.0
BG,2025-06-02,78.38999938964844,78.62999725341797,77.0999984741211,78.37000274658203,1416500,77.68911743164062,0.0
BG,2025-06-03,77.68000030517578,77.80999755859375,75.62000274658203,76.2699966430664,1584300,75.60735321044922,0.0
BG,2025-06-04,76.1500015258789,76.29000091552734,74.58999633789062,74.58999633789062,1656900,73.94194793701172,0.0
BG,2025-06-05,74.76000213623047,74.76000213623047,73.66999816894531,73.8499984741211,1540200,73.20838165283203,0.0
BG,2025-06-06,74.41000366210938,74.94000244140625,74.18000030517578,74.55000305175781,956600,73.90230560302734,0.0
BG,2025-06-09,74.93000030517578,75.30000305175781,74.37000274658203,74.66999816894531,1543800,74.02125549316406,0.0
BG,2025-06-10,74.94999694824219,76.55000305175781,74.62999725341797,76.04000091552734,1185700,75.37935638427734,0.0
BG,2025-06-11,76.0199966430664,76.3499984741211,74.95999908447266,75.47000122070312,1128100,74.8143081665039,0.0
BG,2025-06-12,74.94000244140625,77.11000061035156,74.01000213623047,77.02999877929688,1868500,76.36075592041016,0.0
BG,2025-06-13,77.06999969482422,83.62999725341797,77.04000091552734,81.41000366210938,3966500,80.70270538330078,0.0
BG,2025-06-16,81.66999816894531,86.70999908447266,81.52999877929688,86.27999877929688,2877600,85.53038787841797,0.0
BG,2025-06-17,86.31999969482422,87.48999786376953,85.22000122070312,85.69000244140625,2245800,84.94551849365234,0.0
BG,2025-06-18,85.77999877929688,87.11000061035156,85.41000366210938,85.55000305175781,2038800,84.8067398071289,0.0
BG,2025-06-20,86.0999984741211,87.0199966430664,85.04000091552734,85.37999725341797,2659000,84.6382064819336,0.0
BG,2025-06-23,84.8499984741211,85.86000061035156,84.05999755859375,84.1500015258789,1598200,83.41889953613281,0.0
BG,2025-06-24,84.1500015258789,84.37999725341797,83.33999633789062,83.58999633789062,1861500,82.86376190185547,0.0
BG,2025-06-25,82.87999725341797,83.22000122070312,81.9800033569336,82.22000122070312,1355800,81.50566864013672,0.0
BG,2025-06-26,82.68000030517578,83.41999816894531,81.4800033569336,82.30000305175781,1707500,81.58497619628906,0.0
BG,2025-06-27,82.1500015258789,82.23999786376953,79.77999877929688,80.44000244140625,2375500,79.74113464355469,0.0
BG,2025-06-30,80.05999755859375,81.36000061035156,79.94999694824219,80.27999877929688,2432300,79.58251953125,0.0
BG,2025-07-01,80.04000091552734,81.52999877929688,78.95999908447266,80.25,2823700,79.55278015136719,0.0
BG,2025-07-02,81.0,81.73999786376953,78.76000213623047,81.38999938964844,2352300,80.68287658691406,0.0
BG,2025-07-03,81.5,81.75,77.9000015258789,78.44000244140625,2076600,77.75850677490234,0.0
BG,2025-07-07,78.52999877929688,78.52999877929688,74.83000183105469,74.8499984741211,2463600,74.19969177246094,0.0
BG,2025-07-08,75.22000122070312,76.8499984741211,74.80999755859375,75.80000305175781,2661000,75.14144897460938,0.0
BG,2025-07-09,75.62000274658203,76.0199966430664,73.80999755859375,75.63999938964844,2558300,74.98283386230469,0.0
BG,2025-07-10,75.5,77.55000305175781,74.72000122070312,76.54000091552734,1495700,75.87501525878906,0.0
BG,2025-07-11,76.12999725341797,77.05000305175781,75.37000274658203,76.73999786376953,1525000,76.07327270507812,0.0
BG,2025-07-14,76.61000061035156,76.7699966430664,74.30999755859375,74.98999786376953,1652200,74.3384780883789,0.0
BG,2025-07-15,74.91999816894531,75.16000366210938,74.0199966430664,74.20999908447266,1387200,73.56525421142578,0.0
BG,2025-07-16,74.41000366210938,74.73999786376953,72.83000183105469,73.0,2331800,72.36576843261719,0.0
BG,2025-07-17,72.5,73.30000305175781,71.5999984741211,73.16000366210938,1735600,72.52438354492188,0.0
BG,2025-07-18,73.3499984741211,74.62999725341797,73.16999816894531,74.41999816894531,1512900,73.77342987060547,0.0
BG,2025-07-21,74.88999938964844,75.4800033569336,74.13999938964844,74.23999786376953,1313900,73.5949935913086,0.0
BG,2025-07-22,74.3499984741211,75.8499984741211,74.3499984741211,75.68000030517578,1371600,75.0224838256836,0.0
BG,2025-07-23,76.0,78.33000183105469,75.62000274658203,78.1500015258789,1478200,77.47102355957031,0.0
BG,2025-07-24,77.9000015258789,78.06999969482422,76.52999877929688,76.93000030517578,1589700,76.26162719726562,0.0
BG,2025-07-25,76.44000244140625,77.4800033569336,75.66999816894531,77.2699966430664,1073700,76.59867095947266,0.0
BG,2025-07-28,77.25,77.25,76.19000244140625,76.69999694824219,1070100,76.03362274169922,0.0
BG,2025-07-29,76.83999633789062,77.0199966430664,74.94999694824219,76.33999633789062,2399300,75.67675018310547,0.0
BG,2025-07-30,78.4000015258789,81.37999725341797,77.13999938964844,80.30000305175781,4030600,79.60234832763672,0.0
BG,2025-07-31,79.0,80.52999877929688,78.0,79.76000213623047,3014700,79.0670394897461,0.0
BG,2025-08-01,79.80000305175781,80.0,77.25,78.0,1878600,77.32232666015625,0.0
BG,2025-08-04,77.68000030517578,80.76000213623047,77.68000030517578,80.5999984741211,2292300,79.89973449707031,0.0
BG,2025-08-05,81.19999694824219,82.72000122070312,80.80999755859375,82.41000366210938,2617900,81.69401550292969,0.0
BG,2025-08-06,82.94000244140625,83.87999725341797,80.93000030517578,80.97000122070312,2387000,80.26652526855469,0.0
BG,2025-08-07,81.91000366210938,83.16000366210938,81.2300033569336,82.75,1830600,82.03105926513672,0.0
BG,2025-08-08,83.19000244140625,84.37999725341797,82.7699966430664,82.94000244140625,1505600,82.21941375732422,0.0
BG,2025-08-11,83.23999786376953,83.88999938964844,82.05999755859375,82.22000122070312,1579500,81.50566864013672,0.0
BG,2025-08-12,82.30000305175781,85.30999755859375,81.94999694824219,82.5199966430664,2793600,81.80305480957031,0.0
BG,2025-08-13,81.9800033569336,83.29000091552734,80.33000183105469,83.23999786376953,1660500,82.51679992675781,0.0
BG,2025-08-14,82.91999816894531,83.08000183105469,81.31999969482422,82.0999984741211,1989500,81.38670349121094,0.0
BG,2025-08-15,82.16999816894531,82.5999984741211,81.05000305175781,81.77999877929688,1131000,81.06948852539062,0.0
BG,2025-08-18,81.56999969482422,82.06999969482422,80.26000213623047,80.56999969482422,1910200,79.87000274658203,0.0
BG,2025-08-19,80.36000061035156,80.36000061035156,78.37000274658203,79.87000274658203,1832500,79.87000274658203,0.7
BG,2025-08-20,80.6500015258789,82.62999725341797,80.6500015258789,82.37000274658203,2254700,82.37000274658203,0.0
BG,2025-08-21,82.33000183105469,84.69000244140625,82.22000122070312,83.4000015258789,2102600,83.4000015258789,0.0
BG,2025-08-22,83.43000030517578,87.16000366210938,83.43000030517578,87.11000061035156,3252900,87.11000061035156,0.0
BG,2025-08-25,87.20999908447266,88.51000213623047,87.0999984741211,88.1500015258789,2277700,88.1500015258789,0.0
BG,2025-08-26,87.37000274658203,87.75,84.76000213623047,84.93000030517578,2425500,84.93000030517578,0.0
BG,2025-08-27,84.58000183105469,85.93000030517578,84.38999938964844,84.66999816894531,1350100,84.66999816894531,0.0
BG,2025-08-28,84.73999786376953,85.06999969482422,83.91999816894531,84.62999725341797,1373800,84.62999725341797,0.0
BG,2025-08-29,84.12000274658203,85.08999633789062,84.0,84.22000122070312,1424800,84.22000122070312,0.0
BG,2025-09-02,83.62000274658203,84.38999938964844,80.4800033569336,81.41999816894531,3710000,81.41999816894531,0.0
BG,2025-09-03,81.08999633789062,81.56999969482422,80.22000122070312,81.2300033569336,1945500,81.2300033569336,0.0
BG,2025-09-04,81.12000274658203,81.93000030517578,80.47000122070312,81.12999725341797,1549600,81.12999725341797,0.0
BG,2025-09-05,80.95999908447266,84.37999725341797,80.95999908447266,84.33000183105469,1981900,84.33000183105469,0.0
BG,2025-09-08,84.3499984741211,85.30999755859375,83.0,84.33999633789062,2509800,84.33999633789062,0.0
BG,2025-09-09,84.5,85.05999755859375,83.98999786376953,84.1500015258789,1693800,84.1500015258789,0.0
BG,2025-09-10,83.62999725341797,84.08000183105469,78.61000061035156,82.33999633789062,3084000,82.33999633789062,0.0
BG,2025-09-11,82.08000183105469,82.62999725341797,81.26000213623047,81.94000244140625,1068300,81.94000244140625,0.0
BG,2025-09-12,81.70999908447266,82.0999984741211,81.22000122070312,81.62000274658203,1201000,81.62000274658203,0.0
BG,2025-09-15,81.91999816894531,82.06999969482422,80.2699966430664,80.30000305175781,1593200,80.30000305175781,0.0
BG,2025-09-16,80.54000091552734,84.08999633789062,79.58000183105469,83.69000244140625,2429800,83.69000244140625,0.0
BG,2025-09-17,83.43000030517578,83.83000183105469,80.3499984741211,80.41000366210938,1880400,80.41000366210938,0.0
BG,2025-09-18,80.9000015258789,81.12000274658203,79.41999816894531,79.9000015258789,1625700,79.9000015258789,0.0
BG,2025-09-19,79.94000244140625,80.0999984741211,79.13999938964844,79.16999816894531,4707800,79.16999816894531,0.0
BG,2025-09-22,78.93000030517578,79.0999984741211,76.01000213623047,77.13999938964844,2061600,77.13999938964844,0.0
BG,2025-09-23,77.66000366210938,79.7300033569336,77.5999984741211,78.45999908447266,1842100,78.45999908447266,0.0
BG,2025-09-24,78.75,80.08000183105469,78.52999877929688,78.98999786376953,1707900,78.98999786376953,0.0
BG,2025-09-25,79.4000015258789,80.18000030517578,78.81999969482422,79.38999938964844,1551800,79.38999938964844,0.0
BG,2025-09-26,79.93000030517578,82.0199966430664,79.5199966430664,81.97000122070312,2297400,81.97000122070312,0.0
BG,2025-09-29,82.16000366210938,82.63999938964844,80.12000274658203,82.43000030517578,1841600,82.43000030517578,0.0
