symbol,date,open,high,low,close,volume,adjclose,dividends
CZA,2007-04-03,25.43000030517578,25.43000030517578,25.43000030517578,25.43000030517578,300,21.02482032775879,0.0
CZA,2007-04-04,25.40999984741211,25.43000030517578,25.40999984741211,25.43000030517578,900,21.02482032775879,0.0
CZA,2007-04-05,25.450000762939453,25.450000762939453,25.450000762939453,25.450000762939453,200,21.041357040405273,0.0
CZA,2007-04-09,25.450000762939453,25.450000762939453,25.450000762939453,25.450000762939453,0,21.041357040405273,0.0
CZA,2007-04-10,25.450000762939453,25.450000762939453,25.450000762939453,25.450000762939453,0,21.041357040405273,0.0
CZA,2007-04-11,25.450000762939453,25.450000762939453,25.329999923706055,25.329999923706055,1200,20.942138671875,0.0
CZA,2007-04-12,25.329999923706055,25.329999923706055,25.329999923706055,25.329999923706055,0,20.942138671875,0.0
CZA,2007-04-13,25.459999084472656,25.459999084472656,25.459999084472656,25.459999084472656,1900,21.049619674682617,0.0
CZA,2007-04-16,25.459999084472656,25.459999084472656,25.459999084472656,25.459999084472656,0,21.049619674682617,0.0
CZA,2007-04-17,25.799999237060547,25.799999237060547,25.780000686645508,25.780000686645508,700,21.314189910888672,0.0
CZA,2007-04-18,25.81999969482422,25.81999969482422,25.81999969482422,25.81999969482422,300,21.347261428833008,0.0
CZA,2007-04-19,25.81999969482422,25.81999969482422,25.81999969482422,25.81999969482422,0,21.347261428833008,0.0
CZA,2007-04-20,26.06999969482422,26.06999969482422,26.06999969482422,26.06999969482422,100,21.553953170776367,0.0
CZA,2007-04-23,26.06999969482422,26.06999969482422,26.06999969482422,26.06999969482422,0,21.553953170776367,0.0
CZA,2007-04-24,26.149999618530273,26.149999618530273,26.149999618530273,26.149999618530273,200,21.62009048461914,0.0
CZA,2007-04-25,26.31999969482422,26.34000015258789,26.31999969482422,26.31999969482422,5800,21.76064682006836,0.0
CZA,2007-04-26,26.299999237060547,26.299999237060547,26.299999237060547,26.299999237060547,400,21.744110107421875,0.0
CZA,2007-04-27,26.239999771118164,26.239999771118164,26.239999771118164,26.239999771118164,200,21.69450569152832,0.0
CZA,2007-04-30,26.309999465942383,26.31999969482422,26.309999465942383,26.31999969482422,300,21.76064682006836,0.0
CZA,2007-05-01,26.31999969482422,26.31999969482422,26.31999969482422,26.31999969482422,0,21.76064682006836,0.0
CZA,2007-05-02,26.3700008392334,26.3700008392334,26.329999923706055,26.329999923706055,200,21.768909454345703,0.0
CZA,2007-05-03,26.43000030517578,26.43000030517578,26.43000030517578,26.43000030517578,200,21.851587295532227,0.0
CZA,2007-05-04,26.479999542236328,26.479999542236328,26.479999542236328,26.479999542236328,400,21.892929077148438,0.0
CZA,2007-05-07,26.520000457763672,26.530000686645508,26.520000457763672,26.530000686645508,500,21.934268951416016,0.0
CZA,2007-05-08,26.459999084472656,26.459999084472656,26.399999618530273,26.43000030517578,1800,21.851587295532227,0.0
CZA,2007-05-09,26.549999237060547,26.559999465942383,26.520000457763672,26.540000915527344,4700,21.942537307739258,0.0
CZA,2007-05-10,26.459999084472656,26.5,26.3700008392334,26.3700008392334,4200,21.801982879638672,0.0
CZA,2007-05-11,26.479999542236328,26.5,26.479999542236328,26.5,1300,21.909465789794922,0.0
CZA,2007-05-14,26.5,26.5,26.5,26.5,0,21.909465789794922,0.0
CZA,2007-05-15,26.639999389648438,26.639999389648438,26.440000534057617,26.440000534057617,200,21.8598575592041,0.0
CZA,2007-05-16,26.5,26.5,26.469999313354492,26.5,600,21.909465789794922,0.0
CZA,2007-05-17,26.600000381469727,26.600000381469727,26.600000381469727,26.600000381469727,300,21.992143630981445,0.0
CZA,2007-05-18,26.670000076293945,26.670000076293945,26.670000076293945,26.670000076293945,1000,22.050012588500977,0.0
CZA,2007-05-21,26.889999389648438,26.93000030517578,26.889999389648438,26.93000030517578,1000,22.26497459411621,0.0
CZA,2007-05-22,26.860000610351562,26.90999984741211,26.84000015258789,26.889999389648438,1600,22.231904983520508,0.0
CZA,2007-05-23,26.8700008392334,26.969999313354492,26.8700008392334,26.969999313354492,700,22.298049926757812,0.0
CZA,2007-05-24,26.8799991607666,26.8799991607666,26.549999237060547,26.559999465942383,1500,21.95907211303711,0.0
CZA,2007-05-25,26.559999465942383,26.559999465942383,26.559999465942383,26.559999465942383,0,21.95907211303711,0.0
CZA,2007-05-29,26.809999465942383,26.829999923706055,26.809999465942383,26.829999923706055,1000,22.182300567626953,0.0
CZA,2007-05-30,26.829999923706055,26.829999923706055,26.829999923706055,26.829999923706055,0,22.182300567626953,0.0
CZA,2007-05-31,27.18000030517578,27.190000534057617,27.149999618530273,27.18000030517578,12000,22.47166633605957,0.0
CZA,2007-06-01,27.299999237060547,27.299999237060547,27.270000457763672,27.290000915527344,14000,22.56261444091797,0.0
CZA,2007-06-04,27.290000915527344,27.290000915527344,27.290000915527344,27.290000915527344,0,22.56261444091797,0.0
CZA,2007-06-05,27.290000915527344,27.309999465942383,27.25,27.260000228881836,1900,22.53780746459961,0.0
CZA,2007-06-06,27.030000686645508,27.040000915527344,26.979999542236328,26.979999542236328,3800,22.306316375732422,0.0
CZA,2007-06-07,26.860000610351562,26.860000610351562,26.520000457763672,26.559999465942383,2400,21.95907211303711,0.0
CZA,2007-06-08,26.709999084472656,26.709999084472656,26.709999084472656,26.709999084472656,100,22.083086013793945,0.0
CZA,2007-06-11,26.860000610351562,26.93000030517578,26.860000610351562,26.889999389648438,2900,22.231904983520508,0.0
CZA,2007-06-12,26.65999984741211,26.65999984741211,26.65999984741211,26.65999984741211,100,22.041751861572266,0.0
CZA,2007-06-13,26.809999465942383,26.850000381469727,26.809999465942383,26.850000381469727,1900,22.19883155822754,0.0
CZA,2007-06-14,27.18000030517578,27.18000030517578,27.18000030517578,27.18000030517578,1500,22.47166633605957,0.0
CZA,2007-06-15,27.399999618530273,27.440000534057617,27.309999465942383,27.309999465942383,19200,22.57914924621582,0.0
CZA,2007-06-18,27.309999465942383,27.309999465942383,27.309999465942383,27.309999465942383,500,22.57914924621582,0.0
CZA,2007-06-19,27.149999618530273,27.299999237060547,27.149999618530273,27.299999237060547,1500,22.57088279724121,0.0
CZA,2007-06-20,27.3799991607666,27.3799991607666,27.3799991607666,27.3799991607666,400,22.637022018432617,0.0
CZA,2007-06-21,27.139999389648438,27.139999389648438,27.139999389648438,27.139999389648438,200,22.4385986328125,0.0
CZA,2007-06-22,26.979999542236328,26.979999542236328,26.979999542236328,26.979999542236328,400,22.306316375732422,0.0
CZA,2007-06-25,26.979999542236328,26.979999542236328,26.979999542236328,26.979999542236328,0,22.306316375732422,0.0
CZA,2007-06-26,26.860000610351562,26.860000610351562,26.860000610351562,26.860000610351562,500,22.20709991455078,0.0
CZA,2007-06-27,26.899999618530273,26.899999618530273,26.899999618530273,26.899999618530273,1700,22.24017333984375,0.0
CZA,2007-06-28,27.059999465942383,27.059999465942383,27.059999465942383,27.059999465942383,100,22.372455596923828,0.0
CZA,2007-06-29,27.059999465942383,27.059999465942383,27.059999465942383,27.059999465942383,0,22.372455596923828,0.0
CZA,2007-07-02,27.059999465942383,27.059999465942383,27.059999465942383,27.059999465942383,0,22.372455596923828,0.0
CZA,2007-07-03,27.450000762939453,27.450000762939453,27.450000762939453,27.450000762939453,300,22.69489860534668,0.0
CZA,2007-07-05,27.389999389648438,27.389999389648438,27.389999389648438,27.389999389648438,100,22.64529037475586,0.0
CZA,2007-07-06,27.450000762939453,27.510000228881836,27.450000762939453,27.510000228881836,2400,22.7445068359375,0.0
CZA,2007-07-09,27.600000381469727,27.670000076293945,27.540000915527344,27.670000076293945,5000,22.876787185668945,0.0
CZA,2007-07-10,27.530000686645508,27.530000686645508,27.309999465942383,27.309999465942383,2200,22.57914924621582,0.0
CZA,2007-07-11,27.420000076293945,27.420000076293945,27.420000076293945,27.420000076293945,900,22.670093536376953,0.0
CZA,2007-07-12,27.649999618530273,27.75,27.639999389648438,27.75,900,22.94292449951172,0.0
CZA,2007-07-13,27.790000915527344,27.790000915527344,27.790000915527344,27.790000915527344,100,22.976001739501953,0.0
CZA,2007-07-16,27.75,27.75,27.75,27.75,100,22.94292449951172,0.0
CZA,2007-07-17,27.850000381469727,27.850000381469727,27.850000381469727,27.850000381469727,100,23.025609970092773,0.0
CZA,2007-07-18,27.610000610351562,27.610000610351562,27.610000610351562,27.610000610351562,3000,22.827180862426758,0.0
CZA,2007-07-19,27.68000030517578,27.68000030517578,27.68000030517578,27.68000030517578,100,22.88505744934082,0.0
CZA,2007-07-20,27.420000076293945,27.420000076293945,27.420000076293945,27.420000076293945,100,22.670093536376953,0.0
CZA,2007-07-23,27.420000076293945,27.420000076293945,27.420000076293945,27.420000076293945,0,22.670093536376953,0.0
CZA,2007-07-24,26.969999313354492,26.969999313354492,26.969999313354492,26.969999313354492,100,22.298049926757812,0.0
CZA,2007-07-25,27.1299991607666,27.1299991607666,26.780000686645508,26.84000015258789,6000,22.19056510925293,0.0
CZA,2007-07-26,26.549999237060547,26.549999237060547,26.079999923706055,26.190000534057617,23700,21.653162002563477,0.0
CZA,2007-07-27,26.149999618530273,26.149999618530273,25.780000686645508,25.780000686645508,1800,21.314189910888672,0.0
CZA,2007-07-30,25.809999465942383,25.940000534057617,25.65999984741211,25.940000534057617,22800,21.44647216796875,0.0
CZA,2007-07-31,26.260000228881836,26.299999237060547,25.770000457763672,25.770000457763672,2000,21.305919647216797,0.0
CZA,2007-08-01,25.690000534057617,25.690000534057617,25.690000534057617,25.690000534057617,100,21.239776611328125,0.0
CZA,2007-08-02,25.84000015258789,25.950000762939453,25.770000457763672,25.850000381469727,400,21.37206268310547,0.0
CZA,2007-08-03,25.729999542236328,25.739999771118164,25.729999542236328,25.739999771118164,300,21.28111457824707,0.0
CZA,2007-08-06,25.100000381469727,25.43000030517578,25.030000686645508,25.350000381469727,12900,20.95867347717285,0.0
CZA,2007-08-07,25.540000915527344,25.540000915527344,25.540000915527344,25.540000915527344,2000,21.11576271057129,0.0
CZA,2007-08-08,25.700000762939453,25.700000762939453,25.469999313354492,25.469999313354492,10100,21.057884216308594,0.0
CZA,2007-08-09,24.75,24.75,24.75,24.75,100,20.462614059448242,0.0
CZA,2007-08-10,25.049999237060547,25.049999237060547,25.049999237060547,25.049999237060547,4000,20.710641860961914,0.0
CZA,2007-08-13,25.559999465942383,25.559999465942383,25.559999465942383,25.559999465942383,1400,21.132295608520508,0.0
CZA,2007-08-14,25.479999542236328,25.479999542236328,25.010000228881836,25.010000228881836,1500,20.677574157714844,0.0
CZA,2007-08-15,24.799999237060547,24.799999237060547,24.799999237060547,24.799999237060547,600,20.50394630432129,0.0
CZA,2007-08-16,24.799999237060547,24.799999237060547,24.799999237060547,24.799999237060547,0,20.50394630432129,0.0
CZA,2007-08-17,24.549999237060547,24.549999237060547,24.549999237060547,24.549999237060547,100,20.297256469726562,0.0
CZA,2007-08-20,24.549999237060547,24.549999237060547,24.549999237060547,24.549999237060547,0,20.297256469726562,0.0
CZA,2007-08-21,24.90999984741211,24.90999984741211,24.90999984741211,24.90999984741211,100,20.594892501831055,0.0
CZA,2007-08-22,25.219999313354492,25.25,25.219999313354492,25.239999771118164,7400,20.86772918701172,0.0
CZA,2007-08-23,25.420000076293945,25.420000076293945,25.329999923706055,25.329999923706055,7100,20.942138671875,0.0
CZA,2007-08-24,25.360000610351562,25.549999237060547,25.360000610351562,25.549999237060547,2000,21.1240291595459,0.0
CZA,2007-08-27,25.5,25.56999969482422,25.5,25.520000457763672,500,21.099227905273438,0.0
CZA,2007-08-28,25.06999969482422,25.06999969482422,25.06999969482422,25.06999969482422,100,20.7271785736084,0.0
CZA,2007-08-29,25.200000762939453,25.25,25.1200008392334,25.219999313354492,1700,20.851194381713867,0.0
CZA,2007-08-30,25.219999313354492,25.219999313354492,25.219999313354492,25.219999313354492,0,20.851194381713867,0.0
CZA,2007-08-31,25.59000015258789,25.59000015258789,25.59000015258789,25.59000015258789,800,21.157100677490234,0.0
CZA,2007-09-04,25.59000015258789,25.59000015258789,25.59000015258789,25.59000015258789,0,21.157100677490234,0.0
CZA,2007-09-05,25.5,25.5,25.5,25.5,400,21.082691192626953,0.0
CZA,2007-09-06,25.5,25.5,25.5,25.5,0,21.082691192626953,0.0
CZA,2007-09-07,25.5,25.5,25.5,25.5,0,21.082691192626953,0.0
CZA,2007-09-10,25.209999084472656,25.209999084472656,25.209999084472656,25.209999084472656,300,20.842926025390625,0.0
CZA,2007-09-11,25.209999084472656,25.209999084472656,25.209999084472656,25.209999084472656,0,20.842926025390625,0.0
CZA,2007-09-12,25.360000610351562,25.360000610351562,25.360000610351562,25.360000610351562,100,20.966941833496094,0.0
CZA,2007-09-13,25.360000610351562,25.360000610351562,25.360000610351562,25.360000610351562,0,20.966941833496094,0.0
CZA,2007-09-14,25.360000610351562,25.360000610351562,25.360000610351562,25.360000610351562,0,20.966941833496094,0.0
CZA,2007-09-17,25.360000610351562,25.360000610351562,25.360000610351562,25.360000610351562,0,20.966941833496094,0.0
CZA,2007-09-18,25.959999084472656,25.959999084472656,25.959999084472656,25.959999084472656,500,21.4630069732666,0.0
CZA,2007-09-19,26.290000915527344,26.290000915527344,26.290000915527344,26.290000915527344,200,21.73584747314453,0.0
CZA,2007-09-20,26.100000381469727,26.1200008392334,26.100000381469727,26.1200008392334,700,21.595291137695312,0.0
CZA,2007-09-21,26.1200008392334,26.1200008392334,26.1200008392334,26.1200008392334,300,21.595291137695312,0.0
CZA,2007-09-24,26.030000686645508,26.030000686645508,26.030000686645508,26.030000686645508,5000,21.520875930786133,0.0
CZA,2007-09-25,25.950000762939453,25.950000762939453,25.950000762939453,25.950000762939453,200,21.454736709594727,0.0
CZA,2007-09-26,26.079999923706055,26.18000030517578,26.079999923706055,26.18000030517578,5200,21.644901275634766,0.0
CZA,2007-09-27,26.329999923706055,26.40999984741211,26.329999923706055,26.40999984741211,900,21.835058212280273,0.0
CZA,2007-09-28,26.40999984741211,26.40999984741211,26.40999984741211,26.40999984741211,0,21.835058212280273,0.0
CZA,2007-10-01,26.40999984741211,26.40999984741211,26.40999984741211,26.40999984741211,0,21.835058212280273,0.0
CZA,2007-10-02,26.729999542236328,26.75,26.729999542236328,26.75,300,22.116153717041016,0.0
CZA,2007-10-03,26.75,26.75,26.75,26.75,0,22.116153717041016,0.0
CZA,2007-10-04,26.700000762939453,26.729999542236328,26.700000762939453,26.729999542236328,2200,22.099620819091797,0.0
CZA,2007-10-05,26.979999542236328,27.1200008392334,26.979999542236328,27.1200008392334,2700,22.42206382751465,0.0
CZA,2007-10-08,27.06999969482422,27.1200008392334,27.06999969482422,27.1200008392334,900,22.42206382751465,0.0
CZA,2007-10-09,27.209999084472656,27.229999542236328,27.200000762939453,27.219999313354492,1200,22.50473976135254,0.0
CZA,2007-10-10,27.34000015258789,27.34000015258789,27.190000534057617,27.190000534057617,1800,22.479938507080078,0.0
CZA,2007-10-11,27.450000762939453,27.450000762939453,27.450000762939453,27.450000762939453,800,22.69489860534668,0.0
CZA,2007-10-12,27.280000686645508,27.280000686645508,27.280000686645508,27.280000686645508,1100,22.55434799194336,0.0
CZA,2007-10-15,27.190000534057617,27.190000534057617,27.040000915527344,27.040000915527344,1500,22.355926513671875,0.0
CZA,2007-10-16,27.1200008392334,27.1200008392334,26.969999313354492,27.0,18400,22.322851181030273,0.0
CZA,2007-10-17,27.100000381469727,27.100000381469727,26.8799991607666,26.90999984741211,2100,22.248441696166992,0.0
CZA,2007-10-18,27.010000228881836,27.010000228881836,27.010000228881836,27.010000228881836,300,22.331117630004883,0.0
CZA,2007-10-19,26.770000457763672,26.770000457763672,26.739999771118164,26.739999771118164,300,22.107887268066406,0.0
CZA,2007-10-22,26.440000534057617,26.559999465942383,26.3799991607666,26.549999237060547,3600,21.9507999420166,0.0
CZA,2007-10-23,26.600000381469727,26.600000381469727,26.549999237060547,26.549999237060547,800,21.9507999420166,0.0
CZA,2007-10-24,26.6299991607666,26.6299991607666,26.420000076293945,26.43000030517578,1100,21.851587295532227,0.0
CZA,2007-10-25,26.579999923706055,26.59000015258789,26.579999923706055,26.59000015258789,5600,21.983875274658203,0.0
CZA,2007-10-26,26.59000015258789,26.59000015258789,26.59000015258789,26.59000015258789,0,21.983875274658203,0.0
CZA,2007-10-29,26.8799991607666,26.8799991607666,26.8799991607666,26.8799991607666,1300,22.223636627197266,0.0
CZA,2007-10-30,26.8799991607666,26.950000762939453,26.8799991607666,26.940000534057617,900,22.273244857788086,0.0
CZA,2007-10-31,27.010000228881836,27.010000228881836,27.010000228881836,27.010000228881836,100,22.331117630004883,0.0
CZA,2007-11-01,26.90999984741211,26.90999984741211,26.739999771118164,26.739999771118164,900,22.107887268066406,0.0
CZA,2007-11-02,26.68000030517578,26.68000030517578,26.68000030517578,26.68000030517578,900,22.05828285217285,0.0
CZA,2007-11-05,26.479999542236328,26.479999542236328,26.479999542236328,26.479999542236328,100,21.892929077148438,0.0
CZA,2007-11-06,26.25,26.25,26.25,26.25,500,21.70277214050293,0.0
CZA,2007-11-07,26.149999618530273,26.149999618530273,26.149999618530273,26.149999618530273,2000,21.62009048461914,0.0
CZA,2007-11-08,26.110000610351562,26.200000762939453,25.829999923706055,26.200000762939453,12400,21.66143226623535,0.0
CZA,2007-11-09,26.079999923706055,26.079999923706055,25.889999389648438,25.889999389648438,200,21.405134201049805,0.0
CZA,2007-11-12,25.950000762939453,25.950000762939453,25.700000762939453,25.700000762939453,1800,21.248048782348633,0.0
CZA,2007-11-13,25.790000915527344,26.020000457763672,25.790000915527344,26.020000457763672,2100,21.512611389160156,0.0
CZA,2007-11-14,26.040000915527344,26.040000915527344,26.040000915527344,26.040000915527344,2000,21.529151916503906,0.0
CZA,2007-11-15,25.780000686645508,25.780000686645508,25.68000030517578,25.68000030517578,1200,21.23151206970215,0.0
CZA,2007-11-16,25.59000015258789,25.59000015258789,25.59000015258789,25.59000015258789,400,21.157100677490234,0.0
CZA,2007-11-19,25.59000015258789,25.59000015258789,25.59000015258789,25.59000015258789,0,21.157100677490234,0.0
CZA,2007-11-20,25.299999237060547,25.299999237060547,25.299999237060547,25.299999237060547,400,20.917339324951172,0.0
CZA,2007-11-21,24.989999771118164,25.1200008392334,24.989999771118164,25.1200008392334,1100,20.76852035522461,0.0
CZA,2007-11-23,25.18000030517578,25.18000030517578,25.18000030517578,25.18000030517578,100,20.81812858581543,0.0
CZA,2007-11-26,25.290000915527344,25.399999618530273,25.290000915527344,25.399999618530273,1000,21.00001335144043,0.0
CZA,2007-11-27,25.09000015258789,25.219999313354492,25.09000015258789,25.219999313354492,600,20.851194381713867,0.0
CZA,2007-11-28,25.540000915527344,25.8700008392334,25.540000915527344,25.8700008392334,200,21.38859748840332,0.0
CZA,2007-11-29,25.8700008392334,25.8700008392334,25.8700008392334,25.8700008392334,0,21.38859748840332,0.0
CZA,2007-11-30,26.010000228881836,26.010000228881836,25.920000076293945,25.920000076293945,500,21.4299373626709,0.0
CZA,2007-12-03,25.850000381469727,25.850000381469727,25.850000381469727,25.850000381469727,200,21.37206268310547,0.0
CZA,2007-12-04,25.90999984741211,25.90999984741211,25.829999923706055,25.829999923706055,4600,21.355525970458984,0.0
CZA,2007-12-05,25.829999923706055,25.829999923706055,25.829999923706055,25.829999923706055,0,21.355525970458984,0.0
CZA,2007-12-06,26.219999313354492,26.219999313354492,26.190000534057617,26.209999084472656,7400,21.66969871520996,0.0
CZA,2007-12-07,26.440000534057617,26.440000534057617,26.440000534057617,26.440000534057617,500,21.8598575592041,0.0
CZA,2007-12-10,26.510000228881836,26.639999389648438,26.510000228881836,26.600000381469727,4200,21.992143630981445,0.0
CZA,2007-12-11,26.639999389648438,26.649999618530273,26.639999389648438,26.649999618530273,1000,22.033479690551758,0.0
CZA,2007-12-12,26.260000228881836,26.280000686645508,26.229999542236328,26.229999542236328,300,21.686237335205078,0.0
CZA,2007-12-13,26.020000457763672,26.020000457763672,26.020000457763672,26.020000457763672,100,21.512611389160156,0.0
CZA,2007-12-14,25.899999618530273,25.90999984741211,25.899999618530273,25.90999984741211,3500,21.42167091369629,0.0
CZA,2007-12-17,25.760000228881836,25.760000228881836,25.59000015258789,25.59000015258789,5600,21.157100677490234,0.0
CZA,2007-12-18,25.59000015258789,25.59000015258789,25.59000015258789,25.59000015258789,0,21.157100677490234,0.0
CZA,2007-12-19,25.709999084472656,25.709999084472656,25.709999084472656,25.709999084472656,700,21.256317138671875,0.0
CZA,2007-12-20,25.709999084472656,25.709999084472656,25.709999084472656,25.709999084472656,0,21.256317138671875,0.0
CZA,2007-12-21,25.709999084472656,25.709999084472656,25.709999084472656,25.709999084472656,0,21.256317138671875,0.0
CZA,2007-12-24,26.18000030517578,26.18000030517578,26.170000076293945,26.170000076293945,1100,21.63663101196289,0.0
CZA,2007-12-26,26.170000076293945,26.170000076293945,26.170000076293945,26.170000076293945,0,21.715457916259766,0.095
CZA,2007-12-27,25.969999313354492,25.969999313354492,25.969999313354492,25.969999313354492,500,21.549503326416016,0.0
CZA,2007-12-28,25.860000610351562,25.889999389648438,25.860000610351562,25.889999389648438,300,21.483121871948242,0.0
CZA,2007-12-31,25.989999771118164,25.989999771118164,25.829999923706055,25.84000015258789,1500,21.441627502441406,0.0
CZA,2008-01-02,25.649999618530273,25.649999618530273,25.649999618530273,25.649999618530273,300,21.283973693847656,0.0
CZA,2008-01-03,25.649999618530273,25.649999618530273,25.649999618530273,25.649999618530273,0,21.283973693847656,0.0
CZA,2008-01-04,24.989999771118164,24.989999771118164,24.989999771118164,24.989999771118164,1100,20.736312866210938,0.0
CZA,2008-01-07,24.989999771118164,24.989999771118164,24.989999771118164,24.989999771118164,0,20.736312866210938,0.0
CZA,2008-01-08,24.889999389648438,24.889999389648438,24.709999084472656,24.709999084472656,500,20.50397300720215,0.0
CZA,2008-01-09,24.709999084472656,24.709999084472656,24.709999084472656,24.709999084472656,0,20.50397300720215,0.0
CZA,2008-01-10,24.709999084472656,24.709999084472656,24.709999084472656,24.709999084472656,0,20.50397300720215,0.0
CZA,2008-01-11,24.309999465942383,24.309999465942383,24.309999465942383,24.309999465942383,100,20.17205810546875,0.0
CZA,2008-01-14,24.459999084472656,24.459999084472656,24.459999084472656,24.459999084472656,300,20.296525955200195,0.0
CZA,2008-01-15,23.959999084472656,23.959999084472656,23.959999084472656,23.959999084472656,200,19.881629943847656,0.0
CZA,2008-01-16,23.809999465942383,24.020000457763672,23.760000228881836,24.020000457763672,8000,19.931421279907227,0.0
CZA,2008-01-17,23.530000686645508,23.530000686645508,23.530000686645508,23.530000686645508,800,19.52482795715332,0.0
CZA,2008-01-18,23.260000228881836,23.260000228881836,22.940000534057617,22.940000534057617,1000,19.035259246826172,0.0
CZA,2008-01-22,22.56999969482422,22.690000534057617,22.3799991607666,22.690000534057617,1700,18.827810287475586,0.0
CZA,2008-01-23,22.31999969482422,22.31999969482422,22.200000762939453,22.200000762939453,400,18.421215057373047,0.0
CZA,2008-01-24,23.200000762939453,23.200000762939453,23.200000762939453,23.200000762939453,800,19.25099754333496,0.0
CZA,2008-01-25,23.200000762939453,23.200000762939453,23.200000762939453,23.200000762939453,0,19.25099754333496,0.0
CZA,2008-01-28,23.200000762939453,23.200000762939453,23.200000762939453,23.200000762939453,0,19.25099754333496,0.0
CZA,2008-01-29,23.200000762939453,23.200000762939453,23.200000762939453,23.200000762939453,0,19.25099754333496,0.0
CZA,2008-01-30,23.90999984741211,25.06999969482422,23.90999984741211,25.06999969482422,1800,20.802696228027344,0.0
CZA,2008-01-31,23.600000381469727,24.209999084472656,23.600000381469727,24.139999389648438,20400,20.030996322631836,0.0
CZA,2008-02-01,24.43000030517578,24.489999771118164,24.43000030517578,24.469999313354492,1500,20.30482292175293,0.0
CZA,2008-02-04,24.459999084472656,24.579999923706055,24.459999084472656,24.520000457763672,1700,20.346315383911133,0.0
CZA,2008-02-05,24.0,24.0,24.0,24.0,200,19.914827346801758,0.0
CZA,2008-02-06,23.780000686645508,23.780000686645508,23.75,23.75,1300,19.707380294799805,0.0
CZA,2008-02-07,23.75,23.75,23.75,23.75,0,19.707380294799805,0.0
CZA,2008-02-08,23.690000534057617,23.719999313354492,23.690000534057617,23.719999313354492,5500,19.68248748779297,0.0
CZA,2008-02-11,23.639999389648438,23.700000762939453,23.639999389648438,23.700000762939453,500,19.665889739990234,0.0
CZA,2008-02-12,23.979999542236328,24.030000686645508,23.829999923706055,23.829999923706055,11400,19.77376365661621,0.0
CZA,2008-02-13,23.829999923706055,23.829999923706055,23.829999923706055,23.829999923706055,0,19.77376365661621,0.0
CZA,2008-02-14,24.0,24.0,24.0,24.0,100,19.914827346801758,0.0
CZA,2008-02-15,23.809999465942383,23.809999465942383,23.809999465942383,23.809999465942383,100,19.757165908813477,0.0
CZA,2008-02-19,23.809999465942383,23.809999465942383,23.809999465942383,23.809999465942383,0,19.757165908813477,0.0
CZA,2008-02-20,23.690000534057617,23.959999084472656,23.690000534057617,23.959999084472656,400,19.881629943847656,0.0
CZA,2008-02-21,23.799999237060547,23.799999237060547,23.799999237060547,23.799999237060547,200,19.748868942260742,0.0
CZA,2008-02-22,23.799999237060547,23.799999237060547,23.799999237060547,23.799999237060547,0,19.748868942260742,0.0
CZA,2008-02-25,24.0,24.139999389648438,24.0,24.139999389648438,1100,20.030996322631836,0.0
CZA,2008-02-26,24.399999618530273,24.399999618530273,24.399999618530273,24.399999618530273,800,20.246740341186523,0.0
CZA,2008-02-27,24.399999618530273,24.399999618530273,24.399999618530273,24.399999618530273,0,20.246740341186523,0.0
CZA,2008-02-28,24.399999618530273,24.399999618530273,24.399999618530273,24.399999618530273,0,20.246740341186523,0.0
CZA,2008-02-29,24.399999618530273,24.399999618530273,24.399999618530273,24.399999618530273,0,20.246740341186523,0.0
CZA,2008-03-03,23.559999465942383,23.559999465942383,23.34000015258789,23.43000030517578,900,19.441852569580078,0.0
CZA,2008-03-04,23.43000030517578,23.43000030517578,23.43000030517578,23.43000030517578,0,19.441852569580078,0.0
CZA,2008-03-05,23.559999465942383,23.559999465942383,23.559999465942383,23.559999465942383,100,19.54972267150879,0.0
CZA,2008-03-06,23.559999465942383,23.559999465942383,23.559999465942383,23.559999465942383,0,19.54972267150879,0.0
CZA,2008-03-07,23.059999465942383,23.059999465942383,23.059999465942383,23.059999465942383,1300,19.134824752807617,0.0
CZA,2008-03-10,23.059999465942383,23.059999465942383,23.059999465942383,23.059999465942383,0,19.134824752807617,0.0
CZA,2008-03-11,22.760000228881836,22.760000228881836,22.600000381469727,22.600000381469727,1000,18.753131866455078,0.0
CZA,2008-03-12,22.600000381469727,22.600000381469727,22.600000381469727,22.600000381469727,0,18.753131866455078,0.0
CZA,2008-03-13,22.600000381469727,22.600000381469727,22.600000381469727,22.600000381469727,0,18.753131866455078,0.0
CZA,2008-03-14,22.600000381469727,22.600000381469727,22.600000381469727,22.600000381469727,0,18.753131866455078,0.0
CZA,2008-03-17,22.600000381469727,22.600000381469727,22.600000381469727,22.600000381469727,0,18.753131866455078,0.0
CZA,2008-03-18,22.510000228881836,22.510000228881836,22.510000228881836,22.510000228881836,200,18.678447723388672,0.0
CZA,2008-03-19,22.510000228881836,22.510000228881836,22.510000228881836,22.510000228881836,0,18.678447723388672,0.0
CZA,2008-03-20,22.510000228881836,22.510000228881836,22.510000228881836,22.510000228881836,0,18.678447723388672,0.0
CZA,2008-03-24,23.010000228881836,23.010000228881836,23.010000228881836,23.010000228881836,200,19.093339920043945,0.0
CZA,2008-03-25,23.100000381469727,23.100000381469727,23.100000381469727,23.100000381469727,200,19.16802406311035,0.0
CZA,2008-03-26,23.100000381469727,23.100000381469727,23.100000381469727,23.100000381469727,0,19.16802406311035,0.0
CZA,2008-03-27,22.8799991607666,22.920000076293945,22.8799991607666,22.920000076293945,1100,19.018661499023438,0.0
CZA,2008-03-28,22.920000076293945,22.920000076293945,22.860000610351562,22.860000610351562,700,18.9688720703125,0.0
CZA,2008-03-31,22.709999084472656,22.829999923706055,22.709999084472656,22.829999923706055,600,18.94397735595703,0.0
CZA,2008-04-01,22.829999923706055,22.829999923706055,22.829999923706055,22.829999923706055,0,18.94397735595703,0.0
CZA,2008-04-02,23.65999984741211,23.65999984741211,23.579999923706055,23.59000015258789,28800,19.57461929321289,0.0
CZA,2008-04-03,23.600000381469727,23.600000381469727,23.600000381469727,23.600000381469727,400,19.582914352416992,0.0
CZA,2008-04-04,23.600000381469727,23.600000381469727,23.600000381469727,23.600000381469727,0,19.582914352416992,0.0
CZA,2008-04-07,23.600000381469727,23.600000381469727,23.600000381469727,23.600000381469727,0,19.582914352416992,0.0
CZA,2008-04-08,23.600000381469727,23.600000381469727,23.600000381469727,23.600000381469727,0,19.582914352416992,0.0
CZA,2008-04-09,23.600000381469727,23.600000381469727,23.600000381469727,23.600000381469727,0,19.582914352416992,0.0
CZA,2008-04-10,23.639999389648438,23.639999389648438,23.639999389648438,23.639999389648438,400,19.61610221862793,0.0
CZA,2008-04-11,23.639999389648438,23.639999389648438,23.639999389648438,23.639999389648438,0,19.61610221862793,0.0
CZA,2008-04-14,23.639999389648438,23.639999389648438,23.639999389648438,23.639999389648438,0,19.61610221862793,0.0
CZA,2008-04-15,23.3700008392334,23.3700008392334,23.329999923706055,23.329999923706055,200,19.358867645263672,0.0
CZA,2008-04-16,23.329999923706055,23.329999923706055,23.329999923706055,23.329999923706055,0,19.358867645263672,0.0
CZA,2008-04-17,23.329999923706055,23.329999923706055,23.329999923706055,23.329999923706055,0,19.358867645263672,0.0
CZA,2008-04-18,23.329999923706055,23.329999923706055,23.329999923706055,23.329999923706055,0,19.358867645263672,0.0
CZA,2008-04-21,24.200000762939453,24.280000686645508,24.200000762939453,24.280000686645508,500,20.147172927856445,0.0
CZA,2008-04-22,24.059999465942383,24.059999465942383,24.059999465942383,24.059999465942383,100,19.964611053466797,0.0
CZA,2008-04-23,24.059999465942383,24.059999465942383,24.059999465942383,24.059999465942383,0,19.964611053466797,0.0
CZA,2008-04-24,24.059999465942383,24.059999465942383,24.059999465942383,24.059999465942383,0,19.964611053466797,0.0
CZA,2008-04-25,24.299999237060547,24.299999237060547,24.299999237060547,24.299999237060547,200,20.163761138916016,0.0
CZA,2008-04-28,24.299999237060547,24.299999237060547,24.299999237060547,24.299999237060547,0,20.163761138916016,0.0
CZA,2008-04-29,24.399999618530273,24.399999618530273,24.329999923706055,24.329999923706055,400,20.18865394592285,0.0
CZA,2008-04-30,24.329999923706055,24.329999923706055,24.329999923706055,24.329999923706055,0,20.18865394592285,0.0
CZA,2008-05-01,24.530000686645508,24.530000686645508,24.530000686645508,24.530000686645508,400,20.3546142578125,0.0
CZA,2008-05-02,24.670000076293945,24.670000076293945,24.649999618530273,24.649999618530273,900,20.45418930053711,0.0
CZA,2008-05-05,24.649999618530273,24.649999618530273,24.649999618530273,24.649999618530273,0,20.45418930053711,0.0
CZA,2008-05-06,24.65999984741211,24.65999984741211,24.65999984741211,24.65999984741211,500,20.462482452392578,0.0
CZA,2008-05-07,24.65999984741211,24.65999984741211,24.65999984741211,24.65999984741211,0,20.462482452392578,0.0
CZA,2008-05-08,24.65999984741211,24.65999984741211,24.65999984741211,24.65999984741211,0,20.462482452392578,0.0
CZA,2008-05-09,24.489999771118164,24.489999771118164,24.489999771118164,24.489999771118164,1000,20.3214168548584,0.0
CZA,2008-05-12,24.959999084472656,24.989999771118164,24.959999084472656,24.989999771118164,5100,20.736312866210938,0.0
CZA,2008-05-13,25.059999465942383,25.059999465942383,25.059999465942383,25.059999465942383,100,20.79439926147461,0.0
CZA,2008-05-14,25.059999465942383,25.059999465942383,25.059999465942383,25.059999465942383,0,20.79439926147461,0.0
CZA,2008-05-15,25.059999465942383,25.059999465942383,25.059999465942383,25.059999465942383,0,20.79439926147461,0.0
CZA,2008-05-16,25.059999465942383,25.059999465942383,25.059999465942383,25.059999465942383,0,20.79439926147461,0.0
CZA,2008-05-19,25.059999465942383,25.059999465942383,25.059999465942383,25.059999465942383,0,20.79439926147461,0.0
CZA,2008-05-20,25.059999465942383,25.059999465942383,25.059999465942383,25.059999465942383,0,20.79439926147461,0.0
CZA,2008-05-21,25.059999465942383,25.059999465942383,25.059999465942383,25.059999465942383,0,20.79439926147461,0.0
CZA,2008-05-22,25.059999465942383,25.059999465942383,25.059999465942383,25.059999465942383,0,20.79439926147461,0.0
CZA,2008-05-23,25.25,25.25,25.110000610351562,25.149999618530273,4600,20.869075775146484,0.0
CZA,2008-05-27,25.149999618530273,25.149999618530273,25.149999618530273,25.149999618530273,0,20.869075775146484,0.0
CZA,2008-05-28,25.299999237060547,25.329999923706055,25.299999237060547,25.329999923706055,800,21.01844024658203,0.0
CZA,2008-05-29,25.510000228881836,25.510000228881836,25.510000228881836,25.510000228881836,200,21.167802810668945,0.0
CZA,2008-05-30,25.510000228881836,25.510000228881836,25.510000228881836,25.510000228881836,0,21.167802810668945,0.0
CZA,2008-06-02,25.3799991607666,25.3799991607666,25.3799991607666,25.3799991607666,2000,21.059932708740234,0.0
CZA,2008-06-03,25.3799991607666,25.3799991607666,25.3799991607666,25.3799991607666,0,21.059932708740234,0.0
CZA,2008-06-04,25.420000076293945,25.440000534057617,25.420000076293945,25.440000534057617,500,21.10972023010254,0.0
CZA,2008-06-05,25.440000534057617,25.440000534057617,25.440000534057617,25.440000534057617,0,21.10972023010254,0.0
CZA,2008-06-06,25.440000534057617,25.440000534057617,25.440000534057617,25.440000534057617,0,21.10972023010254,0.0
CZA,2008-06-09,25.440000534057617,25.440000534057617,25.440000534057617,25.440000534057617,0,21.10972023010254,0.0
CZA,2008-06-10,25.440000534057617,25.440000534057617,25.440000534057617,25.440000534057617,0,21.10972023010254,0.0
CZA,2008-06-11,24.850000381469727,24.860000610351562,24.84000015258789,24.84000015258789,1600,20.61184310913086,0.0
CZA,2008-06-12,24.8799991607666,24.920000076293945,24.8799991607666,24.920000076293945,800,20.6782283782959,0.0
CZA,2008-06-13,24.920000076293945,24.920000076293945,24.920000076293945,24.920000076293945,0,20.6782283782959,0.0
CZA,2008-06-16,24.920000076293945,24.920000076293945,24.920000076293945,24.920000076293945,0,20.6782283782959,0.0
CZA,2008-06-17,24.920000076293945,24.920000076293945,24.920000076293945,24.920000076293945,0,20.6782283782959,0.0
CZA,2008-06-18,24.920000076293945,24.920000076293945,24.920000076293945,24.920000076293945,900,20.6782283782959,0.0
CZA,2008-06-19,24.920000076293945,24.920000076293945,24.920000076293945,24.920000076293945,0,20.6782283782959,0.0
CZA,2008-06-20,24.350000381469727,24.3700008392334,24.350000381469727,24.3700008392334,400,20.221843719482422,0.0
CZA,2008-06-23,24.40999984741211,24.40999984741211,24.40999984741211,24.40999984741211,300,20.25503921508789,0.0
CZA,2008-06-24,24.40999984741211,24.40999984741211,24.40999984741211,24.40999984741211,0,20.25503921508789,0.0
CZA,2008-06-25,24.40999984741211,24.40999984741211,24.40999984741211,24.40999984741211,0,20.25503921508789,0.0
CZA,2008-06-26,23.950000762939453,23.950000762939453,23.950000762939453,23.950000762939453,300,19.873334884643555,0.0
CZA,2008-06-27,23.139999389648438,23.139999389648438,23.139999389648438,23.139999389648438,100,19.201210021972656,0.0
CZA,2008-06-30,23.280000686645508,23.280000686645508,23.280000686645508,23.280000686645508,200,19.3173828125,0.0
CZA,2008-07-01,23.260000228881836,23.31999969482422,23.110000610351562,23.1299991607666,15400,19.19291114807129,0.0
CZA,2008-07-02,23.1299991607666,23.1299991607666,23.1299991607666,23.1299991607666,0,19.19291114807129,0.0
CZA,2008-07-03,23.1299991607666,23.1299991607666,23.1299991607666,23.1299991607666,0,19.19291114807129,0.0
CZA,2008-07-07,22.8700008392334,22.8700008392334,22.469999313354492,22.469999313354492,3200,18.645254135131836,0.0
CZA,2008-07-08,22.6299991607666,22.649999618530273,22.6299991607666,22.649999618530273,2000,18.79461669921875,0.0
CZA,2008-07-09,22.940000534057617,23.100000381469727,22.940000534057617,23.100000381469727,1100,19.16802406311035,0.0
CZA,2008-07-10,23.100000381469727,23.100000381469727,23.100000381469727,23.100000381469727,0,19.16802406311035,0.0
CZA,2008-07-11,23.100000381469727,23.100000381469727,23.100000381469727,23.100000381469727,0,19.16802406311035,0.0
CZA,2008-07-14,22.649999618530273,22.649999618530273,22.649999618530273,22.649999618530273,100,18.79461669921875,0.0
CZA,2008-07-15,21.790000915527344,22.479999542236328,21.790000915527344,22.479999542236328,1700,18.653553009033203,0.0
CZA,2008-07-16,22.06999969482422,22.450000762939453,22.06999969482422,22.450000762939453,800,18.628660202026367,0.0
CZA,2008-07-17,22.450000762939453,22.450000762939453,22.450000762939453,22.450000762939453,0,18.628660202026367,0.0
CZA,2008-07-18,22.450000762939453,22.450000762939453,22.450000762939453,22.450000762939453,0,18.628660202026367,0.0
CZA,2008-07-21,22.959999084472656,23.059999465942383,22.920000076293945,23.020000457763672,39600,19.101640701293945,0.0
CZA,2008-07-22,22.920000076293945,23.149999618530273,22.920000076293945,23.149999618530273,500,19.209508895874023,0.0
CZA,2008-07-23,23.3799991607666,23.3799991607666,23.3799991607666,23.3799991607666,500,19.400360107421875,0.0
CZA,2008-07-24,23.3799991607666,23.3799991607666,23.3799991607666,23.3799991607666,0,19.400360107421875,0.0
CZA,2008-07-25,23.3799991607666,23.3799991607666,23.3799991607666,23.3799991607666,0,19.400360107421875,0.0
CZA,2008-07-28,23.3799991607666,23.3799991607666,23.3799991607666,23.3799991607666,0,19.400360107421875,0.0
CZA,2008-07-29,22.90999984741211,23.059999465942383,22.90999984741211,23.059999465942383,600,19.134824752807617,0.0
CZA,2008-07-30,23.059999465942383,23.059999465942383,23.059999465942383,23.059999465942383,0,19.134824752807617,0.0
CZA,2008-07-31,23.280000686645508,23.299999237060547,23.280000686645508,23.299999237060547,700,19.3339786529541,0.0
CZA,2008-08-01,23.299999237060547,23.299999237060547,23.299999237060547,23.299999237060547,0,19.3339786529541,0.0
CZA,2008-08-04,23.299999237060547,23.299999237060547,23.299999237060547,23.299999237060547,0,19.3339786529541,0.0
CZA,2008-08-05,23.040000915527344,23.040000915527344,23.040000915527344,23.040000915527344,1000,19.118234634399414,0.0
CZA,2008-08-06,23.040000915527344,23.040000915527344,23.040000915527344,23.040000915527344,0,19.118234634399414,0.0
CZA,2008-08-07,23.040000915527344,23.040000915527344,23.040000915527344,23.040000915527344,0,19.118234634399414,0.0
CZA,2008-08-08,23.040000915527344,23.040000915527344,23.040000915527344,23.040000915527344,0,19.118234634399414,0.0
CZA,2008-08-11,23.040000915527344,23.040000915527344,23.040000915527344,23.040000915527344,0,19.118234634399414,0.0
CZA,2008-08-12,23.040000915527344,23.040000915527344,23.040000915527344,23.040000915527344,0,19.118234634399414,0.0
CZA,2008-08-13,23.040000915527344,23.040000915527344,23.040000915527344,23.040000915527344,0,19.118234634399414,0.0
CZA,2008-08-14,23.040000915527344,23.040000915527344,23.040000915527344,23.040000915527344,0,19.118234634399414,0.0
CZA,2008-08-15,23.040000915527344,23.040000915527344,23.040000915527344,23.040000915527344,0,19.118234634399414,0.0
CZA,2008-08-18,23.040000915527344,23.040000915527344,23.040000915527344,23.040000915527344,0,19.118234634399414,0.0
CZA,2008-08-19,23.530000686645508,23.530000686645508,23.530000686645508,23.530000686645508,800,19.52482795715332,0.0
CZA,2008-08-20,23.530000686645508,23.530000686645508,23.530000686645508,23.530000686645508,0,19.52482795715332,0.0
CZA,2008-08-21,23.530000686645508,23.530000686645508,23.530000686645508,23.530000686645508,0,19.52482795715332,0.0
CZA,2008-08-22,23.530000686645508,23.530000686645508,23.530000686645508,23.530000686645508,0,19.52482795715332,0.0
CZA,2008-08-25,23.420000076293945,23.420000076293945,23.420000076293945,23.420000076293945,400,19.433555603027344,0.0
CZA,2008-08-26,23.389999389648438,23.40999984741211,23.389999389648438,23.40999984741211,600,19.425254821777344,0.0
CZA,2008-08-27,23.510000228881836,23.670000076293945,23.489999771118164,23.670000076293945,600,19.6409969329834,0.0
CZA,2008-08-28,23.770000457763672,23.950000762939453,23.770000457763672,23.950000762939453,2500,19.873334884643555,0.0
CZA,2008-08-29,23.93000030517578,23.989999771118164,23.93000030517578,23.989999771118164,1200,19.906530380249023,0.0
CZA,2008-09-02,24.0,24.0,23.700000762939453,23.700000762939453,1200,19.665889739990234,0.0
CZA,2008-09-03,23.700000762939453,23.700000762939453,23.700000762939453,23.700000762939453,0,19.665889739990234,0.0
CZA,2008-09-04,22.75,22.75,22.75,22.75,600,18.87759780883789,0.0
CZA,2008-09-05,22.6299991607666,22.770000457763672,22.579999923706055,22.770000457763672,2700,18.89419174194336,0.0
CZA,2008-09-08,23.8799991607666,23.8799991607666,22.860000610351562,22.889999389648438,2900,18.99376678466797,0.0
CZA,2008-09-09,22.950000762939453,22.950000762939453,22.700000762939453,22.700000762939453,4900,18.836111068725586,0.0
CZA,2008-09-10,22.43000030517578,22.43000030517578,22.43000030517578,22.43000030517578,1000,18.61206817626953,0.0
CZA,2008-09-11,22.43000030517578,22.43000030517578,22.43000030517578,22.43000030517578,0,18.61206817626953,0.0
CZA,2008-09-12,22.790000915527344,22.790000915527344,22.790000915527344,22.790000915527344,500,18.91078758239746,0.0
CZA,2008-09-15,22.540000915527344,22.540000915527344,22.31999969482422,22.31999969482422,2000,18.52078628540039,0.0
CZA,2008-09-16,21.399999618530273,21.399999618530273,21.399999618530273,21.399999618530273,2000,17.757387161254883,0.0
CZA,2008-09-17,21.510000228881836,21.510000228881836,21.170000076293945,21.170000076293945,1500,17.5665340423584,0.0
CZA,2008-09-18,20.760000228881836,21.229999542236328,20.549999237060547,21.229999542236328,13000,17.61632537841797,0.0
CZA,2008-09-19,22.25,22.25,22.18000030517578,22.18000030517578,600,18.404621124267578,0.0
CZA,2008-09-22,21.600000381469727,21.610000610351562,21.600000381469727,21.610000610351562,4000,17.931638717651367,0.0
CZA,2008-09-23,21.649999618530273,21.649999618530273,21.280000686645508,21.299999237060547,1300,17.674406051635742,0.0
CZA,2008-09-24,21.329999923706055,21.329999923706055,21.149999618530273,21.260000228881836,2600,17.641216278076172,0.0
CZA,2008-09-25,21.389999389648438,21.440000534057617,21.34000015258789,21.389999389648438,8100,17.749088287353516,0.0
CZA,2008-09-26,21.149999618530273,21.170000076293945,21.149999618530273,21.170000076293945,800,17.5665340423584,0.0
CZA,2008-09-29,21.170000076293945,21.170000076293945,21.170000076293945,21.170000076293945,0,17.5665340423584,0.0
CZA,2008-09-30,20.209999084472656,20.450000762939453,20.209999084472656,20.450000762939453,500,16.969091415405273,0.0
CZA,2008-10-01,20.479999542236328,20.479999542236328,20.479999542236328,20.479999542236328,1200,16.993986129760742,0.0
CZA,2008-10-02,19.920000076293945,19.940000534057617,19.920000076293945,19.940000534057617,1000,16.545900344848633,0.0
CZA,2008-10-03,19.940000534057617,19.940000534057617,19.940000534057617,19.940000534057617,0,16.545900344848633,0.0
CZA,2008-10-06,18.200000762939453,18.200000762939453,18.200000762939453,18.200000762939453,500,15.102079391479492,0.0
CZA,2008-10-07,17.940000534057617,17.940000534057617,17.940000534057617,17.940000534057617,300,14.886334419250488,0.0
CZA,2008-10-08,17.209999084472656,17.209999084472656,17.209999084472656,17.209999084472656,400,14.28058910369873,0.0
CZA,2008-10-09,17.049999237060547,17.049999237060547,16.780000686645508,16.780000686645508,800,13.923784255981445,0.0
CZA,2008-10-10,16.299999237060547,16.299999237060547,14.579999923706055,14.779999732971191,2500,12.264213562011719,0.0
CZA,2008-10-13,14.779999732971191,14.779999732971191,14.779999732971191,14.779999732971191,0,12.264213562011719,0.0
CZA,2008-10-14,17.059999465942383,17.700000762939453,17.0,17.0,500,14.10633659362793,0.0
CZA,2008-10-15,17.0,17.0,17.0,17.0,0,14.10633659362793,0.0
CZA,2008-10-16,15.510000228881836,15.510000228881836,15.449999809265137,15.449999809265137,300,12.820170402526855,0.0
CZA,2008-10-17,16.1299991607666,16.889999389648438,16.049999237060547,16.420000076293945,22400,13.625059127807617,0.0
CZA,2008-10-20,16.68000030517578,16.68000030517578,16.68000030517578,16.68000030517578,400,13.840805053710938,0.0
CZA,2008-10-21,16.959999084472656,17.18000030517578,16.6299991607666,16.6299991607666,10400,13.799314498901367,0.0
CZA,2008-10-22,15.529999732971191,15.529999732971191,15.529999732971191,15.529999732971191,1000,12.886553764343262,0.0
CZA,2008-10-23,15.670000076293945,15.670000076293945,15.100000381469727,15.100000381469727,5300,12.529747009277344,0.0
CZA,2008-10-24,15.100000381469727,15.100000381469727,15.100000381469727,15.100000381469727,0,12.529747009277344,0.0
CZA,2008-10-27,15.140000343322754,15.3100004196167,15.0600004196167,15.3100004196167,1700,12.704000473022461,0.0
CZA,2008-10-28,15.3100004196167,15.569999694824219,14.899999618530273,15.569999694824219,2100,12.919742584228516,0.0
CZA,2008-10-29,15.960000038146973,16.280000686645508,15.960000038146973,16.280000686645508,2800,13.508891105651855,0.0
CZA,2008-10-30,16.469999313354492,16.530000686645508,16.34000015258789,16.479999542236328,500,13.674846649169922,0.0
CZA,2008-10-31,16.75,16.790000915527344,16.75,16.760000228881836,8500,13.907188415527344,0.0
CZA,2008-11-03,17.139999389648438,17.18000030517578,17.0,17.0,12200,14.10633659362793,0.0
CZA,2008-11-04,17.299999237060547,17.489999771118164,17.299999237060547,17.440000534057617,5900,14.471439361572266,0.0
CZA,2008-11-05,17.440000534057617,17.440000534057617,17.440000534057617,17.440000534057617,0,14.471439361572266,0.0
CZA,2008-11-06,16.229999542236328,16.229999542236328,16.15999984741211,16.15999984741211,200,13.409316062927246,0.0
CZA,2008-11-07,16.15999984741211,16.15999984741211,16.15999984741211,16.15999984741211,0,13.409316062927246,0.0
CZA,2008-11-10,16.15999984741211,16.15999984741211,16.15999984741211,16.15999984741211,0,13.409316062927246,0.0
CZA,2008-11-11,15.75,15.789999961853027,15.75,15.789999961853027,2100,13.102295875549316,0.0
CZA,2008-11-12,15.4399995803833,15.4399995803833,15.4399995803833,15.4399995803833,300,12.811873435974121,0.0
CZA,2008-11-13,15.4399995803833,15.4399995803833,15.4399995803833,15.4399995803833,0,12.811873435974121,0.0
CZA,2008-11-14,15.619999885559082,15.619999885559082,15.619999885559082,15.619999885559082,300,12.961230278015137,0.0
CZA,2008-11-17,15.220000267028809,15.640000343322754,15.220000267028809,15.430000305175781,14000,12.803572654724121,0.0
CZA,2008-11-18,15.0600004196167,15.449999809265137,15.0600004196167,15.279999732971191,5500,12.679107666015625,0.0
CZA,2008-11-19,15.699999809265137,15.699999809265137,14.65999984741211,14.680000305175781,4400,12.18123722076416,0.0
CZA,2008-11-20,13.930000305175781,14.149999618530273,13.899999618530273,14.069999694824219,4200,11.675066947937012,0.0
CZA,2008-11-21,13.390000343322754,13.569999694824219,13.100000381469727,13.550000190734863,10500,11.243579864501953,0.0
CZA,2008-11-24,14.59000015258789,14.760000228881836,14.529999732971191,14.760000228881836,2300,12.247618675231934,0.0
CZA,2008-11-25,14.880000114440918,14.880000114440918,14.729999542236328,14.729999542236328,1800,12.222724914550781,0.0
CZA,2008-11-26,15.130000114440918,15.279999732971191,15.130000114440918,15.279999732971191,300,12.679107666015625,0.0
CZA,2008-11-28,15.609999656677246,15.609999656677246,15.609999656677246,15.609999656677246,1600,12.952935218811035,0.0
CZA,2008-12-01,15.609999656677246,15.609999656677246,15.609999656677246,15.609999656677246,0,12.952935218811035,0.0
CZA,2008-12-02,15.130000114440918,15.130000114440918,14.850000381469727,14.989999771118164,11000,12.438468933105469,0.0
CZA,2008-12-03,14.920000076293945,14.920000076293945,14.899999618530273,14.899999618530273,1000,12.363786697387695,0.0
CZA,2008-12-04,15.319999694824219,15.319999694824219,14.65999984741211,14.65999984741211,3000,12.164639472961426,0.0
CZA,2008-12-05,14.699999809265137,14.699999809265137,14.699999809265137,14.699999809265137,200,12.197830200195312,0.0
CZA,2008-12-08,16.25,16.25,15.5600004196167,15.760000228881836,1800,13.077404022216797,0.0
CZA,2008-12-09,15.949999809265137,15.949999809265137,15.520000457763672,15.520000457763672,31900,12.878255844116211,0.0
CZA,2008-12-10,15.520000457763672,15.520000457763672,15.520000457763672,15.520000457763672,0,12.878255844116211,0.0
CZA,2008-12-11,15.520000457763672,15.520000457763672,15.520000457763672,15.520000457763672,0,12.878255844116211,0.0
CZA,2008-12-12,15.680000305175781,15.680000305175781,15.680000305175781,15.680000305175781,100,13.01102066040039,0.0
CZA,2008-12-15,15.59000015258789,15.59000015258789,15.59000015258789,15.59000015258789,400,12.936339378356934,0.0
CZA,2008-12-16,16.06999969482422,16.06999969482422,15.649999618530273,16.06999969482422,3800,13.334635734558105,0.0
CZA,2008-12-17,16.06999969482422,16.06999969482422,16.06999969482422,16.06999969482422,0,13.334635734558105,0.0
CZA,2008-12-18,16.010000228881836,16.010000228881836,16.010000228881836,16.010000228881836,500,13.284846305847168,0.0
CZA,2008-12-19,16.010000228881836,16.010000228881836,16.010000228881836,16.010000228881836,0,13.284846305847168,0.0
CZA,2008-12-22,15.670000076293945,15.670000076293945,15.640000343322754,15.640000343322754,2300,12.977828025817871,0.0
CZA,2008-12-23,15.779999732971191,15.779999732971191,15.779999732971191,15.779999732971191,400,13.093997955322266,0.0
CZA,2008-12-24,15.420000076293945,15.4399995803833,15.399999618530273,15.420000076293945,17800,12.93048095703125,0.165
CZA,2008-12-26,15.420000076293945,15.420000076293945,15.420000076293945,15.420000076293945,0,12.93048095703125,0.0
CZA,2008-12-29,15.479999542236328,15.579999923706055,15.479999542236328,15.579999923706055,3200,13.06464958190918,0.0
CZA,2008-12-30,15.579999923706055,15.579999923706055,15.579999923706055,15.579999923706055,0,13.06464958190918,0.0
CZA,2008-12-31,16.25,16.360000610351562,16.25,16.360000610351562,11800,13.718718528747559,0.0
CZA,2009-01-02,16.540000915527344,16.8700008392334,16.540000915527344,16.8700008392334,21400,14.146381378173828,0.0
CZA,2009-01-05,16.8700008392334,16.8700008392334,16.8700008392334,16.8700008392334,0,14.146381378173828,0.0
CZA,2009-01-06,17.0,17.149999618530273,17.0,17.149999618530273,600,14.38117504119873,0.0
CZA,2009-01-07,16.770000457763672,16.770000457763672,16.600000381469727,16.639999389648438,1600,13.953516006469727,0.0
CZA,2009-01-08,16.639999389648438,16.639999389648438,16.639999389648438,16.639999389648438,0,13.953516006469727,0.0
CZA,2009-01-09,16.6299991607666,16.6299991607666,16.6299991607666,16.6299991607666,300,13.945130348205566,0.0
CZA,2009-01-12,16.479999542236328,16.479999542236328,16.100000381469727,16.100000381469727,400,13.50069522857666,0.0
CZA,2009-01-13,16.350000381469727,16.350000381469727,16.350000381469727,16.350000381469727,500,13.710334777832031,0.0
CZA,2009-01-14,16.350000381469727,16.350000381469727,16.350000381469727,16.350000381469727,0,13.710334777832031,0.0
CZA,2009-01-15,15.520000457763672,15.520000457763672,15.520000457763672,15.520000457763672,300,13.014338493347168,0.0
CZA,2009-01-16,16.209999084472656,16.270000457763672,16.09000015258789,16.09000015258789,7800,13.49231243133545,0.0
CZA,2009-01-20,15.550000190734863,15.550000190734863,15.550000190734863,15.550000190734863,200,13.039493560791016,0.0
CZA,2009-01-21,15.670000076293945,15.670000076293945,15.670000076293945,15.670000076293945,1300,13.140117645263672,0.0
CZA,2009-01-22,15.460000038146973,15.460000038146973,15.460000038146973,15.460000038146973,200,12.964021682739258,0.0
CZA,2009-01-23,15.460000038146973,15.460000038146973,15.460000038146973,15.460000038146973,0,12.964021682739258,0.0
CZA,2009-01-26,15.460000038146973,15.460000038146973,15.460000038146973,15.460000038146973,0,12.964021682739258,0.0
CZA,2009-01-27,15.869999885559082,15.869999885559082,15.869999885559082,15.869999885559082,1000,13.307830810546875,0.0
CZA,2009-01-28,16.389999389648438,16.530000686645508,16.280000686645508,16.520000457763672,3300,13.852888107299805,0.0
CZA,2009-01-29,16.520000457763672,16.520000457763672,16.520000457763672,16.520000457763672,0,13.852888107299805,0.0
CZA,2009-01-30,16.229999542236328,16.229999542236328,15.770000457763672,15.770000457763672,1400,13.223973274230957,0.0
CZA,2009-02-02,15.829999923706055,15.84000015258789,15.829999923706055,15.84000015258789,1300,13.282672882080078,0.0
CZA,2009-02-03,15.84000015258789,15.84000015258789,15.84000015258789,15.84000015258789,0,13.282672882080078,0.0
CZA,2009-02-04,15.869999885559082,15.90999984741211,15.699999809265137,15.890000343322754,18600,13.324600219726562,0.0
CZA,2009-02-05,16.139999389648438,16.139999389648438,16.139999389648438,16.139999389648438,100,13.5342378616333,0.0
CZA,2009-02-06,16.139999389648438,16.139999389648438,16.139999389648438,16.139999389648438,0,13.5342378616333,0.0
CZA,2009-02-09,16.469999313354492,16.469999313354492,16.469999313354492,16.469999313354492,200,13.81096076965332,0.0
CZA,2009-02-10,16.229999542236328,16.229999542236328,15.930000305175781,16.030000686645508,3400,13.441998481750488,0.0
CZA,2009-02-11,16.020000457763672,16.020000457763672,15.869999885559082,15.869999885559082,2700,13.307830810546875,0.0
CZA,2009-02-12,15.930000305175781,15.989999771118164,15.720000267028809,15.989999771118164,700,13.408455848693848,0.0
CZA,2009-02-13,16.1200008392334,16.1200008392334,16.1200008392334,16.1200008392334,200,13.517468452453613,0.0
CZA,2009-02-17,15.670000076293945,15.670000076293945,15.670000076293945,15.670000076293945,200,13.140117645263672,0.0
CZA,2009-02-18,15.630000114440918,15.630000114440918,15.25,15.25,2700,12.787927627563477,0.0
CZA,2009-02-19,15.25,15.25,15.25,15.25,0,12.787927627563477,0.0
CZA,2009-02-20,14.729999542236328,14.729999542236328,14.720000267028809,14.720000267028809,1500,12.343494415283203,0.0
CZA,2009-02-23,14.550000190734863,14.550000190734863,14.5,14.5,4000,12.159012794494629,0.0
CZA,2009-02-24,14.279999732971191,14.319999694824219,14.25,14.25,3500,11.94937515258789,0.0
CZA,2009-02-25,14.25,14.25,14.25,14.25,0,11.94937515258789,0.0
CZA,2009-02-26,14.510000228881836,14.510000228881836,14.510000228881836,14.510000228881836,700,12.167397499084473,0.0
CZA,2009-02-27,14.420000076293945,14.460000038146973,14.420000076293945,14.460000038146973,2000,12.125469207763672,0.0
CZA,2009-03-02,14.460000038146973,14.460000038146973,14.460000038146973,14.460000038146973,0,12.125469207763672,0.0
CZA,2009-03-03,13.729999542236328,13.729999542236328,13.220000267028809,13.220000267028809,800,11.085664749145508,0.0
CZA,2009-03-04,13.359999656677246,13.529999732971191,13.359999656677246,13.529999732971191,900,11.34561538696289,0.0
CZA,2009-03-05,13.529999732971191,13.529999732971191,13.529999732971191,13.529999732971191,0,11.34561538696289,0.0
CZA,2009-03-06,12.8100004196167,12.850000381469727,12.760000228881836,12.850000381469727,2200,10.77540111541748,0.0
CZA,2009-03-09,12.850000381469727,12.850000381469727,12.850000381469727,12.850000381469727,0,10.77540111541748,0.0
CZA,2009-03-10,13.0,13.34000015258789,13.0,13.34000015258789,400,11.18629264831543,0.0
CZA,2009-03-11,13.34000015258789,13.34000015258789,13.34000015258789,13.34000015258789,0,11.18629264831543,0.0
CZA,2009-03-12,13.34000015258789,13.34000015258789,13.34000015258789,13.34000015258789,0,11.18629264831543,0.0
CZA,2009-03-13,14.180000305175781,14.180000305175781,14.180000305175781,14.180000305175781,200,11.89067554473877,0.0
CZA,2009-03-16,14.359999656677246,14.369999885559082,14.319999694824219,14.319999694824219,6400,12.008072853088379,0.0
CZA,2009-03-17,14.359999656677246,14.5,14.350000381469727,14.5,2800,12.159012794494629,0.0
CZA,2009-03-18,14.5,14.5,14.5,14.5,0,12.159012794494629,0.0
CZA,2009-03-19,14.5,14.5,14.5,14.5,0,12.159012794494629,0.0
CZA,2009-03-20,14.899999618530273,14.899999618530273,14.850000381469727,14.859999656677246,2300,12.460890769958496,0.0
CZA,2009-03-23,14.859999656677246,14.859999656677246,14.859999656677246,14.859999656677246,0,12.460890769958496,0.0
CZA,2009-03-24,15.3100004196167,15.3100004196167,15.300000190734863,15.300000190734863,800,12.829854965209961,0.0
CZA,2009-03-25,15.489999771118164,15.489999771118164,15.489999771118164,15.489999771118164,500,12.989180564880371,0.0
CZA,2009-03-26,15.640000343322754,15.640000343322754,15.640000343322754,15.640000343322754,400,13.114961624145508,0.0
CZA,2009-03-27,15.449999809265137,15.449999809265137,15.449999809265137,15.449999809265137,300,12.95563793182373,0.0
CZA,2009-03-30,15.449999809265137,15.449999809265137,15.449999809265137,15.449999809265137,0,12.95563793182373,0.0
CZA,2009-03-31,15.449999809265137,15.449999809265137,15.449999809265137,15.449999809265137,0,12.95563793182373,0.0
CZA,2009-04-01,15.420000076293945,15.420000076293945,15.420000076293945,15.420000076293945,200,12.93048095703125,0.0
CZA,2009-04-02,15.9399995803833,16.030000686645508,15.9399995803833,15.989999771118164,1100,13.408455848693848,0.0
CZA,2009-04-03,15.989999771118164,15.989999771118164,15.989999771118164,15.989999771118164,0,13.408455848693848,0.0
CZA,2009-04-06,15.869999885559082,15.9399995803833,15.869999885559082,15.9399995803833,200,13.366530418395996,0.0
CZA,2009-04-07,15.869999885559082,15.869999885559082,15.630000114440918,15.710000038146973,800,13.173660278320312,0.0
CZA,2009-04-08,15.829999923706055,15.829999923706055,15.829999923706055,15.829999923706055,100,13.274288177490234,0.0
CZA,2009-04-09,16.40999984741211,16.540000915527344,16.40999984741211,16.450000762939453,2900,13.794190406799316,0.0
CZA,2009-04-13,16.450000762939453,16.450000762939453,16.450000762939453,16.450000762939453,0,13.794190406799316,0.0
CZA,2009-04-14,16.450000762939453,16.450000762939453,16.450000762939453,16.450000762939453,0,13.794190406799316,0.0
CZA,2009-04-15,16.450000762939453,16.450000762939453,16.450000762939453,16.450000762939453,0,13.794190406799316,0.0
CZA,2009-04-16,16.450000762939453,16.450000762939453,16.450000762939453,16.450000762939453,0,13.794190406799316,0.0
CZA,2009-04-17,16.8700008392334,16.8799991607666,16.8700008392334,16.8799991607666,200,14.154764175415039,0.0
CZA,2009-04-20,16.8799991607666,16.8799991607666,16.8799991607666,16.8799991607666,0,14.154764175415039,0.0
CZA,2009-04-21,16.260000228881836,16.459999084472656,16.260000228881836,16.459999084472656,4800,13.802576065063477,0.0
CZA,2009-04-22,16.459999084472656,16.459999084472656,16.459999084472656,16.459999084472656,0,13.802576065063477,0.0
CZA,2009-04-23,16.459999084472656,16.459999084472656,16.459999084472656,16.459999084472656,0,13.802576065063477,0.0
CZA,2009-04-24,16.459999084472656,16.459999084472656,16.459999084472656,16.459999084472656,0,13.802576065063477,0.0
CZA,2009-04-27,16.459999084472656,16.459999084472656,16.459999084472656,16.459999084472656,0,13.802576065063477,0.0
CZA,2009-04-28,17.010000228881836,17.010000228881836,16.959999084472656,16.959999084472656,900,14.221851348876953,0.0
CZA,2009-04-29,16.959999084472656,16.959999084472656,16.959999084472656,16.959999084472656,0,14.221851348876953,0.0
CZA,2009-04-30,17.6200008392334,17.6200008392334,17.360000610351562,17.360000610351562,400,14.557271957397461,0.0
CZA,2009-05-01,17.360000610351562,17.360000610351562,17.360000610351562,17.360000610351562,0,14.557271957397461,0.0
CZA,2009-05-04,17.360000610351562,17.360000610351562,17.360000610351562,17.360000610351562,0,14.557271957397461,0.0
CZA,2009-05-05,17.84000015258789,17.84000015258789,17.81999969482422,17.81999969482422,200,14.943009376525879,0.0
CZA,2009-05-06,17.850000381469727,17.850000381469727,17.850000381469727,17.850000381469727,500,14.96816635131836,0.0
CZA,2009-05-07,17.979999542236328,17.979999542236328,17.979999542236328,17.979999542236328,400,15.07717514038086,0.0
CZA,2009-05-08,17.979999542236328,17.979999542236328,17.979999542236328,17.979999542236328,0,15.07717514038086,0.0
CZA,2009-05-11,18.059999465942383,18.059999465942383,18.059999465942383,18.059999465942383,300,15.144258499145508,0.0
CZA,2009-05-12,17.829999923706055,17.829999923706055,17.790000915527344,17.790000915527344,200,14.91784954071045,0.0
CZA,2009-05-13,17.790000915527344,17.790000915527344,17.790000915527344,17.790000915527344,0,14.91784954071045,0.0
CZA,2009-05-14,17.389999389648438,17.389999389648438,17.389999389648438,17.389999389648438,300,14.582428932189941,0.0
CZA,2009-05-15,17.389999389648438,17.389999389648438,17.389999389648438,17.389999389648438,0,14.582428932189941,0.0
CZA,2009-05-18,17.59000015258789,17.75,17.59000015258789,17.75,700,14.884305953979492,0.0
CZA,2009-05-19,17.75,17.75,17.75,17.75,0,14.884305953979492,0.0
CZA,2009-05-20,18.25,18.25,18.079999923706055,18.079999923706055,300,15.161028861999512,0.0
CZA,2009-05-21,18.079999923706055,18.079999923706055,18.079999923706055,18.079999923706055,0,15.161028861999512,0.0
CZA,2009-05-22,17.75,17.760000228881836,17.649999618530273,17.75,2900,14.884305953979492,0.0
CZA,2009-05-26,17.5,18.0,17.459999084472656,18.0,3300,15.09394645690918,0.0
CZA,2009-05-27,17.719999313354492,17.719999313354492,17.719999313354492,17.719999313354492,400,14.859153747558594,0.0
CZA,2009-05-28,17.56999969482422,17.75,17.56999969482422,17.75,1200,14.884305953979492,0.0
CZA,2009-05-29,17.860000610351562,17.860000610351562,17.860000610351562,17.860000610351562,200,14.976550102233887,0.0
CZA,2009-06-01,17.860000610351562,17.860000610351562,17.860000610351562,17.860000610351562,0,14.976550102233887,0.0
CZA,2009-06-02,17.860000610351562,17.860000610351562,17.860000610351562,17.860000610351562,0,14.976550102233887,0.0
CZA,2009-06-03,18.610000610351562,18.6200008392334,18.610000610351562,18.6200008392334,8700,15.613847732543945,0.0
CZA,2009-06-04,18.6200008392334,18.6200008392334,18.6200008392334,18.6200008392334,0,15.613847732543945,0.0
CZA,2009-06-05,18.739999771118164,18.739999771118164,18.739999771118164,18.739999771118164,300,15.714475631713867,0.0
CZA,2009-06-08,18.530000686645508,18.530000686645508,18.530000686645508,18.530000686645508,200,15.538381576538086,0.0
CZA,2009-06-09,18.530000686645508,18.530000686645508,18.530000686645508,18.530000686645508,0,15.538381576538086,0.0
CZA,2009-06-10,18.43000030517578,18.639999389648438,18.43000030517578,18.639999389648438,600,15.630617141723633,0.0
CZA,2009-06-11,18.639999389648438,18.639999389648438,18.639999389648438,18.639999389648438,0,15.630617141723633,0.0
CZA,2009-06-12,18.639999389648438,18.639999389648438,18.639999389648438,18.639999389648438,0,15.630617141723633,0.0
CZA,2009-06-15,18.639999389648438,18.639999389648438,18.639999389648438,18.639999389648438,0,15.630617141723633,0.0
CZA,2009-06-16,18.639999389648438,18.639999389648438,18.639999389648438,18.639999389648438,0,15.630617141723633,0.0
CZA,2009-06-17,18.059999465942383,18.079999923706055,18.040000915527344,18.040000915527344,4100,15.127486228942871,0.0
CZA,2009-06-18,18.200000762939453,18.200000762939453,18.200000762939453,18.200000762939453,300,15.2616605758667,0.0
CZA,2009-06-19,18.200000762939453,18.200000762939453,18.200000762939453,18.200000762939453,0,15.2616605758667,0.0
CZA,2009-06-22,17.809999465942383,17.809999465942383,17.799999237060547,17.799999237060547,500,14.92623519897461,0.0
CZA,2009-06-23,17.6299991607666,17.719999313354492,17.6299991607666,17.719999313354492,700,14.859153747558594,0.0
CZA,2009-06-24,18.040000915527344,18.040000915527344,18.040000915527344,18.040000915527344,1000,15.127486228942871,0.0
CZA,2009-06-25,18.040000915527344,18.040000915527344,18.040000915527344,18.040000915527344,0,15.127486228942871,0.0
CZA,2009-06-26,18.239999771118164,18.239999771118164,18.239999771118164,18.239999771118164,1700,15.295198440551758,0.0
CZA,2009-06-29,18.239999771118164,18.239999771118164,18.239999771118164,18.239999771118164,0,15.295198440551758,0.0
CZA,2009-06-30,18.489999771118164,18.489999771118164,18.3799991607666,18.3799991607666,1500,15.41259479522705,0.0
CZA,2009-07-01,18.3799991607666,18.3799991607666,18.3799991607666,18.3799991607666,0,15.41259479522705,0.0
CZA,2009-07-02,18.190000534057617,18.229999542236328,18.170000076293945,18.170000076293945,2600,15.236498832702637,0.0
CZA,2009-07-06,17.979999542236328,18.110000610351562,17.979999542236328,18.110000610351562,1000,15.186184883117676,0.0
CZA,2009-07-07,18.040000915527344,18.040000915527344,18.020000457763672,18.020000457763672,700,15.110719680786133,0.0
CZA,2009-07-08,17.639999389648438,17.639999389648438,17.639999389648438,17.639999389648438,1000,14.792069435119629,0.0
CZA,2009-07-09,17.639999389648438,17.639999389648438,17.639999389648438,17.639999389648438,0,14.792069435119629,0.0
CZA,2009-07-10,17.639999389648438,17.639999389648438,17.639999389648438,17.639999389648438,0,14.792069435119629,0.0
CZA,2009-07-13,17.639999389648438,17.639999389648438,17.639999389648438,17.639999389648438,0,14.792069435119629,0.0
CZA,2009-07-14,18.31999969482422,18.31999969482422,18.31999969482422,18.31999969482422,200,15.362283706665039,0.0
CZA,2009-07-15,18.31999969482422,18.31999969482422,18.31999969482422,18.31999969482422,0,15.362283706665039,0.0
CZA,2009-07-16,18.31999969482422,18.31999969482422,18.31999969482422,18.31999969482422,0,15.362283706665039,0.0
CZA,2009-07-17,19.06999969482422,19.06999969482422,19.06999969482422,19.06999969482422,200,15.99119758605957,0.0
CZA,2009-07-20,19.25,19.25,19.149999618530273,19.149999618530273,7800,16.05828094482422,0.0
CZA,2009-07-21,19.329999923706055,19.329999923706055,19.229999542236328,19.299999237060547,1100,16.184064865112305,0.0
CZA,2009-07-22,19.309999465942383,19.309999465942383,19.309999465942383,19.309999465942383,200,16.192453384399414,0.0
CZA,2009-07-23,19.709999084472656,19.739999771118164,19.709999084472656,19.739999771118164,3500,16.55302619934082,0.0
CZA,2009-07-24,19.739999771118164,19.739999771118164,19.739999771118164,19.739999771118164,0,16.55302619934082,0.0
CZA,2009-07-27,19.989999771118164,20.020000457763672,19.989999771118164,20.020000457763672,1500,16.787824630737305,0.0
CZA,2009-07-28,20.0,20.040000915527344,20.0,20.030000686645508,700,16.796207427978516,0.0
CZA,2009-07-29,20.030000686645508,20.030000686645508,20.030000686645508,20.030000686645508,0,16.796207427978516,0.0
CZA,2009-07-30,20.030000686645508,20.030000686645508,20.030000686645508,20.030000686645508,0,16.796207427978516,0.0
CZA,2009-07-31,20.030000686645508,20.030000686645508,20.030000686645508,20.030000686645508,0,16.796207427978516,0.0
CZA,2009-08-03,20.450000762939453,20.579999923706055,20.440000534057617,20.579999923706055,1600,17.25741195678711,0.0
CZA,2009-08-04,20.579999923706055,20.579999923706055,20.579999923706055,20.579999923706055,0,17.25741195678711,0.0
CZA,2009-08-05,20.579999923706055,20.579999923706055,20.579999923706055,20.579999923706055,0,17.25741195678711,0.0
CZA,2009-08-06,20.579999923706055,20.579999923706055,20.579999923706055,20.579999923706055,0,17.25741195678711,0.0
CZA,2009-08-07,20.579999923706055,20.579999923706055,20.579999923706055,20.579999923706055,0,17.25741195678711,0.0
CZA,2009-08-10,20.579999923706055,20.579999923706055,20.579999923706055,20.579999923706055,0,17.25741195678711,0.0
CZA,2009-08-11,20.3799991607666,20.3799991607666,20.31999969482422,20.31999969482422,500,17.039384841918945,0.0
CZA,2009-08-12,20.59000015258789,20.59000015258789,20.59000015258789,20.59000015258789,100,17.265798568725586,0.0
CZA,2009-08-13,20.59000015258789,20.59000015258789,20.59000015258789,20.59000015258789,0,17.265798568725586,0.0
CZA,2009-08-14,20.579999923706055,20.579999923706055,20.579999923706055,20.579999923706055,100,17.25741195678711,0.0
CZA,2009-08-17,20.09000015258789,20.09000015258789,20.020000457763672,20.020000457763672,1500,16.787824630737305,0.0
CZA,2009-08-18,20.059999465942383,20.18000030517578,20.059999465942383,20.170000076293945,1400,16.91360855102539,0.0
CZA,2009-08-19,20.219999313354492,20.219999313354492,20.219999313354492,20.219999313354492,200,16.95553207397461,0.0
CZA,2009-08-20,20.399999618530273,20.399999618530273,20.399999618530273,20.399999618530273,800,17.106473922729492,0.0
CZA,2009-08-21,20.399999618530273,20.399999618530273,20.399999618530273,20.399999618530273,0,17.106473922729492,0.0
CZA,2009-08-24,20.399999618530273,20.399999618530273,20.399999618530273,20.399999618530273,0,17.106473922729492,0.0
CZA,2009-08-25,20.8799991607666,20.8799991607666,20.8799991607666,20.8799991607666,100,17.508975982666016,0.0
CZA,2009-08-26,20.8799991607666,20.8799991607666,20.8799991607666,20.8799991607666,0,17.508975982666016,0.0
CZA,2009-08-27,20.8799991607666,20.8799991607666,20.8799991607666,20.8799991607666,0,17.508975982666016,0.0
CZA,2009-08-28,20.8799991607666,20.8799991607666,20.8799991607666,20.8799991607666,0,17.508975982666016,0.0
CZA,2009-08-31,20.610000610351562,20.639999389648438,20.610000610351562,20.639999389648438,300,17.307723999023438,0.0
CZA,2009-09-01,20.309999465942383,20.309999465942383,20.309999465942383,20.309999465942383,200,17.031005859375,0.0
CZA,2009-09-02,20.229999542236328,20.229999542236328,20.18000030517578,20.18000030517578,200,16.92198944091797,0.0
CZA,2009-09-03,20.280000686645508,20.280000686645508,20.280000686645508,20.280000686645508,100,17.00584602355957,0.0
CZA,2009-09-04,20.389999389648438,20.389999389648438,20.389999389648438,20.389999389648438,200,17.098087310791016,0.0
CZA,2009-09-08,20.719999313354492,20.719999313354492,20.719999313354492,20.719999313354492,700,17.37480926513672,0.0
CZA,2009-09-09,20.719999313354492,20.719999313354492,20.719999313354492,20.719999313354492,0,17.37480926513672,0.0
CZA,2009-09-10,20.719999313354492,20.719999313354492,20.719999313354492,20.719999313354492,0,17.37480926513672,0.0
CZA,2009-09-11,20.719999313354492,20.719999313354492,20.719999313354492,20.719999313354492,0,17.37480926513672,0.0
CZA,2009-09-14,20.719999313354492,20.719999313354492,20.719999313354492,20.719999313354492,0,17.37480926513672,0.0
CZA,2009-09-15,20.719999313354492,20.719999313354492,20.719999313354492,20.719999313354492,0,17.37480926513672,0.0
CZA,2009-09-16,21.639999389648438,21.920000076293945,21.639999389648438,21.920000076293945,1200,18.381072998046875,0.0
CZA,2009-09-17,22.0,22.219999313354492,21.829999923706055,21.829999923706055,1100,18.30560302734375,0.0
CZA,2009-09-18,21.829999923706055,21.829999923706055,21.829999923706055,21.829999923706055,0,18.30560302734375,0.0
CZA,2009-09-21,21.829999923706055,21.829999923706055,21.829999923706055,21.829999923706055,0,18.30560302734375,0.0
CZA,2009-09-22,21.829999923706055,21.829999923706055,21.829999923706055,21.829999923706055,0,18.30560302734375,0.0
CZA,2009-09-23,21.920000076293945,21.920000076293945,21.920000076293945,21.920000076293945,200,18.381072998046875,0.0
CZA,2009-09-24,21.360000610351562,21.40999984741211,21.350000381469727,21.40999984741211,2600,17.953411102294922,0.0
CZA,2009-09-25,21.40999984741211,21.40999984741211,21.40999984741211,21.40999984741211,0,17.953411102294922,0.0
CZA,2009-09-28,21.700000762939453,21.700000762939453,21.700000762939453,21.700000762939453,700,18.196592330932617,0.0
CZA,2009-09-29,21.809999465942383,21.809999465942383,21.809999465942383,21.809999465942383,700,18.288829803466797,0.0
CZA,2009-09-30,21.809999465942383,21.809999465942383,21.809999465942383,21.809999465942383,0,18.288829803466797,0.0
CZA,2009-10-01,21.399999618530273,21.399999618530273,21.399999618530273,21.399999618530273,11100,17.945026397705078,0.0
CZA,2009-10-02,21.239999771118164,21.239999771118164,21.209999084472656,21.209999084472656,500,17.785701751708984,0.0
CZA,2009-10-05,21.440000534057617,21.459999084472656,21.440000534057617,21.450000762939453,900,17.986953735351562,0.0
CZA,2009-10-06,21.450000762939453,21.450000762939453,21.450000762939453,21.450000762939453,0,17.986953735351562,0.0
CZA,2009-10-07,21.799999237060547,21.81999969482422,21.799999237060547,21.81999969482422,2700,18.297216415405273,0.0
CZA,2009-10-08,21.81999969482422,21.81999969482422,21.81999969482422,21.81999969482422,0,18.297216415405273,0.0
CZA,2009-10-09,21.81999969482422,21.81999969482422,21.81999969482422,21.81999969482422,0,18.297216415405273,0.0
CZA,2009-10-12,22.360000610351562,22.3700008392334,22.360000610351562,22.3700008392334,1500,18.758420944213867,0.0
CZA,2009-10-13,22.270000457763672,22.270000457763672,22.270000457763672,22.270000457763672,400,18.674562454223633,0.0
CZA,2009-10-14,22.270000457763672,22.270000457763672,22.270000457763672,22.270000457763672,0,18.674562454223633,0.0
CZA,2009-10-15,22.520000457763672,22.520000457763672,22.520000457763672,22.520000457763672,200,18.884206771850586,0.0
CZA,2009-10-16,22.520000457763672,22.520000457763672,22.520000457763672,22.520000457763672,0,18.884206771850586,0.0
CZA,2009-10-19,22.520000457763672,22.520000457763672,22.520000457763672,22.520000457763672,0,18.884206771850586,0.0
CZA,2009-10-20,22.520000457763672,22.520000457763672,22.520000457763672,22.520000457763672,0,18.884206771850586,0.0
CZA,2009-10-21,22.670000076293945,22.670000076293945,22.670000076293945,22.670000076293945,500,19.009986877441406,0.0
CZA,2009-10-22,22.489999771118164,22.559999465942383,22.489999771118164,22.559999465942383,600,18.91774559020996,0.0
CZA,2009-10-23,22.360000610351562,22.360000610351562,22.360000610351562,22.360000610351562,400,18.750036239624023,0.0
CZA,2009-10-26,22.360000610351562,22.489999771118164,22.360000610351562,22.489999771118164,800,18.85904884338379,0.0
CZA,2009-10-27,22.489999771118164,22.489999771118164,22.489999771118164,22.489999771118164,0,18.85904884338379,0.0
CZA,2009-10-28,22.489999771118164,22.489999771118164,22.489999771118164,22.489999771118164,0,18.85904884338379,0.0
CZA,2009-10-29,21.520000457763672,21.559999465942383,21.510000228881836,21.510000228881836,400,18.03726577758789,0.0
CZA,2009-10-30,21.649999618530273,21.649999618530273,21.450000762939453,21.450000762939453,700,17.986953735351562,0.0
CZA,2009-11-02,21.440000534057617,22.040000915527344,21.389999389648438,21.389999389648438,1700,17.93663787841797,0.0
CZA,2009-11-03,21.43000030517578,21.479999542236328,21.43000030517578,21.469999313354492,500,18.003721237182617,0.0
CZA,2009-11-04,21.889999389648438,21.889999389648438,21.8799991607666,21.8799991607666,1100,18.3475284576416,0.0
CZA,2009-11-05,21.8799991607666,21.8799991607666,21.8799991607666,21.8799991607666,0,18.3475284576416,0.0
CZA,2009-11-06,21.8799991607666,21.8799991607666,21.8799991607666,21.8799991607666,0,18.3475284576416,0.0
CZA,2009-11-09,22.5,22.5,22.469999313354492,22.469999313354492,200,18.842269897460938,0.0
CZA,2009-11-10,22.559999465942383,22.559999465942383,22.559999465942383,22.559999465942383,100,18.91774559020996,0.0
CZA,2009-11-11,22.559999465942383,22.559999465942383,22.559999465942383,22.559999465942383,300,18.91774559020996,0.0
CZA,2009-11-12,22.610000610351562,22.610000610351562,22.3700008392334,22.3700008392334,1100,18.758420944213867,0.0
CZA,2009-11-13,22.3700008392334,22.3700008392334,22.3700008392334,22.3700008392334,0,18.758420944213867,0.0
CZA,2009-11-16,22.690000534057617,22.729999542236328,22.68000030517578,22.719999313354492,1400,19.051916122436523,0.0
CZA,2009-11-17,22.75,22.75,22.75,22.75,500,19.077068328857422,0.0
CZA,2009-11-18,22.760000228881836,22.770000457763672,22.760000228881836,22.770000457763672,2200,19.093839645385742,0.0
CZA,2009-11-19,22.459999084472656,22.489999771118164,22.40999984741211,22.469999313354492,5100,18.842269897460938,0.0
CZA,2009-11-20,22.469999313354492,22.469999313354492,22.469999313354492,22.469999313354492,0,18.842269897460938,0.0
CZA,2009-11-23,22.760000228881836,22.760000228881836,22.690000534057617,22.690000534057617,1100,19.02676010131836,0.0
CZA,2009-11-24,22.559999465942383,22.559999465942383,22.559999465942383,22.559999465942383,200,18.91774559020996,0.0
CZA,2009-11-25,22.690000534057617,22.780000686645508,22.690000534057617,22.770000457763672,800,19.093839645385742,0.0
CZA,2009-11-27,22.770000457763672,22.770000457763672,22.770000457763672,22.770000457763672,0,19.093839645385742,0.0
CZA,2009-11-30,23.260000228881836,24.829999923706055,22.260000228881836,22.260000228881836,4300,18.666181564331055,0.0
CZA,2009-12-01,22.690000534057617,22.700000762939453,22.690000534057617,22.700000762939453,1800,19.035144805908203,0.0
CZA,2009-12-02,22.700000762939453,22.700000762939453,22.700000762939453,22.700000762939453,0,19.035144805908203,0.0
CZA,2009-12-03,22.700000762939453,22.700000762939453,22.700000762939453,22.700000762939453,0,19.035144805908203,0.0
CZA,2009-12-04,23.020000457763672,23.020000457763672,22.81999969482422,22.81999969482422,900,19.135772705078125,0.0
CZA,2009-12-07,23.020000457763672,23.020000457763672,22.920000076293945,22.920000076293945,700,19.21962547302246,0.0
CZA,2009-12-08,22.920000076293945,22.920000076293945,22.920000076293945,22.920000076293945,0,19.21962547302246,0.0
CZA,2009-12-09,22.780000686645508,22.780000686645508,22.6200008392334,22.68000030517578,500,19.018373489379883,0.0
CZA,2009-12-10,22.979999542236328,22.979999542236328,22.899999618530273,22.899999618530273,900,19.202857971191406,0.0
CZA,2009-12-11,23.0,23.0,23.0,23.0,300,19.286710739135742,0.0
CZA,2009-12-14,23.18000030517578,23.219999313354492,23.18000030517578,23.219999313354492,1400,19.471193313598633,0.0
CZA,2009-12-15,23.209999084472656,23.219999313354492,23.170000076293945,23.170000076293945,400,19.429262161254883,0.0
CZA,2009-12-16,23.34000015258789,23.34000015258789,23.219999313354492,23.219999313354492,1900,19.471193313598633,0.0
CZA,2009-12-17,23.020000457763672,23.049999237060547,22.969999313354492,22.989999771118164,2900,19.278322219848633,0.0
CZA,2009-12-18,22.969999313354492,22.969999313354492,22.889999389648438,22.889999389648438,800,19.194469451904297,0.0
CZA,2009-12-21,23.25,23.25,23.239999771118164,23.239999771118164,4700,19.487966537475586,0.0
CZA,2009-12-22,23.309999465942383,23.329999923706055,23.299999237060547,23.299999237060547,3400,19.53827476501465,0.0
CZA,2009-12-23,23.40999984741211,23.440000534057617,23.34000015258789,23.43000030517578,6400,19.64728546142578,0.0
CZA,2009-12-24,23.579999923706055,23.59000015258789,23.579999923706055,23.59000015258789,4600,19.798357009887695,0.02
CZA,2009-12-28,23.65999984741211,23.65999984741211,23.610000610351562,23.6299991607666,5500,19.831924438476562,0.0
CZA,2009-12-29,23.6299991607666,23.6299991607666,23.6299991607666,23.6299991607666,2300,19.831924438476562,0.0
CZA,2009-12-30,23.59000015258789,23.600000381469727,23.579999923706055,23.600000381469727,800,19.806747436523438,0.0
CZA,2009-12-31,23.639999389648438,23.639999389648438,23.610000610351562,23.610000610351562,700,19.815141677856445,0.0
CZA,2010-01-04,23.709999084472656,23.809999465942383,23.709999084472656,23.739999771118164,6400,19.924243927001953,0.0
CZA,2010-01-05,23.770000457763672,23.81999969482422,23.729999542236328,23.81999969482422,2800,19.99138832092285,0.0
CZA,2010-01-06,23.799999237060547,23.8700008392334,23.790000915527344,23.860000610351562,8600,20.02495765686035,0.0
CZA,2010-01-07,23.84000015258789,23.8799991607666,23.809999465942383,23.8799991607666,6400,20.04174041748047,0.0
CZA,2010-01-08,23.829999923706055,23.8700008392334,23.829999923706055,23.8700008392334,3700,20.033348083496094,0.0
CZA,2010-01-11,23.969999313354492,23.989999771118164,23.950000762939453,23.989999771118164,3200,20.13405990600586,0.0
CZA,2010-01-12,23.8700008392334,23.8799991607666,23.719999313354492,23.760000228881836,15300,19.94103240966797,0.0
CZA,2010-01-13,23.8700008392334,23.969999313354492,23.739999771118164,23.950000762939453,3500,20.100492477416992,0.0
CZA,2010-01-14,23.90999984741211,24.030000686645508,23.90999984741211,24.010000228881836,11400,20.150848388671875,0.0
CZA,2010-01-15,23.729999542236328,23.760000228881836,23.690000534057617,23.690000534057617,7900,19.88228416442871,0.0
CZA,2010-01-19,23.81999969482422,23.940000534057617,23.81999969482422,23.940000534057617,2500,20.092100143432617,0.0
CZA,2010-01-20,23.829999923706055,23.850000381469727,23.700000762939453,23.850000381469727,20900,20.016563415527344,0.0
CZA,2010-01-21,23.84000015258789,23.84000015258789,23.59000015258789,23.59000015258789,9700,19.798357009887695,0.0
CZA,2010-01-22,23.399999618530273,23.399999618530273,23.200000762939453,23.200000762939453,1400,19.471038818359375,0.0
CZA,2010-01-25,23.309999465942383,23.350000381469727,23.149999618530273,23.229999542236328,6400,19.496219635009766,0.0
CZA,2010-01-26,23.229999542236328,23.229999542236328,23.229999542236328,23.229999542236328,0,19.496219635009766,0.0
CZA,2010-01-27,23.15999984741211,23.15999984741211,23.149999618530273,23.149999618530273,1000,19.429073333740234,0.0
CZA,2010-01-28,23.149999618530273,23.149999618530273,23.149999618530273,23.149999618530273,0,19.429073333740234,0.0
CZA,2010-01-29,23.020000457763672,23.030000686645508,22.65999984741211,22.65999984741211,2900,19.01783561706543,0.0
CZA,2010-02-01,22.75,22.75,22.75,22.75,100,19.09337043762207,0.0
CZA,2010-02-02,23.170000076293945,23.170000076293945,23.170000076293945,23.170000076293945,500,19.445863723754883,0.0
CZA,2010-02-03,23.18000030517578,23.18000030517578,23.18000030517578,23.18000030517578,100,19.454252243041992,0.0
CZA,2010-02-04,22.709999084472656,22.709999084472656,22.610000610351562,22.610000610351562,15600,18.97587013244629,0.0
CZA,2010-02-05,22.31999969482422,22.31999969482422,22.299999237060547,22.31999969482422,400,18.732481002807617,0.0
CZA,2010-02-08,22.31999969482422,22.31999969482422,22.31999969482422,22.31999969482422,0,18.732481002807617,0.0
CZA,2010-02-09,22.31999969482422,22.31999969482422,22.31999969482422,22.31999969482422,0,18.732481002807617,0.0
CZA,2010-02-10,22.31999969482422,22.31999969482422,22.31999969482422,22.31999969482422,0,18.732481002807617,0.0
CZA,2010-02-11,22.75,22.75,22.75,22.75,200,19.09337043762207,0.0
CZA,2010-02-12,22.709999084472656,22.709999084472656,22.709999084472656,22.709999084472656,500,19.059795379638672,0.0
CZA,2010-02-16,23.139999389648438,23.139999389648438,23.139999389648438,23.139999389648438,200,19.420686721801758,0.0
CZA,2010-02-17,23.360000610351562,23.360000610351562,23.360000610351562,23.360000610351562,1800,19.605321884155273,0.0
CZA,2010-02-18,23.360000610351562,23.360000610351562,23.360000610351562,23.360000610351562,0,19.605321884155273,0.0
CZA,2010-02-19,23.479999542236328,23.649999618530273,23.479999542236328,23.649999618530273,500,19.848711013793945,0.0
CZA,2010-02-22,23.649999618530273,23.649999618530273,23.649999618530273,23.649999618530273,0,19.848711013793945,0.0
CZA,2010-02-23,23.420000076293945,23.440000534057617,23.420000076293945,23.43000030517578,900,19.664072036743164,0.0
CZA,2010-02-24,23.43000030517578,23.43000030517578,23.43000030517578,23.43000030517578,0,19.664072036743164,0.0
CZA,2010-02-25,23.309999465942383,23.530000686645508,23.309999465942383,23.530000686645508,3800,19.748001098632812,0.0
CZA,2010-02-26,23.6299991607666,23.639999389648438,23.6299991607666,23.639999389648438,500,19.840316772460938,0.0
CZA,2010-03-01,24.0,24.0,24.0,24.0,100,20.1424560546875,0.0
CZA,2010-03-02,24.139999389648438,24.260000228881836,24.139999389648438,24.170000076293945,79800,20.28512954711914,0.0
CZA,2010-03-03,24.280000686645508,24.280000686645508,24.229999542236328,24.229999542236328,1800,20.335485458374023,0.0
CZA,2010-03-04,24.229999542236328,24.229999542236328,24.229999542236328,24.229999542236328,0,20.335485458374023,0.0
CZA,2010-03-05,24.229999542236328,24.229999542236328,24.229999542236328,24.229999542236328,0,20.335485458374023,0.0
CZA,2010-03-08,24.5,24.5,24.5,24.5,300,20.562089920043945,0.0
CZA,2010-03-09,24.56999969482422,24.6299991607666,24.559999465942383,24.59000015258789,2800,20.63762092590332,0.0
CZA,2010-03-10,24.59000015258789,24.59000015258789,24.59000015258789,24.59000015258789,0,20.63762092590332,0.0
CZA,2010-03-11,24.59000015258789,24.59000015258789,24.59000015258789,24.59000015258789,0,20.63762092590332,0.0
CZA,2010-03-12,24.690000534057617,24.690000534057617,24.690000534057617,24.690000534057617,500,20.7215518951416,0.0
CZA,2010-03-15,24.719999313354492,24.719999313354492,24.719999313354492,24.719999313354492,2300,20.74672508239746,0.0
CZA,2010-03-16,24.899999618530273,24.899999618530273,24.899999618530273,24.899999618530273,200,20.89780044555664,0.0
CZA,2010-03-17,25.190000534057617,25.200000762939453,25.149999618530273,25.149999618530273,4300,21.10761260986328,0.0
CZA,2010-03-18,25.18000030517578,25.18000030517578,25.1299991607666,25.1299991607666,600,21.09082794189453,0.0
CZA,2010-03-19,24.809999465942383,25.079999923706055,24.809999465942383,24.809999465942383,2600,20.822263717651367,0.0
CZA,2010-03-22,25.020000457763672,25.020000457763672,25.020000457763672,25.020000457763672,200,20.998510360717773,0.0
CZA,2010-03-23,25.020000457763672,25.020000457763672,25.020000457763672,25.020000457763672,0,20.998510360717773,0.0
CZA,2010-03-24,25.139999389648438,25.149999618530273,25.139999389648438,25.149999618530273,300,21.10761260986328,0.0
CZA,2010-03-25,25.290000915527344,25.290000915527344,25.270000457763672,25.270000457763672,400,21.208328247070312,0.0
CZA,2010-03-26,25.040000915527344,25.040000915527344,25.040000915527344,25.040000915527344,200,21.015295028686523,0.0
CZA,2010-03-29,25.18000030517578,25.219999313354492,25.18000030517578,25.219999313354492,4400,21.166362762451172,0.0
CZA,2010-03-30,25.219999313354492,25.219999313354492,25.219999313354492,25.219999313354492,0,21.166362762451172,0.0
CZA,2010-03-31,25.260000228881836,25.260000228881836,25.260000228881836,25.260000228881836,100,21.199934005737305,0.0
CZA,2010-04-01,25.43000030517578,25.520000457763672,25.43000030517578,25.459999084472656,37200,21.367786407470703,0.0
CZA,2010-04-05,25.459999084472656,25.459999084472656,25.459999084472656,25.459999084472656,0,21.367786407470703,0.0
CZA,2010-04-06,25.809999465942383,25.860000610351562,25.809999465942383,25.860000610351562,400,21.703495025634766,0.0
CZA,2010-04-07,25.600000381469727,25.600000381469727,25.600000381469727,25.600000381469727,200,21.485286712646484,0.0
CZA,2010-04-08,25.600000381469727,25.600000381469727,25.600000381469727,25.600000381469727,0,21.485286712646484,0.0
CZA,2010-04-09,25.709999084472656,25.709999084472656,25.709999084472656,25.709999084472656,300,21.577604293823242,0.0
CZA,2010-04-12,25.709999084472656,25.709999084472656,25.709999084472656,25.709999084472656,0,21.577604293823242,0.0
CZA,2010-04-13,25.84000015258789,25.84000015258789,25.84000015258789,25.84000015258789,200,21.68670654296875,0.0
CZA,2010-04-14,25.969999313354492,26.170000076293945,25.93000030517578,26.170000076293945,13200,21.963665008544922,0.0
CZA,2010-04-15,26.239999771118164,26.239999771118164,26.209999084472656,26.239999771118164,800,22.022415161132812,0.0
CZA,2010-04-16,26.239999771118164,26.239999771118164,26.239999771118164,26.239999771118164,0,22.022415161132812,0.0
CZA,2010-04-19,26.0,26.0,25.299999237060547,25.829999923706055,2700,21.67831802368164,0.0
CZA,2010-04-20,26.040000915527344,26.15999984741211,26.040000915527344,26.15999984741211,800,21.95527458190918,0.0
CZA,2010-04-21,26.15999984741211,26.15999984741211,26.15999984741211,26.15999984741211,0,21.95527458190918,0.0
CZA,2010-04-22,26.15999984741211,26.15999984741211,26.15999984741211,26.15999984741211,0,21.95527458190918,0.0
CZA,2010-04-23,26.3700008392334,26.559999465942383,26.3700008392334,26.559999465942383,500,22.290983200073242,0.0
CZA,2010-04-26,26.649999618530273,26.649999618530273,26.649999618530273,26.649999618530273,1500,22.36651611328125,0.0
CZA,2010-04-27,26.579999923706055,26.579999923706055,26.200000762939453,26.200000762939453,7800,21.988847732543945,0.0
CZA,2010-04-28,25.989999771118164,25.989999771118164,25.989999771118164,25.989999771118164,200,21.812597274780273,0.0
CZA,2010-04-29,25.989999771118164,25.989999771118164,25.989999771118164,25.989999771118164,0,21.812597274780273,0.0
CZA,2010-04-30,25.989999771118164,25.989999771118164,25.989999771118164,25.989999771118164,0,21.812597274780273,0.0
CZA,2010-05-03,26.110000610351562,26.270000457763672,26.110000610351562,26.270000457763672,600,22.047595977783203,0.0
CZA,2010-05-04,25.729999542236328,25.739999771118164,25.65999984741211,25.65999984741211,1200,21.5356388092041,0.0
CZA,2010-05-05,25.489999771118164,25.520000457763672,25.489999771118164,25.520000457763672,500,21.41814422607422,0.0
CZA,2010-05-06,25.170000076293945,25.170000076293945,23.670000076293945,23.670000076293945,5900,19.865493774414062,0.0
CZA,2010-05-07,24.1200008392334,24.559999465942383,24.1200008392334,24.229999542236328,73300,20.335485458374023,0.0
CZA,2010-05-10,25.290000915527344,25.299999237060547,25.170000076293945,25.280000686645508,2000,21.216720581054688,0.0
CZA,2010-05-11,25.239999771118164,25.3799991607666,25.239999771118164,25.350000381469727,2000,21.275466918945312,0.0
CZA,2010-05-12,25.56999969482422,25.75,25.56999969482422,25.75,1300,21.611173629760742,0.0
CZA,2010-05-13,25.780000686645508,25.780000686645508,25.780000686645508,25.780000686645508,400,21.636356353759766,0.0
CZA,2010-05-14,25.049999237060547,25.139999389648438,25.0,25.09000015258789,5300,21.057260513305664,0.0
CZA,2010-05-17,24.969999313354492,25.1299991607666,24.969999313354492,25.100000381469727,1200,21.06565284729004,0.0
CZA,2010-05-18,25.040000915527344,25.040000915527344,24.719999313354492,24.729999542236328,2700,20.7551212310791,0.0
CZA,2010-05-19,24.479999542236328,24.489999771118164,24.34000015258789,24.34000015258789,900,20.427806854248047,0.0
CZA,2010-05-20,23.670000076293945,23.670000076293945,23.600000381469727,23.600000381469727,600,19.806747436523438,0.0
CZA,2010-05-21,23.799999237060547,23.799999237060547,23.719999313354492,23.719999313354492,400,19.90746307373047,0.0
CZA,2010-05-24,23.81999969482422,23.81999969482422,23.81999969482422,23.81999969482422,300,19.99138832092285,0.0
CZA,2010-05-25,23.0,23.489999771118164,23.0,23.489999771118164,2900,19.714427947998047,0.0
CZA,2010-05-26,23.959999084472656,23.959999084472656,23.860000610351562,23.860000610351562,400,20.02495765686035,0.0
CZA,2010-05-27,23.860000610351562,23.860000610351562,23.860000610351562,23.860000610351562,0,20.02495765686035,0.0
CZA,2010-05-28,23.860000610351562,23.860000610351562,23.860000610351562,23.860000610351562,0,20.02495765686035,0.0
CZA,2010-06-01,24.170000076293945,24.170000076293945,24.170000076293945,24.170000076293945,400,20.28512954711914,0.0
CZA,2010-06-02,24.09000015258789,24.09000015258789,24.09000015258789,24.09000015258789,100,20.21799087524414,0.0
CZA,2010-06-03,24.459999084472656,24.610000610351562,24.459999084472656,24.5,700,20.562089920043945,0.0
CZA,2010-06-04,24.34000015258789,24.34000015258789,24.15999984741211,24.15999984741211,500,20.2767333984375,0.0
CZA,2010-06-07,23.829999923706055,23.860000610351562,23.829999923706055,23.860000610351562,4100,20.02495765686035,0.0
CZA,2010-06-08,23.549999237060547,23.549999237060547,23.450000762939453,23.5,1000,19.722822189331055,0.0
CZA,2010-06-09,23.5,23.5,23.5,23.5,0,19.722822189331055,0.0
CZA,2010-06-10,23.5,23.5,23.5,23.5,0,19.722822189331055,0.0
CZA,2010-06-11,24.09000015258789,24.40999984741211,24.079999923706055,24.399999618530273,7200,20.47816276550293,0.0
CZA,2010-06-14,24.81999969482422,24.920000076293945,24.81999969482422,24.920000076293945,500,20.914583206176758,0.0
CZA,2010-06-15,24.920000076293945,24.920000076293945,24.920000076293945,24.920000076293945,0,20.914583206176758,0.0
CZA,2010-06-16,25.170000076293945,25.229999542236328,25.170000076293945,25.229999542236328,900,21.174755096435547,0.0
CZA,2010-06-17,25.100000381469727,25.1200008392334,25.06999969482422,25.1200008392334,2300,21.08243751525879,0.0
CZA,2010-06-18,25.170000076293945,25.170000076293945,25.170000076293945,25.170000076293945,300,21.12439727783203,0.0
CZA,2010-06-21,25.489999771118164,25.489999771118164,24.989999771118164,24.989999771118164,4600,20.973331451416016,0.0
CZA,2010-06-22,25.149999618530273,25.149999618530273,24.81999969482422,24.81999969482422,2700,20.830659866333008,0.0
CZA,2010-06-23,24.59000015258789,24.709999084472656,24.59000015258789,24.709999084472656,600,20.738332748413086,0.0
CZA,2010-06-24,24.459999084472656,24.489999771118164,24.31999969482422,24.31999969482422,1100,20.41102409362793,0.0
CZA,2010-06-25,24.260000228881836,24.450000762939453,24.25,24.450000762939453,1400,20.520126342773438,0.0
CZA,2010-06-28,24.5,24.5,24.5,24.5,100,20.562089920043945,0.0
CZA,2010-06-29,23.739999771118164,23.739999771118164,23.729999542236328,23.729999542236328,1200,19.915851593017578,0.0
CZA,2010-06-30,23.600000381469727,23.600000381469727,23.600000381469727,23.600000381469727,1000,19.806747436523438,0.0
CZA,2010-07-01,23.600000381469727,23.600000381469727,23.600000381469727,23.600000381469727,0,19.806747436523438,0.0
CZA,2010-07-02,23.25,23.25,23.239999771118164,23.239999771118164,600,19.504610061645508,0.0
CZA,2010-07-06,23.350000381469727,23.350000381469727,23.270000457763672,23.290000915527344,2200,19.54657554626465,0.0
CZA,2010-07-07,23.6299991607666,23.8700008392334,23.489999771118164,23.8700008392334,3600,20.033348083496094,0.0
CZA,2010-07-08,24.540000915527344,24.540000915527344,24.1200008392334,24.219999313354492,2500,20.32709312438965,0.0
CZA,2010-07-09,24.209999084472656,24.450000762939453,24.209999084472656,24.40999984741211,5300,20.486553192138672,0.0
CZA,2010-07-12,24.43000030517578,24.489999771118164,24.43000030517578,24.489999771118164,500,20.553699493408203,0.0
CZA,2010-07-13,24.790000915527344,24.940000534057617,24.75,24.940000534057617,5100,20.93136978149414,0.0
CZA,2010-07-14,24.81999969482422,24.850000381469727,24.770000457763672,24.770000457763672,2000,20.7886905670166,0.0
CZA,2010-07-15,24.84000015258789,24.84000015258789,24.690000534057617,24.700000762939453,700,20.72994041442871,0.0
CZA,2010-07-16,24.760000228881836,24.760000228881836,24.360000610351562,24.360000610351562,1600,20.444591522216797,0.0
CZA,2010-07-19,24.540000915527344,24.540000915527344,24.540000915527344,24.540000915527344,400,20.595659255981445,0.0
CZA,2010-07-20,24.3799991607666,24.3799991607666,24.3799991607666,24.3799991607666,2200,20.461376190185547,0.0
CZA,2010-07-21,24.690000534057617,24.700000762939453,24.5,24.510000228881836,4700,20.570484161376953,0.0
CZA,2010-07-22,24.940000534057617,25.040000915527344,24.940000534057617,25.040000915527344,1900,21.015295028686523,0.0
CZA,2010-07-23,25.020000457763672,25.260000228881836,25.020000457763672,25.25,7500,21.191543579101562,0.0
CZA,2010-07-26,25.309999465942383,25.5,25.309999465942383,25.489999771118164,2400,21.392963409423828,0.0
CZA,2010-07-27,25.790000915527344,25.790000915527344,25.3799991607666,25.3799991607666,6200,21.300643920898438,0.0
CZA,2010-07-28,25.260000228881836,25.260000228881836,25.110000610351562,25.110000610351562,6000,21.074047088623047,0.0
CZA,2010-07-29,25.15999984741211,25.15999984741211,25.0,25.020000457763672,1400,20.998510360717773,0.0
CZA,2010-07-30,24.950000762939453,25.0,24.950000762939453,25.0,700,20.981725692749023,0.0
CZA,2010-08-02,25.440000534057617,25.440000534057617,25.309999465942383,25.389999389648438,7300,21.309040069580078,0.0
CZA,2010-08-03,25.229999542236328,25.3799991607666,25.229999542236328,25.239999771118164,1900,21.183149337768555,0.0
CZA,2010-08-04,25.31999969482422,25.469999313354492,25.309999465942383,25.450000762939453,1000,21.359397888183594,0.0
CZA,2010-08-05,25.479999542236328,25.510000228881836,25.389999389648438,25.5,14400,21.401355743408203,0.0
CZA,2010-08-06,25.329999923706055,25.420000076293945,25.200000762939453,25.420000076293945,6200,21.334217071533203,0.0
CZA,2010-08-09,25.639999389648438,25.639999389648438,25.549999237060547,25.639999389648438,4800,21.518857955932617,0.0
CZA,2010-08-10,25.489999771118164,25.549999237060547,25.229999542236328,25.260000228881836,10400,21.199934005737305,0.0
CZA,2010-08-11,25.049999237060547,25.049999237060547,24.6200008392334,24.639999389648438,17500,20.67958641052246,0.0
CZA,2010-08-12,24.34000015258789,24.559999465942383,24.219999313354492,24.420000076293945,12400,20.494951248168945,0.0
CZA,2010-08-13,24.530000686645508,24.639999389648438,24.530000686645508,24.610000610351562,1300,20.6544132232666,0.0
CZA,2010-08-16,24.3799991607666,24.600000381469727,24.34000015258789,24.520000457763672,800,20.578872680664062,0.0
CZA,2010-08-17,24.739999771118164,25.030000686645508,24.739999771118164,25.030000686645508,3100,21.00690269470215,0.0
CZA,2010-08-18,24.8700008392334,24.8700008392334,24.8700008392334,24.8700008392334,600,20.87261962890625,0.0
CZA,2010-08-19,24.579999923706055,24.579999923706055,24.579999923706055,24.579999923706055,300,20.62923240661621,0.0
CZA,2010-08-20,24.43000030517578,24.530000686645508,24.43000030517578,24.530000686645508,34600,20.58727264404297,0.0
CZA,2010-08-23,24.639999389648438,24.639999389648438,24.440000534057617,24.440000534057617,2700,20.511735916137695,0.0
CZA,2010-08-24,24.290000915527344,24.290000915527344,24.0,24.110000610351562,9800,20.234779357910156,0.0
CZA,2010-08-25,23.84000015258789,23.90999984741211,23.84000015258789,23.90999984741211,200,20.066917419433594,0.0
CZA,2010-08-26,24.25,24.31999969482422,24.100000381469727,24.100000381469727,4700,20.22637939453125,0.0
CZA,2010-08-27,24.100000381469727,24.100000381469727,24.100000381469727,24.100000381469727,0,20.22637939453125,0.0
CZA,2010-08-30,24.06999969482422,24.06999969482422,24.06999969482422,24.06999969482422,200,20.201204299926758,0.0
CZA,2010-08-31,24.06999969482422,24.06999969482422,24.06999969482422,24.06999969482422,100,20.201204299926758,0.0
CZA,2010-09-01,24.670000076293945,24.700000762939453,24.670000076293945,24.690000534057617,9700,20.7215518951416,0.0
CZA,2010-09-02,24.829999923706055,24.8799991607666,24.829999923706055,24.8799991607666,500,20.881010055541992,0.0
CZA,2010-09-03,25.190000534057617,25.25,25.190000534057617,25.229999542236328,600,21.174755096435547,0.0
CZA,2010-09-07,25.1200008392334,25.149999618530273,25.059999465942383,25.059999465942383,7000,21.032079696655273,0.0
CZA,2010-09-08,25.18000030517578,25.18000030517578,25.100000381469727,25.1200008392334,1800,21.08243751525879,0.0
CZA,2010-09-09,25.1200008392334,25.1200008392334,25.1200008392334,25.1200008392334,0,21.08243751525879,0.0
CZA,2010-09-10,25.25,25.34000015258789,25.25,25.34000015258789,800,21.267074584960938,0.0
CZA,2010-09-13,25.559999465942383,25.639999389648438,25.559999465942383,25.6299991607666,2300,21.510461807250977,0.0
CZA,2010-09-14,25.670000076293945,25.700000762939453,25.530000686645508,25.639999389648438,7000,21.518857955932617,0.0
CZA,2010-09-15,25.670000076293945,25.670000076293945,25.610000610351562,25.670000076293945,3800,21.544031143188477,0.0
CZA,2010-09-16,25.600000381469727,25.600000381469727,25.56999969482422,25.56999969482422,2200,21.460105895996094,0.0
CZA,2010-09-17,25.639999389648438,25.700000762939453,25.639999389648438,25.700000762939453,2200,21.569211959838867,0.0
CZA,2010-09-20,25.920000076293945,26.09000015258789,25.920000076293945,26.09000015258789,300,21.896526336669922,0.0
CZA,2010-09-21,25.979999542236328,26.110000610351562,25.969999313354492,26.0,64400,21.82099151611328,0.0
CZA,2010-09-22,25.969999313354492,25.969999313354492,25.84000015258789,25.84000015258789,7500,21.68670654296875,0.0
CZA,2010-09-23,25.739999771118164,25.899999618530273,25.5,25.860000610351562,8400,21.703495025634766,0.0
CZA,2010-09-24,26.1200008392334,26.209999084472656,26.110000610351562,26.18000030517578,1600,21.972061157226562,0.0
CZA,2010-09-27,26.149999618530273,26.229999542236328,26.149999618530273,26.190000534057617,6400,21.980453491210938,0.0
CZA,2010-09-28,26.110000610351562,26.239999771118164,26.110000610351562,26.239999771118164,1600,22.022415161132812,0.0
CZA,2010-09-29,26.299999237060547,26.40999984741211,26.299999237060547,26.360000610351562,3200,22.123126983642578,0.0
CZA,2010-09-30,26.56999969482422,26.56999969482422,26.3799991607666,26.3799991607666,400,22.13991355895996,0.0
CZA,2010-10-01,26.43000030517578,26.530000686645508,26.389999389648438,26.389999389648438,1000,22.14830780029297,0.0
CZA,2010-10-04,26.389999389648438,26.389999389648438,26.209999084472656,26.209999084472656,3000,21.99724006652832,0.0
CZA,2010-10-05,26.389999389648438,26.719999313354492,26.389999389648438,26.68000030517578,7000,22.391695022583008,0.0
CZA,2010-10-06,26.549999237060547,26.549999237060547,26.510000228881836,26.549999237060547,8500,22.282590866088867,0.0
CZA,2010-10-07,26.520000457763672,26.520000457763672,26.520000457763672,26.520000457763672,1200,22.25741195678711,0.0
CZA,2010-10-08,26.639999389648438,26.799999237060547,26.639999389648438,26.790000915527344,4500,22.48401641845703,0.0
CZA,2010-10-11,26.809999465942383,26.899999618530273,26.790000915527344,26.899999618530273,1900,22.57633399963379,0.0
CZA,2010-10-12,26.799999237060547,26.799999237060547,26.770000457763672,26.770000457763672,4500,22.46723175048828,0.0
CZA,2010-10-13,27.059999465942383,27.18000030517578,26.989999771118164,27.170000076293945,3500,22.802936553955078,0.0
CZA,2010-10-14,27.059999465942383,27.079999923706055,26.790000915527344,26.790000915527344,3500,22.48401641845703,0.0
CZA,2010-10-15,27.219999313354492,27.219999313354492,26.829999923706055,26.959999084472656,2600,22.62668800354004,0.0
CZA,2010-10-18,26.989999771118164,27.049999237060547,26.969999313354492,27.049999237060547,1600,22.70222282409668,0.0
CZA,2010-10-19,26.899999618530273,26.899999618530273,26.579999923706055,26.579999923706055,15500,22.307775497436523,0.0
CZA,2010-10-20,27.049999237060547,27.049999237060547,27.010000228881836,27.010000228881836,600,22.66865348815918,0.0
CZA,2010-10-21,27.030000686645508,27.030000686645508,26.93000030517578,26.93000030517578,600,22.601512908935547,0.0
CZA,2010-10-22,27.209999084472656,27.209999084472656,27.09000015258789,27.110000610351562,3600,22.75258445739746,0.0
CZA,2010-10-25,27.329999923706055,27.43000030517578,27.290000915527344,27.290000915527344,9900,22.90365219116211,0.0
CZA,2010-10-26,27.219999313354492,27.270000457763672,27.020000457763672,27.270000457763672,53700,22.886863708496094,0.0
CZA,2010-10-27,27.239999771118164,27.239999771118164,26.969999313354492,27.110000610351562,15600,22.75258445739746,0.0
CZA,2010-10-28,27.329999923706055,27.329999923706055,27.110000610351562,27.170000076293945,3200,22.802936553955078,0.0
CZA,2010-10-29,27.229999542236328,27.309999465942383,27.229999542236328,27.309999465942383,2600,22.920434951782227,0.0
CZA,2010-11-01,27.549999237060547,27.549999237060547,27.260000228881836,27.260000228881836,8000,22.878469467163086,0.0
CZA,2010-11-02,27.549999237060547,27.559999465942383,27.549999237060547,27.559999465942383,600,23.130250930786133,0.0
CZA,2010-11-03,27.559999465942383,27.56999969482422,27.399999618530273,27.399999618530273,17100,22.995967864990234,0.0
CZA,2010-11-04,27.860000610351562,27.969999313354492,27.860000610351562,27.969999313354492,4100,23.474353790283203,0.0
CZA,2010-11-05,28.049999237060547,28.059999465942383,27.979999542236328,28.030000686645508,8600,23.524707794189453,0.0
CZA,2010-11-08,28.059999465942383,28.059999465942383,27.940000534057617,27.969999313354492,8500,23.474353790283203,0.0
CZA,2010-11-09,28.010000228881836,28.049999237060547,27.790000915527344,27.790000915527344,5300,23.323286056518555,0.0
CZA,2010-11-10,27.860000610351562,27.920000076293945,27.549999237060547,27.8700008392334,6100,23.390424728393555,0.0
CZA,2010-11-11,27.75,27.93000030517578,27.75,27.93000030517578,5400,23.44078254699707,0.0
CZA,2010-11-12,27.790000915527344,27.809999465942383,27.549999237060547,27.639999389648438,1400,23.1973934173584,0.0
CZA,2010-11-15,27.729999542236328,27.790000915527344,27.729999542236328,27.729999542236328,6800,23.27292823791504,0.0
CZA,2010-11-16,27.5,27.5,27.1299991607666,27.139999389648438,5500,22.77775764465332,0.0
CZA,2010-11-17,27.09000015258789,27.31999969482422,27.09000015258789,27.290000915527344,19600,22.90365219116211,0.0
CZA,2010-11-18,27.639999389648438,27.639999389648438,27.639999389648438,27.639999389648438,600,23.1973934173584,0.0
CZA,2010-11-19,27.59000015258789,27.670000076293945,27.489999771118164,27.65999984741211,1800,23.21417808532715,0.0
CZA,2010-11-22,27.739999771118164,27.760000228881836,27.59000015258789,27.760000228881836,2800,23.29810905456543,0.0
CZA,2010-11-23,27.43000030517578,27.479999542236328,27.43000030517578,27.450000762939453,5300,23.037933349609375,0.0
CZA,2010-11-24,27.719999313354492,27.899999618530273,27.719999313354492,27.899999618530273,35500,23.415603637695312,0.0
CZA,2010-11-26,27.760000228881836,27.760000228881836,27.760000228881836,27.760000228881836,500,23.29810905456543,0.0
CZA,2010-11-29,27.68000030517578,27.700000762939453,27.3700008392334,27.690000534057617,3500,23.239356994628906,0.0
CZA,2010-11-30,27.510000228881836,27.610000610351562,27.510000228881836,27.610000610351562,1900,23.172216415405273,0.0
CZA,2010-12-01,27.950000762939453,28.030000686645508,27.950000762939453,28.010000228881836,5900,23.507925033569336,0.0
CZA,2010-12-02,28.09000015258789,28.34000015258789,28.09000015258789,28.34000015258789,3600,23.78488540649414,0.0
CZA,2010-12-03,28.31999969482422,28.40999984741211,28.290000915527344,28.40999984741211,6600,23.843631744384766,0.0
CZA,2010-12-06,28.440000534057617,28.440000534057617,28.34000015258789,28.3799991607666,5400,23.818450927734375,0.0
CZA,2010-12-07,28.520000457763672,28.520000457763672,28.34000015258789,28.34000015258789,4400,23.78488540649414,0.0
CZA,2010-12-08,28.479999542236328,28.479999542236328,28.34000015258789,28.34000015258789,1100,23.78488540649414,0.0
CZA,2010-12-09,28.540000915527344,28.540000915527344,28.34000015258789,28.399999618530273,7200,23.83523941040039,0.0
CZA,2010-12-10,28.56999969482422,28.639999389648438,28.56999969482422,28.639999389648438,3200,24.03666114807129,0.0
CZA,2010-12-13,28.790000915527344,28.790000915527344,28.670000076293945,28.670000076293945,6900,24.06184196472168,0.0
CZA,2010-12-14,28.729999542236328,28.760000228881836,28.729999542236328,28.760000228881836,2000,24.13737678527832,0.0
CZA,2010-12-15,28.739999771118164,28.739999771118164,28.489999771118164,28.520000457763672,18200,23.935951232910156,0.0
CZA,2010-12-16,28.469999313354492,28.549999237060547,28.469999313354492,28.540000915527344,2300,23.952735900878906,0.0
CZA,2010-12-17,28.59000015258789,28.65999984741211,28.530000686645508,28.65999984741211,6200,24.053447723388672,0.0
CZA,2010-12-20,28.65999984741211,28.670000076293945,28.549999237060547,28.639999389648438,6300,24.03666114807129,0.0
CZA,2010-12-21,28.700000762939453,28.829999923706055,28.700000762939453,28.829999923706055,3400,24.19612693786621,0.0
CZA,2010-12-22,28.889999389648438,28.940000534057617,28.829999923706055,28.93000030517578,6200,24.280052185058594,0.0
CZA,2010-12-23,28.979999542236328,28.979999542236328,28.84000015258789,28.8700008392334,3000,24.229692459106445,0.0
CZA,2010-12-27,28.600000381469727,28.700000762939453,28.56999969482422,28.700000762939453,400,24.250816345214844,0.195
CZA,2010-12-28,28.68000030517578,28.68000030517578,28.68000030517578,28.68000030517578,500,24.233919143676758,0.0
CZA,2010-12-29,28.68000030517578,28.770000457763672,28.68000030517578,28.770000457763672,1900,24.30997085571289,0.0
CZA,2010-12-30,28.75,28.809999465942383,28.75,28.790000915527344,600,24.326868057250977,0.0
CZA,2010-12-31,28.780000686645508,28.790000915527344,28.690000534057617,28.75,2100,24.29306411743164,0.0
CZA,2011-01-03,28.969999313354492,29.049999237060547,28.850000381469727,28.959999084472656,19000,24.47051239013672,0.0
CZA,2011-01-04,28.8799991607666,28.8799991607666,28.6200008392334,28.770000457763672,16800,24.30997085571289,0.0
CZA,2011-01-05,28.719999313354492,28.90999984741211,28.719999313354492,28.90999984741211,2900,24.42826271057129,0.0
CZA,2011-01-06,28.8799991607666,28.950000762939453,28.829999923706055,28.899999618530273,4600,24.419815063476562,0.0
CZA,2011-01-07,28.889999389648438,29.0,28.799999237060547,28.889999389648438,3400,24.41136360168457,0.0
CZA,2011-01-10,28.899999618530273,28.899999618530273,28.739999771118164,28.809999465942383,3100,24.343765258789062,0.0
CZA,2011-01-11,29.110000610351562,29.139999389648438,29.049999237060547,29.100000381469727,2600,24.588808059692383,0.0
CZA,2011-01-12,29.270000457763672,29.31999969482422,29.200000762939453,29.270000457763672,4000,24.73245620727539,0.0
CZA,2011-01-13,29.260000228881836,29.3700008392334,29.260000228881836,29.299999237060547,6600,24.757802963256836,0.0
CZA,2011-01-14,29.329999923706055,29.399999618530273,29.299999237060547,29.399999618530273,1700,24.842302322387695,0.0
CZA,2011-01-18,29.459999084472656,29.56999969482422,29.459999084472656,29.559999465942383,13200,24.977497100830078,0.0
CZA,2011-01-19,29.479999542236328,29.479999542236328,29.149999618530273,29.229999542236328,7800,24.698654174804688,0.0
CZA,2011-01-20,29.110000610351562,29.110000610351562,28.899999618530273,29.020000457763672,5600,24.52121353149414,0.0
CZA,2011-01-21,29.270000457763672,29.270000457763672,29.100000381469727,29.139999389648438,2700,24.62260627746582,0.0
CZA,2011-01-24,29.360000610351562,29.479999542236328,29.360000610351562,29.450000762939453,24900,24.884553909301758,0.0
CZA,2011-01-25,29.450000762939453,29.450000762939453,29.329999923706055,29.389999389648438,4400,24.833847045898438,0.0
CZA,2011-01-26,29.579999923706055,29.649999618530273,29.540000915527344,29.639999389648438,4700,25.04509735107422,0.0
CZA,2011-01-27,29.690000534057617,29.780000686645508,29.690000534057617,29.780000686645508,6100,25.163393020629883,0.0
CZA,2011-01-28,29.84000015258789,29.93000030517578,29.309999465942383,29.350000381469727,4800,24.800052642822266,0.0
CZA,2011-01-31,29.440000534057617,29.639999389648438,29.43000030517578,29.540000915527344,6300,24.96059799194336,0.0
CZA,2011-02-01,29.93000030517578,30.079999923706055,29.90999984741211,30.079999923706055,3600,25.416887283325195,0.0
CZA,2011-02-02,29.90999984741211,30.110000610351562,29.90999984741211,29.979999542236328,3700,25.332386016845703,0.0
CZA,2011-02-03,29.989999771118164,30.110000610351562,29.979999542236328,30.059999465942383,900,25.399988174438477,0.0
CZA,2011-02-04,30.1299991607666,30.18000030517578,30.049999237060547,30.170000076293945,4400,25.492935180664062,0.0
CZA,2011-02-07,30.290000915527344,30.479999542236328,30.290000915527344,30.40999984741211,4200,25.69572639465332,0.0
CZA,2011-02-08,30.559999465942383,30.559999465942383,30.3799991607666,30.479999542236328,8000,25.754878997802734,0.0
CZA,2011-02-09,30.469999313354492,30.469999313354492,30.360000610351562,30.399999618530273,5700,25.687278747558594,0.0
CZA,2011-02-10,30.329999923706055,30.489999771118164,30.299999237060547,30.489999771118164,2400,25.76332664489746,0.0
CZA,2011-02-11,30.479999542236328,30.709999084472656,30.3799991607666,30.700000762939453,4200,25.940773010253906,0.0
CZA,2011-02-14,30.68000030517578,30.790000915527344,30.68000030517578,30.780000686645508,6100,26.00836944580078,0.0
CZA,2011-02-15,30.739999771118164,30.790000915527344,30.68000030517578,30.719999313354492,2800,25.957670211791992,0.0
CZA,2011-02-16,30.899999618530273,30.959999084472656,30.829999923706055,30.90999984741211,6100,26.118215560913086,0.0
CZA,2011-02-17,30.899999618530273,31.06999969482422,30.799999237060547,31.06999969482422,4800,26.25341033935547,0.0
CZA,2011-02-18,31.170000076293945,31.170000076293945,31.040000915527344,31.1200008392334,5400,26.29566192626953,0.0
CZA,2011-02-22,30.940000534057617,30.940000534057617,30.3799991607666,30.469999313354492,4400,25.746427536010742,0.0
CZA,2011-02-23,30.43000030517578,30.43000030517578,29.8700008392334,30.18000030517578,4600,25.501380920410156,0.0
CZA,2011-02-24,30.100000381469727,30.149999618530273,30.010000228881836,30.049999237060547,2200,25.391536712646484,0.0
CZA,2011-02-25,30.290000915527344,30.639999389648438,30.290000915527344,30.639999389648438,11000,25.890073776245117,0.0
CZA,2011-02-28,30.760000228881836,30.81999969482422,30.559999465942383,30.559999465942383,2300,25.822477340698242,0.0
CZA,2011-03-01,30.75,30.75,30.440000534057617,30.440000534057617,1400,25.72107696533203,0.0
CZA,2011-03-02,30.3700008392334,30.600000381469727,30.3700008392334,30.549999237060547,11700,25.814023971557617,0.0
CZA,2011-03-03,30.799999237060547,31.100000381469727,30.799999237060547,31.100000381469727,2300,26.27876091003418,0.0
CZA,2011-03-04,30.959999084472656,30.959999084472656,30.799999237060547,30.8700008392334,4200,26.08441734313965,0.0
CZA,2011-03-07,31.1299991607666,31.1299991607666,30.5,30.540000915527344,6400,25.805574417114258,0.0
CZA,2011-03-08,30.799999237060547,30.90999984741211,30.770000457763672,30.829999923706055,5200,26.05061912536621,0.0
CZA,2011-03-09,30.739999771118164,30.84000015258789,30.739999771118164,30.829999923706055,2100,26.05061912536621,0.0
CZA,2011-03-10,30.459999084472656,30.459999084472656,30.110000610351562,30.34000015258789,3500,25.636581420898438,0.0
CZA,2011-03-11,30.059999465942383,30.389999389648438,30.059999465942383,30.389999389648438,1000,25.678829193115234,0.0
CZA,2011-03-14,30.149999618530273,30.260000228881836,30.0,30.0,500,25.349288940429688,0.0
CZA,2011-03-15,29.59000015258789,29.950000762939453,29.25,29.950000762939453,9600,25.307039260864258,0.0
CZA,2011-03-16,29.719999313354492,29.75,29.469999313354492,29.510000228881836,5300,24.935251235961914,0.0
CZA,2011-03-17,29.899999618530273,29.899999618530273,29.65999984741211,29.709999084472656,4800,25.104246139526367,0.0
CZA,2011-03-18,30.020000457763672,30.15999984741211,29.90999984741211,29.90999984741211,2600,25.273239135742188,0.0
CZA,2011-03-21,30.530000686645508,30.579999923706055,30.459999084472656,30.579999923706055,10800,25.839370727539062,0.0
CZA,2011-03-22,30.649999618530273,30.65999984741211,30.489999771118164,30.489999771118164,4700,25.76332664489746,0.0
CZA,2011-03-23,30.459999084472656,30.510000228881836,30.260000228881836,30.510000228881836,4800,25.78022575378418,0.0
CZA,2011-03-24,30.649999618530273,30.68000030517578,30.469999313354492,30.68000030517578,5900,25.92386817932129,0.0
CZA,2011-03-25,30.780000686645508,31.0,30.780000686645508,30.889999389648438,6600,26.101318359375,0.0
CZA,2011-03-28,30.969999313354492,30.969999313354492,30.860000610351562,30.860000610351562,3200,26.075969696044922,0.0
CZA,2011-03-29,30.809999465942383,30.889999389648438,30.6200008392334,30.889999389648438,1800,26.101318359375,0.0
CZA,2011-03-30,31.049999237060547,31.239999771118164,31.049999237060547,31.219999313354492,4100,26.380157470703125,0.0
CZA,2011-03-31,31.170000076293945,31.299999237060547,31.149999618530273,31.299999237060547,4100,26.447755813598633,0.0
CZA,2011-04-01,31.489999771118164,31.59000015258789,31.489999771118164,31.530000686645508,5000,26.64210319519043,0.0
CZA,2011-04-04,31.639999389648438,31.670000076293945,31.510000228881836,31.610000610351562,9700,26.709697723388672,0.0
CZA,2011-04-05,31.56999969482422,31.709999084472656,31.56999969482422,31.709999084472656,2400,26.794193267822266,0.0
CZA,2011-04-06,31.799999237060547,31.799999237060547,31.260000228881836,31.6200008392334,7200,26.718149185180664,0.0
CZA,2011-04-07,31.780000686645508,31.780000686645508,31.530000686645508,31.68000030517578,92800,26.768848419189453,0.0
CZA,2011-04-08,31.950000762939453,31.950000762939453,31.290000915527344,31.31999969482422,10800,26.46465492248535,0.0
CZA,2011-04-11,31.649999618530273,31.649999618530273,31.200000762939453,31.200000762939453,8600,26.363262176513672,0.0
CZA,2011-04-12,31.030000686645508,31.1299991607666,30.860000610351562,31.030000686645508,5200,26.219614028930664,0.0
CZA,2011-04-13,31.270000457763672,31.270000457763672,30.600000381469727,30.979999542236328,2600,26.177364349365234,0.0
CZA,2011-04-14,30.829999923706055,31.239999771118164,30.809999465942383,31.209999084472656,5300,26.3717098236084,0.0
CZA,2011-04-15,31.25,31.420000076293945,31.25,31.360000610351562,8800,26.498455047607422,0.0
CZA,2011-04-18,31.229999542236328,31.229999542236328,30.649999618530273,30.889999389648438,5300,26.101318359375,0.0
CZA,2011-04-19,31.020000457763672,31.020000457763672,31.020000457763672,31.020000457763672,200,26.211164474487305,0.0
CZA,2011-04-20,31.420000076293945,31.75,31.420000076293945,31.489999771118164,5800,26.608304977416992,0.0
CZA,2011-04-21,31.75,31.81999969482422,31.75,31.81999969482422,1200,26.887144088745117,0.0
CZA,2011-04-25,31.950000762939453,31.950000762939453,31.709999084472656,31.709999084472656,10600,26.794193267822266,0.0
CZA,2011-04-26,31.760000228881836,32.04999923706055,31.760000228881836,32.040000915527344,1700,27.07303810119629,0.0
CZA,2011-04-27,32.16999816894531,32.25,31.940000534057617,32.25,3600,27.250478744506836,0.0
CZA,2011-04-28,32.2400016784668,32.2400016784668,32.119998931884766,32.13999938964844,11100,27.15753746032715,0.0
CZA,2011-04-29,32.22999954223633,32.34000015258789,32.150001525878906,32.290000915527344,9900,27.284282684326172,0.0
CZA,2011-05-02,32.52000045776367,32.52000045776367,32.29999923706055,32.31999969482422,7500,27.30963134765625,0.0
CZA,2011-05-03,32.15999984741211,32.2400016784668,31.90999984741211,32.02000045776367,4400,27.056140899658203,0.0
CZA,2011-05-04,32.119998931884766,32.119998931884766,31.75,31.75,1400,26.82799530029297,0.0
CZA,2011-05-05,31.5,31.829999923706055,31.3700008392334,31.510000228881836,10100,26.625200271606445,0.0
CZA,2011-05-06,31.989999771118164,32.13999938964844,31.799999237060547,31.799999237060547,4800,26.870243072509766,0.0
CZA,2011-05-09,31.829999923706055,32.060001373291016,31.829999923706055,32.060001373291016,4700,27.089937210083008,0.0
CZA,2011-05-10,32.11000061035156,32.369998931884766,32.11000061035156,32.369998931884766,3800,27.351882934570312,0.0
CZA,2011-05-11,32.27000045776367,32.290000915527344,31.850000381469727,32.060001373291016,8600,27.089937210083008,0.0
CZA,2011-05-12,31.899999618530273,32.060001373291016,31.719999313354492,32.0,64800,27.03923988342285,0.0
CZA,2011-05-13,32.0099983215332,32.060001373291016,31.729999542236328,31.729999542236328,23200,26.811098098754883,0.0
CZA,2011-05-16,31.690000534057617,31.709999084472656,31.639999389648438,31.709999084472656,1100,26.794193267822266,0.0
CZA,2011-05-17,31.510000228881836,31.510000228881836,31.15999984741211,31.40999984741211,4100,26.540699005126953,0.0
CZA,2011-05-18,31.34000015258789,31.959999084472656,31.34000015258789,31.940000534057617,26400,26.988542556762695,0.0
CZA,2011-05-19,32.13999938964844,32.13999938964844,32.0,32.06999969482422,1700,27.098390579223633,0.0
CZA,2011-05-20,31.940000534057617,31.979999542236328,31.690000534057617,31.920000076293945,4400,26.971637725830078,0.0
CZA,2011-05-23,31.639999389648438,31.639999389648438,31.25,31.360000610351562,6700,26.498455047607422,0.0
CZA,2011-05-24,31.280000686645508,31.299999237060547,31.149999618530273,31.299999237060547,2900,26.447755813598633,0.0
CZA,2011-05-25,31.079999923706055,31.350000381469727,30.809999465942383,31.309999465942383,13200,26.456207275390625,0.0
CZA,2011-05-26,31.510000228881836,31.510000228881836,31.510000228881836,31.510000228881836,200,26.625200271606445,0.0
CZA,2011-05-27,31.739999771118164,31.780000686645508,31.739999771118164,31.75,1700,26.82799530029297,0.0
CZA,2011-05-31,32.220001220703125,32.220001220703125,31.84000015258789,32.06999969482422,4400,27.098390579223633,0.0
CZA,2011-06-01,32.13999938964844,32.13999938964844,31.399999618530273,31.450000762939453,5300,26.57450294494629,0.0
CZA,2011-06-02,31.540000915527344,31.540000915527344,30.780000686645508,31.280000686645508,10400,26.430858612060547,0.0
CZA,2011-06-03,30.770000457763672,31.219999313354492,30.770000457763672,30.969999313354492,16900,26.16891098022461,0.0
CZA,2011-06-06,30.959999084472656,30.959999084472656,30.59000015258789,30.600000381469727,15000,25.856273651123047,0.0
CZA,2011-06-07,30.709999084472656,30.950000762939453,30.709999084472656,30.940000534057617,7700,26.143566131591797,0.0
CZA,2011-06-08,30.559999465942383,30.610000610351562,30.440000534057617,30.520000457763672,6900,25.78867530822754,0.0
CZA,2011-06-09,30.540000915527344,30.8700008392334,30.520000457763672,30.8700008392334,9600,26.08441734313965,0.0
CZA,2011-06-10,30.65999984741211,30.65999984741211,30.420000076293945,30.450000762939453,20400,25.729528427124023,0.0
CZA,2011-06-13,30.43000030517578,30.59000015258789,30.25,30.389999389648438,13400,25.678829193115234,0.0
CZA,2011-06-14,30.790000915527344,30.8799991607666,30.770000457763672,30.81999969482422,3300,26.042165756225586,0.0
CZA,2011-06-15,30.389999389648438,30.389999389648438,30.389999389648438,30.389999389648438,200,25.678829193115234,0.0
CZA,2011-06-16,30.479999542236328,30.479999542236328,30.1200008392334,30.389999389648438,4100,25.678829193115234,0.0
CZA,2011-06-17,30.59000015258789,30.59000015258789,30.459999084472656,30.520000457763672,3500,25.78867530822754,0.0
CZA,2011-06-20,30.350000381469727,30.65999984741211,30.350000381469727,30.610000610351562,1300,25.864721298217773,0.0
CZA,2011-06-21,31.1299991607666,31.200000762939453,31.1200008392334,31.200000762939453,4700,26.363262176513672,0.0
CZA,2011-06-22,31.1200008392334,31.31999969482422,31.1200008392334,31.309999465942383,5400,26.456207275390625,0.0
CZA,2011-06-23,30.469999313354492,31.020000457763672,30.469999313354492,31.020000457763672,8800,26.211164474487305,0.0
CZA,2011-06-24,31.280000686645508,31.280000686645508,30.780000686645508,30.780000686645508,6500,26.00836944580078,0.0
CZA,2011-06-27,30.81999969482422,31.020000457763672,30.670000076293945,31.020000457763672,8500,26.211164474487305,0.0
CZA,2011-06-28,31.219999313354492,31.3799991607666,31.100000381469727,31.3799991607666,7200,26.51535415649414,0.0
CZA,2011-06-29,31.540000915527344,31.579999923706055,31.350000381469727,31.579999923706055,7300,26.684349060058594,0.0
CZA,2011-06-30,31.770000457763672,31.93000030517578,31.770000457763672,31.809999465942383,7200,26.878694534301758,0.0
CZA,2011-07-01,32.0,32.33000183105469,31.950000762939453,32.33000183105469,4000,27.318086624145508,0.0
CZA,2011-07-05,32.38999938964844,32.38999938964844,32.220001220703125,32.279998779296875,2400,27.27583122253418,0.0
CZA,2011-07-06,32.349998474121094,32.41999816894531,32.209999084472656,32.41999816894531,2800,27.394128799438477,0.0
CZA,2011-07-07,32.619998931884766,33.150001525878906,32.619998931884766,32.75,11700,27.672971725463867,0.0
CZA,2011-07-08,32.349998474121094,32.45000076293945,32.25,32.45000076293945,42800,27.419477462768555,0.0
CZA,2011-07-11,32.099998474121094,32.099998474121094,31.670000076293945,31.719999313354492,37600,26.80264663696289,0.0
CZA,2011-07-12,31.75,31.84000015258789,31.59000015258789,31.59000015258789,14800,26.692800521850586,0.0
CZA,2011-07-13,31.760000228881836,31.989999771118164,31.65999984741211,31.65999984741211,10200,26.7519474029541,0.0
CZA,2011-07-14,31.860000610351562,31.860000610351562,31.360000610351562,31.360000610351562,3700,26.498455047607422,0.0
CZA,2011-07-15,31.540000915527344,31.540000915527344,31.200000762939453,31.3700008392334,5000,26.506906509399414,0.0
CZA,2011-07-18,31.309999465942383,31.309999465942383,30.889999389648438,30.940000534057617,6600,26.143566131591797,0.0
CZA,2011-07-19,31.200000762939453,31.43000030517578,31.200000762939453,31.420000076293945,4400,26.549152374267578,0.0
CZA,2011-07-20,31.559999465942383,31.559999465942383,31.360000610351562,31.469999313354492,7100,26.591400146484375,0.0
CZA,2011-07-21,31.6299991607666,31.8799991607666,31.6200008392334,31.84000015258789,3100,26.90404510498047,0.0
CZA,2011-07-22,31.770000457763672,31.899999618530273,31.770000457763672,31.850000381469727,1700,26.912494659423828,0.0
CZA,2011-07-25,31.56999969482422,31.809999465942383,31.520000457763672,31.690000534057617,7200,26.77729606628418,0.0
CZA,2011-07-26,31.530000686645508,31.649999618530273,31.450000762939453,31.520000457763672,7300,26.633651733398438,0.0
CZA,2011-07-27,31.31999969482422,31.31999969482422,30.729999542236328,30.75,5400,25.983020782470703,0.0
CZA,2011-07-28,30.790000915527344,30.899999618530273,30.639999389648438,30.639999389648438,2400,25.890073776245117,0.0
CZA,2011-07-29,30.329999923706055,30.610000610351562,30.030000686645508,30.5,20500,25.771780014038086,0.0
CZA,2011-08-01,31.0,31.0,30.06999969482422,30.18000030517578,17600,25.501380920410156,0.0
CZA,2011-08-02,29.920000076293945,30.18000030517578,29.280000686645508,29.280000686645508,30100,24.740907669067383,0.0
CZA,2011-08-03,29.34000015258789,29.5,28.75,29.5,19800,24.926801681518555,0.0
CZA,2011-08-04,29.100000381469727,29.18000030517578,27.8799991607666,27.8799991607666,15900,23.557933807373047,0.0
CZA,2011-08-05,28.079999923706055,28.469999313354492,26.8799991607666,27.65999984741211,27900,23.372045516967773,0.0
CZA,2011-08-08,26.5,27.079999923706055,25.389999389648438,25.510000228881836,21500,21.55534553527832,0.0
CZA,2011-08-09,26.3799991607666,27.020000457763672,25.34000015258789,27.020000457763672,7400,22.83125877380371,0.0
CZA,2011-08-10,26.530000686645508,27.170000076293945,26.280000686645508,26.280000686645508,67900,22.205976486206055,0.0
CZA,2011-08-11,26.40999984741211,27.829999923706055,26.389999389648438,27.829999923706055,38200,23.515689849853516,0.0
CZA,2011-08-12,27.850000381469727,28.049999237060547,27.530000686645508,27.530000686645508,3600,23.26219367980957,0.0
CZA,2011-08-15,27.860000610351562,28.18000030517578,27.860000610351562,28.18000030517578,18100,23.81143569946289,0.0
CZA,2011-08-16,27.940000534057617,28.06999969482422,27.899999618530273,27.899999618530273,9600,23.57483673095703,0.0
CZA,2011-08-17,28.170000076293945,28.260000228881836,27.75,27.84000015258789,7400,23.524139404296875,0.0
CZA,2011-08-18,27.239999771118164,27.239999771118164,26.450000762939453,26.610000610351562,5600,22.484821319580078,0.0
CZA,2011-08-19,26.479999542236328,26.579999923706055,26.479999542236328,26.530000686645508,1100,22.417219161987305,0.0
CZA,2011-08-22,26.709999084472656,26.709999084472656,26.0,26.020000457763672,2700,21.986282348632812,0.0
CZA,2011-08-23,26.350000381469727,26.860000610351562,26.350000381469727,26.84000015258789,900,22.679162979125977,0.0
CZA,2011-08-24,27.139999389648438,27.469999313354492,26.809999465942383,27.450000762939453,26100,23.194599151611328,0.0
CZA,2011-08-25,27.780000686645508,27.780000686645508,26.799999237060547,26.799999237060547,5100,22.64536476135254,0.0
CZA,2011-08-26,26.639999389648438,27.440000534057617,25.8799991607666,27.34000015258789,6900,23.101652145385742,0.0
CZA,2011-08-29,28.0,28.299999237060547,27.950000762939453,28.299999237060547,6000,23.912826538085938,0.0
CZA,2011-08-30,28.190000534057617,28.56999969482422,28.18000030517578,28.559999465942383,5000,24.132518768310547,0.0
CZA,2011-08-31,28.860000610351562,28.860000610351562,28.56999969482422,28.56999969482422,2600,24.140972137451172,0.0
CZA,2011-09-01,28.559999465942383,28.780000686645508,28.149999618530273,28.260000228881836,6400,23.8790283203125,0.0
CZA,2011-09-02,27.6200008392334,27.729999542236328,27.3799991607666,27.3799991607666,3200,23.13545036315918,0.0
CZA,2011-09-06,26.579999923706055,26.93000030517578,26.579999923706055,26.889999389648438,5900,22.721412658691406,0.0
CZA,2011-09-07,27.600000381469727,27.93000030517578,27.579999923706055,27.93000030517578,700,23.600189208984375,0.0
CZA,2011-09-08,27.829999923706055,28.1200008392334,27.649999618530273,27.729999542236328,7400,23.43119239807129,0.0
CZA,2011-09-09,26.940000534057617,26.940000534057617,26.8799991607666,26.8799991607666,600,22.71295928955078,0.0
CZA,2011-09-12,26.549999237060547,26.899999618530273,26.40999984741211,26.520000457763672,5000,22.408771514892578,0.0
CZA,2011-09-13,27.1299991607666,27.40999984741211,26.889999389648438,27.3700008392334,8900,23.12700080871582,0.0
CZA,2011-09-14,27.700000762939453,27.969999313354492,27.700000762939453,27.81999969482422,3600,23.50723648071289,0.0
CZA,2011-09-15,28.049999237060547,28.1299991607666,27.90999984741211,28.1299991607666,5500,23.769180297851562,0.0
CZA,2011-09-16,28.270000457763672,28.280000686645508,28.040000915527344,28.1200008392334,2400,23.7607364654541,0.0
CZA,2011-09-19,27.59000015258789,27.739999771118164,27.56999969482422,27.739999771118164,11800,23.43964195251465,0.0
CZA,2011-09-20,27.959999084472656,28.15999984741211,27.790000915527344,27.790000915527344,6500,23.48189353942871,0.0
CZA,2011-09-21,27.670000076293945,27.670000076293945,27.0,27.0,3700,22.814361572265625,0.0
CZA,2011-09-22,26.040000915527344,26.100000381469727,25.75,25.979999542236328,13600,21.952484130859375,0.0
CZA,2011-09-23,25.969999313354492,26.329999923706055,25.969999313354492,26.200000762939453,3500,22.13838005065918,0.0
CZA,2011-09-26,26.0,26.719999313354492,26.0,26.719999313354492,1000,22.5777645111084,0.0
CZA,2011-09-27,27.209999084472656,27.65999984741211,27.209999084472656,27.469999313354492,1100,23.211498260498047,0.0
CZA,2011-09-28,27.329999923706055,27.34000015258789,26.600000381469727,26.649999618530273,19400,22.51861572265625,0.0
CZA,2011-09-29,26.959999084472656,26.989999771118164,26.31999969482422,26.43000030517578,6600,22.332717895507812,0.0
CZA,2011-09-30,26.350000381469727,26.350000381469727,26.059999465942383,26.059999465942383,800,22.020084381103516,0.0
CZA,2011-10-03,25.260000228881836,25.829999923706055,25.0,25.06999969482422,5100,21.183555603027344,0.0
CZA,2011-10-04,24.780000686645508,25.43000030517578,24.520000457763672,25.360000610351562,10200,21.4285945892334,0.0
CZA,2011-10-05,25.81999969482422,26.06999969482422,25.559999465942383,26.030000686645508,6700,21.99472999572754,0.0
CZA,2011-10-06,26.549999237060547,26.549999237060547,26.549999237060547,26.549999237060547,300,22.434120178222656,0.0
CZA,2011-10-07,26.6299991607666,26.709999084472656,26.299999237060547,26.5,12100,22.391870498657227,0.0
CZA,2011-10-10,26.889999389648438,27.06999969482422,26.850000381469727,26.989999771118164,1700,22.805912017822266,0.0
CZA,2011-10-11,27.190000534057617,27.309999465942383,27.190000534057617,27.309999465942383,1200,23.07630157470703,0.0
CZA,2011-10-12,27.6200008392334,27.799999237060547,27.6200008392334,27.719999313354492,12900,23.422740936279297,0.0
CZA,2011-10-13,27.520000457763672,27.600000381469727,27.260000228881836,27.579999923706055,11700,23.304445266723633,0.0
CZA,2011-10-14,28.020000457763672,28.1200008392334,27.81999969482422,28.1200008392334,5500,23.7607364654541,0.0
CZA,2011-10-17,27.940000534057617,27.940000534057617,27.360000610351562,27.360000610351562,3500,23.11855125427246,0.0
CZA,2011-10-18,27.540000915527344,28.170000076293945,27.3700008392334,28.170000076293945,16000,23.802982330322266,0.0
CZA,2011-10-19,28.110000610351562,28.1200008392334,28.0,28.0,3300,23.65933609008789,0.0
CZA,2011-10-20,28.100000381469727,28.100000381469727,27.5,27.8799991607666,2200,23.557933807373047,0.0
CZA,2011-10-21,28.5,28.5,28.15999984741211,28.329999923706055,3500,23.93817901611328,0.0
CZA,2011-10-24,28.59000015258789,29.079999923706055,28.59000015258789,29.079999923706055,4900,24.571908950805664,0.0
CZA,2011-10-25,28.940000534057617,28.940000534057617,28.59000015258789,28.600000381469727,1300,24.16632080078125,0.0
CZA,2011-10-26,28.889999389648438,28.889999389648438,28.329999923706055,28.739999771118164,26700,24.284618377685547,0.0
CZA,2011-10-27,29.84000015258789,29.8700008392334,29.270000457763672,29.8700008392334,8000,25.239442825317383,0.0
CZA,2011-10-28,29.549999237060547,29.700000762939453,29.530000686645508,29.649999618530273,11600,25.053546905517578,0.0
CZA,2011-10-31,29.649999618530273,29.649999618530273,29.139999389648438,29.360000610351562,19700,24.80850601196289,0.0
CZA,2011-11-01,28.059999465942383,28.739999771118164,28.040000915527344,28.510000228881836,12800,24.090274810791016,0.0
CZA,2011-11-02,28.59000015258789,29.020000457763672,28.59000015258789,28.889999389648438,4400,24.41136360168457,0.0
CZA,2011-11-03,29.389999389648438,29.520000457763672,28.81999969482422,29.479999542236328,16200,24.90989875793457,0.0
CZA,2011-11-04,29.270000457763672,29.479999542236328,29.200000762939453,29.479999542236328,8800,24.90989875793457,0.0
CZA,2011-11-07,29.559999465942383,29.559999465942383,29.200000762939453,29.549999237060547,12800,24.96904754638672,0.0
CZA,2011-11-08,29.770000457763672,29.90999984741211,29.299999237060547,29.90999984741211,13000,25.273239135742188,0.0
CZA,2011-11-09,29.43000030517578,29.43000030517578,28.81999969482422,28.8700008392334,8600,24.39446258544922,0.0
CZA,2011-11-10,29.270000457763672,29.270000457763672,28.8700008392334,29.059999465942383,13800,24.555007934570312,0.0
CZA,2011-11-11,29.520000457763672,29.719999313354492,29.510000228881836,29.530000686645508,4800,24.952150344848633,0.0
CZA,2011-11-14,29.530000686645508,29.549999237060547,29.389999389648438,29.420000076293945,2400,24.85919952392578,0.0
CZA,2011-11-15,29.440000534057617,29.59000015258789,29.440000534057617,29.520000457763672,2000,24.94369888305664,0.0
CZA,2011-11-16,29.260000228881836,29.479999542236328,29.1299991607666,29.18000030517578,6500,24.656408309936523,0.0
CZA,2011-11-17,29.0,29.010000228881836,29.0,29.010000228881836,300,24.51276397705078,0.0
CZA,2011-11-18,28.229999542236328,28.780000686645508,28.229999542236328,28.700000762939453,1800,24.250816345214844,0.0
CZA,2011-11-21,28.420000076293945,28.420000076293945,28.110000610351562,28.31999969482422,3400,23.92972755432129,0.0
CZA,2011-11-22,28.079999923706055,28.079999923706055,28.0,28.0,2000,23.65933609008789,0.0
CZA,2011-11-23,27.8799991607666,27.8799991607666,27.479999542236328,27.6299991607666,6100,23.346694946289062,0.0
CZA,2011-11-25,27.3799991607666,27.809999465942383,27.3799991607666,27.579999923706055,10500,23.304445266723633,0.0
CZA,2011-11-28,28.399999618530273,28.559999465942383,28.049999237060547,28.139999389648438,12300,23.777629852294922,0.0
CZA,2011-11-29,28.3700008392334,28.510000228881836,28.299999237060547,28.34000015258789,12500,23.946630477905273,0.0
CZA,2011-11-30,29.200000762939453,29.290000915527344,29.09000015258789,29.219999313354492,12800,24.69020652770996,0.0
CZA,2011-12-01,29.360000610351562,29.75,29.31999969482422,29.350000381469727,9100,24.800052642822266,0.0
CZA,2011-12-02,29.690000534057617,29.690000534057617,29.34000015258789,29.360000610351562,7200,24.80850601196289,0.0
CZA,2011-12-05,29.790000915527344,29.920000076293945,29.65999984741211,29.709999084472656,19000,25.104246139526367,0.0
CZA,2011-12-06,29.690000534057617,29.690000534057617,29.459999084472656,29.510000228881836,1400,24.935251235961914,0.0
CZA,2011-12-07,29.399999618530273,29.399999618530273,29.299999237060547,29.399999618530273,6100,24.842302322387695,0.0
CZA,2011-12-08,29.020000457763672,29.020000457763672,28.709999084472656,28.709999084472656,2700,24.259267807006836,0.0
CZA,2011-12-09,29.010000228881836,29.399999618530273,28.989999771118164,29.399999618530273,9200,24.842302322387695,0.0
CZA,2011-12-12,28.850000381469727,28.850000381469727,28.690000534057617,28.709999084472656,1400,24.259267807006836,0.0
CZA,2011-12-13,29.1299991607666,29.18000030517578,28.520000457763672,28.559999465942383,7800,24.132518768310547,0.0
CZA,2011-12-14,28.56999969482422,28.56999969482422,28.280000686645508,28.34000015258789,1500,23.946630477905273,0.0
CZA,2011-12-15,28.6299991607666,28.65999984741211,28.420000076293945,28.540000915527344,17400,24.115623474121094,0.0
CZA,2011-12-16,28.899999618530273,28.899999618530273,28.889999389648438,28.889999389648438,500,24.41136360168457,0.0
CZA,2011-12-19,28.809999465942383,28.829999923706055,28.360000610351562,28.360000610351562,3100,23.963523864746094,0.0
CZA,2011-12-20,29.0,29.170000076293945,28.979999542236328,29.09000015258789,700,24.580360412597656,0.0
CZA,2011-12-21,28.860000610351562,29.350000381469727,28.860000610351562,29.280000686645508,3400,24.740907669067383,0.0
CZA,2011-12-22,29.459999084472656,29.540000915527344,29.459999084472656,29.489999771118164,3800,24.918346405029297,0.0
CZA,2011-12-23,29.399999618530273,29.670000076293945,29.399999618530273,29.649999618530273,6200,25.113157272338867,0.07
CZA,2011-12-27,29.6299991607666,29.739999771118164,29.6299991607666,29.739999771118164,7500,25.189382553100586,0.0
CZA,2011-12-28,29.450000762939453,29.489999771118164,29.329999923706055,29.329999923706055,2400,24.842119216918945,0.0
CZA,2011-12-29,29.579999923706055,29.6299991607666,29.579999923706055,29.6299991607666,3100,25.096216201782227,0.0
CZA,2011-12-30,29.709999084472656,29.829999923706055,29.700000762939453,29.75,19100,25.197856903076172,0.0
CZA,2012-01-03,30.09000015258789,30.219999313354492,29.899999618530273,29.93000030517578,18700,25.350311279296875,0.0
CZA,2012-01-04,29.8799991607666,29.920000076293945,29.829999923706055,29.920000076293945,18900,25.341842651367188,0.0
CZA,2012-01-05,29.809999465942383,30.059999465942383,29.639999389648438,29.989999771118164,9300,25.401132583618164,0.0
CZA,2012-01-06,30.010000228881836,30.170000076293945,30.0,30.020000457763672,8500,25.426538467407227,0.0
CZA,2012-01-09,30.34000015258789,30.34000015258789,29.899999618530273,30.18000030517578,16000,25.562057495117188,0.0
CZA,2012-01-10,30.350000381469727,30.350000381469727,30.25,30.31999969482422,9200,25.68063735961914,0.0
CZA,2012-01-11,30.15999984741211,30.459999084472656,30.15999984741211,30.399999618530273,19300,25.748397827148438,0.0
CZA,2012-01-12,30.530000686645508,30.530000686645508,30.239999771118164,30.3799991607666,32600,25.731456756591797,0.0
CZA,2012-01-13,30.229999542236328,30.43000030517578,30.1299991607666,30.34000015258789,2300,25.69757652282715,0.0
CZA,2012-01-17,30.56999969482422,30.56999969482422,30.329999923706055,30.3799991607666,19500,25.731456756591797,0.0
CZA,2012-01-18,30.5,30.719999313354492,30.450000762939453,30.68000030517578,5300,25.985553741455078,0.0
CZA,2012-01-19,30.860000610351562,31.030000686645508,30.84000015258789,30.959999084472656,2500,26.22270965576172,0.0
CZA,2012-01-20,30.940000534057617,31.020000457763672,30.809999465942383,31.0,13000,26.256589889526367,0.0
CZA,2012-01-23,31.0,31.200000762939453,30.860000610351562,31.06999969482422,13400,26.315874099731445,0.0
CZA,2012-01-24,30.93000030517578,31.190000534057617,30.93000030517578,30.989999771118164,12300,26.248117446899414,0.0
CZA,2012-01-25,30.979999542236328,31.350000381469727,30.84000015258789,31.1299991607666,11400,26.366695404052734,0.0
CZA,2012-01-26,31.389999389648438,31.530000686645508,31.100000381469727,31.100000381469727,25000,26.341291427612305,0.0
CZA,2012-01-27,31.1299991607666,31.450000762939453,31.059999465942383,31.15999984741211,11000,26.392105102539062,0.0
CZA,2012-01-30,30.93000030517578,31.260000228881836,30.780000686645508,31.059999465942383,28400,26.307409286499023,0.0
CZA,2012-01-31,31.59000015258789,31.889999389648438,30.8799991607666,31.110000610351562,8700,26.349760055541992,0.0
CZA,2012-02-01,31.489999771118164,31.579999923706055,31.350000381469727,31.520000457763672,6200,26.697023391723633,0.0
CZA,2012-02-02,31.579999923706055,31.579999923706055,31.450000762939453,31.510000228881836,4600,26.68855094909668,0.0
CZA,2012-02-03,31.809999465942383,31.920000076293945,31.809999465942383,31.920000076293945,1900,27.035816192626953,0.0
CZA,2012-02-06,31.84000015258789,31.959999084472656,31.770000457763672,31.889999389648438,12700,27.010408401489258,0.0
CZA,2012-02-07,31.75,31.989999771118164,31.75,31.889999389648438,2700,27.010408401489258,0.0
CZA,2012-02-08,31.950000762939453,32.04999923706055,31.760000228881836,32.040000915527344,14800,27.1374568939209,0.0
CZA,2012-02-09,32.09000015258789,32.09000015258789,31.799999237060547,32.06999969482422,10300,27.162866592407227,0.0
CZA,2012-02-10,31.729999542236328,31.84000015258789,31.6200008392334,31.719999313354492,3400,26.866418838500977,0.0
CZA,2012-02-13,31.8700008392334,31.90999984741211,31.760000228881836,31.81999969482422,3400,26.95111656188965,0.0
CZA,2012-02-14,31.809999465942383,31.889999389648438,31.799999237060547,31.8700008392334,3600,26.993467330932617,0.0
CZA,2012-02-15,32.08000183105469,32.099998474121094,31.850000381469727,31.850000381469727,25100,26.97652816772461,0.0
CZA,2012-02-16,31.860000610351562,32.380001068115234,31.860000610351562,32.36000061035156,12400,27.408493041992188,0.0
CZA,2012-02-17,32.52000045776367,32.52000045776367,32.349998474121094,32.439998626708984,7200,27.476245880126953,0.0
CZA,2012-02-21,32.459999084472656,32.5099983215332,32.119998931884766,32.2400016784668,10800,27.306852340698242,0.0
CZA,2012-02-22,32.220001220703125,32.25,32.13999938964844,32.22999954223633,2600,27.298383712768555,0.0
CZA,2012-02-23,32.130001068115234,32.5,32.130001068115234,32.5,3500,27.527067184448242,0.0
CZA,2012-02-24,32.470001220703125,32.529998779296875,32.349998474121094,32.349998474121094,2100,27.4000186920166,0.0
CZA,2012-02-27,32.189998626708984,32.470001220703125,32.189998626708984,32.45000076293945,16000,27.48472023010254,0.0
CZA,2012-02-28,32.38999938964844,32.470001220703125,32.27000045776367,32.439998626708984,7000,27.476245880126953,0.0
CZA,2012-02-29,32.290000915527344,32.470001220703125,32.290000915527344,32.400001525878906,2900,27.442367553710938,0.0
CZA,2012-03-01,32.54999923706055,32.599998474121094,32.41999816894531,32.52000045776367,4700,27.544008255004883,0.0
CZA,2012-03-02,32.4900016784668,32.4900016784668,32.29999923706055,32.41999816894531,6100,27.459308624267578,0.0
CZA,2012-03-05,32.22999954223633,32.22999954223633,32.029998779296875,32.20000076293945,9100,27.272972106933594,0.0
CZA,2012-03-06,31.920000076293945,31.920000076293945,31.450000762939453,31.559999465942383,20700,26.73090362548828,0.0
CZA,2012-03-07,31.68000030517578,31.920000076293945,31.6299991607666,31.8700008392334,5700,26.993467330932617,0.0
CZA,2012-03-08,32.11000061035156,32.27000045776367,31.979999542236328,32.27000045776367,1400,27.33226203918457,0.0
CZA,2012-03-09,32.279998779296875,32.45000076293945,32.279998779296875,32.439998626708984,1400,27.476245880126953,0.0
CZA,2012-03-12,32.34000015258789,32.369998931884766,32.33000183105469,32.349998474121094,1200,27.4000186920166,0.0
CZA,2012-03-13,32.61000061035156,32.61000061035156,32.47999954223633,32.61000061035156,2600,27.620241165161133,0.0
CZA,2012-03-14,32.77000045776367,32.86000061035156,32.619998931884766,32.630001068115234,2200,27.637178421020508,0.0
CZA,2012-03-15,32.689998626708984,32.810001373291016,32.630001068115234,32.79999923706055,5300,27.781164169311523,0.0
CZA,2012-03-16,32.81999969482422,32.81999969482422,32.709999084472656,32.720001220703125,4800,27.71340560913086,0.0
CZA,2012-03-19,32.849998474121094,32.939998626708984,32.70000076293945,32.70000076293945,2800,27.69646644592285,0.0
CZA,2012-03-20,32.52000045776367,32.650001525878906,32.52000045776367,32.61000061035156,1400,27.620241165161133,0.0
CZA,2012-03-21,32.68000030517578,32.709999084472656,32.65999984741211,32.65999984741211,1800,27.662586212158203,0.0
CZA,2012-03-22,32.5,32.59000015258789,32.41999816894531,32.45000076293945,4400,27.48472023010254,0.0
CZA,2012-03-23,32.40999984741211,32.65999984741211,32.369998931884766,32.65999984741211,2600,27.662586212158203,0.0
CZA,2012-03-26,32.869998931884766,32.970001220703125,32.869998931884766,32.93000030517578,1900,27.891277313232422,0.0
CZA,2012-03-27,33.0,33.09000015258789,32.95000076293945,32.95000076293945,12200,27.90821647644043,0.0
CZA,2012-03-28,32.84000015258789,32.84000015258789,32.54999923706055,32.720001220703125,4400,27.71340560913086,0.0
CZA,2012-03-29,32.5099983215332,32.65999984741211,32.369998931884766,32.650001525878906,2700,27.654117584228516,0.0
CZA,2012-03-30,32.81999969482422,32.84000015258789,32.709999084472656,32.810001373291016,3200,27.78963851928711,0.0
CZA,2012-04-02,32.70000076293945,33.08000183105469,32.70000076293945,33.04999923706055,4100,27.992910385131836,0.0
CZA,2012-04-03,32.970001220703125,32.9900016784668,32.84000015258789,32.9900016784668,1900,27.942094802856445,0.0
CZA,2012-04-04,32.779998779296875,32.779998779296875,32.59000015258789,32.65999984741211,3900,27.662586212158203,0.0
CZA,2012-04-05,32.65999984741211,32.65999984741211,32.58000183105469,32.59000015258789,2100,27.603296279907227,0.0
CZA,2012-04-09,31.940000534057617,32.279998779296875,31.940000534057617,32.279998779296875,2000,27.34073257446289,0.0
CZA,2012-04-10,32.060001373291016,32.060001373291016,31.6200008392334,31.6200008392334,9300,26.781721115112305,0.0
CZA,2012-04-11,31.8700008392334,31.950000762939453,31.8700008392334,31.90999984741211,1800,27.027347564697266,0.0
CZA,2012-04-12,32.099998474121094,32.41999816894531,32.099998474121094,32.36000061035156,4900,27.408493041992188,0.0
CZA,2012-04-13,32.29999923706055,32.29999923706055,32.099998474121094,32.099998474121094,2400,27.18827247619629,0.0
CZA,2012-04-16,32.18000030517578,32.18000030517578,32.18000030517578,32.18000030517578,100,27.256031036376953,0.0
CZA,2012-04-17,32.380001068115234,32.56999969482422,32.380001068115234,32.54999923706055,5100,27.56941795349121,0.0
CZA,2012-04-18,32.43000030517578,32.43000030517578,32.400001525878906,32.400001525878906,800,27.442367553710938,0.0
CZA,2012-04-19,32.29999923706055,32.29999923706055,32.29999923706055,32.29999923706055,400,27.357667922973633,0.0
CZA,2012-04-20,32.58000183105469,32.58000183105469,32.47999954223633,32.47999954223633,1900,27.510128021240234,0.0
CZA,2012-04-23,32.08000183105469,32.130001068115234,31.829999923706055,32.130001068115234,5300,27.213685989379883,0.0
CZA,2012-04-24,32.220001220703125,32.220001220703125,32.119998931884766,32.150001525878906,6300,27.23062515258789,0.0
CZA,2012-04-25,32.58000183105469,32.599998474121094,32.4900016784668,32.54999923706055,3300,27.56941795349121,0.0
CZA,2012-04-26,32.689998626708984,32.95000076293945,32.689998626708984,32.900001525878906,1100,27.865863800048828,0.0
CZA,2012-04-27,32.849998474121094,33.11000061035156,32.81999969482422,33.04999923706055,7300,27.992910385131836,0.0
CZA,2012-04-30,32.869998931884766,32.869998931884766,32.869998931884766,32.869998931884766,500,27.840452194213867,0.0
CZA,2012-05-01,32.599998474121094,33.279998779296875,32.599998474121094,33.279998779296875,4300,28.187719345092773,0.0
CZA,2012-05-02,32.81999969482422,32.93000030517578,32.689998626708984,32.93000030517578,5500,27.891277313232422,0.0
CZA,2012-05-03,32.75,32.75,32.70000076293945,32.70000076293945,1000,27.69646644592285,0.0
CZA,2012-05-04,32.599998474121094,32.599998474121094,32.290000915527344,32.349998474121094,2300,27.4000186920166,0.0
CZA,2012-05-07,32.16999816894531,32.36000061035156,32.16999816894531,32.310001373291016,2700,27.366138458251953,0.0
CZA,2012-05-08,32.0,32.20000076293945,31.84000015258789,32.150001525878906,3300,27.23062515258789,0.0
CZA,2012-05-09,31.860000610351562,32.06999969482422,31.860000610351562,31.979999542236328,4200,27.08663558959961,0.0
CZA,2012-05-10,32.08000183105469,32.220001220703125,32.060001373291016,32.15999984741211,1800,27.239093780517578,0.0
CZA,2012-05-11,32.06999969482422,32.310001373291016,32.06999969482422,32.209999084472656,4000,27.28144073486328,0.0
CZA,2012-05-14,32.189998626708984,32.189998626708984,31.700000762939453,31.729999542236328,5000,26.87489128112793,0.0
CZA,2012-05-15,31.760000228881836,31.790000915527344,31.670000076293945,31.790000915527344,700,26.925708770751953,0.0
CZA,2012-05-16,31.700000762939453,31.700000762939453,31.43000030517578,31.450000762939453,20200,26.63773536682129,0.0
CZA,2012-05-17,31.309999465942383,31.309999465942383,30.809999465942383,30.81999969482422,7100,26.1041316986084,0.0
CZA,2012-05-18,30.90999984741211,30.90999984741211,30.489999771118164,30.489999771118164,5100,25.824628829956055,0.0
CZA,2012-05-21,30.5,31.0,30.420000076293945,31.0,20800,26.256589889526367,0.0
CZA,2012-05-22,31.15999984741211,31.329999923706055,31.15999984741211,31.229999542236328,6400,26.451398849487305,0.0
CZA,2012-05-23,31.149999618530273,31.149999618530273,30.770000457763672,31.149999618530273,12100,26.383634567260742,0.0
CZA,2012-05-24,31.450000762939453,31.450000762939453,31.100000381469727,31.299999237060547,2400,26.510684967041016,0.0
CZA,2012-05-25,31.3799991607666,31.40999984741211,31.290000915527344,31.3700008392334,9500,26.569974899291992,0.0
CZA,2012-05-29,31.239999771118164,31.760000228881836,31.239999771118164,31.5,6000,26.680084228515625,0.0
CZA,2012-05-30,31.469999313354492,31.469999313354492,31.18000030517578,31.229999542236328,2700,26.451398849487305,0.0
CZA,2012-05-31,31.190000534057617,31.299999237060547,30.90999984741211,31.299999237060547,4700,26.510684967041016,0.0
CZA,2012-06-01,30.56999969482422,30.59000015258789,30.239999771118164,30.260000228881836,29300,25.62981414794922,0.0
CZA,2012-06-04,30.329999923706055,30.329999923706055,29.899999618530273,30.06999969482422,11000,25.468889236450195,0.0
CZA,2012-06-05,30.030000686645508,30.3700008392334,30.030000686645508,30.3700008392334,6600,25.72298812866211,0.0
CZA,2012-06-06,30.639999389648438,31.010000228881836,30.639999389648438,31.010000228881836,2800,26.265060424804688,0.0
CZA,2012-06-07,31.610000610351562,31.610000610351562,31.049999237060547,31.049999237060547,18200,26.298938751220703,0.0
CZA,2012-06-08,31.079999923706055,31.209999084472656,31.079999923706055,31.200000762939453,6800,26.425989151000977,0.0
CZA,2012-06-11,32.189998626708984,32.189998626708984,30.969999313354492,30.969999313354492,18100,26.231178283691406,0.0
CZA,2012-06-12,30.93000030517578,31.139999389648438,30.81999969482422,31.139999389648438,4600,26.375167846679688,0.0
CZA,2012-06-13,30.979999542236328,31.110000610351562,30.8799991607666,30.8799991607666,2300,26.154951095581055,0.0
CZA,2012-06-14,31.0,31.1200008392334,30.899999618530273,31.010000228881836,8700,26.265060424804688,0.0
CZA,2012-06-15,31.149999618530273,31.280000686645508,31.1200008392334,31.239999771118164,5000,26.459863662719727,0.0
CZA,2012-06-18,31.299999237060547,31.489999771118164,31.1200008392334,31.43000030517578,15100,26.62079429626465,0.0
CZA,2012-06-19,31.6299991607666,31.8700008392334,31.6299991607666,31.809999465942383,10900,26.942649841308594,0.0
CZA,2012-06-20,31.760000228881836,31.8799991607666,31.670000076293945,31.670000076293945,5600,26.82406997680664,0.0
CZA,2012-06-21,31.829999923706055,31.829999923706055,31.34000015258789,31.34000015258789,8000,26.544567108154297,0.0
CZA,2012-06-22,31.280000686645508,31.309999465942383,31.1200008392334,31.239999771118164,9900,26.459863662719727,0.0
CZA,2012-06-25,31.809999465942383,31.809999465942383,30.469999313354492,30.809999465942383,8500,26.095661163330078,0.0
CZA,2012-06-26,31.200000762939453,31.200000762939453,30.899999618530273,30.979999542236328,8500,26.23965072631836,0.0
CZA,2012-06-27,31.290000915527344,31.290000915527344,31.049999237060547,31.200000762939453,8700,26.425989151000977,0.0
CZA,2012-06-28,31.149999618530273,31.170000076293945,30.8700008392334,31.170000076293945,10700,26.400575637817383,0.0
CZA,2012-06-29,31.90999984741211,31.969999313354492,31.8700008392334,31.899999618530273,8300,27.018877029418945,0.0
CZA,2012-07-02,32.13999938964844,32.18000030517578,32.0,32.18000030517578,11100,27.256031036376953,0.0
CZA,2012-07-03,32.13999938964844,32.33000183105469,32.13999938964844,32.2400016784668,3300,27.306852340698242,0.0
CZA,2012-07-05,32.349998474121094,32.349998474121094,31.93000030517578,32.25,6100,27.31532096862793,0.0
CZA,2012-07-06,32.369998931884766,32.369998931884766,31.860000610351562,31.889999389648438,10300,27.010408401489258,0.0
CZA,2012-07-09,31.860000610351562,31.860000610351562,31.799999237060547,31.799999237060547,300,26.93417739868164,0.0
CZA,2012-07-10,31.979999542236328,31.979999542236328,31.549999237060547,31.549999237060547,3300,26.722431182861328,0.0
CZA,2012-07-11,31.59000015258789,31.639999389648438,31.469999313354492,31.6200008392334,2700,26.781721115112305,0.0
CZA,2012-07-12,31.34000015258789,31.559999465942383,31.34000015258789,31.559999465942383,3700,26.73090362548828,0.0
CZA,2012-07-13,31.540000915527344,31.8700008392334,31.540000915527344,31.8700008392334,7100,26.993467330932617,0.0
CZA,2012-07-16,31.75,31.75,31.75,31.75,600,26.891826629638672,0.0
CZA,2012-07-17,31.549999237060547,31.860000610351562,31.549999237060547,31.860000610351562,2400,26.984996795654297,0.0
CZA,2012-07-18,31.899999618530273,31.899999618530273,31.899999618530273,31.899999618530273,400,27.018877029418945,0.0
CZA,2012-07-19,32.29999923706055,32.349998474121094,32.2400016784668,32.25,3300,27.31532096862793,0.0
CZA,2012-07-20,32.09000015258789,32.13999938964844,31.989999771118164,32.02000045776367,29800,27.12051773071289,0.0
CZA,2012-07-23,32.02000045776367,32.02000045776367,31.440000534057617,31.739999771118164,13600,26.88336181640625,0.0
CZA,2012-07-24,31.780000686645508,31.780000686645508,31.209999084472656,31.280000686645508,17100,26.493745803833008,0.0
CZA,2012-07-25,31.43000030517578,31.510000228881836,31.290000915527344,31.510000228881836,3500,26.68855094909668,0.0
CZA,2012-07-26,31.739999771118164,31.790000915527344,31.56999969482422,31.700000762939453,4100,26.8494815826416,0.0
CZA,2012-07-27,32.41999816894531,32.43000030517578,32.09000015258789,32.369998931884766,4300,27.416961669921875,0.0
CZA,2012-07-30,32.31999969482422,32.439998626708984,32.27000045776367,32.290000915527344,15200,27.349201202392578,0.0
CZA,2012-07-31,32.290000915527344,32.290000915527344,32.16999816894531,32.16999816894531,14000,27.247562408447266,0.0
CZA,2012-08-01,32.310001373291016,32.310001373291016,32.040000915527344,32.08000183105469,5500,27.17133903503418,0.0
CZA,2012-08-02,31.979999542236328,31.979999542236328,31.700000762939453,31.75,400,26.891826629638672,0.0
CZA,2012-08-03,32.72999954223633,32.72999954223633,32.25,32.27000045776367,2600,27.33226203918457,0.0
CZA,2012-08-06,32.5,32.5,32.310001373291016,32.310001373291016,7700,27.366138458251953,0.0
CZA,2012-08-07,32.900001525878906,32.900001525878906,32.43000030517578,32.68000030517578,4200,27.67952537536621,0.0
CZA,2012-08-08,32.540000915527344,32.619998931884766,32.4900016784668,32.529998779296875,20500,27.55247688293457,0.0
CZA,2012-08-09,32.650001525878906,32.65999984741211,32.459999084472656,32.650001525878906,17500,27.654117584228516,0.0
CZA,2012-08-10,32.40999984741211,32.66999816894531,32.400001525878906,32.540000915527344,38400,27.560949325561523,0.0
CZA,2012-08-13,32.68000030517578,32.68000030517578,32.380001068115234,32.560001373291016,10100,27.57788848876953,0.0
CZA,2012-08-14,32.61000061035156,32.63999938964844,32.47999954223633,32.47999954223633,11000,27.510128021240234,0.0
CZA,2012-08-15,32.459999084472656,32.66999816894531,31.809999465942383,32.66999816894531,17800,27.671058654785156,0.0
CZA,2012-08-16,32.7400016784668,32.939998626708984,32.61000061035156,32.900001525878906,32500,27.865863800048828,0.0
CZA,2012-08-17,32.9900016784668,32.9900016784668,32.849998474121094,32.939998626708984,6400,27.899744033813477,0.0
CZA,2012-08-20,33.0,33.0,32.79999923706055,32.86000061035156,12400,27.83198356628418,0.0
CZA,2012-08-21,33.099998474121094,33.130001068115234,32.84000015258789,32.84000015258789,9300,27.815044403076172,0.0
CZA,2012-08-22,32.900001525878906,32.900001525878906,32.650001525878906,32.779998779296875,8600,27.764225006103516,0.0
CZA,2012-08-23,32.84000015258789,32.84000015258789,32.630001068115234,32.63999938964844,12500,27.645647048950195,0.0
CZA,2012-08-24,32.47999954223633,32.77000045776367,32.47999954223633,32.630001068115234,3200,27.637178421020508,0.0
CZA,2012-08-27,32.7599983215332,32.77000045776367,32.599998474121094,32.72999954223633,6700,27.721874237060547,0.0
CZA,2012-08-28,32.619998931884766,32.720001220703125,32.599998474121094,32.61000061035156,8300,27.620241165161133,0.0
CZA,2012-08-29,32.790000915527344,32.79999923706055,32.720001220703125,32.79999923706055,3100,27.781164169311523,0.0
CZA,2012-08-30,32.61000061035156,32.619998931884766,32.56999969482422,32.619998931884766,1100,27.62870979309082,0.0
CZA,2012-08-31,33.25,33.25,32.560001373291016,32.72999954223633,4700,27.721874237060547,0.0
CZA,2012-09-04,32.66999816894531,32.869998931884766,32.59000015258789,32.869998931884766,2700,27.840452194213867,0.0
CZA,2012-09-05,32.84000015258789,32.84000015258789,32.790000915527344,32.810001373291016,2300,27.78963851928711,0.0
CZA,2012-09-06,32.880001068115234,33.369998931884766,32.880001068115234,33.290000915527344,9200,28.196189880371094,0.0
CZA,2012-09-07,33.43000030517578,33.47999954223633,33.34000015258789,33.369998931884766,22400,28.263944625854492,0.0
CZA,2012-09-10,33.400001525878906,33.43000030517578,33.25,33.25,4800,28.162307739257812,0.0
CZA,2012-09-11,33.29999923706055,33.369998931884766,33.25,33.2599983215332,13300,28.170778274536133,0.0
CZA,2012-09-12,33.439998626708984,33.439998626708984,33.290000915527344,33.33000183105469,4000,28.230070114135742,0.0
CZA,2012-09-13,33.459999084472656,33.7599983215332,33.2599983215332,33.7599983215332,10400,28.594270706176758,0.0
CZA,2012-09-14,33.790000915527344,34.15999984741211,33.790000915527344,33.91999816894531,5900,28.72978973388672,0.0
CZA,2012-09-17,33.939998626708984,33.939998626708984,33.65999984741211,33.709999084472656,5900,28.551921844482422,0.0
CZA,2012-09-18,33.66999816894531,33.66999816894531,33.52000045776367,33.619998931884766,5900,28.475692749023438,0.0
CZA,2012-09-19,33.75,33.75,33.630001068115234,33.709999084472656,2900,28.551921844482422,0.0
CZA,2012-09-20,33.61000061035156,33.66999816894531,33.459999084472656,33.63999938964844,14900,28.49263572692871,0.0
CZA,2012-09-21,33.79999923706055,33.79999923706055,33.65999984741211,33.709999084472656,12900,28.551921844482422,0.0
CZA,2012-09-24,33.459999084472656,33.59000015258789,33.459999084472656,33.540000915527344,7000,28.407934188842773,0.0
CZA,2012-09-25,33.529998779296875,33.560001373291016,33.369998931884766,33.380001068115234,2800,28.272415161132812,0.0
CZA,2012-09-26,33.66999816894531,33.66999816894531,32.95000076293945,33.06999969482422,9400,28.009851455688477,0.0
CZA,2012-09-27,33.130001068115234,33.38999938964844,33.11000061035156,33.36000061035156,13600,28.255477905273438,0.0
CZA,2012-09-28,33.18000030517578,33.36000061035156,33.150001525878906,33.36000061035156,2100,28.255477905273438,0.0
CZA,2012-10-01,33.47999954223633,33.529998779296875,33.349998474121094,33.45000076293945,5100,28.33170509338379,0.0
CZA,2012-10-02,33.459999084472656,34.04999923706055,33.36000061035156,33.40999984741211,3000,28.29782485961914,0.0
CZA,2012-10-03,33.47999954223633,33.540000915527344,33.41999816894531,33.529998779296875,1200,28.39946174621582,0.0
CZA,2012-10-04,33.68000030517578,33.849998474121094,33.68000030517578,33.83000183105469,4200,28.653562545776367,0.0
CZA,2012-10-05,34.02000045776367,34.06999969482422,33.83000183105469,33.83000183105469,7400,28.653562545776367,0.0
CZA,2012-10-08,33.790000915527344,33.84000015258789,33.720001220703125,33.79999923706055,3200,28.628149032592773,0.0
CZA,2012-10-09,33.720001220703125,33.81999969482422,33.470001220703125,33.52000045776367,10900,28.390993118286133,0.0
CZA,2012-10-10,33.529998779296875,33.529998779296875,33.29999923706055,33.349998474121094,2700,28.247007369995117,0.0
CZA,2012-10-11,33.47999954223633,33.61000061035156,33.47999954223633,33.529998779296875,26800,28.39946174621582,0.0
CZA,2012-10-12,33.470001220703125,33.470001220703125,33.380001068115234,33.380001068115234,1100,28.272415161132812,0.0
CZA,2012-10-15,33.369998931884766,33.52000045776367,33.36000061035156,33.52000045776367,5800,28.390993118286133,0.0
CZA,2012-10-16,33.70000076293945,33.79999923706055,33.70000076293945,33.790000915527344,2600,28.619678497314453,0.0
CZA,2012-10-17,33.95000076293945,34.02000045776367,33.93000030517578,34.02000045776367,6900,28.814491271972656,0.0
CZA,2012-10-18,34.02000045776367,34.09000015258789,33.970001220703125,34.029998779296875,9400,28.822959899902344,0.0
CZA,2012-10-19,33.849998474121094,33.86000061035156,33.5,33.56999969482422,10900,28.4333438873291,0.0
CZA,2012-10-22,33.47999954223633,33.529998779296875,33.349998474121094,33.52000045776367,7300,28.390993118286133,0.0
CZA,2012-10-23,33.2599983215332,33.2599983215332,32.93000030517578,33.20000076293945,9900,28.11996078491211,0.0
CZA,2012-10-24,33.34000015258789,33.34000015258789,33.13999938964844,33.16999816894531,9100,28.09454917907715,0.0
CZA,2012-10-25,33.41999816894531,33.43000030517578,33.34000015258789,33.349998474121094,7600,28.247007369995117,0.0
CZA,2012-10-26,33.40999984741211,33.40999984741211,33.20000076293945,33.33000183105469,7300,28.230070114135742,0.0
CZA,2012-10-31,33.279998779296875,33.29999923706055,33.099998474121094,33.189998626708984,6600,28.11149024963379,0.0
CZA,2012-11-01,33.27000045776367,33.72999954223633,33.27000045776367,33.650001525878906,5900,28.501102447509766,0.0
CZA,2012-11-02,33.810001373291016,33.810001373291016,33.400001525878906,33.400001525878906,5400,28.28935432434082,0.0
CZA,2012-11-05,33.34000015258789,33.52000045776367,33.34000015258789,33.4900016784668,16100,28.36558723449707,0.0
CZA,2012-11-06,33.599998474121094,33.869998931884766,33.529998779296875,33.77000045776367,6800,28.602745056152344,0.0
CZA,2012-11-07,33.47999954223633,33.47999954223633,33.0099983215332,33.279998779296875,3200,28.187719345092773,0.0
CZA,2012-11-08,33.15999984741211,33.290000915527344,32.880001068115234,32.900001525878906,5200,27.865863800048828,0.0
CZA,2012-11-09,32.720001220703125,33.08000183105469,32.720001220703125,32.810001373291016,12400,27.78963851928711,0.0
CZA,2012-11-12,32.869998931884766,32.869998931884766,32.75,32.77000045776367,6500,27.755756378173828,0.0
CZA,2012-11-13,32.56999969482422,32.79999923706055,32.25,32.599998474121094,12500,27.611764907836914,0.0
CZA,2012-11-14,32.619998931884766,32.619998931884766,32.060001373291016,32.060001373291016,5500,27.154396057128906,0.0
CZA,2012-11-15,32.02000045776367,32.09000015258789,31.850000381469727,31.959999084472656,13700,27.069692611694336,0.0
CZA,2012-11-16,32.040000915527344,32.27000045776367,31.899999618530273,32.27000045776367,5500,27.33226203918457,0.0
CZA,2012-11-19,32.54999923706055,32.720001220703125,32.54999923706055,32.66999816894531,4900,27.671058654785156,0.0
CZA,2012-11-20,32.66999816894531,32.83000183105469,32.65999984741211,32.65999984741211,4400,27.662586212158203,0.0
CZA,2012-11-21,32.86000061035156,32.93000030517578,32.86000061035156,32.93000030517578,1000,27.891277313232422,0.0
CZA,2012-11-23,33.08000183105469,33.189998626708984,33.08000183105469,33.15999984741211,1500,28.08608055114746,0.0
CZA,2012-11-26,33.2400016784668,33.279998779296875,33.15999984741211,33.20000076293945,8600,28.11996078491211,0.0
CZA,2012-11-27,33.29999923706055,33.33000183105469,33.220001220703125,33.25,5700,28.162307739257812,0.0
CZA,2012-11-28,33.119998931884766,33.560001373291016,33.0,33.349998474121094,10300,28.247007369995117,0.0
CZA,2012-11-29,33.58000183105469,33.59000015258789,33.41999816894531,33.58000183105469,41800,28.441818237304688,0.0
CZA,2012-11-30,33.540000915527344,33.540000915527344,33.5,33.5099983215332,6600,28.382522583007812,0.0
CZA,2012-12-03,33.81999969482422,33.81999969482422,33.540000915527344,33.540000915527344,5200,28.407934188842773,0.0
CZA,2012-12-04,33.529998779296875,33.630001068115234,33.5,33.529998779296875,4600,28.39946174621582,0.0
CZA,2012-12-05,33.63999938964844,33.72999954223633,33.439998626708984,33.720001220703125,3800,28.560394287109375,0.0
CZA,2012-12-06,33.70000076293945,33.7599983215332,33.70000076293945,33.7599983215332,2700,28.594270706176758,0.0
CZA,2012-12-07,33.81999969482422,33.91999816894531,33.79999923706055,33.880001068115234,11700,28.695911407470703,0.0
CZA,2012-12-10,33.900001525878906,34.04999923706055,33.900001525878906,33.959999084472656,6900,28.763669967651367,0.0
CZA,2012-12-11,34.09000015258789,34.18000030517578,34.02000045776367,34.13999938964844,26800,28.916126251220703,0.0
CZA,2012-12-12,34.27000045776367,34.290000915527344,34.099998474121094,34.099998474121094,15100,28.882246017456055,0.0
CZA,2012-12-13,34.20000076293945,34.25,33.869998931884766,33.95000076293945,15200,28.755199432373047,0.0
CZA,2012-12-14,33.86000061035156,33.97999954223633,33.779998779296875,33.790000915527344,8700,28.619678497314453,0.0
CZA,2012-12-17,34.08000183105469,34.18000030517578,34.04999923706055,34.18000030517578,3600,28.950010299682617,0.0
CZA,2012-12-18,34.439998626708984,34.560001373291016,34.22999954223633,34.54999923706055,4300,29.26339340209961,0.0
CZA,2012-12-19,34.619998931884766,34.650001525878906,34.47999954223633,34.529998779296875,48800,29.24645233154297,0.0
CZA,2012-12-20,34.439998626708984,34.650001525878906,34.439998626708984,34.63999938964844,15000,29.33962631225586,0.0
CZA,2012-12-21,34.29999923706055,34.400001525878906,34.27000045776367,34.290000915527344,9000,29.04317855834961,0.0
CZA,2012-12-24,33.90999984741211,33.90999984741211,33.77000045776367,33.810001373291016,2200,28.987451553344727,0.415
CZA,2012-12-26,33.90999984741211,33.90999984741211,33.599998474121094,33.599998474121094,5200,28.807403564453125,0.0
CZA,2012-12-27,33.630001068115234,33.630001068115234,33.380001068115234,33.58000183105469,4700,28.790254592895508,0.0
CZA,2012-12-28,34.2400016784668,34.2400016784668,33.369998931884766,33.369998931884766,14200,28.610206604003906,0.0
CZA,2012-12-31,33.310001373291016,33.77000045776367,33.2599983215332,33.75,14100,28.936004638671875,0.0
CZA,2013-01-02,34.54999923706055,34.630001068115234,34.400001525878906,34.630001068115234,22300,29.690486907958984,0.0
CZA,2013-01-03,34.68000030517578,34.81999969482422,34.560001373291016,34.560001373291016,6500,29.630474090576172,0.0
CZA,2013-01-04,34.7400016784668,34.86000061035156,34.720001220703125,34.83000183105469,29100,29.86195945739746,0.0
CZA,2013-01-07,34.779998779296875,34.779998779296875,34.66999816894531,34.709999084472656,13500,29.759077072143555,0.0
CZA,2013-01-08,34.72999954223633,34.72999954223633,34.54999923706055,34.54999923706055,1500,29.621896743774414,0.0
CZA,2013-01-09,34.75,34.779998779296875,34.689998626708984,34.779998779296875,4000,29.819089889526367,0.0
CZA,2013-01-10,34.9900016784668,35.040000915527344,34.880001068115234,35.029998779296875,5600,30.033430099487305,0.0
CZA,2013-01-11,35.369998931884766,35.369998931884766,34.959999084472656,35.040000915527344,10700,30.04199981689453,0.0
CZA,2013-01-14,35.0,35.209999084472656,34.939998626708984,35.02000045776367,5400,30.02486228942871,0.0
CZA,2013-01-15,34.900001525878906,35.18000030517578,34.900001525878906,35.16999816894531,5600,30.153459548950195,0.0
CZA,2013-01-16,35.13999938964844,35.15999984741211,35.060001373291016,35.099998474121094,6100,30.093446731567383,0.0
CZA,2013-01-17,35.29999923706055,35.45000076293945,35.290000915527344,35.41999816894531,2100,30.367795944213867,0.0
CZA,2013-01-18,35.369998931884766,35.52000045776367,35.369998931884766,35.4900016784668,5400,30.427820205688477,0.0
CZA,2013-01-22,35.58000183105469,35.869998931884766,35.58000183105469,35.869998931884766,7900,30.75361442565918,0.0
CZA,2013-01-23,36.22999954223633,36.22999954223633,35.77000045776367,35.810001373291016,20800,30.70217514038086,0.0
CZA,2013-01-24,36.0,36.040000915527344,35.86000061035156,35.95000076293945,15600,30.822206497192383,0.0
CZA,2013-01-25,36.029998779296875,36.11000061035156,35.849998474121094,36.11000061035156,44400,30.959383010864258,0.0
CZA,2013-01-28,36.20000076293945,36.20000076293945,35.93000030517578,36.08000183105469,7000,30.933656692504883,0.0
CZA,2013-01-29,36.119998931884766,36.27000045776367,36.040000915527344,36.27000045776367,5800,31.096561431884766,0.0
CZA,2013-01-30,36.279998779296875,36.40999984741211,36.220001220703125,36.220001220703125,4400,31.053691864013672,0.0
CZA,2013-01-31,36.220001220703125,36.41999816894531,36.11000061035156,36.27000045776367,11600,31.096561431884766,0.0
CZA,2013-02-01,36.4900016784668,36.720001220703125,36.4900016784668,36.65999984741211,3100,31.430936813354492,0.0
CZA,2013-02-04,36.560001373291016,36.58000183105469,36.380001068115234,36.41999816894531,5800,31.225162506103516,0.0
CZA,2013-02-05,36.58000183105469,36.66999816894531,36.5099983215332,36.63999938964844,37900,31.413785934448242,0.0
CZA,2013-02-06,36.59000015258789,36.810001373291016,36.56999969482422,36.810001373291016,11300,31.559537887573242,0.0
CZA,2013-02-07,37.150001525878906,37.150001525878906,36.619998931884766,36.7599983215332,17000,31.51666831970215,0.0
CZA,2013-02-08,37.02000045776367,37.119998931884766,36.9900016784668,37.04999923706055,10400,31.76530647277832,0.0
CZA,2013-02-11,37.54999923706055,37.54999923706055,37.0,37.06999969482422,11200,31.782451629638672,0.0
CZA,2013-02-12,37.119998931884766,37.209999084472656,37.06999969482422,37.189998626708984,12900,31.885334014892578,0.0
CZA,2013-02-13,37.31999969482422,37.369998931884766,37.209999084472656,37.22999954223633,7400,31.919628143310547,0.0
CZA,2013-02-14,37.31999969482422,37.439998626708984,37.29999923706055,37.400001525878906,16600,32.06538772583008,0.0
CZA,2013-02-15,37.43000030517578,37.5,37.2599983215332,37.380001068115234,14100,32.0482292175293,0.0
CZA,2013-02-19,37.349998474121094,37.529998779296875,37.349998474121094,37.45000076293945,9600,32.10824966430664,0.0
CZA,2013-02-20,37.58000183105469,37.58000183105469,37.06999969482422,37.08000183105469,43700,31.791027069091797,0.0
CZA,2013-02-21,37.040000915527344,37.209999084472656,36.540000915527344,36.709999084472656,62300,31.473798751831055,0.0
CZA,2013-02-22,36.880001068115234,37.060001373291016,36.880001068115234,37.060001373291016,9100,31.773881912231445,0.0
CZA,2013-02-25,37.290000915527344,37.290000915527344,36.459999084472656,36.470001220703125,8300,31.26803207397461,0.0
CZA,2013-02-26,36.65999984741211,36.70000076293945,36.310001373291016,36.61000061035156,5900,31.388063430786133,0.0
CZA,2013-02-27,36.72999954223633,37.13999938964844,36.72999954223633,37.099998474121094,3700,31.808176040649414,0.0
CZA,2013-02-28,37.04999923706055,37.2599983215332,37.04999923706055,37.06999969482422,6400,31.782451629638672,0.0
CZA,2013-03-01,36.959999084472656,37.16999816894531,36.7400016784668,37.11000061035156,12000,31.816747665405273,0.0
CZA,2013-03-04,37.040000915527344,37.2400016784668,37.0099983215332,37.2400016784668,6900,31.928199768066406,0.0
CZA,2013-03-05,37.439998626708984,37.66999816894531,37.439998626708984,37.599998474121094,13800,32.23685073852539,0.0
CZA,2013-03-06,37.72999954223633,38.02000045776367,37.58000183105469,37.619998931884766,15200,32.254005432128906,0.0
CZA,2013-03-07,37.61000061035156,37.75,37.61000061035156,37.68000030517578,23200,32.305442810058594,0.0
CZA,2013-03-08,37.84000015258789,37.880001068115234,37.68000030517578,37.849998474121094,13500,32.45119094848633,0.0
CZA,2013-03-11,37.849998474121094,37.97999954223633,37.77000045776367,37.959999084472656,7200,32.545501708984375,0.0
CZA,2013-03-12,37.959999084472656,38.0,37.77000045776367,37.79999923706055,2400,32.408321380615234,0.0
CZA,2013-03-13,37.95000076293945,38.040000915527344,37.88999938964844,37.95000076293945,11300,32.53693389892578,0.0
CZA,2013-03-14,38.130001068115234,38.2400016784668,38.11000061035156,38.220001220703125,13300,32.76841735839844,0.0
CZA,2013-03-15,38.16999816894531,38.22999954223633,38.04999923706055,38.20000076293945,9300,32.75127029418945,0.0
CZA,2013-03-18,37.900001525878906,38.130001068115234,37.880001068115234,37.9900016784668,17600,32.57122802734375,0.0
CZA,2013-03-19,38.099998474121094,38.099998474121094,37.720001220703125,37.880001068115234,11200,32.4769172668457,0.0
CZA,2013-03-20,38.099998474121094,38.29999923706055,38.09000015258789,38.25,9600,32.79414367675781,0.0
CZA,2013-03-21,38.06999969482422,38.2599983215332,38.0,38.04999923706055,26900,32.62267303466797,0.0
CZA,2013-03-22,38.18000030517578,38.2400016784668,37.86000061035156,38.130001068115234,5900,32.691253662109375,0.0
CZA,2013-03-25,38.38999938964844,38.47999954223633,38.08000183105469,38.099998474121094,24500,32.66553497314453,0.0
CZA,2013-03-26,38.29999923706055,38.349998474121094,38.20000076293945,38.33000183105469,27100,32.86273193359375,0.0
CZA,2013-03-27,38.15999984741211,38.43000030517578,38.029998779296875,38.400001525878906,11200,32.92274475097656,0.0
CZA,2013-03-28,38.5,38.7400016784668,38.400001525878906,38.72999954223633,15900,33.2056770324707,0.0
CZA,2013-04-01,38.65999984741211,38.75,38.310001373291016,38.40999984741211,6300,32.93132019042969,0.0
CZA,2013-04-02,38.65999984741211,38.68000030517578,38.369998931884766,38.439998626708984,10200,32.95703125,0.0
CZA,2013-04-03,38.470001220703125,38.47999954223633,37.88999938964844,37.88999938964844,5700,32.48548889160156,0.0
CZA,2013-04-04,38.040000915527344,38.41999816894531,37.970001220703125,38.41999816894531,18200,32.93989181518555,0.0
CZA,2013-04-05,38.349998474121094,38.349998474121094,37.5099983215332,37.97999954223633,14300,32.56264877319336,0.0
CZA,2013-04-08,38.20000076293945,38.45000076293945,37.91999816894531,38.2400016784668,24400,32.78556442260742,0.0
CZA,2013-04-09,38.38999938964844,38.529998779296875,38.16999816894531,38.36000061035156,10000,32.88844680786133,0.0
CZA,2013-04-10,38.459999084472656,38.77000045776367,38.27000045776367,38.720001220703125,12100,33.197105407714844,0.0
CZA,2013-04-11,38.939998626708984,39.0,38.90999984741211,38.97999954223633,5000,33.42001724243164,0.0
CZA,2013-04-12,39.0,39.0,38.599998474121094,38.7599983215332,6000,33.23139572143555,0.0
CZA,2013-04-15,38.650001525878906,38.650001525878906,37.7599983215332,37.900001525878906,20400,32.49406051635742,0.0
CZA,2013-04-16,37.97999954223633,38.27000045776367,37.97999954223633,38.209999084472656,10700,32.75984573364258,0.0
CZA,2013-04-17,38.130001068115234,38.130001068115234,37.560001373291016,37.84000015258789,14800,32.442623138427734,0.0
CZA,2013-04-18,37.93000030517578,37.93000030517578,37.45000076293945,37.54999923706055,8600,32.1939811706543,0.0
CZA,2013-04-19,37.68000030517578,37.900001525878906,37.540000915527344,37.900001525878906,6000,32.49406051635742,0.0
CZA,2013-04-22,38.0,38.43000030517578,37.720001220703125,38.02000045776367,11500,32.596946716308594,0.0
CZA,2013-04-23,38.13999938964844,38.38999938964844,38.13999938964844,38.310001373291016,11100,32.84558868408203,0.0
CZA,2013-04-24,38.45000076293945,38.599998474121094,38.43000030517578,38.560001373291016,10500,33.0599250793457,0.0
CZA,2013-04-25,38.70000076293945,38.90999984741211,38.650001525878906,38.7400016784668,19700,33.21425247192383,0.0
CZA,2013-04-26,38.70000076293945,38.779998779296875,38.41999816894531,38.4900016784668,6300,32.99990463256836,0.0
CZA,2013-04-29,38.79999923706055,38.79999923706055,38.599998474121094,38.650001525878906,10500,33.137081146240234,0.0
CZA,2013-04-30,38.77000045776367,39.060001373291016,38.720001220703125,39.060001373291016,26600,33.488609313964844,0.0
CZA,2013-05-01,39.029998779296875,39.099998474121094,38.79999923706055,38.79999923706055,6200,33.26568603515625,0.0
CZA,2013-05-02,38.849998474121094,39.040000915527344,38.790000915527344,38.959999084472656,15300,33.402862548828125,0.0
CZA,2013-05-03,39.36000061035156,39.43000030517578,39.15999984741211,39.31999969482422,8900,33.71152114868164,0.0
CZA,2013-05-06,39.459999084472656,39.529998779296875,39.36000061035156,39.439998626708984,11500,33.81440353393555,0.0
CZA,2013-05-07,39.59000015258789,39.79999923706055,39.400001525878906,39.790000915527344,22900,34.114471435546875,0.0
CZA,2013-05-08,39.7400016784668,39.959999084472656,39.72999954223633,39.959999084472656,9600,34.260231018066406,0.0
CZA,2013-05-09,39.9900016784668,40.099998474121094,39.83000183105469,39.83000183105469,11100,34.148773193359375,0.0
CZA,2013-05-10,39.9900016784668,40.41999816894531,39.5,40.08000183105469,4900,34.363121032714844,0.0
CZA,2013-05-13,40.0099983215332,40.119998931884766,39.91999816894531,40.029998779296875,14900,34.320247650146484,0.0
CZA,2013-05-14,40.02000045776367,40.369998931884766,40.02000045776367,40.349998474121094,13900,34.594600677490234,0.0
CZA,2013-05-15,40.209999084472656,40.720001220703125,40.209999084472656,40.650001525878906,9900,34.8518180847168,0.0
CZA,2013-05-16,40.689998626708984,40.7400016784668,40.380001068115234,40.400001525878906,8800,34.637474060058594,0.0
CZA,2013-05-17,40.459999084472656,40.68000030517578,40.459999084472656,40.63999938964844,6800,34.843238830566406,0.0
CZA,2013-05-20,40.68000030517578,40.79999923706055,40.65999984741211,40.66999816894531,7200,34.86895751953125,0.0
CZA,2013-05-21,40.7400016784668,40.88999938964844,40.709999084472656,40.79999923706055,7500,34.98041915893555,0.0
CZA,2013-05-22,40.97999954223633,41.04999923706055,40.16999816894531,40.31999969482422,14300,34.56888198852539,0.0
CZA,2013-05-23,39.720001220703125,40.22999954223633,39.349998474121094,40.150001525878906,21300,34.42312240600586,0.0
CZA,2013-05-24,40.04999923706055,40.08000183105469,39.54999923706055,40.029998779296875,4100,34.320247650146484,0.0
CZA,2013-05-28,40.40999984741211,40.63999938964844,40.16999816894531,40.290000915527344,9800,34.54315948486328,0.0
CZA,2013-05-29,40.349998474121094,40.349998474121094,39.720001220703125,39.86000061035156,19400,34.17449951171875,0.0
CZA,2013-05-30,39.900001525878906,40.189998626708984,39.900001525878906,40.08000183105469,8000,34.363121032714844,0.0
CZA,2013-05-31,39.939998626708984,40.189998626708984,39.75,39.75,8200,34.0801887512207,0.0
CZA,2013-06-03,39.75,39.75,39.439998626708984,39.709999084472656,12100,34.04588317871094,0.0
CZA,2013-06-04,39.779998779296875,39.86000061035156,39.439998626708984,39.619998931884766,8800,33.968719482421875,0.0
CZA,2013-06-05,39.34000015258789,39.349998474121094,39.029998779296875,39.029998779296875,25400,33.462886810302734,0.0
CZA,2013-06-06,39.0,39.369998931884766,38.91999816894531,39.290000915527344,16600,33.68579864501953,0.0
CZA,2013-06-07,39.599998474121094,39.90999984741211,39.41999816894531,39.90999984741211,6800,34.21736526489258,0.0
CZA,2013-06-10,40.119998931884766,40.119998931884766,39.7400016784668,39.869998931884766,11300,34.18306350708008,0.0
CZA,2013-06-11,39.650001525878906,39.869998931884766,39.400001525878906,39.650001525878906,13600,33.994449615478516,0.0
CZA,2013-06-12,39.810001373291016,39.810001373291016,39.16999816894531,39.20000076293945,16900,33.60863494873047,0.0
CZA,2013-06-13,39.20000076293945,39.79999923706055,39.04999923706055,39.79999923706055,3500,34.12305450439453,0.0
CZA,2013-06-14,39.7400016784668,39.79999923706055,39.709999084472656,39.779998779296875,1700,34.10590362548828,0.0
CZA,2013-06-17,40.20000076293945,40.20000076293945,39.91999816894531,40.040000915527344,10900,34.328819274902344,0.0
CZA,2013-06-18,40.130001068115234,40.36000061035156,40.060001373291016,40.36000061035156,10000,34.60317611694336,0.0
CZA,2013-06-19,40.2400016784668,40.5099983215332,39.79999923706055,39.79999923706055,13100,34.12305450439453,0.0
CZA,2013-06-20,39.369998931884766,39.369998931884766,38.560001373291016,38.70000076293945,34800,33.17995071411133,0.0
CZA,2013-06-21,38.84000015258789,38.91999816894531,38.439998626708984,38.779998779296875,17500,33.248538970947266,0.0
CZA,2013-06-24,38.400001525878906,38.4900016784668,37.97999954223633,38.400001525878906,15500,32.92274475097656,0.0
CZA,2013-06-25,38.97999954223633,38.97999954223633,38.5,38.709999084472656,8300,33.18852996826172,0.0
CZA,2013-06-26,39.09000015258789,39.34000015258789,38.880001068115234,39.16999816894531,15300,33.58291244506836,0.0
CZA,2013-06-27,39.40999984741211,39.810001373291016,39.40999984741211,39.72999954223633,17100,34.06303787231445,0.0
CZA,2013-06-28,39.650001525878906,39.91999816894531,39.619998931884766,39.720001220703125,8000,34.054466247558594,0.0
CZA,2013-07-01,39.81999969482422,40.189998626708984,39.75,39.939998626708984,19900,34.24307632446289,0.0
CZA,2013-07-02,39.959999084472656,40.18000030517578,39.650001525878906,39.810001373291016,17200,34.131622314453125,0.0
CZA,2013-07-03,39.720001220703125,39.84000015258789,39.540000915527344,39.84000015258789,2300,34.157344818115234,0.0
CZA,2013-07-05,39.9900016784668,40.52000045776367,39.70000076293945,39.97999954223633,4000,34.27737808227539,0.0
CZA,2013-07-08,40.18000030517578,40.33000183105469,40.119998931884766,40.150001525878906,23100,34.42312240600586,0.0
CZA,2013-07-09,40.54999923706055,40.599998474121094,40.27000045776367,40.400001525878906,13500,34.637474060058594,0.0
CZA,2013-07-10,40.41999816894531,40.560001373291016,40.36000061035156,40.52000045776367,9900,34.740352630615234,0.0
CZA,2013-07-11,41.06999969482422,41.09000015258789,40.88999938964844,41.040000915527344,24700,35.18618392944336,0.0
CZA,2013-07-12,41.150001525878906,41.18000030517578,41.0,41.119998931884766,15600,35.25476837158203,0.0
CZA,2013-07-15,41.25,41.36000061035156,41.15999984741211,41.290000915527344,6700,35.4005241394043,0.0
CZA,2013-07-16,41.33000183105469,41.439998626708984,40.970001220703125,41.04999923706055,13300,35.194759368896484,0.0
CZA,2013-07-17,41.279998779296875,41.560001373291016,41.06999969482422,41.06999969482422,23300,35.21190643310547,0.0
CZA,2013-07-18,41.31999969482422,41.470001220703125,41.25,41.400001525878906,6000,35.49483108520508,0.0
CZA,2013-07-19,41.400001525878906,41.400001525878906,41.2400016784668,41.29999923706055,23500,35.409095764160156,0.0
CZA,2013-07-22,41.33000183105469,41.54999923706055,41.29999923706055,41.459999084472656,8700,35.54627990722656,0.0
CZA,2013-07-23,41.61000061035156,41.630001068115234,41.45000076293945,41.470001220703125,5500,35.55485916137695,0.0
CZA,2013-07-24,41.93000030517578,41.93000030517578,41.150001525878906,41.25,12800,35.36622619628906,0.0
CZA,2013-07-25,41.150001525878906,41.36000061035156,41.150001525878906,41.36000061035156,7100,35.460540771484375,0.0
CZA,2013-07-26,41.18000030517578,41.290000915527344,41.04999923706055,41.290000915527344,5300,35.4005241394043,0.0
CZA,2013-07-29,41.20000076293945,41.38999938964844,41.130001068115234,41.20000076293945,15400,35.32335662841797,0.0
CZA,2013-07-30,41.439998626708984,41.459999084472656,41.369998931884766,41.380001068115234,6800,35.477691650390625,0.0
CZA,2013-07-31,41.5,42.06999969482422,41.459999084472656,41.459999084472656,18400,35.54627990722656,0.0
CZA,2013-08-01,41.939998626708984,42.2599983215332,41.939998626708984,42.2599983215332,10800,36.23216247558594,0.0
CZA,2013-08-02,42.18000030517578,42.220001220703125,42.02000045776367,42.20000076293945,37000,36.180721282958984,0.0
CZA,2013-08-05,42.130001068115234,42.16999816894531,41.9900016784668,42.040000915527344,27200,36.043548583984375,0.0
CZA,2013-08-06,41.95000076293945,41.95000076293945,41.7400016784668,41.83000183105469,10800,35.863502502441406,0.0
CZA,2013-08-07,41.63999938964844,41.65999984741211,41.369998931884766,41.619998931884766,10100,35.68345260620117,0.0
CZA,2013-08-08,41.72999954223633,41.84000015258789,41.599998474121094,41.66999816894531,90700,35.726314544677734,0.0
CZA,2013-08-09,41.68000030517578,41.810001373291016,41.66999816894531,41.810001373291016,19500,35.84635543823242,0.0
CZA,2013-08-12,41.68000030517578,41.900001525878906,41.63999938964844,41.88999938964844,10500,35.914939880371094,0.0
CZA,2013-08-13,41.93000030517578,41.959999084472656,41.720001220703125,41.959999084472656,9600,35.974952697753906,0.0
CZA,2013-08-14,41.880001068115234,41.880001068115234,41.77000045776367,41.810001373291016,11100,35.84635543823242,0.0
CZA,2013-08-15,41.369998931884766,41.369998931884766,41.09000015258789,41.16999816894531,16300,35.29763412475586,0.0
CZA,2013-08-16,41.119998931884766,41.27000045776367,40.959999084472656,41.02000045776367,22500,35.16904067993164,0.0
CZA,2013-08-19,40.88999938964844,41.09000015258789,40.79999923706055,40.810001373291016,10200,34.98899459838867,0.0
CZA,2013-08-20,40.849998474121094,41.279998779296875,40.849998474121094,41.27000045776367,2200,35.38337707519531,0.0
CZA,2013-08-21,41.0,41.18000030517578,40.88999938964844,41.11000061035156,10600,35.24620056152344,0.0
CZA,2013-08-22,41.040000915527344,41.459999084472656,41.040000915527344,41.31999969482422,7300,35.42624282836914,0.0
CZA,2013-08-23,41.4900016784668,41.4900016784668,41.279998779296875,41.40999984741211,12700,35.5034065246582,0.0
CZA,2013-08-26,41.709999084472656,41.709999084472656,41.31999969482422,41.380001068115234,30100,35.477691650390625,0.0
CZA,2013-08-27,40.9900016784668,40.9900016784668,40.58000183105469,40.65999984741211,9100,34.860382080078125,0.0
CZA,2013-08-28,40.720001220703125,40.810001373291016,40.560001373291016,40.650001525878906,6400,34.8518180847168,0.0
CZA,2013-08-29,40.66999816894531,40.970001220703125,40.66999816894531,40.93000030517578,6200,35.09187316894531,0.0
CZA,2013-08-30,40.900001525878906,40.900001525878906,40.439998626708984,40.47999954223633,11000,34.706058502197266,0.0
CZA,2013-09-03,41.150001525878906,41.16999816894531,40.2599983215332,40.47999954223633,6300,34.706058502197266,0.0
CZA,2013-09-04,40.45000076293945,40.84000015258789,40.36000061035156,40.75,11600,34.93754196166992,0.0
CZA,2013-09-05,40.720001220703125,40.93000030517578,40.720001220703125,40.91999816894531,9700,35.08329772949219,0.0
CZA,2013-09-06,40.97999954223633,41.040000915527344,40.56999969482422,40.86000061035156,8600,35.0318603515625,0.0
CZA,2013-09-09,41.04999923706055,41.31999969482422,41.04999923706055,41.29999923706055,10400,35.409095764160156,0.0
CZA,2013-09-10,41.56999969482422,41.790000915527344,41.56999969482422,41.790000915527344,10500,35.82920455932617,0.0
CZA,2013-09-11,41.7599983215332,41.7599983215332,41.65999984741211,41.72999954223633,2900,35.77776336669922,0.0
CZA,2013-09-12,41.81999969482422,41.81999969482422,41.560001373291016,41.560001373291016,8000,35.63201141357422,0.0
CZA,2013-09-13,41.66999816894531,41.77000045776367,41.5,41.58000183105469,12500,35.64916229248047,0.0
CZA,2013-09-16,42.130001068115234,42.130001068115234,41.810001373291016,41.84000015258789,18300,35.872074127197266,0.0
CZA,2013-09-17,41.779998779296875,42.09000015258789,41.70000076293945,42.04999923706055,8300,36.052120208740234,0.0
CZA,2013-09-18,42.06999969482422,42.59000015258789,41.869998931884766,42.54999923706055,31900,36.480796813964844,0.0
CZA,2013-09-19,42.7400016784668,42.7599983215332,42.599998474121094,42.619998931884766,4600,36.54081726074219,0.0
CZA,2013-09-20,42.720001220703125,42.83000183105469,42.38999938964844,42.459999084472656,7700,36.40364074707031,0.0
CZA,2013-09-23,42.380001068115234,42.459999084472656,42.0,42.2599983215332,8200,36.23216247558594,0.0
CZA,2013-09-24,42.27000045776367,42.5,42.189998626708984,42.400001525878906,10400,36.352203369140625,0.0
CZA,2013-09-25,42.470001220703125,42.529998779296875,42.25,42.400001525878906,4000,36.352203369140625,0.0
CZA,2013-09-26,42.45000076293945,42.58000183105469,42.33000183105469,42.54999923706055,4300,36.480796813964844,0.0
CZA,2013-09-27,42.29999923706055,42.40999984741211,42.25,42.33000183105469,8500,36.29218292236328,0.0
CZA,2013-09-30,42.029998779296875,42.400001525878906,41.959999084472656,42.31999969482422,8200,36.283607482910156,0.0
CZA,2013-10-01,42.2599983215332,42.84000015258789,42.2599983215332,42.77000045776367,15600,36.66942596435547,0.0
CZA,2013-10-02,42.4900016784668,42.75,42.459999084472656,42.689998626708984,9700,36.600833892822266,0.0
CZA,2013-10-03,42.77000045776367,42.77000045776367,42.13999938964844,42.369998931884766,18800,36.32646942138672,0.0
CZA,2013-10-04,42.58000183105469,42.77000045776367,42.43000030517578,42.709999084472656,36000,36.61796951293945,0.0
CZA,2013-10-07,42.290000915527344,42.58000183105469,42.290000915527344,42.290000915527344,23800,36.25788879394531,0.0
CZA,2013-10-08,42.2599983215332,42.36000061035156,41.849998474121094,41.849998474121094,22900,35.880645751953125,0.0
CZA,2013-10-09,41.959999084472656,41.959999084472656,41.54999923706055,41.86000061035156,22400,35.889217376708984,0.0
CZA,2013-10-10,42.470001220703125,42.68000030517578,41.2400016784668,42.61000061035156,15300,36.53224563598633,0.0
CZA,2013-10-11,42.61000061035156,42.97999954223633,42.61000061035156,42.95000076293945,10500,36.82374572753906,0.0
CZA,2013-10-14,42.5,43.18000030517578,42.5,43.130001068115234,14200,36.97807312011719,0.0
CZA,2013-10-15,43.11000061035156,43.11000061035156,42.7400016784668,42.7400016784668,29300,36.64370346069336,0.0
CZA,2013-10-16,42.810001373291016,43.22999954223633,42.810001373291016,43.18000030517578,14300,37.020938873291016,0.0
CZA,2013-10-17,43.0,43.63999938964844,43.0,43.63999938964844,19400,37.41532897949219,0.0
CZA,2013-10-18,43.939998626708984,43.9900016784668,43.7599983215332,43.97999954223633,9200,37.70683288574219,0.0
CZA,2013-10-21,44.11000061035156,44.150001525878906,43.95000076293945,44.11000061035156,12400,37.81828689575195,0.0
CZA,2013-10-22,44.29999923706055,44.439998626708984,44.20000076293945,44.310001373291016,12800,37.98976135253906,0.0
CZA,2013-10-23,44.09000015258789,44.099998474121094,43.88999938964844,44.029998779296875,15800,37.749698638916016,0.0
CZA,2013-10-24,45.0,45.0,43.88999938964844,44.040000915527344,9400,37.75827407836914,0.0
CZA,2013-10-25,44.34000015258789,44.34000015258789,44.040000915527344,44.08000183105469,6000,37.792572021484375,0.0
CZA,2013-10-28,44.040000915527344,44.22999954223633,44.040000915527344,44.04999923706055,6500,37.766849517822266,0.0
CZA,2013-10-29,44.27000045776367,44.66999816894531,44.09000015258789,44.20000076293945,10400,37.895450592041016,0.0
CZA,2013-10-30,44.220001220703125,44.529998779296875,43.95000076293945,44.0099983215332,17000,37.732547760009766,0.0
CZA,2013-10-31,44.060001373291016,44.099998474121094,43.849998474121094,44.0099983215332,4800,37.732547760009766,0.0
CZA,2013-11-01,44.04999923706055,44.130001068115234,43.79999923706055,43.95000076293945,7400,37.68110656738281,0.0
CZA,2013-11-04,44.20000076293945,44.20000076293945,43.900001525878906,44.11000061035156,7000,37.81828689575195,0.0
CZA,2013-11-05,43.97999954223633,44.130001068115234,43.810001373291016,44.09000015258789,7400,37.80113983154297,0.0
CZA,2013-11-06,44.27000045776367,44.27000045776367,44.099998474121094,44.16999816894531,9000,37.869728088378906,0.0
CZA,2013-11-07,44.20000076293945,44.45000076293945,43.75,43.75,14400,37.50962829589844,0.0
CZA,2013-11-08,43.7599983215332,44.099998474121094,43.75,44.099998474121094,7600,37.809715270996094,0.0
CZA,2013-11-11,44.099998474121094,44.150001525878906,44.02000045776367,44.13999938964844,5800,37.84400939941406,0.0
CZA,2013-11-12,44.119998931884766,44.130001068115234,43.86000061035156,44.099998474121094,9900,37.809715270996094,0.0
CZA,2013-11-13,43.959999084472656,44.38999938964844,43.849998474121094,44.349998474121094,2300,38.024051666259766,0.0
CZA,2013-11-14,44.5099983215332,44.72999954223633,44.43000030517578,44.720001220703125,9000,38.341278076171875,0.0
CZA,2013-11-15,44.75,44.849998474121094,44.70000076293945,44.849998474121094,4000,38.45273971557617,0.0
CZA,2013-11-18,45.04999923706055,45.04999923706055,44.54999923706055,44.56999969482422,11600,38.212669372558594,0.0
CZA,2013-11-19,44.68000030517578,44.68000030517578,44.25,44.349998474121094,11900,38.024051666259766,0.0
CZA,2013-11-20,44.369998931884766,44.5099983215332,44.16999816894531,44.16999816894531,9400,37.869728088378906,0.0
CZA,2013-11-21,44.36000061035156,44.58000183105469,44.36000061035156,44.5099983215332,11200,38.161231994628906,0.0
CZA,2013-11-22,44.540000915527344,44.7400016784668,44.540000915527344,44.720001220703125,5500,38.341278076171875,0.0
CZA,2013-11-25,44.68000030517578,44.72999954223633,44.59000015258789,44.61000061035156,10200,38.24696350097656,0.0
CZA,2013-11-26,44.650001525878906,44.790000915527344,44.599998474121094,44.709999084472656,8500,38.33270263671875,0.0
CZA,2013-11-27,44.689998626708984,44.83000183105469,44.5099983215332,44.810001373291016,8800,38.41844177246094,0.0
CZA,2013-11-29,44.849998474121094,44.869998931884766,44.709999084472656,44.709999084472656,5100,38.33270263671875,0.0
CZA,2013-12-02,44.790000915527344,44.970001220703125,44.59000015258789,44.650001525878906,4400,38.28126907348633,0.0
CZA,2013-12-03,44.4900016784668,44.68000030517578,44.290000915527344,44.45000076293945,4200,38.10979080200195,0.0
CZA,2013-12-04,44.29999923706055,44.54999923706055,44.15999984741211,44.439998626708984,6200,38.10121536254883,0.0
CZA,2013-12-05,44.220001220703125,44.439998626708984,44.209999084472656,44.310001373291016,7400,37.98976135253906,0.0
CZA,2013-12-06,45.0,45.0,44.619998931884766,44.84000015258789,8400,38.44416427612305,0.0
CZA,2013-12-09,45.06999969482422,45.06999969482422,44.290000915527344,44.869998931884766,8200,38.46988296508789,0.0
CZA,2013-12-10,44.790000915527344,44.97999954223633,44.689998626708984,44.70000076293945,11800,38.32413101196289,0.0
CZA,2013-12-11,44.75,44.75,43.90999984741211,44.02000045776367,9400,37.741127014160156,0.0
CZA,2013-12-12,44.040000915527344,44.13999938964844,43.90999984741211,44.11000061035156,10900,37.81828689575195,0.0
CZA,2013-12-13,44.13999938964844,44.2599983215332,44.029998779296875,44.2599983215332,3200,37.94689178466797,0.0
CZA,2013-12-16,44.41999816894531,44.9900016784668,44.41999816894531,44.54999923706055,15400,38.19552993774414,0.0
CZA,2013-12-17,44.36000061035156,44.459999084472656,44.22999954223633,44.459999084472656,6700,38.11836624145508,0.0
CZA,2013-12-18,44.4900016784668,44.939998626708984,44.13999938964844,44.900001525878906,9100,38.495609283447266,0.0
CZA,2013-12-19,44.849998474121094,44.849998474121094,44.709999084472656,44.84000015258789,3600,38.44416427612305,0.0
CZA,2013-12-20,44.7599983215332,45.25,44.7599983215332,45.20000076293945,8800,38.75281524658203,0.0
CZA,2013-12-23,45.47999954223633,45.47999954223633,45.20000076293945,45.29999923706055,9100,38.83854675292969,0.0
CZA,2013-12-24,45.04999923706055,45.2400016784668,45.02000045776367,45.16999816894531,2400,39.121761322021484,0.457
CZA,2013-12-26,45.349998474121094,45.349998474121094,45.130001068115234,45.22999954223633,9900,39.173736572265625,0.0
CZA,2013-12-27,46.0,46.0,45.16999816894531,45.18000030517578,5900,39.13042449951172,0.0
CZA,2013-12-30,45.18000030517578,45.369998931884766,45.18000030517578,45.290000915527344,6300,39.2256965637207,0.0
CZA,2013-12-31,45.45000076293945,45.560001373291016,45.310001373291016,45.400001525878906,12100,39.32096862792969,0.0
CZA,2014-01-02,45.369998931884766,45.369998931884766,44.779998779296875,45.0099983215332,11500,38.98318862915039,0.0
CZA,2014-01-03,45.06999969482422,45.209999084472656,44.959999084472656,45.11000061035156,19600,39.06979751586914,0.0
CZA,2014-01-06,45.279998779296875,45.279998779296875,44.79999923706055,44.83000183105469,5700,38.82729721069336,0.0
CZA,2014-01-07,44.970001220703125,45.15999984741211,44.95000076293945,45.029998779296875,9000,39.00051498413086,0.0
CZA,2014-01-08,45.06999969482422,45.119998931884766,44.849998474121094,44.88999938964844,30100,38.87925338745117,0.0
CZA,2014-01-09,45.099998474121094,45.13999938964844,44.869998931884766,45.119998931884766,14400,39.078460693359375,0.0
CZA,2014-01-10,45.290000915527344,45.349998474121094,45.150001525878906,45.310001373291016,19200,39.24302291870117,0.0
CZA,2014-01-13,45.41999816894531,45.4900016784668,44.810001373291016,44.9900016784668,19600,38.96586990356445,0.0
CZA,2014-01-14,45.119998931884766,45.34000015258789,45.119998931884766,45.279998779296875,22900,39.217037200927734,0.0
CZA,2014-01-15,45.470001220703125,45.630001068115234,45.470001220703125,45.630001068115234,11500,39.520172119140625,0.0
CZA,2014-01-16,45.41999816894531,45.630001068115234,45.41999816894531,45.5,12600,39.4075813293457,0.0
CZA,2014-01-17,45.5,45.56999969482422,45.34000015258789,45.34000015258789,14000,39.26899719238281,0.0
CZA,2014-01-21,45.52000045776367,45.540000915527344,45.22999954223633,45.5099983215332,11700,39.41624069213867,0.0
CZA,2014-01-22,45.56999969482422,45.7400016784668,45.459999084472656,45.689998626708984,8500,39.5721321105957,0.0
CZA,2014-01-23,45.4900016784668,45.4900016784668,45.099998474121094,45.279998779296875,12300,39.217037200927734,0.0
CZA,2014-01-24,44.970001220703125,44.97999954223633,44.20000076293945,44.20000076293945,21500,38.28164291381836,0.0
CZA,2014-01-27,44.189998626708984,44.619998931884766,43.56999969482422,43.81999969482422,41200,37.95252990722656,0.0
CZA,2014-01-28,43.86000061035156,44.31999969482422,43.279998779296875,44.16999816894531,13900,38.25566864013672,0.0
CZA,2014-01-29,44.0099983215332,44.209999084472656,43.59000015258789,44.040000915527344,6100,38.14307403564453,0.0
CZA,2014-01-30,44.70000076293945,44.70000076293945,44.040000915527344,44.400001525878906,7400,38.45486831665039,0.0
CZA,2014-01-31,44.2599983215332,44.34000015258789,43.83000183105469,44.099998474121094,172900,38.195037841796875,0.0
CZA,2014-02-03,44.0,44.08000183105469,42.880001068115234,42.97999954223633,23100,37.225006103515625,0.0
CZA,2014-02-04,43.0099983215332,43.33000183105469,42.34000015258789,43.2599983215332,19000,37.46751022338867,0.0
CZA,2014-02-05,43.209999084472656,43.290000915527344,42.900001525878906,43.220001220703125,11700,37.43286895751953,0.0
CZA,2014-02-06,43.310001373291016,43.560001373291016,43.310001373291016,43.54999923706055,5800,37.71868133544922,0.0
CZA,2014-02-07,43.93000030517578,44.150001525878906,43.880001068115234,44.130001068115234,7600,38.22102355957031,0.0
CZA,2014-02-10,44.08000183105469,44.33000183105469,44.06999969482422,44.310001373291016,9400,38.37691879272461,0.0
CZA,2014-02-11,44.369998931884766,44.77000045776367,44.29999923706055,44.70000076293945,6100,38.714698791503906,0.0
CZA,2014-02-12,44.810001373291016,45.0,44.810001373291016,44.869998931884766,6500,38.86193084716797,0.0
CZA,2014-02-13,44.650001525878906,45.22999954223633,44.650001525878906,45.13999938964844,10000,39.09579086303711,0.0
CZA,2014-02-14,45.34000015258789,45.40999984741211,45.27000045776367,45.27000045776367,3900,39.208377838134766,0.0
CZA,2014-02-18,45.52000045776367,45.52000045776367,45.290000915527344,45.470001220703125,12700,39.38159942626953,0.0
CZA,2014-02-19,45.290000915527344,45.61000061035156,45.0099983215332,45.0099983215332,7700,38.98318862915039,0.0
CZA,2014-02-20,45.15999984741211,45.439998626708984,45.15999984741211,45.43000030517578,5800,39.34695053100586,0.0
CZA,2014-02-21,45.5099983215332,45.5099983215332,45.31999969482422,45.45000076293945,9300,39.36427688598633,0.0
CZA,2014-02-24,45.470001220703125,45.849998474121094,45.45000076293945,45.599998474121094,7800,39.49418640136719,0.0
CZA,2014-02-25,45.4900016784668,45.72999954223633,45.459999084472656,45.4900016784668,7600,39.39891815185547,0.0
CZA,2014-02-26,45.61000061035156,45.84000015258789,45.529998779296875,45.58000183105469,9800,39.47686767578125,0.0
CZA,2014-02-27,45.7400016784668,46.0099983215332,45.70000076293945,46.0099983215332,7600,39.84929275512695,0.0
CZA,2014-02-28,46.0,46.31999969482422,46.0,46.0,6700,39.84062576293945,0.0
CZA,2014-03-03,45.72999954223633,46.040000915527344,45.68000030517578,45.84000015258789,12800,39.702056884765625,0.0
CZA,2014-03-04,46.29999923706055,46.56999969482422,45.869998931884766,46.5099983215332,57500,40.28234100341797,0.0
CZA,2014-03-05,46.560001373291016,46.61000061035156,46.439998626708984,46.4900016784668,8100,40.26502227783203,0.0
CZA,2014-03-06,46.650001525878906,46.70000076293945,46.59000015258789,46.650001525878906,27200,40.403594970703125,0.0
CZA,2014-03-07,46.810001373291016,46.810001373291016,46.58000183105469,46.61000061035156,7400,40.368953704833984,0.0
CZA,2014-03-10,46.70000076293945,46.70000076293945,46.349998474121094,46.540000915527344,9800,40.30832290649414,0.0
CZA,2014-03-11,46.4900016784668,46.58000183105469,46.16999816894531,46.220001220703125,8800,40.03117370605469,0.0
CZA,2014-03-12,46.029998779296875,46.18000030517578,46.029998779296875,46.18000030517578,4500,39.99653244018555,0.0
CZA,2014-03-13,46.18000030517578,46.18000030517578,45.619998931884766,45.720001220703125,4500,39.598121643066406,0.0
CZA,2014-03-14,45.56999969482422,46.0099983215332,45.56999969482422,45.75,11400,39.624107360839844,0.0
CZA,2014-03-17,46.02000045776367,46.2599983215332,45.93000030517578,46.189998626708984,8700,40.005184173583984,0.0
CZA,2014-03-18,46.06999969482422,46.59000015258789,46.06999969482422,46.45000076293945,7500,40.23037338256836,0.0
CZA,2014-03-19,46.45000076293945,46.45000076293945,46.029998779296875,46.18000030517578,3700,39.99653244018555,0.0
CZA,2014-03-20,45.9900016784668,46.400001525878906,45.9900016784668,46.369998931884766,5000,40.16108703613281,0.0
CZA,2014-03-21,46.599998474121094,46.619998931884766,46.189998626708984,46.189998626708984,5000,40.005184173583984,0.0
CZA,2014-03-24,45.86000061035156,46.0,45.86000061035156,46.0,2100,39.84062576293945,0.0
CZA,2014-03-25,46.27000045776367,46.27000045776367,45.869998931884766,46.08000183105469,8100,39.9099235534668,0.0
CZA,2014-03-26,46.349998474121094,46.349998474121094,45.720001220703125,45.83000183105469,8800,39.693389892578125,0.0
CZA,2014-03-27,45.7599983215332,45.7599983215332,45.41999816894531,45.5,7400,39.4075813293457,0.0
CZA,2014-03-28,45.63999938964844,45.97999954223633,45.63999938964844,45.779998779296875,3900,39.65008544921875,0.0
CZA,2014-03-31,45.86000061035156,46.349998474121094,45.86000061035156,46.349998474121094,141400,40.14376449584961,0.0
CZA,2014-04-01,46.59000015258789,46.650001525878906,46.5099983215332,46.650001525878906,5300,40.403594970703125,0.0
CZA,2014-04-02,46.72999954223633,46.90999984741211,46.72999954223633,46.86000061035156,2400,40.585472106933594,0.0
CZA,2014-04-03,46.9900016784668,46.9900016784668,46.720001220703125,46.880001068115234,3500,40.60280227661133,0.0
CZA,2014-04-04,47.11000061035156,47.20000076293945,46.189998626708984,46.220001220703125,9600,40.03117370605469,0.0
CZA,2014-04-07,46.06999969482422,46.06999969482422,45.369998931884766,45.540000915527344,32200,39.442230224609375,0.0
CZA,2014-04-08,45.41999816894531,45.70000076293945,45.31999969482422,45.619998931884766,4700,39.51150894165039,0.0
CZA,2014-04-09,45.810001373291016,46.029998779296875,45.63999938964844,45.97999954223633,11600,39.823307037353516,0.0
CZA,2014-04-10,46.11000061035156,46.11000061035156,45.189998626708984,45.20000076293945,10100,39.14774703979492,0.0
CZA,2014-04-11,44.97999954223633,44.9900016784668,44.5099983215332,44.709999084472656,8100,38.723358154296875,0.0
CZA,2014-04-14,44.880001068115234,45.040000915527344,44.779998779296875,44.779998779296875,4500,38.78398513793945,0.0
CZA,2014-04-15,45.09000015258789,45.27000045776367,44.61000061035156,45.15999984741211,5300,39.113101959228516,0.0
CZA,2014-04-16,45.5,45.65999984741211,45.45000076293945,45.61000061035156,2600,39.50284957885742,0.0
CZA,2014-04-17,45.63999938964844,46.04999923706055,45.59000015258789,46.04999923706055,12200,39.88392639160156,0.0
CZA,2014-04-21,45.130001068115234,46.529998779296875,45.130001068115234,45.959999084472656,6300,39.80598068237305,0.0
CZA,2014-04-22,46.18000030517578,46.38999938964844,46.0099983215332,46.38999938964844,4900,40.17841339111328,0.0
CZA,2014-04-23,46.540000915527344,46.540000915527344,46.29999923706055,46.439998626708984,11900,40.221717834472656,0.0
CZA,2014-04-24,46.70000076293945,46.72999954223633,46.11000061035156,46.310001373291016,7900,40.1091194152832,0.0
CZA,2014-04-25,46.310001373291016,46.310001373291016,45.900001525878906,45.93000030517578,3500,39.78000259399414,0.0
CZA,2014-04-28,46.09000015258789,46.09000015258789,45.400001525878906,45.91999816894531,18900,39.771339416503906,0.0
CZA,2014-04-29,46.09000015258789,46.09000015258789,45.93000030517578,46.0099983215332,9500,39.84929275512695,0.0
CZA,2014-04-30,46.040000915527344,46.279998779296875,45.77000045776367,46.279998779296875,68700,40.08313751220703,0.0
CZA,2014-05-01,46.36000061035156,46.58000183105469,46.209999084472656,46.43000030517578,6300,40.213050842285156,0.0
CZA,2014-05-02,46.59000015258789,46.869998931884766,46.59000015258789,46.63999938964844,7200,40.39493179321289,0.0
CZA,2014-05-05,46.54999923706055,46.75,46.290000915527344,46.75,5200,40.49020767211914,0.0
CZA,2014-05-06,46.779998779296875,46.779998779296875,46.369998931884766,46.41999816894531,8100,40.20439147949219,0.0
CZA,2014-05-07,46.349998474121094,46.56999969482422,46.18000030517578,46.56999969482422,3400,40.33430480957031,0.0
CZA,2014-05-08,46.630001068115234,46.97999954223633,46.5,46.5,15900,40.273677825927734,0.0
CZA,2014-05-09,46.45000076293945,46.560001373291016,46.310001373291016,46.40999984741211,5200,40.19573211669922,0.0
CZA,2014-05-12,46.93000030517578,47.130001068115234,46.93000030517578,47.119998931884766,7700,40.810665130615234,0.0
CZA,2014-05-13,47.220001220703125,47.220001220703125,47.0,47.0,5200,40.706729888916016,0.0
CZA,2014-05-14,46.869998931884766,46.869998931884766,46.650001525878906,46.65999984741211,3900,40.412254333496094,0.0
CZA,2014-05-15,46.36000061035156,46.41999816894531,46.0099983215332,46.16999816894531,10000,39.98786544799805,0.0
CZA,2014-05-16,46.13999938964844,46.33000183105469,46.09000015258789,46.33000183105469,3000,40.126441955566406,0.0
CZA,2014-05-19,46.16999816894531,46.66999816894531,46.15999984741211,46.650001525878906,4400,40.403594970703125,0.0
CZA,2014-05-20,46.540000915527344,46.540000915527344,46.13999938964844,46.209999084472656,4800,40.02251434326172,0.0
CZA,2014-05-21,46.459999084472656,46.540000915527344,46.36000061035156,46.52000045776367,4900,40.2910041809082,0.0
CZA,2014-05-22,46.45000076293945,46.720001220703125,46.45000076293945,46.68000030517578,4500,40.4295768737793,0.0
CZA,2014-05-23,46.7599983215332,46.900001525878906,46.689998626708984,46.900001525878906,8000,40.6201171875,0.0
CZA,2014-05-27,47.0,47.310001373291016,47.0,47.189998626708984,6500,40.87128829956055,0.0
CZA,2014-05-28,47.08000183105469,47.279998779296875,47.08000183105469,47.25,3100,40.923248291015625,0.0
CZA,2014-05-29,47.130001068115234,47.29999923706055,47.119998931884766,47.29999923706055,9900,40.966556549072266,0.0
CZA,2014-05-30,47.209999084472656,47.54999923706055,47.209999084472656,47.400001525878906,7400,41.05316925048828,0.0
CZA,2014-06-02,47.279998779296875,47.54999923706055,47.279998779296875,47.54999923706055,1700,41.18308639526367,0.0
CZA,2014-06-03,47.349998474121094,47.65999984741211,47.349998474121094,47.619998931884766,3700,41.24371337890625,0.0
CZA,2014-06-04,47.459999084472656,47.7599983215332,47.459999084472656,47.7400016784668,7700,41.34764862060547,0.0
CZA,2014-06-05,47.91999816894531,48.08000183105469,47.709999084472656,48.04999923706055,4500,41.61613845825195,0.0
CZA,2014-06-06,48.33000183105469,48.349998474121094,48.290000915527344,48.34000015258789,3300,41.86730194091797,0.0
CZA,2014-06-09,48.529998779296875,48.630001068115234,48.45000076293945,48.47999954223633,5500,41.988555908203125,0.0
CZA,2014-06-10,48.56999969482422,48.56999969482422,48.29999923706055,48.41999816894531,4800,41.936588287353516,0.0
CZA,2014-06-11,48.689998626708984,48.689998626708984,48.040000915527344,48.08000183105469,5300,41.642120361328125,0.0
CZA,2014-06-12,48.36000061035156,48.36000061035156,47.70000076293945,47.779998779296875,15700,41.38228988647461,0.0
CZA,2014-06-13,47.91999816894531,48.02000045776367,47.709999084472656,47.83000183105469,3900,41.425594329833984,0.0
CZA,2014-06-16,47.83000183105469,47.939998626708984,47.77000045776367,47.779998779296875,7200,41.38228988647461,0.0
CZA,2014-06-17,47.88999938964844,48.18000030517578,47.79999923706055,48.09000015258789,5800,41.65078353881836,0.0
CZA,2014-06-18,48.029998779296875,48.25,47.959999084472656,48.25,9800,41.78935623168945,0.0
CZA,2014-06-19,48.400001525878906,48.400001525878906,48.220001220703125,48.279998779296875,14000,41.81533432006836,0.0
CZA,2014-06-20,48.439998626708984,48.459999084472656,48.349998474121094,48.45000076293945,6400,41.962581634521484,0.0
CZA,2014-06-23,48.400001525878906,48.4900016784668,48.31999969482422,48.400001525878906,5800,41.91927719116211,0.0
CZA,2014-06-24,48.349998474121094,48.61000061035156,48.20000076293945,48.20000076293945,4000,41.74605178833008,0.0
CZA,2014-06-25,48.040000915527344,48.349998474121094,48.0,48.34000015258789,3900,41.86730194091797,0.0
CZA,2014-06-26,48.5,48.5,48.11000061035156,48.27000045776367,4100,41.806678771972656,0.0
CZA,2014-06-27,48.31999969482422,48.47999954223633,48.31999969482422,48.47999954223633,2900,41.988555908203125,0.0
CZA,2014-06-30,48.529998779296875,48.619998931884766,48.47999954223633,48.58000183105469,1400,42.07516860961914,0.0
CZA,2014-07-01,48.689998626708984,49.150001525878906,48.689998626708984,49.04999923706055,13500,42.48223114013672,0.0
CZA,2014-07-02,49.04999923706055,49.04999923706055,48.709999084472656,48.72999954223633,21700,42.20508575439453,0.0
CZA,2014-07-03,49.029998779296875,49.119998931884766,48.959999084472656,49.040000915527344,12100,42.47357177734375,0.0
CZA,2014-07-07,49.04999923706055,49.04999923706055,48.630001068115234,48.720001220703125,4800,42.19642639160156,0.0
CZA,2014-07-08,48.54999923706055,48.599998474121094,48.33000183105469,48.45000076293945,6500,41.962581634521484,0.0
CZA,2014-07-09,48.439998626708984,48.619998931884766,48.439998626708984,48.61000061035156,6400,42.10115432739258,0.0
CZA,2014-07-10,48.0099983215332,48.459999084472656,48.0,48.380001068115234,5800,41.901947021484375,0.0
CZA,2014-07-11,48.38999938964844,48.38999938964844,48.130001068115234,48.36000061035156,4600,41.88462829589844,0.0
CZA,2014-07-14,48.630001068115234,48.72999954223633,48.459999084472656,48.5,4800,42.005882263183594,0.0
CZA,2014-07-15,48.540000915527344,48.59000015258789,48.29999923706055,48.459999084472656,5600,41.97123336791992,0.0
CZA,2014-07-16,48.54999923706055,48.7599983215332,48.400001525878906,48.459999084472656,6400,41.97123336791992,0.0
CZA,2014-07-17,48.279998779296875,48.52000045776367,47.959999084472656,47.959999084472656,13700,41.53818130493164,0.0
CZA,2014-07-18,48.209999084472656,48.560001373291016,48.189998626708984,48.54999923706055,7000,42.04918670654297,0.0
CZA,2014-07-21,48.400001525878906,48.470001220703125,48.27000045776367,48.45000076293945,3700,41.962581634521484,0.0
CZA,2014-07-22,48.63999938964844,48.869998931884766,48.63999938964844,48.790000915527344,2200,42.257049560546875,0.0
CZA,2014-07-23,48.90999984741211,48.93000030517578,48.720001220703125,48.84000015258789,7700,42.300357818603516,0.0
CZA,2014-07-24,48.939998626708984,49.06999969482422,48.939998626708984,48.9900016784668,5100,42.430267333984375,0.0
CZA,2014-07-25,48.75,48.900001525878906,48.75,48.869998931884766,2100,42.32633590698242,0.0
CZA,2014-07-28,48.7599983215332,48.90999984741211,48.58000183105469,48.77000045776367,7500,42.239723205566406,0.0
CZA,2014-07-29,48.86000061035156,48.86000061035156,48.41999816894531,48.41999816894531,4700,41.936588287353516,0.0
CZA,2014-07-30,48.5099983215332,48.5099983215332,48.25,48.41999816894531,4800,41.936588287353516,0.0
CZA,2014-07-31,48.310001373291016,48.310001373291016,47.5099983215332,47.540000915527344,7500,41.17443084716797,0.0
CZA,2014-08-01,47.529998779296875,47.630001068115234,47.09000015258789,47.33000183105469,27800,40.9925422668457,0.0
CZA,2014-08-04,47.40999984741211,47.65999984741211,47.310001373291016,47.65999984741211,8000,41.278350830078125,0.0
CZA,2014-08-05,47.400001525878906,47.65999984741211,47.209999084472656,47.209999084472656,6200,40.88861083984375,0.0
CZA,2014-08-06,47.09000015258789,47.36000061035156,47.09000015258789,47.27000045776367,4600,40.940574645996094,0.0
CZA,2014-08-07,47.349998474121094,47.56999969482422,46.97999954223633,46.9900016784668,5600,40.69807434082031,0.0
CZA,2014-08-08,47.060001373291016,47.4900016784668,46.689998626708984,47.47999954223633,11600,41.122459411621094,0.0
CZA,2014-08-11,47.91999816894531,48.09000015258789,47.880001068115234,47.88999938964844,5500,41.477561950683594,0.0
CZA,2014-08-12,47.810001373291016,47.97999954223633,47.75,47.869998931884766,5600,41.460235595703125,0.0
CZA,2014-08-13,47.959999084472656,48.349998474121094,47.959999084472656,48.349998474121094,3500,41.87596893310547,0.0
CZA,2014-08-14,48.529998779296875,48.619998931884766,48.380001068115234,48.5099983215332,11900,42.01454162597656,0.0
CZA,2014-08-15,48.79999923706055,48.93000030517578,48.279998779296875,48.459999084472656,8300,41.97123336791992,0.0
CZA,2014-08-18,48.709999084472656,49.06999969482422,48.709999084472656,49.0099983215332,4300,42.44758987426758,0.0
CZA,2014-08-19,49.279998779296875,49.279998779296875,49.040000915527344,49.209999084472656,36400,42.62081527709961,0.0
CZA,2014-08-20,49.22999954223633,49.40999984741211,49.16999816894531,49.36000061035156,5000,42.750728607177734,0.0
CZA,2014-08-21,49.31999969482422,49.630001068115234,49.290000915527344,49.61000061035156,4900,42.96725845336914,0.0
CZA,2014-08-22,49.45000076293945,49.599998474121094,49.40999984741211,49.470001220703125,5100,42.84599685668945,0.0
CZA,2014-08-25,49.70000076293945,49.81999969482422,49.70000076293945,49.7400016784668,2000,43.07984924316406,0.0
CZA,2014-08-26,49.959999084472656,50.060001373291016,49.75,49.959999084472656,36000,43.2703857421875,0.0
CZA,2014-08-27,49.959999084472656,49.959999084472656,49.790000915527344,49.810001373291016,3500,43.14047622680664,0.0
CZA,2014-08-28,49.5099983215332,49.81999969482422,49.5099983215332,49.81999969482422,3900,43.149139404296875,0.0
CZA,2014-08-29,49.88999938964844,50.040000915527344,49.75,50.040000915527344,3900,43.33967590332031,0.0
CZA,2014-09-02,50.2400016784668,50.36000061035156,50.0,50.16999816894531,15800,43.452266693115234,0.0
CZA,2014-09-03,50.33000183105469,50.33000183105469,50.04999923706055,50.060001373291016,26200,43.35699462890625,0.0
CZA,2014-09-04,50.29999923706055,50.31999969482422,49.90999984741211,49.9900016784668,7500,43.29636764526367,0.0
CZA,2014-09-05,50.13999938964844,50.13999938964844,49.900001525878906,50.099998474121094,5100,43.391639709472656,0.0
CZA,2014-09-08,50.209999084472656,50.209999084472656,49.900001525878906,50.040000915527344,8500,43.33967590332031,0.0
CZA,2014-09-09,49.790000915527344,49.81999969482422,49.650001525878906,49.75,11400,43.08850860595703,0.0
CZA,2014-09-10,49.84000015258789,49.93000030517578,49.619998931884766,49.91999816894531,3400,43.235748291015625,0.0
CZA,2014-09-11,49.650001525878906,49.90999984741211,49.650001525878906,49.880001068115234,3800,43.20110321044922,0.0
CZA,2014-09-12,49.83000183105469,50.0,49.560001373291016,49.63999938964844,10200,42.99323272705078,0.0
CZA,2014-09-15,49.58000183105469,49.58000183105469,49.33000183105469,49.34000015258789,14600,42.7334098815918,0.0
CZA,2014-09-16,49.369998931884766,49.65999984741211,49.220001220703125,49.59000015258789,6000,42.94993209838867,0.0
CZA,2014-09-17,49.66999816894531,49.86000061035156,49.56999969482422,49.65999984741211,6000,43.01055145263672,0.0
CZA,2014-09-18,49.709999084472656,49.970001220703125,49.709999084472656,49.93000030517578,11700,43.24441146850586,0.0
CZA,2014-09-19,49.959999084472656,50.099998474121094,49.72999954223633,49.790000915527344,9000,43.12315368652344,0.0
CZA,2014-09-22,49.560001373291016,49.650001525878906,49.119998931884766,49.18000030517578,5100,42.59482955932617,0.0
CZA,2014-09-23,49.0,49.11000061035156,48.790000915527344,48.849998474121094,4600,42.30901336669922,0.0
CZA,2014-09-24,48.70000076293945,49.08000183105469,48.29999923706055,49.0,6100,42.43893051147461,0.0
CZA,2014-09-25,48.810001373291016,48.880001068115234,48.279998779296875,48.369998931884766,13400,41.893287658691406,0.0
CZA,2014-09-26,48.5,48.709999084472656,48.36000061035156,48.63999938964844,6000,42.127140045166016,0.0
CZA,2014-09-29,48.060001373291016,48.599998474121094,48.060001373291016,48.59000015258789,60500,42.08383560180664,0.0
CZA,2014-09-30,48.560001373291016,48.68000030517578,48.27000045776367,48.290000915527344,5700,41.823997497558594,0.0
CZA,2014-10-01,47.88999938964844,48.04999923706055,47.25,47.25,15800,40.923248291015625,0.0
CZA,2014-10-02,47.599998474121094,47.70000076293945,47.150001525878906,47.619998931884766,8200,41.24371337890625,0.0
CZA,2014-10-03,48.189998626708984,48.189998626708984,47.939998626708984,48.0099983215332,3500,41.581485748291016,0.0
CZA,2014-10-06,48.2400016784668,48.279998779296875,48.0099983215332,48.099998474121094,6400,41.65943145751953,0.0
CZA,2014-10-07,47.720001220703125,47.7599983215332,47.25,47.25,6700,40.923248291015625,0.0
CZA,2014-10-08,47.209999084472656,47.79999923706055,46.900001525878906,47.79999923706055,6700,41.39960861206055,0.0
CZA,2014-10-09,47.630001068115234,47.63999938964844,46.849998474121094,46.880001068115234,13700,40.60280227661133,0.0
CZA,2014-10-10,46.720001220703125,47.400001525878906,45.88999938964844,45.88999938964844,19200,39.74535369873047,0.0
CZA,2014-10-13,45.93000030517578,46.15999984741211,45.0,45.04999923706055,51900,39.0178337097168,0.0
CZA,2014-10-14,45.529998779296875,45.77000045776367,45.279998779296875,45.369998931884766,10700,39.294986724853516,0.0
CZA,2014-10-15,44.79999923706055,45.189998626708984,43.93000030517578,45.189998626708984,45800,39.13909149169922,0.0
CZA,2014-10-16,44.54999923706055,45.7599983215332,44.099998474121094,45.689998626708984,60800,39.5721321105957,0.0
CZA,2014-10-17,46.0099983215332,46.47999954223633,45.97999954223633,46.279998779296875,24400,40.08313751220703,0.0
CZA,2014-10-20,46.029998779296875,46.560001373291016,46.029998779296875,46.560001373291016,14500,40.32564926147461,0.0
CZA,2014-10-21,47.0,47.709999084472656,47.0,47.70000076293945,13600,41.31300354003906,0.0
CZA,2014-10-22,47.709999084472656,47.810001373291016,47.209999084472656,47.25,12100,40.923248291015625,0.0
CZA,2014-10-23,47.630001068115234,47.97999954223633,47.630001068115234,47.810001373291016,19200,41.40827560424805,0.0
CZA,2014-10-24,47.970001220703125,48.119998931884766,47.619998931884766,48.119998931884766,15800,41.676761627197266,0.0
CZA,2014-10-27,48.150001525878906,48.150001525878906,47.56999969482422,47.849998474121094,9700,41.44291687011719,0.0
CZA,2014-10-28,48.119998931884766,48.689998626708984,48.06999969482422,48.63999938964844,12000,42.127140045166016,0.0
CZA,2014-10-29,48.939998626708984,49.0099983215332,48.400001525878906,48.709999084472656,14500,42.18775939941406,0.0
CZA,2014-10-30,48.66999816894531,48.86000061035156,48.540000915527344,48.709999084472656,3600,42.18775939941406,0.0
CZA,2014-10-31,49.25,49.45000076293945,49.25,49.38999938964844,8800,42.776710510253906,0.0
CZA,2014-11-03,49.689998626708984,49.689998626708984,49.27000045776367,49.369998931884766,6300,42.75938415527344,0.0
CZA,2014-11-04,48.95000076293945,49.060001373291016,48.810001373291016,49.02000045776367,15000,42.45625686645508,0.0
CZA,2014-11-05,49.470001220703125,49.470001220703125,49.02000045776367,49.38999938964844,20900,42.776710510253906,0.0
CZA,2014-11-06,49.41999816894531,49.439998626708984,49.189998626708984,49.36000061035156,6900,42.750728607177734,0.0
CZA,2014-11-07,49.5,49.58000183105469,49.2400016784668,49.4900016784668,9500,42.86332702636719,0.0
CZA,2014-11-10,49.4900016784668,49.689998626708984,49.40999984741211,49.5099983215332,9100,42.88064193725586,0.0
CZA,2014-11-11,49.599998474121094,49.61000061035156,49.43000030517578,49.56999969482422,31700,42.93260192871094,0.0
CZA,2014-11-12,49.4900016784668,49.650001525878906,49.45000076293945,49.650001525878906,6500,43.00189971923828,0.0
CZA,2014-11-13,49.5,49.560001373291016,49.349998474121094,49.4900016784668,6300,42.86332702636719,0.0
CZA,2014-11-14,49.34000015258789,49.58000183105469,49.34000015258789,49.400001525878906,6000,42.785369873046875,0.0
CZA,2014-11-17,49.33000183105469,49.529998779296875,49.279998779296875,49.43000030517578,7200,42.81135940551758,0.0
CZA,2014-11-18,49.630001068115234,49.91999816894531,49.630001068115234,49.709999084472656,14800,43.053855895996094,0.0
CZA,2014-11-19,49.83000183105469,49.83000183105469,49.400001525878906,49.650001525878906,16100,43.00189971923828,0.0
CZA,2014-11-20,49.5,49.81999969482422,49.400001525878906,49.81999969482422,10500,43.149139404296875,0.0
CZA,2014-11-21,50.38999938964844,50.58000183105469,50.040000915527344,50.22999954223633,17200,43.50423049926758,0.0
CZA,2014-11-24,50.15999984741211,50.33000183105469,50.11000061035156,50.31999969482422,5800,43.582183837890625,0.0
CZA,2014-11-25,50.369998931884766,50.380001068115234,50.11000061035156,50.29999923706055,15500,43.56486129760742,0.0
CZA,2014-11-26,50.209999084472656,50.29999923706055,50.11000061035156,50.209999084472656,4300,43.486915588378906,0.0
CZA,2014-11-28,49.810001373291016,49.810001373291016,49.790000915527344,49.790000915527344,1100,43.12315368652344,0.0
CZA,2014-12-01,50.54999923706055,50.560001373291016,48.97999954223633,49.04999923706055,21600,42.48223114013672,0.0
CZA,2014-12-02,49.029998779296875,49.459999084472656,49.029998779296875,49.43000030517578,22100,42.81135940551758,0.0
CZA,2014-12-03,49.4900016784668,50.04999923706055,49.470001220703125,50.02000045776367,7700,43.32235336303711,0.0
CZA,2014-12-04,49.7599983215332,50.02000045776367,49.75,49.86000061035156,3500,43.18377685546875,0.0
CZA,2014-12-05,50.0,50.189998626708984,49.95000076293945,50.06999969482422,5100,43.365657806396484,0.0
CZA,2014-12-08,50.06999969482422,50.130001068115234,49.52000045776367,49.619998931884766,7700,42.97591018676758,0.0
CZA,2014-12-09,49.5,49.72999954223633,49.13999938964844,49.72999954223633,10900,43.07118606567383,0.0
CZA,2014-12-10,49.349998474121094,49.349998474121094,48.68000030517578,48.790000915527344,6900,42.257049560546875,0.0
CZA,2014-12-11,48.79999923706055,49.25,48.79999923706055,48.869998931884766,14100,42.32633590698242,0.0
CZA,2014-12-12,48.56999969482422,48.56999969482422,47.83000183105469,47.86000061035156,17900,41.451576232910156,0.0
CZA,2014-12-15,48.209999084472656,48.209999084472656,47.290000915527344,47.630001068115234,9400,41.25237274169922,0.0
CZA,2014-12-16,47.400001525878906,48.16999816894531,47.36000061035156,47.56999969482422,6700,41.200401306152344,0.0
CZA,2014-12-17,47.66999816894531,48.529998779296875,47.650001525878906,48.459999084472656,7700,41.97123336791992,0.0
CZA,2014-12-18,49.33000183105469,50.0099983215332,49.18000030517578,49.54999923706055,13100,42.91529083251953,0.0
CZA,2014-12-19,49.560001373291016,49.75,49.560001373291016,49.75,3700,43.08850860595703,0.0
CZA,2014-12-22,49.849998474121094,49.970001220703125,49.72999954223633,49.970001220703125,6600,43.279052734375,0.0
CZA,2014-12-23,50.16999816894531,50.40999984741211,50.16999816894531,50.400001525878906,13200,43.6514778137207,0.0
CZA,2014-12-24,50.099998474121094,50.119998931884766,49.869998931884766,50.06999969482422,18700,43.68462371826172,0.368
CZA,2014-12-26,50.16999816894531,50.220001220703125,50.099998474121094,50.13999938964844,17300,43.745697021484375,0.0
CZA,2014-12-29,49.869998931884766,50.2599983215332,49.869998931884766,50.18000030517578,5500,43.78059387207031,0.0
CZA,2014-12-30,50.099998474121094,50.150001525878906,49.869998931884766,50.02000045776367,7300,43.6410026550293,0.0
CZA,2014-12-31,50.130001068115234,50.130001068115234,49.5099983215332,49.5099983215332,15500,43.196041107177734,0.0
CZA,2015-01-02,49.779998779296875,50.25,49.04999923706055,49.2599983215332,15300,42.97792434692383,0.0
CZA,2015-01-05,49.0,49.119998931884766,48.20000076293945,48.2599983215332,49600,42.10544967651367,0.0
CZA,2015-01-06,48.380001068115234,48.4900016784668,47.4900016784668,47.790000915527344,14100,41.695396423339844,0.0
CZA,2015-01-07,48.290000915527344,48.290000915527344,47.880001068115234,48.13999938964844,8600,42.00075912475586,0.0
CZA,2015-01-08,48.380001068115234,49.04999923706055,48.380001068115234,48.959999084472656,12800,42.71617889404297,0.0
CZA,2015-01-09,49.220001220703125,49.220001220703125,48.40999984741211,48.65999984741211,13200,42.45443344116211,0.0
CZA,2015-01-12,48.79999923706055,48.79999923706055,48.060001373291016,48.2400016784668,7800,42.08800506591797,0.0
CZA,2015-01-13,48.56999969482422,48.83000183105469,47.790000915527344,48.220001220703125,9700,42.070556640625,0.0
CZA,2015-01-14,47.5099983215332,47.93000030517578,47.380001068115234,47.93000030517578,16400,41.817535400390625,0.0
CZA,2015-01-15,48.0,48.0,47.43000030517578,47.43000030517578,3700,41.38130569458008,0.0
CZA,2015-01-16,47.709999084472656,48.150001525878906,47.439998626708984,48.150001525878906,11800,42.00947952270508,0.0
CZA,2015-01-20,48.25,48.29999923706055,47.59000015258789,47.880001068115234,8000,41.7739143371582,0.0
CZA,2015-01-21,47.66999816894531,48.290000915527344,47.66999816894531,48.25,23000,42.09672927856445,0.0
CZA,2015-01-22,48.349998474121094,49.13999938964844,48.29999923706055,49.130001068115234,19600,42.864501953125,0.0
CZA,2015-01-23,49.2400016784668,49.2400016784668,48.63999938964844,48.63999938964844,21800,42.4370002746582,0.0
CZA,2015-01-26,48.720001220703125,49.150001525878906,48.54999923706055,49.08000183105469,17800,42.82087707519531,0.0
CZA,2015-01-27,48.599998474121094,49.119998931884766,48.540000915527344,48.959999084472656,13500,42.71617889404297,0.0
CZA,2015-01-28,49.13999938964844,49.13999938964844,48.25,48.25,7000,42.09672927856445,0.0
CZA,2015-01-29,48.29999923706055,48.65999984741211,48.209999084472656,48.619998931884766,5300,42.41953659057617,0.0
CZA,2015-01-30,48.33000183105469,48.869998931884766,48.13999938964844,48.43000030517578,9800,42.25376892089844,0.0
CZA,2015-02-02,48.61000061035156,48.86000061035156,48.15999984741211,48.86000061035156,13300,42.62893295288086,0.0
CZA,2015-02-03,49.33000183105469,49.5099983215332,49.189998626708984,49.5099983215332,5600,43.196041107177734,0.0
CZA,2015-02-04,49.349998474121094,49.720001220703125,49.209999084472656,49.369998931884766,63100,43.073890686035156,0.0
CZA,2015-02-05,49.56999969482422,50.09000015258789,49.56999969482422,49.91999816894531,25400,43.55375671386719,0.0
CZA,2015-02-06,50.279998779296875,50.29999923706055,49.72999954223633,49.900001525878906,10700,43.53630447387695,0.0
CZA,2015-02-09,49.720001220703125,49.869998931884766,49.540000915527344,49.77000045776367,10400,43.422882080078125,0.0
CZA,2015-02-10,50.08000183105469,50.11000061035156,49.720001220703125,50.11000061035156,6400,43.71952438354492,0.0
CZA,2015-02-11,49.91999816894531,50.09000015258789,49.91999816894531,50.08000183105469,8100,43.693355560302734,0.0
CZA,2015-02-12,50.279998779296875,50.68000030517578,50.279998779296875,50.68000030517578,12800,44.216827392578125,0.0
CZA,2015-02-13,50.790000915527344,50.790000915527344,50.5099983215332,50.709999084472656,5300,44.24300765991211,0.0
CZA,2015-02-17,50.90999984741211,50.90999984741211,50.540000915527344,50.709999084472656,6300,44.24300765991211,0.0
CZA,2015-02-18,50.79999923706055,50.91999816894531,50.709999084472656,50.91999816894531,4300,44.42622756958008,0.0
CZA,2015-02-19,50.7599983215332,51.040000915527344,50.70000076293945,50.900001525878906,9000,44.408782958984375,0.0
CZA,2015-02-20,51.029998779296875,51.34000015258789,50.66999816894531,51.33000183105469,6000,44.783939361572266,0.0
CZA,2015-02-23,51.0,51.15999984741211,50.939998626708984,51.15999984741211,6500,44.635616302490234,0.0
CZA,2015-02-24,51.25,51.380001068115234,50.9900016784668,51.36000061035156,10100,44.81010818481445,0.0
CZA,2015-02-25,51.209999084472656,51.400001525878906,51.11000061035156,51.33000183105469,9100,44.783939361572266,0.0
CZA,2015-02-26,51.18000030517578,51.36000061035156,51.029998779296875,51.029998779296875,9400,44.522193908691406,0.0
CZA,2015-02-27,50.97999954223633,51.22999954223633,50.939998626708984,51.040000915527344,11800,44.53092575073242,0.0
CZA,2015-03-02,50.810001373291016,51.36000061035156,50.810001373291016,51.36000061035156,30000,44.81010818481445,0.0
CZA,2015-03-03,51.16999816894531,51.16999816894531,50.900001525878906,50.959999084472656,13400,44.461124420166016,0.0
CZA,2015-03-04,50.880001068115234,51.04999923706055,50.540000915527344,50.900001525878906,11900,44.408782958984375,0.0
CZA,2015-03-05,50.880001068115234,51.040000915527344,50.81999969482422,51.040000915527344,5500,44.53092575073242,0.0
CZA,2015-03-06,51.56999969482422,51.56999969482422,50.2599983215332,50.5099983215332,11500,44.06850814819336,0.0
CZA,2015-03-09,50.47999954223633,50.75,50.47999954223633,50.75,4900,44.27790069580078,0.0
CZA,2015-03-10,50.38999938964844,50.38999938964844,50.0099983215332,50.02000045776367,16000,43.6410026550293,0.0
CZA,2015-03-11,50.150001525878906,50.150001525878906,49.91999816894531,50.11000061035156,10600,43.71952438354492,0.0
CZA,2015-03-12,50.47999954223633,50.7599983215332,50.43000030517578,50.75,3200,44.27790069580078,0.0
CZA,2015-03-13,50.7400016784668,50.7400016784668,50.06999969482422,50.20000076293945,10600,43.798057556152344,0.0
CZA,2015-03-16,50.58000183105469,50.9900016784668,50.58000183105469,50.84000015258789,12500,44.35642623901367,0.0
CZA,2015-03-17,50.650001525878906,51.060001373291016,50.650001525878906,50.9900016784668,11700,44.48729705810547,0.0
CZA,2015-03-18,50.9900016784668,51.7400016784668,50.75,51.59000015258789,6600,45.01078796386719,0.0
CZA,2015-03-19,51.400001525878906,51.40999984741211,51.119998931884766,51.29999923706055,10800,44.75776672363281,0.0
CZA,2015-03-20,51.34000015258789,51.869998931884766,51.34000015258789,51.59000015258789,5200,45.01078796386719,0.0
CZA,2015-03-23,51.75,51.86000061035156,51.65999984741211,51.68000030517578,11000,45.08930206298828,0.0
CZA,2015-03-24,51.38999938964844,51.720001220703125,51.34000015258789,51.439998626708984,10900,44.87990951538086,0.0
CZA,2015-03-25,51.56999969482422,51.56999969482422,50.79999923706055,50.79999923706055,5000,44.32152557373047,0.0
CZA,2015-03-26,50.560001373291016,50.849998474121094,50.34000015258789,50.720001220703125,9500,44.251731872558594,0.0
CZA,2015-03-27,50.7400016784668,50.79999923706055,50.61000061035156,50.790000915527344,2400,44.31280517578125,0.0
CZA,2015-03-30,51.33000183105469,51.5,51.150001525878906,51.380001068115234,37400,44.82756805419922,0.0
CZA,2015-03-31,51.029998779296875,51.40999984741211,51.029998779296875,51.25,12200,44.71413803100586,0.0
CZA,2015-04-01,51.290000915527344,51.290000915527344,50.88999938964844,51.119998931884766,3200,44.60072326660156,0.0
CZA,2015-04-02,50.88999938964844,51.47999954223633,50.88999938964844,51.279998779296875,7200,44.74031066894531,0.0
CZA,2015-04-06,51.20000076293945,51.83000183105469,51.18000030517578,51.65999984741211,12800,45.07185363769531,0.0
CZA,2015-04-07,51.72999954223633,51.72999954223633,51.52000045776367,51.56999969482422,3100,44.99333572387695,0.0
CZA,2015-04-08,51.31999969482422,51.61000061035156,51.31999969482422,51.58000183105469,12100,45.0020637512207,0.0
CZA,2015-04-09,51.619998931884766,51.619998931884766,51.22999954223633,51.47999954223633,7700,44.9148063659668,0.0
CZA,2015-04-10,51.380001068115234,51.540000915527344,51.380001068115234,51.540000915527344,3900,44.9671630859375,0.0
CZA,2015-04-13,51.41999816894531,51.560001373291016,51.25,51.38999938964844,71000,44.83628845214844,0.0
CZA,2015-04-14,51.34000015258789,51.34000015258789,51.0099983215332,51.22999954223633,3700,44.696693420410156,0.0
CZA,2015-04-15,51.5,51.68000030517578,51.439998626708984,51.4900016784668,7400,44.92353820800781,0.0
CZA,2015-04-16,51.47999954223633,51.56999969482422,51.16999816894531,51.5,7200,44.9322624206543,0.0
CZA,2015-04-17,51.45000076293945,51.45000076293945,50.77000045776367,51.060001373291016,16200,44.548370361328125,0.0
CZA,2015-04-20,51.279998779296875,51.459999084472656,51.20000076293945,51.45000076293945,21800,44.88863754272461,0.0
CZA,2015-04-21,51.63999938964844,51.63999938964844,51.220001220703125,51.290000915527344,25700,44.74904251098633,0.0
CZA,2015-04-22,51.25,51.529998779296875,51.209999084472656,51.529998779296875,75300,44.95843505859375,0.0
CZA,2015-04-23,51.470001220703125,51.84000015258789,51.470001220703125,51.77000045776367,7300,45.16783142089844,0.0
CZA,2015-04-24,51.650001525878906,51.650001525878906,51.40999984741211,51.56999969482422,6800,44.99333572387695,0.0
CZA,2015-04-27,51.83000183105469,51.83000183105469,51.11000061035156,51.189998626708984,9500,44.66179656982422,0.0
CZA,2015-04-28,51.13999938964844,51.380001068115234,50.95000076293945,51.310001373291016,28700,44.76649475097656,0.0
CZA,2015-04-29,51.310001373291016,51.349998474121094,51.13999938964844,51.349998474121094,3800,44.80138397216797,0.0
CZA,2015-04-30,51.029998779296875,51.119998931884766,50.540000915527344,50.68000030517578,6800,44.216827392578125,0.0
CZA,2015-05-01,50.900001525878906,51.150001525878906,50.810001373291016,51.060001373291016,9400,44.548370361328125,0.0
CZA,2015-05-04,51.099998474121094,51.41999816894531,51.099998474121094,51.220001220703125,14200,44.68796920776367,0.0
CZA,2015-05-05,51.18000030517578,51.22999954223633,50.689998626708984,50.689998626708984,9700,44.225555419921875,0.0
CZA,2015-05-06,50.7400016784668,50.7400016784668,50.40999984741211,50.47999954223633,5800,44.04233932495117,0.0
CZA,2015-05-07,50.52000045776367,50.84000015258789,50.439998626708984,50.66999816894531,3100,44.20811080932617,0.0
CZA,2015-05-08,51.0,51.36000061035156,51.0,51.2599983215332,7900,44.722869873046875,0.0
CZA,2015-05-11,51.220001220703125,51.279998779296875,50.9900016784668,51.09000015258789,5100,44.57454299926758,0.0
CZA,2015-05-12,50.880001068115234,50.939998626708984,50.65999984741211,50.81999969482422,2800,44.3389778137207,0.0
CZA,2015-05-13,51.0,51.16999816894531,50.91999816894531,50.91999816894531,5200,44.42622756958008,0.0
CZA,2015-05-14,51.25,51.58000183105469,51.20000076293945,51.4900016784668,4200,44.92353820800781,0.0
CZA,2015-05-15,51.439998626708984,51.650001525878906,51.43000030517578,51.47999954223633,7100,44.9148063659668,0.0
CZA,2015-05-18,51.540000915527344,52.0,51.540000915527344,51.95000076293945,4200,45.32487487792969,0.0
CZA,2015-05-19,51.959999084472656,52.06999969482422,51.79999923706055,51.97999954223633,5200,45.351036071777344,0.0
CZA,2015-05-20,51.970001220703125,52.040000915527344,51.849998474121094,51.849998474121094,2400,45.23762512207031,0.0
CZA,2015-05-21,51.83000183105469,51.95000076293945,51.689998626708984,51.689998626708984,4900,45.098026275634766,0.0
CZA,2015-05-22,51.810001373291016,51.900001525878906,51.70000076293945,51.849998474121094,3900,45.23762512207031,0.0
CZA,2015-05-26,51.779998779296875,51.779998779296875,51.150001525878906,51.34000015258789,6000,44.79266357421875,0.0
CZA,2015-05-27,51.40999984741211,51.79999923706055,51.40999984741211,51.65999984741211,5100,45.07185363769531,0.0
CZA,2015-05-28,51.779998779296875,51.779998779296875,51.540000915527344,51.7400016784668,3000,45.14164733886719,0.0
CZA,2015-05-29,51.5,51.54999923706055,51.15999984741211,51.2599983215332,8800,44.722869873046875,0.0
CZA,2015-06-01,51.16999816894531,51.54999923706055,51.16999816894531,51.400001525878906,113500,44.84501266479492,0.0
CZA,2015-06-02,51.310001373291016,51.369998931884766,51.060001373291016,51.279998779296875,5900,44.74031066894531,0.0
CZA,2015-06-03,51.33000183105469,51.5099983215332,51.33000183105469,51.4900016784668,3400,44.92353820800781,0.0
CZA,2015-06-04,51.40999984741211,51.40999984741211,51.0,51.040000915527344,5300,44.53092575073242,0.0
CZA,2015-06-05,51.02000045776367,51.099998474121094,50.97999954223633,51.06999969482422,7500,44.55709457397461,0.0
CZA,2015-06-08,51.04999923706055,51.06999969482422,50.849998474121094,50.959999084472656,4200,44.461124420166016,0.0
CZA,2015-06-09,50.959999084472656,50.959999084472656,50.56999969482422,50.709999084472656,3100,44.24300765991211,0.0
CZA,2015-06-10,51.02000045776367,51.5,51.02000045776367,51.40999984741211,6700,44.85373306274414,0.0
CZA,2015-06-11,51.540000915527344,51.560001373291016,51.459999084472656,51.560001373291016,4700,44.98460388183594,0.0
CZA,2015-06-12,51.41999816894531,51.470001220703125,51.290000915527344,51.45000076293945,3400,44.88863754272461,0.0
CZA,2015-06-15,50.939998626708984,51.15999984741211,50.72999954223633,51.02000045776367,4100,44.51347732543945,0.0
CZA,2015-06-16,51.29999923706055,51.61000061035156,51.20000076293945,51.400001525878906,7200,44.84501266479492,0.0
CZA,2015-06-17,51.5,51.689998626708984,51.349998474121094,51.630001068115234,15300,45.045684814453125,0.0
CZA,2015-06-18,51.79999923706055,52.02000045776367,51.790000915527344,52.02000045776367,2600,45.38594436645508,0.0
CZA,2015-06-19,51.959999084472656,52.209999084472656,51.88999938964844,52.209999084472656,5200,45.55171203613281,0.0
CZA,2015-06-22,52.279998779296875,52.310001373291016,52.189998626708984,52.189998626708984,4600,45.534263610839844,0.0
CZA,2015-06-23,52.2400016784668,52.279998779296875,52.099998474121094,52.099998474121094,3600,45.45573425292969,0.0
CZA,2015-06-24,52.09000015258789,52.099998474121094,51.77000045776367,51.88999938964844,5300,45.27252197265625,0.0
CZA,2015-06-25,51.77000045776367,51.88999938964844,51.63999938964844,51.66999816894531,8300,45.08057403564453,0.0
CZA,2015-06-26,51.720001220703125,51.880001068115234,51.650001525878906,51.77000045776367,4800,45.16783142089844,0.0
CZA,2015-06-29,51.220001220703125,51.459999084472656,50.720001220703125,50.779998779296875,14100,44.3040771484375,0.0
CZA,2015-06-30,51.220001220703125,51.220001220703125,50.75,50.880001068115234,7700,44.391326904296875,0.0
CZA,2015-07-01,51.040000915527344,51.279998779296875,50.9900016784668,51.04999923706055,114400,44.539649963378906,0.0
CZA,2015-07-02,51.09000015258789,51.369998931884766,51.040000915527344,51.15999984741211,6300,44.635616302490234,0.0
CZA,2015-07-06,50.83000183105469,51.15999984741211,50.77000045776367,50.900001525878906,11700,44.408782958984375,0.0
CZA,2015-07-07,50.52000045776367,51.209999084472656,50.5,51.209999084472656,6400,44.67924118041992,0.0
CZA,2015-07-08,50.79999923706055,50.869998931884766,50.380001068115234,50.4900016784668,17800,44.051063537597656,0.0
CZA,2015-07-09,50.869998931884766,51.130001068115234,50.529998779296875,50.61000061035156,13700,44.155757904052734,0.0
CZA,2015-07-10,50.90999984741211,51.119998931884766,50.90999984741211,51.119998931884766,6800,44.60072326660156,0.0
CZA,2015-07-13,51.38999938964844,51.529998779296875,51.34000015258789,51.529998779296875,5500,44.95843505859375,0.0
CZA,2015-07-14,51.47999954223633,51.75,51.47999954223633,51.65999984741211,4400,45.07185363769531,0.0
CZA,2015-07-15,51.650001525878906,51.790000915527344,51.4900016784668,51.52000045776367,15400,44.94970703125,0.0
CZA,2015-07-16,51.91999816894531,51.91999816894531,51.72999954223633,51.779998779296875,4900,45.176551818847656,0.0
CZA,2015-07-17,51.77000045776367,51.77000045776367,51.369998931884766,51.4900016784668,6500,44.92353820800781,0.0
CZA,2015-07-20,51.650001525878906,51.650001525878906,51.439998626708984,51.470001220703125,3000,44.90608215332031,0.0
CZA,2015-07-21,51.47999954223633,51.47999954223633,51.150001525878906,51.189998626708984,4500,44.66179656982422,0.0
CZA,2015-07-22,51.43000030517578,51.45000076293945,51.36000061035156,51.38999938964844,4500,44.83628845214844,0.0
CZA,2015-07-23,51.63999938964844,51.63999938964844,50.970001220703125,51.040000915527344,10900,44.53092575073242,0.0
CZA,2015-07-24,51.13999938964844,51.13999938964844,50.7599983215332,50.869998931884766,11900,44.382598876953125,0.0
CZA,2015-07-27,50.72999954223633,50.72999954223633,50.459999084472656,50.5,6200,44.05978775024414,0.0
CZA,2015-07-28,50.5,50.970001220703125,50.47999954223633,50.90999984741211,6800,44.417503356933594,0.0
CZA,2015-07-29,51.16999816894531,51.619998931884766,51.16999816894531,51.58000183105469,2600,45.0020637512207,0.0
CZA,2015-07-30,51.560001373291016,51.720001220703125,51.54999923706055,51.720001220703125,4500,45.12420654296875,0.0
CZA,2015-07-31,52.060001373291016,52.13999938964844,51.86000061035156,51.86000061035156,6700,45.24634552001953,0.0
CZA,2015-08-03,51.93000030517578,51.93000030517578,51.4900016784668,51.650001525878906,9000,45.06312942504883,0.0
CZA,2015-08-04,51.65999984741211,51.88999938964844,51.529998779296875,51.61000061035156,7700,45.02823257446289,0.0
CZA,2015-08-05,51.939998626708984,52.0,51.630001068115234,51.7400016784668,106900,45.14164733886719,0.0
CZA,2015-08-06,51.79999923706055,51.79999923706055,51.18000030517578,51.45000076293945,6100,44.88863754272461,0.0
CZA,2015-08-07,51.43000030517578,51.529998779296875,51.220001220703125,51.459999084472656,3700,44.89735794067383,0.0
CZA,2015-08-10,51.63999938964844,52.189998626708984,51.63999938964844,52.130001068115234,18000,45.48191833496094,0.0
CZA,2015-08-11,51.56999969482422,51.75,51.349998474121094,51.5,14500,44.9322624206543,0.0
CZA,2015-08-12,51.189998626708984,51.72999954223633,50.880001068115234,51.709999084472656,10100,45.115474700927734,0.0
CZA,2015-08-13,51.52000045776367,51.84000015258789,51.52000045776367,51.63999938964844,15400,45.054405212402344,0.0
CZA,2015-08-14,51.4900016784668,51.970001220703125,51.4900016784668,51.95000076293945,7200,45.32487487792969,0.0
CZA,2015-08-17,51.900001525878906,52.27000045776367,51.86000061035156,52.20000076293945,9500,45.542991638183594,0.0
CZA,2015-08-18,52.20000076293945,52.20000076293945,52.029998779296875,52.029998779296875,15500,45.3946647644043,0.0
CZA,2015-08-19,51.70000076293945,52.06999969482422,51.400001525878906,51.66999816894531,8500,45.08057403564453,0.0
CZA,2015-08-20,51.439998626708984,51.439998626708984,50.70000076293945,50.70000076293945,9500,44.234275817871094,0.0
CZA,2015-08-21,50.459999084472656,50.459999084472656,49.52000045776367,49.65999984741211,32700,43.32691192626953,0.0
CZA,2015-08-24,48.66999816894531,48.790000915527344,35.560001373291016,47.43000030517578,42300,41.38130569458008,0.0
CZA,2015-08-25,48.349998474121094,48.5099983215332,47.119998931884766,47.119998931884766,11900,41.11083984375,0.0
CZA,2015-08-26,47.869998931884766,48.29999923706055,47.09000015258789,48.279998779296875,3800,42.122901916503906,0.0
CZA,2015-08-27,49.04999923706055,49.630001068115234,48.779998779296875,49.13999938964844,9700,42.87322998046875,0.0
CZA,2015-08-28,49.25,49.470001220703125,49.25,49.41999816894531,4900,43.11751937866211,0.0
CZA,2015-08-31,49.34000015258789,49.38999938964844,48.939998626708984,49.09000015258789,9800,42.82960891723633,0.0
CZA,2015-09-01,48.560001373291016,48.560001373291016,47.54999923706055,47.709999084472656,9300,41.62559127807617,0.0
CZA,2015-09-02,48.369998931884766,48.369998931884766,47.70000076293945,48.150001525878906,113300,42.00947952270508,0.0
CZA,2015-09-03,48.380001068115234,48.97999954223633,48.380001068115234,48.630001068115234,10900,42.42827224731445,0.0
CZA,2015-09-04,47.959999084472656,48.189998626708984,47.720001220703125,48.02000045776367,4200,41.896060943603516,0.0
CZA,2015-09-08,48.4900016784668,49.349998474121094,48.45000076293945,49.0,9700,42.75107955932617,0.0
CZA,2015-09-09,49.41999816894531,49.41999816894531,48.2599983215332,48.2599983215332,14500,42.10544967651367,0.0
CZA,2015-09-10,48.439998626708984,48.650001525878906,48.31999969482422,48.43000030517578,3600,42.25376892089844,0.0
CZA,2015-09-11,48.310001373291016,48.58000183105469,48.20000076293945,48.58000183105469,2500,42.384639739990234,0.0
CZA,2015-09-14,48.650001525878906,48.650001525878906,48.31999969482422,48.43000030517578,9900,42.25376892089844,0.0
CZA,2015-09-15,48.61000061035156,48.91999816894531,48.61000061035156,48.91999816894531,3200,42.6812858581543,0.0
CZA,2015-09-16,49.11000061035156,49.459999084472656,48.97999954223633,49.459999084472656,6500,43.15241622924805,0.0
CZA,2015-09-17,49.5099983215332,49.91999816894531,49.27000045776367,49.29999923706055,2500,43.0128173828125,0.0
CZA,2015-09-18,48.83000183105469,48.959999084472656,48.52000045776367,48.52000045776367,6000,42.332298278808594,0.0
CZA,2015-09-21,49.029998779296875,49.029998779296875,48.619998931884766,48.849998474121094,8900,42.62020492553711,0.0
CZA,2015-09-22,48.34000015258789,48.38999938964844,47.869998931884766,48.119998931884766,14600,41.983306884765625,0.0
CZA,2015-09-23,48.220001220703125,48.220001220703125,47.7400016784668,47.83000183105469,4800,41.73029327392578,0.0
CZA,2015-09-24,47.5,47.630001068115234,47.220001220703125,47.630001068115234,2700,41.5557975769043,0.0
CZA,2015-09-25,47.849998474121094,47.93000030517578,47.439998626708984,47.5099983215332,1800,41.45109939575195,0.0
CZA,2015-09-28,47.41999816894531,47.41999816894531,46.349998474121094,46.349998474121094,5600,40.439029693603516,0.0
CZA,2015-09-29,46.4900016784668,46.599998474121094,46.20000076293945,46.209999084472656,4800,40.316890716552734,0.0
CZA,2015-09-30,46.70000076293945,47.18000030517578,46.70000076293945,47.18000030517578,5300,41.163185119628906,0.0
CZA,2015-10-01,47.25,47.369998931884766,46.84000015258789,47.33000183105469,5500,41.2940559387207,0.0
CZA,2015-10-02,46.939998626708984,47.529998779296875,46.720001220703125,47.529998779296875,3000,41.46855163574219,0.0
CZA,2015-10-05,48.099998474121094,48.83000183105469,48.099998474121094,48.70000076293945,12700,42.48933410644531,0.0
CZA,2015-10-06,48.86000061035156,48.91999816894531,48.4900016784668,48.630001068115234,3700,42.42827224731445,0.0
CZA,2015-10-07,48.75,49.150001525878906,48.720001220703125,49.11000061035156,12200,42.84705352783203,0.0
CZA,2015-10-08,49.08000183105469,49.7599983215332,49.04999923706055,49.7599983215332,10900,43.41415023803711,0.0
CZA,2015-10-09,49.900001525878906,49.97999954223633,49.779998779296875,49.869998931884766,6600,43.5101318359375,0.0
CZA,2015-10-12,49.7599983215332,49.939998626708984,49.7599983215332,49.88999938964844,6600,43.527584075927734,0.0
CZA,2015-10-13,49.61000061035156,49.95000076293945,49.349998474121094,49.349998474121094,4700,43.05644607543945,0.0
CZA,2015-10-14,49.5099983215332,49.5099983215332,49.2400016784668,49.2400016784668,1000,42.960479736328125,0.0
CZA,2015-10-15,49.40999984741211,49.58000183105469,49.150001525878906,49.58000183105469,6900,43.25711441040039,0.0
CZA,2015-10-16,49.7599983215332,49.90999984741211,49.540000915527344,49.90999984741211,7900,43.5450325012207,0.0
CZA,2015-10-19,49.880001068115234,49.90999984741211,49.619998931884766,49.810001373291016,23400,43.45778274536133,0.0
CZA,2015-10-20,49.81999969482422,49.9900016784668,49.72999954223633,49.959999084472656,2500,43.58864974975586,0.0
CZA,2015-10-21,49.880001068115234,49.880001068115234,49.36000061035156,49.43000030517578,8900,43.12624740600586,0.0
CZA,2015-10-22,49.52000045776367,49.75,49.5,49.58000183105469,4700,43.25711441040039,0.0
CZA,2015-10-23,49.83000183105469,50.029998779296875,49.77000045776367,49.86000061035156,5000,43.50140380859375,0.0
CZA,2015-10-26,49.86000061035156,49.869998931884766,49.689998626708984,49.7599983215332,4300,43.41415023803711,0.0
CZA,2015-10-27,49.40999984741211,49.41999816894531,49.15999984741211,49.41999816894531,6500,43.11751937866211,0.0
CZA,2015-10-28,49.5,50.02000045776367,49.5,50.02000045776367,6800,43.6410026550293,0.0
CZA,2015-10-29,50.16999816894531,50.18000030517578,49.84000015258789,50.08000183105469,6100,43.693355560302734,0.0
CZA,2015-10-30,50.189998626708984,50.25,49.959999084472656,50.0,4500,43.62355041503906,0.0
CZA,2015-11-02,50.130001068115234,50.63999938964844,50.130001068115234,50.560001373291016,3100,44.11213684082031,0.0
CZA,2015-11-03,50.27000045776367,50.61000061035156,50.27000045776367,50.59000015258789,5600,44.13831329345703,0.0
CZA,2015-11-04,50.540000915527344,50.540000915527344,50.310001373291016,50.310001373291016,1100,43.894020080566406,0.0
CZA,2015-11-05,50.34000015258789,50.52000045776367,50.2400016784668,50.439998626708984,5400,44.007442474365234,0.0
CZA,2015-11-06,50.5,50.5,50.040000915527344,50.220001220703125,5200,43.815494537353516,0.0
CZA,2015-11-09,50.09000015258789,50.209999084472656,49.400001525878906,49.63999938964844,9700,43.3094596862793,0.0
CZA,2015-11-10,49.68000030517578,49.880001068115234,49.4900016784668,49.77000045776367,5200,43.422882080078125,0.0
CZA,2015-11-11,49.86000061035156,49.90999984741211,49.599998474121094,49.650001525878906,3300,43.31818771362305,0.0
CZA,2015-11-12,49.31999969482422,49.369998931884766,48.869998931884766,48.869998931884766,6200,42.63766098022461,0.0
CZA,2015-11-13,48.869998931884766,48.869998931884766,48.36000061035156,48.470001220703125,5200,42.288665771484375,0.0
CZA,2015-11-16,48.290000915527344,48.88999938964844,48.290000915527344,48.88999938964844,4200,42.65510559082031,0.0
CZA,2015-11-17,48.880001068115234,49.34000015258789,48.810001373291016,48.869998931884766,14300,42.63766098022461,0.0
CZA,2015-11-18,49.060001373291016,49.54999923706055,49.029998779296875,49.52000045776367,7900,43.20476531982422,0.0
CZA,2015-11-19,49.619998931884766,49.77000045776367,49.540000915527344,49.619998931884766,55700,43.29201126098633,0.0
CZA,2015-11-20,49.59000015258789,49.68000030517578,49.58000183105469,49.66999816894531,2200,43.33563232421875,0.0
CZA,2015-11-23,49.68000030517578,50.0099983215332,49.650001525878906,49.7400016784668,5000,43.3967170715332,0.0
CZA,2015-11-24,49.599998474121094,49.83000183105469,49.36000061035156,49.810001373291016,4800,43.45778274536133,0.0
CZA,2015-11-25,50.06999969482422,50.06999969482422,49.86000061035156,49.970001220703125,25200,43.59737777709961,0.0
CZA,2015-11-27,49.869998931884766,50.0099983215332,49.849998474121094,49.95000076293945,2000,43.57992172241211,0.0
CZA,2015-11-30,50.06999969482422,50.06999969482422,49.79999923706055,49.91999816894531,11600,43.55375671386719,0.0
CZA,2015-12-01,50.040000915527344,50.060001373291016,49.90999984741211,50.040000915527344,2100,43.658447265625,0.0
CZA,2015-12-02,49.86000061035156,49.86000061035156,49.349998474121094,49.470001220703125,1700,43.1611442565918,0.0
CZA,2015-12-03,49.650001525878906,49.650001525878906,48.79999923706055,48.90999984741211,5000,42.67256164550781,0.0
CZA,2015-12-04,48.959999084472656,49.400001525878906,48.959999084472656,49.369998931884766,5300,43.073890686035156,0.0
CZA,2015-12-07,49.2599983215332,49.2599983215332,48.619998931884766,48.779998779296875,7600,42.55913543701172,0.0
CZA,2015-12-08,48.43000030517578,48.75,48.43000030517578,48.5,7100,42.31484603881836,0.0
CZA,2015-12-09,48.47999954223633,49.0,48.11000061035156,48.52000045776367,6300,42.332298278808594,0.0
CZA,2015-12-10,48.540000915527344,48.689998626708984,48.349998474121094,48.400001525878906,5700,42.227603912353516,0.0
CZA,2015-12-11,48.2400016784668,48.2400016784668,47.310001373291016,47.310001373291016,5500,41.276611328125,0.0
CZA,2015-12-14,47.29999923706055,47.459999084472656,46.56999969482422,46.90999984741211,29400,40.927616119384766,0.0
CZA,2015-12-15,47.689998626708984,47.810001373291016,47.41999816894531,47.630001068115234,8100,41.5557975769043,0.0
CZA,2015-12-16,47.810001373291016,48.56999969482422,47.810001373291016,48.540000915527344,8400,42.34975051879883,0.0
CZA,2015-12-17,48.27000045776367,48.27000045776367,47.75,47.880001068115234,9700,41.7739143371582,0.0
CZA,2015-12-18,47.68000030517578,47.72999954223633,47.16999816894531,47.33000183105469,17200,41.2940559387207,0.0
CZA,2015-12-21,47.459999084472656,47.58000183105469,47.189998626708984,47.5099983215332,14200,41.45109939575195,0.0
CZA,2015-12-22,47.709999084472656,48.209999084472656,47.529998779296875,48.040000915527344,17500,41.913509368896484,0.0
CZA,2015-12-23,48.279998779296875,48.86000061035156,48.27000045776367,48.79999923706055,12800,42.57658386230469,0.0
CZA,2015-12-24,48.06999969482422,48.33000183105469,48.06999969482422,48.2599983215332,2100,42.678279876708984,0.655
CZA,2015-12-28,47.970001220703125,48.0,47.63999938964844,47.970001220703125,3000,42.42182159423828,0.0
CZA,2015-12-29,48.54999923706055,48.54999923706055,48.209999084472656,48.400001525878906,7200,42.802093505859375,0.0
CZA,2015-12-30,48.31999969482422,48.369998931884766,48.11000061035156,48.2400016784668,7100,42.66059875488281,0.0
CZA,2015-12-31,48.15999984741211,48.29999923706055,47.79999923706055,47.90999984741211,11000,42.368770599365234,0.0
CZA,2016-01-04,47.349998474121094,47.369998931884766,46.84000015258789,47.369998931884766,8600,41.8912239074707,0.0
CZA,2016-01-05,47.470001220703125,47.529998779296875,47.279998779296875,47.52000045776367,2100,42.02388000488281,0.0
CZA,2016-01-06,46.869998931884766,46.97999954223633,46.70000076293945,46.81999969482422,4600,41.404842376708984,0.0
CZA,2016-01-07,46.08000183105469,46.220001220703125,45.61000061035156,45.61000061035156,12200,40.33478927612305,0.0
CZA,2016-01-08,45.75,45.779998779296875,45.18000030517578,45.18000030517578,12900,39.95451736450195,0.0
CZA,2016-01-11,45.31999969482422,45.31999969482422,44.540000915527344,45.029998779296875,10600,39.82186508178711,0.0
CZA,2016-01-12,45.29999923706055,45.36000061035156,44.65999984741211,45.15999984741211,11800,39.93682861328125,0.0
CZA,2016-01-13,45.369998931884766,45.369998931884766,44.0099983215332,44.15999984741211,4700,39.052490234375,0.0
CZA,2016-01-14,44.40999984741211,44.849998474121094,43.93000030517578,44.54999923706055,12200,39.39738082885742,0.0
CZA,2016-01-15,43.66999816894531,43.900001525878906,43.29999923706055,43.77000045776367,39800,38.70759582519531,0.0
CZA,2016-01-19,44.33000183105469,44.33000183105469,43.439998626708984,43.72999954223633,7000,38.67222595214844,0.0
CZA,2016-01-20,43.25,43.529998779296875,42.08000183105469,43.029998779296875,36000,38.053184509277344,0.0
CZA,2016-01-21,43.33000183105469,43.83000183105469,43.099998474121094,43.15999984741211,7100,38.168148040771484,0.0
CZA,2016-01-22,43.90999984741211,44.18000030517578,43.810001373291016,44.150001525878906,6800,39.04364776611328,0.0
CZA,2016-01-25,44.150001525878906,44.150001525878906,43.540000915527344,43.560001373291016,4200,38.52188491821289,0.0
CZA,2016-01-26,43.70000076293945,44.29999923706055,43.70000076293945,44.29999923706055,15300,39.176292419433594,0.0
CZA,2016-01-27,44.04999923706055,44.459999084472656,43.65999984741211,43.810001373291016,5500,38.742977142333984,0.0
CZA,2016-01-28,44.060001373291016,44.060001373291016,43.560001373291016,43.810001373291016,5300,38.742977142333984,0.0
CZA,2016-01-29,43.95000076293945,44.75,43.95000076293945,44.75,12200,39.574249267578125,0.0
CZA,2016-02-01,44.4900016784668,45.02000045776367,44.4900016784668,44.90999984741211,11400,39.71574783325195,0.0
CZA,2016-02-02,44.15999984741211,44.15999984741211,43.720001220703125,43.880001068115234,10400,38.80487060546875,0.0
CZA,2016-02-03,44.209999084472656,44.209999084472656,43.45000076293945,44.029998779296875,2600,38.937522888183594,0.0
CZA,2016-02-04,44.68000030517578,44.68000030517578,44.310001373291016,44.470001220703125,5900,39.326629638671875,0.0
CZA,2016-02-05,44.439998626708984,44.439998626708984,43.59000015258789,43.59000015258789,7200,38.54841232299805,0.0
CZA,2016-02-08,43.11000061035156,43.11000061035156,42.11000061035156,42.36000061035156,11000,37.460670471191406,0.0
CZA,2016-02-09,41.959999084472656,42.5,41.959999084472656,42.27000045776367,11200,37.38108825683594,0.0
CZA,2016-02-10,42.5,42.83000183105469,42.47999954223633,42.810001373291016,6300,37.8586311340332,0.0
CZA,2016-02-11,41.91999816894531,41.91999816894531,41.2599983215332,41.810001373291016,23800,36.97428894042969,0.0
CZA,2016-02-12,42.0,42.709999084472656,42.0,42.56999969482422,6100,37.646385192871094,0.0
CZA,2016-02-16,42.90999984741211,43.45000076293945,42.869998931884766,43.43000030517578,4800,38.40692138671875,0.0
CZA,2016-02-17,44.040000915527344,44.33000183105469,44.040000915527344,44.189998626708984,11600,39.079017639160156,0.0
CZA,2016-02-18,44.40999984741211,44.40999984741211,44.08000183105469,44.08000183105469,11700,38.98174285888672,0.0
CZA,2016-02-19,43.880001068115234,44.099998474121094,43.880001068115234,44.0,12700,38.91099548339844,0.0
CZA,2016-02-22,44.72999954223633,44.790000915527344,44.650001525878906,44.790000915527344,2200,39.609622955322266,0.0
CZA,2016-02-23,44.529998779296875,44.709999084472656,44.459999084472656,44.529998779296875,5500,39.37969207763672,0.0
CZA,2016-02-24,44.31999969482422,44.939998626708984,44.0099983215332,44.939998626708984,4100,39.74227523803711,0.0
CZA,2016-02-25,45.0099983215332,45.29999923706055,44.939998626708984,45.29999923706055,2000,40.06063461303711,0.0
CZA,2016-02-26,45.81999969482422,45.81999969482422,45.5,45.52000045776367,3200,40.25520324707031,0.0
CZA,2016-02-29,45.689998626708984,45.7599983215332,45.31999969482422,45.31999969482422,1500,40.07832336425781,0.0
CZA,2016-03-01,45.59000015258789,46.0099983215332,45.5,45.970001220703125,2900,40.65314483642578,0.0
CZA,2016-03-02,46.290000915527344,46.529998779296875,46.220001220703125,46.529998779296875,6300,41.148380279541016,0.0
CZA,2016-03-03,46.59000015258789,46.900001525878906,46.59000015258789,46.900001525878906,2400,41.475582122802734,0.0
CZA,2016-03-04,46.939998626708984,47.369998931884766,46.939998626708984,47.18000030517578,44400,41.72319793701172,0.0
CZA,2016-03-07,46.88999938964844,47.459999084472656,46.88999938964844,47.25,4800,41.78509521484375,0.0
CZA,2016-03-08,46.75,46.83000183105469,46.68000030517578,46.68000030517578,1400,41.28102493286133,0.0
CZA,2016-03-09,46.790000915527344,46.90999984741211,46.70000076293945,46.900001525878906,6700,41.475582122802734,0.0
CZA,2016-03-10,46.86000061035156,46.86000061035156,46.400001525878906,46.47999954223633,2700,41.10416030883789,0.0
CZA,2016-03-11,47.20000076293945,47.59000015258789,47.20000076293945,47.59000015258789,4500,42.08577346801758,0.0
CZA,2016-03-14,47.380001068115234,47.599998474121094,47.380001068115234,47.599998474121094,2200,42.0946159362793,0.0
CZA,2016-03-15,47.209999084472656,47.290000915527344,47.04999923706055,47.189998626708984,4300,41.73204040527344,0.0
CZA,2016-03-16,47.099998474121094,47.77000045776367,47.099998474121094,47.77000045776367,5100,42.244956970214844,0.0
CZA,2016-03-17,47.75,48.36000061035156,47.72999954223633,48.29999923706055,3600,42.713661193847656,0.0
CZA,2016-03-18,48.27000045776367,48.59000015258789,48.27000045776367,48.58000183105469,4400,42.961273193359375,0.0
CZA,2016-03-21,48.400001525878906,48.56999969482422,48.380001068115234,48.5,7500,42.89052963256836,0.0
CZA,2016-03-22,48.34000015258789,48.63999938964844,48.16999816894531,48.470001220703125,8400,42.86399841308594,0.0
CZA,2016-03-23,48.189998626708984,48.2599983215332,48.130001068115234,48.13999938964844,2300,42.572166442871094,0.0
CZA,2016-03-24,47.7400016784668,47.93000030517578,47.689998626708984,47.93000030517578,7300,42.38645553588867,0.0
CZA,2016-03-28,48.060001373291016,48.209999084472656,48.040000915527344,48.099998474121094,3500,42.53679275512695,0.0
CZA,2016-03-29,48.099998474121094,48.7400016784668,48.099998474121094,48.7400016784668,3200,43.1027717590332,0.0
CZA,2016-03-30,48.95000076293945,49.0099983215332,48.77000045776367,48.959999084472656,2400,43.297325134277344,0.0
CZA,2016-03-31,48.959999084472656,49.0099983215332,48.790000915527344,48.83000183105469,4200,43.18236541748047,0.0
CZA,2016-04-01,48.560001373291016,49.08000183105469,48.560001373291016,49.08000183105469,2400,43.403446197509766,0.0
CZA,2016-04-04,49.029998779296875,49.09000015258789,48.70000076293945,48.7599983215332,101500,43.120452880859375,0.0
CZA,2016-04-05,48.150001525878906,48.25,48.099998474121094,48.189998626708984,5500,42.61637878417969,0.0
CZA,2016-04-06,47.97999954223633,48.40999984741211,47.97999954223633,48.40999984741211,3000,42.81093978881836,0.0
CZA,2016-04-07,48.16999816894531,48.20000076293945,47.66999816894531,47.709999084472656,6600,42.19189453125,0.0
CZA,2016-04-08,48.09000015258789,48.31999969482422,47.9900016784668,48.06999969482422,7900,42.51026153564453,0.0
CZA,2016-04-11,48.58000183105469,48.58000183105469,48.290000915527344,48.290000915527344,6800,42.70481491088867,0.0
CZA,2016-04-12,48.290000915527344,48.880001068115234,48.290000915527344,48.70000076293945,18900,43.06739807128906,0.0
CZA,2016-04-13,48.95000076293945,49.41999816894531,48.95000076293945,49.41999816894531,5400,43.70412063598633,0.0
CZA,2016-04-14,49.380001068115234,49.5,49.290000915527344,49.459999084472656,4800,43.739498138427734,0.0
CZA,2016-04-15,49.45000076293945,49.560001373291016,49.45000076293945,49.47999954223633,4000,43.757179260253906,0.0
CZA,2016-04-18,49.18000030517578,49.720001220703125,49.18000030517578,49.630001068115234,4100,43.889835357666016,0.0
CZA,2016-04-19,49.900001525878906,50.130001068115234,49.880001068115234,50.04999923706055,3300,44.261253356933594,0.0
CZA,2016-04-20,50.119998931884766,50.40999984741211,49.93000030517578,50.220001220703125,21800,44.41159439086914,0.0
CZA,2016-04-21,50.31999969482422,50.400001525878906,49.90999984741211,49.90999984741211,12300,44.137447357177734,0.0
CZA,2016-04-22,50.0,50.31999969482422,50.0,50.18000030517578,4200,44.376220703125,0.0
CZA,2016-04-25,50.02000045776367,50.18000030517578,49.790000915527344,49.83000183105469,6100,44.066707611083984,0.0
CZA,2016-04-26,50.209999084472656,50.27000045776367,50.099998474121094,50.15999984741211,2800,44.35853576660156,0.0
CZA,2016-04-27,50.310001373291016,50.61000061035156,50.2599983215332,50.61000061035156,3400,44.75648880004883,0.0
CZA,2016-04-28,50.540000915527344,50.75,50.25,50.29999923706055,3100,44.48233413696289,0.0
CZA,2016-04-29,50.15999984741211,50.15999984741211,49.599998474121094,50.0,7200,44.217041015625,0.0
CZA,2016-05-02,49.97999954223633,50.34000015258789,49.959999084472656,50.31999969482422,4000,44.500030517578125,0.0
CZA,2016-05-03,49.599998474121094,49.779998779296875,49.41999816894531,49.720001220703125,6500,43.96942138671875,0.0
CZA,2016-05-04,49.47999954223633,49.630001068115234,49.29999923706055,49.56999969482422,22200,43.83677673339844,0.0
CZA,2016-05-05,49.720001220703125,49.810001373291016,49.439998626708984,49.52000045776367,107300,43.79256057739258,0.0
CZA,2016-05-06,49.47999954223633,49.68000030517578,49.31999969482422,49.68000030517578,3200,43.93404769897461,0.0
CZA,2016-05-09,49.63999938964844,49.869998931884766,49.599998474121094,49.869998931884766,3000,44.102073669433594,0.0
CZA,2016-05-10,49.95000076293945,50.33000183105469,49.95000076293945,50.27000045776367,6400,44.455810546875,0.0
CZA,2016-05-11,50.29999923706055,50.29999923706055,49.939998626708984,50.060001373291016,6700,44.27009963989258,0.0
CZA,2016-05-12,49.849998474121094,50.15999984741211,49.79999923706055,49.9900016784668,7200,44.208194732666016,0.0
CZA,2016-05-13,50.130001068115234,50.130001068115234,49.56999969482422,49.599998474121094,3500,43.863304138183594,0.0
CZA,2016-05-16,49.689998626708984,50.31999969482422,49.689998626708984,50.209999084472656,3400,44.40275573730469,0.0
CZA,2016-05-17,50.0,50.209999084472656,49.7400016784668,49.83000183105469,5200,44.066707611083984,0.0
CZA,2016-05-18,50.06999969482422,50.18000030517578,49.650001525878906,49.91999816894531,6600,44.14629364013672,0.0
CZA,2016-05-19,49.380001068115234,49.70000076293945,49.380001068115234,49.619998931884766,8600,43.880985260009766,0.0
CZA,2016-05-20,50.15999984741211,50.18000030517578,49.970001220703125,50.029998779296875,3200,44.243568420410156,0.0
CZA,2016-05-23,50.27000045776367,50.27000045776367,49.97999954223633,50.06999969482422,4300,44.2789421081543,0.0
CZA,2016-05-24,50.72999954223633,50.779998779296875,50.59000015258789,50.779998779296875,3400,44.90682601928711,0.0
CZA,2016-05-25,51.11000061035156,51.16999816894531,50.970001220703125,51.040000915527344,8800,45.13675308227539,0.0
CZA,2016-05-26,50.88999938964844,51.0099983215332,50.880001068115234,50.959999084472656,1400,45.066001892089844,0.0
CZA,2016-05-27,50.9900016784668,51.20000076293945,50.9900016784668,51.20000076293945,4700,45.27824783325195,0.0
CZA,2016-05-31,51.59000015258789,51.59000015258789,51.16999816894531,51.16999816894531,4400,45.25171661376953,0.0
CZA,2016-06-01,51.130001068115234,51.56999969482422,51.130001068115234,51.56999969482422,3700,45.60545349121094,0.0
CZA,2016-06-02,51.31999969482422,51.79999923706055,51.31999969482422,51.720001220703125,4000,45.73810577392578,0.0
CZA,2016-06-03,51.7400016784668,51.7400016784668,51.16999816894531,51.5099983215332,6000,45.552391052246094,0.0
CZA,2016-06-06,51.689998626708984,51.88999938964844,51.689998626708984,51.7599983215332,3800,45.773475646972656,0.0
CZA,2016-06-07,51.9900016784668,52.08000183105469,51.90999984741211,52.0,3300,45.985721588134766,0.0
CZA,2016-06-08,52.02000045776367,52.18000030517578,52.02000045776367,52.08000183105469,3400,46.05646896362305,0.0
CZA,2016-06-09,51.849998474121094,52.040000915527344,51.849998474121094,52.02000045776367,1600,46.00340270996094,0.0
CZA,2016-06-10,51.54999923706055,51.54999923706055,51.20000076293945,51.2599983215332,2700,45.3313102722168,0.0
CZA,2016-06-13,51.34000015258789,51.34000015258789,50.970001220703125,50.970001220703125,2600,45.07484817504883,0.0
CZA,2016-06-14,50.900001525878906,50.900001525878906,50.41999816894531,50.56999969482422,8700,44.72111511230469,0.0
CZA,2016-06-15,50.56999969482422,50.97999954223633,50.56999969482422,50.900001525878906,4200,45.0129508972168,0.0
CZA,2016-06-16,50.560001373291016,50.70000076293945,50.099998474121094,50.70000076293945,10400,44.836082458496094,0.0
CZA,2016-06-17,50.869998931884766,50.869998931884766,50.650001525878906,50.810001373291016,5100,44.93336486816406,0.0
CZA,2016-06-20,51.310001373291016,51.58000183105469,51.220001220703125,51.220001220703125,9100,45.295936584472656,0.0
CZA,2016-06-21,51.400001525878906,51.4900016784668,51.220001220703125,51.33000183105469,3200,45.39321517944336,0.0
CZA,2016-06-22,51.630001068115234,51.630001068115234,51.29999923706055,51.29999923706055,9800,45.36668395996094,0.0
CZA,2016-06-23,51.79999923706055,52.0,51.79999923706055,51.95000076293945,8100,45.94150161743164,0.0
CZA,2016-06-24,50.13999938964844,50.63999938964844,49.86000061035156,49.939998626708984,10100,44.16398239135742,0.0
CZA,2016-06-27,49.189998626708984,49.189998626708984,48.04999923706055,48.220001220703125,9100,42.64291763305664,0.0
CZA,2016-06-28,48.790000915527344,49.189998626708984,48.630001068115234,49.119998931884766,12400,43.43881607055664,0.0
CZA,2016-06-29,49.70000076293945,50.06999969482422,49.599998474121094,50.0,4700,44.217041015625,0.0
CZA,2016-06-30,50.02000045776367,50.7599983215332,49.939998626708984,50.709999084472656,5500,44.84492111206055,0.0
CZA,2016-07-01,50.880001068115234,51.13999938964844,50.84000015258789,50.88999938964844,3800,45.00410461425781,0.0
CZA,2016-07-05,50.599998474121094,50.599998474121094,50.130001068115234,50.33000183105469,3800,44.50887680053711,0.0
CZA,2016-07-06,50.09000015258789,50.4900016784668,50.09000015258789,50.4900016784668,3600,44.650367736816406,0.0
CZA,2016-07-07,50.65999984741211,50.7599983215332,50.2599983215332,50.45000076293945,5100,44.614990234375,0.0
CZA,2016-07-08,50.849998474121094,51.34000015258789,50.849998474121094,51.34000015258789,4500,45.40205764770508,0.0
CZA,2016-07-11,51.58000183105469,51.72999954223633,51.540000915527344,51.66999816894531,5500,45.693885803222656,0.0
CZA,2016-07-12,51.9900016784668,52.11000061035156,51.90999984741211,52.0,5800,45.985721588134766,0.0
CZA,2016-07-13,52.09000015258789,52.09000015258789,51.81999969482422,51.93000030517578,8000,45.92382049560547,0.0
CZA,2016-07-14,52.2599983215332,52.290000915527344,52.09000015258789,52.099998474121094,11200,46.07415008544922,0.0
CZA,2016-07-15,52.11000061035156,52.33000183105469,51.97999954223633,52.16999816894531,7100,46.13605880737305,0.0
CZA,2016-07-18,52.099998474121094,52.33000183105469,52.06999969482422,52.33000183105469,5200,46.277549743652344,0.0
CZA,2016-07-19,51.9900016784668,52.29999923706055,51.9900016784668,52.29999923706055,6800,46.25102233886719,0.0
CZA,2016-07-20,52.349998474121094,52.529998779296875,52.349998474121094,52.5,2400,46.42789077758789,0.0
CZA,2016-07-21,52.380001068115234,52.61000061035156,52.27000045776367,52.349998474121094,5600,46.29524230957031,0.0
CZA,2016-07-22,52.4900016784668,52.83000183105469,52.400001525878906,52.790000915527344,2600,46.684349060058594,0.0
CZA,2016-07-25,52.81999969482422,52.81999969482422,52.540000915527344,52.720001220703125,5400,46.6224479675293,0.0
CZA,2016-07-26,52.650001525878906,52.9900016784668,52.650001525878906,52.9900016784668,5000,46.86122131347656,0.0
CZA,2016-07-27,53.02000045776367,53.02000045776367,52.400001525878906,52.59000015258789,4200,46.507484436035156,0.0
CZA,2016-07-28,52.380001068115234,52.79999923706055,52.380001068115234,52.77000045776367,3300,46.666664123535156,0.0
CZA,2016-07-29,52.77000045776367,52.79999923706055,52.38999938964844,52.70000076293945,5900,46.604759216308594,0.0
CZA,2016-08-01,52.75,52.779998779296875,52.599998474121094,52.619998931884766,6300,46.53401184082031,0.0
CZA,2016-08-02,52.56999969482422,52.56999969482422,52.02000045776367,52.08000183105469,1500,46.05646896362305,0.0
CZA,2016-08-03,52.0099983215332,52.33000183105469,52.0099983215332,52.29999923706055,4300,46.25102233886719,0.0
CZA,2016-08-04,52.43000030517578,52.52000045776367,52.31999969482422,52.31999969482422,2600,46.268707275390625,0.0
CZA,2016-08-05,52.56999969482422,52.77000045776367,52.56999969482422,52.75,5600,46.64897155761719,0.0
CZA,2016-08-08,52.75,52.88999938964844,52.720001220703125,52.7599983215332,6000,46.65781784057617,0.0
CZA,2016-08-09,52.810001373291016,52.810001373291016,52.70000076293945,52.72999954223633,2800,46.63128662109375,0.0
CZA,2016-08-10,52.72999954223633,52.7599983215332,52.58000183105469,52.689998626708984,5200,46.595916748046875,0.0
CZA,2016-08-11,52.869998931884766,52.869998931884766,52.75,52.79999923706055,3300,46.69319152832031,0.0
CZA,2016-08-12,52.7599983215332,52.88999938964844,52.650001525878906,52.689998626708984,4600,46.595916748046875,0.0
CZA,2016-08-15,52.65999984741211,53.060001373291016,52.65999984741211,52.939998626708984,4900,46.81699752807617,0.0
CZA,2016-08-16,52.810001373291016,52.810001373291016,52.61000061035156,52.61000061035156,4500,46.52517318725586,0.0
CZA,2016-08-17,52.439998626708984,52.54999923706055,52.27000045776367,52.459999084472656,3900,46.392520904541016,0.0
CZA,2016-08-18,52.52000045776367,52.68000030517578,52.52000045776367,52.56999969482422,3700,46.48979187011719,0.0
CZA,2016-08-19,52.849998474121094,52.849998474121094,52.459999084472656,52.619998931884766,5700,46.53401184082031,0.0
CZA,2016-08-22,52.56999969482422,52.65999984741211,52.459999084472656,52.59000015258789,4400,46.507484436035156,0.0
CZA,2016-08-23,52.91999816894531,52.970001220703125,52.79999923706055,52.810001373291016,9700,46.7020378112793,0.0
CZA,2016-08-24,52.689998626708984,52.779998779296875,52.52000045776367,52.540000915527344,6200,46.46326446533203,0.0
CZA,2016-08-25,52.7599983215332,52.7599983215332,52.61000061035156,52.630001068115234,7400,46.5428581237793,0.0
CZA,2016-08-26,52.66999816894531,53.02000045776367,52.349998474121094,52.5,2000,46.42789077758789,0.0
CZA,2016-08-29,52.93000030517578,53.060001373291016,52.869998931884766,52.939998626708984,7200,46.81699752807617,0.0
CZA,2016-08-30,53.13999938964844,53.13999938964844,52.880001068115234,53.04999923706055,5600,46.91427230834961,0.0
CZA,2016-08-31,53.150001525878906,53.150001525878906,52.790000915527344,52.939998626708984,7600,46.81699752807617,0.0
CZA,2016-09-01,53.2400016784668,53.2400016784668,52.599998474121094,52.93000030517578,3800,46.80815887451172,0.0
CZA,2016-09-02,53.41999816894531,53.41999816894531,53.22999954223633,53.40999984741211,11700,47.232643127441406,0.0
CZA,2016-09-06,53.59000015258789,53.59000015258789,53.15999984741211,53.20000076293945,6100,47.046932220458984,0.0
CZA,2016-09-07,53.209999084472656,53.459999084472656,53.209999084472656,53.43000030517578,5700,47.250328063964844,0.0
CZA,2016-09-08,53.380001068115234,53.43000030517578,53.2599983215332,53.369998931884766,6000,47.197261810302734,0.0
CZA,2016-09-09,52.959999084472656,52.959999084472656,51.900001525878906,51.900001525878906,5400,45.89728546142578,0.0
CZA,2016-09-12,51.83000183105469,52.59000015258789,51.83000183105469,52.540000915527344,6200,46.46326446533203,0.0
CZA,2016-09-13,52.06999969482422,52.06999969482422,51.650001525878906,51.790000915527344,9100,45.80000686645508,0.0
CZA,2016-09-14,51.90999984741211,51.90999984741211,51.56999969482422,51.599998474121094,2200,45.63198471069336,0.0
CZA,2016-09-15,51.75,52.2400016784668,51.75,52.11000061035156,5500,46.08300018310547,0.0
CZA,2016-09-16,51.900001525878906,51.939998626708984,51.72999954223633,51.86000061035156,2500,45.861915588378906,0.0
CZA,2016-09-19,52.13999938964844,52.45000076293945,52.130001068115234,52.18000030517578,2600,46.1448974609375,0.0
CZA,2016-09-20,52.619998931884766,52.619998931884766,52.22999954223633,52.2400016784668,3800,46.19796371459961,0.0
CZA,2016-09-21,52.5,52.58000183105469,52.220001220703125,52.47999954223633,2200,46.41020202636719,0.0
CZA,2016-09-22,53.119998931884766,53.36000061035156,53.119998931884766,53.349998474121094,4200,47.17958068847656,0.0
CZA,2016-09-23,53.209999084472656,53.22999954223633,52.970001220703125,53.06999969482422,5600,46.93196105957031,0.0
CZA,2016-09-26,52.880001068115234,52.880001068115234,52.650001525878906,52.709999084472656,2900,46.61359786987305,0.0
CZA,2016-09-27,52.810001373291016,52.95000076293945,52.790000915527344,52.86000061035156,5800,46.746253967285156,0.0
CZA,2016-09-28,52.86000061035156,53.2400016784668,52.83000183105469,53.2400016784668,3500,47.08230972290039,0.0
CZA,2016-09-29,53.29999923706055,53.29999923706055,52.630001068115234,52.779998779296875,3900,46.675506591796875,0.0
CZA,2016-09-30,52.939998626708984,53.31999969482422,52.939998626708984,53.31999969482422,3600,47.153053283691406,0.0
CZA,2016-10-03,53.11000061035156,53.11000061035156,52.7599983215332,52.88999938964844,8100,46.77278137207031,0.0
CZA,2016-10-04,52.810001373291016,52.810001373291016,52.470001220703125,52.47999954223633,8900,46.41020202636719,0.0
CZA,2016-10-05,52.79999923706055,52.880001068115234,52.709999084472656,52.79999923706055,3800,46.69319152832031,0.0
CZA,2016-10-06,52.720001220703125,52.86000061035156,52.47999954223633,52.83000183105469,1700,46.7197265625,0.0
CZA,2016-10-07,53.0,53.0,52.459999084472656,52.560001373291016,1500,46.48094940185547,0.0
CZA,2016-10-10,52.91999816894531,52.91999816894531,52.66999816894531,52.72999954223633,5600,46.63128662109375,0.0
CZA,2016-10-11,52.060001373291016,52.16999816894531,51.779998779296875,52.029998779296875,4600,46.01225280761719,0.0
CZA,2016-10-12,51.95000076293945,52.400001525878906,51.95000076293945,52.22999954223633,3600,46.189125061035156,0.0
CZA,2016-10-13,51.72999954223633,52.27000045776367,51.72999954223633,52.220001220703125,3700,46.18028259277344,0.0
CZA,2016-10-14,52.47999954223633,52.529998779296875,52.279998779296875,52.349998474121094,2500,46.29524230957031,0.0
CZA,2016-10-17,52.380001068115234,52.380001068115234,52.279998779296875,52.279998779296875,1000,46.23333740234375,0.0
CZA,2016-10-18,52.5,52.75,52.5,52.72999954223633,3400,46.63128662109375,0.0
CZA,2016-10-19,52.7599983215332,52.86000061035156,52.7400016784668,52.86000061035156,17000,46.746253967285156,0.0
CZA,2016-10-20,52.65999984741211,52.75,52.529998779296875,52.619998931884766,6300,46.53401184082031,0.0
CZA,2016-10-21,52.290000915527344,52.47999954223633,52.290000915527344,52.47999954223633,1900,46.41020202636719,0.0
CZA,2016-10-24,52.650001525878906,53.0,52.54999923706055,52.63999938964844,3100,46.55170822143555,0.0
CZA,2016-10-25,52.630001068115234,52.630001068115234,52.34000015258789,52.349998474121094,5700,46.29524230957031,0.0
CZA,2016-10-26,52.11000061035156,52.400001525878906,52.099998474121094,52.33000183105469,4600,46.277549743652344,0.0
CZA,2016-10-27,52.439998626708984,52.439998626708984,51.77000045776367,51.81999969482422,6600,45.82654571533203,0.0
CZA,2016-10-28,51.75,52.279998779296875,51.75,51.95000076293945,12600,45.94150161743164,0.0
CZA,2016-10-31,52.2400016784668,52.36000061035156,52.130001068115234,52.31999969482422,20400,46.268707275390625,0.0
CZA,2016-11-01,52.34000015258789,52.34000015258789,51.630001068115234,51.81999969482422,7800,45.82654571533203,0.0
CZA,2016-11-02,51.470001220703125,51.709999084472656,51.349998474121094,51.40999984741211,3400,45.463958740234375,0.0
CZA,2016-11-03,51.36000061035156,51.689998626708984,51.36000061035156,51.380001068115234,6700,45.43742370605469,0.0
CZA,2016-11-04,51.349998474121094,51.880001068115234,51.349998474121094,51.459999084472656,5900,45.508174896240234,0.0
CZA,2016-11-07,52.36000061035156,52.52000045776367,52.099998474121094,52.52000045776367,3800,46.445579528808594,0.0
CZA,2016-11-08,52.279998779296875,52.81999969482422,52.279998779296875,52.810001373291016,2800,46.7020378112793,0.0
CZA,2016-11-09,51.650001525878906,53.150001525878906,51.650001525878906,52.869998931884766,10800,46.75510025024414,0.0
CZA,2016-11-10,53.849998474121094,53.849998474121094,52.939998626708984,53.0099983215332,10700,46.87890625,0.0
CZA,2016-11-11,52.810001373291016,53.060001373291016,52.810001373291016,53.02000045776367,7900,46.88774490356445,0.0
CZA,2016-11-14,53.040000915527344,53.54999923706055,53.040000915527344,53.47999954223633,5300,47.29454040527344,0.0
CZA,2016-11-15,53.459999084472656,53.83000183105469,53.459999084472656,53.7599983215332,11100,47.54216003417969,0.0
CZA,2016-11-16,53.619998931884766,53.619998931884766,53.4900016784668,53.599998474121094,2400,47.40066146850586,0.0
CZA,2016-11-17,53.84000015258789,53.90999984741211,53.77000045776367,53.869998931884766,4300,47.639434814453125,0.0
CZA,2016-11-18,53.939998626708984,53.959999084472656,53.779998779296875,53.79999923706055,8600,47.57753372192383,0.0
CZA,2016-11-21,53.959999084472656,54.16999816894531,53.95000076293945,54.08000183105469,4500,47.82514953613281,0.0
CZA,2016-11-22,54.2400016784668,54.36000061035156,54.130001068115234,54.2599983215332,5300,47.98433303833008,0.0
CZA,2016-11-23,54.29999923706055,54.41999816894531,54.18000030517578,54.41999816894531,6900,48.12582015991211,0.0
CZA,2016-11-25,54.52000045776367,54.619998931884766,54.52000045776367,54.58000183105469,1900,48.2673225402832,0.0
CZA,2016-11-28,54.65999984741211,54.65999984741211,54.369998931884766,54.369998931884766,5100,48.08160400390625,0.0
CZA,2016-11-29,54.36000061035156,54.54999923706055,54.36000061035156,54.45000076293945,4000,48.1523551940918,0.0
CZA,2016-11-30,54.540000915527344,54.540000915527344,54.099998474121094,54.099998474121094,10600,47.84283447265625,0.0
CZA,2016-12-01,54.34000015258789,54.34000015258789,53.790000915527344,53.81999969482422,6500,47.5952262878418,0.0
CZA,2016-12-02,54.02000045776367,54.02000045776367,53.790000915527344,53.88999938964844,3100,47.657127380371094,0.0
CZA,2016-12-05,54.04999923706055,54.2599983215332,53.97999954223633,54.20000076293945,6600,47.931270599365234,0.0
CZA,2016-12-06,54.25,54.59000015258789,54.22999954223633,54.52000045776367,11000,48.214263916015625,0.0
CZA,2016-12-07,54.470001220703125,55.290000915527344,54.470001220703125,55.220001220703125,16700,48.83330535888672,0.0
CZA,2016-12-08,55.220001220703125,55.63999938964844,55.209999084472656,55.540000915527344,9600,49.11629104614258,0.0
CZA,2016-12-09,55.61000061035156,55.75,55.529998779296875,55.75,9600,49.30199432373047,0.0
CZA,2016-12-12,55.880001068115234,55.880001068115234,55.4900016784668,55.61000061035156,11400,49.178192138671875,0.0
CZA,2016-12-13,55.650001525878906,55.7400016784668,55.540000915527344,55.7400016784668,7300,49.29315185546875,0.0
CZA,2016-12-14,55.61000061035156,55.81999969482422,55.119998931884766,55.220001220703125,9500,48.83330535888672,0.0
CZA,2016-12-15,55.0,55.5,55.0,55.34000015258789,11000,48.939422607421875,0.0
CZA,2016-12-16,55.2599983215332,55.630001068115234,55.2599983215332,55.400001525878906,12000,48.99247741699219,0.0
CZA,2016-12-19,55.310001373291016,55.650001525878906,55.310001373291016,55.630001068115234,7400,49.19588088989258,0.0
CZA,2016-12-20,55.619998931884766,55.880001068115234,55.619998931884766,55.7599983215332,8500,49.31083679199219,0.0
CZA,2016-12-21,55.869998931884766,55.869998931884766,55.63999938964844,55.63999938964844,3200,49.20472717285156,0.0
CZA,2016-12-22,55.77000045776367,55.77000045776367,55.45000076293945,55.61000061035156,3200,49.178192138671875,0.0
CZA,2016-12-23,54.79999923706055,54.79999923706055,54.650001525878906,54.7599983215332,11500,49.32771682739258,1.016
CZA,2016-12-27,54.88999938964844,54.939998626708984,54.790000915527344,54.880001068115234,6900,49.435821533203125,0.0
CZA,2016-12-28,54.599998474121094,54.599998474121094,54.33000183105469,54.33000183105469,2100,48.94038009643555,0.0
CZA,2016-12-29,54.31999969482422,54.650001525878906,54.31999969482422,54.529998779296875,11200,49.12053680419922,0.0
CZA,2016-12-30,54.81999969482422,54.81999969482422,54.33000183105469,54.380001068115234,8200,48.985416412353516,0.0
CZA,2017-01-03,54.88999938964844,54.88999938964844,54.5099983215332,54.66999816894531,7100,49.246646881103516,0.0
CZA,2017-01-04,54.88999938964844,55.40999984741211,54.88999938964844,55.40999984741211,14200,49.91324234008789,0.0
CZA,2017-01-05,55.220001220703125,55.349998474121094,55.16999816894531,55.31999969482422,5300,49.83216857910156,0.0
CZA,2017-01-06,55.310001373291016,55.47999954223633,55.310001373291016,55.43000030517578,4800,49.9312629699707,0.0
CZA,2017-01-09,55.34000015258789,55.380001068115234,55.09000015258789,55.11000061035156,9000,49.643001556396484,0.0
CZA,2017-01-10,55.08000183105469,55.25,54.97999954223633,55.099998474121094,8700,49.63399124145508,0.0
CZA,2017-01-11,55.119998931884766,55.290000915527344,55.119998931884766,55.290000915527344,5200,49.805145263671875,0.0
CZA,2017-01-12,55.150001525878906,55.25,54.880001068115234,55.13999938964844,7000,49.67002487182617,0.0
CZA,2017-01-13,55.119998931884766,55.4900016784668,55.119998931884766,55.369998931884766,6000,49.87720489501953,0.0
CZA,2017-01-17,55.119998931884766,55.41999816894531,55.060001373291016,55.18000030517578,8600,49.7060546875,0.0
CZA,2017-01-18,55.34000015258789,55.470001220703125,55.290000915527344,55.470001220703125,6900,49.96729278564453,0.0
CZA,2017-01-19,55.36000061035156,55.36000061035156,54.97999954223633,55.09000015258789,49800,49.62498474121094,0.0
CZA,2017-01-20,55.36000061035156,55.38999938964844,55.119998931884766,55.20000076293945,12800,49.72407150268555,0.0
CZA,2017-01-23,55.18000030517578,55.2599983215332,55.06999969482422,55.2599983215332,6100,49.77812576293945,0.0
CZA,2017-01-24,55.41999816894531,55.93000030517578,55.41999816894531,55.93000030517578,7600,50.381656646728516,0.0
CZA,2017-01-25,56.15999984741211,56.279998779296875,56.06999969482422,56.2599983215332,23500,50.678924560546875,0.0
CZA,2017-01-26,56.369998931884766,56.41999816894531,56.130001068115234,56.130001068115234,10300,50.56181716918945,0.0
CZA,2017-01-27,56.15999984741211,56.56999969482422,56.0099983215332,56.040000915527344,11400,50.480751037597656,0.0
CZA,2017-01-30,56.0,56.0,55.470001220703125,55.84000015258789,19500,50.30058670043945,0.0
CZA,2017-01-31,55.70000076293945,55.959999084472656,55.59000015258789,55.959999084472656,7900,50.4086799621582,0.0
CZA,2017-02-01,56.2400016784668,56.2400016784668,55.63999938964844,55.83000183105469,7900,50.29158020019531,0.0
CZA,2017-02-02,55.9900016784668,56.279998779296875,55.9900016784668,56.209999084472656,20200,50.633880615234375,0.0
CZA,2017-02-03,56.63999938964844,56.72999954223633,56.540000915527344,56.61000061035156,34800,50.994197845458984,0.0
CZA,2017-02-06,56.619998931884766,56.619998931884766,56.369998931884766,56.45000076293945,8400,50.85007095336914,0.0
CZA,2017-02-07,56.619998931884766,56.75,56.459999084472656,56.4900016784668,7000,50.88610076904297,0.0
CZA,2017-02-08,56.45000076293945,56.63999938964844,56.40999984741211,56.619998931884766,3500,51.003211975097656,0.0
CZA,2017-02-09,56.81999969482422,56.97999954223633,56.720001220703125,56.97999954223633,7800,51.32749938964844,0.0
CZA,2017-02-10,57.09000015258789,57.38999938964844,57.09000015258789,57.38999938964844,6600,51.69681930541992,0.0
CZA,2017-02-13,57.75,57.75,57.41999816894531,57.52000045776367,8600,51.813926696777344,0.0
CZA,2017-02-14,57.45000076293945,57.560001373291016,57.369998931884766,57.52000045776367,9300,51.813926696777344,0.0
CZA,2017-02-15,57.439998626708984,57.849998474121094,57.439998626708984,57.79999923706055,9100,52.0661506652832,0.0
CZA,2017-02-16,57.779998779296875,57.91999816894531,57.70000076293945,57.849998474121094,10700,52.11119079589844,0.0
CZA,2017-02-17,57.650001525878906,57.95000076293945,57.650001525878906,57.95000076293945,4700,52.20126724243164,0.0
CZA,2017-02-21,58.060001373291016,58.470001220703125,58.060001373291016,58.38999938964844,6000,52.597618103027344,0.0
CZA,2017-02-22,58.380001068115234,58.38999938964844,58.16999816894531,58.33000183105469,76700,52.5435791015625,0.0
CZA,2017-02-23,58.54999923706055,58.54999923706055,58.08000183105469,58.209999084472656,8300,52.43547439575195,0.0
CZA,2017-02-24,58.09000015258789,58.25,58.09000015258789,58.25,5100,52.47151184082031,0.0
CZA,2017-02-27,58.33000183105469,58.459999084472656,58.27000045776367,58.36000061035156,12300,52.57060241699219,0.0
CZA,2017-02-28,58.33000183105469,58.369998931884766,58.15999984741211,58.18000030517578,5700,52.40845489501953,0.0
CZA,2017-03-01,58.650001525878906,58.83000183105469,58.650001525878906,58.720001220703125,5600,52.894893646240234,0.0
CZA,2017-03-02,58.709999084472656,58.709999084472656,58.33000183105469,58.36000061035156,12800,52.57060241699219,0.0
CZA,2017-03-03,58.209999084472656,58.45000076293945,58.16999816894531,58.349998474121094,6800,52.561588287353516,0.0
CZA,2017-03-06,58.25,58.25,57.959999084472656,58.119998931884766,6800,52.35439682006836,0.0
CZA,2017-03-07,58.0099983215332,58.099998474121094,57.93000030517578,57.95000076293945,3700,52.20126724243164,0.0
CZA,2017-03-08,58.04999923706055,58.04999923706055,57.66999816894531,57.66999816894531,8600,51.94905090332031,0.0
CZA,2017-03-09,57.810001373291016,57.86000061035156,57.45000076293945,57.59000015258789,6100,51.87697982788086,0.0
CZA,2017-03-10,58.0099983215332,58.0099983215332,57.599998474121094,57.779998779296875,3700,52.04813003540039,0.0
CZA,2017-03-13,57.779998779296875,57.9900016784668,57.779998779296875,57.9900016784668,5600,52.237308502197266,0.0
CZA,2017-03-14,57.779998779296875,57.86000061035156,57.63999938964844,57.86000061035156,9600,52.12019729614258,0.0
CZA,2017-03-15,58.22999954223633,58.439998626708984,58.099998474121094,58.439998626708984,4900,52.64265441894531,0.0
CZA,2017-03-16,58.72999954223633,58.72999954223633,58.310001373291016,58.38999938964844,6000,52.597618103027344,0.0
CZA,2017-03-17,58.36000061035156,58.59000015258789,58.36000061035156,58.540000915527344,6700,52.73274230957031,0.0
CZA,2017-03-20,58.5099983215332,58.5099983215332,58.16999816894531,58.25,9800,52.47151184082031,0.0
CZA,2017-03-21,58.31999969482422,58.31999969482422,57.65999984741211,57.70000076293945,4900,51.976070404052734,0.0
CZA,2017-03-22,57.5099983215332,57.72999954223633,57.29999923706055,57.72999954223633,14600,52.00309371948242,0.0
CZA,2017-03-23,57.880001068115234,58.220001220703125,57.880001068115234,57.880001068115234,10400,52.138214111328125,0.0
CZA,2017-03-24,57.959999084472656,58.130001068115234,57.65999984741211,57.84000015258789,2800,52.1021842956543,0.0
CZA,2017-03-27,57.290000915527344,57.540000915527344,57.279998779296875,57.540000915527344,4000,51.831939697265625,0.0
CZA,2017-03-28,57.58000183105469,58.13999938964844,57.58000183105469,58.0099983215332,6600,52.255313873291016,0.0
CZA,2017-03-29,57.83000183105469,58.11000061035156,57.83000183105469,57.97999954223633,4400,52.22829818725586,0.0
CZA,2017-03-30,57.970001220703125,58.220001220703125,57.970001220703125,58.209999084472656,8100,52.43547439575195,0.0
CZA,2017-03-31,58.20000076293945,58.459999084472656,58.20000076293945,58.22999954223633,4000,52.4534912109375,0.0
CZA,2017-04-03,58.47999954223633,58.47999954223633,57.84000015258789,58.130001068115234,6800,52.3634147644043,0.0
CZA,2017-04-04,58.04999923706055,58.099998474121094,57.91999816894531,58.0,5000,52.246307373046875,0.0
CZA,2017-04-05,58.38999938964844,58.38999938964844,57.709999084472656,57.790000915527344,10200,52.0571403503418,0.0
CZA,2017-04-06,57.79999923706055,58.16999816894531,57.63999938964844,58.11000061035156,5800,52.345401763916016,0.0
CZA,2017-04-07,58.04999923706055,58.13999938964844,57.95000076293945,58.0099983215332,6100,52.255313873291016,0.0
CZA,2017-04-10,58.06999969482422,58.119998931884766,57.88999938964844,58.0099983215332,4600,52.255313873291016,0.0
CZA,2017-04-11,57.93000030517578,58.119998931884766,57.72999954223633,58.02000045776367,7100,52.26433181762695,0.0
CZA,2017-04-12,58.15999984741211,58.15999984741211,57.59000015258789,57.650001525878906,15200,51.931034088134766,0.0
CZA,2017-04-13,57.630001068115234,57.70000076293945,57.34000015258789,57.34000015258789,5600,51.65178298950195,0.0
CZA,2017-04-17,57.290000915527344,57.61000061035156,57.290000915527344,57.56999969482422,7200,51.85896682739258,0.0
CZA,2017-04-18,57.56999969482422,57.880001068115234,57.56999969482422,57.880001068115234,5400,52.138214111328125,0.0
CZA,2017-04-19,58.0,58.099998474121094,57.84000015258789,57.880001068115234,10100,52.138214111328125,0.0
CZA,2017-04-20,58.0099983215332,58.349998474121094,57.849998474121094,58.20000076293945,19500,52.42646789550781,0.0
CZA,2017-04-21,58.189998626708984,58.27000045776367,58.0099983215332,58.20000076293945,13600,52.42646789550781,0.0
CZA,2017-04-24,58.939998626708984,59.09000015258789,58.84000015258789,59.0,6800,53.1471061706543,0.0
CZA,2017-04-25,59.560001373291016,59.560001373291016,59.099998474121094,59.290000915527344,8400,53.40834045410156,0.0
CZA,2017-04-26,59.220001220703125,59.529998779296875,59.220001220703125,59.29999923706055,38200,53.4173469543457,0.0
CZA,2017-04-27,59.470001220703125,59.470001220703125,59.16999816894531,59.189998626708984,13700,53.31825637817383,0.0
CZA,2017-04-28,59.459999084472656,59.459999084472656,58.93000030517578,59.029998779296875,24500,53.174137115478516,0.0
CZA,2017-05-01,59.09000015258789,59.18000030517578,58.86000061035156,59.0,14900,53.1471061706543,0.0
CZA,2017-05-02,59.22999954223633,59.22999954223633,58.720001220703125,58.75,12800,52.921913146972656,0.0
CZA,2017-05-03,58.83000183105469,58.83000183105469,58.529998779296875,58.650001525878906,7900,52.83182907104492,0.0
CZA,2017-05-04,58.599998474121094,58.77000045776367,58.599998474121094,58.77000045776367,10300,52.93992614746094,0.0
CZA,2017-05-05,58.95000076293945,59.09000015258789,58.779998779296875,59.09000015258789,12100,53.22817611694336,0.0
CZA,2017-05-08,58.97999954223633,58.97999954223633,58.779998779296875,58.939998626708984,9700,53.09306335449219,0.0
CZA,2017-05-09,58.9900016784668,59.0099983215332,58.709999084472656,58.72999954223633,26700,52.90388870239258,0.0
CZA,2017-05-10,58.939998626708984,59.08000183105469,58.849998474121094,59.08000183105469,18600,53.219173431396484,0.0
CZA,2017-05-11,59.119998931884766,59.119998931884766,58.5,58.7599983215332,16600,52.93091583251953,0.0
CZA,2017-05-12,58.939998626708984,58.939998626708984,58.58000183105469,58.619998931884766,6400,52.804805755615234,0.0
CZA,2017-05-15,58.93000030517578,59.13999938964844,58.900001525878906,59.119998931884766,8700,53.25519943237305,0.0
CZA,2017-05-16,59.29999923706055,59.29999923706055,58.86000061035156,59.029998779296875,8400,53.174137115478516,0.0
CZA,2017-05-17,58.619998931884766,58.65999984741211,57.97999954223633,57.9900016784668,14500,52.237308502197266,0.0
CZA,2017-05-18,57.869998931884766,58.150001525878906,57.81999969482422,58.08000183105469,4000,52.3183708190918,0.0
CZA,2017-05-19,58.279998779296875,58.720001220703125,58.279998779296875,58.58000183105469,7200,52.768775939941406,0.0
CZA,2017-05-22,58.630001068115234,58.970001220703125,58.560001373291016,58.900001525878906,9200,53.05702590942383,0.0
CZA,2017-05-23,58.97999954223633,59.22999954223633,58.97999954223633,59.18000030517578,2600,53.30925369262695,0.0
CZA,2017-05-24,59.2400016784668,59.45000076293945,59.20000076293945,59.45000076293945,6300,53.55247497558594,0.0
CZA,2017-05-25,59.599998474121094,59.720001220703125,59.5,59.599998474121094,5300,53.68758773803711,0.0
CZA,2017-05-26,59.560001373291016,59.61000061035156,59.5,59.56999969482422,8600,53.660560607910156,0.0
CZA,2017-05-30,59.38999938964844,59.599998474121094,59.36000061035156,59.470001220703125,10000,53.57048416137695,0.0
CZA,2017-05-31,59.54999923706055,59.54999923706055,59.29999923706055,59.5,5200,53.597511291503906,0.0
CZA,2017-06-01,59.650001525878906,60.209999084472656,59.630001068115234,60.209999084472656,11000,54.23707580566406,0.0
CZA,2017-06-02,60.310001373291016,60.369998931884766,60.119998931884766,60.25,8000,54.27310562133789,0.0
CZA,2017-06-05,60.400001525878906,60.400001525878906,60.11000061035156,60.11000061035156,5300,54.146995544433594,0.0
CZA,2017-06-06,59.90999984741211,60.040000915527344,59.849998474121094,59.900001525878906,9700,53.957828521728516,0.0
CZA,2017-06-07,60.02000045776367,60.02000045776367,59.66999816894531,59.88999938964844,4300,53.94881820678711,0.0
CZA,2017-06-08,59.79999923706055,60.13999938964844,59.79999923706055,60.02000045776367,4300,54.06592559814453,0.0
CZA,2017-06-09,60.22999954223633,60.36000061035156,60.02000045776367,60.09000015258789,7500,54.12897872924805,0.0
CZA,2017-06-12,60.189998626708984,60.209999084472656,60.02000045776367,60.02000045776367,3600,54.06592559814453,0.0
CZA,2017-06-13,60.380001068115234,60.63999938964844,60.36000061035156,60.599998474121094,14900,54.58837890625,0.0
CZA,2017-06-14,60.869998931884766,60.869998931884766,60.41999816894531,60.540000915527344,3900,54.534339904785156,0.0
CZA,2017-06-15,60.5099983215332,60.5099983215332,60.20000076293945,60.40999984741211,5000,54.417232513427734,0.0
CZA,2017-06-16,60.38999938964844,60.400001525878906,60.16999816894531,60.400001525878906,31300,54.40822982788086,0.0
CZA,2017-06-19,60.81999969482422,60.880001068115234,60.72999954223633,60.7400016784668,13200,54.71450424194336,0.0
CZA,2017-06-20,60.88999938964844,60.88999938964844,60.34000015258789,60.349998474121094,9800,54.36318588256836,0.0
CZA,2017-06-21,60.2400016784668,60.2400016784668,59.939998626708984,59.939998626708984,2700,53.993858337402344,0.0
CZA,2017-06-22,59.86000061035156,60.04999923706055,59.7599983215332,60.0,5000,54.04790496826172,0.0
CZA,2017-06-23,59.91999816894531,60.220001220703125,59.91999816894531,60.099998474121094,10500,54.13798904418945,0.0
CZA,2017-06-26,60.209999084472656,60.439998626708984,60.209999084472656,60.34000015258789,4700,54.35417556762695,0.0
CZA,2017-06-27,60.31999969482422,60.40999984741211,59.959999084472656,59.959999084472656,43600,54.011878967285156,0.0
CZA,2017-06-28,60.22999954223633,60.52000045776367,60.22999954223633,60.47999954223633,28200,54.480289459228516,0.0
CZA,2017-06-29,60.4900016784668,60.4900016784668,59.709999084472656,60.0,61400,54.04790496826172,0.0
CZA,2017-06-30,60.15999984741211,60.29999923706055,60.02000045776367,60.29999923706055,7700,54.318145751953125,0.0
CZA,2017-07-03,60.459999084472656,60.59000015258789,60.380001068115234,60.439998626708984,4800,54.44425964355469,0.0
CZA,2017-07-05,60.470001220703125,60.470001220703125,60.119998931884766,60.41999816894531,18800,54.426239013671875,0.0
CZA,2017-07-06,60.369998931884766,60.369998931884766,59.779998779296875,59.79999923706055,17000,53.867740631103516,0.0
CZA,2017-07-07,60.040000915527344,60.36000061035156,59.97999954223633,60.279998779296875,3600,54.30013656616211,0.0
CZA,2017-07-10,60.380001068115234,60.4900016784668,60.27000045776367,60.36000061035156,17300,54.372196197509766,0.0
CZA,2017-07-11,60.5,60.5,60.060001373291016,60.29999923706055,21600,54.318145751953125,0.0
CZA,2017-07-12,60.58000183105469,60.81999969482422,60.58000183105469,60.790000915527344,7500,54.759544372558594,0.0
CZA,2017-07-13,60.97999954223633,60.97999954223633,60.66999816894531,60.849998474121094,150800,54.81358337402344,0.0
CZA,2017-07-14,60.88999938964844,61.189998626708984,60.88999938964844,61.08000183105469,7200,55.02077102661133,0.0
CZA,2017-07-17,61.0,61.22999954223633,61.0,61.20000076293945,11100,55.12886428833008,0.0
CZA,2017-07-18,61.18000030517578,61.18000030517578,60.97999954223633,61.11000061035156,10600,55.047794342041016,0.0
CZA,2017-07-19,61.43000030517578,61.43000030517578,61.2400016784668,61.43000030517578,18800,55.33605194091797,0.0
CZA,2017-07-20,61.4900016784668,61.4900016784668,61.290000915527344,61.29999923706055,11800,55.21894836425781,0.0
CZA,2017-07-21,61.439998626708984,61.439998626708984,61.189998626708984,61.310001373291016,8600,55.22795104980469,0.0
CZA,2017-07-24,61.5099983215332,61.5099983215332,61.25,61.439998626708984,6400,55.34505844116211,0.0
CZA,2017-07-25,61.779998779296875,61.779998779296875,61.36000061035156,61.369998931884766,11500,55.28200149536133,0.0
CZA,2017-07-26,61.52000045776367,61.52000045776367,61.220001220703125,61.220001220703125,8600,55.146881103515625,0.0
CZA,2017-07-27,61.709999084472656,61.709999084472656,60.900001525878906,61.02000045776367,8800,54.96672058105469,0.0
CZA,2017-07-28,61.0099983215332,61.279998779296875,61.0099983215332,61.2599983215332,10100,55.18291091918945,0.0
CZA,2017-07-31,61.58000183105469,61.58000183105469,61.220001220703125,61.36000061035156,6900,55.27299499511719,0.0
CZA,2017-08-01,61.63999938964844,61.66999816894531,61.40999984741211,61.66999816894531,12600,55.55223846435547,0.0
CZA,2017-08-02,61.810001373291016,61.810001373291016,61.43000030517578,61.630001068115234,13500,55.51620864868164,0.0
CZA,2017-08-03,61.849998474121094,61.849998474121094,61.38999938964844,61.439998626708984,10700,55.34505844116211,0.0
CZA,2017-08-04,61.66999816894531,61.66999816894531,61.59000015258789,61.650001525878906,4200,55.53422164916992,0.0
CZA,2017-08-07,61.83000183105469,61.83000183105469,61.630001068115234,61.7400016784668,6900,55.61530303955078,0.0
CZA,2017-08-08,61.849998474121094,61.900001525878906,61.54999923706055,61.54999923706055,10300,55.44414138793945,0.0
CZA,2017-08-09,61.22999954223633,61.5099983215332,61.22999954223633,61.380001068115234,10800,55.29100799560547,0.0
CZA,2017-08-10,61.25,61.36000061035156,60.849998474121094,60.970001220703125,9300,54.92168045043945,0.0
CZA,2017-08-11,60.810001373291016,60.81999969482422,60.65999984741211,60.779998779296875,11300,54.75053024291992,0.0
CZA,2017-08-14,61.15999984741211,61.4900016784668,61.15999984741211,61.380001068115234,6700,55.29100799560547,0.0
CZA,2017-08-15,61.40999984741211,61.40999984741211,61.18000030517578,61.279998779296875,14300,55.200927734375,0.0
CZA,2017-08-16,61.36000061035156,61.599998474121094,61.36000061035156,61.529998779296875,8200,55.42612838745117,0.0
CZA,2017-08-17,61.36000061035156,61.45000076293945,60.70000076293945,60.75,10100,54.723506927490234,0.0
CZA,2017-08-18,60.380001068115234,60.849998474121094,60.380001068115234,60.7599983215332,21500,54.73250961303711,0.0
CZA,2017-08-21,60.86000061035156,60.86000061035156,60.59000015258789,60.75,13800,54.723506927490234,0.0
CZA,2017-08-22,60.77000045776367,61.22999954223633,60.77000045776367,61.22999954223633,16700,55.155887603759766,0.0
CZA,2017-08-23,61.02000045776367,61.220001220703125,61.0099983215332,61.13999938964844,11000,55.07481002807617,0.0
CZA,2017-08-24,61.43000030517578,61.43000030517578,61.13999938964844,61.16999816894531,11500,55.101844787597656,0.0
CZA,2017-08-25,61.380001068115234,61.5099983215332,61.2400016784668,61.36000061035156,51500,55.27299499511719,0.0
CZA,2017-08-28,61.45000076293945,61.45000076293945,61.11000061035156,61.20000076293945,4800,55.12886428833008,0.0
CZA,2017-08-29,60.91999816894531,61.13999938964844,60.88999938964844,61.099998474121094,18600,55.03878402709961,0.0
CZA,2017-08-30,61.11000061035156,61.31999969482422,61.040000915527344,61.27000045776367,18700,55.19192123413086,0.0
CZA,2017-08-31,61.58000183105469,61.689998626708984,61.43000030517578,61.66999816894531,6700,55.55223846435547,0.0
CZA,2017-09-01,61.93000030517578,61.93000030517578,61.81999969482422,61.880001068115234,9000,55.74140930175781,0.0
CZA,2017-09-05,61.7400016784668,61.7400016784668,61.13999938964844,61.189998626708984,10100,55.11985397338867,0.0
CZA,2017-09-06,61.369998931884766,61.439998626708984,61.25,61.31999969482422,9200,55.23696517944336,0.0
CZA,2017-09-07,61.54999923706055,61.54999923706055,60.900001525878906,61.0,27000,54.948707580566406,0.0
CZA,2017-09-08,61.18000030517578,61.290000915527344,60.90999984741211,61.2599983215332,7400,55.18291091918945,0.0
CZA,2017-09-11,61.54999923706055,62.029998779296875,61.54999923706055,61.9900016784668,7400,55.84049606323242,0.0
CZA,2017-09-12,62.13999938964844,62.13999938964844,61.869998931884766,61.90999984741211,12800,55.7684326171875,0.0
CZA,2017-09-13,62.060001373291016,62.13999938964844,61.84000015258789,61.880001068115234,15700,55.74140930175781,0.0
CZA,2017-09-14,61.83000183105469,61.97999954223633,61.81999969482422,61.97999954223633,4600,55.831485748291016,0.0
CZA,2017-09-15,61.900001525878906,62.06999969482422,61.849998474121094,62.06999969482422,3900,55.91255569458008,0.0
CZA,2017-09-18,62.13999938964844,62.25,62.09000015258789,62.150001525878906,15500,55.98462677001953,0.0
CZA,2017-09-19,62.38999938964844,62.38999938964844,62.04999923706055,62.099998474121094,8400,55.93958282470703,0.0
CZA,2017-09-20,62.20000076293945,62.29999923706055,62.099998474121094,62.29999923706055,10900,56.119747161865234,0.0
CZA,2017-09-21,62.38999938964844,62.38999938964844,62.209999084472656,62.27000045776367,7700,56.092716217041016,0.0
CZA,2017-09-22,62.220001220703125,62.290000915527344,62.11000061035156,62.290000915527344,11900,56.1107292175293,0.0
CZA,2017-09-25,62.41999816894531,62.41999816894531,62.0099983215332,62.279998779296875,21800,56.101722717285156,0.0
CZA,2017-09-26,62.290000915527344,62.439998626708984,62.27000045776367,62.380001068115234,17300,56.19180679321289,0.0
CZA,2017-09-27,62.5,62.599998474121094,62.290000915527344,62.529998779296875,11200,56.32692337036133,0.0
CZA,2017-09-28,62.59000015258789,62.689998626708984,62.31999969482422,62.689998626708984,16200,56.4710578918457,0.0
CZA,2017-09-29,62.790000915527344,62.88999938964844,62.790000915527344,62.880001068115234,10000,56.642208099365234,0.0
CZA,2017-10-02,62.88999938964844,63.279998779296875,62.88999938964844,63.27000045776367,13100,56.9935188293457,0.0
CZA,2017-10-03,63.58000183105469,63.58000183105469,63.209999084472656,63.400001525878906,10000,57.110618591308594,0.0
CZA,2017-10-04,63.470001220703125,63.56999969482422,63.25,63.4900016784668,56700,57.19169616699219,0.0
CZA,2017-10-05,63.849998474121094,63.849998474121094,63.63999938964844,63.689998626708984,13900,57.37185287475586,0.0
CZA,2017-10-06,63.5099983215332,63.63999938964844,63.470001220703125,63.560001373291016,22100,57.25475311279297,0.0
CZA,2017-10-09,63.630001068115234,63.63999938964844,63.47999954223633,63.47999954223633,9200,57.182682037353516,0.0
CZA,2017-10-10,63.7599983215332,63.779998779296875,63.650001525878906,63.720001220703125,9800,57.39888000488281,0.0
CZA,2017-10-11,63.959999084472656,63.959999084472656,63.7599983215332,63.869998931884766,10000,57.53399658203125,0.0
CZA,2017-10-12,64.05000305175781,64.13999938964844,63.90999984741211,64.08000183105469,16800,57.72316360473633,0.0
CZA,2017-10-13,64.23999786376953,64.2699966430664,64.06999969482422,64.06999969482422,5100,57.71416091918945,0.0
CZA,2017-10-16,64.36000061035156,64.36000061035156,64.05000305175781,64.11000061035156,9300,57.75019073486328,0.0
CZA,2017-10-17,64.12999725341797,64.13999938964844,63.91999816894531,64.01000213623047,8700,57.66010284423828,0.0
CZA,2017-10-18,64.27999877929688,64.27999877929688,64.05000305175781,64.12999725341797,44400,57.7681999206543,0.0
CZA,2017-10-19,63.86000061035156,64.33999633789062,63.849998474121094,64.33000183105469,18000,57.9483642578125,0.0
CZA,2017-10-20,64.83999633789062,64.83999633789062,64.7300033569336,64.76000213623047,11000,58.335716247558594,0.0
CZA,2017-10-23,64.9800033569336,64.9800033569336,64.55000305175781,64.55000305175781,10800,58.146541595458984,0.0
CZA,2017-10-24,64.88999938964844,64.88999938964844,64.51000213623047,64.68000030517578,14900,58.26364517211914,0.0
CZA,2017-10-25,64.63999938964844,64.63999938964844,64.01000213623047,64.33999633789062,15600,57.957374572753906,0.0
CZA,2017-10-26,64.62999725341797,64.66000366210938,64.5199966430664,64.61000061035156,8800,58.20058822631836,0.0
CZA,2017-10-27,64.69999694824219,64.80999755859375,64.4800033569336,64.80999755859375,25200,58.3807487487793,0.0
CZA,2017-10-30,64.66000366210938,64.75,64.41000366210938,64.41000366210938,19900,58.02043151855469,0.0
CZA,2017-10-31,64.54000091552734,64.69999694824219,64.4000015258789,64.5999984741211,19900,58.19157791137695,0.0
CZA,2017-11-01,64.9800033569336,65.0199966430664,64.5999984741211,64.66000366210938,15300,58.24563217163086,0.0
CZA,2017-11-02,64.54000091552734,64.8499984741211,64.47000122070312,64.62000274658203,7100,58.209590911865234,0.0
CZA,2017-11-03,64.62000274658203,64.87000274658203,64.62000274658203,64.86000061035156,8100,58.42578125,0.0
CZA,2017-11-06,64.81999969482422,65.0,64.63999938964844,64.98999786376953,10900,58.54288864135742,0.0
CZA,2017-11-07,65.0,65.0,64.63999938964844,64.72000122070312,14800,58.2996826171875,0.0
CZA,2017-11-08,64.66000366210938,64.80999755859375,64.5999984741211,64.80999755859375,14500,58.3807487487793,0.0
CZA,2017-11-09,64.52999877929688,64.66999816894531,64.19000244140625,64.41999816894531,9800,58.02943801879883,0.0
CZA,2017-11-10,64.36000061035156,64.37000274658203,64.25,64.25,8400,57.87630081176758,0.0
CZA,2017-11-13,64.06999969482422,64.54000091552734,64.06999969482422,64.48999786376953,16400,58.09249496459961,0.0
CZA,2017-11-14,64.43000030517578,64.68000030517578,64.33999633789062,64.66999816894531,10300,58.25463104248047,0.0
CZA,2017-11-15,64.44000244140625,64.51000213623047,64.0999984741211,64.37000274658203,13100,57.98440170288086,0.0
CZA,2017-11-16,64.69999694824219,64.80000305175781,64.5199966430664,64.75,10500,58.326698303222656,0.0
CZA,2017-11-17,64.66999816894531,64.77999877929688,64.52999877929688,64.7300033569336,12000,58.30868911743164,0.0
CZA,2017-11-20,64.79000091552734,64.93000030517578,64.63999938964844,64.93000030517578,9600,58.48884582519531,0.0
CZA,2017-11-21,65.12000274658203,65.22000122070312,65.02999877929688,65.11000061035156,13200,58.65098571777344,0.0
CZA,2017-11-22,65.22000122070312,65.22000122070312,64.95999908447266,65.06999969482422,12900,58.61495590209961,0.0
CZA,2017-11-24,65.26000213623047,65.27999877929688,65.05999755859375,65.12999725341797,3500,58.66899490356445,0.0
CZA,2017-11-27,65.23999786376953,65.23999786376953,65.12999725341797,65.16000366210938,7800,58.69602966308594,0.0
CZA,2017-11-28,65.31999969482422,65.8499984741211,65.2300033569336,65.81999969482422,15500,59.290550231933594,0.0
CZA,2017-11-29,65.9000015258789,66.26000213623047,65.9000015258789,66.0999984741211,30500,59.54277801513672,0.0
CZA,2017-11-30,66.29000091552734,66.81999969482422,66.18000030517578,66.55999755859375,15700,59.95714569091797,0.0
CZA,2017-12-01,66.69000244140625,66.69000244140625,65.77999877929688,66.4000015258789,10500,59.813018798828125,0.0
CZA,2017-12-04,67.05000305175781,67.05000305175781,66.3499984741211,66.3499984741211,15800,59.767974853515625,0.0
CZA,2017-12-05,66.44000244140625,66.44000244140625,65.80999755859375,65.80999755859375,12800,59.28153991699219,0.0
CZA,2017-12-06,65.62000274658203,66.0,65.62000274658203,65.75,28500,59.22749328613281,0.0
CZA,2017-12-07,65.83999633789062,66.20999908447266,65.83999633789062,66.16000366210938,45400,59.596824645996094,0.0
CZA,2017-12-08,66.55000305175781,66.55000305175781,66.25,66.4000015258789,16700,59.813018798828125,0.0
CZA,2017-12-11,66.45999908447266,66.4800033569336,66.27999877929688,66.45999908447266,79100,59.867069244384766,0.0
CZA,2017-12-12,66.81999969482422,66.81999969482422,66.25,66.29000091552734,11400,59.713932037353516,0.0
CZA,2017-12-13,66.2699966430664,66.33999633789062,66.0999984741211,66.0999984741211,9300,59.54277801513672,0.0
CZA,2017-12-14,66.11000061035156,66.11000061035156,65.5199966430664,65.5199966430664,19300,59.02030563354492,0.0
CZA,2017-12-15,65.80000305175781,66.26000213623047,65.7699966430664,65.9800033569336,41100,59.43468475341797,0.0
CZA,2017-12-18,66.33000183105469,66.62000274658203,66.2699966430664,66.3499984741211,17800,59.767974853515625,0.0
CZA,2017-12-19,66.52999877929688,66.62000274658203,66.19000244140625,66.19000244140625,23500,59.62385559082031,0.0
CZA,2017-12-20,66.43000030517578,66.43000030517578,66.12999725341797,66.16000366210938,11900,59.596824645996094,0.0
CZA,2017-12-21,66.6500015258789,66.6500015258789,66.12999725341797,66.16000366210938,10600,59.596824645996094,0.0
CZA,2017-12-22,66.30000305175781,66.33999633789062,66.1500015258789,66.25,9900,59.677894592285156,0.0
CZA,2017-12-26,65.66999816894531,65.83999633789062,65.33000183105469,65.45999908447266,15300,59.6141471862793,0.72
CZA,2017-12-27,65.69999694824219,65.69999694824219,65.4000015258789,65.48999786376953,14800,59.64147186279297,0.0
CZA,2017-12-28,65.6500015258789,65.69999694824219,65.5,65.69999694824219,53600,59.83271026611328,0.0
CZA,2017-12-29,65.94000244140625,65.94000244140625,65.55000305175781,65.56999969482422,14200,59.71432876586914,0.0
CZA,2018-01-02,66.55999755859375,66.55999755859375,65.47000122070312,65.80999755859375,17400,59.93288803100586,0.0
CZA,2018-01-03,65.87000274658203,66.16000366210938,65.83999633789062,66.12999725341797,37500,60.224308013916016,0.0
CZA,2018-01-04,66.26000213623047,66.5999984741211,66.26000213623047,66.37999725341797,19600,60.451988220214844,0.0
CZA,2018-01-05,66.4800033569336,66.54000091552734,66.3499984741211,66.54000091552734,13700,60.59770584106445,0.0
CZA,2018-01-08,66.30000305175781,66.80000305175781,66.30000305175781,66.7300033569336,13700,60.77074432373047,0.0
CZA,2018-01-09,66.97000122070312,67.20999908447266,66.91000366210938,66.94999694824219,12800,60.97108840942383,0.0
CZA,2018-01-10,66.77999877929688,66.95999908447266,66.6500015258789,66.6500015258789,19300,60.69788360595703,0.0
CZA,2018-01-11,67.0,67.33000183105469,66.9000015258789,67.33000183105469,45900,61.31715393066406,0.0
CZA,2018-01-12,67.5,67.7300033569336,67.4800033569336,67.66000366210938,13300,61.617679595947266,0.0
CZA,2018-01-16,68.11000061035156,68.11000061035156,67.19999694824219,67.29000091552734,16100,61.280723571777344,0.0
CZA,2018-01-17,67.54000091552734,67.88999938964844,67.44999694824219,67.75,33500,61.69963073730469,0.0
CZA,2018-01-18,67.70999908447266,67.70999908447266,67.33999633789062,67.37999725341797,29900,61.36268997192383,0.0
CZA,2018-01-19,67.45999908447266,67.87000274658203,67.45999908447266,67.87000274658203,12200,61.80892562866211,0.0
CZA,2018-01-22,67.9800033569336,68.11000061035156,67.79000091552734,68.08999633789062,18100,62.009273529052734,0.0
CZA,2018-01-23,68.06999969482422,68.43000030517578,67.94000244140625,68.43000030517578,17900,62.31890869140625,0.0
CZA,2018-01-24,68.8499984741211,68.8499984741211,68.22000122070312,68.37999725341797,20700,62.273380279541016,0.0
CZA,2018-01-25,68.7300033569336,68.7300033569336,68.33000183105469,68.44999694824219,11000,62.33713150024414,0.0
CZA,2018-01-26,68.7300033569336,68.98999786376953,68.47000122070312,68.98999786376953,34600,62.82890701293945,0.0
CZA,2018-01-29,68.81999969482422,68.83999633789062,68.5,68.62999725341797,24500,62.50105285644531,0.0
CZA,2018-01-30,68.01000213623047,68.19999694824219,67.83000183105469,67.98999786376953,45000,61.9182014465332,0.0
CZA,2018-01-31,68.29000091552734,68.29000091552734,67.72000122070312,67.94999694824219,5300,61.881778717041016,0.0
CZA,2018-02-01,67.7300033569336,68.2300033569336,67.7300033569336,68.08999633789062,31300,62.009273529052734,0.0
CZA,2018-02-02,67.80999755859375,67.83000183105469,66.91999816894531,67.0,58000,61.016624450683594,0.0
CZA,2018-02-05,66.5999984741211,66.80000305175781,64.44000244140625,64.44000244140625,77900,58.68524169921875,0.0
CZA,2018-02-06,63.20000076293945,65.08000183105469,62.0,64.88999938964844,65000,59.09505081176758,0.0
CZA,2018-02-07,64.7699966430664,65.56999969482422,64.7699966430664,64.98999786376953,22200,59.18612289428711,0.0
CZA,2018-02-08,64.79000091552734,64.86000061035156,62.75,62.75,36100,57.14616394042969,0.0
CZA,2018-02-09,63.290000915527344,63.45000076293945,61.75,63.45000076293945,77000,57.783653259277344,0.0
CZA,2018-02-12,63.529998779296875,64.33000183105469,63.41999816894531,64.05000305175781,17000,58.3300666809082,0.0
CZA,2018-02-13,63.790000915527344,64.27999877929688,63.66999816894531,64.27999877929688,12600,58.539527893066406,0.0
CZA,2018-02-14,63.880001068115234,65.06999969482422,63.880001068115234,65.06999969482422,18400,59.258975982666016,0.0
CZA,2018-02-15,65.56999969482422,65.58000183105469,65.1500015258789,65.54000091552734,10500,59.687007904052734,0.0
CZA,2018-02-16,65.56999969482422,66.12000274658203,65.56999969482422,65.87000274658203,23200,59.9875373840332,0.0
CZA,2018-02-20,65.5999984741211,65.72000122070312,65.19999694824219,65.31999969482422,14600,59.486656188964844,0.0
CZA,2018-02-21,65.33999633789062,66.08999633789062,65.19000244140625,65.19000244140625,27700,59.368263244628906,0.0
CZA,2018-02-22,65.41000366210938,65.73999786376953,65.06999969482422,65.06999969482422,9200,59.258975982666016,0.0
CZA,2018-02-23,65.05999755859375,65.94999694824219,65.05999755859375,65.94999694824219,21900,60.06039047241211,0.0
CZA,2018-02-26,66.22000122070312,66.45999908447266,65.91999816894531,66.31999969482422,6400,60.3973503112793,0.0
CZA,2018-02-27,66.37999725341797,66.58999633789062,65.69000244140625,65.70999908447266,16400,59.841827392578125,0.0
CZA,2018-02-28,65.70999908447266,65.95999908447266,64.94999694824219,64.94999694824219,18100,59.149696350097656,0.0
CZA,2018-03-01,64.94000244140625,65.18000030517578,64.12999725341797,64.44000244140625,15700,58.68524169921875,0.0
CZA,2018-03-02,64.19000244140625,64.7699966430664,63.77000045776367,64.73999786376953,15800,58.95844268798828,0.0
CZA,2018-03-05,64.45999908447266,65.5199966430664,64.4000015258789,65.37000274658203,8500,59.532188415527344,0.0
CZA,2018-03-06,65.72000122070312,65.91999816894531,65.23999786376953,65.91999816894531,13200,60.0330696105957,0.0
CZA,2018-03-07,65.29000091552734,66.08999633789062,65.29000091552734,66.01000213623047,9800,60.11503982543945,0.0
CZA,2018-03-08,66.11000061035156,66.16999816894531,65.70999908447266,66.08999633789062,29000,60.18788146972656,0.0
CZA,2018-03-09,66.45999908447266,67.08000183105469,66.41999816894531,67.08000183105469,9100,61.089481353759766,0.0
CZA,2018-03-12,67.2300033569336,67.2300033569336,66.81999969482422,66.97000122070312,6200,60.98930740356445,0.0
CZA,2018-03-13,67.05999755859375,67.25,66.58999633789062,66.58999633789062,9100,60.64323425292969,0.0
CZA,2018-03-14,66.80000305175781,66.80000305175781,66.02999877929688,66.16999816894531,6400,60.2607421875,0.0
CZA,2018-03-15,66.37000274658203,66.37000274658203,65.83000183105469,65.9800033569336,9100,60.08771514892578,0.0
CZA,2018-03-16,66.08000183105469,66.41999816894531,66.0,66.30999755859375,32500,60.38824462890625,0.0
CZA,2018-03-19,66.04000091552734,66.05000305175781,65.41000366210938,65.62000274658203,12800,59.759857177734375,0.0
CZA,2018-03-20,65.73999786376953,65.87999725341797,65.6500015258789,65.69000244140625,7800,59.823612213134766,0.0
CZA,2018-03-21,65.76000213623047,66.37000274658203,65.76000213623047,66.05999755859375,5800,60.160560607910156,0.0
CZA,2018-03-22,65.44000244140625,65.52999877929688,64.2699966430664,64.2699966430664,16100,58.530418395996094,0.0
CZA,2018-03-23,64.37000274658203,64.41000366210938,63.0099983215332,63.0099983215332,9100,57.38294982910156,0.0
CZA,2018-03-26,63.84000015258789,64.55000305175781,63.650001525878906,64.47000122070312,12600,58.712562561035156,0.0
CZA,2018-03-27,64.68000030517578,64.83000183105469,63.72999954223633,63.91999816894531,13400,58.21167755126953,0.0
CZA,2018-03-28,63.95000076293945,64.19999694824219,63.880001068115234,63.91999816894531,10300,58.21167755126953,0.0
CZA,2018-03-29,64.62999725341797,65.0199966430664,64.62999725341797,64.94999694824219,3800,59.149696350097656,0.0
CZA,2018-04-02,64.63999938964844,64.7300033569336,63.0,63.54999923706055,19000,57.87472152709961,0.0
CZA,2018-04-03,63.7599983215332,64.31999969482422,63.650001525878906,64.23999786376953,6800,58.50309753417969,0.0
CZA,2018-04-04,63.040000915527344,64.80999755859375,63.040000915527344,64.80999755859375,15000,59.02220153808594,0.0
CZA,2018-04-05,65.3499984741211,65.3499984741211,64.98999786376953,65.19000244140625,20700,59.368263244628906,0.0
CZA,2018-04-06,64.8499984741211,64.8499984741211,63.560001373291016,63.93000030517578,7400,58.220787048339844,0.0
CZA,2018-04-09,64.01000213623047,64.69999694824219,63.93000030517578,63.93000030517578,5600,58.220787048339844,0.0
CZA,2018-04-10,64.75,64.94999694824219,64.47000122070312,64.68000030517578,8900,58.903812408447266,0.0
CZA,2018-04-11,64.38999938964844,64.79000091552734,64.38999938964844,64.58999633789062,10600,58.821834564208984,0.0
CZA,2018-04-12,65.08999633789062,65.12999725341797,64.77999877929688,64.9000015258789,8700,59.10416030883789,0.0
CZA,2018-04-13,65.23999786376953,65.23999786376953,64.54000091552734,64.61000061035156,11300,58.840057373046875,0.0
CZA,2018-04-16,65.05000305175781,65.37000274658203,65.05000305175781,65.30000305175781,8300,59.46844482421875,0.0
CZA,2018-04-17,65.69999694824219,65.91999816894531,65.62000274658203,65.72000122070312,12400,59.85093688964844,0.0
CZA,2018-04-18,65.86000061035156,66.08000183105469,65.72000122070312,65.80999755859375,12000,59.93288803100586,0.0
CZA,2018-04-19,65.69999694824219,65.98999786376953,65.45999908447266,65.70999908447266,9500,59.841827392578125,0.0
CZA,2018-04-20,65.66000366210938,65.66000366210938,65.25,65.41000366210938,4500,59.56862258911133,0.0
CZA,2018-04-23,65.51000213623047,65.76000213623047,65.44000244140625,65.55000305175781,8200,59.69612121582031,0.0
CZA,2018-04-24,65.98999786376953,65.98999786376953,64.69999694824219,64.76000213623047,11200,58.976661682128906,0.0
CZA,2018-04-25,64.94000244140625,65.05999755859375,64.69000244140625,65.05999755859375,10900,59.24987030029297,0.0
CZA,2018-04-26,65.16999816894531,65.4800033569336,65.02999877929688,65.2300033569336,6300,59.40468978881836,0.0
CZA,2018-04-27,65.25,65.25,65.04000091552734,65.20999908447266,4200,59.386470794677734,0.0
CZA,2018-04-30,65.37000274658203,65.54000091552734,64.83000183105469,64.87999725341797,4400,59.085941314697266,0.0
CZA,2018-05-01,64.69999694824219,64.83000183105469,64.19000244140625,64.62000274658203,11500,58.84916687011719,0.0
CZA,2018-05-02,64.52999877929688,64.55000305175781,64.08999633789062,64.08999633789062,10400,58.366493225097656,0.0
CZA,2018-05-03,63.970001220703125,64.08000183105469,63.40999984741211,63.9900016784668,11600,58.275428771972656,0.0
CZA,2018-05-04,63.93000030517578,65.08000183105469,63.689998626708984,64.91000366210938,6200,59.11326599121094,0.0
CZA,2018-05-07,64.95999908447266,65.33000183105469,64.94000244140625,65.33000183105469,4400,59.49576187133789,0.0
CZA,2018-05-08,65.04000091552734,65.30000305175781,65.04000091552734,65.19999694824219,6400,59.37736511230469,0.0
CZA,2018-05-09,65.26000213623047,65.66000366210938,65.26000213623047,65.55999755859375,5000,59.70521926879883,0.0
CZA,2018-05-10,65.55000305175781,66.02999877929688,65.55000305175781,65.88999938964844,8100,60.00574493408203,0.0
CZA,2018-05-11,65.87999725341797,65.87999725341797,65.4000015258789,65.45999908447266,10800,59.6141471862793,0.0
CZA,2018-05-14,65.66999816894531,65.66999816894531,65.22000122070312,65.36000061035156,6500,59.523075103759766,0.0
CZA,2018-05-15,65.01000213623047,65.27999877929688,65.01000213623047,65.11000061035156,5800,59.29541015625,0.0
CZA,2018-05-16,65.0999984741211,65.61000061035156,65.0999984741211,65.58000183105469,6300,59.72343063354492,0.0
CZA,2018-05-17,65.38999938964844,65.83000183105469,65.38999938964844,65.68000030517578,5900,59.81450271606445,0.0
CZA,2018-05-18,65.86000061035156,65.86000061035156,65.58999633789062,65.62999725341797,15400,59.76897430419922,0.0
CZA,2018-05-21,65.8499984741211,66.08000183105469,65.8499984741211,66.0,7800,60.105926513671875,0.0
CZA,2018-05-22,66.08000183105469,66.16000366210938,65.91000366210938,65.91000366210938,10500,60.023963928222656,0.0
CZA,2018-05-23,65.68000030517578,65.7300033569336,65.48999786376953,65.7300033569336,9700,59.86003875732422,0.0
CZA,2018-05-24,65.68000030517578,65.70999908447266,65.41000366210938,65.68000030517578,8600,59.81450271606445,0.0
CZA,2018-05-25,65.45999908447266,65.66999816894531,65.37999725341797,65.48999786376953,3500,59.64147186279297,0.0
CZA,2018-05-29,65.05000305175781,65.12000274658203,64.5999984741211,64.80000305175781,7300,59.013092041015625,0.0
CZA,2018-05-30,65.04000091552734,65.7699966430664,65.04000091552734,65.69999694824219,5200,59.83271026611328,0.0
CZA,2018-05-31,65.48999786376953,65.62000274658203,64.94999694824219,65.11000061035156,7700,59.29541015625,0.0
CZA,2018-06-01,65.4000015258789,65.66999816894531,65.4000015258789,65.66000366210938,44300,59.79628372192383,0.0
CZA,2018-06-04,65.75,65.91000366210938,65.7300033569336,65.9000015258789,10600,60.014854431152344,0.0
CZA,2018-06-05,65.9000015258789,65.9000015258789,65.62999725341797,65.80000305175781,17300,59.923797607421875,0.0
CZA,2018-06-06,66.04000091552734,66.37000274658203,65.95999908447266,66.33000183105469,13900,60.40645980834961,0.0
CZA,2018-06-07,66.4000015258789,66.54000091552734,66.22000122070312,66.4000015258789,8800,60.47020721435547,0.0
CZA,2018-06-08,66.12000274658203,66.62000274658203,66.12000274658203,66.5999984741211,7800,60.652339935302734,0.0
CZA,2018-06-11,66.7699966430664,66.79000091552734,66.6500015258789,66.66999816894531,3400,60.71608352661133,0.0
CZA,2018-06-12,66.80000305175781,66.83999633789062,66.58999633789062,66.73999786376953,7300,60.779842376708984,0.0
CZA,2018-06-13,66.91999816894531,66.91999816894531,66.43000030517578,66.43000030517578,12000,60.497520446777344,0.0
CZA,2018-06-14,66.69000244140625,66.69000244140625,66.2300033569336,66.41999816894531,8900,60.4884147644043,0.0
CZA,2018-06-15,66.04000091552734,66.2699966430664,65.86000061035156,66.2699966430664,6000,60.35181427001953,0.0
CZA,2018-06-18,66.04000091552734,66.18000030517578,65.9000015258789,66.0999984741211,9400,60.19699478149414,0.0
CZA,2018-06-19,65.75,65.91999816894531,65.45999908447266,65.80999755859375,15400,59.93288803100586,0.0
CZA,2018-06-20,66.01000213623047,66.11000061035156,65.97000122070312,66.0999984741211,7900,60.19699478149414,0.0
CZA,2018-06-21,65.76000213623047,65.80999755859375,65.47000122070312,65.51000213623047,19400,59.65968704223633,0.0
CZA,2018-06-22,65.9000015258789,65.91999816894531,65.7300033569336,65.7300033569336,15300,59.86003875732422,0.0
CZA,2018-06-25,65.61000061035156,65.61000061035156,64.7699966430664,65.05000305175781,9500,59.24076461791992,0.0
CZA,2018-06-26,65.08000183105469,65.30000305175781,65.01000213623047,65.05999755859375,5200,59.24987030029297,0.0
CZA,2018-06-27,65.13999938964844,65.30000305175781,64.31999969482422,64.31999969482422,8500,58.575958251953125,0.0
CZA,2018-06-28,64.4000015258789,64.66999816894531,64.1500015258789,64.55999755859375,5600,58.79452133178711,0.0
CZA,2018-06-29,64.76000213623047,65.2699966430664,64.69000244140625,64.69000244140625,6100,58.91291809082031,0.0
CZA,2018-07-02,64.22000122070312,64.75,64.22000122070312,64.75,17400,58.96755599975586,0.0
CZA,2018-07-03,65.12999725341797,65.2699966430664,64.87000274658203,64.87000274658203,3600,59.076839447021484,0.0
CZA,2018-07-05,65.19999694824219,65.44000244140625,65.05999755859375,65.44000244140625,2300,59.59593200683594,0.0
CZA,2018-07-06,65.26000213623047,65.80000305175781,65.26000213623047,65.69000244140625,9400,59.823612213134766,0.0
CZA,2018-07-09,65.81999969482422,66.33000183105469,65.81999969482422,66.29000091552734,11400,60.370033264160156,0.0
CZA,2018-07-10,66.2699966430664,66.45999908447266,66.11000061035156,66.2699966430664,7800,60.35181427001953,0.0
CZA,2018-07-11,66.0,66.04000091552734,65.69000244140625,65.76000213623047,4400,59.88736343383789,0.0
CZA,2018-07-12,65.97000122070312,66.05999755859375,65.80999755859375,66.0,22700,60.105926513671875,0.0
CZA,2018-07-13,66.0999984741211,66.23999786376953,66.04000091552734,66.13999938964844,10100,60.23342514038086,0.0
CZA,2018-07-16,66.13999938964844,66.13999938964844,65.83000183105469,65.95999908447266,6400,60.069496154785156,0.0
CZA,2018-07-17,65.91000366210938,66.25,65.91000366210938,66.25,10400,60.33360290527344,0.0
CZA,2018-07-18,66.4000015258789,66.68000030517578,66.27999877929688,66.55000305175781,25900,60.606807708740234,0.0
CZA,2018-07-19,66.63999938964844,66.80999755859375,66.38999938964844,66.80999755859375,3300,60.84359359741211,0.0
CZA,2018-07-20,66.4800033569336,66.8499984741211,66.4800033569336,66.6500015258789,5000,60.69788360595703,0.0
CZA,2018-07-23,66.6500015258789,66.77999877929688,66.56999969482422,66.7699966430664,5500,60.80715560913086,0.0
CZA,2018-07-24,66.91000366210938,67.0,66.5999984741211,66.75,13200,60.788944244384766,0.0
CZA,2018-07-25,66.76000213623047,66.94999694824219,66.66000366210938,66.94999694824219,5800,60.97108840942383,0.0
CZA,2018-07-26,67.16999816894531,67.72000122070312,67.16999816894531,67.70999908447266,8500,61.6632194519043,0.0
CZA,2018-07-27,67.72000122070312,67.72000122070312,67.11000061035156,67.22000122070312,3100,61.216976165771484,0.0
CZA,2018-07-30,67.1500015258789,67.38999938964844,66.9000015258789,66.9000015258789,7500,60.92555618286133,0.0
CZA,2018-07-31,66.93000030517578,67.81999969482422,66.93000030517578,67.72000122070312,8500,61.67232894897461,0.0
CZA,2018-08-01,67.56999969482422,67.9000015258789,67.26000213623047,67.45999908447266,58800,61.435543060302734,0.0
CZA,2018-08-02,66.80999755859375,67.69999694824219,66.80999755859375,67.68000030517578,3100,61.63589859008789,0.0
CZA,2018-08-03,67.5,68.08000183105469,67.5,68.08000183105469,7600,62.00017166137695,0.0
CZA,2018-08-06,67.98999786376953,68.2300033569336,67.98999786376953,68.2300033569336,10200,62.13677978515625,0.0
CZA,2018-08-07,67.98999786376953,68.58000183105469,67.98999786376953,68.4000015258789,15000,62.29159164428711,0.0
CZA,2018-08-08,68.31999969482422,68.36000061035156,68.30000305175781,68.36000061035156,1700,62.25516891479492,0.0
CZA,2018-08-09,68.37000274658203,68.5199966430664,68.19000244140625,68.19000244140625,9800,62.100364685058594,0.0
CZA,2018-08-10,67.66999816894531,67.9800033569336,67.5199966430664,67.70999908447266,11800,61.6632194519043,0.0
CZA,2018-08-13,67.66999816894531,67.73999786376953,67.1500015258789,67.19000244140625,4800,61.18965530395508,0.0
CZA,2018-08-14,67.41000366210938,67.81999969482422,67.41000366210938,67.7300033569336,8500,61.681434631347656,0.0
CZA,2018-08-15,67.16999816894531,67.31999969482422,67.08000183105469,67.31999969482422,5200,61.30803680419922,0.0
CZA,2018-08-16,67.6500015258789,68.08000183105469,67.61000061035156,67.83000183105469,6300,61.772491455078125,0.0
CZA,2018-08-17,67.75,68.38999938964844,67.5999984741211,68.30000305175781,6900,62.20052719116211,0.0
CZA,2018-08-20,68.4800033569336,68.62999725341797,68.43000030517578,68.58999633789062,5500,62.46461868286133,0.0
CZA,2018-08-21,68.75,69.0199966430664,68.75,68.86000061035156,5700,62.710514068603516,0.0
CZA,2018-08-22,68.69999694824219,68.76000213623047,68.63999938964844,68.6500015258789,8700,62.51927185058594,0.0
CZA,2018-08-23,68.69999694824219,68.69999694824219,68.29000091552734,68.3499984741211,3900,62.246063232421875,0.0
CZA,2018-08-24,68.33999633789062,68.5999984741211,68.33999633789062,68.5999984741211,6300,62.47373962402344,0.0
CZA,2018-08-27,69.04000091552734,69.0999984741211,68.98999786376953,69.04000091552734,7200,62.87444305419922,0.0
CZA,2018-08-28,69.19999694824219,69.33999633789062,68.86000061035156,69.05000305175781,7700,62.8835563659668,0.0
CZA,2018-08-29,69.19000244140625,69.27999877929688,69.04000091552734,69.13999938964844,48800,62.96551513671875,0.0
CZA,2018-08-30,68.95999908447266,68.95999908447266,68.63999938964844,68.72000122070312,9800,62.5830192565918,0.0
CZA,2018-08-31,68.56999969482422,68.79000091552734,68.48999786376953,68.73999786376953,4600,62.60123062133789,0.0
CZA,2018-09-04,68.72000122070312,68.72000122070312,68.41000366210938,68.68000030517578,6400,62.546600341796875,0.0
CZA,2018-09-05,68.4800033569336,68.87999725341797,68.4800033569336,68.83000183105469,7300,62.68319320678711,0.0
CZA,2018-09-06,68.94999694824219,69.0199966430664,68.61000061035156,68.72000122070312,4500,62.5830192565918,0.0
CZA,2018-09-07,68.41999816894531,68.47000122070312,68.08000183105469,68.2300033569336,9900,62.13677978515625,0.0
CZA,2018-09-10,68.37000274658203,68.63999938964844,68.37000274658203,68.54000091552734,8700,62.41910171508789,0.0
CZA,2018-09-11,68.19000244140625,68.62000274658203,68.19000244140625,68.51000213623047,6000,62.391761779785156,0.0
CZA,2018-09-12,68.2300033569336,68.48999786376953,68.1500015258789,68.41000366210938,26800,62.30070495605469,0.0
CZA,2018-09-13,68.83999633789062,68.93000030517578,68.61000061035156,68.73999786376953,10700,62.60123062133789,0.0
CZA,2018-09-14,68.80999755859375,69.05999755859375,68.7699966430664,69.02999877929688,6400,62.86534118652344,0.0
CZA,2018-09-17,69.05999755859375,69.0999984741211,68.81999969482422,68.81999969482422,12300,62.67408752441406,0.0
CZA,2018-09-18,68.87000274658203,69.16999816894531,68.77999877929688,69.0999984741211,6400,62.929080963134766,0.0
CZA,2018-09-19,69.06999969482422,69.41000366210938,69.06999969482422,69.18000030517578,17400,63.0019416809082,0.0
CZA,2018-09-20,69.44000244140625,69.66999816894531,69.33999633789062,69.56999969482422,9400,63.35710906982422,0.0
CZA,2018-09-21,69.69999694824219,69.70999908447266,69.61000061035156,69.62000274658203,8000,63.402645111083984,0.0
CZA,2018-09-24,69.05999755859375,69.05999755859375,68.83000183105469,68.87000274658203,5800,62.719627380371094,0.0
CZA,2018-09-25,68.87999725341797,68.9800033569336,68.63999938964844,68.63999938964844,2600,62.51015853881836,0.0
CZA,2018-09-26,68.58999633789062,68.69999694824219,68.11000061035156,68.11000061035156,10000,62.02750015258789,0.0
CZA,2018-09-27,68.19999694824219,68.43000030517578,68.05000305175781,68.05999755859375,33000,61.98196029663086,0.0
CZA,2018-09-28,67.9000015258789,68.30999755859375,67.9000015258789,68.18000030517578,7100,62.09123611450195,0.0
CZA,2018-10-01,68.43000030517578,68.5199966430664,68.19000244140625,68.19999694824219,4600,62.10945510864258,0.0
CZA,2018-10-02,68.19999694824219,68.26000213623047,68.05000305175781,68.11000061035156,12100,62.02750015258789,0.0
CZA,2018-10-03,68.47000122070312,68.47000122070312,68.04000091552734,68.1500015258789,11700,62.063926696777344,0.0
CZA,2018-10-04,67.9000015258789,67.9000015258789,67.43000030517578,67.68000030517578,13900,61.63589859008789,0.0
CZA,2018-10-05,67.55000305175781,67.73999786376953,67.16999816894531,67.36000061035156,11900,61.34447479248047,0.0
CZA,2018-10-08,67.19000244140625,67.55999755859375,67.19000244140625,67.51000213623047,10300,61.481082916259766,0.0
CZA,2018-10-09,67.36000061035156,67.36000061035156,67.11000061035156,67.1500015258789,5300,61.153221130371094,0.0
CZA,2018-10-10,66.95999908447266,66.95999908447266,65.56999969482422,65.56999969482422,29900,59.71432876586914,0.0
CZA,2018-10-11,65.36000061035156,65.41999816894531,63.959999084472656,64.2699966430664,21300,58.530418395996094,0.0
CZA,2018-10-12,65.02999877929688,65.02999877929688,63.56999969482422,64.22000122070312,4600,58.484886169433594,0.0
CZA,2018-10-15,64.13999938964844,64.72000122070312,64.13999938964844,64.5199966430664,14600,58.75809097290039,0.0
CZA,2018-10-16,64.81999969482422,65.61000061035156,64.81999969482422,65.61000061035156,4700,59.750755310058594,0.0
CZA,2018-10-17,65.44000244140625,65.58999633789062,64.87999725341797,65.51000213623047,7000,59.65968704223633,0.0
CZA,2018-10-18,65.27999877929688,65.27999877929688,64.62999725341797,64.69000244140625,6500,58.91291809082031,0.0
CZA,2018-10-19,64.83000183105469,65.16000366210938,64.63999938964844,64.7699966430664,6700,58.98577117919922,0.0
CZA,2018-10-22,64.79000091552734,64.79000091552734,64.05999755859375,64.0999984741211,3000,58.37560272216797,0.0
CZA,2018-10-23,63.20000076293945,63.9900016784668,62.65999984741211,63.66999816894531,6300,57.98400115966797,0.0
CZA,2018-10-24,63.650001525878906,63.650001525878906,62.220001220703125,62.220001220703125,4700,56.66349792480469,0.0
CZA,2018-10-25,62.56999969482422,63.459999084472656,62.56999969482422,63.04999923706055,6800,57.41937255859375,0.0
CZA,2018-10-26,62.29999923706055,62.869998931884766,61.599998474121094,62.20000076293945,13200,56.64528274536133,0.0
CZA,2018-10-29,62.790000915527344,63.0,61.97999954223633,61.97999954223633,3400,56.44493103027344,0.0
CZA,2018-10-30,62.0,62.849998474121094,62.0,62.849998474121094,8300,57.23723220825195,0.0
CZA,2018-10-31,63.2400016784668,63.75,63.220001220703125,63.220001220703125,7000,57.57419204711914,0.0
CZA,2018-11-01,63.56999969482422,64.45999908447266,63.43000030517578,64.45999908447266,4200,58.703453063964844,0.0
CZA,2018-11-02,64.69000244140625,65.0,63.84000015258789,64.08000183105469,71900,58.35739517211914,0.0
CZA,2018-11-05,64.11000061035156,64.83999633789062,64.11000061035156,64.76000213623047,2700,58.976661682128906,0.0
CZA,2018-11-06,64.88999938964844,65.48999786376953,64.88999938964844,65.48999786376953,5600,59.64147186279297,0.0
CZA,2018-11-07,65.63999938964844,66.23999786376953,65.63999938964844,66.23999786376953,11700,60.32448959350586,0.0
CZA,2018-11-08,66.12000274658203,66.33999633789062,66.06999969482422,66.11000061035156,5400,60.20610427856445,0.0
CZA,2018-11-09,65.87999725341797,66.06999969482422,65.54000091552734,66.06999969482422,11200,60.169673919677734,0.0
CZA,2018-11-12,65.80999755859375,65.83999633789062,64.97000122070312,65.08000183105469,3800,59.26808166503906,0.0
CZA,2018-11-13,65.16000366210938,65.69000244140625,65.04000091552734,65.06999969482422,6700,59.258975982666016,0.0
CZA,2018-11-14,65.48999786376953,65.48999786376953,64.51000213623047,64.58999633789062,6500,58.821834564208984,0.0
CZA,2018-11-15,64.19000244140625,65.27999877929688,64.16999816894531,65.27999877929688,7200,59.450225830078125,0.0
CZA,2018-11-16,65.2300033569336,65.5199966430664,65.08999633789062,65.5199966430664,6000,59.668785095214844,0.0
CZA,2018-11-19,65.3499984741211,65.52999877929688,64.81999969482422,64.87000274658203,6000,59.076839447021484,0.0
CZA,2018-11-20,64.41000366210938,64.55999755859375,64.05000305175781,64.25,4200,58.51220703125,0.0
CZA,2018-11-21,64.38999938964844,64.88999938964844,64.29000091552734,64.52999877929688,5100,58.76720428466797,0.0
CZA,2018-11-23,64.0199966430664,64.6500015258789,64.0199966430664,64.5,1500,58.73988342285156,0.0
CZA,2018-11-26,64.87999725341797,65.0999984741211,64.76000213623047,65.06999969482422,21000,59.258975982666016,0.0
CZA,2018-11-27,64.54000091552734,64.76000213623047,64.5,64.63999938964844,7300,58.86738204956055,0.0
CZA,2018-11-28,64.79000091552734,65.5,64.37000274658203,65.5,5600,59.650577545166016,0.0
CZA,2018-11-29,65.26000213623047,65.69000244140625,65.26000213623047,65.33999633789062,9500,59.5048713684082,0.0
CZA,2018-11-30,65.22000122070312,65.83000183105469,65.22000122070312,65.75,8000,59.87824249267578,0.0
CZA,2018-12-03,66.7300033569336,66.7300033569336,66.1500015258789,66.62999725341797,11700,60.679656982421875,0.0
CZA,2018-12-04,66.5,66.5,64.75,64.75,8500,58.96755599975586,0.0
CZA,2018-12-06,63.97999954223633,64.5199966430664,62.900001525878906,64.5199966430664,18400,58.75809097290039,0.0
CZA,2018-12-07,64.81999969482422,64.87999725341797,63.4900016784668,63.630001068115234,11000,57.94757843017578,0.0
CZA,2018-12-10,63.560001373291016,63.560001373291016,62.349998474121094,63.27000045776367,26800,57.61972427368164,0.0
CZA,2018-12-11,63.970001220703125,63.970001220703125,63.08000183105469,63.16999816894531,4200,57.52865219116211,0.0
CZA,2018-12-12,63.72999954223633,64.0199966430664,63.33000183105469,63.349998474121094,13400,57.69258117675781,0.0
CZA,2018-12-13,63.41999816894531,63.61000061035156,62.97999954223633,63.2400016784668,14600,57.592411041259766,0.0
CZA,2018-12-14,62.79999923706055,63.209999084472656,62.5,62.59000015258789,21800,57.00045394897461,0.0
CZA,2018-12-17,62.439998626708984,62.45000076293945,61.130001068115234,61.130001068115234,22300,55.67083740234375,0.0
CZA,2018-12-18,61.4900016784668,61.83000183105469,60.869998931884766,61.06999969482422,24400,55.61619186401367,0.0
CZA,2018-12-19,61.040000915527344,61.77000045776367,60.22999954223633,60.439998626708984,11300,55.042457580566406,0.0
CZA,2018-12-20,60.189998626708984,60.45000076293945,59.0,59.459999084472656,52500,54.14997100830078,0.0
CZA,2018-12-21,59.849998474121094,60.349998474121094,58.59000015258789,58.59000015258789,11000,53.357666015625,0.0
CZA,2018-12-24,57.61000061035156,57.61000061035156,56.279998779296875,56.310001373291016,31900,51.942649841308594,0.746
CZA,2018-12-26,56.5,58.380001068115234,56.11000061035156,58.380001068115234,17700,53.85210037231445,0.0
CZA,2018-12-27,57.650001525878906,58.63999938964844,56.849998474121094,58.63999938964844,15500,54.09193420410156,0.0
CZA,2018-12-28,58.900001525878906,59.08000183105469,58.209999084472656,58.41999816894531,11300,53.88899230957031,0.0
CZA,2018-12-31,58.84000015258789,58.97999954223633,58.310001373291016,58.97999954223633,37700,54.40556335449219,0.0
CZA,2019-01-02,58.189998626708984,58.86000061035156,58.0,58.630001068115234,7900,54.08271026611328,0.0
CZA,2019-01-03,58.36000061035156,58.810001373291016,58.02000045776367,58.040000915527344,8000,53.53846740722656,0.0
CZA,2019-01-04,59.18000030517578,59.959999084472656,59.18000030517578,59.779998779296875,12100,55.14350891113281,0.0
CZA,2019-01-07,59.7400016784668,60.52000045776367,59.720001220703125,60.029998779296875,11800,55.374122619628906,0.0
CZA,2019-01-08,60.5,60.619998931884766,60.13999938964844,60.619998931884766,8100,55.918365478515625,0.0
CZA,2019-01-09,60.77000045776367,61.209999084472656,60.77000045776367,61.02000045776367,9200,56.28734588623047,0.0
CZA,2019-01-10,60.779998779296875,61.58000183105469,60.779998779296875,61.5099983215332,12100,56.73933792114258,0.0
CZA,2019-01-11,61.29999923706055,61.619998931884766,61.189998626708984,61.52000045776367,16400,56.748558044433594,0.0
CZA,2019-01-14,61.18000030517578,61.18000030517578,60.93000030517578,60.959999084472656,5600,56.23199462890625,0.0
CZA,2019-01-15,60.9900016784668,61.290000915527344,60.900001525878906,61.20000076293945,11500,56.45338439941406,0.0
CZA,2019-01-16,61.310001373291016,61.880001068115234,61.310001373291016,61.709999084472656,7100,56.923828125,0.0
CZA,2019-01-17,61.560001373291016,62.56999969482422,61.560001373291016,62.400001525878906,6800,57.560306549072266,0.0
CZA,2019-01-18,62.689998626708984,63.150001525878906,62.560001373291016,63.060001373291016,8800,58.16912078857422,0.0
CZA,2019-01-22,62.77000045776367,62.77000045776367,62.04999923706055,62.22999954223633,10600,57.40349578857422,0.0
CZA,2019-01-23,62.54999923706055,62.709999084472656,62.099998474121094,62.38999938964844,4900,57.551090240478516,0.0
CZA,2019-01-24,62.310001373291016,63.02000045776367,62.310001373291016,62.9900016784668,16300,58.10455322265625,0.0
CZA,2019-01-25,63.36000061035156,63.709999084472656,63.36000061035156,63.540000915527344,9800,58.61189651489258,0.0
CZA,2019-01-28,63.15999984741211,63.560001373291016,63.09000015258789,63.560001373291016,11300,58.630340576171875,0.0
CZA,2019-01-29,63.689998626708984,63.90999984741211,63.689998626708984,63.779998779296875,8400,58.83327865600586,0.0
CZA,2019-01-30,63.9900016784668,64.63999938964844,63.77000045776367,64.33999633789062,5600,59.3498420715332,0.0
CZA,2019-01-31,64.19000244140625,64.66999816894531,64.19000244140625,64.66999816894531,7800,59.65424728393555,0.0
CZA,2019-02-01,64.86000061035156,65.12999725341797,64.69999694824219,64.94000244140625,11000,59.90331268310547,0.0
CZA,2019-02-04,65.01000213623047,65.25,64.69999694824219,65.25,9200,60.189266204833984,0.0
CZA,2019-02-05,65.25,65.70999908447266,65.23999786376953,65.70999908447266,15800,60.613590240478516,0.0
CZA,2019-02-06,65.61000061035156,65.7300033569336,65.37000274658203,65.4800033569336,7900,60.40142822265625,0.0
CZA,2019-02-07,65.0,65.29000091552734,64.81999969482422,65.25,14500,60.189266204833984,0.0
CZA,2019-02-08,64.9800033569336,65.44000244140625,64.9800033569336,65.44000244140625,5200,60.36452865600586,0.0
CZA,2019-02-11,65.44999694824219,65.66000366210938,65.37999725341797,65.66000366210938,15000,60.567466735839844,0.0
CZA,2019-02-12,65.87000274658203,66.30999755859375,65.87000274658203,66.27999877929688,10300,61.139381408691406,0.0
CZA,2019-02-13,66.56999969482422,66.56999969482422,66.23999786376953,66.54000091552734,10300,61.37921905517578,0.0
CZA,2019-02-14,66.19999694824219,66.6500015258789,66.19999694824219,66.44999694824219,24100,61.29618835449219,0.0
CZA,2019-02-15,66.54000091552734,67.11000061035156,66.54000091552734,67.0199966430664,5800,61.821983337402344,0.0
CZA,2019-02-19,66.93000030517578,67.68000030517578,66.93000030517578,67.43000030517578,18900,62.2001953125,0.0
CZA,2019-02-20,67.44999694824219,67.7300033569336,67.38999938964844,67.55000305175781,9300,62.310890197753906,0.0
CZA,2019-02-21,67.4800033569336,67.54000091552734,67.33999633789062,67.43000030517578,10100,62.2001953125,0.0
CZA,2019-02-22,67.55000305175781,67.79000091552734,67.5199966430664,67.69999694824219,13200,62.44924545288086,0.0
CZA,2019-02-25,67.94999694824219,68.0,67.44999694824219,67.45999908447266,8000,62.227867126464844,0.0
CZA,2019-02-26,67.72000122070312,67.72000122070312,67.2300033569336,67.2300033569336,7800,62.01569747924805,0.0
CZA,2019-02-27,67.25,67.30999755859375,66.9000015258789,67.27999877929688,20900,62.06181716918945,0.0
CZA,2019-02-28,67.22000122070312,67.30000305175781,67.0,67.0999984741211,13000,61.89577865600586,0.0
CZA,2019-03-01,67.3499984741211,67.41000366210938,66.88999938964844,67.2300033569336,8300,62.01569747924805,0.0
CZA,2019-03-04,67.41999816894531,67.55000305175781,66.80000305175781,67.3499984741211,8900,62.12639236450195,0.0
CZA,2019-03-05,67.5,67.61000061035156,67.27999877929688,67.45999908447266,9900,62.227867126464844,0.0
CZA,2019-03-06,67.62000274658203,67.62000274658203,66.9800033569336,66.98999786376953,16700,61.794315338134766,0.0
CZA,2019-03-07,66.66000366210938,66.80000305175781,66.51000213623047,66.52999877929688,5300,61.369991302490234,0.0
CZA,2019-03-08,66.2699966430664,66.47000122070312,66.08000183105469,66.47000122070312,5200,61.314640045166016,0.0
CZA,2019-03-11,66.52999877929688,67.36000061035156,66.52999877929688,67.36000061035156,10200,62.1356201171875,0.0
CZA,2019-03-12,67.41000366210938,67.62999725341797,67.41000366210938,67.58000183105469,5600,62.33854675292969,0.0
CZA,2019-03-13,67.91999816894531,68.18000030517578,67.72000122070312,67.93000030517578,8000,62.661407470703125,0.0
CZA,2019-03-14,68.05999755859375,68.05999755859375,67.80999755859375,67.95999908447266,26500,62.68907928466797,0.0
CZA,2019-03-15,68.05999755859375,68.37999725341797,67.98999786376953,68.08999633789062,7600,62.808990478515625,0.0
CZA,2019-03-18,68.2300033569336,68.44999694824219,68.12000274658203,68.3499984741211,9400,63.04883575439453,0.0
CZA,2019-03-19,68.61000061035156,68.61000061035156,67.91000366210938,68.05999755859375,6600,62.78133010864258,0.0
CZA,2019-03-20,67.9800033569336,68.02999877929688,67.4000015258789,67.54000091552734,8100,62.30166244506836,0.0
CZA,2019-03-21,67.37000274658203,68.37000274658203,67.37000274658203,68.29000091552734,6900,62.99348831176758,0.0
CZA,2019-03-22,68.08999633789062,68.08999633789062,67.13999938964844,67.22000122070312,4500,62.0064811706543,0.0
CZA,2019-03-25,67.08000183105469,67.23999786376953,66.66000366210938,67.05000305175781,9000,61.84965896606445,0.0
CZA,2019-03-26,67.37999725341797,67.52999877929688,67.19000244140625,67.5199966430664,9600,62.283203125,0.0
CZA,2019-03-27,67.55999755859375,67.62000274658203,67.08000183105469,67.45999908447266,5000,62.227867126464844,0.0
CZA,2019-03-28,67.56999969482422,67.83000183105469,67.41000366210938,67.83000183105469,5600,62.56916046142578,0.0
CZA,2019-03-29,68.3499984741211,68.3499984741211,67.91000366210938,68.12000274658203,6500,62.836669921875,0.0
CZA,2019-04-01,68.47000122070312,69.0,68.47000122070312,68.98999786376953,20500,63.639198303222656,0.0
CZA,2019-04-02,68.97000122070312,69.06999969482422,68.79000091552734,68.98999786376953,5500,63.639198303222656,0.0
CZA,2019-04-03,69.27999877929688,69.47000122070312,69.0999984741211,69.26000213623047,10100,63.88825225830078,0.0
CZA,2019-04-04,69.31999969482422,69.54000091552734,69.16999816894531,69.41999816894531,15000,64.03585052490234,0.0
CZA,2019-04-05,69.43000030517578,69.7300033569336,69.43000030517578,69.7300033569336,5100,64.3218002319336,0.0
CZA,2019-04-08,69.56999969482422,69.75,69.54000091552734,69.75,4300,64.34025573730469,0.0
CZA,2019-04-09,69.5999984741211,69.5999984741211,69.05000305175781,69.12999725341797,8700,63.76832580566406,0.0
CZA,2019-04-10,69.08000183105469,69.58000183105469,69.08000183105469,69.48999786376953,15200,64.10041809082031,0.0
CZA,2019-04-11,69.69999694824219,69.80999755859375,69.58000183105469,69.80999755859375,14000,64.39558410644531,0.0
CZA,2019-04-12,70.05000305175781,70.48999786376953,70.04000091552734,70.45999908447266,8900,64.99517822265625,0.0
CZA,2019-04-15,70.38999938964844,70.41999816894531,70.19999694824219,70.2300033569336,14500,64.78303527832031,0.0
CZA,2019-04-16,70.41000366210938,70.43000030517578,70.0,70.0999984741211,15600,64.66310119628906,0.0
CZA,2019-04-17,70.36000061035156,70.36000061035156,69.5199966430664,69.58000183105469,7300,64.18343353271484,0.0
CZA,2019-04-18,69.58999633789062,69.77999877929688,69.43000030517578,69.66000366210938,8000,64.25723266601562,0.0
CZA,2019-04-22,69.4800033569336,69.5999984741211,69.29000091552734,69.4000015258789,7700,64.01740264892578,0.0
CZA,2019-04-23,69.6500015258789,70.33000183105469,69.6500015258789,70.2300033569336,21500,64.78303527832031,0.0
CZA,2019-04-24,70.33999633789062,70.56999969482422,70.25,70.38999938964844,4700,64.93062591552734,0.0
CZA,2019-04-25,70.1500015258789,70.20999908447266,69.69000244140625,70.0,6200,64.57085418701172,0.0
CZA,2019-04-26,70.22000122070312,70.62000274658203,70.11000061035156,70.55000305175781,9000,65.07820129394531,0.0
CZA,2019-04-29,70.62000274658203,70.72000122070312,70.5,70.5,4700,65.0320816040039,0.0
CZA,2019-04-30,70.51000213623047,70.72000122070312,70.19999694824219,70.72000122070312,4100,65.23501586914062,0.0
CZA,2019-05-01,70.70999908447266,70.7699966430664,70.20999908447266,70.20999908447266,4200,64.76457214355469,0.0
CZA,2019-05-02,69.9800033569336,70.44000244140625,69.88999938964844,70.19000244140625,5600,64.74613189697266,0.0
CZA,2019-05-03,70.44999694824219,70.98999786376953,70.44999694824219,70.94999694824219,10700,65.44718933105469,0.0
CZA,2019-05-06,70.05000305175781,70.73999786376953,70.05000305175781,70.62000274658203,6900,65.14277648925781,0.0
CZA,2019-05-07,70.19000244140625,70.19000244140625,69.51000213623047,69.63999938964844,10800,64.23877716064453,0.0
CZA,2019-05-08,69.66999816894531,69.80000305175781,69.41000366210938,69.41000366210938,8400,64.02661895751953,0.0
CZA,2019-05-09,68.93000030517578,69.29000091552734,68.56999969482422,69.29000091552734,26200,63.91592788696289,0.0
CZA,2019-05-10,69.20999908447266,69.62000274658203,68.47000122070312,69.51000213623047,10700,64.11886596679688,0.0
CZA,2019-05-13,68.52999877929688,68.7300033569336,67.93000030517578,68.1500015258789,7100,62.86435317993164,0.0
CZA,2019-05-14,68.22000122070312,68.93000030517578,68.22000122070312,68.79000091552734,6200,63.454708099365234,0.0
CZA,2019-05-15,68.43000030517578,69.01000213623047,68.43000030517578,68.87000274658203,10700,63.528507232666016,0.0
CZA,2019-05-16,69.05999755859375,69.5999984741211,69.05999755859375,69.31999969482422,8700,63.943599700927734,0.0
CZA,2019-05-17,68.88999938964844,69.29000091552734,68.7699966430664,68.94000244140625,4200,63.59307098388672,0.0
CZA,2019-05-20,68.69000244140625,68.9000015258789,68.37000274658203,68.61000061035156,3300,63.28866958618164,0.0
CZA,2019-05-21,69.1500015258789,69.38999938964844,69.02999877929688,69.33999633789062,4900,63.96205139160156,0.0
CZA,2019-05-22,69.2699966430664,69.2699966430664,69.04000091552734,69.26000213623047,6500,63.88825225830078,0.0
CZA,2019-05-23,68.9000015258789,68.9000015258789,68.1500015258789,68.41999816894531,10400,63.1134033203125,0.0
CZA,2019-05-24,68.91999816894531,68.91999816894531,68.5199966430664,68.58999633789062,12200,63.27021026611328,0.0
CZA,2019-05-28,68.93000030517578,68.98999786376953,68.12999725341797,68.12999725341797,12000,62.845890045166016,0.0
CZA,2019-05-29,67.9800033569336,67.9800033569336,67.33999633789062,67.66999816894531,9000,62.42156982421875,0.0
CZA,2019-05-30,67.91999816894531,67.94000244140625,67.41000366210938,67.55999755859375,11100,62.32010269165039,0.0
CZA,2019-05-31,67.2699966430664,67.2699966430664,66.75,67.12000274658203,11200,61.91423797607422,0.0
CZA,2019-06-03,67.27999877929688,67.81999969482422,67.18000030517578,67.81999969482422,42900,62.559940338134766,0.0
CZA,2019-06-04,68.4800033569336,68.80000305175781,68.04000091552734,68.80000305175781,14200,63.46393585205078,0.0
CZA,2019-06-05,69.26000213623047,69.55999755859375,68.56999969482422,69.55999755859375,13700,64.16497802734375,0.0
CZA,2019-06-06,69.73999786376953,69.9000015258789,69.37999725341797,69.76000213623047,29000,64.34947967529297,0.0
CZA,2019-06-07,70.11000061035156,70.3499984741211,70.05000305175781,70.18000030517578,20200,64.73690032958984,0.0
CZA,2019-06-10,70.4800033569336,70.4800033569336,70.19000244140625,70.29000091552734,17200,64.83837127685547,0.0
CZA,2019-06-11,70.76000213623047,70.76000213623047,69.94000244140625,70.08999633789062,18800,64.65387725830078,0.0
CZA,2019-06-12,70.13999938964844,70.16999816894531,69.93000030517578,70.0199966430664,20800,64.58930969238281,0.0
CZA,2019-06-13,70.11000061035156,70.27999877929688,70.05000305175781,70.2699966430664,5200,64.81991577148438,0.0
CZA,2019-06-14,70.13999938964844,70.30000305175781,70.06999969482422,70.29000091552734,5000,64.83837127685547,0.0
CZA,2019-06-17,70.44999694824219,70.44999694824219,70.05000305175781,70.05000305175781,5400,64.61698913574219,0.0
CZA,2019-06-18,70.33999633789062,70.83000183105469,70.33999633789062,70.44999694824219,9700,64.98594665527344,0.0
CZA,2019-06-19,70.4000015258789,70.94000244140625,70.4000015258789,70.83000183105469,17900,65.33649444580078,0.0
CZA,2019-06-20,71.54000091552734,71.55000305175781,71.0999984741211,71.52999877929688,18300,65.98218536376953,0.0
CZA,2019-06-21,71.45999908447266,71.45999908447266,71.1500015258789,71.30000305175781,15200,65.77003479003906,0.0
CZA,2019-06-24,71.25,71.36000061035156,70.8499984741211,70.8499984741211,13500,65.35492706298828,0.0
CZA,2019-06-25,70.93000030517578,70.94999694824219,70.5199966430664,70.5199966430664,10200,65.050537109375,0.0
CZA,2019-06-26,70.70999908447266,70.70999908447266,70.19000244140625,70.19000244140625,7000,64.74613189697266,0.0
CZA,2019-06-27,70.45999908447266,70.9000015258789,70.45999908447266,70.9000015258789,10300,65.40106201171875,0.0
CZA,2019-06-28,71.16000366210938,71.54000091552734,71.16000366210938,71.54000091552734,9500,65.99142456054688,0.0
CZA,2019-07-01,72.19999694824219,72.20999908447266,71.7300033569336,72.12999725341797,3000,66.53565216064453,0.0
CZA,2019-07-02,72.16000366210938,72.3499984741211,72.12999725341797,72.30000305175781,11000,66.69247436523438,0.0
CZA,2019-07-03,72.6500015258789,72.88999938964844,72.4000015258789,72.88999938964844,18300,67.2367172241211,0.0
CZA,2019-07-05,72.55999755859375,72.79000091552734,72.37000274658203,72.77999877929688,4700,67.13524627685547,0.0
CZA,2019-07-08,72.61000061035156,72.68000030517578,72.37000274658203,72.44000244140625,5600,66.82162475585938,0.0
CZA,2019-07-09,72.20999908447266,72.54000091552734,72.16999816894531,72.54000091552734,5200,66.91386413574219,0.0
CZA,2019-07-10,72.76000213623047,72.76000213623047,72.37999725341797,72.37999725341797,3100,66.7662582397461,0.0
CZA,2019-07-11,72.44999694824219,72.5199966430664,72.12000274658203,72.37999725341797,4500,66.7662582397461,0.0
CZA,2019-07-12,72.51000213623047,72.7300033569336,72.51000213623047,72.7300033569336,3300,67.08912658691406,0.0
CZA,2019-07-15,72.83999633789062,72.83999633789062,72.4000015258789,72.41999816894531,6300,66.80316162109375,0.0
CZA,2019-07-16,72.47000122070312,72.66000366210938,72.44000244140625,72.54000091552734,11200,66.91386413574219,0.0
CZA,2019-07-17,72.43000030517578,72.45999908447266,71.8499984741211,71.8499984741211,7600,66.27738189697266,0.0
CZA,2019-07-18,71.83999633789062,72.11000061035156,71.5999984741211,72.05999755859375,10700,66.47109985351562,0.0
CZA,2019-07-19,72.1500015258789,72.4000015258789,71.80000305175781,71.80000305175781,18900,66.23126220703125,0.0
CZA,2019-07-22,71.93000030517578,71.93000030517578,71.63999938964844,71.68000030517578,6900,66.12055969238281,0.0
CZA,2019-07-23,72.0,72.51000213623047,72.0,72.51000213623047,11600,66.88618469238281,0.0
CZA,2019-07-24,72.47000122070312,73.29000091552734,72.47000122070312,73.26000213623047,8500,67.5780258178711,0.0
CZA,2019-07-25,73.19000244140625,73.19000244140625,72.80999755859375,72.94000244140625,8700,67.2828369140625,0.0
CZA,2019-07-26,73.0,73.22000122070312,73.0,73.19999694824219,3600,67.52267456054688,0.0
CZA,2019-07-29,73.33999633789062,73.33999633789062,73.01000213623047,73.06999969482422,6200,67.40276336669922,0.0
CZA,2019-07-30,72.6500015258789,73.0,72.51000213623047,73.0,8800,67.33818817138672,0.0
CZA,2019-07-31,72.9000015258789,73.01000213623047,72.0,72.33000183105469,14200,66.72014617919922,0.0
CZA,2019-08-01,72.41000366210938,72.6500015258789,71.2699966430664,71.36000061035156,9700,65.82538604736328,0.0
CZA,2019-08-02,70.88999938964844,70.88999938964844,70.44999694824219,70.7300033569336,11000,65.24425506591797,0.0
CZA,2019-08-05,69.94999694824219,69.94999694824219,68.33999633789062,68.94999694824219,11500,63.60230255126953,0.0
CZA,2019-08-06,69.02999877929688,69.6500015258789,68.79000091552734,69.6500015258789,41800,64.2480239868164,0.0
CZA,2019-08-07,68.9800033569336,69.5199966430664,68.27999877929688,69.5199966430664,25500,64.12808227539062,0.0
CZA,2019-08-08,69.93000030517578,70.75,69.93000030517578,70.63999938964844,96900,65.16122436523438,0.0
CZA,2019-08-09,70.58999633789062,70.58999633789062,70.04000091552734,70.27999877929688,11100,64.82914733886719,0.0
CZA,2019-08-12,69.94999694824219,69.94999694824219,69.30999755859375,69.33000183105469,7300,63.95283126831055,0.0
CZA,2019-08-13,69.08999633789062,70.44000244140625,69.08999633789062,70.08999633789062,12100,64.65387725830078,0.0
CZA,2019-08-14,69.05999755859375,69.12999725341797,68.16000366210938,68.2699966430664,10300,62.975040435791016,0.0
CZA,2019-08-15,68.26000213623047,68.55999755859375,67.98999786376953,68.44000244140625,7400,63.131858825683594,0.0
CZA,2019-08-16,68.7699966430664,69.5999984741211,68.7699966430664,69.5999984741211,16900,64.20188903808594,0.0
CZA,2019-08-19,70.12999725341797,70.47000122070312,70.12999725341797,70.37000274658203,4500,64.91217041015625,0.0
CZA,2019-08-20,70.23999786376953,70.23999786376953,69.83000183105469,69.83000183105469,10500,64.41404724121094,0.0
CZA,2019-08-21,70.23999786376953,70.30999755859375,70.06999969482422,70.19000244140625,8600,64.74613189697266,0.0
CZA,2019-08-22,70.43000030517578,70.43000030517578,69.83000183105469,70.05999755859375,15900,64.62621307373047,0.0
CZA,2019-08-23,69.9000015258789,70.16000366210938,68.25,68.25,7800,62.95659255981445,0.0
CZA,2019-08-26,68.95999908447266,68.95999908447266,68.55999755859375,68.86000061035156,5400,63.51927947998047,0.0
CZA,2019-08-27,69.12000274658203,69.2300033569336,68.44999694824219,68.66999816894531,8000,63.34400939941406,0.0
CZA,2019-08-28,68.56999969482422,69.27999877929688,68.5199966430664,69.23999786376953,6200,63.869808197021484,0.0
CZA,2019-08-29,69.80999755859375,70.4000015258789,69.80999755859375,70.30000305175781,4800,64.84759521484375,0.0
CZA,2019-08-30,70.87999725341797,70.87999725341797,70.37000274658203,70.43000030517578,4800,64.96751403808594,0.0
CZA,2019-09-03,69.80000305175781,69.91000366210938,69.63999938964844,69.88999938964844,3500,64.46939086914062,0.0
CZA,2019-09-04,70.36000061035156,70.63999938964844,70.36000061035156,70.61000061035156,5700,65.13355255126953,0.0
CZA,2019-09-05,71.18000030517578,71.81999969482422,71.18000030517578,71.5999984741211,12300,66.04676818847656,0.0
CZA,2019-09-06,71.7699966430664,71.95999908447266,71.75,71.76000213623047,14200,66.19436645507812,0.0
CZA,2019-09-09,71.97000122070312,72.41000366210938,71.87999725341797,72.41000366210938,5100,66.79395294189453,0.0
CZA,2019-09-10,72.27999877929688,72.5,71.9800033569336,72.5,7000,66.87696838378906,0.0
CZA,2019-09-11,72.58000183105469,72.98999786376953,72.54000091552734,72.98999786376953,6800,67.32896423339844,0.0
CZA,2019-09-12,73.19999694824219,73.44000244140625,72.87000274658203,73.23999786376953,5000,67.5595703125,0.0
CZA,2019-09-13,73.51000213623047,73.61000061035156,73.26000213623047,73.26000213623047,3600,67.5780258178711,0.0
CZA,2019-09-16,73.23999786376953,73.51000213623047,73.23999786376953,73.51000213623047,23000,67.80862426757812,0.0
CZA,2019-09-17,73.29000091552734,73.43000030517578,73.1500015258789,73.37999725341797,16500,67.68870544433594,0.0
CZA,2019-09-18,73.27999877929688,73.41999816894531,72.9000015258789,73.4000015258789,8000,67.70716094970703,0.0
CZA,2019-09-19,73.56999969482422,73.58999633789062,73.08999633789062,73.16999816894531,5800,67.4949951171875,0.0
CZA,2019-09-20,73.22000122070312,73.37000274658203,72.80999755859375,72.95999908447266,5500,67.30128479003906,0.0
CZA,2019-09-23,72.83000183105469,73.05999755859375,72.81999969482422,72.97000122070312,3800,67.31050872802734,0.0
CZA,2019-09-24,73.11000061035156,73.12000274658203,72.26000213623047,72.37000274658203,6700,66.75704956054688,0.0
CZA,2019-09-25,72.44000244140625,72.95999908447266,72.26000213623047,72.91999816894531,7200,67.2643814086914,0.0
CZA,2019-09-26,72.80000305175781,73.0199966430664,72.80000305175781,72.8499984741211,4100,67.19982147216797,0.0
CZA,2019-09-27,73.05999755859375,73.05999755859375,72.44000244140625,72.58999633789062,6100,66.95997619628906,0.0
CZA,2019-09-30,72.8499984741211,72.94000244140625,72.62000274658203,72.81999969482422,6200,67.1721420288086,0.0
CZA,2019-10-01,72.88999938964844,72.88999938964844,71.4800033569336,71.5,13300,65.95452880859375,0.0
CZA,2019-10-02,71.05999755859375,71.05999755859375,70.02999877929688,70.37000274658203,7200,64.91217041015625,0.0
CZA,2019-10-03,70.31999969482422,70.68000030517578,69.69999694824219,70.68000030517578,30700,65.19812774658203,0.0
CZA,2019-10-04,70.97000122070312,71.4800033569336,70.79000091552734,71.4800033569336,35500,65.93606567382812,0.0
CZA,2019-10-07,71.27999877929688,71.6500015258789,71.16000366210938,71.16000366210938,10300,65.64089965820312,0.0
CZA,2019-10-08,70.63999938964844,70.63999938964844,69.9000015258789,69.9000015258789,12600,64.4786148071289,0.0
CZA,2019-10-09,70.37000274658203,71.1500015258789,70.22000122070312,70.4800033569336,10200,65.01364135742188,0.0
CZA,2019-10-10,70.68000030517578,72.55000305175781,70.51000213623047,70.81999969482422,63100,65.3272705078125,0.0
CZA,2019-10-11,72.25,73.5199966430664,71.80999755859375,71.81999969482422,88700,66.24971008300781,0.0
CZA,2019-10-14,71.77999877929688,71.77999877929688,71.55000305175781,71.55000305175781,5000,66.00065612792969,0.0
CZA,2019-10-15,71.80999755859375,72.31999969482422,71.75,72.1500015258789,16300,66.55411529541016,0.0
CZA,2019-10-16,72.16999816894531,72.18000030517578,71.83999633789062,71.98999786376953,22400,66.4065170288086,0.0
CZA,2019-10-17,72.44999694824219,72.44999694824219,72.1500015258789,72.23999786376953,16600,66.63712310791016,0.0
CZA,2019-10-18,72.18000030517578,72.52999877929688,72.16999816894531,72.4800033569336,3100,66.85851287841797,0.0
CZA,2019-10-21,73.05999755859375,73.33000183105469,72.69000244140625,72.79000091552734,8500,67.14447021484375,0.0
CZA,2019-10-22,73.05000305175781,73.05999755859375,72.45999908447266,72.45999908447266,7000,66.8400650024414,0.0
CZA,2019-10-23,72.58999633789062,72.80000305175781,72.38999938964844,72.80000305175781,16000,67.1537094116211,0.0
CZA,2019-10-24,73.12000274658203,73.12000274658203,72.54000091552734,72.83000183105469,7700,67.1813735961914,0.0
CZA,2019-10-25,72.6500015258789,73.12000274658203,72.6500015258789,72.9800033569336,9300,67.31974029541016,0.0
CZA,2019-10-28,73.16999816894531,73.5199966430664,73.16999816894531,73.30999755859375,8400,67.62413787841797,0.0
CZA,2019-10-29,73.13999938964844,73.77999877929688,73.13999938964844,73.62999725341797,14400,67.91932678222656,0.0
CZA,2019-10-30,73.72000122070312,73.80999755859375,73.4800033569336,73.73999786376953,6700,68.02079010009766,0.0
CZA,2019-10-31,73.80999755859375,73.80999755859375,73.08000183105469,73.44999694824219,9900,67.7532730102539,0.0
CZA,2019-11-01,73.91999816894531,74.54000091552734,73.91999816894531,74.4800033569336,55800,68.70340728759766,0.0
CZA,2019-11-04,74.86000061035156,75.01000213623047,74.75,74.97000122070312,11800,69.1553955078125,0.0
CZA,2019-11-05,75.13999938964844,75.13999938964844,74.75,74.91999816894531,50000,69.10926818847656,0.0
CZA,2019-11-06,74.87000274658203,75.7699966430664,74.56999969482422,74.80999755859375,11900,69.00779724121094,0.0
CZA,2019-11-07,75.27999877929688,75.76000213623047,74.70999908447266,75.05999755859375,15800,69.2384033203125,0.0
CZA,2019-11-08,75.0199966430664,75.1500015258789,74.6500015258789,75.13999938964844,12200,69.31220245361328,0.0
CZA,2019-11-11,74.7699966430664,75.44000244140625,74.7699966430664,74.91000366210938,5800,69.10005187988281,0.0
CZA,2019-11-12,75.08999633789062,75.30000305175781,74.93000030517578,74.9800033569336,12700,69.16461181640625,0.0
CZA,2019-11-13,74.69000244140625,75.06999969482422,74.69000244140625,74.98999786376953,9600,69.17384338378906,0.0
CZA,2019-11-14,74.9000015258789,75.23999786376953,74.79000091552734,75.23999786376953,7200,69.40445709228516,0.0
CZA,2019-11-15,75.58000183105469,76.12999725341797,75.43000030517578,75.72000122070312,13700,69.84722137451172,0.0
CZA,2019-11-18,75.62999725341797,76.37000274658203,75.44999694824219,75.5999984741211,7800,69.73652648925781,0.0
CZA,2019-11-19,75.80000305175781,76.56999969482422,75.5,76.1500015258789,11200,70.24388122558594,0.0
CZA,2019-11-20,75.76000213623047,75.81999969482422,75.4000015258789,75.5,15200,69.64430236816406,0.0
CZA,2019-11-21,75.75,75.75,75.12999725341797,75.30000305175781,9700,69.45980072021484,0.0
CZA,2019-11-22,75.7699966430664,75.91000366210938,75.23999786376953,75.43000030517578,12700,69.5797119140625,0.0
CZA,2019-11-25,75.5999984741211,76.08000183105469,75.5999984741211,76.08000183105469,8700,70.1792984008789,0.0
CZA,2019-11-26,76.19000244140625,76.86000061035156,76.11000061035156,76.37999725341797,11800,70.45602416992188,0.0
CZA,2019-11-27,76.44000244140625,77.6500015258789,76.44000244140625,77.51000213623047,7600,71.4983901977539,0.0
CZA,2019-11-29,76.9800033569336,77.45999908447266,76.22000122070312,76.22000122070312,23400,70.30844116210938,0.0
CZA,2019-12-02,76.45999908447266,77.62999725341797,75.52999877929688,75.52999877929688,16500,69.67195129394531,0.0
CZA,2019-12-03,75.02999877929688,75.9800033569336,74.66999816894531,75.12000274658203,19600,69.29376983642578,0.0
CZA,2019-12-04,75.44999694824219,76.72000122070312,75.38999938964844,75.73999786376953,14100,69.86566162109375,0.0
CZA,2019-12-05,75.83000183105469,76.98999786376953,75.73999786376953,76.87000274658203,18500,70.90803527832031,0.0
CZA,2019-12-06,76.87999725341797,77.77999877929688,76.69999694824219,76.88999938964844,8700,70.92647552490234,0.0
CZA,2019-12-09,76.76000213623047,77.58000183105469,76.43000030517578,76.5199966430664,10200,70.58516693115234,0.0
CZA,2019-12-10,76.66000366210938,77.4000015258789,76.43000030517578,76.5,22300,70.56673431396484,0.0
CZA,2019-12-11,77.0,83.29000091552734,76.37000274658203,76.45999908447266,23400,70.52982330322266,0.0
CZA,2019-12-12,76.4800033569336,77.37000274658203,76.4800033569336,76.94999694824219,19900,70.98182678222656,0.0
CZA,2019-12-13,77.31999969482422,77.44000244140625,76.69000244140625,77.06999969482422,14500,71.09252166748047,0.0
CZA,2019-12-16,78.16000366210938,78.5199966430664,77.45999908447266,78.31999969482422,9200,72.24556732177734,0.0
CZA,2019-12-17,78.2300033569336,78.29000091552734,77.38999938964844,77.38999938964844,16200,71.38770294189453,0.0
CZA,2019-12-18,78.26000213623047,78.26000213623047,77.30999755859375,77.5199966430664,20200,71.50761413574219,0.0
CZA,2019-12-19,77.9800033569336,77.9800033569336,77.4800033569336,77.55999755859375,9100,71.54450988769531,0.0
CZA,2019-12-20,77.66999816894531,78.2699966430664,77.66999816894531,78.0,18100,71.95038604736328,0.0
CZA,2019-12-23,77.62000274658203,77.62000274658203,76.79000091552734,76.83999633789062,6200,71.86994171142578,1.074
CZA,2019-12-24,76.75,77.80999755859375,76.41999816894531,76.8499984741211,3400,71.8792953491211,0.0
CZA,2019-12-26,76.93000030517578,76.93000030517578,76.80999755859375,76.91999816894531,6500,71.94477081298828,0.0
CZA,2019-12-27,77.0,77.05999755859375,76.9000015258789,76.94999694824219,9400,71.97283935546875,0.0
CZA,2019-12-30,77.0,77.0,76.66999816894531,76.80000305175781,8100,71.83253479003906,0.0
CZA,2019-12-31,76.44999694824219,78.30999755859375,76.41000366210938,76.94000244140625,14100,71.9634780883789,0.0
CZA,2020-01-02,77.56999969482422,77.93000030517578,76.66000366210938,77.22000122070312,15400,72.22537231445312,0.0
CZA,2020-01-03,76.76000213623047,76.87999725341797,76.51000213623047,76.83000183105469,8700,71.860595703125,0.0
CZA,2020-01-06,76.62000274658203,76.80999755859375,76.3499984741211,76.80999755859375,7600,71.84188079833984,0.0
CZA,2020-01-07,76.4800033569336,76.62000274658203,76.38999938964844,76.41999816894531,14600,71.47711181640625,0.0
CZA,2020-01-08,76.27999877929688,76.86000061035156,76.27999877929688,76.52999877929688,26200,71.58000946044922,0.0
CZA,2020-01-09,76.95999908447266,77.31999969482422,76.83000183105469,77.06999969482422,47500,72.0850830078125,0.0
CZA,2020-01-10,77.37000274658203,77.37000274658203,76.7300033569336,76.80000305175781,9100,71.83253479003906,0.0
CZA,2020-01-13,78.12000274658203,78.12000274658203,76.94000244140625,77.31999969482422,14000,72.31890106201172,0.0
CZA,2020-01-14,77.36000061035156,78.26000213623047,77.13999938964844,77.26000213623047,23400,72.26278686523438,0.0
CZA,2020-01-15,77.5999984741211,78.9000015258789,77.26000213623047,77.41999816894531,59600,72.41243743896484,0.0
CZA,2020-01-16,78.13999938964844,78.2699966430664,77.62000274658203,78.16999816894531,30800,73.11392211914062,0.0
CZA,2020-01-17,78.11000061035156,78.41000366210938,78.11000061035156,78.33000183105469,12800,73.26358032226562,0.0
CZA,2020-01-21,78.16000366210938,78.31999969482422,78.02999877929688,78.1500015258789,8800,73.09522247314453,0.0
CZA,2020-01-22,78.4000015258789,78.43000030517578,77.94999694824219,78.04000091552734,35000,72.9923324584961,0.0
CZA,2020-01-23,77.69999694824219,78.44999694824219,77.5,78.16000366210938,11700,73.10457611083984,0.0
CZA,2020-01-24,78.68000030517578,78.68000030517578,77.5,77.86000061035156,16400,72.823974609375,0.0
CZA,2020-01-27,76.97000122070312,77.38999938964844,76.83999633789062,76.86000061035156,17800,71.88865661621094,0.0
CZA,2020-01-28,77.19999694824219,78.69999694824219,77.0999984741211,77.55000305175781,11000,72.5340347290039,0.0
CZA,2020-01-29,77.81999969482422,77.88999938964844,77.48999786376953,77.55999755859375,30700,72.54337310791016,0.0
CZA,2020-01-30,77.04000091552734,77.83999633789062,76.98999786376953,77.83999633789062,8400,72.80526733398438,0.0
CZA,2020-01-31,77.5999984741211,77.5999984741211,76.5,76.62999725341797,14100,71.67353057861328,0.0
CZA,2020-02-03,77.16000366210938,77.44000244140625,77.02999877929688,77.16999816894531,13000,72.1786117553711,0.0
CZA,2020-02-04,77.8499984741211,78.25,77.8499984741211,77.97000122070312,18700,72.92686462402344,0.0
CZA,2020-02-05,78.41999816894531,78.94999694824219,78.41999816894531,78.9000015258789,6600,73.79670715332031,0.0
CZA,2020-02-06,79.2699966430664,79.2699966430664,78.69000244140625,78.69999694824219,20900,73.6096420288086,0.0
CZA,2020-02-07,78.4000015258789,78.4000015258789,77.97000122070312,78.16000366210938,26500,73.10457611083984,0.0
CZA,2020-02-10,77.8499984741211,78.44999694824219,77.83999633789062,78.44999694824219,10700,73.37580871582031,0.0
CZA,2020-02-11,78.66999816894531,79.54000091552734,78.66999816894531,79.08000183105469,23600,73.9650650024414,0.0
CZA,2020-02-12,79.5199966430664,79.66999816894531,79.08000183105469,79.20999908447266,39900,74.08665466308594,0.0
CZA,2020-02-13,78.7699966430664,79.61000061035156,78.7699966430664,79.4800033569336,21900,74.33919525146484,0.0
CZA,2020-02-14,79.73999786376953,79.73999786376953,79.26000213623047,79.58999633789062,11100,74.44207763671875,0.0
CZA,2020-02-18,79.63999938964844,79.72000122070312,78.79000091552734,79.5999984741211,19400,74.45142364501953,0.0
CZA,2020-02-19,79.52999877929688,79.55000305175781,79.33000183105469,79.4000015258789,15900,74.26436614990234,0.0
CZA,2020-02-20,79.2699966430664,79.62000274658203,79.06999969482422,79.5999984741211,6900,74.45142364501953,0.0
CZA,2020-02-21,79.16999816894531,79.48999786376953,78.95999908447266,79.0,14600,73.8902359008789,0.0
CZA,2020-02-24,77.12000274658203,77.83000183105469,76.4000015258789,77.12999725341797,36000,72.14119720458984,0.0
CZA,2020-02-25,77.55000305175781,77.55000305175781,74.37999725341797,74.51000213623047,20500,69.69064331054688,0.0
CZA,2020-02-26,74.66000366210938,75.16999816894531,73.48999786376953,73.51000213623047,29800,68.75533294677734,0.0
CZA,2020-02-27,72.37000274658203,73.0,70.62000274658203,70.62000274658203,31700,66.0522689819336,0.0
CZA,2020-02-28,68.70999908447266,69.0999984741211,66.9000015258789,69.01000213623047,38900,64.54640197753906,0.0
CZA,2020-03-02,69.5,71.86000061035156,69.06999969482422,71.86000061035156,35000,67.2120590209961,0.0
CZA,2020-03-03,71.9000015258789,74.08999633789062,70.0,70.4000015258789,23400,65.84648895263672,0.0
CZA,2020-03-04,71.76000213623047,73.06999969482422,71.19999694824219,73.06999969482422,8800,68.34380340576172,0.0
CZA,2020-03-05,71.41999816894531,71.66000366210938,69.97000122070312,70.62000274658203,15000,66.0522689819336,0.0
CZA,2020-03-06,68.58999633789062,69.83999633789062,67.29000091552734,68.8499984741211,28300,64.39674377441406,0.0
CZA,2020-03-09,66.0,66.0,61.36000061035156,62.0,37900,57.989810943603516,0.0
CZA,2020-03-10,64.11000061035156,64.75,61.290000915527344,64.73999786376953,34200,60.55257797241211,0.0
CZA,2020-03-11,63.31999969482422,63.31999969482422,60.33000183105469,61.22999954223633,31600,57.26961135864258,0.0
CZA,2020-03-12,56.119998931884766,57.349998474121094,50.0099983215332,51.83000183105469,65100,48.47761154174805,0.0
CZA,2020-03-13,55.81999969482422,57.75,53.54999923706055,57.38999938964844,41900,53.67798614501953,0.0
CZA,2020-03-16,50.0099983215332,53.099998474121094,48.720001220703125,49.59000015258789,38100,46.38249588012695,0.0
CZA,2020-03-17,50.220001220703125,52.16999816894531,48.72999954223633,51.13999938964844,57100,47.832237243652344,0.0
CZA,2020-03-18,47.459999084472656,47.9900016784668,40.81999969482422,46.279998779296875,50500,43.286582946777344,0.0
CZA,2020-03-19,44.22999954223633,49.209999084472656,42.04999923706055,47.790000915527344,118400,44.69892120361328,0.0
CZA,2020-03-20,48.02000045776367,48.849998474121094,43.7400016784668,46.0,100500,43.024696350097656,0.0
CZA,2020-03-23,45.45000076293945,45.45000076293945,42.06999969482422,42.84000015258789,91100,40.069087982177734,0.0
CZA,2020-03-24,45.31999969482422,48.38999938964844,45.31999969482422,48.349998474121094,45200,45.222694396972656,0.0
CZA,2020-03-25,48.380001068115234,52.599998474121094,46.119998931884766,50.58000183105469,46000,47.30846405029297,0.0
CZA,2020-03-26,51.68000030517578,54.2400016784668,50.7599983215332,53.79999923706055,31000,50.320186614990234,0.0
CZA,2020-03-27,52.119998931884766,53.41999816894531,51.119998931884766,52.97999954223633,34600,49.55323028564453,0.0
CZA,2020-03-30,53.31999969482422,53.880001068115234,51.45000076293945,53.33000183105469,20600,49.880592346191406,0.0
CZA,2020-03-31,53.459999084472656,53.470001220703125,52.0099983215332,52.959999084472656,64200,49.534523010253906,0.0
CZA,2020-04-01,50.119998931884766,51.61000061035156,48.70000076293945,49.279998779296875,36400,46.09254455566406,0.0
CZA,2020-04-02,49.290000915527344,51.75,48.650001525878906,49.72999954223633,24100,46.5134391784668,0.0
CZA,2020-04-03,49.209999084472656,51.400001525878906,47.959999084472656,48.9900016784668,28200,45.82130432128906,0.0
CZA,2020-04-06,51.0099983215332,52.959999084472656,51.0099983215332,52.650001525878906,65100,49.244571685791016,0.0
CZA,2020-04-07,54.029998779296875,55.810001373291016,52.880001068115234,53.5,69200,50.03959655761719,0.0
CZA,2020-04-08,53.79999923706055,55.91999816894531,53.560001373291016,55.66999816894531,28800,52.06923294067383,0.0
CZA,2020-04-09,56.5,58.40999984741211,56.5,57.36000061035156,25500,53.64992904663086,0.0
CZA,2020-04-13,56.790000915527344,56.790000915527344,55.2599983215332,55.66999816894531,37500,52.06923294067383,0.0
CZA,2020-04-14,56.689998626708984,57.31999969482422,56.34000015258789,56.86000061035156,57000,53.1822624206543,0.0
CZA,2020-04-15,55.54999923706055,55.54999923706055,54.459999084472656,54.63999938964844,14800,51.10586166381836,0.0
CZA,2020-04-16,54.619998931884766,54.619998931884766,53.650001525878906,54.310001373291016,18400,50.79720687866211,0.0
CZA,2020-04-17,56.380001068115234,56.779998779296875,55.84000015258789,56.59000015258789,17800,52.929725646972656,0.0
CZA,2020-04-20,55.33000183105469,56.189998626708984,54.88999938964844,55.0,31200,51.44257354736328,0.0
CZA,2020-04-21,53.79999923706055,54.220001220703125,53.22999954223633,53.38999938964844,24700,49.93670654296875,0.0
CZA,2020-04-22,54.7400016784668,54.7400016784668,53.72999954223633,54.290000915527344,13900,50.778499603271484,0.0
CZA,2020-04-23,54.369998931884766,55.13999938964844,53.88999938964844,54.279998779296875,8100,50.76914596557617,0.0
CZA,2020-04-24,54.47999954223633,55.150001525878906,54.119998931884766,54.90999984741211,17900,51.35839080810547,0.0
CZA,2020-04-27,55.58000183105469,56.91999816894531,55.5,56.84000015258789,12700,53.16355895996094,0.0
CZA,2020-04-28,57.630001068115234,58.5,57.209999084472656,57.2599983215332,15600,53.556392669677734,0.0
CZA,2020-04-29,58.5,59.43000030517578,58.439998626708984,59.060001373291016,29400,55.23997116088867,0.0
CZA,2020-04-30,58.04999923706055,58.13999938964844,57.29999923706055,57.47999954223633,20900,53.76216506958008,0.0
CZA,2020-05-01,56.29999923706055,56.29999923706055,55.25,55.619998931884766,22900,52.02246856689453,0.0
CZA,2020-05-04,54.93000030517578,55.77000045776367,54.7400016784668,55.65999984741211,10000,52.05988311767578,0.0
CZA,2020-05-05,56.58000183105469,57.459999084472656,55.939998626708984,55.939998626708984,20600,52.321773529052734,0.0
CZA,2020-05-06,56.18000030517578,56.18000030517578,55.20000076293945,55.20000076293945,54400,51.629634857177734,0.0
CZA,2020-05-07,56.2400016784668,57.029998779296875,56.02000045776367,56.369998931884766,33800,52.723960876464844,0.0
CZA,2020-05-08,57.08000183105469,57.720001220703125,57.08000183105469,57.68000030517578,16200,53.9492301940918,0.0
CZA,2020-05-11,57.02000045776367,57.349998474121094,56.459999084472656,57.0,7000,53.31321334838867,0.0
CZA,2020-05-12,56.97999954223633,57.20000076293945,55.20000076293945,55.20000076293945,15500,51.629634857177734,0.0
CZA,2020-05-13,55.0,55.0,53.18000030517578,53.619998931884766,51500,50.151832580566406,0.0
CZA,2020-05-14,52.61000061035156,54.25,51.86000061035156,54.25,111200,50.741085052490234,0.0
CZA,2020-05-15,53.70000076293945,54.380001068115234,53.52000045776367,54.290000915527344,29200,50.778499603271484,0.0
CZA,2020-05-18,55.939998626708984,57.88999938964844,55.939998626708984,57.36000061035156,28700,53.64992904663086,0.0
CZA,2020-05-19,57.06999969482422,57.54999923706055,56.7599983215332,56.7599983215332,35800,53.08872985839844,0.0
CZA,2020-05-20,57.25,57.91999816894531,57.25,57.650001525878906,7700,53.921173095703125,0.0
CZA,2020-05-21,57.790000915527344,57.970001220703125,57.41999816894531,57.41999816894531,16400,53.7060432434082,0.0
CZA,2020-05-22,57.2400016784668,57.4900016784668,56.939998626708984,57.4900016784668,14200,53.771522521972656,0.0
CZA,2020-05-26,59.40999984741211,60.20000076293945,59.40999984741211,59.709999084472656,20400,55.84792709350586,0.0
CZA,2020-05-27,60.720001220703125,61.349998474121094,60.0,61.31999969482422,11700,57.35379409790039,0.0
CZA,2020-05-28,61.90999984741211,61.90999984741211,61.040000915527344,61.040000915527344,12900,57.09190368652344,0.0
CZA,2020-05-29,60.150001525878906,61.040000915527344,60.150001525878906,60.7400016784668,12800,56.81130599975586,0.0
CZA,2020-06-01,60.68000030517578,61.52000045776367,60.68000030517578,61.27000045776367,39300,57.30702590942383,0.0
CZA,2020-06-02,61.349998474121094,62.20000076293945,61.349998474121094,62.130001068115234,18500,58.11140441894531,0.0
CZA,2020-06-03,62.970001220703125,64.12000274658203,62.880001068115234,63.939998626708984,8800,59.804325103759766,0.0
CZA,2020-06-04,63.43000030517578,64.27999877929688,63.38999938964844,64.16999816894531,7800,60.01945495605469,0.0
CZA,2020-06-05,66.54000091552734,66.80999755859375,66.01000213623047,66.08000183105469,13800,61.805912017822266,0.0
CZA,2020-06-08,66.80999755859375,67.04000091552734,66.75,67.04000091552734,8200,62.70382308959961,0.0
CZA,2020-06-09,66.8499984741211,66.8499984741211,65.43000030517578,65.48999786376953,29300,61.25407409667969,0.0
CZA,2020-06-10,65.33999633789062,65.33999633789062,64.01000213623047,64.01000213623047,13600,59.86980056762695,0.0
CZA,2020-06-11,61.650001525878906,61.9900016784668,59.81999969482422,59.81999969482422,27600,55.950809478759766,0.0
CZA,2020-06-12,61.869998931884766,61.869998931884766,59.7599983215332,60.9900016784668,19100,57.045135498046875,0.0
CZA,2020-06-15,58.709999084472656,61.79999923706055,58.709999084472656,61.709999084472656,28600,57.71856689453125,0.0
CZA,2020-06-16,63.58000183105469,63.959999084472656,62.349998474121094,62.90999984741211,12800,58.840946197509766,0.0
CZA,2020-06-17,63.06999969482422,63.06999969482422,62.2400016784668,62.33000183105469,4400,58.298465728759766,0.0
CZA,2020-06-18,62.06999969482422,62.470001220703125,61.970001220703125,62.18000030517578,9300,58.158164978027344,0.0
CZA,2020-06-19,62.77000045776367,63.08000183105469,61.36000061035156,61.75,6700,57.755985260009766,0.0
CZA,2020-06-22,61.189998626708984,61.97999954223633,61.189998626708984,61.790000915527344,5800,57.79339599609375,0.0
CZA,2020-06-23,62.20000076293945,62.68000030517578,61.84000015258789,61.84000015258789,27400,57.84015655517578,0.0
CZA,2020-06-24,61.02000045776367,61.08000183105469,59.47999954223633,59.79999923706055,15100,55.93210220336914,0.0
CZA,2020-06-25,59.45000076293945,60.459999084472656,59.40999984741211,60.459999084472656,43200,56.54941177368164,0.0
CZA,2020-06-26,59.900001525878906,60.099998474121094,59.209999084472656,59.25,10000,55.41767883300781,0.0
CZA,2020-06-29,59.59000015258789,60.61000061035156,59.59000015258789,60.29999923706055,15900,56.39976501464844,0.0
CZA,2020-06-30,60.130001068115234,61.599998474121094,60.130001068115234,61.45000076293945,12400,57.47538757324219,0.0
CZA,2020-07-01,61.310001373291016,61.560001373291016,60.790000915527344,61.04999923706055,4700,57.101253509521484,0.0
CZA,2020-07-02,61.75,62.52000045776367,61.47999954223633,61.59000015258789,19300,57.606327056884766,0.0
CZA,2020-07-06,62.5099983215332,62.7599983215332,61.880001068115234,62.06999969482422,11800,58.05528259277344,0.0
CZA,2020-07-07,61.84000015258789,61.84000015258789,61.15999984741211,61.15999984741211,15700,57.204139709472656,0.0
CZA,2020-07-08,61.400001525878906,61.650001525878906,60.790000915527344,61.150001525878906,17900,57.194786071777344,0.0
CZA,2020-07-09,61.13999938964844,61.13999938964844,59.72999954223633,60.31999969482422,20800,56.41847229003906,0.0
CZA,2020-07-10,60.22999954223633,61.11000061035156,60.209999084472656,61.11000061035156,13900,57.15737533569336,0.0
CZA,2020-07-13,61.79999923706055,62.34000015258789,61.220001220703125,61.220001220703125,9600,57.26026153564453,0.0
CZA,2020-07-14,61.15999984741211,62.29999923706055,61.11000061035156,62.29999923706055,13200,58.27040481567383,0.0
CZA,2020-07-15,63.16999816894531,63.61000061035156,63.0,63.4900016784668,10100,59.3834342956543,0.0
CZA,2020-07-16,63.459999084472656,63.68000030517578,63.11000061035156,63.45000076293945,8900,59.34602355957031,0.0
CZA,2020-07-17,63.630001068115234,64.12999725341797,63.59000015258789,64.02999877929688,9500,59.88850402832031,0.0
CZA,2020-07-20,63.7599983215332,63.81999969482422,63.02000045776367,63.2599983215332,9000,59.16830825805664,0.0
CZA,2020-07-21,63.58000183105469,64.48999786376953,63.58000183105469,64.12000274658203,32700,59.97269058227539,0.0
CZA,2020-07-22,63.849998474121094,64.94000244140625,63.849998474121094,64.94000244140625,11700,60.73965072631836,0.0
CZA,2020-07-23,65.18000030517578,65.44999694824219,64.77999877929688,64.97000122070312,8100,60.7677116394043,0.0
CZA,2020-07-24,64.86000061035156,64.93000030517578,64.23999786376953,64.26000213623047,22500,60.10363006591797,0.0
CZA,2020-07-27,64.0999984741211,65.02999877929688,64.0999984741211,64.86000061035156,20500,60.664817810058594,0.0
CZA,2020-07-28,64.48999786376953,64.83999633789062,64.2300033569336,64.25,31000,60.09427261352539,0.0
CZA,2020-07-29,64.69999694824219,65.54000091552734,64.63999938964844,65.47000122070312,13200,61.23536682128906,0.0
CZA,2020-07-30,64.12999725341797,65.18000030517578,64.12999725341797,65.13999938964844,7100,60.92670822143555,0.0
CZA,2020-07-31,64.83000183105469,65.02999877929688,64.23999786376953,64.93000030517578,17000,60.73029708862305,0.0
CZA,2020-08-03,65.01000213623047,65.6500015258789,65.01000213623047,65.37999725341797,8700,61.151187896728516,0.0
CZA,2020-08-04,65.25,65.72000122070312,65.25,65.68000030517578,18600,61.43178939819336,0.0
CZA,2020-08-05,66.23999786376953,66.23999786376953,65.86000061035156,66.01000213623047,16000,61.74044418334961,0.0
CZA,2020-08-06,65.73999786376953,65.97000122070312,65.58999633789062,65.88999938964844,10800,61.62820053100586,0.0
CZA,2020-08-07,65.62000274658203,66.62999725341797,65.62000274658203,66.62999725341797,5300,62.32033157348633,0.0
CZA,2020-08-10,66.66999816894531,67.31999969482422,66.66999816894531,67.16000366210938,13100,62.816062927246094,0.0
CZA,2020-08-11,67.36000061035156,67.87000274658203,66.91000366210938,66.94999694824219,11600,62.61964416503906,0.0
CZA,2020-08-12,67.44000244140625,67.70999908447266,67.19999694824219,67.43000030517578,14000,63.0685920715332,0.0
CZA,2020-08-13,66.87999725341797,67.44000244140625,66.81999969482422,66.86000061035156,13100,62.535465240478516,0.0
CZA,2020-08-14,67.0,67.38999938964844,66.94000244140625,66.94999694824219,37600,62.61964416503906,0.0
CZA,2020-08-17,67.0199966430664,67.33000183105469,66.9000015258789,66.9800033569336,9300,62.647701263427734,0.0
CZA,2020-08-18,67.02999877929688,67.1500015258789,66.68000030517578,66.68000030517578,12100,62.36711120605469,0.0
CZA,2020-08-19,66.80000305175781,66.97000122070312,66.5199966430664,66.5199966430664,4700,62.21745300292969,0.0
CZA,2020-08-20,65.83000183105469,66.66999816894531,65.83000183105469,66.55000305175781,6900,62.24551010131836,0.0
CZA,2020-08-21,66.05000305175781,66.13999938964844,65.75,66.13999938964844,16500,61.86203384399414,0.0
CZA,2020-08-24,66.23999786376953,66.8499984741211,66.16999816894531,66.83000183105469,14200,62.507408142089844,0.0
CZA,2020-08-25,66.80000305175781,67.08000183105469,66.48999786376953,66.7699966430664,20000,62.45127868652344,0.0
CZA,2020-08-26,66.6500015258789,66.68000030517578,65.8499984741211,66.48999786376953,13700,62.189388275146484,0.0
CZA,2020-08-27,66.45999908447266,67.01000213623047,66.45999908447266,66.87999725341797,13800,62.55416488647461,0.0
CZA,2020-08-28,66.97000122070312,67.18000030517578,66.7300033569336,67.06999969482422,16800,62.73188018798828,0.0
CZA,2020-08-31,66.83000183105469,67.0,66.70999908447266,66.70999908447266,8600,62.395164489746094,0.0
CZA,2020-09-01,66.62000274658203,66.93000030517578,66.38999938964844,66.91999816894531,12600,62.59157943725586,0.0
CZA,2020-09-02,67.30000305175781,68.37999725341797,67.25,68.27999877929688,15300,63.863616943359375,0.0
CZA,2020-09-03,68.05999755859375,68.06999969482422,66.41999816894531,66.76000213623047,10300,62.44192886352539,0.0
CZA,2020-09-04,67.18000030517578,67.18000030517578,65.81999969482422,66.69999694824219,5200,62.38581466674805,0.0
CZA,2020-09-08,65.75,66.12000274658203,65.37999725341797,65.37999725341797,5900,61.151187896728516,0.0
CZA,2020-09-09,65.87999725341797,66.77999877929688,65.87999725341797,66.54000091552734,10200,62.23616027832031,0.0
CZA,2020-09-10,66.33999633789062,66.58999633789062,65.66999816894531,65.66999816894531,8900,61.42243576049805,0.0
CZA,2020-09-11,65.69999694824219,66.19000244140625,65.55000305175781,66.05000305175781,9600,61.77785873413086,0.0
CZA,2020-09-14,66.83000183105469,67.13999938964844,66.55999755859375,67.08999633789062,8600,62.750579833984375,0.0
CZA,2020-09-15,67.26000213623047,67.68000030517578,67.08000183105469,67.08000183105469,6100,62.74123764038086,0.0
CZA,2020-09-16,67.47000122070312,67.97000122070312,67.3499984741211,67.44000244140625,10500,63.07794189453125,0.0
CZA,2020-09-17,66.12999725341797,67.27999877929688,66.12999725341797,67.08000183105469,11200,62.74123764038086,0.0
CZA,2020-09-18,66.94000244140625,67.08000183105469,66.08999633789062,66.22000122070312,19700,61.93686294555664,0.0
CZA,2020-09-21,64.68000030517578,65.0,63.59000015258789,64.52999877929688,15300,60.35616683959961,0.0
CZA,2020-09-22,64.79000091552734,65.16999816894531,64.54000091552734,65.0999984741211,8300,60.8892936706543,0.0
CZA,2020-09-23,65.13999938964844,65.37999725341797,63.650001525878906,63.65999984741211,7300,59.54243850708008,0.0
CZA,2020-09-24,63.369998931884766,64.45999908447266,63.04999923706055,63.880001068115234,6900,59.748207092285156,0.0
CZA,2020-09-25,63.310001373291016,65.01000213623047,63.310001373291016,64.8499984741211,6600,60.65546417236328,0.0
CZA,2020-09-28,65.44999694824219,66.48999786376953,65.44999694824219,66.20999908447266,20200,61.92750549316406,0.0
CZA,2020-09-29,65.80999755859375,66.12999725341797,65.37000274658203,65.55000305175781,9300,61.31019973754883,0.0
CZA,2020-09-30,65.97000122070312,66.36000061035156,65.4000015258789,65.93000030517578,9300,61.66561508178711,0.0
CZA,2020-10-01,65.94999694824219,66.5,65.87999725341797,66.19000244140625,14200,61.90880584716797,0.0
CZA,2020-10-02,64.94000244140625,66.87999725341797,64.94000244140625,66.62999725341797,19100,62.32033157348633,0.0
CZA,2020-10-05,67.18000030517578,68.37999725341797,67.11000061035156,68.37999725341797,53200,63.9571418762207,0.0
CZA,2020-10-06,67.87000274658203,68.80999755859375,67.52999877929688,67.52999877929688,11800,63.1621208190918,0.0
CZA,2020-10-07,68.19999694824219,68.5199966430664,68.02999877929688,68.47000122070312,12400,64.04132843017578,0.0
CZA,2020-10-08,69.06999969482422,69.56999969482422,68.93000030517578,69.52999877929688,5400,65.03276062011719,0.0
CZA,2020-10-09,69.5999984741211,69.97000122070312,69.44999694824219,69.56999969482422,14500,65.07017517089844,0.0
CZA,2020-10-12,69.77999877929688,70.08000183105469,69.5999984741211,70.01000213623047,11400,65.48172760009766,0.0
CZA,2020-10-13,69.48999786376953,69.75,69.16000366210938,69.4800033569336,4900,64.98599243164062,0.0
CZA,2020-10-14,69.29000091552734,69.94000244140625,69.27999877929688,69.27999877929688,9200,64.79893493652344,0.0
CZA,2020-10-15,68.13999938964844,69.77999877929688,68.13999938964844,69.77999877929688,9000,65.26658630371094,0.0
CZA,2020-10-16,69.45999908447266,70.05000305175781,69.45999908447266,69.5999984741211,5800,65.09822845458984,0.0
CZA,2020-10-19,69.55999755859375,69.91000366210938,68.62000274658203,68.62000274658203,26200,64.18162536621094,0.0
CZA,2020-10-20,68.88999938964844,69.93000030517578,68.88999938964844,69.27999877929688,12500,64.79893493652344,0.0
CZA,2020-10-21,68.97000122070312,69.48999786376953,68.97000122070312,69.16999816894531,8200,64.69605255126953,0.0
CZA,2020-10-22,69.0,69.83999633789062,68.94999694824219,69.7699966430664,5900,65.25723266601562,0.0
CZA,2020-10-23,69.7300033569336,70.08000183105469,69.62000274658203,70.01000213623047,5400,65.48172760009766,0.0
CZA,2020-10-26,69.02999877929688,69.02999877929688,68.06999969482422,68.62000274658203,15800,64.18162536621094,0.0
CZA,2020-10-27,68.30999755859375,68.68000030517578,67.91999816894531,67.91999816894531,6400,63.52689743041992,0.0
CZA,2020-10-28,66.37999725341797,67.19000244140625,66.12999725341797,66.12999725341797,6100,61.85267639160156,0.0
CZA,2020-10-29,65.66999816894531,67.13999938964844,65.58000183105469,66.95999908447266,19000,62.62899398803711,0.0
CZA,2020-10-30,66.30999755859375,67.12000274658203,66.30999755859375,67.02999877929688,38600,62.69447326660156,0.0
CZA,2020-11-02,67.58000183105469,68.72000122070312,67.58000183105469,68.66999816894531,18700,64.22838592529297,0.0
CZA,2020-11-03,69.91000366210938,70.13999938964844,69.7300033569336,70.13999938964844,5900,65.60330963134766,0.0
CZA,2020-11-04,69.63999938964844,70.83000183105469,69.58999633789062,69.91000366210938,25300,65.38819122314453,0.0
CZA,2020-11-05,70.62000274658203,71.87000274658203,70.62000274658203,71.41000366210938,12700,66.79117584228516,0.0
CZA,2020-11-06,71.2300033569336,71.56999969482422,70.29000091552734,71.0199966430664,13600,66.42637634277344,0.0
CZA,2020-11-09,74.41000366210938,74.9000015258789,73.36000061035156,73.36000061035156,19700,68.61504364013672,0.0
CZA,2020-11-10,73.69999694824219,74.1500015258789,73.4000015258789,74.08999633789062,7100,69.29782104492188,0.0
CZA,2020-11-11,74.2300033569336,74.5199966430664,73.58999633789062,73.7699966430664,5200,68.99851989746094,0.0
CZA,2020-11-12,73.0999984741211,73.41000366210938,72.30999755859375,72.52999877929688,4000,67.8387222290039,0.0
CZA,2020-11-13,73.68000030517578,74.08000183105469,73.56999969482422,73.83999633789062,10500,69.06399536132812,0.0
CZA,2020-11-16,74.9000015258789,75.61000061035156,74.75,75.61000061035156,8100,70.7195053100586,0.0
CZA,2020-11-17,74.5,75.3499984741211,74.5,75.25,7600,70.38278198242188,0.0
CZA,2020-11-18,75.26000213623047,75.5199966430664,74.38999938964844,74.38999938964844,4600,69.57841491699219,0.0
CZA,2020-11-19,73.97000122070312,74.37999725341797,73.80000305175781,74.33000183105469,4300,69.52229309082031,0.0
CZA,2020-11-20,74.22000122070312,74.38999938964844,74.12999725341797,74.2300033569336,4000,69.42877197265625,0.0
CZA,2020-11-23,74.91999816894531,75.04000091552734,74.6500015258789,74.83999633789062,4700,69.99931335449219,0.0
CZA,2020-11-24,75.79000091552734,76.29000091552734,75.55999755859375,76.1500015258789,6200,71.2245864868164,0.0
CZA,2020-11-25,75.68000030517578,75.7699966430664,75.41999816894531,75.66999816894531,6100,70.77562713623047,0.0
CZA,2020-11-27,75.72000122070312,75.88999938964844,75.41000366210938,75.5,3200,70.61663055419922,0.0
CZA,2020-11-30,75.0999984741211,75.0999984741211,74.62999725341797,74.62999725341797,6900,69.80288696289062,0.0
CZA,2020-12-01,75.44000244140625,75.94000244140625,75.38999938964844,75.51000213623047,5600,70.6259765625,0.0
CZA,2020-12-02,74.83000183105469,75.4800033569336,74.83000183105469,75.36000061035156,3700,70.48567962646484,0.0
CZA,2020-12-03,75.20999908447266,76.06999969482422,75.20999908447266,75.41999816894531,8500,70.54180145263672,0.0
CZA,2020-12-04,75.56999969482422,76.69000244140625,75.56999969482422,76.68000030517578,6600,71.72029876708984,0.0
CZA,2020-12-07,76.4000015258789,76.56999969482422,76.16000366210938,76.2699966430664,5300,71.33682250976562,0.0
CZA,2020-12-08,75.87999725341797,76.72000122070312,75.87999725341797,76.66999816894531,8100,71.71094512939453,0.0
CZA,2020-12-09,77.12999725341797,77.12999725341797,76.31999969482422,76.70999908447266,10400,71.74835968017578,0.0
CZA,2020-12-10,75.9000015258789,76.5999984741211,75.9000015258789,76.54000091552734,5800,71.58935546875,0.0
CZA,2020-12-11,76.23999786376953,76.23999786376953,75.6500015258789,76.11000061035156,3400,71.18716430664062,0.0
CZA,2020-12-14,76.83000183105469,76.83999633789062,75.66999816894531,75.66999816894531,9100,70.77562713623047,0.0
CZA,2020-12-15,75.80999755859375,77.0199966430664,75.80999755859375,76.83000183105469,6700,71.860595703125,0.0
CZA,2020-12-16,76.73999786376953,76.87000274658203,76.52999877929688,76.75,3900,71.7857666015625,0.0
CZA,2020-12-17,76.97000122070312,77.25,76.91000366210938,77.23999786376953,6400,72.24407958984375,0.0
CZA,2020-12-18,77.3499984741211,77.3499984741211,76.41999816894531,76.73999786376953,8100,71.77642059326172,0.0
CZA,2020-12-21,73.52999877929688,75.26000213623047,73.52999877929688,75.18000030517578,6100,71.3248291015625,1.084
CZA,2020-12-22,75.18000030517578,75.19999694824219,74.91999816894531,74.94000244140625,5800,71.09712982177734,0.0
CZA,2020-12-23,75.5999984741211,75.73999786376953,75.37000274658203,75.37000274658203,4800,71.50508880615234,0.0
CZA,2020-12-24,75.26000213623047,75.54000091552734,75.06999969482422,75.54000091552734,4000,71.66636657714844,0.0
CZA,2020-12-28,76.18000030517578,76.18000030517578,75.43000030517578,75.47000122070312,7700,71.59996032714844,0.0
CZA,2020-12-29,75.66999816894531,75.94999694824219,74.83000183105469,75.08000183105469,6900,71.22994995117188,0.0
CZA,2020-12-30,75.0,75.88999938964844,75.0,75.66999816894531,20800,71.78970336914062,0.0
CZA,2020-12-31,75.73999786376953,76.25,75.4000015258789,76.12000274658203,11900,72.21662902832031,0.0
CZA,2021-01-04,76.3499984741211,76.3499984741211,74.69999694824219,74.97000122070312,9400,71.12559509277344,0.0
CZA,2021-01-05,75.38999938964844,76.02999877929688,75.38999938964844,75.66000366210938,25300,71.78022003173828,0.0
CZA,2021-01-06,76.20999908447266,78.26000213623047,76.20999908447266,77.76000213623047,9200,73.77252960205078,0.0
CZA,2021-01-07,78.19999694824219,78.38999938964844,77.80000305175781,78.2699966430664,89800,74.2563705444336,0.0
CZA,2021-01-08,78.30999755859375,78.51000213623047,77.51000213623047,78.20999908447266,47400,74.19945526123047,0.0
CZA,2021-01-11,76.62000274658203,78.27999877929688,76.62000274658203,78.27999877929688,6100,74.26586151123047,0.0
CZA,2021-01-12,78.37000274658203,78.83999633789062,78.0199966430664,78.83999633789062,20700,74.7971420288086,0.0
CZA,2021-01-13,78.44000244140625,78.5999984741211,78.31999969482422,78.33000183105469,18700,74.31330108642578,0.0
CZA,2021-01-14,78.37000274658203,78.91999816894531,78.37000274658203,78.56999969482422,12000,74.5409927368164,0.0
CZA,2021-01-15,77.87000274658203,78.25,77.3499984741211,78.18000030517578,7600,74.17098999023438,0.0
CZA,2021-01-19,78.4000015258789,78.55000305175781,78.23999786376953,78.45999908447266,8200,74.43663024902344,0.0
CZA,2021-01-20,78.58000183105469,79.27999877929688,78.37999725341797,79.2300033569336,27900,75.16715240478516,0.0
CZA,2021-01-21,77.25,79.25,77.25,78.88999938964844,32600,74.8445816040039,0.0
CZA,2021-01-22,78.56999969482422,78.80999755859375,78.22000122070312,78.80000305175781,11200,74.75920104980469,0.0
CZA,2021-01-25,78.33000183105469,78.86000061035156,78.05000305175781,78.5199966430664,28200,74.4935531616211,0.0
CZA,2021-01-26,78.61000061035156,78.61000061035156,77.73999786376953,77.73999786376953,3800,73.75355529785156,0.0
CZA,2021-01-27,76.01000213623047,76.54000091552734,75.16999816894531,75.45999908447266,13500,71.5904769897461,0.0
CZA,2021-01-28,75.7699966430664,76.9800033569336,75.7699966430664,76.5,8400,72.5771484375,0.0
CZA,2021-01-29,75.8499984741211,75.88999938964844,74.52999877929688,75.08000183105469,10500,71.22994995117188,0.0
CZA,2021-02-01,75.20999908447266,76.0,75.20999908447266,75.93000030517578,16400,72.036376953125,0.0
CZA,2021-02-02,76.4800033569336,77.26000213623047,76.4800033569336,76.94999694824219,7000,73.00406646728516,0.0
CZA,2021-02-03,76.86000061035156,77.0199966430664,76.6500015258789,77.01000213623047,7300,73.06098937988281,0.0
CZA,2021-02-04,77.2699966430664,77.91000366210938,77.2699966430664,77.79000091552734,4800,73.80099487304688,0.0
CZA,2021-02-05,78.01000213623047,78.48999786376953,78.01000213623047,78.29000091552734,8800,74.27535247802734,0.0
CZA,2021-02-08,77.98999786376953,78.93000030517578,77.98999786376953,78.93000030517578,9200,74.88253784179688,0.0
CZA,2021-02-09,78.7699966430664,79.23999786376953,78.7699966430664,79.19999694824219,11500,75.13868713378906,0.0
CZA,2021-02-10,79.44000244140625,79.6500015258789,79.22000122070312,79.36000061035156,10000,75.29048919677734,0.0
CZA,2021-02-11,79.48999786376953,79.6500015258789,79.02999877929688,79.38999938964844,7000,75.31893920898438,0.0
CZA,2021-02-12,78.98999786376953,79.62999725341797,78.98999786376953,79.5999984741211,10300,75.51817321777344,0.0
CZA,2021-02-16,80.0199966430664,80.0199966430664,79.05000305175781,79.36000061035156,15600,75.29048919677734,0.0
CZA,2021-02-17,78.97000122070312,79.2300033569336,78.83000183105469,79.16000366210938,7800,75.10073852539062,0.0
CZA,2021-02-18,78.48999786376953,78.91999816894531,78.45999908447266,78.72000122070312,8600,74.68329620361328,0.0
CZA,2021-02-19,79.38999938964844,79.44000244140625,79.19000244140625,79.19000244140625,5900,75.12919616699219,0.0
CZA,2021-02-22,78.55000305175781,79.22000122070312,78.55000305175781,78.94000244140625,5200,74.89202880859375,0.0
CZA,2021-02-23,78.69999694824219,79.52999877929688,78.04000091552734,79.52999877929688,14400,75.45176696777344,0.0
CZA,2021-02-24,79.9000015258789,80.76000213623047,79.12999725341797,80.45999908447266,4600,76.33407592773438,0.0
CZA,2021-02-25,79.58999633789062,80.01000213623047,78.27999877929688,78.41000366210938,16500,74.38919067382812,0.0
CZA,2021-02-26,78.33999633789062,78.7699966430664,77.31999969482422,77.44000244140625,12600,73.46894073486328,0.0
CZA,2021-03-01,78.41000366210938,79.79000091552734,78.41000366210938,79.23999786376953,5100,75.1766357421875,0.0
CZA,2021-03-02,79.44000244140625,79.47000122070312,78.69999694824219,79.05000305175781,8900,74.99638366699219,0.0
CZA,2021-03-03,78.97000122070312,79.16000366210938,78.61000061035156,78.62000274658203,4500,74.58843994140625,0.0
CZA,2021-03-04,78.3499984741211,78.91000366210938,77.12000274658203,77.38999938964844,6100,73.42150115966797,0.0
CZA,2021-03-05,78.30999755859375,79.61000061035156,76.94000244140625,79.43000030517578,36800,75.35688781738281,0.0
CZA,2021-03-08,78.93000030517578,81.02999877929688,78.93000030517578,80.25,25900,76.13484191894531,0.0
CZA,2021-03-09,80.61000061035156,81.01000213623047,80.41000366210938,80.41000366210938,2900,76.2866439819336,0.0
CZA,2021-03-10,80.37999725341797,81.80999755859375,80.37999725341797,81.52999877929688,49100,77.34920501708984,0.0
CZA,2021-03-11,81.58000183105469,82.18000030517578,81.58000183105469,81.76000213623047,5900,77.56741333007812,0.0
CZA,2021-03-12,82.16000366210938,82.66000366210938,82.16000366210938,82.66000366210938,1000,78.4212646484375,0.0
CZA,2021-03-15,83.05000305175781,83.44000244140625,82.93000030517578,83.44000244140625,3300,79.16126251220703,0.0
CZA,2021-03-16,83.19999694824219,83.19999694824219,82.68000030517578,82.73999786376953,3900,78.49715423583984,0.0
CZA,2021-03-17,82.41999816894531,83.13999938964844,82.41999816894531,83.13999938964844,2300,78.87664794921875,0.0
CZA,2021-03-18,82.66999816894531,83.80999755859375,82.66999816894531,82.94000244140625,8000,78.68689727783203,0.0
CZA,2021-03-19,82.47000122070312,83.16999816894531,82.41999816894531,82.69000244140625,4000,78.4497299194336,0.0
CZA,2021-03-22,82.20999908447266,82.48999786376953,82.16999816894531,82.37000274658203,2500,78.1461410522461,0.0
CZA,2021-03-23,81.75,82.11000061035156,81.08999633789062,81.20999908447266,6700,77.04562377929688,0.0
CZA,2021-03-24,81.97000122070312,82.47000122070312,81.66000366210938,81.66000366210938,2400,77.47254180908203,0.0
CZA,2021-03-25,81.08999633789062,82.91999816894531,81.08999633789062,82.79000091552734,4000,78.54459381103516,0.0
CZA,2021-03-26,83.3499984741211,84.18000030517578,83.01000213623047,84.18000030517578,3200,79.86331939697266,0.0
CZA,2021-03-29,83.83999633789062,84.30999755859375,83.7699966430664,84.05999755859375,2900,79.74947357177734,0.0
CZA,2021-03-30,83.72000122070312,84.48999786376953,83.72000122070312,84.30000305175781,16600,79.97715759277344,0.0
CZA,2021-03-31,84.31999969482422,84.52999877929688,84.20999908447266,84.20999908447266,3000,79.89178466796875,0.0
CZA,2021-04-01,84.12999725341797,84.93000030517578,83.91000366210938,84.93000030517578,3900,80.5748519897461,0.0
CZA,2021-04-05,85.37000274658203,85.98999786376953,85.37000274658203,85.88999938964844,12000,81.48562622070312,0.0
CZA,2021-04-06,85.5199966430664,86.33999633789062,85.5199966430664,85.8499984741211,6300,81.44767761230469,0.0
CZA,2021-04-07,85.68000030517578,85.7300033569336,85.44000244140625,85.58000183105469,5100,81.1915283203125,0.0
CZA,2021-04-08,86.08999633789062,86.08999633789062,85.48999786376953,85.73999786376953,4600,81.34332275390625,0.0
CZA,2021-04-09,85.69999694824219,86.48999786376953,85.69999694824219,86.4800033569336,5400,82.04537963867188,0.0
CZA,2021-04-12,86.22000122070312,86.75,86.22000122070312,86.72000122070312,5800,82.2730712890625,0.0
CZA,2021-04-13,86.48999786376953,86.69000244140625,86.36000061035156,86.6500015258789,3000,82.20665740966797,0.0
CZA,2021-04-14,86.79000091552734,86.98999786376953,86.77999877929688,86.77999877929688,3600,82.32998657226562,0.0
CZA,2021-04-15,87.41999816894531,87.55000305175781,87.30999755859375,87.55000305175781,3900,83.06050109863281,0.0
CZA,2021-04-16,88.02999877929688,88.5,88.02999877929688,88.30999755859375,2800,83.78153228759766,0.0
CZA,2021-04-19,87.9800033569336,88.08999633789062,87.87999725341797,88.0199966430664,6200,83.50639343261719,0.0
CZA,2021-04-20,87.56999969482422,88.19999694824219,87.56999969482422,87.88999938964844,4400,83.38307189941406,0.0
CZA,2021-04-21,87.98999786376953,88.6500015258789,87.98999786376953,88.58999633789062,4700,84.04717254638672,0.0
CZA,2021-04-22,88.55999755859375,88.75,88.16000366210938,88.19000244140625,14700,83.66768646240234,0.0
CZA,2021-04-23,88.48999786376953,89.19999694824219,88.38999938964844,89.06999969482422,3700,84.50255584716797,0.0
CZA,2021-04-26,89.06999969482422,89.29000091552734,89.01000213623047,89.08000183105469,2300,84.51204681396484,0.0
CZA,2021-04-27,88.95999908447266,89.19000244140625,88.76000213623047,88.76000213623047,11600,84.20845031738281,0.0
CZA,2021-04-28,89.5199966430664,89.5199966430664,88.98999786376953,89.0199966430664,7900,84.45512390136719,0.0
CZA,2021-04-29,89.22000122070312,89.58999633789062,89.22000122070312,89.58000183105469,4900,84.98641204833984,0.0
CZA,2021-04-30,88.7300033569336,89.2699966430664,88.7300033569336,88.95999908447266,4800,84.398193359375,0.0
CZA,2021-05-03,89.20999908447266,89.81999969482422,89.20999908447266,89.56999969482422,4300,84.9769287109375,0.0
CZA,2021-05-04,89.06999969482422,90.04000091552734,89.06999969482422,90.04000091552734,3000,85.4228286743164,0.0
CZA,2021-05-05,90.0999984741211,90.0999984741211,89.93000030517578,90.0199966430664,4700,85.40383911132812,0.0
CZA,2021-05-06,89.6500015258789,90.51000213623047,89.6500015258789,90.51000213623047,5300,85.86872100830078,0.0
CZA,2021-05-07,90.16000366210938,91.6500015258789,90.16000366210938,91.5999984741211,5700,86.90282440185547,0.0
CZA,2021-05-10,91.8499984741211,92.73999786376953,91.75,91.75,4000,87.04513549804688,0.0
CZA,2021-05-11,90.63999938964844,90.63999938964844,90.05999755859375,90.48999786376953,9300,85.84974670410156,0.0
CZA,2021-05-12,89.7300033569336,89.7300033569336,88.25,88.30999755859375,9400,83.78153228759766,0.0
CZA,2021-05-13,88.20999908447266,90.18000030517578,88.20999908447266,89.91000366210938,3900,85.29949188232422,0.0
CZA,2021-05-14,90.30999755859375,91.3499984741211,90.30999755859375,90.70999908447266,13400,86.05845642089844,0.0
CZA,2021-05-17,90.63999938964844,90.76000213623047,90.63999938964844,90.68000030517578,2500,86.02999877929688,0.0
CZA,2021-05-18,90.62000274658203,90.62000274658203,89.70999908447266,89.76000213623047,8600,85.15718841552734,0.0
CZA,2021-05-19,88.87999725341797,89.22000122070312,87.93000030517578,89.22000122070312,7200,84.64486694335938,0.0
CZA,2021-05-20,89.23999786376953,90.18000030517578,89.23999786376953,89.91000366210938,7800,85.29949188232422,0.0
CZA,2021-05-21,90.0199966430664,90.68000030517578,90.0199966430664,90.16999816894531,4100,85.54615020751953,0.0
CZA,2021-05-24,90.70999908447266,90.76000213623047,90.5,90.58999633789062,1700,85.94461059570312,0.0
CZA,2021-05-25,90.44999694824219,90.79000091552734,90.08000183105469,90.08000183105469,4000,85.46077728271484,0.0
CZA,2021-05-26,91.61000061035156,91.66000366210938,89.91000366210938,90.13999938964844,3700,85.51768493652344,0.0
CZA,2021-05-27,90.31999969482422,90.70999908447266,90.31999969482422,90.55999755859375,2800,85.91614532470703,0.0
CZA,2021-05-28,90.52999877929688,90.81999969482422,90.52999877929688,90.76000213623047,2800,86.10589599609375,0.0
CZA,2021-06-01,91.2300033569336,91.2300033569336,90.70999908447266,90.87000274658203,3000,86.21025848388672,0.0
CZA,2021-06-02,90.73999786376953,90.87999725341797,90.66000366210938,90.66000366210938,2400,86.01103210449219,0.0
CZA,2021-06-03,90.02999877929688,90.88999938964844,90.02999877929688,90.83999633789062,1700,86.18179321289062,0.0
CZA,2021-06-04,90.94999694824219,91.1500015258789,90.80999755859375,91.1500015258789,4300,86.47590637207031,0.0
CZA,2021-06-07,90.79000091552734,91.0999984741211,90.72000122070312,90.86000061035156,5100,86.20077514648438,0.0
CZA,2021-06-08,90.68000030517578,91.19000244140625,90.54000091552734,91.16000366210938,3900,86.48538970947266,0.0
CZA,2021-06-09,90.8499984741211,91.08999633789062,90.80000305175781,90.83999633789062,3300,86.18179321289062,0.0
CZA,2021-06-10,90.72000122070312,91.06999969482422,90.72000122070312,90.87000274658203,4700,86.21025848388672,0.0
CZA,2021-06-11,90.87999725341797,91.08000183105469,90.73999786376953,91.08000183105469,3700,86.40949249267578,0.0
CZA,2021-06-14,90.66000366210938,90.80000305175781,90.38999938964844,90.80000305175781,2700,86.14385223388672,0.0
CZA,2021-06-15,90.52999877929688,91.33999633789062,90.52999877929688,91.08999633789062,4600,86.41897583007812,0.0
CZA,2021-06-16,90.7699966430664,90.7699966430664,90.16999816894531,90.2300033569336,2700,85.60308074951172,0.0
CZA,2021-06-17,90.0199966430664,90.26000213623047,89.08000183105469,89.3499984741211,4000,84.76820373535156,0.0
CZA,2021-06-18,88.19000244140625,88.30999755859375,87.86000061035156,87.86000061035156,2600,83.35460662841797,0.0
CZA,2021-06-21,89.08999633789062,89.45999908447266,89.08000183105469,89.41999816894531,3000,84.83460998535156,0.0
CZA,2021-06-22,89.2300033569336,89.83999633789062,89.2300033569336,89.66999816894531,7800,85.07179260253906,0.0
CZA,2021-06-23,89.37000274658203,89.70999908447266,89.37000274658203,89.44000244140625,1600,84.85359954833984,0.0
CZA,2021-06-24,89.62999725341797,89.76000213623047,89.30999755859375,89.68000030517578,4700,85.0812759399414,0.0
CZA,2021-06-25,90.0999984741211,90.37999725341797,90.0999984741211,90.37999725341797,2900,85.7453842163086,0.0
CZA,2021-06-28,90.36000061035156,90.36000061035156,89.87999725341797,90.02999877929688,2700,85.41333770751953,0.0
CZA,2021-06-29,90.2300033569336,90.38999938964844,89.7699966430664,89.86000061035156,3300,85.2520523071289,0.0
CZA,2021-06-30,89.66000366210938,89.91000366210938,89.62000274658203,89.91000366210938,4000,85.29949188232422,0.0
CZA,2021-07-01,90.3499984741211,90.79000091552734,90.3499984741211,90.55999755859375,5100,85.91614532470703,0.0
CZA,2021-07-02,90.55999755859375,90.91000366210938,90.55999755859375,90.83000183105469,7400,86.17230987548828,0.0
CZA,2021-07-06,90.91000366210938,90.91000366210938,89.26000213623047,90.1500015258789,4000,85.52717590332031,0.0
CZA,2021-07-07,89.80000305175781,90.8499984741211,89.80000305175781,90.66999816894531,4700,86.0205078125,0.0
CZA,2021-07-08,89.58000183105469,90.43000030517578,89.58000183105469,89.79000091552734,2400,85.18563842773438,0.0
CZA,2021-07-09,91.06999969482422,91.37000274658203,90.83999633789062,91.33999633789062,8800,86.65614318847656,0.0
CZA,2021-07-12,90.97000122070312,91.5999984741211,90.97000122070312,91.5999984741211,4700,86.90282440185547,0.0
CZA,2021-07-13,91.13999938964844,91.13999938964844,90.7699966430664,90.7699966430664,1500,86.1153793334961,0.0
CZA,2021-07-14,91.05000305175781,91.13999938964844,90.6500015258789,90.93000030517578,2000,86.26718139648438,0.0
CZA,2021-07-15,90.29000091552734,91.19999694824219,90.29000091552734,91.11000061035156,3900,86.43795013427734,0.0
CZA,2021-07-16,91.30999755859375,91.30999755859375,90.69000244140625,90.69000244140625,12900,86.03949737548828,0.0
CZA,2021-07-19,89.76000213623047,89.76000213623047,88.20999908447266,88.68000030517578,3000,84.13256072998047,0.0
CZA,2021-07-20,88.94000244140625,90.91999816894531,88.94000244140625,90.62000274658203,2100,85.97307586669922,0.0
CZA,2021-07-21,91.1500015258789,91.41000366210938,91.1500015258789,91.23999786376953,4400,86.56128692626953,0.0
CZA,2021-07-22,90.97000122070312,90.97000122070312,90.51000213623047,90.73999786376953,3300,86.08692169189453,0.0
CZA,2021-07-23,91.37999725341797,91.58000183105469,91.16999816894531,91.58000183105469,3300,86.88385009765625,0.0
CZA,2021-07-26,91.36000061035156,91.63999938964844,91.36000061035156,91.63999938964844,1400,86.9407730102539,0.0
CZA,2021-07-27,91.25,91.69999694824219,91.25,91.69999694824219,4600,86.99769592285156,0.0
CZA,2021-07-28,91.30000305175781,92.0,91.30000305175781,91.87000274658203,1400,87.15898132324219,0.0
CZA,2021-07-29,92.62999725341797,93.0,92.62999725341797,92.80000305175781,2800,88.04129028320312,0.0
CZA,2021-07-30,92.66999816894531,93.41999816894531,92.38999938964844,92.38999938964844,3300,87.65231323242188,0.0
CZA,2021-08-02,93.31999969482422,93.31999969482422,92.16999816894531,92.16999816894531,1300,87.44359588623047,0.0
CZA,2021-08-03,91.7699966430664,92.72000122070312,91.7699966430664,92.72000122070312,1600,87.96539306640625,0.0
CZA,2021-08-04,92.31999969482422,92.31999969482422,92.0199966430664,92.05999755859375,3300,87.3392333984375,0.0
CZA,2021-08-05,92.19000244140625,92.23999786376953,92.19000244140625,92.23999786376953,1200,87.51000213623047,0.0
CZA,2021-08-06,92.55000305175781,92.7300033569336,92.54000091552734,92.56999969482422,3000,87.82308197021484,0.0
CZA,2021-08-09,92.2699966430664,92.66999816894531,92.2699966430664,92.5199966430664,1100,87.77564239501953,0.0
CZA,2021-08-10,92.44000244140625,93.25,92.05999755859375,93.04000091552734,23800,88.26898956298828,0.0
CZA,2021-08-11,93.73999786376953,93.9800033569336,93.73999786376953,93.9800033569336,500,89.16078186035156,0.0
CZA,2021-08-12,93.55000305175781,93.87999725341797,93.55000305175781,93.87999725341797,1700,89.06590270996094,0.0
CZA,2021-08-13,93.86000061035156,94.06999969482422,93.86000061035156,93.9000015258789,3200,89.08488464355469,0.0
CZA,2021-08-16,93.94000244140625,93.94999694824219,93.8499984741211,93.94999694824219,2200,89.13231658935547,0.0
CZA,2021-08-17,93.0199966430664,93.12000274658203,92.7699966430664,93.0199966430664,2100,88.25,0.0
CZA,2021-08-18,92.73999786376953,93.44000244140625,92.36000061035156,92.36000061035156,2400,87.62384796142578,0.0
CZA,2021-08-19,91.86000061035156,92.26000213623047,91.63999938964844,91.91999816894531,2400,87.20640563964844,0.0
CZA,2021-08-20,92.27999877929688,93.0199966430664,92.20999908447266,92.63999938964844,3700,87.88948822021484,0.0
CZA,2021-08-23,92.83999633789062,93.29000091552734,92.83999633789062,93.16000366210938,4000,88.38282775878906,0.0
CZA,2021-08-24,93.5199966430664,93.91000366210938,93.45999908447266,93.47000122070312,3800,88.67692565917969,0.0
CZA,2021-08-25,93.41000366210938,94.11000061035156,93.41000366210938,93.9800033569336,2400,89.16078186035156,0.0
CZA,2021-08-26,93.66999816894531,93.66999816894531,93.43000030517578,93.44000244140625,2700,88.64847564697266,0.0
CZA,2021-08-27,93.80000305175781,94.44000244140625,93.80000305175781,94.44000244140625,1200,89.5971908569336,0.0
CZA,2021-08-30,94.43000030517578,94.70999908447266,94.43000030517578,94.44000244140625,3100,89.5971908569336,0.0
CZA,2021-08-31,94.69000244140625,94.69000244140625,94.19999694824219,94.4000015258789,3400,89.55924224853516,0.0
CZA,2021-09-01,94.1500015258789,94.61000061035156,94.1500015258789,94.44000244140625,4800,89.5971908569336,0.0
CZA,2021-09-02,94.63999938964844,95.22000122070312,94.63999938964844,95.22000122070312,3500,90.33719635009766,0.0
CZA,2021-09-03,95.01000213623047,95.20999908447266,94.97000122070312,94.97000122070312,1300,90.10000610351562,0.0
CZA,2021-09-07,95.02999877929688,95.02999877929688,93.75,93.75,1700,88.94257354736328,0.0
CZA,2021-09-08,93.45999908447266,93.87999725341797,93.45999908447266,93.83999633789062,3600,89.0279541015625,0.0
CZA,2021-09-09,93.51000213623047,93.98999786376953,93.48999786376953,93.48999786376953,3700,88.69590759277344,0.0
CZA,2021-09-10,93.75,93.9000015258789,92.83999633789062,92.83999633789062,2600,88.07923126220703,0.0
CZA,2021-09-13,93.55999755859375,93.55999755859375,92.63999938964844,93.04000091552734,2400,88.26898956298828,0.0
CZA,2021-09-14,92.94999694824219,92.94999694824219,91.73999786376953,91.97000122070312,4500,87.25384521484375,0.0
CZA,2021-09-15,91.9000015258789,93.11000061035156,91.9000015258789,93.01000213623047,7500,88.24051666259766,0.0
CZA,2021-09-16,92.48999786376953,92.69999694824219,92.48999786376953,92.55000305175781,2200,87.80410766601562,0.0
CZA,2021-09-17,91.77999877929688,91.86000061035156,91.47000122070312,91.47000122070312,2200,86.77949523925781,0.0
CZA,2021-09-20,89.66999816894531,90.16000366210938,89.19999694824219,90.16000366210938,2900,85.53665924072266,0.0
CZA,2021-09-21,90.66000366210938,90.66000366210938,89.86000061035156,89.86000061035156,1300,85.2520523071289,0.0
CZA,2021-09-22,90.44000244140625,91.13999938964844,90.44000244140625,90.70999908447266,2300,86.05845642089844,0.0
CZA,2021-09-23,92.0,92.11000061035156,91.62000274658203,91.62000274658203,2300,86.92179870605469,0.0
CZA,2021-09-24,91.51000213623047,91.8499984741211,91.51000213623047,91.73999786376953,1300,87.03564453125,0.0
CZA,2021-09-27,91.58999633789062,92.4000015258789,91.58999633789062,91.91999816894531,2800,87.20640563964844,0.0
CZA,2021-09-28,91.33000183105469,91.33000183105469,90.79000091552734,90.79000091552734,1600,86.13436126708984,0.0
CZA,2021-09-29,90.80000305175781,91.08999633789062,90.80000305175781,91.08999633789062,1800,86.41897583007812,0.0
CZA,2021-09-30,91.43000030517578,91.43000030517578,89.87999725341797,89.87999725341797,2500,85.27102661132812,0.0
CZA,2021-10-01,90.02999877929688,91.0999984741211,89.41999816894531,90.72000122070312,1400,86.06794738769531,0.0
CZA,2021-10-04,90.51000213623047,90.51000213623047,89.94999694824219,90.27999877929688,3800,85.65050506591797,0.0
CZA,2021-10-05,90.25,91.16000366210938,90.25,90.91999816894531,12800,86.2576904296875,0.0
CZA,2021-10-06,90.02999877929688,90.94999694824219,89.51000213623047,90.94999694824219,10900,86.2861557006836,0.0
CZA,2021-10-07,91.55000305175781,91.97000122070312,91.54000091552734,91.54000091552734,2100,86.84590148925781,0.0
CZA,2021-10-08,91.51000213623047,91.69999694824219,91.31999969482422,91.31999969482422,1100,86.6371841430664,0.0
CZA,2021-10-11,91.48999786376953,91.54000091552734,90.66000366210938,90.66000366210938,2900,86.01103210449219,0.0
CZA,2021-10-12,90.62000274658203,90.9800033569336,90.45999908447266,90.61000061035156,1600,85.96358489990234,0.0
CZA,2021-10-13,90.88999938964844,91.05999755859375,90.88999938964844,91.05999755859375,800,86.39051055908203,0.0
CZA,2021-10-14,91.63999938964844,92.51000213623047,91.63999938964844,92.48999786376953,4100,87.74718475341797,0.0
CZA,2021-10-15,93.26000213623047,93.26000213623047,92.6500015258789,92.6500015258789,2000,87.89898681640625,0.0
CZA,2021-10-18,92.52999877929688,92.56999969482422,92.51000213623047,92.56999969482422,1400,87.82308197021484,0.0
CZA,2021-10-19,93.27999877929688,93.30999755859375,93.02999877929688,93.29000091552734,1700,88.50615692138672,0.0
CZA,2021-10-20,94.19000244140625,94.19000244140625,93.9800033569336,94.13999938964844,3100,89.31257629394531,0.0
CZA,2021-10-21,93.66999816894531,94.3499984741211,93.66999816894531,94.3499984741211,2300,89.51179504394531,0.0
CZA,2021-10-22,94.7699966430664,94.94000244140625,94.62999725341797,94.69999694824219,4200,89.84385681152344,0.0
CZA,2021-10-25,95.01000213623047,95.04000091552734,94.73999786376953,94.73999786376953,1400,89.88180541992188,0.0
CZA,2021-10-26,94.69000244140625,94.8499984741211,94.41999816894531,94.41999816894531,3800,89.57821655273438,0.0
CZA,2021-10-27,93.98999786376953,93.98999786376953,93.11000061035156,93.11000061035156,2100,88.33538818359375,0.0
CZA,2021-10-28,93.51000213623047,93.94999694824219,93.51000213623047,93.94999694824219,3900,89.13231658935547,0.0
CZA,2021-10-29,93.98999786376953,93.98999786376953,93.54000091552734,93.83000183105469,5000,89.01847839355469,0.0
CZA,2021-11-01,94.1500015258789,94.5199966430664,94.1500015258789,94.5199966430664,1900,89.67308807373047,0.0
CZA,2021-11-02,94.58999633789062,94.61000061035156,94.52999877929688,94.56999969482422,1100,89.72053527832031,0.0
CZA,2021-11-03,94.33999633789062,94.7699966430664,94.33999633789062,94.7699966430664,2100,89.91026306152344,0.0
CZA,2021-11-04,95.02999877929688,95.02999877929688,94.16000366210938,94.33000183105469,1300,89.49283599853516,0.0
CZA,2021-11-05,94.98999786376953,94.98999786376953,94.83999633789062,94.88999938964844,1300,90.02411651611328,0.0
CZA,2021-11-08,95.66999816894531,95.66999816894531,94.69000244140625,94.72000122070312,1600,89.86283874511719,0.0
CZA,2021-11-09,94.55000305175781,94.9000015258789,94.38999938964844,94.8499984741211,3100,89.98616790771484,0.0
CZA,2021-11-10,94.61000061035156,95.37000274658203,94.61000061035156,94.9800033569336,16100,90.10950469970703,0.0
CZA,2021-11-11,95.0199966430664,95.04000091552734,94.87999725341797,95.04000091552734,9000,90.16642761230469,0.0
CZA,2021-11-12,95.0199966430664,95.5999984741211,95.0199966430664,95.5999984741211,7600,90.69770812988281,0.0
CZA,2021-11-15,95.48999786376953,95.9000015258789,95.48999786376953,95.87000274658203,3400,90.953857421875,0.0
CZA,2021-11-16,96.27999877929688,96.29000091552734,95.9000015258789,95.9000015258789,2300,90.98233032226562,0.0
CZA,2021-11-17,95.95999908447266,95.95999908447266,95.37999725341797,95.73999786376953,1900,90.83052825927734,0.0
CZA,2021-11-18,95.16999816894531,95.26000213623047,95.16999816894531,95.25,1500,90.36565399169922,0.0
CZA,2021-11-19,94.88999938964844,95.19999694824219,94.77999877929688,94.77999877929688,6800,89.91975402832031,0.0
CZA,2021-11-22,94.58000183105469,95.43000030517578,94.58000183105469,94.87999725341797,3500,90.01463317871094,0.0
CZA,2021-11-23,94.97000122070312,95.19000244140625,94.97000122070312,95.16000366210938,900,90.28028106689453,0.0
CZA,2021-11-24,94.68000030517578,95.23999786376953,94.68000030517578,95.2300033569336,4600,90.3466796875,0.0
CZA,2021-11-26,93.05000305175781,93.2699966430664,92.5199966430664,92.80999755859375,2100,88.05078125,0.0
CZA,2021-11-29,93.31999969482422,93.5999984741211,92.69999694824219,93.29000091552734,4600,88.50615692138672,0.0
CZA,2021-11-30,92.5199966430664,92.5199966430664,90.55000305175781,90.55000305175781,4500,85.90667724609375,0.0
CZA,2021-12-01,91.37999725341797,92.48999786376953,89.61000061035156,89.61000061035156,4700,85.01487731933594,0.0
CZA,2021-12-02,89.26000213623047,92.05000305175781,89.26000213623047,91.62000274658203,2900,86.92179870605469,0.0
CZA,2021-12-03,91.58000183105469,91.58999633789062,91.18000030517578,91.58999633789062,700,86.8933334350586,0.0
CZA,2021-12-06,91.97000122070312,93.44999694824219,91.97000122070312,93.01000213623047,1900,88.24051666259766,0.0
CZA,2021-12-07,94.5199966430664,94.58999633789062,94.25,94.31999969482422,2300,89.48334503173828,0.0
CZA,2021-12-08,94.52999877929688,94.93000030517578,94.52999877929688,94.79000091552734,3700,89.92924499511719,0.0
CZA,2021-12-09,94.62000274658203,94.62000274658203,93.95999908447266,93.95999908447266,3500,89.14180755615234,0.0
CZA,2021-12-10,94.33000183105469,94.33000183105469,94.25,94.27999877929688,5700,89.44539642333984,0.0
CZA,2021-12-13,94.30000305175781,94.41999816894531,93.83999633789062,94.0999984741211,4900,89.2746353149414,0.0
CZA,2021-12-14,93.80000305175781,93.80000305175781,93.45999908447266,93.51000213623047,1000,88.71488952636719,0.0
CZA,2021-12-15,93.52999877929688,94.66000366210938,93.38999938964844,94.63999938964844,2400,89.78693389892578,0.0
CZA,2021-12-16,94.86000061035156,95.4000015258789,94.30999755859375,94.48999786376953,1600,89.64462280273438,0.0
CZA,2021-12-17,94.19000244140625,94.44000244140625,93.44999694824219,93.47000122070312,3900,88.67692565917969,0.0
CZA,2021-12-20,91.83999633789062,91.83999633789062,90.47000122070312,91.56999969482422,3900,87.6725845336914,0.851
CZA,2021-12-21,91.9800033569336,93.0999984741211,91.9800033569336,92.83999633789062,1900,88.8885269165039,0.0
CZA,2021-12-22,92.4000015258789,93.58999633789062,92.4000015258789,93.58999633789062,5300,89.60659790039062,0.0
CZA,2021-12-23,93.69999694824219,94.37999725341797,93.69999694824219,94.2699966430664,6700,90.25765991210938,0.0
CZA,2021-12-27,94.30000305175781,95.36000061035156,94.30000305175781,95.36000061035156,1700,91.30126953125,0.0
CZA,2021-12-28,95.70999908447266,95.75,95.51000213623047,95.62999725341797,4100,91.55977630615234,0.0
CZA,2021-12-29,95.41000366210938,96.08000183105469,95.41000366210938,96.0199966430664,5500,91.93318176269531,0.0
CZA,2021-12-30,96.05000305175781,96.33000183105469,95.87999725341797,95.87999725341797,2200,91.79914093017578,0.0
CZA,2021-12-31,96.18000030517578,96.38999938964844,95.98999786376953,96.11000061035156,4600,92.01934814453125,0.0
CZA,2022-01-03,96.44000244140625,96.44000244140625,95.19999694824219,95.58000183105469,21700,91.51190948486328,0.0
CZA,2022-01-04,95.63999938964844,96.5199966430664,95.63999938964844,96.33000183105469,3000,92.22998046875,0.0
CZA,2022-01-05,97.55999755859375,97.56999969482422,94.87999725341797,94.87999725341797,2900,90.8416976928711,0.0
CZA,2022-01-06,95.0199966430664,95.08999633789062,94.5199966430664,94.54000091552734,5100,90.51617431640625,0.0
CZA,2022-01-07,94.75,94.75,94.45999908447266,94.45999908447266,1100,90.43958282470703,0.0
CZA,2022-01-10,93.61000061035156,94.05000305175781,93.02999877929688,94.05000305175781,3000,90.04702758789062,0.0
CZA,2022-01-11,94.13999938964844,94.83999633789062,93.62999725341797,94.75,4100,90.71723937988281,0.0
CZA,2022-01-12,94.87999725341797,96.20999908447266,94.3499984741211,94.7699966430664,5100,90.73638153076172,0.0
CZA,2022-01-13,94.76000213623047,94.94999694824219,94.36000061035156,94.36000061035156,1500,90.34383392333984,0.0
CZA,2022-01-14,93.4000015258789,94.26000213623047,92.83000183105469,94.08999633789062,18700,90.08531951904297,0.0
CZA,2022-01-18,92.62999725341797,93.44000244140625,92.62999725341797,92.80000305175781,8300,88.85023498535156,0.0
CZA,2022-01-19,92.87000274658203,93.37000274658203,92.47000122070312,92.47000122070312,7100,88.53427124023438,0.0
CZA,2022-01-20,92.5,93.5199966430664,91.26000213623047,91.38999938964844,7100,87.500244140625,0.0
CZA,2022-01-21,90.95999908447266,91.66999816894531,90.51000213623047,90.51000213623047,2900,86.65769958496094,0.0
CZA,2022-01-24,88.62000274658203,90.79000091552734,88.12999725341797,90.79000091552734,5700,86.92578125,0.0
CZA,2022-01-25,89.37000274658203,90.56999969482422,88.11000061035156,89.83999633789062,5700,86.01620483398438,0.0
CZA,2022-01-26,91.23999786376953,91.26000213623047,88.4800033569336,89.26000213623047,9500,85.46090698242188,0.0
CZA,2022-01-27,90.33999633789062,90.54000091552734,88.4800033569336,88.70999908447266,4000,84.93431091308594,0.0
CZA,2022-01-28,88.23999786376953,89.83999633789062,87.98999786376953,89.41999816894531,19900,85.61408996582031,0.0
CZA,2022-01-31,90.20999908447266,91.41000366210938,89.86000061035156,91.41000366210938,5700,87.51939392089844,0.0
CZA,2022-02-01,91.01000213623047,91.8499984741211,91.01000213623047,91.83000183105469,2400,87.92152404785156,0.0
CZA,2022-02-02,92.19000244140625,92.47000122070312,91.55999755859375,92.37000274658203,11300,88.43852996826172,0.0
CZA,2022-02-03,91.30999755859375,91.94000244140625,90.97000122070312,91.08999633789062,8600,87.21300506591797,0.0
CZA,2022-02-04,90.69999694824219,91.23999786376953,89.94000244140625,90.81999969482422,1800,86.95450592041016,0.0
CZA,2022-02-07,90.72000122070312,91.0999984741211,90.41999816894531,90.54000091552734,5100,86.6864242553711,0.0
CZA,2022-02-08,90.91000366210938,91.8499984741211,90.79000091552734,91.80999755859375,4300,87.9023666381836,0.0
CZA,2022-02-09,92.22000122070312,93.0199966430664,92.22000122070312,92.83000183105469,2200,88.87895202636719,0.0
CZA,2022-02-10,91.75,93.20999908447266,91.06999969482422,91.5199966430664,5000,87.62471008300781,0.0
CZA,2022-02-11,91.36000061035156,91.83999633789062,90.52999877929688,90.8499984741211,2300,86.98321533203125,0.0
CZA,2022-02-14,90.47000122070312,90.5199966430664,89.87000274658203,90.05999755859375,5700,86.22684478759766,0.0
CZA,2022-02-15,91.12999725341797,91.37999725341797,91.0999984741211,91.13999938964844,13200,87.26087951660156,0.0
CZA,2022-02-16,91.23999786376953,92.0199966430664,90.9800033569336,91.76000213623047,3500,87.85449981689453,0.0
CZA,2022-02-17,91.5999984741211,91.5999984741211,90.6500015258789,90.7300033569336,3700,86.86833953857422,0.0
CZA,2022-02-18,90.98999786376953,91.33999633789062,90.47000122070312,90.51000213623047,2700,86.65769958496094,0.0
CZA,2022-02-22,90.19999694824219,90.44999694824219,89.12000274658203,89.51000213623047,6200,85.70025634765625,0.0
CZA,2022-02-23,90.12000274658203,90.12999725341797,88.33000183105469,88.37000274658203,3500,84.60877990722656,0.0
CZA,2022-02-24,86.37000274658203,89.06999969482422,86.37000274658203,89.06999969482422,4400,85.27898406982422,0.0
CZA,2022-02-25,89.75,91.5199966430664,89.63999938964844,91.45999908447266,5100,87.5672607421875,0.0
CZA,2022-02-28,90.66000366210938,91.27999877929688,90.33000183105469,91.27999877929688,2100,87.39492797851562,0.0
CZA,2022-03-01,91.45999908447266,91.5999984741211,90.11000061035156,90.11000061035156,4300,86.27471923828125,0.0
CZA,2022-03-02,90.91000366210938,92.0999984741211,90.91000366210938,91.87999725341797,15100,87.96939086914062,0.0
CZA,2022-03-03,92.41000366210938,92.41999816894531,91.70999908447266,91.94999694824219,10400,88.03640747070312,0.0
CZA,2022-03-04,91.30000305175781,91.5999984741211,90.62999725341797,91.5999984741211,3200,87.70130157470703,0.0
CZA,2022-03-07,91.5,91.5,89.43000030517578,89.66000366210938,9500,85.84387969970703,0.0
CZA,2022-03-08,89.48999786376953,90.13999938964844,89.05999755859375,89.05999755859375,7300,85.26941680908203,0.0
CZA,2022-03-09,90.4000015258789,91.05999755859375,90.13999938964844,90.55000305175781,5100,86.69599914550781,0.0
CZA,2022-03-10,90.08999633789062,90.80999755859375,90.02999877929688,90.80000305175781,4700,86.93534851074219,0.0
CZA,2022-03-11,90.80999755859375,91.3499984741211,89.97000122070312,89.98999786376953,2900,86.15982818603516,0.0
CZA,2022-03-14,90.0,90.38999938964844,89.08999633789062,89.37000274658203,3200,85.56622314453125,0.0
CZA,2022-03-15,90.20999908447266,90.55999755859375,89.75,90.55999755859375,3900,86.70556640625,0.0
CZA,2022-03-16,91.72000122070312,92.25,90.81999969482422,92.23999786376953,5500,88.3140640258789,0.0
CZA,2022-03-17,92.18000030517578,93.44999694824219,92.0999984741211,93.37000274658203,6500,89.3959732055664,0.0
CZA,2022-03-18,92.81999969482422,93.9800033569336,92.81999969482422,93.9800033569336,3200,89.98001098632812,0.0
CZA,2022-03-21,94.2300033569336,95.0,93.80000305175781,94.30000305175781,10000,90.28638458251953,0.0
CZA,2022-03-22,94.44999694824219,94.87000274658203,94.44999694824219,94.4800033569336,5900,90.45873260498047,0.0
CZA,2022-03-23,94.58000183105469,94.58000183105469,93.76000213623047,93.76000213623047,6900,89.76937103271484,0.0
CZA,2022-03-24,93.58999633789062,94.72000122070312,93.58999633789062,94.5199966430664,11000,90.49701690673828,0.0
CZA,2022-03-25,94.66000366210938,95.27999877929688,94.52999877929688,95.27999877929688,4500,91.22467803955078,0.0
CZA,2022-03-28,94.95999908447266,95.19000244140625,94.72000122070312,95.19000244140625,2500,91.13851165771484,0.0
CZA,2022-03-29,95.37000274658203,96.31999969482422,95.37000274658203,96.19999694824219,7000,92.10552215576172,0.0
CZA,2022-03-30,96.48999786376953,96.48999786376953,95.66000366210938,95.83999633789062,13600,91.7608413696289,0.0
CZA,2022-03-31,96.41000366210938,96.41000366210938,95.06999969482422,95.06999969482422,2300,91.02360534667969,0.0
CZA,2022-04-01,95.63999938964844,95.63999938964844,94.7699966430664,95.37000274658203,2500,91.31084442138672,0.0
CZA,2022-04-04,95.2699966430664,95.83999633789062,94.94000244140625,95.31999969482422,6700,91.26296997070312,0.0
CZA,2022-04-05,95.61000061035156,95.70999908447266,94.7699966430664,94.7699966430664,4300,90.73638153076172,0.0
CZA,2022-04-06,93.76000213623047,94.37000274658203,93.76000213623047,94.30999755859375,3400,90.29595947265625,0.0
CZA,2022-04-07,94.02999877929688,94.51000213623047,93.48999786376953,94.25,8200,90.23851013183594,0.0
CZA,2022-04-08,94.58000183105469,94.91000366210938,94.2300033569336,94.38999938964844,3100,90.37255859375,0.0
CZA,2022-04-11,93.83000183105469,94.47000122070312,93.69000244140625,93.69999694824219,5800,89.7119140625,0.0
CZA,2022-04-12,94.4800033569336,94.73999786376953,93.44000244140625,93.5999984741211,3300,89.61617279052734,0.0
CZA,2022-04-13,93.8499984741211,94.2300033569336,93.5999984741211,94.16000366210938,2100,90.15234375,0.0
CZA,2022-04-14,94.86000061035156,94.86000061035156,93.62000274658203,93.62000274658203,1200,89.63533020019531,0.0
CZA,2022-04-18,93.75,93.77999877929688,92.87999725341797,93.16000366210938,5100,89.19491577148438,0.0
CZA,2022-04-19,92.93000030517578,94.7300033569336,92.93000030517578,94.66999816894531,1800,90.64064025878906,0.0
CZA,2022-04-20,96.88999938964844,96.88999938964844,95.36000061035156,96.1500015258789,4400,92.05765533447266,0.0
CZA,2022-04-21,97.05000305175781,97.05000305175781,94.97000122070312,95.13999938964844,5400,91.09063720703125,0.0
CZA,2022-04-22,94.66999816894531,94.66999816894531,92.68000030517578,92.68000030517578,1900,88.73534393310547,0.0
CZA,2022-04-25,92.08000183105469,92.66000366210938,90.76000213623047,92.51000213623047,19500,88.57257843017578,0.0
CZA,2022-04-26,92.33000183105469,92.33000183105469,90.72000122070312,90.72000122070312,7700,86.8587646484375,0.0
CZA,2022-04-27,91.18000030517578,91.83000183105469,90.88999938964844,90.91000366210938,3300,87.0406723022461,0.0
CZA,2022-04-28,91.73999786376953,92.37000274658203,90.86000061035156,92.20999908447266,2400,88.28533935546875,0.0
CZA,2022-04-29,92.06999969482422,92.08999633789062,89.97000122070312,89.97000122070312,2300,86.14068603515625,0.0
CZA,2022-05-02,90.87000274658203,90.87000274658203,88.08999633789062,89.51000213623047,3900,85.70025634765625,0.0
CZA,2022-05-03,90.06999969482422,90.9000015258789,90.06999969482422,90.4000015258789,5000,86.55238342285156,0.0
CZA,2022-05-04,90.76000213623047,92.73999786376953,90.41999816894531,92.56999969482422,20600,88.63002014160156,0.0
CZA,2022-05-05,91.61000061035156,91.61000061035156,89.56999969482422,89.88999938964844,4600,86.0640869140625,0.0
CZA,2022-05-06,89.33000183105469,89.3499984741211,88.08000183105469,89.06999969482422,2000,85.27898406982422,0.0
CZA,2022-05-09,87.76000213623047,88.47000122070312,86.88999938964844,87.08000183105469,5100,83.37368774414062,0.0
CZA,2022-05-10,88.05999755859375,88.06999969482422,85.81999969482422,86.5999984741211,6900,82.91412353515625,0.0
CZA,2022-05-11,86.68000030517578,87.29000091552734,85.9000015258789,85.93000030517578,3200,82.27262878417969,0.0
CZA,2022-05-12,85.76000213623047,86.25,85.18000030517578,86.2300033569336,2900,82.55986785888672,0.0
CZA,2022-05-13,86.91000366210938,88.19999694824219,86.91000366210938,87.87999725341797,6500,84.13963317871094,0.0
CZA,2022-05-16,88.0,88.43000030517578,87.72000122070312,87.9800033569336,4000,84.23538208007812,0.0
CZA,2022-05-17,88.91999816894531,89.81999969482422,88.91999816894531,89.81999969482422,9700,85.99706268310547,0.0
CZA,2022-05-18,88.91000366210938,89.13999938964844,87.08999633789062,87.08999633789062,3800,83.38325500488281,0.0
CZA,2022-05-19,86.5,87.5199966430664,86.48999786376953,87.23999786376953,2300,83.52687072753906,0.0
CZA,2022-05-20,88.19999694824219,88.19999694824219,85.93000030517578,87.33999633789062,6900,83.62261962890625,0.0
CZA,2022-05-23,87.69999694824219,88.80000305175781,87.69000244140625,88.08999633789062,5600,84.34069061279297,0.0
CZA,2022-05-24,86.5999984741211,88.38999938964844,86.33999633789062,88.05999755859375,5800,84.31196594238281,0.0
CZA,2022-05-25,88.2300033569336,88.4000015258789,87.5999984741211,88.31999969482422,4000,84.56090545654297,0.0
CZA,2022-05-26,89.70999908447266,90.0199966430664,89.69999694824219,89.69999694824219,1800,85.88216400146484,0.0
CZA,2022-05-27,91.45999908447266,91.58000183105469,90.5199966430664,91.58000183105469,6900,87.68215942382812,0.0
CZA,2022-05-31,90.80999755859375,91.27999877929688,90.62000274658203,90.7699966430664,4200,86.90663146972656,0.0
CZA,2022-06-01,91.02999877929688,91.02999877929688,89.20999908447266,90.13999938964844,9900,86.3034439086914,0.0
CZA,2022-06-02,90.33000183105469,92.26000213623047,90.30000305175781,92.26000213623047,98500,88.33321380615234,0.0
CZA,2022-06-03,91.11000061035156,91.36000061035156,90.77999877929688,91.04000091552734,8700,87.1651382446289,0.0
CZA,2022-06-06,91.83000183105469,91.83000183105469,91.31999969482422,91.36000061035156,4600,87.47151947021484,0.0
CZA,2022-06-07,90.37000274658203,92.26000213623047,90.37000274658203,91.87999725341797,10600,87.96939086914062,0.0
CZA,2022-06-08,91.4800033569336,91.91000366210938,90.45999908447266,90.63999938964844,12900,86.78216552734375,0.0
CZA,2022-06-09,90.43000030517578,90.66000366210938,88.9000015258789,88.93000030517578,5500,85.14495086669922,0.0
CZA,2022-06-10,88.25,88.25,86.73999786376953,86.94999694824219,8500,83.24921417236328,0.0
CZA,2022-06-13,85.62000274658203,85.62000274658203,83.20999908447266,83.20999908447266,5900,79.66840362548828,0.0
CZA,2022-06-14,83.4000015258789,83.4000015258789,82.13999938964844,82.91999816894531,2300,79.39073944091797,0.0
CZA,2022-06-15,83.68000030517578,84.51000213623047,82.54000091552734,83.75,19100,80.1854248046875,0.0
CZA,2022-06-16,81.13999938964844,81.13999938964844,80.36000061035156,80.36000061035156,2300,76.93970489501953,0.0
CZA,2022-06-17,80.38999938964844,80.91000366210938,80.0,80.30000305175781,2400,76.88226318359375,0.0
CZA,2022-06-21,81.83999633789062,82.1500015258789,81.83999633789062,82.05999755859375,3400,78.56735229492188,0.0
CZA,2022-06-22,81.30000305175781,82.51000213623047,81.30000305175781,82.19000244140625,3300,78.69181823730469,0.0
CZA,2022-06-23,82.52999877929688,83.11000061035156,81.97000122070312,82.6500015258789,12900,79.13223266601562,0.0
CZA,2022-06-24,82.87999725341797,85.31999969482422,82.87999725341797,85.30999755859375,8100,81.67901611328125,0.0
CZA,2022-06-27,85.11000061035156,85.91999816894531,85.11000061035156,85.54000091552734,4700,81.89922332763672,0.0
CZA,2022-06-28,85.0,85.0,84.41999816894531,84.43000030517578,6500,80.83647155761719,0.0
CZA,2022-06-29,84.75,84.75,83.6500015258789,84.06999969482422,7600,80.49179077148438,0.0
CZA,2022-06-30,82.73999786376953,84.37000274658203,82.73999786376953,83.86000061035156,7000,80.29073333740234,0.0
CZA,2022-07-01,84.81999969482422,85.12999725341797,83.87000274658203,84.98999786376953,12100,81.37264251708984,0.0
CZA,2022-07-05,84.33999633789062,84.33999633789062,82.77999877929688,83.69999694824219,69700,80.1375503540039,0.0
CZA,2022-07-06,83.94000244140625,84.66000366210938,83.66999816894531,84.66000366210938,2100,81.05669403076172,0.0
CZA,2022-07-07,84.3499984741211,85.4000015258789,84.3499984741211,85.38999938964844,4800,81.755615234375,0.0
CZA,2022-07-08,85.70999908447266,85.70999908447266,84.97000122070312,85.01000213623047,2400,81.39179229736328,0.0
CZA,2022-07-11,84.5,84.5,84.27999877929688,84.33000183105469,1100,80.74073791503906,0.0
CZA,2022-07-12,85.0999984741211,85.11000061035156,83.94999694824219,84.0999984741211,4800,80.52051544189453,0.0
CZA,2022-07-13,82.72000122070312,83.7699966430664,82.72000122070312,83.5999984741211,5100,80.04180145263672,0.0
CZA,2022-07-14,82.01000213623047,82.7699966430664,81.91999816894531,82.7699966430664,7700,79.24712371826172,0.0
CZA,2022-07-15,83.12000274658203,84.05000305175781,83.12000274658203,84.0,7300,80.42477416992188,0.0
CZA,2022-07-18,84.51000213623047,84.51000213623047,83.41999816894531,83.52999877929688,1300,79.97478485107422,0.0
CZA,2022-07-19,85.66000366210938,85.8499984741211,85.22000122070312,85.8499984741211,5400,82.19603729248047,0.0
CZA,2022-07-20,85.77999877929688,86.22000122070312,85.77999877929688,86.08999633789062,4900,82.42581939697266,0.0
CZA,2022-07-21,86.5,86.80000305175781,85.75,86.79000091552734,12600,83.09603118896484,0.0
CZA,2022-07-22,87.2300033569336,87.2300033569336,86.0999984741211,86.45999908447266,4800,82.78007507324219,0.0
CZA,2022-07-25,86.16000366210938,87.20999908447266,86.16000366210938,87.1500015258789,2900,83.44071197509766,0.0
CZA,2022-07-26,87.01000213623047,87.06999969482422,86.75,86.91000366210938,2500,83.21092224121094,0.0
CZA,2022-07-27,87.05999755859375,88.0,86.98999786376953,87.97000122070312,4100,84.22581481933594,0.0
CZA,2022-07-28,87.62000274658203,89.27999877929688,87.62000274658203,89.27999877929688,2700,85.48004913330078,0.0
CZA,2022-07-29,90.38999938964844,90.5999984741211,89.58999633789062,90.37000274658203,3600,86.5236587524414,0.0
CZA,2022-08-01,90.4000015258789,90.4000015258789,89.62000274658203,89.88999938964844,4200,86.0640869140625,0.0
CZA,2022-08-02,90.0,90.2699966430664,89.3499984741211,89.3499984741211,8400,85.54707336425781,0.0
CZA,2022-08-03,89.13999938964844,90.1500015258789,89.13999938964844,90.06999969482422,5800,86.2364273071289,0.0
CZA,2022-08-04,90.41000366210938,91.04000091552734,89.9800033569336,89.9800033569336,5600,86.15025329589844,0.0
CZA,2022-08-05,89.54000091552734,90.0999984741211,89.43000030517578,90.0999984741211,4700,86.26514434814453,0.0
CZA,2022-08-08,90.04000091552734,90.91999816894531,90.04000091552734,90.3499984741211,6800,86.50450897216797,0.0
CZA,2022-08-09,89.69999694824219,90.22000122070312,89.69999694824219,89.94999694824219,2500,86.12152862548828,0.0
CZA,2022-08-10,91.54000091552734,91.93000030517578,91.54000091552734,91.9000015258789,2900,87.98854064941406,0.0
CZA,2022-08-11,92.97000122070312,93.27999877929688,92.43000030517578,92.45999908447266,2900,88.52470397949219,0.0
CZA,2022-08-12,93.16999816894531,93.95999908447266,93.06999969482422,93.94999694824219,12200,89.95127868652344,0.0
CZA,2022-08-15,93.88999938964844,94.36000061035156,93.72000122070312,94.27999877929688,5500,90.2672348022461,0.0
CZA,2022-08-16,94.19999694824219,95.0,94.19999694824219,94.70999908447266,2100,90.6789321899414,0.0
CZA,2022-08-17,93.62000274658203,94.25,93.54000091552734,94.04000091552734,3200,90.0374526977539,0.0
CZA,2022-08-18,93.76000213623047,94.55999755859375,93.76000213623047,94.26000213623047,10900,90.24809265136719,0.0
CZA,2022-08-19,93.61000061035156,93.61000061035156,93.26000213623047,93.41000366210938,4100,89.43427276611328,0.0
CZA,2022-08-22,91.9800033569336,91.9800033569336,91.43000030517578,91.44000244140625,3400,87.5481185913086,0.0
CZA,2022-08-23,91.48999786376953,91.48999786376953,91.23999786376953,91.33999633789062,1200,87.4523696899414,0.0
CZA,2022-08-24,91.58999633789062,91.86000061035156,91.12000274658203,91.86000061035156,7200,87.95024871826172,0.0
CZA,2022-08-25,92.62999725341797,93.27999877929688,92.0999984741211,92.83999633789062,17900,88.8885269165039,0.0
CZA,2022-08-26,92.62000274658203,92.62000274658203,90.16999816894531,90.16999816894531,1200,86.33216857910156,0.0
CZA,2022-08-29,89.91000366210938,90.02999877929688,89.72000122070312,89.72000122070312,3600,85.90132141113281,0.0
CZA,2022-08-30,89.66999816894531,89.66999816894531,88.5,88.5,2800,84.73324584960938,0.0
CZA,2022-08-31,88.3499984741211,88.3499984741211,88.0999984741211,88.0999984741211,900,84.35026550292969,0.0
CZA,2022-09-01,87.38999938964844,88.12999725341797,87.0,88.12999725341797,4700,84.37899017333984,0.0
CZA,2022-09-02,88.93000030517578,89.22000122070312,87.41999816894531,87.45999908447266,6300,83.73751068115234,0.0
CZA,2022-09-06,87.2300033569336,87.62999725341797,87.11000061035156,87.26000213623047,2800,83.54602813720703,0.0
CZA,2022-09-07,87.2699966430664,89.36000061035156,87.2699966430664,89.36000061035156,1400,85.55664825439453,0.0
CZA,2022-09-08,88.44000244140625,89.83000183105469,88.44000244140625,89.80999755859375,1700,85.98748779296875,0.0
CZA,2022-09-09,90.48999786376953,91.2699966430664,90.48999786376953,90.98999786376953,4000,87.11726379394531,0.0
CZA,2022-09-12,92.4800033569336,92.4800033569336,91.66000366210938,91.88999938964844,1800,87.97895812988281,0.0
CZA,2022-09-13,89.87000274658203,89.9800033569336,88.36000061035156,88.91999816894531,16700,85.13536834716797,0.0
CZA,2022-09-14,88.91999816894531,88.91999816894531,87.9000015258789,88.58000183105469,13300,84.8098373413086,0.0
CZA,2022-09-15,88.88999938964844,88.88999938964844,87.75,87.80999755859375,3100,84.07261657714844,0.0
CZA,2022-09-16,86.72000122070312,86.9000015258789,86.08999633789062,86.62999725341797,3000,82.94283294677734,0.0
CZA,2022-09-19,86.80000305175781,87.7300033569336,86.80000305175781,87.70999908447266,5200,83.97687530517578,0.0
CZA,2022-09-20,86.75,86.75,85.86000061035156,86.36000061035156,1900,82.68433380126953,0.0
CZA,2022-09-21,87.04000091552734,87.04000091552734,85.12000274658203,85.12999725341797,1800,81.50667572021484,0.0
CZA,2022-09-22,84.19999694824219,84.25,83.70999908447266,83.97000122070312,8300,80.39605712890625,0.0
CZA,2022-09-23,82.5999984741211,82.5999984741211,81.66999816894531,82.3499984741211,2100,78.84500885009766,0.0
CZA,2022-09-26,82.08999633789062,82.12999725341797,80.91000366210938,81.01000213623047,3500,77.56204223632812,0.0
CZA,2022-09-27,81.38999938964844,81.86000061035156,80.16000366210938,80.58999633789062,2600,77.159912109375,0.0
CZA,2022-09-28,80.95999908447266,82.38999938964844,80.95999908447266,82.38999938964844,4000,78.88330841064453,0.0
CZA,2022-09-29,82.0,82.0,80.36000061035156,80.80000305175781,4900,77.3609848022461,0.0
CZA,2022-09-30,80.80000305175781,81.02999877929688,79.94999694824219,79.95999908447266,2800,76.55672454833984,0.0
CZA,2022-10-03,81.27999877929688,82.63999938964844,80.98999786376953,82.18000030517578,2400,78.68224334716797,0.0
CZA,2022-10-04,84.41999816894531,84.81999969482422,84.41999816894531,84.80999755859375,1000,81.20030212402344,0.0
CZA,2022-10-05,83.94000244140625,84.7300033569336,83.52999877929688,83.8499984741211,4900,80.28115844726562,0.0
CZA,2022-10-06,83.5999984741211,84.08999633789062,82.72000122070312,83.0199966430664,4000,79.48648834228516,0.0
CZA,2022-10-07,82.48999786376953,82.48999786376953,81.05000305175781,81.05000305175781,3300,77.600341796875,0.0
CZA,2022-10-10,81.02999877929688,81.02999877929688,80.56999969482422,80.81999969482422,3400,77.380126953125,0.0
CZA,2022-10-11,80.38999938964844,80.38999938964844,79.91000366210938,80.33000183105469,2100,76.91098022460938,0.0
CZA,2022-10-12,80.18000030517578,80.18000030517578,79.5199966430664,79.5199966430664,1000,76.13545227050781,0.0
CZA,2022-10-13,78.1500015258789,81.69999694824219,78.1500015258789,81.66000366210938,1600,78.18437194824219,0.0
CZA,2022-10-14,81.80000305175781,82.61000061035156,79.93000030517578,79.93000030517578,6900,76.52799987792969,0.0
CZA,2022-10-17,82.0,82.0,81.83000183105469,81.93000030517578,3500,78.44287872314453,0.0
CZA,2022-10-18,83.23999786376953,83.23999786376953,82.83999633789062,82.9800033569336,1700,79.44819641113281,0.0
CZA,2022-10-19,82.55000305175781,82.55000305175781,81.3499984741211,81.77999877929688,8700,78.29926300048828,0.0
CZA,2022-10-20,81.12999725341797,81.12999725341797,80.08999633789062,80.41000366210938,3000,76.98757934570312,0.0
CZA,2022-10-21,80.51000213623047,82.23999786376953,80.51000213623047,82.23999786376953,4900,78.73968505859375,0.0
CZA,2022-10-24,82.63999938964844,82.9000015258789,82.55000305175781,82.83000183105469,3700,79.30457305908203,0.0
CZA,2022-10-25,83.0,84.44000244140625,83.0,84.38999938964844,3100,80.79817199707031,0.0
CZA,2022-10-26,84.70999908447266,85.19999694824219,84.4000015258789,84.5,6000,80.90349578857422,0.0
CZA,2022-10-27,85.4000015258789,85.69000244140625,84.94000244140625,84.94000244140625,12200,81.32476806640625,0.0
CZA,2022-10-28,85.37999725341797,86.93000030517578,85.37999725341797,86.88999938964844,2200,83.1917724609375,0.0
CZA,2022-10-31,86.6500015258789,86.87999725341797,86.56999969482422,86.69999694824219,2700,83.00984954833984,0.0
CZA,2022-11-01,86.7300033569336,86.91999816894531,86.7300033569336,86.91999816894531,1500,83.22048950195312,0.0
CZA,2022-11-02,87.13999938964844,87.56999969482422,85.29000091552734,85.29000091552734,4500,81.65987396240234,0.0
CZA,2022-11-03,84.01000213623047,85.68000030517578,84.01000213623047,85.22000122070312,2300,81.59284973144531,0.0
CZA,2022-11-04,85.94000244140625,86.61000061035156,85.58999633789062,86.61000061035156,2100,82.9236831665039,0.0
CZA,2022-11-07,86.81999969482422,87.1500015258789,86.47000122070312,87.06999969482422,2900,83.3641128540039,0.0
CZA,2022-11-08,87.62000274658203,88.12999725341797,87.16999816894531,87.43000030517578,3300,83.70878601074219,0.0
CZA,2022-11-09,86.62999725341797,86.86000061035156,86.23999786376953,86.23999786376953,1600,82.5694351196289,0.0
CZA,2022-11-10,89.52999877929688,90.51000213623047,89.52999877929688,90.51000213623047,8000,86.65769958496094,0.0
CZA,2022-11-11,91.05999755859375,91.20999908447266,90.5199966430664,90.80999755859375,2400,86.9449234008789,0.0
CZA,2022-11-14,90.58999633789062,91.25,89.7300033569336,89.7300033569336,2900,85.91089630126953,0.0
CZA,2022-11-15,91.0,91.2300033569336,90.36000061035156,90.62999725341797,4900,86.77259063720703,0.0
CZA,2022-11-16,90.16999816894531,90.43000030517578,90.02999877929688,90.19999694824219,5100,86.36088562011719,0.0
CZA,2022-11-17,88.83000183105469,89.44999694824219,88.69999694824219,89.2699966430664,5400,85.47047424316406,0.0
CZA,2022-11-18,90.18000030517578,90.44000244140625,89.63999938964844,90.29000091552734,2200,86.44706726074219,0.0
CZA,2022-11-21,90.41000366210938,90.41000366210938,90.08000183105469,90.25,4400,86.40876007080078,0.0
CZA,2022-11-22,90.41000366210938,91.13999938964844,90.41000366210938,91.13999938964844,3300,87.26087951660156,0.0
CZA,2022-11-23,91.56999969482422,91.76000213623047,91.2300033569336,91.62000274658203,4100,87.72045135498047,0.0
CZA,2022-11-25,92.05000305175781,92.05000305175781,92.05000305175781,92.05000305175781,300,88.13216400146484,0.0
CZA,2022-11-28,91.94999694824219,91.94999694824219,90.37999725341797,90.4800033569336,3900,86.62898254394531,0.0
CZA,2022-11-29,90.7300033569336,91.38999938964844,90.55999755859375,90.83999633789062,2000,86.97364807128906,0.0
CZA,2022-11-30,91.55999755859375,93.06999969482422,90.30000305175781,93.06999969482422,10200,89.10873413085938,0.0
CZA,2022-12-01,93.7300033569336,93.7300033569336,92.9800033569336,93.19000244140625,1200,89.2236328125,0.0
CZA,2022-12-02,92.5199966430664,93.04000091552734,92.51000213623047,92.80999755859375,2900,88.85980224609375,0.0
CZA,2022-12-05,92.26000213623047,92.26000213623047,91.51000213623047,91.5999984741211,1800,87.70130157470703,0.0
CZA,2022-12-06,90.69000244140625,90.9800033569336,90.58999633789062,90.9800033569336,800,87.10769653320312,0.0
CZA,2022-12-07,92.0,92.0,90.91000366210938,90.91000366210938,3800,87.0406723022461,0.0
CZA,2022-12-08,91.69000244140625,91.69000244140625,91.33000183105469,91.38999938964844,1800,87.500244140625,0.0
CZA,2022-12-09,91.68000030517578,91.76000213623047,91.11000061035156,91.11000061035156,1900,87.23216247558594,0.0
CZA,2022-12-12,90.81999969482422,92.08999633789062,90.81999969482422,92.08999633789062,3900,88.17044830322266,0.0
CZA,2022-12-13,94.83999633789062,94.83999633789062,92.01000213623047,92.55000305175781,1800,88.61087036132812,0.0
CZA,2022-12-14,92.81999969482422,92.93000030517578,91.91000366210938,91.91000366210938,2700,87.99811553955078,0.0
CZA,2022-12-15,90.87000274658203,90.87000274658203,89.79000091552734,90.0999984741211,7600,86.26514434814453,0.0
CZA,2022-12-16,89.44000244140625,89.5,88.66000366210938,89.33999633789062,3500,85.5374984741211,0.0
CZA,2022-12-19,88.33999633789062,88.33999633789062,87.12999725341797,87.12999725341797,2200,84.86445617675781,1.519
CZA,2022-12-20,87.4800033569336,87.86000061035156,87.02999877929688,87.62999725341797,6000,85.35145568847656,0.0
CZA,2022-12-21,88.93000030517578,89.19000244140625,88.36000061035156,88.94000244140625,10700,86.62740325927734,0.0
CZA,2022-12-22,88.01000213623047,88.08000183105469,86.95999908447266,88.08000183105469,2800,85.78976440429688,0.0
CZA,2022-12-23,88.6500015258789,88.91000366210938,88.08000183105469,88.79000091552734,8600,86.4813003540039,0.0
CZA,2022-12-27,88.68000030517578,89.16000366210938,88.62999725341797,89.06999969482422,5100,86.75401306152344,0.0
CZA,2022-12-28,90.48999786376953,90.48999786376953,87.94000244140625,88.04000091552734,10600,85.75080108642578,0.0
CZA,2022-12-29,88.55999755859375,89.55000305175781,88.55999755859375,89.33999633789062,3600,87.01699829101562,0.0
CZA,2022-12-30,90.41000366210938,90.41000366210938,88.2699966430664,88.88999938964844,4900,86.57869720458984,0.0
CZA,2023-01-03,88.7300033569336,89.08999633789062,88.16000366210938,88.77999877929688,6500,86.4715576171875,0.0
CZA,2023-01-04,88.83000183105469,90.44000244140625,88.83000183105469,89.91999816894531,3200,87.5819091796875,0.0
CZA,2023-01-05,88.7300033569336,88.94000244140625,88.58000183105469,88.58000183105469,3700,86.2767562866211,0.0
CZA,2023-01-06,89.2699966430664,90.88999938964844,89.2699966430664,90.72000122070312,2100,88.36111450195312,0.0
CZA,2023-01-09,90.48999786376953,91.69000244140625,90.48999786376953,90.73999786376953,4100,88.3805923461914,0.0
CZA,2023-01-10,90.18000030517578,91.16000366210938,90.18000030517578,91.13999938964844,3100,88.77019500732422,0.0
CZA,2023-01-11,92.20999908447266,92.20999908447266,91.5,92.11000061035156,5600,89.71497344970703,0.0
CZA,2023-01-12,91.77999877929688,92.87000274658203,91.77999877929688,92.44000244140625,15400,90.03639221191406,0.0
CZA,2023-01-13,91.44999694824219,92.63999938964844,91.44999694824219,92.5999984741211,5500,90.19223022460938,0.0
CZA,2023-01-17,92.2699966430664,93.0199966430664,92.2699966430664,92.47000122070312,1800,90.06561279296875,0.0
CZA,2023-01-18,93.5,93.5,91.22000122070312,91.22000122070312,6600,88.84811401367188,0.0
CZA,2023-01-19,90.16000366210938,90.93000030517578,90.16000366210938,90.63999938964844,5600,88.28319549560547,0.0
CZA,2023-01-20,90.44000244140625,91.70999908447266,90.44000244140625,91.70999908447266,1300,89.32537078857422,0.0
CZA,2023-01-23,90.9800033569336,92.66999816894531,90.9800033569336,92.33999633789062,4800,89.9389877319336,0.0
CZA,2023-01-24,92.7699966430664,92.94999694824219,92.3499984741211,92.41999816894531,1400,90.01691436767578,0.0
CZA,2023-01-25,91.94999694824219,92.52999877929688,91.51000213623047,92.5,9200,90.09483337402344,0.0
CZA,2023-01-26,92.18000030517578,93.1500015258789,92.18000030517578,93.1500015258789,37000,90.7279281616211,0.0
CZA,2023-01-27,92.12000274658203,93.3499984741211,92.12000274658203,93.0,6300,90.58183288574219,0.0
CZA,2023-01-30,91.81999969482422,93.05999755859375,91.81999969482422,92.2300033569336,29800,89.83185577392578,0.0
CZA,2023-01-31,92.76000213623047,93.73999786376953,92.76000213623047,93.73999786376953,3500,91.3025894165039,0.0
CZA,2023-02-01,93.61000061035156,94.70999908447266,93.41000366210938,94.47000122070312,2900,92.01361083984375,0.0
CZA,2023-02-02,95.5999984741211,95.5999984741211,94.62000274658203,95.11000061035156,4400,92.63697052001953,0.0
CZA,2023-02-03,94.5999984741211,94.76000213623047,94.16000366210938,94.37999725341797,40900,91.92594146728516,0.0
CZA,2023-02-06,93.70999908447266,93.70999908447266,93.4800033569336,93.62000274658203,2400,91.18571472167969,0.0
CZA,2023-02-07,92.7300033569336,94.3499984741211,92.7300033569336,94.26000213623047,3000,91.80907440185547,0.0
CZA,2023-02-08,93.93000030517578,93.95999908447266,93.4800033569336,93.54000091552734,3200,91.1077880859375,0.0
CZA,2023-02-09,93.91000366210938,93.98999786376953,92.77999877929688,92.81999969482422,22300,90.40650939941406,0.0
CZA,2023-02-10,93.27999877929688,93.27999877929688,92.7300033569336,93.1500015258789,3100,90.7279281616211,0.0
CZA,2023-02-13,93.44000244140625,94.12999725341797,93.44000244140625,94.0999984741211,6900,91.65322875976562,0.0
CZA,2023-02-14,94.41999816894531,94.41999816894531,93.41999816894531,93.87999725341797,3000,91.43894958496094,0.0
CZA,2023-02-15,92.94999694824219,94.43000030517578,92.94999694824219,94.43000030517578,5700,91.97465515136719,0.0
CZA,2023-02-16,94.36000061035156,94.70999908447266,93.77999877929688,94.0199966430664,7600,91.57530975341797,0.0
CZA,2023-02-17,94.0,94.38999938964844,93.88999938964844,94.3499984741211,2500,91.896728515625,0.0
CZA,2023-02-21,93.0,93.0,92.05000305175781,92.05999755859375,3300,89.66626739501953,0.0
CZA,2023-02-22,92.4800033569336,92.80000305175781,92.12999725341797,92.19000244140625,2700,89.79289245605469,0.0
CZA,2023-02-23,92.22000122070312,92.41999816894531,91.83000183105469,92.41000366210938,8400,90.00717163085938,0.0
CZA,2023-02-24,90.91000366210938,91.98999786376953,90.91000366210938,91.9800033569336,5900,89.5883560180664,0.0
CZA,2023-02-27,92.97000122070312,92.97000122070312,91.73999786376953,91.88999938964844,5600,89.50068664550781,0.0
CZA,2023-02-28,92.1500015258789,92.1500015258789,91.91000366210938,91.91000366210938,1000,89.52017974853516,0.0
CZA,2023-03-01,91.72000122070312,91.72000122070312,91.41000366210938,91.51000213623047,1300,89.13057708740234,0.0
CZA,2023-03-02,91.16000366210938,92.06999969482422,91.16000366210938,92.01000213623047,10100,89.6175765991211,0.0
CZA,2023-03-03,91.91999816894531,93.06999969482422,91.91999816894531,93.05999755859375,1900,90.64027404785156,0.0
CZA,2023-03-06,93.12999725341797,93.12999725341797,92.37000274658203,92.5,3900,90.09483337402344,0.0
CZA,2023-03-07,92.18000030517578,92.33999633789062,90.79000091552734,90.91999816894531,5900,88.55591583251953,0.0
CZA,2023-03-08,91.06999969482422,91.0999984741211,90.58000183105469,90.94999694824219,3800,88.58513641357422,0.0
CZA,2023-03-09,90.66999816894531,90.66999816894531,88.73999786376953,88.73999786376953,1100,86.43260192871094,0.0
CZA,2023-03-10,88.47000122070312,89.25,85.22000122070312,86.18000030517578,32800,83.93916320800781,0.0
CZA,2023-03-13,84.66000366210938,90.05000305175781,77.58999633789062,84.30999755859375,28400,82.11778259277344,0.0
CZA,2023-03-14,86.0,86.66000366210938,85.26000213623047,85.76000213623047,16400,83.53008270263672,0.0
CZA,2023-03-15,84.06999969482422,84.16000366210938,83.26000213623047,84.11000061035156,4400,81.92298889160156,0.0
CZA,2023-03-16,82.81999969482422,85.33000183105469,82.81999969482422,85.0,2200,82.78984832763672,0.0
CZA,2023-03-17,84.05000305175781,84.05000305175781,83.16999816894531,83.30999755859375,1700,81.14379119873047,0.0
CZA,2023-03-20,84.76000213623047,84.76000213623047,84.2699966430664,84.48999786376953,1900,82.29310607910156,0.0
CZA,2023-03-21,84.81999969482422,85.45999908447266,84.81999969482422,85.45999908447266,4400,83.23788452148438,0.0
CZA,2023-03-22,84.76000213623047,85.41000366210938,83.48999786376953,83.48999786376953,1800,81.31910705566406,0.0
CZA,2023-03-23,84.23999786376953,84.23999786376953,82.73999786376953,82.73999786376953,3100,80.58860778808594,0.0
CZA,2023-03-24,81.88999938964844,83.43000030517578,81.88999938964844,83.43000030517578,3200,81.26067352294922,0.0
CZA,2023-03-27,84.0999984741211,84.83000183105469,84.0999984741211,84.44000244140625,3200,82.24441528320312,0.0
CZA,2023-03-28,83.81999969482422,84.87000274658203,83.81999969482422,84.61000061035156,7500,82.40998077392578,0.0
CZA,2023-03-29,85.58000183105469,85.86000061035156,85.41000366210938,85.86000061035156,5200,83.62748718261719,0.0
CZA,2023-03-30,86.88999938964844,86.88999938964844,86.04000091552734,86.12999725341797,2600,83.89046478271484,0.0
CZA,2023-03-31,87.2699966430664,87.30000305175781,86.7699966430664,87.30000305175781,7700,85.03004455566406,0.0
CZA,2023-04-03,87.54000091552734,87.54000091552734,86.97000122070312,87.18000030517578,3600,84.91316986083984,0.0
CZA,2023-04-04,86.72000122070312,86.72000122070312,85.47000122070312,85.47000122070312,3600,83.24762725830078,0.0
CZA,2023-04-05,85.05000305175781,86.25,85.05000305175781,86.04000091552734,2900,83.80280303955078,0.0
CZA,2023-04-06,85.52999877929688,85.80000305175781,85.5,85.80000305175781,4000,83.56904602050781,0.0
CZA,2023-04-10,84.69999694824219,86.12999725341797,84.69999694824219,86.12999725341797,2800,83.89046478271484,0.0
CZA,2023-04-11,86.70999908447266,87.0,86.62999725341797,86.7300033569336,3500,84.47486877441406,0.0
CZA,2023-04-12,87.16999816894531,87.16999816894531,86.47000122070312,86.48999786376953,2800,84.24110412597656,0.0
CZA,2023-04-13,86.23999786376953,87.08000183105469,86.23999786376953,86.93000030517578,4300,84.66966247558594,0.0
CZA,2023-04-14,86.80000305175781,86.83000183105469,86.41999816894531,86.58999633789062,1600,84.3385009765625,0.0
CZA,2023-04-17,86.62999725341797,87.08999633789062,86.43000030517578,87.08999633789062,2800,84.82550048828125,0.0
CZA,2023-04-18,86.98999786376953,87.16000366210938,86.9800033569336,87.16000366210938,6300,84.89368438720703,0.0
CZA,2023-04-19,87.29000091552734,87.29000091552734,86.7300033569336,87.18000030517578,3700,84.91316986083984,0.0
CZA,2023-04-20,86.77999877929688,87.02999877929688,86.69000244140625,86.86000061035156,2700,84.60147857666016,0.0
CZA,2023-04-21,86.63999938964844,86.7300033569336,86.23999786376953,86.7300033569336,6400,84.47486877441406,0.0
CZA,2023-04-24,86.91999816894531,86.91999816894531,86.5,86.73999786376953,4500,84.48460388183594,0.0
CZA,2023-04-25,86.6500015258789,86.6500015258789,85.55999755859375,85.55999755859375,3800,83.33528900146484,0.0
CZA,2023-04-26,85.43000030517578,85.43000030517578,84.45999908447266,84.5199966430664,4100,82.32232666015625,0.0
CZA,2023-04-27,85.44999694824219,85.70999908447266,85.44999694824219,85.70999908447266,3100,83.48138427734375,0.0
CZA,2023-04-28,85.20999908447266,86.45999908447266,85.20999908447266,86.45999908447266,1700,84.21188354492188,0.0
CZA,2023-05-01,86.12999725341797,86.94999694824219,86.12999725341797,86.56999969482422,3100,84.31902313232422,0.0
CZA,2023-05-02,85.56999969482422,85.62000274658203,84.58000183105469,85.27999877929688,3000,83.06256866455078,0.0
CZA,2023-05-03,85.66000366210938,86.06999969482422,85.0199966430664,85.0199966430664,2200,82.80931854248047,0.0
CZA,2023-05-04,84.6500015258789,84.94999694824219,84.47000122070312,84.58999633789062,2500,82.3905029296875,0.0
CZA,2023-05-05,85.9800033569336,86.02999877929688,85.97000122070312,85.9800033569336,2100,83.7443618774414,0.0
CZA,2023-05-08,85.4000015258789,86.38999938964844,84.27999877929688,85.80999755859375,8900,83.57878875732422,0.0
CZA,2023-05-09,84.61000061035156,85.86000061035156,84.61000061035156,85.1500015258789,3100,82.93595123291016,0.0
CZA,2023-05-10,85.08999633789062,85.38999938964844,85.08999633789062,85.2699966430664,2200,83.05281829833984,0.0
CZA,2023-05-11,84.6500015258789,84.94000244140625,84.6500015258789,84.94000244140625,3900,82.73140716552734,0.0
CZA,2023-05-12,84.76000213623047,84.94000244140625,84.55999755859375,84.94000244140625,2800,82.73140716552734,0.0
CZA,2023-05-15,85.18000030517578,85.26000213623047,84.0999984741211,85.26000213623047,700,83.0430908203125,0.0
CZA,2023-05-16,84.26000213623047,84.37999725341797,84.08000183105469,84.08000183105469,2300,81.89376831054688,0.0
CZA,2023-05-17,84.6500015258789,85.27999877929688,84.27999877929688,84.83000183105469,4400,82.624267578125,0.0
CZA,2023-05-18,85.0199966430664,85.2699966430664,79.05999755859375,85.2699966430664,2000,83.05281829833984,0.0
CZA,2023-05-19,85.08000183105469,85.66000366210938,84.87999725341797,85.0999984741211,6600,82.88724517822266,0.0
CZA,2023-05-22,85.38999938964844,85.4800033569336,85.08999633789062,85.3499984741211,2600,83.13074493408203,0.0
CZA,2023-05-23,85.27999877929688,85.27999877929688,84.5999984741211,84.5999984741211,1700,82.4002456665039,0.0
CZA,2023-05-24,83.58000183105469,83.6500015258789,83.25,83.36000061035156,8800,81.19248962402344,0.0
CZA,2023-05-25,83.51000213623047,83.51000213623047,82.69999694824219,83.0999984741211,10000,80.93925476074219,0.0
CZA,2023-05-26,83.62000274658203,83.83000183105469,83.41999816894531,83.83000183105469,3600,81.6502685546875,0.0
CZA,2023-05-30,83.33000183105469,84.05999755859375,83.33000183105469,83.66000366210938,5700,81.48468780517578,0.0
CZA,2023-05-31,83.38999938964844,83.38999938964844,82.62000274658203,83.12000274658203,4400,80.95873260498047,0.0
CZA,2023-06-01,83.44000244140625,83.7699966430664,82.93000030517578,83.6500015258789,3100,81.4749526977539,0.0
CZA,2023-06-02,84.98999786376953,85.91999816894531,84.98999786376953,85.87999725341797,1700,83.64696502685547,0.0
CZA,2023-06-05,85.6500015258789,85.70999908447266,83.9800033569336,85.5199966430664,1900,83.29631805419922,0.0
CZA,2023-06-06,85.5199966430664,86.3499984741211,85.5199966430664,86.3499984741211,1900,84.10474395751953,0.0
CZA,2023-06-07,85.87999725341797,87.43000030517578,85.87999725341797,87.37999725341797,3200,85.10795593261719,0.0
CZA,2023-06-08,86.87000274658203,87.30999755859375,86.79000091552734,87.22000122070312,5300,84.9521255493164,0.0
CZA,2023-06-09,87.0999984741211,87.30000305175781,86.94999694824219,86.9800033569336,4900,84.71836853027344,0.0
CZA,2023-06-12,86.83999633789062,87.31999969482422,86.83999633789062,87.31999969482422,2700,85.04952239990234,0.0
CZA,2023-06-13,88.0,88.12999725341797,87.87000274658203,88.06999969482422,5000,85.78002166748047,0.0
CZA,2023-06-14,88.58999633789062,88.58999633789062,83.68000030517578,87.8499984741211,11200,85.56574249267578,0.0
CZA,2023-06-15,88.18000030517578,88.81999969482422,87.80999755859375,88.80999755859375,3800,86.50077819824219,0.0
CZA,2023-06-16,89.33999633789062,89.33999633789062,88.76000213623047,88.95999908447266,1700,86.6468734741211,0.0
CZA,2023-06-20,88.33999633789062,88.33999633789062,88.05999755859375,88.08000183105469,1800,85.78976440429688,0.0
CZA,2023-06-21,87.36000061035156,88.12000274658203,87.36000061035156,87.91000366210938,1600,85.62418365478516,0.0
CZA,2023-06-22,87.30000305175781,87.37999725341797,87.30000305175781,87.31999969482422,1000,85.04952239990234,0.0
CZA,2023-06-23,86.7699966430664,86.79000091552734,86.41999816894531,86.41999816894531,800,84.17292022705078,0.0
CZA,2023-06-26,86.08999633789062,87.26000213623047,86.08999633789062,87.11000061035156,5700,84.84498596191406,0.0
CZA,2023-06-27,87.7300033569336,88.16999816894531,87.66999816894531,88.12000274658203,2600,85.82872009277344,0.0
CZA,2023-06-28,87.62000274658203,87.6500015258789,87.44999694824219,87.54000091552734,4800,85.26380157470703,0.0
CZA,2023-06-29,88.04000091552734,88.36000061035156,88.04000091552734,88.36000061035156,3400,86.0624771118164,0.0
CZA,2023-06-30,88.68000030517578,89.25,88.68000030517578,89.25,1000,86.92933654785156,0.0
CZA,2023-07-03,89.2699966430664,89.5,89.2699966430664,89.5,700,87.17284393310547,0.0
CZA,2023-07-05,89.2300033569336,89.2300033569336,88.91999816894531,88.91999816894531,1200,86.60791778564453,0.0
CZA,2023-07-06,87.33999633789062,88.7699966430664,87.33999633789062,88.52999877929688,2200,86.22805786132812,0.0
CZA,2023-07-07,88.66999816894531,89.33000183105469,88.44000244140625,88.7699966430664,21600,86.4618148803711,0.0
CZA,2023-07-10,88.7300033569336,89.19999694824219,88.7300033569336,89.16000366210938,4200,86.84168243408203,0.0
CZA,2023-07-11,89.12999725341797,90.01000213623047,89.12999725341797,90.01000213623047,3600,87.6695785522461,0.0
CZA,2023-07-12,90.6500015258789,90.6500015258789,90.54000091552734,90.54000091552734,400,88.18579864501953,0.0
CZA,2023-07-13,90.55000305175781,91.08000183105469,90.55000305175781,91.08000183105469,2000,88.71175384521484,0.0
CZA,2023-07-14,90.5999984741211,90.5999984741211,90.11000061035156,90.36000061035156,7500,88.0104751586914,0.0
CZA,2023-07-17,90.61000061035156,90.94999694824219,90.48999786376953,90.94999694824219,3400,88.58513641357422,0.0
CZA,2023-07-18,90.68000030517578,91.05000305175781,90.47000122070312,90.98999786376953,8900,88.62409210205078,0.0
CZA,2023-07-19,90.97000122070312,91.66999816894531,90.97000122070312,91.45999908447266,6500,89.08187103271484,0.0
CZA,2023-07-20,91.83999633789062,91.83999633789062,91.4800033569336,91.69999694824219,4200,89.31562805175781,0.0
CZA,2023-07-21,91.9000015258789,92.12000274658203,91.87000274658203,91.94999694824219,5500,89.55912780761719,0.0
CZA,2023-07-24,91.87999725341797,91.9800033569336,91.80999755859375,91.87999725341797,3400,89.49095153808594,0.0
CZA,2023-07-25,91.94000244140625,92.02999877929688,91.81999969482422,91.91000366210938,5000,89.52017974853516,0.0
CZA,2023-07-26,91.61000061035156,92.22000122070312,91.61000061035156,92.13999938964844,3200,89.74419403076172,0.0
CZA,2023-07-27,92.51000213623047,92.51000213623047,90.55000305175781,90.55999755859375,5100,88.20527648925781,0.0
CZA,2023-07-28,91.0999984741211,91.0999984741211,90.43000030517578,90.77999877929688,5400,88.4195556640625,0.0
CZA,2023-07-31,91.02999877929688,91.1500015258789,90.27999877929688,90.8499984741211,6500,88.48773193359375,0.0
CZA,2023-08-01,90.62999725341797,90.75,90.41999816894531,90.7300033569336,4700,88.37085723876953,0.0
CZA,2023-08-02,90.0,90.44000244140625,89.9000015258789,90.22000122070312,2600,87.87411499023438,0.0
CZA,2023-08-03,89.8499984741211,90.01000213623047,89.36000061035156,89.9000015258789,2800,87.56243896484375,0.0
CZA,2023-08-04,89.95999908447266,90.41000366210938,89.5,89.5,2700,87.17284393310547,0.0
CZA,2023-08-07,90.08999633789062,90.19999694824219,90.04000091552734,90.16999816894531,4800,87.8254165649414,0.0
CZA,2023-08-08,88.4800033569336,89.13999938964844,88.4800033569336,89.11000061035156,2200,86.79297637939453,0.0
CZA,2023-08-09,89.26000213623047,89.26000213623047,88.8499984741211,88.88999938964844,2400,86.57869720458984,0.0
CZA,2023-08-10,88.77999877929688,89.70999908447266,88.77999877929688,88.91999816894531,13100,86.60791778564453,0.0
CZA,2023-08-11,88.9000015258789,89.19000244140625,88.8499984741211,89.1500015258789,2100,86.83194732666016,0.0
CZA,2023-08-14,88.19999694824219,89.02999877929688,88.19999694824219,88.9800033569336,6600,86.66636657714844,0.0
CZA,2023-08-15,88.25,88.29000091552734,87.80000305175781,87.8499984741211,8400,85.56574249267578,0.0
CZA,2023-08-16,88.01000213623047,88.01000213623047,87.33999633789062,87.37999725341797,7700,85.10795593261719,0.0
CZA,2023-08-17,87.27999877929688,87.75,86.7699966430664,86.7699966430664,2300,84.51382446289062,0.0
CZA,2023-08-18,86.0999984741211,86.95999908447266,86.0999984741211,86.83000183105469,2500,84.572265625,0.0
CZA,2023-08-21,86.54000091552734,86.93000030517578,86.18000030517578,86.80000305175781,4200,84.54304504394531,0.0
CZA,2023-08-22,86.80000305175781,86.80000305175781,86.66000366210938,86.79000091552734,8000,84.5333023071289,0.0
CZA,2023-08-23,87.19000244140625,87.62999725341797,87.19000244140625,87.52999877929688,2500,85.25406646728516,0.0
CZA,2023-08-24,87.66999816894531,87.66999816894531,87.16999816894531,87.16999816894531,1000,84.9034194946289,0.0
CZA,2023-08-25,87.20999908447266,87.80999755859375,87.01000213623047,87.51000213623047,6400,85.23458099365234,0.0
CZA,2023-08-28,87.88999938964844,88.29000091552734,87.69999694824219,88.08999633789062,10200,85.79949188232422,0.0
CZA,2023-08-29,88.43000030517578,89.04000091552734,88.43000030517578,88.9800033569336,3300,86.66636657714844,0.0
CZA,2023-08-30,89.0999984741211,89.18000030517578,89.0999984741211,89.16000366210938,3600,86.84168243408203,0.0
CZA,2023-08-31,89.05000305175781,89.6500015258789,88.8499984741211,88.8499984741211,1400,86.53974151611328,0.0
CZA,2023-09-01,89.48999786376953,89.93000030517578,89.04000091552734,89.12000274658203,2200,86.80272674560547,0.0
CZA,2023-09-05,87.91999816894531,87.91999816894531,87.51000213623047,87.51000213623047,1200,85.23458099365234,0.0
CZA,2023-09-06,86.9800033569336,87.41999816894531,86.9800033569336,87.25,6500,84.9813461303711,0.0
CZA,2023-09-07,86.8499984741211,87.04000091552734,86.70999908447266,86.88999938964844,2500,84.63069915771484,0.0
CZA,2023-09-08,87.33000183105469,87.33000183105469,86.68000030517578,86.7300033569336,3300,84.47486877441406,0.0
CZA,2023-09-11,86.88999938964844,87.05999755859375,86.88999938964844,86.94000244140625,2100,84.67940521240234,0.0
CZA,2023-09-12,86.5199966430664,87.4000015258789,86.5199966430664,87.08000183105469,13800,84.81576538085938,0.0
CZA,2023-09-13,87.12000274658203,87.19999694824219,86.83999633789062,87.13999938964844,2200,84.87419891357422,0.0
CZA,2023-09-14,87.61000061035156,88.12000274658203,87.61000061035156,88.12000274658203,2000,85.82872009277344,0.0
CZA,2023-09-15,88.1500015258789,88.1500015258789,87.81999969482422,87.83000183105469,1200,85.5462646484375,0.0
CZA,2023-09-18,88.08000183105469,88.2300033569336,87.91999816894531,87.91999816894531,5200,85.63391876220703,0.0
CZA,2023-09-19,87.70999908447266,87.98999786376953,87.63999938964844,87.80999755859375,1700,85.52677917480469,0.0
CZA,2023-09-20,88.22000122070312,88.62000274658203,87.72000122070312,87.72000122070312,2300,85.43912506103516,0.0
CZA,2023-09-21,87.2300033569336,87.2300033569336,86.51000213623047,86.51000213623047,600,84.26058959960938,0.0
CZA,2023-09-22,86.45999908447266,86.54000091552734,86.19999694824219,86.25,12500,84.0073471069336,0.0
CZA,2023-09-25,85.91000366210938,86.37999725341797,85.91000366210938,86.37999725341797,1800,84.13396453857422,0.0
CZA,2023-09-26,85.81999969482422,85.88999938964844,84.94000244140625,84.94000244140625,1900,82.73140716552734,0.0
CZA,2023-09-27,85.16000366210938,85.19000244140625,84.58999633789062,84.93000030517578,6400,82.72167205810547,0.0
CZA,2023-09-28,85.63999938964844,85.66000366210938,85.38999938964844,85.38999938964844,2000,83.16970825195312,0.0
CZA,2023-09-29,86.05000305175781,86.05000305175781,85.01000213623047,85.19000244140625,41800,82.97490692138672,0.0
CZA,2023-10-02,84.26000213623047,84.62999725341797,83.73999786376953,83.94999694824219,2800,81.76715087890625,0.0
CZA,2023-10-03,83.58999633789062,83.58999633789062,83.01000213623047,83.19000244140625,11200,81.02690887451172,0.0
CZA,2023-10-04,83.20999908447266,83.97000122070312,83.19999694824219,83.97000122070312,2400,81.78662872314453,0.0
CZA,2023-10-05,83.55000305175781,83.66000366210938,83.45999908447266,83.66000366210938,1300,81.48468780517578,0.0
CZA,2023-10-06,83.08999633789062,84.55999755859375,82.94999694824219,84.22000122070312,22600,82.0301284790039,0.0
CZA,2023-10-09,83.76000213623047,84.86000061035156,83.76000213623047,84.86000061035156,2800,82.65348815917969,0.0
CZA,2023-10-10,85.01000213623047,85.75,85.01000213623047,85.43000030517578,1300,83.20866394042969,0.0
CZA,2023-10-11,85.87999725341797,85.98999786376953,85.13999938964844,85.72000122070312,26700,83.49112701416016,0.0
CZA,2023-10-12,85.6500015258789,85.6500015258789,84.0999984741211,84.0999984741211,800,81.91324615478516,0.0
CZA,2023-10-13,84.26000213623047,84.26000213623047,83.55000305175781,83.62000274658203,8400,81.44573211669922,0.0
CZA,2023-10-16,84.27999877929688,84.80999755859375,84.19999694824219,84.77999877929688,1300,82.5755615234375,0.0
CZA,2023-10-17,84.19999694824219,85.75,84.19999694824219,85.1500015258789,7100,82.93595123291016,0.0
CZA,2023-10-18,84.5999984741211,84.5999984741211,83.55000305175781,83.55000305175781,2000,81.37754821777344,0.0
CZA,2023-10-19,83.3499984741211,83.36000061035156,82.44000244140625,82.44000244140625,1600,80.29641723632812,0.0
CZA,2023-10-20,82.33000183105469,82.33000183105469,81.45999908447266,81.45999908447266,2200,79.3418960571289,0.0
CZA,2023-10-23,81.2300033569336,81.54000091552734,80.6500015258789,80.6500015258789,2500,78.5529556274414,0.0
CZA,2023-10-24,81.19000244140625,81.19999694824219,80.70999908447266,81.11000061035156,3800,79.00099182128906,0.0
CZA,2023-10-25,80.7300033569336,80.73999786376953,80.27999877929688,80.27999877929688,2200,78.19257354736328,0.0
CZA,2023-10-26,80.51000213623047,81.51000213623047,80.51000213623047,81.13999938964844,2700,79.03021240234375,0.0
CZA,2023-10-27,80.69999694824219,80.87000274658203,79.87999725341797,79.87999725341797,5500,77.80297088623047,0.0
CZA,2023-10-30,80.33000183105469,80.80999755859375,79.93000030517578,80.45999908447266,4400,78.3678970336914,0.0
CZA,2023-10-31,80.87000274658203,81.30999755859375,80.87000274658203,81.25,3400,79.1373519897461,0.0
CZA,2023-11-01,81.43000030517578,81.6500015258789,81.01000213623047,81.62000274658203,13900,79.49773406982422,0.0
CZA,2023-11-02,82.11000061035156,83.2699966430664,82.11000061035156,83.2300033569336,4300,81.06587219238281,0.0
CZA,2023-11-03,84.38999938964844,84.76000213623047,84.38999938964844,84.4000015258789,12800,82.20545196533203,0.0
CZA,2023-11-06,84.38999938964844,84.38999938964844,83.70999908447266,83.83000183105469,2100,81.6502685546875,0.0
CZA,2023-11-07,83.77999877929688,83.91999816894531,83.62999725341797,83.6500015258789,3200,81.4749526977539,0.0
CZA,2023-11-08,83.80000305175781,83.81999969482422,83.54000091552734,83.81999969482422,1800,81.6405258178711,0.0
CZA,2023-11-09,83.8499984741211,83.8499984741211,83.29000091552734,83.29000091552734,1000,81.12431335449219,0.0
CZA,2023-11-10,83.54000091552734,84.0999984741211,83.54000091552734,84.06999969482422,1500,81.88402557373047,0.0
CZA,2023-11-13,83.63999938964844,83.86000061035156,83.63999938964844,83.80999755859375,1500,81.63079071044922,0.0
CZA,2023-11-14,86.2699966430664,86.68000030517578,85.76000213623047,86.5199966430664,4200,84.27032470703125,0.0
CZA,2023-11-15,86.87999725341797,87.41999816894531,86.8499984741211,86.91000366210938,1800,84.65018463134766,0.0
CZA,2023-11-16,86.38999938964844,87.0199966430664,86.38999938964844,86.75,2900,84.49433898925781,0.0
CZA,2023-11-17,87.06999969482422,87.11000061035156,87.0,87.11000061035156,1400,84.84498596191406,0.0
CZA,2023-11-20,87.87000274658203,87.87000274658203,87.12999725341797,87.36000061035156,2800,85.08848571777344,0.0
CZA,2023-11-21,87.06999969482422,87.31999969482422,86.9800033569336,87.16000366210938,3000,84.89368438720703,0.0
CZA,2023-11-22,87.55999755859375,87.58000183105469,87.41000366210938,87.56999969482422,700,85.29302215576172,0.0
CZA,2023-11-24,87.37999725341797,87.88999938964844,87.37999725341797,87.88999938964844,500,85.60470581054688,0.0
CZA,2023-11-27,87.56999969482422,87.9000015258789,87.56999969482422,87.80000305175781,2800,85.51704406738281,0.0
CZA,2023-11-28,86.9800033569336,88.0999984741211,86.9800033569336,87.62000274658203,13300,85.34172058105469,0.0
CZA,2023-11-29,88.29000091552734,88.4800033569336,87.80999755859375,87.88999938964844,2900,85.60470581054688,0.0
CZA,2023-11-30,88.19999694824219,88.66999816894531,88.19000244140625,88.66999816894531,2100,86.36441802978516,0.0
CZA,2023-12-01,88.68000030517578,90.12000274658203,88.4000015258789,90.12000274658203,2400,87.77671813964844,0.0
CZA,2023-12-04,89.7300033569336,90.51000213623047,89.7300033569336,90.41000366210938,3600,88.05917358398438,0.0
CZA,2023-12-05,89.47000122070312,89.58000183105469,89.44999694824219,89.44999694824219,3200,87.12413787841797,0.0
CZA,2023-12-06,89.9000015258789,90.26000213623047,89.5999984741211,89.62000274658203,1900,87.28971862792969,0.0
CZA,2023-12-07,89.76000213623047,90.0,89.18000030517578,89.88999938964844,6700,87.55270385742188,0.0
CZA,2023-12-08,90.3499984741211,90.43000030517578,89.77999877929688,90.0999984741211,5500,87.75724029541016,0.0
CZA,2023-12-11,90.54000091552734,90.61000061035156,90.5199966430664,90.61000061035156,1300,88.25397491455078,0.0
CZA,2023-12-12,90.41000366210938,90.86000061035156,90.41000366210938,90.70999908447266,2200,88.35137939453125,0.0
CZA,2023-12-13,90.54000091552734,92.7699966430664,90.54000091552734,92.7300033569336,5400,90.31885528564453,0.0
CZA,2023-12-14,94.30000305175781,94.70999908447266,94.22000122070312,94.25,3400,91.79933166503906,0.0
CZA,2023-12-15,93.69999694824219,93.7300033569336,93.20999908447266,93.5199966430664,4700,91.08831024169922,0.0
CZA,2023-12-18,92.44000244140625,92.44000244140625,91.7699966430664,92.29000091552734,1900,91.13768768310547,1.28
CZA,2023-12-19,92.80000305175781,92.9800033569336,92.80000305175781,92.9800033569336,2600,91.81907653808594,0.0
CZA,2023-12-20,93.01000213623047,93.30999755859375,91.69000244140625,91.69999694824219,3900,90.55504608154297,0.0
CZA,2023-12-21,93.01000213623047,93.01000213623047,91.94000244140625,92.66000366210938,17400,91.50306701660156,0.0
CZA,2023-12-22,94.12000274658203,94.12000274658203,93.16999816894531,93.16999816894531,9000,92.00669860839844,0.0
CZA,2023-12-26,93.41000366210938,93.94999694824219,93.29000091552734,93.75,6900,92.57945251464844,0.0
CZA,2023-12-27,93.83999633789062,94.16000366210938,93.7699966430664,93.9000015258789,2300,92.72758483886719,0.0
CZA,2023-12-28,93.91999816894531,94.31999969482422,93.91999816894531,94.20999908447266,9400,93.0337142944336,0.0
CZA,2023-12-29,93.81999969482422,94.04000091552734,93.68000030517578,93.80999755859375,4700,92.63870239257812,0.0
CZA,2024-01-02,93.37999725341797,94.0999984741211,93.16000366210938,93.5999984741211,6300,92.43132781982422,0.0
CZA,2024-01-03,92.91999816894531,94.20999908447266,91.79000091552734,92.33999633789062,33500,91.18705749511719,0.0
CZA,2024-01-04,92.38999938964844,92.91999816894531,92.20999908447266,92.20999908447266,56000,91.05868530273438,0.0
CZA,2024-01-05,92.52999877929688,92.52999877929688,92.05999755859375,92.41000366210938,5800,91.25618743896484,0.0
CZA,2024-01-08,92.20999908447266,93.22000122070312,92.20999908447266,93.22000122070312,4700,92.05607604980469,0.0
CZA,2024-01-09,92.27999877929688,92.7699966430664,92.27999877929688,92.5199966430664,3200,91.36480712890625,0.0
CZA,2024-01-10,92.29000091552734,92.83999633789062,92.29000091552734,92.7300033569336,4500,91.57219696044922,0.0
CZA,2024-01-11,92.54000091552734,92.54000091552734,91.98999786376953,92.5,1300,91.34506225585938,0.0
CZA,2024-01-12,93.05999755859375,93.05999755859375,92.37000274658203,92.58999633789062,4500,91.4339370727539,0.0
CZA,2024-01-16,92.70999908447266,92.70999908447266,91.6500015258789,91.91999816894531,3900,90.77230072021484,0.0
CZA,2024-01-17,91.18000030517578,91.43000030517578,90.73999786376953,91.0,1800,89.8637924194336,0.0
CZA,2024-01-18,90.87999725341797,91.30000305175781,90.68000030517578,91.30000305175781,1900,90.16004943847656,0.0
CZA,2024-01-19,91.47000122070312,92.02999877929688,91.36000061035156,91.9800033569336,1500,90.83155822753906,0.0
CZA,2024-01-22,92.25,92.55000305175781,92.25,92.5,21200,91.34506225585938,0.0
CZA,2024-01-23,92.41000366210938,92.41000366210938,91.94999694824219,92.19999694824219,1300,91.0488052368164,0.0
CZA,2024-01-24,92.01000213623047,92.2699966430664,91.48999786376953,91.48999786376953,2400,90.34767150878906,0.0
CZA,2024-01-25,92.11000061035156,92.43000030517578,91.94000244140625,92.43000030517578,29500,91.27593994140625,0.0
CZA,2024-01-26,92.6500015258789,92.81999969482422,92.58999633789062,92.68000030517578,9300,91.52281951904297,0.0
CZA,2024-01-29,92.75,92.95999908447266,92.33999633789062,92.94999694824219,51600,91.78944396972656,0.0
CZA,2024-01-30,93.11000061035156,93.43000030517578,93.11000061035156,93.22000122070312,4900,92.05607604980469,0.0
CZA,2024-01-31,93.33999633789062,93.9000015258789,92.16000366210938,92.26000213623047,7300,91.10806274414062,0.0
CZA,2024-02-01,92.44999694824219,93.45999908447266,91.63999938964844,93.45999908447266,11200,92.29307556152344,0.0
CZA,2024-02-02,92.63999938964844,93.63999938964844,92.63999938964844,93.44999694824219,43000,92.28319549560547,0.0
CZA,2024-02-05,92.63999938964844,92.7300033569336,92.16999816894531,92.48999786376953,10100,91.33518981933594,0.0
CZA,2024-02-06,92.27999877929688,93.1500015258789,92.27999877929688,93.12999725341797,16300,91.96719360351562,0.0
CZA,2024-02-07,93.12000274658203,93.55999755859375,92.83000183105469,93.19000244140625,23700,92.02645111083984,0.0
CZA,2024-02-08,92.83999633789062,93.08999633789062,92.80000305175781,93.08999633789062,35200,91.92769622802734,0.0
CZA,2024-02-09,93.16999816894531,93.62999725341797,92.8499984741211,93.5999984741211,115800,92.43132781982422,0.0
CZA,2024-02-12,93.41000366210938,94.4800033569336,93.41000366210938,94.37999725341797,31100,93.20158386230469,0.0
CZA,2024-02-13,93.12999725341797,93.69999694824219,92.38999938964844,92.86000061035156,34400,91.70056915283203,0.0
CZA,2024-02-14,93.5999984741211,93.87000274658203,93.25,93.8499984741211,37700,92.67820739746094,0.0
CZA,2024-02-15,94.44999694824219,95.29000091552734,94.1500015258789,95.12000274658203,81100,93.9323501586914,0.0
CZA,2024-02-16,94.52999877929688,95.29000091552734,94.5,94.98999786376953,16100,93.80397033691406,0.0
CZA,2024-02-20,94.29000091552734,94.94999694824219,94.29000091552734,94.80000305175781,23300,93.61634826660156,0.0
CZA,2024-02-21,94.55999755859375,95.4000015258789,94.4000015258789,95.33999633789062,54000,94.14959716796875,0.0
CZA,2024-02-22,95.58999633789062,96.04000091552734,95.37000274658203,96.04000091552734,65500,94.84086608886719,0.0
CZA,2024-02-23,95.9000015258789,96.38999938964844,95.9000015258789,96.37000274658203,38700,95.166748046875,0.0
CZA,2024-02-26,96.22000122070312,96.44999694824219,95.63999938964844,95.69000244140625,22600,94.4952392578125,0.0
CZA,2024-02-27,95.66999816894531,96.19999694824219,95.5999984741211,95.87999725341797,16700,94.682861328125,0.0
CZA,2024-02-28,95.80000305175781,96.18000030517578,95.55000305175781,95.9000015258789,55900,94.7026138305664,0.0
CZA,2024-02-29,96.29000091552734,96.51000213623047,96.25,96.51000213623047,6900,95.30500030517578,0.0
CZA,2024-03-01,96.41000366210938,96.6500015258789,95.9000015258789,96.62000274658203,9000,95.41362762451172,0.0
CZA,2024-03-04,96.66999816894531,97.58999633789062,96.66999816894531,97.54000091552734,8600,96.32213592529297,0.0
CZA,2024-03-05,97.47000122070312,97.80999755859375,96.8499984741211,97.19000244140625,4300,95.97650909423828,0.0
CZA,2024-03-06,97.72000122070312,98.05999755859375,97.69999694824219,97.69999694824219,2600,96.48013305664062,0.0
CZA,2024-03-07,97.98999786376953,98.5,97.98999786376953,98.5,3200,97.27014923095703,0.0
CZA,2024-03-08,98.91999816894531,98.91999816894531,98.41999816894531,98.47000122070312,2100,97.24052429199219,0.0
CZA,2024-03-11,98.37999725341797,98.58000183105469,98.0999984741211,98.58000183105469,2600,97.34915161132812,0.0
CZA,2024-03-12,98.91999816894531,98.9800033569336,98.69999694824219,98.9800033569336,4700,97.74415588378906,0.0
CZA,2024-03-13,99.25,99.26000213623047,98.91999816894531,98.95999908447266,14400,97.72440338134766,0.0
CZA,2024-03-14,98.2699966430664,98.2699966430664,97.7300033569336,98.05999755859375,3300,96.83563995361328,0.0
CZA,2024-03-15,97.93000030517578,98.33000183105469,97.93000030517578,98.20999908447266,1500,96.98377227783203,0.0
CZA,2024-03-18,98.25,98.48999786376953,98.04000091552734,98.05000305175781,1500,96.82576751708984,0.0
CZA,2024-03-19,98.3499984741211,98.7699966430664,98.2300033569336,98.7699966430664,2800,97.53677368164062,0.0
CZA,2024-03-20,98.3499984741211,99.52999877929688,98.3499984741211,99.41000366210938,4800,98.16879272460938,0.0
CZA,2024-03-21,99.5199966430664,100.43000030517578,99.5199966430664,100.26000213623047,5700,99.0081787109375,0.0
CZA,2024-03-22,100.33000183105469,100.33000183105469,99.79000091552734,99.79000091552734,1400,98.5440444946289,0.0
CZA,2024-03-25,99.7699966430664,100.05000305175781,99.58000183105469,99.58000183105469,1300,98.33666229248047,0.0
CZA,2024-03-26,99.87999725341797,99.87999725341797,99.6500015258789,99.6500015258789,3200,98.40579223632812,0.0
CZA,2024-03-27,99.5199966430664,101.18000030517578,99.5199966430664,101.18000030517578,2500,99.91668701171875,0.0
CZA,2024-03-28,100.88999938964844,101.69000244140625,100.88999938964844,101.69000244140625,1900,100.42031860351562,0.0
CZA,2024-04-01,101.6500015258789,101.6500015258789,100.05999755859375,100.93000030517578,2500,99.66980743408203,0.0
CZA,2024-04-02,100.41999816894531,100.41999816894531,100.02999877929688,100.25,2900,98.99829864501953,0.0
CZA,2024-04-03,100.12999725341797,100.75,100.12999725341797,100.58000183105469,3200,99.32418060302734,0.0
CZA,2024-04-04,101.36000061035156,101.36000061035156,99.5199966430664,99.66000366210938,2900,98.4156723022461,0.0
CZA,2024-04-05,99.5999984741211,100.27999877929688,99.5999984741211,100.19999694824219,2100,98.94892120361328,0.0
CZA,2024-04-08,100.93000030517578,100.93000030517578,100.29000091552734,100.54000091552734,2100,99.28467559814453,0.0
CZA,2024-04-09,100.66999816894531,100.66999816894531,99.7300033569336,100.0999984741211,15200,98.85016632080078,0.0
CZA,2024-04-10,98.80999755859375,99.30999755859375,98.5999984741211,98.9000015258789,1500,97.66515350341797,0.0
CZA,2024-04-11,97.91999816894531,99.01000213623047,97.91999816894531,98.44999694824219,2300,97.22077178955078,0.0
CZA,2024-04-12,97.70999908447266,98.19000244140625,97.06999969482422,97.08000183105469,14900,95.86788177490234,0.0
CZA,2024-04-15,97.5999984741211,97.5999984741211,96.19999694824219,96.33999633789062,1800,95.13711547851562,0.0
CZA,2024-04-16,95.95999908447266,96.31999969482422,95.37999725341797,95.88999938964844,4400,94.69273376464844,0.0
CZA,2024-04-17,96.05999755859375,96.05999755859375,95.12000274658203,95.44999694824219,22400,94.25822448730469,0.0
CZA,2024-04-18,95.30999755859375,95.7699966430664,95.06999969482422,95.06999969482422,1400,93.88297271728516,0.0
CZA,2024-04-19,95.69999694824219,96.0,95.58999633789062,95.97000122070312,2700,94.77173614501953,0.0
CZA,2024-04-22,96.45999908447266,97.02999877929688,96.45999908447266,97.02999877929688,1900,95.8185043334961,0.0
CZA,2024-04-23,96.73999786376953,97.73999786376953,96.73999786376953,97.5,2000,96.28263092041016,0.0
CZA,2024-04-24,97.16999816894531,97.45999908447266,97.16999816894531,97.45999908447266,5100,96.24313354492188,0.0
CZA,2024-04-25,96.30000305175781,97.06999969482422,96.30000305175781,97.0199966430664,2000,95.80862426757812,0.0
CZA,2024-04-26,96.94000244140625,97.1500015258789,96.94000244140625,97.01000213623047,2600,95.79875183105469,0.0
CZA,2024-04-29,97.2699966430664,98.01000213623047,97.2699966430664,97.6500015258789,3000,96.4307632446289,0.0
CZA,2024-04-30,97.20999908447266,97.20999908447266,96.68000030517578,96.68000030517578,3100,95.47286987304688,0.0
CZA,2024-05-01,96.58000183105469,97.70999908447266,96.5199966430664,96.73999786376953,3400,95.53211975097656,0.0
CZA,2024-05-02,97.33999633789062,97.33999633789062,96.7300033569336,97.08999633789062,4900,95.87774658203125,0.0
CZA,2024-05-03,97.41999816894531,97.91000366210938,97.37000274658203,97.91000366210938,5200,96.68751525878906,0.0
CZA,2024-05-06,98.80000305175781,98.80000305175781,98.44000244140625,98.7699966430664,3000,97.53677368164062,0.0
CZA,2024-05-07,99.19999694824219,99.2699966430664,99.19999694824219,99.22000122070312,1800,97.98116302490234,0.0
CZA,2024-05-08,98.55000305175781,99.37999725341797,98.55000305175781,99.37999725341797,108000,98.13916015625,0.0
CZA,2024-05-09,99.52999877929688,99.81999969482422,99.51000213623047,99.81999969482422,1400,98.57366943359375,0.0
CZA,2024-05-10,99.5999984741211,100.16999816894531,99.5999984741211,100.16999816894531,1100,98.91929626464844,0.0
CZA,2024-05-13,100.54000091552734,100.54000091552734,99.62000274658203,99.62000274658203,1100,98.37616729736328,0.0
CZA,2024-05-14,100.0999984741211,100.0999984741211,99.62000274658203,99.94999694824219,1700,98.70204162597656,0.0
CZA,2024-05-15,100.5,100.52999877929688,100.41000366210938,100.52999877929688,1300,99.2748031616211,0.0
CZA,2024-05-16,100.6500015258789,100.6500015258789,100.54000091552734,100.54000091552734,2100,99.28467559814453,0.0
CZA,2024-05-17,100.20999908447266,100.5,100.20999908447266,100.5,500,99.24517822265625,0.0
CZA,2024-05-20,100.23999786376953,100.5999984741211,100.2300033569336,100.2300033569336,2700,98.97855377197266,0.0
CZA,2024-05-21,100.08000183105469,100.56999969482422,100.08000183105469,100.56999969482422,1200,99.31430053710938,0.0
CZA,2024-05-22,100.48999786376953,100.63999938964844,100.1500015258789,100.26000213623047,1700,99.0081787109375,0.0
CZA,2024-05-23,99.93000030517578,99.93000030517578,98.98999786376953,98.98999786376953,600,97.7540283203125,0.0
CZA,2024-05-24,99.55999755859375,99.62999725341797,99.55999755859375,99.62999725341797,600,98.38603973388672,0.0
CZA,2024-05-28,99.23999786376953,99.37000274658203,98.5999984741211,98.61000061035156,1600,97.37877655029297,0.0
CZA,2024-05-29,97.48999786376953,97.83000183105469,97.48999786376953,97.55000305175781,1900,96.33201599121094,0.0
CZA,2024-05-30,97.79000091552734,98.43000030517578,97.79000091552734,98.43000030517578,13000,97.20101928710938,0.0
CZA,2024-05-31,98.79000091552734,99.75,98.52999877929688,99.75,5200,98.5045394897461,0.0
CZA,2024-06-03,100.05000305175781,100.05000305175781,98.80000305175781,99.1500015258789,1000,97.91203308105469,0.0
CZA,2024-06-04,99.2699966430664,99.2699966430664,98.38999938964844,98.38999938964844,31700,97.1615219116211,0.0
CZA,2024-06-05,98.56999969482422,98.75,98.47000122070312,98.75,106200,97.51702880859375,0.0
CZA,2024-06-06,98.63999938964844,98.63999938964844,98.22000122070312,98.22000122070312,3700,96.99364471435547,0.0
CZA,2024-06-07,97.81999969482422,98.12999725341797,97.55999755859375,97.98999786376953,1100,96.76651763916016,0.0
CZA,2024-06-10,97.55999755859375,98.06999969482422,97.55999755859375,98.06999969482422,500,96.84552001953125,0.0
CZA,2024-06-11,97.41000366210938,97.44999694824219,97.2699966430664,97.44999694824219,700,96.2332534790039,0.0
CZA,2024-06-12,98.95999908447266,98.95999908447266,98.37000274658203,98.37000274658203,14000,97.14177703857422,0.0
CZA,2024-06-13,97.52999877929688,98.0,97.5,97.91000366210938,1100,96.68751525878906,0.0
CZA,2024-06-14,96.58999633789062,96.8499984741211,96.58999633789062,96.80999755859375,700,95.60124969482422,0.0
CZA,2024-06-17,96.70999908447266,97.73999786376953,96.70999908447266,97.68000030517578,1800,96.46038818359375,0.0
CZA,2024-06-18,97.66999816894531,98.08000183105469,97.66999816894531,98.08000183105469,2400,96.85539245605469,0.0
CZA,2024-06-20,98.06999969482422,98.23999786376953,97.94999694824219,98.19000244140625,1600,96.96401977539062,0.0
CZA,2024-06-21,97.47000122070312,98.33000183105469,97.47000122070312,98.33000183105469,1700,97.1022720336914,0.0
CZA,2024-06-24,98.7300033569336,99.55999755859375,98.7300033569336,99.19999694824219,12000,97.9614028930664,0.0
CZA,2024-06-25,98.02999877929688,98.16000366210938,98.02999877929688,98.1500015258789,11100,96.92452239990234,0.0
CZA,2024-06-26,97.30999755859375,97.41999816894531,97.30999755859375,97.41999816894531,500,96.20362854003906,0.0
CZA,2024-06-27,97.47000122070312,97.62999725341797,97.33999633789062,97.62999725341797,2000,96.4110107421875,0.0
CZA,2024-06-28,98.41000366210938,98.41000366210938,97.30999755859375,97.63999938964844,2500,96.42088317871094,0.0
CZA,2024-07-01,97.0999984741211,97.0999984741211,96.66000366210938,96.66000366210938,1800,95.453125,0.0
CZA,2024-07-02,96.48999786376953,96.86000061035156,96.48999786376953,96.86000061035156,1000,95.65062713623047,0.0
CZA,2024-07-03,96.91000366210938,97.13999938964844,96.91000366210938,97.13999938964844,700,95.92713165283203,0.0
CZA,2024-07-05,96.12999725341797,96.66999816894531,96.12999725341797,96.66999816894531,900,95.46299743652344,0.0
CZA,2024-07-08,97.0,97.0,96.7699966430664,96.7699966430664,2500,95.5617446899414,0.0
CZA,2024-07-09,96.68000030517578,96.94999694824219,96.52999877929688,96.52999877929688,1000,95.32474517822266,0.0
CZA,2024-07-10,96.63999938964844,97.44999694824219,96.63999938964844,97.44999694824219,800,96.2332534790039,0.0
CZA,2024-07-11,98.05999755859375,99.16999816894531,97.83999633789062,99.01000213623047,7900,97.7737808227539,0.0
CZA,2024-07-12,100.2300033569336,100.23999786376953,100.0199966430664,100.0199966430664,600,98.77116394042969,0.0
CZA,2024-07-15,99.97000122070312,100.77999877929688,99.97000122070312,100.36000061035156,2100,99.10692596435547,0.0
CZA,2024-07-16,101.0,102.26000213623047,101.0,102.26000213623047,1800,100.98320770263672,0.0
CZA,2024-07-17,102.19000244140625,102.58000183105469,102.11000061035156,102.11000061035156,12800,100.83507537841797,0.0
CZA,2024-07-18,102.61000061035156,102.61000061035156,101.44000244140625,101.44999694824219,4000,100.18331146240234,0.0
CZA,2024-07-19,100.33000183105469,100.37999725341797,100.12000274658203,100.30000305175781,22900,99.04767608642578,0.0
CZA,2024-07-22,101.18000030517578,101.33999633789062,101.18000030517578,101.33000183105469,4400,100.06481170654297,0.0
CZA,2024-07-23,101.5199966430664,101.5199966430664,101.36000061035156,101.36000061035156,7900,100.09443664550781,0.0
CZA,2024-07-24,100.94999694824219,101.20999908447266,100.0199966430664,100.0199966430664,19500,98.77116394042969,0.0
CZA,2024-07-25,99.9000015258789,101.38999938964844,99.9000015258789,100.69999694824219,4900,99.44268035888672,0.0
CZA,2024-07-26,101.7300033569336,102.0999984741211,101.5,101.83000183105469,4400,100.5585708618164,0.0
CZA,2024-07-29,101.9000015258789,102.20999908447266,101.88999938964844,102.02999877929688,2800,100.75607299804688,0.0
CZA,2024-07-30,102.6500015258789,102.6500015258789,102.04000091552734,102.5,3800,101.22020721435547,0.0
CZA,2024-07-31,102.94999694824219,102.94999694824219,102.6500015258789,102.66000366210938,2500,101.37821197509766,0.0
CZA,2024-08-01,101.6500015258789,101.6500015258789,101.12999725341797,101.4800033569336,3600,100.21294403076172,0.0
CZA,2024-08-02,100.0999984741211,100.0999984741211,98.98999786376953,99.58999633789062,9000,98.3465347290039,0.0
CZA,2024-08-05,96.97000122070312,97.61000061035156,96.83999633789062,96.87000274658203,11400,95.6604995727539,0.0
CZA,2024-08-06,97.1500015258789,98.9000015258789,97.1500015258789,98.27999877929688,7900,97.05289459228516,0.0
CZA,2024-08-07,99.4000015258789,99.72000122070312,97.83999633789062,97.83999633789062,4500,96.6183853149414,0.0
CZA,2024-08-08,98.66999816894531,99.43000030517578,98.37999725341797,99.43000030517578,3400,98.18853759765625,0.0
CZA,2024-08-09,99.38999938964844,99.69000244140625,99.2300033569336,99.69000244140625,1500,98.4452896118164,0.0
CZA,2024-08-12,99.83000183105469,99.83000183105469,99.0199966430664,99.0199966430664,2800,97.78365325927734,0.0
CZA,2024-08-13,99.23999786376953,99.97000122070312,99.23999786376953,99.94999694824219,1400,98.70204162597656,0.0
CZA,2024-08-14,99.98999786376953,100.62000274658203,99.98999786376953,100.62000274658203,1300,99.36367797851562,0.0
CZA,2024-08-15,101.51000213623047,101.80000305175781,101.3499984741211,101.48999786376953,3200,100.22281646728516,0.0
CZA,2024-08-16,101.54000091552734,101.76000213623047,101.43000030517578,101.7300033569336,1100,100.45982360839844,0.0
CZA,2024-08-19,102.30999755859375,102.44000244140625,102.30999755859375,102.43000030517578,1400,101.15107727050781,0.0
CZA,2024-08-20,102.26000213623047,102.26000213623047,101.94999694824219,102.02999877929688,2200,100.75607299804688,0.0
CZA,2024-08-21,102.80000305175781,102.94000244140625,102.72000122070312,102.94000244140625,1200,101.65471649169922,0.0
CZA,2024-08-22,103.01000213623047,103.12999725341797,102.77999877929688,102.9000015258789,1100,101.6152114868164,0.0
CZA,2024-08-23,103.66999816894531,104.41999816894531,103.66999816894531,104.41999816894531,800,103.1162338256836,0.0
CZA,2024-08-26,104.66999816894531,104.70999908447266,104.38999938964844,104.38999938964844,1500,103.08660888671875,0.0
CZA,2024-08-27,104.02999877929688,104.61000061035156,104.02999877929688,104.5199966430664,4300,103.21498107910156,0.0
CZA,2024-08-28,104.44999694824219,104.95999908447266,104.37000274658203,104.55999755859375,6900,103.25447845458984,0.0
CZA,2024-08-29,105.56999969482422,105.56999969482422,105.06999969482422,105.06999969482422,1600,103.75811767578125,0.0
CZA,2024-08-30,105.48999786376953,106.05000305175781,105.16000366210938,106.05000305175781,13300,104.72588348388672,0.0
CZA,2024-09-03,105.37000274658203,105.37000274658203,104.31999969482422,104.31999969482422,2400,103.0174789428711,0.0
CZA,2024-09-04,104.69999694824219,104.7300033569336,104.2699966430664,104.4000015258789,2200,103.09648132324219,0.0
CZA,2024-09-05,103.58000183105469,103.95999908447266,103.48999786376953,103.7300033569336,2400,102.43485260009766,0.0
CZA,2024-09-06,103.33000183105469,104.1500015258789,102.55999755859375,102.62999725341797,2600,101.34857940673828,0.0
CZA,2024-09-09,102.83000183105469,103.69000244140625,102.83000183105469,103.45999908447266,1600,102.16822052001953,0.0
CZA,2024-09-10,103.31999969482422,103.41000366210938,103.06999969482422,103.41000366210938,2800,102.11884307861328,0.0
CZA,2024-09-11,103.19999694824219,103.23999786376953,101.97000122070312,103.23999786376953,1900,101.95096588134766,0.0
CZA,2024-09-12,103.37999725341797,103.93000030517578,103.37999725341797,103.93000030517578,3400,102.6323471069336,0.0
CZA,2024-09-13,105.11000061035156,105.11000061035156,105.11000061035156,105.11000061035156,700,103.79761505126953,0.0
CZA,2024-09-16,105.52999877929688,105.94000244140625,105.52999877929688,105.94000244140625,700,104.61725616455078,0.0
CZA,2024-09-17,106.5999984741211,106.61000061035156,106.08000183105469,106.08000183105469,6100,104.75550842285156,0.0
CZA,2024-09-18,106.22000122070312,106.23999786376953,105.94000244140625,105.94000244140625,1500,104.61725616455078,0.0
CZA,2024-09-19,107.37000274658203,107.37000274658203,107.04000091552734,107.0999984741211,3300,105.76277160644531,0.0
CZA,2024-09-20,106.95999908447266,106.95999908447266,106.36000061035156,106.44000244140625,2300,105.11101531982422,0.0
CZA,2024-09-23,107.06999969482422,107.06999969482422,107.0199966430664,107.05000305175781,2300,105.71339416503906,0.0
CZA,2024-09-24,107.2699966430664,107.2699966430664,107.19999694824219,107.23999786376953,6100,105.9010238647461,0.0
CZA,2024-09-25,107.5999984741211,107.5999984741211,106.80000305175781,106.80000305175781,1200,105.46652221679688,0.0
CZA,2024-09-26,107.93000030517578,107.93000030517578,107.62000274658203,107.77999877929688,1700,106.43428039550781,0.0
CZA,2024-09-27,108.16999816894531,108.16999816894531,107.81999969482422,108.12000274658203,1000,106.77003479003906,0.0
CZA,2024-09-30,108.01000213623047,108.29000091552734,107.80999755859375,108.29000091552734,1000,106.93791198730469,0.0
CZA,2024-10-01,108.01000213623047,108.0999984741211,107.75,107.87999725341797,1200,106.53302764892578,0.0
CZA,2024-10-02,107.55999755859375,108.04000091552734,107.55999755859375,107.80999755859375,3500,106.46390533447266,0.0
CZA,2024-10-03,107.05999755859375,107.25,107.05999755859375,107.25,1000,105.91089630126953,0.0
CZA,2024-10-04,108.01000213623047,108.05999755859375,107.4800033569336,108.05999755859375,1000,106.71078491210938,0.0
CZA,2024-10-07,107.41999816894531,107.56999969482422,107.25,107.27999877929688,2700,105.94052124023438,0.0
CZA,2024-10-08,107.11000061035156,107.38999938964844,107.11000061035156,107.38999938964844,5500,106.04914855957031,0.0
CZA,2024-10-09,108.08000183105469,108.11000061035156,108.08000183105469,108.11000061035156,900,106.76016235351562,0.0
CZA,2024-10-10,107.8499984741211,107.8499984741211,107.33999633789062,107.61000061035156,1100,106.26640319824219,0.0
CZA,2024-10-11,107.62000274658203,108.72000122070312,107.62000274658203,108.72000122070312,2400,107.36254119873047,0.0
CZA,2024-10-14,109.43000030517578,109.66000366210938,109.43000030517578,109.66000366210938,1800,108.29080963134766,0.0
CZA,2024-10-15,109.5999984741211,110.47000122070312,109.45999908447266,109.45999908447266,1000,108.09329986572266,0.0
CZA,2024-10-16,110.44000244140625,110.44000244140625,110.19000244140625,110.19000244140625,4100,108.81419372558594,0.0
CZA,2024-10-17,110.33000183105469,110.33000183105469,110.04000091552734,110.30999755859375,2800,108.93268585205078,0.0
CZA,2024-10-18,110.23999786376953,110.4000015258789,110.16999816894531,110.4000015258789,1700,109.02156829833984,0.0
CZA,2024-10-21,109.94000244140625,109.94000244140625,109.31999969482422,109.3499984741211,1800,107.98467254638672,0.0
CZA,2024-10-22,109.02999877929688,109.02999877929688,108.22000122070312,108.69999694824219,2200,107.34278869628906,0.0
CZA,2024-10-23,108.8499984741211,108.9000015258789,108.5999984741211,108.9000015258789,2000,107.54029846191406,0.0
CZA,2024-10-24,108.79000091552734,108.9800033569336,108.79000091552734,108.9800033569336,2100,107.61930084228516,0.0
CZA,2024-10-25,109.61000061035156,109.61000061035156,108.1500015258789,108.1500015258789,2300,106.7996597290039,0.0
CZA,2024-10-28,109.01000213623047,109.12000274658203,109.01000213623047,109.12000274658203,900,107.75755310058594,0.0
CZA,2024-10-29,108.9000015258789,108.9000015258789,108.66000366210938,108.72000122070312,32000,107.36254119873047,0.0
CZA,2024-10-30,109.05999755859375,109.05999755859375,108.80000305175781,108.80000305175781,1300,107.4415512084961,0.0
CZA,2024-10-31,108.52999877929688,108.80000305175781,107.98999786376953,107.98999786376953,1700,106.64165496826172,0.0
CZA,2024-11-01,108.2699966430664,108.2699966430664,107.19000244140625,107.19000244140625,2500,105.85164642333984,0.0
CZA,2024-11-04,107.52999877929688,107.9800033569336,107.30999755859375,107.44000244140625,2500,106.09852600097656,0.0
CZA,2024-11-05,108.23999786376953,108.8499984741211,108.23999786376953,108.8499984741211,4700,107.49092102050781,0.0
CZA,2024-11-06,111.9000015258789,111.9000015258789,111.30000305175781,111.83000183105469,1800,110.4337158203125,0.0
CZA,2024-11-07,111.9800033569336,111.9800033569336,111.41999816894531,111.41999816894531,2100,110.0288314819336,0.0
CZA,2024-11-08,111.41000366210938,112.13999938964844,111.41000366210938,112.0,1800,110.60159301757812,0.0
CZA,2024-11-11,112.62000274658203,113.08000183105469,112.44000244140625,112.48999786376953,2300,111.0854721069336,0.0
CZA,2024-11-12,112.48999786376953,112.48999786376953,111.45999908447266,111.5999984741211,3200,110.20658111572266,0.0
CZA,2024-11-13,111.62999725341797,112.06999969482422,111.41000366210938,111.41999816894531,4900,110.0288314819336,0.0
CZA,2024-11-14,111.06999969482422,111.06999969482422,109.94000244140625,109.94000244140625,1300,108.56731414794922,0.0
CZA,2024-11-15,109.95999908447266,110.01000213623047,109.33999633789062,109.4800033569336,6100,108.1130599975586,0.0
CZA,2024-11-18,109.7300033569336,109.7300033569336,109.44000244140625,109.54000091552734,2300,108.17230987548828,0.0
CZA,2024-11-19,108.52999877929688,109.37999725341797,108.52999877929688,109.08999633789062,9200,107.72792053222656,0.0
CZA,2024-11-20,109.4000015258789,109.76000213623047,109.0999984741211,109.76000213623047,1500,108.38955688476562,0.0
CZA,2024-11-21,110.27999877929688,111.5199966430664,110.27999877929688,111.48999786376953,3200,110.09795379638672,0.0
CZA,2024-11-22,111.31999969482422,112.44999694824219,111.31999969482422,112.44999694824219,1700,111.04596710205078,0.0
CZA,2024-11-25,113.66000366210938,113.66000366210938,113.18000030517578,113.4000015258789,1200,111.9841079711914,0.0
CZA,2024-11-26,112.83999633789062,113.22000122070312,112.83999633789062,113.22000122070312,1400,111.80635833740234,0.0
CZA,2024-11-27,113.66999816894531,113.66999816894531,113.08000183105469,113.19999694824219,3100,111.78660583496094,0.0
CZA,2024-11-29,113.4800033569336,113.56999969482422,113.4800033569336,113.56999969482422,600,112.15198516845703,0.0
CZA,2024-12-02,113.72000122070312,113.72000122070312,112.80000305175781,112.87000274658203,6200,111.46073150634766,0.0
CZA,2024-12-03,112.62000274658203,112.63999938964844,112.41999816894531,112.41999816894531,2100,111.01634216308594,0.0
CZA,2024-12-04,111.7300033569336,112.51000213623047,111.7300033569336,112.44999694824219,1200,111.04596710205078,0.0
CZA,2024-12-05,112.62999725341797,112.62999725341797,112.2300033569336,112.2300033569336,1800,110.82872009277344,0.0
CZA,2024-12-06,111.83999633789062,111.83999633789062,111.83999633789062,111.83999633789062,300,110.4435806274414,0.0
CZA,2024-12-09,111.98999786376953,111.98999786376953,111.16000366210938,111.16000366210938,1000,109.77207946777344,0.0
CZA,2024-12-10,110.7300033569336,110.7300033569336,110.37999725341797,110.37999725341797,1000,109.00181579589844,0.0
CZA,2024-12-11,110.86000061035156,111.62000274658203,110.08000183105469,110.08000183105469,2200,108.70556640625,0.0
CZA,2024-12-12,110.0199966430664,110.41000366210938,110.0199966430664,110.02999877929688,2200,108.65618896484375,0.0
CZA,2024-12-13,109.4800033569336,109.54000091552734,109.38999938964844,109.54000091552734,900,108.17230987548828,0.0
CZA,2024-12-16,109.48999786376953,109.55000305175781,109.33000183105469,109.33000183105469,600,107.96492767333984,0.0
CZA,2024-12-17,108.9000015258789,108.9000015258789,107.95999908447266,108.13999938964844,1100,106.78978729248047,0.0
CZA,2024-12-18,108.05000305175781,108.23999786376953,105.0,105.04000091552734,3800,103.7284927368164,0.0
CZA,2024-12-19,106.33000183105469,106.33000183105469,104.66999816894531,104.66999816894531,5400,103.36310577392578,0.0
CZA,2024-12-20,105.98999786376953,106.30999755859375,105.72000122070312,105.72000122070312,3200,104.4000015258789,0.0
CZA,2024-12-23,103.77999877929688,104.47000122070312,103.77999877929688,104.47000122070312,2200,104.47000122070312,1.32
CZA,2024-12-24,104.55999755859375,105.12999725341797,104.55999755859375,105.12999725341797,1600,105.12999725341797,0.0
CZA,2024-12-26,104.83999633789062,105.41000366210938,104.31999969482422,105.3499984741211,4600,105.3499984741211,0.0
CZA,2024-12-27,104.97000122070312,104.97000122070312,104.4000015258789,104.54000091552734,4500,104.54000091552734,0.0
CZA,2024-12-30,103.66000366210938,103.91000366210938,103.66000366210938,103.80999755859375,1700,103.80999755859375,0.0
CZA,2024-12-31,103.83999633789062,104.11000061035156,103.5,103.88999938964844,2300,103.88999938964844,0.0
CZA,2025-01-02,104.06999969482422,104.37999725341797,102.98999786376953,103.30999755859375,3200,103.30999755859375,0.0
CZA,2025-01-03,103.18000030517578,104.2300033569336,103.18000030517578,104.0999984741211,3300,104.0999984741211,0.0
CZA,2025-01-06,104.30999755859375,104.7300033569336,103.6500015258789,103.79000091552734,2800,103.79000091552734,0.0
CZA,2025-01-07,104.23999786376953,104.23999786376953,103.27999877929688,103.62000274658203,3100,103.62000274658203,0.0
CZA,2025-01-08,103.66000366210938,103.87000274658203,103.25,103.87000274658203,3400,103.87000274658203,0.0
CZA,2025-01-10,102.41999816894531,102.45999908447266,101.94000244140625,102.1500015258789,3800,102.1500015258789,0.0
CZA,2025-01-13,102.63999938964844,103.52999877929688,102.63999938964844,103.52999877929688,2100,103.52999877929688,0.0
CZA,2025-01-14,103.38999938964844,104.66000366210938,103.38999938964844,104.66000366210938,1800,104.66000366210938,0.0
CZA,2025-01-15,106.06999969482422,106.06999969482422,105.5199966430664,105.58999633789062,1900,105.58999633789062,0.0
CZA,2025-01-16,106.25,106.66999816894531,106.22000122070312,106.66999816894531,53500,106.66999816894531,0.0
CZA,2025-01-17,106.80000305175781,107.20999908447266,106.80000305175781,106.8499984741211,2200,106.8499984741211,0.0
CZA,2025-01-21,107.43000030517578,108.25,107.16000366210938,108.23999786376953,1600,108.23999786376953,0.0
CZA,2025-01-22,107.83000183105469,107.83999633789062,107.5,107.56999969482422,8700,107.56999969482422,0.0
CZA,2025-01-23,107.16999816894531,107.51000213623047,107.16999816894531,107.38999938964844,4700,107.38999938964844,0.0
CZA,2025-01-24,107.31999969482422,107.4800033569336,107.31999969482422,107.41000366210938,1800,107.41000366210938,0.0
CZA,2025-01-27,106.91000366210938,107.80999755859375,106.91000366210938,107.79000091552734,3500,107.79000091552734,0.0
CZA,2025-01-28,107.72000122070312,107.72000122070312,106.77999877929688,107.19000244140625,4000,107.19000244140625,0.0
CZA,2025-01-29,107.36000061035156,107.36000061035156,106.62000274658203,106.76000213623047,2600,106.76000213623047,0.0
CZA,2025-01-30,107.29000091552734,108.3499984741211,107.29000091552734,108.06999969482422,2500,108.06999969482422,0.0
CZA,2025-01-31,107.75,108.43000030517578,107.51000213623047,107.61000061035156,2800,107.61000061035156,0.0
CZA,2025-02-03,105.48999786376953,106.9000015258789,105.44000244140625,106.7300033569336,2300,106.7300033569336,0.0
CZA,2025-02-04,106.44999694824219,107.16000366210938,106.44999694824219,106.87000274658203,2800,106.87000274658203,0.0
CZA,2025-02-05,107.13999938964844,107.27999877929688,106.9000015258789,107.20999908447266,1600,107.20999908447266,0.0
CZA,2025-02-06,107.33000183105469,107.33000183105469,106.87000274658203,107.16000366210938,5000,107.16000366210938,0.0
CZA,2025-02-07,107.3499984741211,107.3499984741211,106.68000030517578,106.7699966430664,2800,106.7699966430664,0.0
CZA,2025-02-10,106.41000366210938,106.87000274658203,106.41000366210938,106.69000244140625,2700,106.69000244140625,0.0
CZA,2025-02-11,106.2300033569336,106.80000305175781,106.2300033569336,106.80000305175781,2000,106.80000305175781,0.0
CZA,2025-02-12,105.86000061035156,105.93000030517578,105.86000061035156,105.93000030517578,800,105.93000030517578,0.0
CZA,2025-02-13,105.91999816894531,106.88999938964844,105.91999816894531,106.88999938964844,3500,106.88999938964844,0.0
CZA,2025-02-14,107.19000244140625,107.26000213623047,106.45999908447266,106.55999755859375,3300,106.55999755859375,0.0
CZA,2025-02-18,106.47000122070312,107.37999725341797,106.47000122070312,107.37999725341797,4300,107.37999725341797,0.0
CZA,2025-02-19,107.1500015258789,107.41999816894531,106.91000366210938,107.41999816894531,4900,107.41999816894531,0.0
CZA,2025-02-20,106.86000061035156,106.94999694824219,106.44999694824219,106.94999694824219,3900,106.94999694824219,0.0
CZA,2025-02-21,106.29000091552734,106.29000091552734,105.33000183105469,105.77999877929688,2200,105.77999877929688,0.0
CZA,2025-02-24,105.72000122070312,106.4000015258789,105.72000122070312,105.94999694824219,3800,105.94999694824219,0.0
CZA,2025-02-25,105.88999938964844,106.86000061035156,105.88999938964844,106.73999786376953,3800,106.73999786376953,0.0
CZA,2025-02-26,106.79000091552734,107.20999908447266,106.5,106.5,2000,106.5,0.0
CZA,2025-02-27,106.23999786376953,106.95999908447266,106.02999877929688,106.19999694824219,3300,106.19999694824219,0.0
CZA,2025-02-28,106.23999786376953,107.37999725341797,106.23999786376953,107.37999725341797,4900,107.37999725341797,0.0
CZA,2025-03-03,107.43000030517578,108.0,106.23999786376953,106.27999877929688,2400,106.27999877929688,0.0
CZA,2025-03-04,104.0,104.31999969482422,104.0,104.06999969482422,2000,104.06999969482422,0.0
CZA,2025-03-05,103.87999725341797,105.5,103.87999725341797,105.41999816894531,4100,105.41999816894531,0.0
CZA,2025-03-06,104.91999816894531,105.0199966430664,104.20999908447266,104.56999969482422,3300,104.56999969482422,0.0
CZA,2025-03-07,103.80999755859375,105.30000305175781,103.80999755859375,105.16999816894531,2500,105.16999816894531,0.0
CZA,2025-03-10,103.77999877929688,103.83999633789062,103.77999877929688,103.83999633789062,1200,103.83999633789062,0.0
CZA,2025-03-11,103.56999969482422,103.7699966430664,102.44000244140625,102.87999725341797,2600,102.87999725341797,0.0
CZA,2025-03-12,102.05999755859375,102.4000015258789,102.05999755859375,102.12000274658203,1500,102.12000274658203,0.0
CZA,2025-03-13,101.69000244140625,102.30999755859375,100.9800033569336,101.06999969482422,8200,101.06999969482422,0.0
CZA,2025-03-14,101.33000183105469,103.2300033569336,101.33000183105469,103.2300033569336,1100,103.2300033569336,0.0
CZA,2025-03-17,103.05999755859375,104.61000061035156,103.05999755859375,104.56999969482422,1600,104.56999969482422,0.0
CZA,2025-03-18,103.91000366210938,103.9800033569336,103.69000244140625,103.91999816894531,2200,103.91999816894531,0.0
CZA,2025-03-19,104.0,104.48999786376953,104.0,104.48999786376953,1400,104.48999786376953,0.0
CZA,2025-03-20,104.5,104.5,103.9800033569336,103.98999786376953,1600,103.98999786376953,0.0
CZA,2025-03-21,103.22000122070312,103.38999938964844,103.12999725341797,103.22000122070312,1800,103.22000122070312,0.0
CZA,2025-03-24,104.01000213623047,104.9000015258789,104.01000213623047,104.9000015258789,2700,104.9000015258789,0.0
CZA,2025-03-25,105.01000213623047,105.04000091552734,104.04000091552734,104.5199966430664,1800,104.5199966430664,0.0
CZA,2025-03-26,104.4800033569336,105.0199966430664,104.4800033569336,104.69000244140625,2000,104.69000244140625,0.0
CZA,2025-03-27,104.54000091552734,104.56999969482422,103.93000030517578,104.44999694824219,2000,104.44999694824219,0.0
CZA,2025-03-28,103.3499984741211,103.3499984741211,103.0199966430664,103.2300033569336,1100,103.2300033569336,0.0
CZA,2025-03-31,102.58000183105469,104.2300033569336,102.58000183105469,103.88999938964844,3200,103.88999938964844,0.0
CZA,2025-04-01,103.0,104.27999877929688,103.0,103.94000244140625,1800,103.94000244140625,0.0
CZA,2025-04-02,103.97000122070312,105.04000091552734,103.97000122070312,105.04000091552734,1600,105.04000091552734,0.0
CZA,2025-04-03,101.77999877929688,101.77999877929688,99.94999694824219,100.0,1900,100.0,0.0
CZA,2025-04-04,96.61000061035156,96.61000061035156,93.95999908447266,94.13999938964844,7400,94.13999938964844,0.0
CZA,2025-04-07,91.18000030517578,95.36000061035156,91.18000030517578,92.80000305175781,16700,92.80000305175781,0.0
CZA,2025-04-08,95.72000122070312,95.72000122070312,90.08000183105469,90.93000030517578,3700,90.93000030517578,0.0
CZA,2025-04-09,90.56999969482422,97.94000244140625,90.56999969482422,97.94000244140625,2200,97.94000244140625,0.0
CZA,2025-04-10,95.52999877929688,95.87999725341797,93.54000091552734,94.61000061035156,2900,94.61000061035156,0.0
CZA,2025-04-11,94.61000061035156,96.27999877929688,93.66999816894531,96.27999877929688,3500,96.27999877929688,0.0
CZA,2025-04-14,96.66000366210938,98.19999694824219,96.66000366210938,97.8499984741211,2900,97.8499984741211,0.0
CZA,2025-04-15,98.08999633789062,98.12000274658203,97.3499984741211,97.3499984741211,3300,97.3499984741211,0.0
CZA,2025-04-16,97.68000030517578,97.68000030517578,95.91999816894531,96.41999816894531,2800,96.41999816894531,0.0
CZA,2025-04-17,97.0,97.7300033569336,96.44999694824219,96.95999908447266,2400,96.95999908447266,0.0
CZA,2025-04-21,96.02999877929688,96.02999877929688,94.54000091552734,95.1500015258789,2200,95.1500015258789,0.0
CZA,2025-04-22,96.29000091552734,97.80999755859375,96.29000091552734,97.76000213623047,4200,97.76000213623047,0.0
CZA,2025-04-23,100.55999755859375,100.55999755859375,98.51000213623047,98.81999969482422,1600,98.81999969482422,0.0
CZA,2025-04-24,99.06999969482422,100.25,99.06999969482422,100.16999816894531,2000,100.16999816894531,0.0
CZA,2025-04-25,99.23999786376953,99.4800033569336,99.23999786376953,99.4800033569336,500,99.4800033569336,0.0
CZA,2025-04-28,99.8499984741211,100.0199966430664,99.0999984741211,100.0199966430664,4300,100.0199966430664,0.0
CZA,2025-04-29,99.98999786376953,100.5199966430664,99.98999786376953,100.4000015258789,1500,100.4000015258789,0.0
CZA,2025-04-30,99.5,100.86000061035156,99.5,100.86000061035156,800,100.86000061035156,0.0
CZA,2025-05-01,100.88999938964844,100.88999938964844,100.77999877929688,100.77999877929688,800,100.77999877929688,0.0
CZA,2025-05-02,101.66999816894531,102.58999633789062,101.66999816894531,102.52999877929688,2800,102.52999877929688,0.0
CZA,2025-05-05,102.58999633789062,102.58999633789062,102.01000213623047,102.01000213623047,1000,102.01000213623047,0.0
CZA,2025-05-06,101.94000244140625,102.12999725341797,101.33000183105469,101.55000305175781,1400,101.55000305175781,0.0
CZA,2025-05-07,102.30999755859375,102.30999755859375,101.76000213623047,102.0999984741211,1500,102.0999984741211,0.0
CZA,2025-05-08,102.62999725341797,103.7300033569336,102.62999725341797,102.95999908447266,2300,102.95999908447266,0.0
CZA,2025-05-09,102.91999816894531,102.9800033569336,102.91999816894531,102.93000030517578,500,102.93000030517578,0.0
CZA,2025-05-12,105.5199966430664,105.83999633789062,105.4000015258789,105.48999786376953,3800,105.48999786376953,0.0
CZA,2025-05-13,105.36000061035156,105.36000061035156,105.36000061035156,105.36000061035156,600,105.36000061035156,0.0
CZA,2025-05-14,104.41000366210938,104.5999984741211,104.41000366210938,104.41000366210938,800,104.41000366210938,0.0
CZA,2025-05-15,104.52999877929688,105.43000030517578,104.52999877929688,105.43000030517578,2000,105.43000030517578,0.0
CZA,2025-05-16,106.23999786376953,106.66999816894531,106.0,106.66999816894531,1000,106.66999816894531,0.0
CZA,2025-05-19,106.66000366210938,106.66000366210938,106.66000366210938,106.66000366210938,300,106.66000366210938,0.0
CZA,2025-05-20,106.30999755859375,106.88999938964844,106.30999755859375,106.44999694824219,2200,106.44999694824219,0.0
CZA,2025-05-21,105.61000061035156,105.69000244140625,104.26000213623047,104.26000213623047,1700,104.26000213623047,0.0
CZA,2025-05-22,104.08000183105469,104.08000183105469,103.75,103.75,800,103.75,0.0
CZA,2025-05-23,103.4800033569336,103.56999969482422,103.4800033569336,103.56999969482422,500,103.56999969482422,0.0
CZA,2025-05-27,105.55000305175781,105.62000274658203,105.55000305175781,105.62000274658203,700,105.62000274658203,0.0
CZA,2025-05-28,104.98999786376953,104.98999786376953,104.52999877929688,104.52999877929688,2500,104.52999877929688,0.0
CZA,2025-05-29,104.9800033569336,105.12000274658203,104.80999755859375,105.12000274658203,2200,105.12000274658203,0.0
CZA,2025-05-30,104.98999786376953,105.01000213623047,104.62999725341797,105.01000213623047,1500,105.01000213623047,0.0
CZA,2025-06-02,104.6500015258789,104.6500015258789,103.91000366210938,104.5199966430664,13300,104.5199966430664,0.0
CZA,2025-06-03,104.66999816894531,105.36000061035156,104.66999816894531,105.36000061035156,700,105.36000061035156,0.0
CZA,2025-06-04,105.2699966430664,105.55999755859375,105.0999984741211,105.0999984741211,3500,105.0999984741211,0.0
CZA,2025-06-05,105.12000274658203,105.12000274658203,104.4000015258789,104.48999786376953,1200,104.48999786376953,0.0
CZA,2025-06-06,105.58999633789062,105.58999633789062,105.25,105.45999908447266,4300,105.45999908447266,0.0
CZA,2025-06-09,105.55999755859375,106.04000091552734,105.5,105.55999755859375,13800,105.55999755859375,0.0
CZA,2025-06-10,106.0199966430664,106.0199966430664,105.69999694824219,105.94000244140625,1100,105.94000244140625,0.0
CZA,2025-06-11,105.68000030517578,105.68000030517578,105.22000122070312,105.37000274658203,1000,105.37000274658203,0.0
CZA,2025-06-12,105.36000061035156,105.61000061035156,105.36000061035156,105.61000061035156,1100,105.61000061035156,0.0
CZA,2025-06-13,103.94999694824219,103.94999694824219,103.94999694824219,103.94999694824219,500,103.94999694824219,0.0
CZA,2025-06-16,105.16000366210938,105.16000366210938,104.80000305175781,104.91999816894531,2300,104.91999816894531,0.0
CZA,2025-06-17,104.48999786376953,104.48999786376953,103.86000061035156,103.87999725341797,17200,103.87999725341797,0.0
CZA,2025-06-18,104.18000030517578,104.44000244140625,103.91999816894531,103.91999816894531,1800,103.91999816894531,0.0
CZA,2025-06-20,104.58000183105469,104.58000183105469,103.87000274658203,104.04000091552734,1200,104.04000091552734,0.0
CZA,2025-06-23,104.69999694824219,105.30000305175781,104.61000061035156,105.30000305175781,1600,105.30000305175781,0.0
CZA,2025-06-24,105.9800033569336,106.13999938964844,105.87000274658203,106.05000305175781,1500,106.05000305175781,0.0
CZA,2025-06-25,105.77999877929688,105.77999877929688,105.12000274658203,105.13999938964844,1900,105.13999938964844,0.0
CZA,2025-06-26,105.58000183105469,106.2300033569336,105.58000183105469,106.2300033569336,700,106.2300033569336,0.0
CZA,2025-06-27,106.38999938964844,106.77999877929688,105.83000183105469,106.37999725341797,2500,106.37999725341797,0.0
CZA,2025-06-30,106.31999969482422,106.66999816894531,106.31999969482422,106.66999816894531,600,106.66999816894531,0.0
CZA,2025-07-01,106.87999725341797,108.19999694824219,106.87000274658203,107.98999786376953,5000,107.98999786376953,0.0
CZA,2025-07-02,107.0199966430664,107.9000015258789,106.9800033569336,107.9000015258789,3300,107.9000015258789,0.0
CZA,2025-07-03,108.4000015258789,108.61000061035156,108.29000091552734,108.30999755859375,1800,108.30999755859375,0.0
CZA,2025-07-07,108.22000122070312,108.22000122070312,107.22000122070312,107.41999816894531,5500,107.41999816894531,0.0
CZA,2025-07-08,107.76000213623047,108.08000183105469,107.76000213623047,107.87000274658203,2200,107.87000274658203,0.0
CZA,2025-07-09,108.62999725341797,108.62999725341797,107.55000305175781,108.22000122070312,2500,108.22000122070312,0.0
CZA,2025-07-10,108.55999755859375,109.30000305175781,108.55999755859375,108.80000305175781,2800,108.80000305175781,0.0
CZA,2025-07-11,108.1500015258789,108.19000244140625,107.69000244140625,108.13999938964844,3300,108.13999938964844,0.0
CZA,2025-07-14,107.83999633789062,108.29000091552734,107.83999633789062,108.25,3400,108.25,0.0
CZA,2025-07-15,107.97000122070312,107.97000122070312,106.48999786376953,106.48999786376953,2600,106.48999786376953,0.0
CZA,2025-07-16,106.77999877929688,107.13999938964844,105.69999694824219,107.08999633789062,2200,107.08999633789062,0.0
CZA,2025-07-17,107.79000091552734,108.05000305175781,107.31999969482422,108.04000091552734,2200,108.04000091552734,0.0
CZA,2025-07-18,108.29000091552734,108.5,107.75,107.88999938964844,2200,107.88999938964844,0.0
CZA,2025-07-21,107.86000061035156,108.0,107.08000183105469,107.08000183105469,1300,107.08000183105469,0.0
CZA,2025-07-22,107.18000030517578,108.63999938964844,107.16999816894531,108.63999938964844,4400,108.63999938964844,0.0
CZA,2025-07-23,108.81999969482422,109.23999786376953,108.81999969482422,109.23999786376953,2800,109.23999786376953,0.0
CZA,2025-07-24,109.08000183105469,109.12999725341797,108.4800033569336,108.4800033569336,3900,108.4800033569336,0.0
CZA,2025-07-25,108.37999725341797,109.02999877929688,108.33999633789062,109.02999877929688,2600,109.02999877929688,0.0
CZA,2025-07-28,109.06999969482422,109.06999969482422,108.11000061035156,108.11000061035156,1800,108.11000061035156,0.0
CZA,2025-07-29,108.4000015258789,108.4000015258789,107.93000030517578,108.16000366210938,3500,108.16000366210938,0.0
CZA,2025-07-30,107.6500015258789,107.66000366210938,106.19999694824219,106.73999786376953,2400,106.73999786376953,0.0
CZA,2025-07-31,106.2300033569336,106.79000091552734,106.2300033569336,106.2699966430664,2900,106.2699966430664,0.0
CZA,2025-08-01,105.58999633789062,105.58999633789062,104.48999786376953,105.0,5500,105.0,0.0
CZA,2025-08-04,106.05000305175781,106.23999786376953,106.05000305175781,106.23999786376953,1600,106.23999786376953,0.0
CZA,2025-08-05,106.2300033569336,106.43000030517578,105.98999786376953,106.27999877929688,3500,106.27999877929688,0.0
CZA,2025-08-06,105.94000244140625,106.47000122070312,105.91000366210938,105.91000366210938,2800,105.91000366210938,0.0
CZA,2025-08-07,105.69999694824219,105.79000091552734,105.55000305175781,105.7699966430664,2000,105.7699966430664,0.0
CZA,2025-08-08,106.12000274658203,106.19000244140625,106.08000183105469,106.08000183105469,900,106.08000183105469,0.0
CZA,2025-08-11,105.91000366210938,105.95999908447266,105.69999694824219,105.80999755859375,2500,105.80999755859375,0.0
CZA,2025-08-12,107.1500015258789,107.38999938964844,105.80000305175781,107.38999938964844,1800,107.38999938964844,0.0
CZA,2025-08-13,107.58999633789062,109.16000366210938,107.58999633789062,109.16000366210938,1200,109.16000366210938,0.0
CZA,2025-08-14,108.1500015258789,108.18000030517578,108.1500015258789,108.18000030517578,800,108.18000030517578,0.0
CZA,2025-08-15,107.76000213623047,107.76000213623047,107.47000122070312,107.47000122070312,500,107.47000122070312,0.0
CZA,2025-08-18,107.4800033569336,107.4800033569336,107.26000213623047,107.31999969482422,1400,107.31999969482422,0.0
CZA,2025-08-19,106.7699966430664,108.33999633789062,106.7699966430664,108.33999633789062,800,108.33999633789062,0.0
CZA,2025-08-20,108.19000244140625,108.5999984741211,108.19000244140625,108.43000030517578,800,108.43000030517578,0.0
CZA,2025-08-21,107.3499984741211,108.26000213623047,107.3499984741211,108.16999816894531,1600,108.16999816894531,0.0
CZA,2025-08-22,108.80000305175781,110.81999969482422,108.80000305175781,110.33000183105469,2300,110.33000183105469,0.0
CZA,2025-08-25,109.83000183105469,109.83000183105469,109.52999877929688,109.52999877929688,1900,109.52999877929688,0.0
CZA,2025-08-26,109.37000274658203,109.55000305175781,109.37000274658203,109.55000305175781,500,109.55000305175781,0.0
CZA,2025-08-27,109.25,109.79000091552734,109.25,109.79000091552734,1600,109.79000091552734,0.0
CZA,2025-08-28,109.19000244140625,109.58999633789062,109.19000244140625,109.58999633789062,900,109.58999633789062,0.0
CZA,2025-08-29,108.94999694824219,109.75,108.94999694824219,109.36000061035156,2300,109.36000061035156,0.0
CZA,2025-09-02,108.0,108.4800033569336,108.0,108.4800033569336,1800,108.4800033569336,0.0
CZA,2025-09-03,108.33999633789062,108.44000244140625,108.2699966430664,108.44000244140625,1100,108.44000244140625,0.0
CZA,2025-09-04,108.75,109.37000274658203,108.75,109.37000274658203,1300,109.37000274658203,0.0
CZA,2025-09-05,108.88999938964844,109.55999755859375,108.88999938964844,109.5,1500,109.5,0.0
CZA,2025-09-08,109.02999877929688,109.5,109.02999877929688,109.44000244140625,1000,109.44000244140625,0.0
CZA,2025-09-09,108.66000366210938,108.87000274658203,108.5999984741211,108.7699966430664,1800,108.7699966430664,0.0
CZA,2025-09-10,108.51000213623047,108.58999633789062,108.18000030517578,108.58999633789062,1400,108.58999633789062,0.0
CZA,2025-09-11,109.41000366210938,110.63999938964844,109.38999938964844,110.63999938964844,2200,110.63999938964844,0.0
CZA,2025-09-12,109.44999694824219,109.70999908447266,109.44999694824219,109.58999633789062,900,109.58999633789062,0.0
CZA,2025-09-15,109.62000274658203,109.80000305175781,108.87999725341797,108.87999725341797,1600,108.87999725341797,0.0
CZA,2025-09-16,108.12000274658203,108.27999877929688,108.05000305175781,108.27999877929688,1300,108.27999877929688,0.0
CZA,2025-09-17,108.55999755859375,109.45999908447266,108.33999633789062,108.33999633789062,3900,108.33999633789062,0.0
CZA,2025-09-18,108.81999969482422,109.1500015258789,108.81999969482422,109.12999725341797,1900,109.12999725341797,0.0
CZA,2025-09-19,109.37999725341797,109.37999725341797,108.79000091552734,108.93000030517578,4200,108.93000030517578,0.0
CZA,2025-09-22,108.51000213623047,109.06999969482422,108.51000213623047,109.06999969482422,1300,109.06999969482422,0.0
CZA,2025-09-23,109.37999725341797,109.4800033569336,108.83999633789062,109.01000213623047,15500,109.01000213623047,0.0
CZA,2025-09-24,108.9000015258789,108.9000015258789,108.54000091552734,108.56999969482422,1200,108.56999969482422,0.0
CZA,2025-09-25,107.66999816894531,107.80000305175781,107.66999816894531,107.80000305175781,1200,107.80000305175781,0.0
CZA,2025-09-26,108.11000061035156,109.05000305175781,108.11000061035156,109.05000305175781,600,109.05000305175781,0.0
CZA,2025-09-29,108.83999633789062,109.19999694824219,108.83999633789062,109.19999694824219,600,109.19999694824219,0.0
