symbol,date,open,high,low,close,volume,adjclose,dividends
HBB,2017-09-26,35.0,35.0,31.0,31.0,3300,25.5080509185791,0.0
HBB,2017-09-27,31.0,31.0,29.0,29.344999313354492,5800,24.14624786376953,0.0
HBB,2017-09-28,29.625,33.0099983215332,29.625,31.25,13800,25.713760375976562,0.0
HBB,2017-09-29,30.100000381469727,33.099998474121094,30.100000381469727,33.099998474121094,14700,27.23601531982422,0.0
HBB,2017-10-02,32.86000061035156,34.599998474121094,29.5,30.229999542236328,141100,24.874465942382812,0.0
HBB,2017-10-03,31.110000610351562,34.20000076293945,30.6299991607666,33.900001525878906,73200,27.894290924072266,0.0
HBB,2017-10-04,33.900001525878906,36.66999816894531,33.0,34.59000015258789,92600,28.462045669555664,0.0
HBB,2017-10-05,35.31999969482422,36.5,35.0,35.5099983215332,84300,29.219053268432617,0.0
HBB,2017-10-06,36.0,37.9900016784668,36.0,37.599998474121094,30900,30.93879508972168,0.0
HBB,2017-10-09,37.630001068115234,41.0,36.58000183105469,38.630001068115234,37800,31.786325454711914,0.0
HBB,2017-10-10,38.630001068115234,38.630001068115234,36.5,37.0,50100,30.445093154907227,0.0
HBB,2017-10-11,36.33000183105469,38.7599983215332,35.630001068115234,38.119998931884766,63700,31.36666488647461,0.0
HBB,2017-10-12,38.099998474121094,38.099998474121094,37.2599983215332,37.95000076293945,29700,31.226797103881836,0.0
HBB,2017-10-13,38.36000061035156,38.61000061035156,37.310001373291016,38.220001220703125,32800,31.448957443237305,0.0
HBB,2017-10-16,38.45000076293945,39.20000076293945,37.95500183105469,38.93000030517578,44000,32.033172607421875,0.0
HBB,2017-10-17,38.959999084472656,39.369998931884766,38.529998779296875,39.33000183105469,32400,32.36231231689453,0.0
HBB,2017-10-18,39.459999084472656,39.77000045776367,39.0,39.5,32200,32.502201080322266,0.0
HBB,2017-10-19,39.28499984741211,40.029998779296875,38.88999938964844,39.54999923706055,25800,32.5433349609375,0.0
HBB,2017-10-20,39.83000183105469,40.5,39.18000030517578,39.66999816894531,33800,32.6420783996582,0.0
HBB,2017-10-23,39.86000061035156,39.86000061035156,39.25,39.66999816894531,24600,32.6420783996582,0.0
HBB,2017-10-24,39.66999816894531,40.279998779296875,39.540000915527344,39.869998931884766,40500,32.806636810302734,0.0
HBB,2017-10-25,39.90800094604492,40.0,38.90999984741211,39.290000915527344,50400,32.329402923583984,0.0
HBB,2017-10-26,39.279998779296875,39.5,38.529998779296875,38.849998474121094,8300,31.96734046936035,0.0
HBB,2017-10-27,38.70000076293945,39.970001220703125,38.40999984741211,39.88999938964844,35600,32.82310104370117,0.0
HBB,2017-10-30,39.11000061035156,39.779998779296875,39.11000061035156,39.5,15800,32.502201080322266,0.0
HBB,2017-10-31,39.70000076293945,39.70000076293945,38.380001068115234,38.77000045776367,25100,31.901521682739258,0.0
HBB,2017-11-01,38.939998626708984,38.939998626708984,37.79999923706055,38.59000015258789,16500,31.7534122467041,0.0
HBB,2017-11-02,37.599998474121094,38.2599983215332,36.849998474121094,37.2400016784668,43600,30.642580032348633,0.0
HBB,2017-11-03,37.290000915527344,37.33000183105469,35.8380012512207,36.25,50200,29.82796287536621,0.0
HBB,2017-11-06,35.900001525878906,35.900001525878906,30.530000686645508,32.77000045776367,43200,26.964481353759766,0.0
HBB,2017-11-07,32.77000045776367,32.77000045776367,31.1299991607666,32.09000015258789,40000,26.404951095581055,0.0
HBB,2017-11-08,31.899999618530273,32.029998779296875,31.575000762939453,31.84000015258789,26100,26.199234008789062,0.0
HBB,2017-11-09,31.34000015258789,31.34000015258789,30.0049991607666,30.5,30100,25.09663200378418,0.0
HBB,2017-11-10,30.170000076293945,31.06999969482422,30.110000610351562,30.799999237060547,25200,25.343482971191406,0.0
HBB,2017-11-13,31.020000457763672,32.45000076293945,30.860000610351562,31.8799991607666,59000,26.232145309448242,0.0
HBB,2017-11-14,31.770000457763672,32.650001525878906,31.735000610351562,32.380001068115234,20800,26.643573760986328,0.0
HBB,2017-11-15,32.20000076293945,32.84000015258789,32.04999923706055,32.84000015258789,39100,27.022079467773438,0.0
HBB,2017-11-16,32.95000076293945,33.25,32.4900016784668,32.689998626708984,27600,26.898649215698242,0.0
HBB,2017-11-17,32.4900016784668,32.849998474121094,30.350000381469727,31.84000015258789,61400,26.199234008789062,0.0
HBB,2017-11-20,31.860000610351562,32.45000076293945,31.799999237060547,31.889999389648438,23400,26.240386962890625,0.0
HBB,2017-11-21,31.969999313354492,32.869998931884766,31.049999237060547,31.350000381469727,34500,25.79604721069336,0.0
HBB,2017-11-22,31.329999923706055,31.510000228881836,29.579999923706055,30.1200008392334,30200,24.783958435058594,0.0
HBB,2017-11-24,30.030000686645508,30.614999771118164,27.09000015258789,27.889999389648438,31300,22.94901466369629,0.0
HBB,2017-11-27,27.84000015258789,28.25,25.459999084472656,25.760000228881836,93000,21.196367263793945,0.0
HBB,2017-11-28,25.549999237060547,26.3799991607666,24.55500030517578,25.610000610351562,78500,21.072946548461914,0.0
HBB,2017-11-29,25.889999389648438,27.790000915527344,25.40999984741211,27.75,49400,22.833818435668945,0.0
HBB,2017-11-30,27.530000686645508,29.290000915527344,27.049999237060547,28.579999923706055,91900,23.589035034179688,0.085
HBB,2017-12-01,27.923999786376953,28.700000762939453,27.559999465942383,28.309999465942383,49800,23.36618423461914,0.0
HBB,2017-12-04,28.56999969482422,28.90999984741211,27.0,27.1200008392334,52200,22.383995056152344,0.0
HBB,2017-12-05,27.079999923706055,27.600000381469727,26.100000381469727,27.149999618530273,59700,22.408756256103516,0.0
HBB,2017-12-06,26.8799991607666,28.100000381469727,26.65999984741211,27.06999969482422,55400,22.34272575378418,0.0
HBB,2017-12-07,27.290000915527344,27.395000457763672,26.850000381469727,27.030000686645508,54400,22.309711456298828,0.0
HBB,2017-12-08,26.934999465942383,27.1200008392334,26.209999084472656,26.809999465942383,36700,22.128131866455078,0.0
HBB,2017-12-11,26.809999465942383,26.809999465942383,25.815000534057617,26.059999465942383,63600,21.509103775024414,0.0
HBB,2017-12-12,26.260000228881836,27.040000915527344,25.58099937438965,26.489999771118164,78600,21.864009857177734,0.0
HBB,2017-12-13,27.020000457763672,27.43000030517578,25.799999237060547,26.639999389648438,116700,21.98781967163086,0.0
HBB,2017-12-14,26.459999084472656,26.760000228881836,24.850000381469727,24.969999313354492,149800,20.609453201293945,0.0
HBB,2017-12-15,24.90999984741211,26.56999969482422,24.649999618530273,26.5,493900,21.872268676757812,0.0
HBB,2017-12-18,26.68000030517578,26.950000762939453,25.579999923706055,26.139999389648438,50100,21.57513427734375,0.0
HBB,2017-12-19,26.059999465942383,26.549999237060547,25.639999389648438,25.899999618530273,31600,21.377046585083008,0.0
HBB,2017-12-20,26.030000686645508,26.520000457763672,25.040000915527344,25.270000457763672,38000,20.857065200805664,0.0
HBB,2017-12-21,25.139999389648438,26.31999969482422,25.139999389648438,25.799999237060547,40400,21.294509887695312,0.0
HBB,2017-12-22,25.799999237060547,25.989999771118164,25.510000228881836,25.90999984741211,16700,21.385299682617188,0.0
HBB,2017-12-26,25.760000228881836,26.450000762939453,25.530000686645508,25.969999313354492,31100,21.43482208251953,0.0
HBB,2017-12-27,25.950000762939453,26.329999923706055,25.450000762939453,25.670000076293945,34900,21.187211990356445,0.0
HBB,2017-12-28,25.709999084472656,26.34000015258789,25.530000686645508,26.020000457763672,10700,21.476089477539062,0.0
HBB,2017-12-29,26.049999237060547,26.5,24.81100082397461,25.690000534057617,31700,21.20371437072754,0.0
HBB,2018-01-02,25.6299991607666,26.350000381469727,25.6200008392334,26.149999618530273,20300,21.583389282226562,0.0
HBB,2018-01-03,26.200000762939453,27.950000762939453,24.799999237060547,24.93000030517578,49000,20.576438903808594,0.0
HBB,2018-01-04,25.020000457763672,26.125,25.020000457763672,25.790000915527344,37200,21.2862606048584,0.0
HBB,2018-01-05,26.020000457763672,26.299999237060547,25.18000030517578,25.440000534057617,12500,20.997379302978516,0.0
HBB,2018-01-08,25.420000076293945,26.450000762939453,24.809999465942383,25.93000030517578,31900,21.40180778503418,0.0
HBB,2018-01-09,26.049999237060547,26.479999542236328,25.389999389648438,26.190000534057617,21400,21.616403579711914,0.0
HBB,2018-01-10,25.989999771118164,27.790000915527344,25.219999313354492,26.360000610351562,64500,21.7567138671875,0.0
HBB,2018-01-11,26.469999313354492,27.6200008392334,25.5,25.899999618530273,43300,21.377046585083008,0.0
HBB,2018-01-12,25.90999984741211,28.56999969482422,25.549999237060547,26.770000457763672,58900,22.09511375427246,0.0
HBB,2018-01-16,26.979999542236328,27.469999313354492,26.059999465942383,26.190000534057617,53300,21.616403579711914,0.0
HBB,2018-01-17,26.15999984741211,26.68000030517578,25.059999465942383,25.770000457763672,55400,21.269750595092773,0.0
HBB,2018-01-18,25.239999771118164,26.260000228881836,25.239999771118164,25.65999984741211,11000,21.1789608001709,0.0
HBB,2018-01-19,25.760000228881836,26.350000381469727,25.489999771118164,26.020000457763672,24600,21.476089477539062,0.0
HBB,2018-01-22,26.15999984741211,26.469999313354492,25.93000030517578,26.3700008392334,78100,21.764968872070312,0.0
HBB,2018-01-23,26.399999618530273,26.78499984741211,25.809999465942383,26.100000381469727,49300,21.542118072509766,0.0
HBB,2018-01-24,26.239999771118164,26.709999084472656,26.030000686645508,26.209999084472656,37700,21.632909774780273,0.0
HBB,2018-01-25,26.030000686645508,26.559999465942383,26.020000457763672,26.350000381469727,28100,21.748456954956055,0.0
HBB,2018-01-26,26.290000915527344,26.440000534057617,25.739999771118164,26.100000381469727,35200,21.542118072509766,0.0
HBB,2018-01-29,26.100000381469727,26.200000762939453,25.510000228881836,25.700000762939453,36400,21.211971282958984,0.0
HBB,2018-01-30,25.440000534057617,26.489999771118164,25.06100082397461,25.709999084472656,53800,21.220230102539062,0.0
HBB,2018-01-31,25.75,25.969999313354492,25.325000762939453,25.709999084472656,38800,21.220230102539062,0.0
HBB,2018-02-01,25.549999237060547,25.889999389648438,25.15999984741211,25.469999313354492,26200,21.022136688232422,0.0
HBB,2018-02-02,25.110000610351562,25.489999771118164,24.920000076293945,25.0,87200,20.634212493896484,0.0
HBB,2018-02-05,24.80699920654297,25.43000030517578,24.489999771118164,25.09000015258789,105300,20.708492279052734,0.0
HBB,2018-02-06,24.75,25.110000610351562,24.079999923706055,25.020000457763672,88000,20.650718688964844,0.0
HBB,2018-02-07,24.479999542236328,25.950000762939453,24.479999542236328,25.65999984741211,32500,21.1789608001709,0.0
HBB,2018-02-08,25.65999984741211,25.665000915527344,24.639999389648438,24.860000610351562,64000,20.518661499023438,0.0
HBB,2018-02-09,24.969999313354492,25.43000030517578,24.600000381469727,25.209999084472656,42900,20.807540893554688,0.0
HBB,2018-02-12,25.200000762939453,25.649999618530273,24.940000534057617,25.540000915527344,18200,21.07991600036621,0.0
HBB,2018-02-13,25.360000610351562,25.799999237060547,25.049999237060547,25.270000457763672,12600,20.857065200805664,0.0
HBB,2018-02-14,25.040000915527344,25.790000915527344,24.860000610351562,25.440000534057617,40700,20.997379302978516,0.0
HBB,2018-02-15,25.440000534057617,25.875,25.010000228881836,25.59000015258789,30100,21.121179580688477,0.0
HBB,2018-02-16,25.510000228881836,25.510000228881836,25.040000915527344,25.149999618530273,20700,20.75802230834961,0.0
HBB,2018-02-20,25.270000457763672,25.770000457763672,24.8700008392334,24.950000762939453,17100,20.592945098876953,0.0
HBB,2018-02-21,24.729999542236328,25.549999237060547,24.510000228881836,24.739999771118164,42100,20.419612884521484,0.0
HBB,2018-02-22,24.75,24.989999771118164,24.209999084472656,24.559999465942383,26600,20.27104949951172,0.0
HBB,2018-02-23,24.670000076293945,24.799999237060547,24.299999237060547,24.6200008392334,17000,20.32057762145996,0.0
HBB,2018-02-26,24.700000762939453,25.190000534057617,24.448999404907227,24.81999969482422,20700,20.48564910888672,0.0
HBB,2018-02-27,24.799999237060547,25.25,24.6200008392334,24.6200008392334,19500,20.32057762145996,0.0
HBB,2018-02-28,24.649999618530273,25.15999984741211,24.209999084472656,24.770000457763672,41600,20.515207290649414,0.085
HBB,2018-03-01,24.809999465942383,25.05500030517578,24.110000610351562,24.93000030517578,36200,20.647724151611328,0.0
HBB,2018-03-02,24.719999313354492,25.209999084472656,24.687999725341797,25.010000228881836,32400,20.7139892578125,0.0
HBB,2018-03-05,24.829999923706055,25.860000610351562,24.610000610351562,25.350000381469727,29100,20.995576858520508,0.0
HBB,2018-03-06,25.3700008392334,25.625,24.8799991607666,24.989999771118164,18800,20.69741439819336,0.0
HBB,2018-03-07,24.899999618530273,25.947999954223633,24.260000228881836,25.299999237060547,37000,20.954160690307617,0.0
HBB,2018-03-08,24.75,25.149999618530273,24.25,24.25,55900,20.084529876708984,0.0
HBB,2018-03-09,24.260000228881836,24.799999237060547,23.969999313354492,24.260000228881836,52900,20.09280776977539,0.0
HBB,2018-03-12,24.239999771118164,24.829999923706055,23.989999771118164,24.43000030517578,36600,20.233612060546875,0.0
HBB,2018-03-13,24.489999771118164,24.875,23.5,23.510000228881836,69100,19.471641540527344,0.0
HBB,2018-03-14,23.964000701904297,24.229999542236328,22.986000061035156,23.81999969482422,30000,19.7283878326416,0.0
HBB,2018-03-15,23.8799991607666,23.8799991607666,23.25,23.350000381469727,22200,19.3391170501709,0.0
HBB,2018-03-16,23.40999984741211,23.809999465942383,22.59000015258789,22.6200008392334,239800,18.73451805114746,0.0
HBB,2018-03-19,22.549999237060547,22.600000381469727,22.086000442504883,22.350000381469727,52500,18.510896682739258,0.0
HBB,2018-03-20,22.40999984741211,23.290000915527344,22.336000442504883,23.010000228881836,49300,19.057533264160156,0.0
HBB,2018-03-21,23.030000686645508,23.1200008392334,22.079999923706055,22.549999237060547,38700,18.676538467407227,0.0
HBB,2018-03-22,22.389999389648438,23.049999237060547,22.25,22.510000228881836,35400,18.643413543701172,0.0
HBB,2018-03-23,22.530000686645508,23.149999618530273,22.530000686645508,22.729999542236328,79900,18.82562255859375,0.0
HBB,2018-03-26,23.010000228881836,23.040000915527344,22.34000015258789,22.709999084472656,62000,18.809053421020508,0.0
HBB,2018-03-27,22.760000228881836,22.843000411987305,21.760000228881836,21.770000457763672,22700,18.030521392822266,0.0
HBB,2018-03-28,21.90999984741211,22.010000228881836,21.150999069213867,21.670000076293945,31600,17.947696685791016,0.0
HBB,2018-03-29,21.790000915527344,22.009000778198242,21.020000457763672,21.219999313354492,26300,17.574995040893555,0.0
HBB,2018-04-02,21.219999313354492,22.18000030517578,20.969999313354492,22.09000015258789,32400,18.295555114746094,0.0
HBB,2018-04-03,22.399999618530273,23.920000076293945,21.940000534057617,23.149999618530273,39600,19.173480987548828,0.0
HBB,2018-04-04,22.860000610351562,24.530000686645508,22.489999771118164,24.149999618530273,31800,20.001707077026367,0.0
HBB,2018-04-05,24.06999969482422,24.280000686645508,22.709999084472656,22.81999969482422,39200,18.900163650512695,0.0
HBB,2018-04-06,22.639999389648438,22.639999389648438,21.110000610351562,22.030000686645508,42200,18.24586296081543,0.0
HBB,2018-04-09,22.110000610351562,22.110000610351562,21.209999084472656,21.31999969482422,27900,17.65781593322754,0.0
HBB,2018-04-10,21.5,22.190000534057617,21.309999465942383,22.1299991607666,34000,18.328685760498047,0.0
HBB,2018-04-11,22.010000228881836,23.100000381469727,22.010000228881836,22.84000015258789,25500,18.91672706604004,0.0
HBB,2018-04-12,22.969999313354492,24.25,22.892000198364258,24.1200008392334,25000,19.97686195373535,0.0
HBB,2018-04-13,24.25,24.25,23.6299991607666,23.93000030517578,26200,19.819496154785156,0.0
HBB,2018-04-16,24.09000015258789,24.25,23.290000915527344,24.09000015258789,36500,19.952011108398438,0.0
HBB,2018-04-17,24.09000015258789,24.21500015258789,23.481000900268555,23.93000030517578,21500,19.819496154785156,0.0
HBB,2018-04-18,23.65999984741211,24.15999984741211,23.40999984741211,23.420000076293945,16900,19.397098541259766,0.0
HBB,2018-04-19,23.170000076293945,23.489999771118164,23.030000686645508,23.190000534057617,11400,19.20660972595215,0.0
HBB,2018-04-20,23.309999465942383,23.579999923706055,22.360000610351562,22.809999465942383,21700,18.891881942749023,0.0
HBB,2018-04-23,22.860000610351562,23.579999923706055,22.430999755859375,23.559999465942383,13900,19.513051986694336,0.0
HBB,2018-04-24,23.510000228881836,23.829999923706055,23.121000289916992,23.360000610351562,32100,19.347410202026367,0.0
HBB,2018-04-25,23.350000381469727,23.59000015258789,23.079999923706055,23.1200008392334,26000,19.14863395690918,0.0
HBB,2018-04-26,23.270000457763672,23.600000381469727,21.8799991607666,22.110000610351562,86400,18.312122344970703,0.0
HBB,2018-04-27,22.190000534057617,22.540000915527344,20.989999771118164,21.489999771118164,24400,17.79862403869629,0.0
HBB,2018-04-30,21.489999771118164,23.010000228881836,21.309999465942383,22.25,28700,18.428070068359375,0.0
HBB,2018-05-01,22.309999465942383,22.65999984741211,21.670000076293945,22.399999618530273,31000,18.55230712890625,0.0
HBB,2018-05-02,22.350000381469727,23.079999923706055,22.110000610351562,22.81999969482422,25100,18.900163650512695,0.0
HBB,2018-05-03,23.059999465942383,24.469999313354492,23.0,24.309999465942383,32700,20.13422393798828,0.0
HBB,2018-05-04,24.290000915527344,24.719999313354492,24.125,24.5,22900,20.29159164428711,0.0
HBB,2018-05-07,24.6200008392334,25.0,24.59000015258789,24.649999618530273,24800,20.415822982788086,0.0
HBB,2018-05-08,23.959999084472656,24.739999771118164,23.75,23.889999389648438,32500,19.786373138427734,0.0
HBB,2018-05-09,24.0,25.139999389648438,24.0,25.139999389648438,33800,20.821653366088867,0.0
HBB,2018-05-10,24.950000762939453,25.722999572753906,24.8700008392334,25.15999984741211,30800,20.83821678161621,0.0
HBB,2018-05-11,25.079999923706055,26.309999465942383,25.079999923706055,26.15999984741211,16500,21.666446685791016,0.0
HBB,2018-05-14,26.239999771118164,26.780000686645508,24.8799991607666,25.010000228881836,30000,20.7139892578125,0.0
HBB,2018-05-15,25.5,26.229999542236328,24.600000381469727,25.6200008392334,47700,21.219207763671875,0.0
HBB,2018-05-16,25.700000762939453,26.98900032043457,25.389999389648438,26.670000076293945,33700,22.088836669921875,0.0
HBB,2018-05-17,26.65999984741211,28.09000015258789,26.450000762939453,27.450000762939453,19600,22.734859466552734,0.0
HBB,2018-05-18,27.549999237060547,28.399999618530273,26.739999771118164,28.239999771118164,29900,23.389158248901367,0.0
HBB,2018-05-21,28.290000915527344,28.649999618530273,27.360000610351562,27.829999923706055,28800,23.04958724975586,0.0
HBB,2018-05-22,27.860000610351562,27.860000610351562,27.06999969482422,27.200000762939453,24000,22.527807235717773,0.0
HBB,2018-05-23,27.149999618530273,27.25,26.559999465942383,27.190000534057617,27700,22.51951789855957,0.0
HBB,2018-05-24,27.149999618530273,28.143999099731445,27.079999923706055,27.709999084472656,37400,22.950197219848633,0.0
HBB,2018-05-25,27.690000534057617,28.59000015258789,27.239999771118164,28.200000762939453,16700,23.356033325195312,0.0
HBB,2018-05-29,28.15999984741211,28.56999969482422,26.84000015258789,27.399999618530273,38100,22.693445205688477,0.0
HBB,2018-05-30,28.670000076293945,29.100000381469727,27.68000030517578,28.15999984741211,29100,23.322900772094727,0.0
HBB,2018-05-31,28.200000762939453,28.6200008392334,27.540000915527344,28.030000686645508,33200,23.285518646240234,0.085
HBB,2018-06-01,28.239999771118164,28.440000534057617,27.549999237060547,28.25,30900,23.468278884887695,0.0
HBB,2018-06-04,28.270000457763672,29.68000030517578,27.489999771118164,29.68000030517578,38200,24.656232833862305,0.0
HBB,2018-06-05,29.31999969482422,29.93000030517578,27.84000015258789,28.15999984741211,46200,23.393512725830078,0.0
HBB,2018-06-06,28.280000686645508,29.639999389648438,28.010000228881836,29.110000610351562,39700,24.182714462280273,0.0
HBB,2018-06-07,29.25,29.549999237060547,25.889999389648438,26.239999771118164,35800,21.79849624633789,0.0
HBB,2018-06-08,26.299999237060547,27.540000915527344,26.200000762939453,26.81999969482422,35000,22.28032875061035,0.0
HBB,2018-06-11,26.81999969482422,27.979999542236328,26.81999969482422,27.559999465942383,49000,22.895069122314453,0.0
HBB,2018-06-12,27.649999618530273,29.920000076293945,27.649999618530273,29.43000030517578,37900,24.448543548583984,0.0
HBB,2018-06-13,29.450000762939453,30.729999542236328,29.39699935913086,30.329999923706055,56600,25.196210861206055,0.0
HBB,2018-06-14,30.309999465942383,30.799999237060547,29.604999542236328,30.350000381469727,49800,25.212825775146484,0.0
HBB,2018-06-15,30.5,30.709999084472656,29.43000030517578,29.8700008392334,62400,24.814071655273438,0.0
HBB,2018-06-18,29.65999984741211,30.0,29.350000381469727,29.68000030517578,54300,24.656232833862305,0.0
HBB,2018-06-19,29.3799991607666,30.05699920654297,28.68000030517578,29.31999969482422,56100,24.357168197631836,0.0
HBB,2018-06-20,29.329999923706055,30.15999984741211,28.860000610351562,29.399999618530273,55200,24.423625946044922,0.0
HBB,2018-06-21,29.280000686645508,29.440000534057617,26.299999237060547,27.56999969482422,72900,22.903379440307617,0.0
HBB,2018-06-22,27.530000686645508,28.889999389648438,26.600000381469727,27.549999237060547,431700,22.886762619018555,0.0
HBB,2018-06-25,27.100000381469727,27.65999984741211,26.25,27.600000381469727,75800,22.928302764892578,0.0
HBB,2018-06-26,27.639999389648438,28.954999923706055,27.149999618530273,28.190000534057617,77200,23.418432235717773,0.0
HBB,2018-06-27,28.25,28.40999984741211,26.25,27.979999542236328,61200,23.243980407714844,0.0
HBB,2018-06-28,27.899999618530273,28.3799991607666,27.08799934387207,28.239999771118164,50000,23.459970474243164,0.0
HBB,2018-06-29,28.3799991607666,29.5,27.790000915527344,29.049999237060547,40500,24.132869720458984,0.0
HBB,2018-07-02,28.829999923706055,29.33300018310547,27.510000228881836,28.670000076293945,36300,23.817190170288086,0.0
HBB,2018-07-03,28.75,29.149999618530273,28.75,28.899999618530273,11500,24.00826072692871,0.0
HBB,2018-07-05,28.950000762939453,30.700000762939453,28.510000228881836,30.09000015258789,51000,24.996829986572266,0.0
HBB,2018-07-06,30.100000381469727,31.299999237060547,30.024999618530273,30.5,52700,25.337434768676758,0.0
HBB,2018-07-09,30.579999923706055,31.0,29.809999465942383,29.90999984741211,58600,24.84729766845703,0.0
HBB,2018-07-10,29.600000381469727,30.684999465942383,28.700000762939453,30.260000228881836,42000,25.138057708740234,0.0
HBB,2018-07-11,30.010000228881836,30.010000228881836,28.864999771118164,29.209999084472656,20300,24.26578140258789,0.0
HBB,2018-07-12,29.149999618530273,29.3799991607666,28.110000610351562,28.3700008392334,25500,23.56796646118164,0.0
HBB,2018-07-13,28.31999969482422,28.31999969482422,27.18000030517578,27.65999984741211,33500,22.978139877319336,0.0
HBB,2018-07-16,27.690000534057617,28.09000015258789,27.309999465942383,27.56999969482422,37100,22.903379440307617,0.0
HBB,2018-07-17,27.5,28.3799991607666,27.459999084472656,27.559999465942383,26600,22.895069122314453,0.0
HBB,2018-07-18,27.5,27.700000762939453,26.100000381469727,27.0,54100,22.429859161376953,0.0
HBB,2018-07-19,26.780000686645508,27.75,26.780000686645508,26.940000534057617,44400,22.380014419555664,0.0
HBB,2018-07-20,27.0,27.25,26.809999465942383,27.110000610351562,21300,22.521242141723633,0.0
HBB,2018-07-23,27.06999969482422,27.209999084472656,26.260000228881836,26.639999389648438,34700,22.130794525146484,0.0
HBB,2018-07-24,26.780000686645508,27.020000457763672,26.059999465942383,26.489999771118164,31700,22.006189346313477,0.0
HBB,2018-07-25,26.309999465942383,26.770000457763672,25.299999237060547,25.5,137800,21.183759689331055,0.0
HBB,2018-07-26,25.420000076293945,26.479999542236328,25.420000076293945,25.68000030517578,15900,21.33328628540039,0.0
HBB,2018-07-27,25.809999465942383,26.489999771118164,24.770000457763672,26.059999465942383,88200,21.64896583557129,0.0
HBB,2018-07-30,26.040000915527344,26.520000457763672,25.149999618530273,25.420000076293945,25500,21.117298126220703,0.0
HBB,2018-07-31,25.530000686645508,25.565000534057617,25.030000686645508,25.399999618530273,18200,21.100677490234375,0.0
HBB,2018-08-01,25.3799991607666,27.719999313354492,25.049999237060547,26.940000534057617,57600,22.380014419555664,0.0
HBB,2018-08-02,27.950000762939453,28.59000015258789,24.1200008392334,25.079999923706055,184000,20.8348445892334,0.0
HBB,2018-08-03,25.079999923706055,25.290000915527344,24.579999923706055,24.920000076293945,30500,20.701929092407227,0.0
HBB,2018-08-06,24.770000457763672,24.975000381469727,23.628999710083008,24.700000762939453,59200,20.51917266845703,0.0
HBB,2018-08-07,24.6299991607666,25.469999313354492,23.44499969482422,24.479999542236328,54200,20.336406707763672,0.0
HBB,2018-08-08,24.31999969482422,24.719999313354492,23.165000915527344,23.93000030517578,28300,19.87950325012207,0.0
HBB,2018-08-09,23.889999389648438,24.790000915527344,22.97100067138672,23.8799991607666,26500,19.837966918945312,0.0
HBB,2018-08-10,23.700000762939453,24.09000015258789,23.145999908447266,23.850000381469727,11800,19.81304359436035,0.0
HBB,2018-08-13,23.780000686645508,25.094999313354492,23.510000228881836,24.1200008392334,36600,20.037343978881836,0.0
HBB,2018-08-14,24.309999465942383,24.8799991607666,23.899999618530273,24.469999313354492,23800,20.328094482421875,0.0
HBB,2018-08-15,24.299999237060547,25.459999084472656,24.18000030517578,25.3700008392334,38100,21.07575798034668,0.0
HBB,2018-08-16,25.3799991607666,26.440000534057617,24.94300079345703,26.239999771118164,25400,21.79849624633789,0.0
HBB,2018-08-17,26.06999969482422,26.55500030517578,25.100000381469727,25.639999389648438,31200,21.30006217956543,0.0
HBB,2018-08-20,25.559999465942383,26.059999465942383,25.0,25.040000915527344,17400,20.801618576049805,0.0
HBB,2018-08-21,25.079999923706055,25.674999237060547,25.079999923706055,25.399999618530273,20500,21.100677490234375,0.0
HBB,2018-08-22,25.260000228881836,25.538000106811523,24.940000534057617,25.260000228881836,23400,20.984376907348633,0.0
HBB,2018-08-23,25.360000610351562,25.90999984741211,25.020000457763672,25.059999465942383,24000,20.8182315826416,0.0
HBB,2018-08-24,25.1299991607666,25.3799991607666,24.100000381469727,24.969999313354492,30300,20.74346160888672,0.0
HBB,2018-08-27,25.1200008392334,26.31999969482422,25.1200008392334,25.149999618530273,10800,20.89299964904785,0.0
HBB,2018-08-28,25.290000915527344,25.82200050354004,24.600000381469727,25.600000381469727,54300,21.266834259033203,0.0
HBB,2018-08-29,25.6200008392334,25.75,25.0,25.139999389648438,15000,20.88469123840332,0.0
HBB,2018-08-30,25.010000228881836,25.010000228881836,22.979999542236328,23.280000686645508,53500,19.405134201049805,0.085
HBB,2018-08-31,23.100000381469727,23.610000610351562,22.709999084472656,23.149999618530273,54000,19.29677391052246,0.0
HBB,2018-09-04,23.1200008392334,23.84000015258789,22.010000228881836,23.579999923706055,44800,19.655200958251953,0.0
HBB,2018-09-05,23.739999771118164,23.84000015258789,22.84000015258789,23.149999618530273,35100,19.29677391052246,0.0
HBB,2018-09-06,23.100000381469727,24.299999237060547,22.65999984741211,24.06999969482422,41000,20.063640594482422,0.0
HBB,2018-09-07,23.969999313354492,25.040000915527344,23.920000076293945,24.549999237060547,19400,20.463747024536133,0.0
HBB,2018-09-10,24.56999969482422,24.865999221801758,23.56999969482422,24.5,15500,20.422075271606445,0.0
HBB,2018-09-11,24.3799991607666,25.461000442504883,22.940000534057617,23.309999465942383,37600,19.430139541625977,0.0
HBB,2018-09-12,23.280000686645508,24.145000457763672,23.280000686645508,23.8700008392334,23100,19.896928787231445,0.0
HBB,2018-09-13,23.979999542236328,23.979999542236328,23.5049991607666,23.65999984741211,17600,19.721885681152344,0.0
HBB,2018-09-14,23.649999618530273,24.200000762939453,23.40999984741211,23.610000610351562,20400,19.68020248413086,0.0
HBB,2018-09-17,24.65999984741211,24.65999984741211,22.98699951171875,23.93000030517578,41200,19.946943283081055,0.0
HBB,2018-09-18,23.969999313354492,24.86400032043457,23.3700008392334,23.739999771118164,21900,19.7885684967041,0.0
HBB,2018-09-19,23.639999389648438,24.809999465942383,23.5,24.09000015258789,20000,20.08031463623047,0.0
HBB,2018-09-20,23.979999542236328,24.53499984741211,23.690000534057617,23.940000534057617,23100,19.955280303955078,0.0
HBB,2018-09-21,23.920000076293945,24.229999542236328,23.360000610351562,24.049999237060547,54400,20.046968460083008,0.0
HBB,2018-09-24,23.8700008392334,24.219999313354492,22.204999923706055,22.5,48700,18.754962921142578,0.0
HBB,2018-09-25,22.600000381469727,23.420000076293945,22.260000228881836,22.760000228881836,34200,18.9716854095459,0.0
HBB,2018-09-26,22.739999771118164,23.7549991607666,22.030000686645508,22.040000915527344,16700,18.37152671813965,0.0
HBB,2018-09-27,22.1299991607666,23.229999542236328,21.549999237060547,21.65999984741211,21400,18.05476951599121,0.0
HBB,2018-09-28,21.639999389648438,22.1200008392334,21.610000610351562,21.940000534057617,12600,18.288169860839844,0.0
HBB,2018-10-01,22.079999923706055,23.07900047302246,21.9060001373291,22.020000457763672,28100,18.354854583740234,0.0
HBB,2018-10-02,21.69499969482422,21.69499969482422,21.05500030517578,21.100000381469727,28400,17.587989807128906,0.0
HBB,2018-10-03,21.200000762939453,21.895000457763672,21.1200008392334,21.25,15000,17.713022232055664,0.0
HBB,2018-10-04,21.329999923706055,22.15999984741211,21.0,21.25,22800,17.713022232055664,0.0
HBB,2018-10-05,21.399999618530273,21.871999740600586,21.15999984741211,21.549999237060547,19800,17.963083267211914,0.0
HBB,2018-10-08,21.149999618530273,22.1200008392334,20.950000762939453,21.549999237060547,27400,17.963083267211914,0.0
HBB,2018-10-09,21.649999618530273,21.910999298095703,21.190000534057617,21.31999969482422,18400,17.7713680267334,0.0
HBB,2018-10-10,21.100000381469727,21.650999069213867,20.579999923706055,20.860000610351562,54100,17.387935638427734,0.0
HBB,2018-10-11,21.10300064086914,21.5,19.280000686645508,19.6299991607666,18500,16.36265754699707,0.0
HBB,2018-10-12,19.950000762939453,20.739999771118164,18.334999084472656,18.899999618530273,26100,15.754168510437012,0.0
HBB,2018-10-15,19.75,19.80299949645996,18.510000228881836,19.510000228881836,36600,16.26263427734375,0.0
HBB,2018-10-16,19.649999618530273,20.059999465942383,19.260000228881836,20.0,45900,16.67107582092285,0.0
HBB,2018-10-17,20.06999969482422,21.040000915527344,20.0,20.739999771118164,14200,17.28790283203125,0.0
HBB,2018-10-18,20.700000762939453,20.839000701904297,19.450000762939453,20.0,23000,16.67107582092285,0.0
HBB,2018-10-19,20.030000686645508,20.15999984741211,18.770000457763672,19.219999313354492,22800,16.020906448364258,0.0
HBB,2018-10-22,19.290000915527344,20.030000686645508,18.79400062561035,19.010000228881836,26100,15.845856666564941,0.0
HBB,2018-10-23,18.719999313354492,19.420000076293945,18.520000457763672,18.899999618530273,16100,15.754168510437012,0.0
HBB,2018-10-24,19.280000686645508,19.280000686645508,18.5,18.5,15100,15.42074966430664,0.0
HBB,2018-10-25,18.600000381469727,19.760000228881836,18.030000686645508,19.600000381469727,88600,16.337656021118164,0.0
HBB,2018-10-26,19.34000015258789,19.68000030517578,18.29199981689453,19.6299991607666,57900,16.36265754699707,0.0
HBB,2018-10-29,19.8700008392334,20.729999542236328,19.459999084472656,20.350000381469727,35800,16.962818145751953,0.0
HBB,2018-10-30,19.670000076293945,20.5,19.670000076293945,20.280000686645508,27100,16.90447235107422,0.0
HBB,2018-10-31,22.579999923706055,23.5,21.579999923706055,23.219999313354492,74700,19.355121612548828,0.0
HBB,2018-11-01,23.139999389648438,24.40999984741211,23.139999389648438,24.020000457763672,38600,20.021963119506836,0.0
HBB,2018-11-02,24.15999984741211,25.489999771118164,24.15999984741211,25.489999771118164,32300,21.24728775024414,0.0
HBB,2018-11-05,25.309999465942383,25.7189998626709,24.010000228881836,24.020000457763672,53800,20.021963119506836,0.0
HBB,2018-11-06,24.020000457763672,24.71500015258789,23.139999389648438,23.969999313354492,29300,19.98028564453125,0.0
HBB,2018-11-07,24.209999084472656,24.709999084472656,23.190000534057617,24.170000076293945,29900,20.146991729736328,0.0
HBB,2018-11-08,24.18000030517578,24.67799949645996,23.68000030517578,24.040000915527344,18400,20.038637161254883,0.0
HBB,2018-11-09,24.0,24.548999786376953,24.0,24.0,32600,20.00528907775879,0.0
HBB,2018-11-12,24.0,24.299999237060547,22.40999984741211,22.610000610351562,30400,18.846649169921875,0.0
HBB,2018-11-13,22.600000381469727,23.75,22.149999618530273,22.469999313354492,23800,18.729951858520508,0.0
HBB,2018-11-14,22.649999618530273,23.59000015258789,22.260000228881836,22.920000076293945,24300,19.10504913330078,0.0
HBB,2018-11-15,22.760000228881836,24.0,22.760000228881836,23.549999237060547,34900,19.63019371032715,0.0
HBB,2018-11-16,23.170000076293945,24.49799919128418,22.690000534057617,23.280000686645508,22400,19.405134201049805,0.0
HBB,2018-11-19,23.280000686645508,24.020999908447266,21.670000076293945,22.09000015258789,37000,18.4132022857666,0.0
HBB,2018-11-20,21.780000686645508,22.049999237060547,20.670000076293945,21.06999969482422,40500,17.562978744506836,0.0
HBB,2018-11-21,21.309999465942383,21.68000030517578,20.5,21.0,35800,17.5046329498291,0.0
HBB,2018-11-23,20.639999389648438,21.469999313354492,20.43000030517578,20.8799991607666,12600,17.404600143432617,0.0
HBB,2018-11-26,20.889999389648438,21.219999313354492,20.5,21.0,48100,17.5046329498291,0.0
HBB,2018-11-27,20.889999389648438,21.18600082397461,20.450000762939453,20.770000457763672,20400,17.31291389465332,0.0
HBB,2018-11-28,20.670000076293945,21.09000015258789,20.424999237060547,20.920000076293945,46000,17.437946319580078,0.0
HBB,2018-11-29,20.6299991607666,22.850000381469727,20.6299991607666,22.850000381469727,47500,19.124406814575195,0.085
HBB,2018-11-30,23.66699981689453,23.66699981689453,22.475000381469727,22.649999618530273,26300,18.957019805908203,0.0
HBB,2018-12-03,23.1200008392334,23.68000030517578,22.724000930786133,23.270000457763672,32400,19.475933074951172,0.0
HBB,2018-12-04,23.34000015258789,23.437999725341797,21.219999313354492,21.5,24900,17.994518280029297,0.0
HBB,2018-12-06,21.389999389648438,22.030000686645508,21.18400001525879,21.770000457763672,23100,18.220495223999023,0.0
HBB,2018-12-07,22.5,22.65999984741211,20.270000457763672,20.770000457763672,18000,17.383546829223633,0.0
HBB,2018-12-10,20.81999969482422,21.170000076293945,19.8700008392334,20.8799991607666,57300,17.47560691833496,0.0
HBB,2018-12-11,18.927000045776367,21.34000015258789,18.927000045776367,20.510000228881836,77200,17.165935516357422,0.0
HBB,2018-12-12,20.889999389648438,22.010000228881836,20.8799991607666,21.549999237060547,19900,18.03636932373047,0.0
HBB,2018-12-13,21.59000015258789,22.458999633789062,21.382999420166016,21.90999984741211,31900,18.337675094604492,0.0
HBB,2018-12-14,21.59000015258789,22.200000762939453,21.3700008392334,21.84000015258789,21500,18.279088973999023,0.0
HBB,2018-12-17,21.860000610351562,22.545000076293945,20.190000534057617,20.610000610351562,46800,17.2496337890625,0.0
HBB,2018-12-18,20.809999465942383,22.1299991607666,20.174999237060547,21.700000762939453,62100,18.161911010742188,0.0
HBB,2018-12-19,20.77899932861328,22.309999465942383,20.77899932861328,21.290000915527344,25500,17.81876564025879,0.0
HBB,2018-12-20,20.329999923706055,21.139999389648438,19.940000534057617,20.520000457763672,32300,17.174304962158203,0.0
HBB,2018-12-21,20.530000686645508,21.434999465942383,19.589000701904297,20.579999923706055,80600,17.22452163696289,0.0
HBB,2018-12-24,20.56999969482422,21.059999465942383,20.41200065612793,20.649999618530273,25600,17.283109664916992,0.0
HBB,2018-12-26,20.610000610351562,22.290000915527344,20.381999969482422,21.799999237060547,57200,18.245603561401367,0.0
HBB,2018-12-27,21.440000534057617,21.700000762939453,20.40999984741211,21.700000762939453,51500,18.161911010742188,0.0
HBB,2018-12-28,20.930999755859375,22.559999465942383,20.930999755859375,22.559999465942383,21600,18.881689071655273,0.0
HBB,2018-12-31,22.559999465942383,23.69499969482422,22.049999237060547,23.459999084472656,42000,19.63495445251465,0.0
HBB,2019-01-02,23.190000534057617,24.149999618530273,23.190000534057617,24.049999237060547,27800,20.128751754760742,0.0
HBB,2019-01-03,23.8799991607666,24.889999389648438,22.8799991607666,24.540000915527344,30500,20.538862228393555,0.0
HBB,2019-01-04,25.0,25.329999923706055,22.979999542236328,23.399999618530273,51600,19.584733963012695,0.0
HBB,2019-01-07,23.510000228881836,25.170000076293945,23.5049991607666,24.670000076293945,34100,20.64766502380371,0.0
HBB,2019-01-08,24.889999389648438,25.6200008392334,24.209999084472656,25.270000457763672,26300,21.14983558654785,0.0
HBB,2019-01-09,25.530000686645508,26.44499969482422,25.309999465942383,25.790000915527344,13400,21.585060119628906,0.0
HBB,2019-01-10,25.790000915527344,26.594999313354492,25.68000030517578,26.06999969482422,22600,21.819408416748047,0.0
HBB,2019-01-11,26.170000076293945,29.354999542236328,25.84000015258789,28.0,52600,23.434724807739258,0.0
HBB,2019-01-14,27.889999389648438,28.729000091552734,26.860000610351562,27.25,38300,22.8070125579834,0.0
HBB,2019-01-15,27.739999771118164,27.739999771118164,26.469999313354492,27.030000686645508,18800,22.62287712097168,0.0
HBB,2019-01-16,27.059999465942383,27.059999465942383,26.010000228881836,26.670000076293945,25700,22.321575164794922,0.0
HBB,2019-01-17,26.610000610351562,27.774999618530273,26.049999237060547,27.5,35200,23.016244888305664,0.0
HBB,2019-01-18,27.68000030517578,28.514999389648438,27.3799991607666,27.889999389648438,74700,23.342655181884766,0.0
HBB,2019-01-22,27.899999618530273,28.284000396728516,27.479999542236328,27.799999237060547,28900,23.267332077026367,0.0
HBB,2019-01-23,28.0,28.368000030517578,26.45199966430664,26.75,32100,22.38852882385254,0.0
HBB,2019-01-24,26.496999740600586,27.090999603271484,26.43000030517578,26.959999084472656,19500,22.564287185668945,0.0
HBB,2019-01-25,26.940000534057617,27.280000686645508,26.729999542236328,27.0,21000,22.5977725982666,0.0
HBB,2019-01-28,26.68000030517578,27.030000686645508,25.840999603271484,26.510000228881836,29300,22.187664031982422,0.0
HBB,2019-01-29,26.56999969482422,27.524999618530273,26.5,26.729999542236328,18800,22.37178611755371,0.0
HBB,2019-01-30,26.75,27.149999618530273,26.010000228881836,26.030000686645508,38200,21.785924911499023,0.0
HBB,2019-01-31,26.0,26.479999542236328,25.75,26.139999389648438,27400,21.87798500061035,0.0
HBB,2019-02-01,26.1299991607666,26.360000610351562,26.0,26.200000762939453,21500,21.928205490112305,0.0
HBB,2019-02-04,26.229999542236328,26.625,26.21500015258789,26.299999237060547,14600,22.011903762817383,0.0
HBB,2019-02-05,26.5,27.440000534057617,26.31100082397461,26.8700008392334,21900,22.48896598815918,0.0
HBB,2019-02-06,26.780000686645508,27.200000762939453,25.40999984741211,25.889999389648438,36500,21.66875457763672,0.0
HBB,2019-02-07,25.899999618530273,26.6200008392334,25.100000381469727,25.610000610351562,13500,21.43440055847168,0.0
HBB,2019-02-08,25.399999618530273,25.952999114990234,24.079999923706055,25.0,23000,20.923856735229492,0.0
HBB,2019-02-11,24.8799991607666,25.389999389648438,24.589000701904297,24.989999771118164,31400,20.91549301147461,0.0
HBB,2019-02-12,25.219999313354492,25.399999618530273,24.530000686645508,25.0,32700,20.923856735229492,0.0
HBB,2019-02-13,24.90999984741211,25.489999771118164,24.684999465942383,24.989999771118164,30500,20.91549301147461,0.0
HBB,2019-02-14,25.299999237060547,25.395999908447266,24.649999618530273,24.81999969482422,16100,20.77320671081543,0.0
HBB,2019-02-15,25.010000228881836,25.190000534057617,24.799999237060547,24.8799991607666,30700,20.823423385620117,0.0
HBB,2019-02-19,24.770000457763672,24.84000015258789,23.989999771118164,24.5,28500,20.505386352539062,0.0
HBB,2019-02-20,24.299999237060547,24.600000381469727,24.299999237060547,24.459999084472656,45600,20.471900939941406,0.0
HBB,2019-02-21,24.170000076293945,24.71500015258789,24.170000076293945,24.520000457763672,53700,20.522127151489258,0.0
HBB,2019-02-22,24.56999969482422,24.700000762939453,24.079999923706055,24.6200008392334,55900,20.605819702148438,0.0
HBB,2019-02-25,24.729999542236328,24.8700008392334,24.610000610351562,24.6299991607666,20900,20.614187240600586,0.0
HBB,2019-02-26,24.920000076293945,24.959999084472656,24.3799991607666,24.489999771118164,20800,20.497013092041016,0.0
HBB,2019-02-27,24.420000076293945,25.1299991607666,24.420000076293945,24.940000534057617,12600,20.87364387512207,0.0
HBB,2019-02-28,24.966999053955078,25.18000030517578,24.270000457763672,24.270000457763672,13300,20.38235092163086,0.085
HBB,2019-03-01,24.399999618530273,24.540000915527344,24.190000534057617,24.420000076293945,9600,20.508323669433594,0.0
HBB,2019-03-04,24.420000076293945,24.489999771118164,24.149999618530273,24.389999389648438,50300,20.483125686645508,0.0
HBB,2019-03-05,24.3799991607666,24.600000381469727,24.149999618530273,24.329999923706055,47100,20.432743072509766,0.0
HBB,2019-03-06,24.399999618530273,24.43000030517578,23.559999465942383,23.8799991607666,37300,20.054819107055664,0.0
HBB,2019-03-07,22.899999618530273,22.899999618530273,19.579999923706055,19.940000534057617,245400,16.745946884155273,0.0
HBB,2019-03-08,19.940000534057617,21.1299991607666,19.93000030517578,21.020000457763672,83800,17.6529483795166,0.0
HBB,2019-03-11,21.020000457763672,21.155000686645508,20.459999084472656,20.920000076293945,76100,17.568965911865234,0.0
HBB,2019-03-12,20.8799991607666,21.69499969482422,20.8799991607666,21.200000762939453,31400,17.804113388061523,0.0
HBB,2019-03-13,21.190000534057617,21.65999984741211,21.06999969482422,21.549999237060547,41900,18.098051071166992,0.0
HBB,2019-03-14,21.5,21.850000381469727,20.719999313354492,20.84000015258789,22300,17.501781463623047,0.0
HBB,2019-03-15,20.850000381469727,21.639999389648438,20.700000762939453,21.459999084472656,101400,18.022464752197266,0.0
HBB,2019-03-18,21.260000228881836,21.5,20.799999237060547,21.440000534057617,49600,18.00566864013672,0.0
HBB,2019-03-19,21.540000915527344,21.540000915527344,20.709999084472656,21.0,49600,17.636152267456055,0.0
HBB,2019-03-20,21.0,21.25,20.329999923706055,20.530000686645508,33400,17.241436004638672,0.0
HBB,2019-03-21,20.520000457763672,20.75,20.440000534057617,20.459999084472656,19400,17.182653427124023,0.0
HBB,2019-03-22,20.389999389648438,20.770000457763672,20.110000610351562,20.469999313354492,39100,17.19105339050293,0.0
HBB,2019-03-25,20.31999969482422,21.15999984741211,20.135000228881836,20.989999771118164,21500,17.62775421142578,0.0
HBB,2019-03-26,20.884000778198242,21.5,20.670000076293945,21.469999313354492,34500,18.03086280822754,0.0
HBB,2019-03-27,21.440000534057617,21.459999084472656,20.940000534057617,21.0,25100,17.636152267456055,0.0
HBB,2019-03-28,20.989999771118164,21.200000762939453,20.440000534057617,20.940000534057617,30000,17.585763931274414,0.0
HBB,2019-03-29,20.940000534057617,21.459999084472656,20.75,21.459999084472656,61800,18.022464752197266,0.0
HBB,2019-04-01,21.610000610351562,21.829999923706055,20.690000534057617,21.030000686645508,52500,17.66134262084961,0.0
HBB,2019-04-02,21.059999465942383,21.360000610351562,20.829999923706055,21.059999465942383,28400,17.686542510986328,0.0
HBB,2019-04-03,21.170000076293945,21.809999465942383,20.920000076293945,21.450000762939453,55700,18.014066696166992,0.0
HBB,2019-04-04,21.450000762939453,22.360000610351562,21.0,22.209999084472656,41300,18.65233039855957,0.0
HBB,2019-04-05,22.299999237060547,22.700000762939453,22.1299991607666,22.600000381469727,27000,18.9798583984375,0.0
HBB,2019-04-08,22.3700008392334,22.59000015258789,21.760000228881836,21.860000610351562,44500,18.358396530151367,0.0
HBB,2019-04-09,21.700000762939453,21.989999771118164,21.454999923706055,21.6299991607666,16200,18.165231704711914,0.0
HBB,2019-04-10,21.700000762939453,21.75,21.382999420166016,21.75,18600,18.266010284423828,0.0
HBB,2019-04-11,21.84000015258789,23.253999710083008,21.709999084472656,22.690000534057617,48300,19.05544090270996,0.0
HBB,2019-04-12,22.760000228881836,22.969999313354492,22.06999969482422,22.290000915527344,20600,18.719514846801758,0.0
HBB,2019-04-15,22.020000457763672,22.809999465942383,21.959999084472656,22.309999465942383,20600,18.736312866210938,0.0
HBB,2019-04-16,22.700000762939453,22.700000762939453,22.100000381469727,22.290000915527344,10100,18.719514846801758,0.0
HBB,2019-04-17,22.34000015258789,22.540000915527344,21.969999313354492,22.43000030517578,21600,18.83708953857422,0.0
HBB,2019-04-18,22.459999084472656,22.459999084472656,22.079999923706055,22.15999984741211,20100,18.61033821105957,0.0
HBB,2019-04-22,21.610000610351562,22.052000045776367,21.610000610351562,21.729999542236328,25300,18.24921989440918,0.0
HBB,2019-04-23,21.780000686645508,21.850000381469727,21.31999969482422,21.520000457763672,20600,18.072858810424805,0.0
HBB,2019-04-24,21.489999771118164,21.610000610351562,21.09000015258789,21.299999237060547,28400,17.888097763061523,0.0
HBB,2019-04-25,21.110000610351562,21.110000610351562,19.6200008392334,20.190000534057617,55900,16.955900192260742,0.0
HBB,2019-04-26,19.950000762939453,19.950000762939453,18.81999969482422,19.229999542236328,56300,16.149675369262695,0.0
HBB,2019-04-29,19.18000030517578,19.18000030517578,17.65999984741211,18.420000076293945,68700,15.469428062438965,0.0
HBB,2019-04-30,18.389999389648438,18.6299991607666,17.3799991607666,18.100000381469727,53900,15.200684547424316,0.0
HBB,2019-05-01,18.149999618530273,18.1560001373291,17.549999237060547,17.6200008392334,38500,14.797571182250977,0.0
HBB,2019-05-02,17.600000381469727,18.350000381469727,17.375,18.170000076293945,52300,15.259469032287598,0.0
HBB,2019-05-03,18.299999237060547,19.0,18.299999237060547,18.399999618530273,17000,15.45262336730957,0.0
HBB,2019-05-06,18.059999465942383,18.270000457763672,17.110000610351562,17.989999771118164,29000,15.108306884765625,0.0
HBB,2019-05-07,17.8799991607666,17.8799991607666,17.0,17.139999389648438,28200,14.394460678100586,0.0
HBB,2019-05-08,17.0,17.299999237060547,16.7549991607666,16.860000610351562,21300,14.159311294555664,0.0
HBB,2019-05-09,16.799999237060547,17.079999923706055,16.219999313354492,16.75,30800,14.066927909851074,0.0
HBB,2019-05-10,16.68000030517578,17.549999237060547,16.549999237060547,17.040000915527344,43800,14.310478210449219,0.0
HBB,2019-05-13,16.700000762939453,17.979999542236328,16.389999389648438,17.739999771118164,41900,14.89834976196289,0.0
HBB,2019-05-14,17.770000457763672,18.530000686645508,17.65999984741211,18.139999389648438,24200,15.234272956848145,0.0
HBB,2019-05-15,17.739999771118164,18.540000915527344,17.739999771118164,18.40999984741211,32800,15.46102523803711,0.0
HBB,2019-05-16,18.420000076293945,18.701000213623047,18.329999923706055,18.690000534057617,26600,15.696173667907715,0.0
HBB,2019-05-17,18.5,18.780000686645508,18.450000762939453,18.510000228881836,36600,15.54500675201416,0.0
HBB,2019-05-20,18.40999984741211,20.030000686645508,18.239999771118164,19.989999771118164,58700,16.78793716430664,0.0
HBB,2019-05-21,20.079999923706055,20.469999313354492,18.860000610351562,19.959999084472656,59500,16.762737274169922,0.0
HBB,2019-05-22,19.81999969482422,19.81999969482422,18.959999084472656,19.260000228881836,19100,16.174869537353516,0.0
HBB,2019-05-23,19.06999969482422,19.280000686645508,18.690000534057617,19.229999542236328,26600,16.149675369262695,0.0
HBB,2019-05-24,19.260000228881836,19.610000610351562,18.950000762939453,19.079999923706055,11000,16.023704528808594,0.0
HBB,2019-05-28,19.06999969482422,19.222999572753906,18.6200008392334,18.790000915527344,41700,15.780160903930664,0.0
HBB,2019-05-29,18.700000762939453,19.06999969482422,18.170000076293945,18.8700008392334,38000,15.847343444824219,0.0
HBB,2019-05-30,18.790000915527344,19.149999618530273,17.770000457763672,18.190000534057617,48400,15.349474906921387,0.09
HBB,2019-05-31,18.049999237060547,18.25,17.364999771118164,17.489999771118164,36200,14.75878620147705,0.0
HBB,2019-06-03,17.530000686645508,18.006999969482422,16.975000381469727,16.979999542236328,31400,14.328426361083984,0.0
HBB,2019-06-04,17.149999618530273,17.520000457763672,16.760000228881836,16.770000457763672,38300,14.151219367980957,0.0
HBB,2019-06-05,16.889999389648438,17.290000915527344,16.635000228881836,16.760000228881836,38800,14.142782211303711,0.0
HBB,2019-06-06,16.729999542236328,17.170000076293945,16.309999465942383,16.799999237060547,30100,14.176533699035645,0.0
HBB,2019-06-07,16.84000015258789,17.389999389648438,16.809999465942383,17.0,39900,14.345304489135742,0.0
HBB,2019-06-10,17.239999771118164,17.770000457763672,17.114999771118164,17.760000228881836,23700,14.986625671386719,0.0
HBB,2019-06-11,17.84000015258789,18.59000015258789,17.697999954223633,18.469999313354492,25200,15.5857515335083,0.0
HBB,2019-06-12,18.479999542236328,18.940000534057617,17.992000579833984,18.559999465942383,44200,15.66169548034668,0.0
HBB,2019-06-13,18.540000915527344,19.0049991607666,18.525999069213867,18.799999237060547,22600,15.864217758178711,0.0
HBB,2019-06-14,19.329999923706055,19.329999923706055,17.739999771118164,18.65999984741211,44500,15.746079444885254,0.0
HBB,2019-06-17,18.93000030517578,18.959999084472656,18.329999923706055,18.34000015258789,19500,15.47605037689209,0.0
HBB,2019-06-18,19.010000228881836,19.25,18.239999771118164,18.239999771118164,24800,15.391664505004883,0.0
HBB,2019-06-19,18.489999771118164,18.829999923706055,18.280000686645508,18.3700008392334,36400,15.50136661529541,0.0
HBB,2019-06-20,18.5,19.06999969482422,18.010000228881836,18.010000228881836,23100,15.197587966918945,0.0
HBB,2019-06-21,17.940000534057617,18.280000686645508,17.780000686645508,18.0,29700,15.189146995544434,0.0
HBB,2019-06-24,17.969999313354492,18.149999618530273,17.1200008392334,17.1200008392334,22900,14.446569442749023,0.0
HBB,2019-06-25,17.40999984741211,17.600000381469727,16.940000534057617,17.360000610351562,54700,14.649088859558105,0.0
HBB,2019-06-26,18.040000915527344,18.040000915527344,17.170000076293945,17.3799991607666,29600,14.665959358215332,0.0
HBB,2019-06-27,17.459999084472656,17.940000534057617,17.145000457763672,17.940000534057617,35100,15.138520240783691,0.0
HBB,2019-06-28,17.979999542236328,19.530000686645508,17.790000915527344,19.049999237060547,90000,16.07518196105957,0.0
HBB,2019-07-01,19.239999771118164,20.829999923706055,18.979999542236328,19.010000228881836,37900,16.041423797607422,0.0
HBB,2019-07-02,18.739999771118164,19.170000076293945,18.420000076293945,18.420000076293945,25200,15.543560981750488,0.0
HBB,2019-07-03,18.3799991607666,18.3799991607666,17.93000030517578,17.93000030517578,24000,15.130075454711914,0.0
HBB,2019-07-05,17.979999542236328,18.639999389648438,17.799999237060547,17.8799991607666,20100,15.087882995605469,0.0
HBB,2019-07-08,17.760000228881836,17.959999084472656,16.829999923706055,16.829999923706055,49400,14.201852798461914,0.0
HBB,2019-07-09,16.75,16.920000076293945,16.285999298095703,16.350000381469727,50200,13.796806335449219,0.0
HBB,2019-07-10,16.239999771118164,16.6299991607666,16.222999572753906,16.329999923706055,26000,13.77993106842041,0.0
HBB,2019-07-11,16.399999618530273,16.5,16.209999084472656,16.440000534057617,20900,13.87275218963623,0.0
HBB,2019-07-12,16.350000381469727,16.65999984741211,16.219999313354492,16.219999313354492,41700,13.687106132507324,0.0
HBB,2019-07-15,16.219999313354492,16.510000228881836,15.779999732971191,16.399999618530273,58100,13.838994979858398,0.0
HBB,2019-07-16,16.3799991607666,16.549999237060547,16.34000015258789,16.469999313354492,34000,13.898067474365234,0.0
HBB,2019-07-17,16.389999389648438,16.690000534057617,16.260000228881836,16.450000762939453,64600,13.881190299987793,0.0
HBB,2019-07-18,16.469999313354492,16.485000610351562,16.200000762939453,16.200000762939453,28500,13.670233726501465,0.0
HBB,2019-07-19,16.170000076293945,16.3799991607666,15.770000457763672,16.270000457763672,22000,13.72929859161377,0.0
HBB,2019-07-22,16.440000534057617,16.440000534057617,15.880000114440918,16.0,30700,13.50146484375,0.0
HBB,2019-07-23,16.139999389648438,16.139999389648438,15.850000381469727,15.899999618530273,35300,13.417078018188477,0.0
HBB,2019-07-24,15.880000114440918,16.040000915527344,15.75,15.960000038146973,48900,13.467710494995117,0.0
HBB,2019-07-25,15.970000267028809,16.049999237060547,15.5600004196167,15.609999656677246,24900,13.172362327575684,0.0
HBB,2019-07-26,15.6899995803833,16.020000457763672,15.345999717712402,15.760000228881836,21200,13.298941612243652,0.0
HBB,2019-07-29,15.770000457763672,16.0,15.619999885559082,15.789999961853027,34100,13.324256896972656,0.0
HBB,2019-07-30,15.663000106811523,16.309999465942383,15.663000106811523,16.15999984741211,35200,13.636476516723633,0.0
HBB,2019-07-31,16.139999389648438,17.079999923706055,16.139999389648438,16.40999984741211,29100,13.84743881225586,0.0
HBB,2019-08-01,14.039999961853027,15.140000343322754,13.789999961853027,13.930000305175781,67600,11.754711151123047,0.0
HBB,2019-08-02,13.770000457763672,14.406999588012695,12.600000381469727,13.34000015258789,136000,11.256845474243164,0.0
HBB,2019-08-05,13.199999809265137,14.4399995803833,13.199999809265137,14.180000305175781,104400,11.965672492980957,0.0
HBB,2019-08-06,14.170000076293945,14.640000343322754,13.819999694824219,14.0,91300,11.813780784606934,0.0
HBB,2019-08-07,13.899999618530273,15.100000381469727,13.829999923706055,14.600000381469727,60200,12.320087432861328,0.0
HBB,2019-08-08,14.579999923706055,15.3100004196167,14.579999923706055,14.770000457763672,54300,12.463536262512207,0.0
HBB,2019-08-09,14.6899995803833,14.98900032043457,14.210000038146973,14.5,58800,12.235698699951172,0.0
HBB,2019-08-12,14.430000305175781,14.600000381469727,13.960000038146973,13.989999771118164,65800,11.805340766906738,0.0
HBB,2019-08-13,14.039999961853027,14.5,13.699999809265137,14.350000381469727,54000,12.109125137329102,0.0
HBB,2019-08-14,14.180000305175781,14.329999923706055,13.569999694824219,13.699999809265137,78100,11.560626029968262,0.0
HBB,2019-08-15,13.789999961853027,13.9399995803833,13.359999656677246,13.710000038146973,54100,11.569064140319824,0.0
HBB,2019-08-16,13.729999542236328,14.569999694824219,13.729999542236328,14.199999809265137,60900,11.982544898986816,0.0
HBB,2019-08-19,14.319999694824219,14.960000038146973,14.119999885559082,14.8100004196167,42600,12.497294425964355,0.0
HBB,2019-08-20,14.739999771118164,15.529999732971191,14.739999771118164,15.380000114440918,82200,12.978278160095215,0.0
HBB,2019-08-21,15.520000457763672,15.979999542236328,15.0600004196167,15.220000267028809,42300,12.843266487121582,0.0
HBB,2019-08-22,15.260000228881836,15.609999656677246,15.079999923706055,15.300000190734863,30700,12.910771369934082,0.0
HBB,2019-08-23,15.479999542236328,15.479999542236328,14.069999694824219,14.329999923706055,65500,12.092248916625977,0.0
HBB,2019-08-26,14.300000190734863,14.710000038146973,14.229999542236328,14.550000190734863,57900,12.277894973754883,0.0
HBB,2019-08-27,14.329999923706055,14.649999618530273,13.720000267028809,13.930000305175781,35500,11.754711151123047,0.0
HBB,2019-08-28,13.6899995803833,14.208999633789062,13.6899995803833,13.84000015258789,31700,11.678765296936035,0.0
HBB,2019-08-29,13.90999984741211,14.420000076293945,13.729999542236328,13.819999694824219,47300,11.73822021484375,0.09
HBB,2019-08-30,14.239999771118164,14.25,13.838000297546387,14.170000076293945,51500,12.035500526428223,0.0
HBB,2019-09-03,14.5,14.5,13.960000038146973,14.109999656677246,56600,11.984536170959473,0.0
HBB,2019-09-04,14.600000381469727,14.84000015258789,14.25,14.380000114440918,64600,12.213865280151367,0.0
HBB,2019-09-05,14.569999694824219,14.739999771118164,14.180000305175781,14.3100004196167,59900,12.154410362243652,0.0
HBB,2019-09-06,14.359999656677246,14.640000343322754,14.130000114440918,14.569999694824219,56000,12.375242233276367,0.0
HBB,2019-09-09,14.569999694824219,15.40999984741211,14.569999694824219,15.270000457763672,36200,12.969799995422363,0.0
HBB,2019-09-10,15.279999732971191,15.430000305175781,15.09000015258789,15.25,62500,12.952812194824219,0.0
HBB,2019-09-11,15.289999961853027,15.779999732971191,15.210000038146973,15.399999618530273,79800,13.080215454101562,0.0
HBB,2019-09-12,15.305000305175781,15.930000305175781,15.170000076293945,15.789999961853027,82900,13.411468505859375,0.0
HBB,2019-09-13,15.829999923706055,16.280000686645508,15.829999923706055,16.0,85800,13.589837074279785,0.0
HBB,2019-09-16,15.949999809265137,16.3799991607666,15.925000190734863,15.970000267028809,57000,13.564353942871094,0.0
HBB,2019-09-17,15.9399995803833,16.149999618530273,15.569999694824219,15.979999542236328,51400,13.572847366333008,0.0
HBB,2019-09-18,15.989999771118164,16.31100082397461,15.59000015258789,15.859999656677246,59100,13.470925331115723,0.0
HBB,2019-09-19,15.899999618530273,16.07699966430664,15.470000267028809,15.489999771118164,37000,13.156658172607422,0.0
HBB,2019-09-20,15.550000190734863,16.18000030517578,15.449999809265137,16.1299991607666,67200,13.700252532958984,0.0
HBB,2019-09-23,15.949999809265137,16.850000381469727,15.699999809265137,16.010000228881836,58700,13.5983304977417,0.0
HBB,2019-09-24,15.899999618530273,16.18000030517578,15.140000343322754,15.630000114440918,66700,13.2755708694458,0.0
HBB,2019-09-25,15.65999984741211,15.930000305175781,15.359999656677246,15.699999809265137,65900,13.335025787353516,0.0
HBB,2019-09-26,15.597999572753906,15.819999694824219,15.079999923706055,15.550000190734863,54600,13.207622528076172,0.0
HBB,2019-09-27,15.520000457763672,16.0,15.4399995803833,16.0,67600,13.589837074279785,0.0
HBB,2019-09-30,15.878999710083008,16.40999984741211,15.878999710083008,16.170000076293945,49300,13.73422622680664,0.0
HBB,2019-10-01,16.34000015258789,16.5,15.510000228881836,15.8100004196167,81300,13.428458213806152,0.0
HBB,2019-10-02,15.670000076293945,15.670000076293945,14.949999809265137,15.079999923706055,48700,12.808418273925781,0.0
HBB,2019-10-03,14.90999984741211,15.489999771118164,14.609999656677246,15.239999771118164,56300,12.944320678710938,0.0
HBB,2019-10-04,15.239999771118164,15.449999809265137,15.0600004196167,15.270000457763672,55700,12.969799995422363,0.0
HBB,2019-10-07,15.25,15.649999618530273,15.170000076293945,15.520000457763672,82100,13.18213939666748,0.0
HBB,2019-10-08,15.399999618530273,15.470000267028809,14.930000305175781,15.3100004196167,49100,13.00377368927002,0.0
HBB,2019-10-09,15.430000305175781,15.430000305175781,15.109999656677246,15.229999542236328,31300,12.93582534790039,0.0
HBB,2019-10-10,15.210000038146973,15.489999771118164,15.119999885559082,15.430000305175781,33800,13.10569953918457,0.0
HBB,2019-10-11,15.640000343322754,16.09000015258789,15.494999885559082,15.869999885559082,63600,13.47941780090332,0.0
HBB,2019-10-14,15.800000190734863,16.025999069213867,15.569999694824219,15.930000305175781,28500,13.530379295349121,0.0
HBB,2019-10-15,15.90999984741211,16.709999084472656,15.90999984741211,16.65999984741211,64800,14.150415420532227,0.0
HBB,2019-10-16,16.65999984741211,17.079999923706055,16.450000762939453,16.549999237060547,119000,14.056983947753906,0.0
HBB,2019-10-17,16.309999465942383,17.18000030517578,16.309999465942383,17.079999923706055,43700,14.507148742675781,0.0
HBB,2019-10-18,16.950000762939453,17.520000457763672,16.950000762939453,17.479999542236328,92700,14.846895217895508,0.0
HBB,2019-10-21,17.610000610351562,18.18600082397461,17.549999237060547,18.100000381469727,49300,15.373503684997559,0.0
HBB,2019-10-22,18.18000030517578,18.25,17.895000457763672,18.010000228881836,36300,15.297061920166016,0.0
HBB,2019-10-23,17.850000381469727,18.389999389648438,17.790000915527344,18.290000915527344,33800,15.534880638122559,0.0
HBB,2019-10-24,18.34000015258789,18.440000534057617,17.891000747680664,18.389999389648438,39600,15.6198148727417,0.0
HBB,2019-10-25,18.229999542236328,18.780000686645508,18.200000762939453,18.600000381469727,22000,15.798187255859375,0.0
HBB,2019-10-28,18.53499984741211,18.826000213623047,18.440000534057617,18.520000457763672,34500,15.73023509979248,0.0
HBB,2019-10-29,18.5,18.780000686645508,18.350000381469727,18.649999618530273,30600,15.840652465820312,0.0
HBB,2019-10-30,18.639999389648438,19.040000915527344,18.334999084472656,18.959999084472656,21200,16.10395050048828,0.0
HBB,2019-10-31,18.920000076293945,19.048999786376953,18.56999969482422,18.649999618530273,37400,15.840652465820312,0.0
HBB,2019-11-01,18.969999313354492,19.049999237060547,18.729999542236328,19.010000228881836,35400,16.146421432495117,0.0
HBB,2019-11-04,19.110000610351562,19.173999786376953,18.65999984741211,19.06999969482422,54900,16.197385787963867,0.0
HBB,2019-11-05,19.06999969482422,19.639999389648438,19.049999237060547,19.459999084472656,42500,16.528629302978516,0.0
HBB,2019-11-06,19.31999969482422,20.030000686645508,19.31999969482422,19.6200008392334,47500,16.664535522460938,0.0
HBB,2019-11-07,17.110000610351562,20.71500015258789,17.049999237060547,20.25,206600,17.19964027404785,0.0
HBB,2019-11-08,20.25,21.139999389648438,19.670000076293945,20.75,155500,17.62431526184082,0.0
HBB,2019-11-11,20.639999389648438,21.219999313354492,20.200000762939453,20.520000457763672,72200,17.4289608001709,0.0
HBB,2019-11-12,20.270000457763672,20.6200008392334,19.459999084472656,19.459999084472656,109500,16.528629302978516,0.0
HBB,2019-11-13,19.389999389648438,19.559999465942383,19.100000381469727,19.309999465942383,20300,16.401235580444336,0.0
HBB,2019-11-14,19.260000228881836,19.440000534057617,19.059999465942383,19.06999969482422,30900,16.197385787963867,0.0
HBB,2019-11-15,19.209999084472656,19.229999542236328,18.219999313354492,18.350000381469727,49000,15.58584213256836,0.0
HBB,2019-11-18,18.34000015258789,18.860000610351562,17.65999984741211,18.780000686645508,46500,15.951069831848145,0.0
HBB,2019-11-19,18.770000457763672,19.3700008392334,18.5,19.329999923706055,52600,16.418222427368164,0.0
HBB,2019-11-20,19.100000381469727,19.780000686645508,19.100000381469727,19.270000457763672,24000,16.367252349853516,0.0
HBB,2019-11-21,19.290000915527344,19.360000610351562,18.920000076293945,19.299999237060547,21600,16.39274024963379,0.0
HBB,2019-11-22,19.459999084472656,19.670000076293945,19.274999618530273,19.65999984741211,22400,16.698511123657227,0.0
HBB,2019-11-25,19.709999084472656,20.0,19.59000015258789,19.829999923706055,31300,16.842905044555664,0.0
HBB,2019-11-26,19.81999969482422,20.049999237060547,19.75,19.780000686645508,59100,16.800434112548828,0.0
HBB,2019-11-27,19.729999542236328,19.799999237060547,19.020000457763672,19.3799991607666,43800,16.535926818847656,0.09
HBB,2019-11-29,19.43000030517578,19.780000686645508,19.260000228881836,19.65999984741211,13300,16.77483367919922,0.0
HBB,2019-12-02,19.690000534057617,19.75,19.280000686645508,19.399999618530273,28700,16.552988052368164,0.0
HBB,2019-12-03,18.860000610351562,18.969999313354492,18.549999237060547,18.739999771118164,27900,15.989848136901855,0.0
HBB,2019-12-04,18.780000686645508,19.260000228881836,18.780000686645508,19.079999923706055,22900,16.279951095581055,0.0
HBB,2019-12-05,19.059999465942383,19.239999771118164,18.799999237060547,18.940000534057617,27800,16.160499572753906,0.0
HBB,2019-12-06,19.280000686645508,19.510000228881836,19.229999542236328,19.450000762939453,38500,16.595651626586914,0.0
HBB,2019-12-09,19.465999603271484,19.649999618530273,19.149999618530273,19.290000915527344,55700,16.459136962890625,0.0
HBB,2019-12-10,19.75,19.75,18.809999465942383,18.860000610351562,32400,16.092239379882812,0.0
HBB,2019-12-11,18.780000686645508,18.959999084472656,18.469999313354492,18.790000915527344,41500,16.032512664794922,0.0
HBB,2019-12-12,18.81999969482422,19.239999771118164,18.530000686645508,18.610000610351562,40000,15.878926277160645,0.0
HBB,2019-12-13,18.610000610351562,18.690000534057617,18.170000076293945,18.459999084472656,31100,15.750938415527344,0.0
HBB,2019-12-16,18.610000610351562,18.868999481201172,18.25,18.299999237060547,45300,15.614420890808105,0.0
HBB,2019-12-17,18.350000381469727,18.469999313354492,18.18000030517578,18.25,34800,15.571755409240723,0.0
HBB,2019-12-18,17.93000030517578,19.059999465942383,17.93000030517578,19.010000228881836,52900,16.220224380493164,0.0
HBB,2019-12-19,19.010000228881836,19.209999084472656,18.610000610351562,18.739999771118164,63900,15.989848136901855,0.0
HBB,2019-12-20,18.829999923706055,19.040000915527344,18.790000915527344,18.809999465942383,77000,16.04957389831543,0.0
HBB,2019-12-23,18.829999923706055,18.860000610351562,17.6299991607666,18.739999771118164,43100,15.989848136901855,0.0
HBB,2019-12-24,18.69099998474121,19.0,18.69099998474121,18.75,7500,15.998380661010742,0.0
HBB,2019-12-26,18.780000686645508,19.139999389648438,18.719999313354492,18.950000762939453,42400,16.169029235839844,0.0
HBB,2019-12-27,19.0,19.200000762939453,18.84000015258789,19.040000915527344,32000,16.245819091796875,0.0
HBB,2019-12-30,19.06999969482422,19.299999237060547,18.8799991607666,19.149999618530273,18300,16.339679718017578,0.0
HBB,2019-12-31,19.149999618530273,19.31999969482422,18.889999389648438,19.100000381469727,68300,16.297021865844727,0.0
HBB,2020-01-02,19.1200008392334,19.260000228881836,18.65999984741211,18.950000762939453,59500,16.169029235839844,0.0
HBB,2020-01-03,18.760000228881836,19.06999969482422,18.1200008392334,18.190000534057617,36100,15.520565032958984,0.0
HBB,2020-01-06,18.190000534057617,18.360000610351562,17.934999465942383,18.0,78100,15.358448028564453,0.0
HBB,2020-01-07,17.93000030517578,18.0049991607666,17.670000076293945,17.75,61800,15.145132064819336,0.0
HBB,2020-01-08,17.809999465942383,18.329999923706055,17.809999465942383,18.100000381469727,60700,15.443772315979004,0.0
HBB,2020-01-09,18.219999313354492,18.329999923706055,17.780000686645508,17.850000381469727,26800,15.230460166931152,0.0
HBB,2020-01-10,17.81999969482422,17.81999969482422,17.479999542236328,17.59000015258789,17500,15.008612632751465,0.0
HBB,2020-01-13,17.59000015258789,17.790000915527344,17.459999084472656,17.700000762939453,21100,15.102474212646484,0.0
HBB,2020-01-14,17.780000686645508,17.86199951171875,17.600000381469727,17.65999984741211,22600,15.068339347839355,0.0
HBB,2020-01-15,17.709999084472656,18.149999618530273,17.67799949645996,17.809999465942383,26000,15.196329116821289,0.0
HBB,2020-01-16,17.93000030517578,18.264999389648438,17.84000015258789,17.860000610351562,19800,15.238996505737305,0.0
HBB,2020-01-17,18.0,18.030000686645508,17.459999084472656,17.520000457763672,30700,14.948885917663574,0.0
HBB,2020-01-21,17.440000534057617,17.690000534057617,17.350000381469727,17.59000015258789,34000,15.008612632751465,0.0
HBB,2020-01-22,17.610000610351562,17.610000610351562,16.940000534057617,16.989999771118164,20200,14.496665954589844,0.0
HBB,2020-01-23,16.90999984741211,17.059999465942383,16.399999618530273,16.860000610351562,27400,14.385746002197266,0.0
HBB,2020-01-24,16.950000762939453,16.950000762939453,16.389999389648438,16.68000030517578,18800,14.232162475585938,0.0
HBB,2020-01-27,16.399999618530273,16.75,16.270000457763672,16.360000610351562,15000,13.959120750427246,0.0
HBB,2020-01-28,16.440000534057617,16.649999618530273,15.979999542236328,16.649999618530273,26900,14.206562995910645,0.0
HBB,2020-01-29,16.729999542236328,16.899999618530273,16.15999984741211,16.260000228881836,27400,13.873796463012695,0.0
HBB,2020-01-30,16.15999984741211,16.540000915527344,15.760000228881836,16.489999771118164,55100,14.070042610168457,0.0
HBB,2020-01-31,16.3700008392334,16.639999389648438,15.75,15.800000190734863,38200,13.481302261352539,0.0
HBB,2020-02-03,15.699999809265137,16.100000381469727,15.699999809265137,15.880000114440918,45000,13.549561500549316,0.0
HBB,2020-02-04,16.190000534057617,16.350000381469727,15.90999984741211,15.930000305175781,50100,13.592225074768066,0.0
HBB,2020-02-05,16.1299991607666,16.5,16.0,16.149999618530273,25200,13.779940605163574,0.0
HBB,2020-02-06,16.229999542236328,16.420000076293945,16.0,16.209999084472656,42700,13.831135749816895,0.0
HBB,2020-02-07,16.489999771118164,16.489999771118164,15.4399995803833,15.5,28400,13.225326538085938,0.0
HBB,2020-02-10,15.529999732971191,15.6899995803833,15.100000381469727,15.170000076293945,10700,12.943757057189941,0.0
HBB,2020-02-11,15.25,15.40999984741211,14.760000228881836,15.010000228881836,19600,12.80723762512207,0.0
HBB,2020-02-12,15.119999885559082,15.350000381469727,14.949999809265137,14.949999809265137,11100,12.75604248046875,0.0
HBB,2020-02-13,14.949999809265137,15.135000228881836,14.755000114440918,14.800000190734863,15600,12.628057479858398,0.0
HBB,2020-02-14,14.859999656677246,15.154999732971191,14.84000015258789,14.869999885559082,23300,12.687782287597656,0.0
HBB,2020-02-18,14.859999656677246,15.289999961853027,14.84000015258789,14.960000038146973,19300,12.76457405090332,0.0
HBB,2020-02-19,15.130000114440918,15.239999771118164,14.920000076293945,14.920000076293945,4100,12.730445861816406,0.0
HBB,2020-02-20,15.180000305175781,15.260000228881836,15.039999961853027,15.050000190734863,16100,12.841367721557617,0.0
HBB,2020-02-21,15.0,15.149999618530273,14.640000343322754,14.770000457763672,25000,12.602458000183105,0.0
HBB,2020-02-24,14.270000457763672,14.65999984741211,14.229999542236328,14.510000228881836,20200,12.38061237335205,0.0
HBB,2020-02-25,14.640000343322754,14.640000343322754,13.029999732971191,13.229999542236328,20100,11.288457870483398,0.0
HBB,2020-02-26,13.350000381469727,13.569999694824219,13.010000228881836,13.260000228881836,21100,11.314055442810059,0.0
HBB,2020-02-27,12.5600004196167,12.890000343322754,11.960000038146973,12.050000190734863,49800,10.35189151763916,0.09
HBB,2020-02-28,11.5,12.140000343322754,11.380000114440918,11.600000381469727,123100,9.965303421020508,0.0
HBB,2020-03-02,11.600000381469727,11.84000015258789,11.329999923706055,11.489999771118164,73700,9.870804786682129,0.0
HBB,2020-03-03,11.5,12.079999923706055,11.029999732971191,11.600000381469727,55900,9.965303421020508,0.0
HBB,2020-03-04,11.75,11.819999694824219,11.550000190734863,11.760000228881836,28500,10.102755546569824,0.0
HBB,2020-03-05,11.5,11.930000305175781,11.420000076293945,11.470000267028809,26600,9.853621482849121,0.0
HBB,2020-03-06,11.1899995803833,11.449999809265137,11.010000228881836,11.319999694824219,33400,9.724761962890625,0.0
HBB,2020-03-09,11.0,11.489999771118164,10.875,11.260000228881836,81100,9.673218727111816,0.0
HBB,2020-03-10,11.4399995803833,11.5600004196167,11.130000114440918,11.5,35300,9.87939739227295,0.0
HBB,2020-03-11,11.489999771118164,11.489999771118164,10.960000038146973,11.079999923706055,39700,9.518582344055176,0.0
HBB,2020-03-12,10.619999885559082,11.020000457763672,9.609999656677246,11.010000228881836,64100,9.458449363708496,0.0
HBB,2020-03-13,11.520000457763672,11.520000457763672,10.454999923706055,10.6899995803833,40800,9.183542251586914,0.0
HBB,2020-03-16,10.0,10.140000343322754,8.630000114440918,8.789999961853027,42800,7.551294326782227,0.0
HBB,2020-03-17,9.0,9.699999809265137,8.859999656677246,9.420000076293945,43700,8.092513084411621,0.0
HBB,2020-03-18,8.90999984741211,9.4399995803833,8.279999732971191,8.539999961853027,50700,7.3365254402160645,0.0
HBB,2020-03-19,8.84000015258789,9.29800033569336,8.539999961853027,9.029999732971191,65700,7.757473945617676,0.0
HBB,2020-03-20,8.880000114440918,9.5,6.929999828338623,7.769999980926514,106300,6.675034523010254,0.0
HBB,2020-03-23,7.699999809265137,7.78000020980835,6.679999828338623,6.920000076293945,64900,5.944818019866943,0.0
HBB,2020-03-24,7.210000038146973,7.769999980926514,7.070000171661377,7.510000228881836,37900,6.451675891876221,0.0
HBB,2020-03-25,7.550000190734863,10.380000114440918,7.519999980926514,10.380000114440918,75400,8.917228698730469,0.0
HBB,2020-03-26,10.470000267028809,10.470000267028809,9.279999732971191,9.640000343322754,32800,8.281512260437012,0.0
HBB,2020-03-27,9.350000381469727,10.319999694824219,8.520000457763672,9.859999656677246,57600,8.47050952911377,0.0
HBB,2020-03-30,9.970000267028809,10.4399995803833,9.210000038146973,10.0600004196167,45100,8.64232349395752,0.0
HBB,2020-03-31,9.479999542236328,9.949999809265137,9.210000038146973,9.510000228881836,41800,8.169830322265625,0.0
HBB,2020-04-01,9.119999885559082,9.210000038146973,7.739999771118164,8.369999885559082,63400,7.190481185913086,0.0
HBB,2020-04-02,8.479999542236328,9.574999809265137,7.690000057220459,7.769999980926514,72500,6.675034523010254,0.0
HBB,2020-04-03,7.710000038146973,8.329999923706055,7.710000038146973,8.199999809265137,52400,7.044438362121582,0.0
HBB,2020-04-06,8.630000114440918,9.880000114440918,8.630000114440918,9.829999923706055,29200,8.444734573364258,0.0
HBB,2020-04-07,10.170000076293945,10.527999877929688,9.6899995803833,9.989999771118164,60900,8.582186698913574,0.0
HBB,2020-04-08,10.119999885559082,10.489999771118164,9.90999984741211,10.430000305175781,20300,8.960184097290039,0.0
HBB,2020-04-09,10.869999885559082,11.670000076293945,10.411999702453613,11.670000076293945,42600,10.025439262390137,0.0
HBB,2020-04-13,11.210000038146973,11.210000038146973,10.15999984741211,10.949999809265137,25300,9.406902313232422,0.0
HBB,2020-04-14,11.130000114440918,11.25,10.390000343322754,10.5600004196167,39400,9.07186222076416,0.0
HBB,2020-04-15,10.350000381469727,10.350000381469727,9.390000343322754,9.920000076293945,23200,8.522054672241211,0.0
HBB,2020-04-16,9.930000305175781,10.020000457763672,9.390000343322754,9.770000457763672,38600,8.393192291259766,0.0
HBB,2020-04-17,9.819999694824219,10.930000305175781,9.720000267028809,10.84000015258789,32400,9.312407493591309,0.0
HBB,2020-04-20,10.5,11.279999732971191,10.100000381469727,10.300000190734863,35300,8.848503112792969,0.0
HBB,2020-04-21,10.239999771118164,11.319999694824219,9.96399974822998,11.130000114440918,44700,9.56153678894043,0.0
HBB,2020-04-22,11.029999732971191,11.539999961853027,11.010000228881836,11.260000228881836,32900,9.673218727111816,0.0
HBB,2020-04-23,11.329999923706055,12.050000190734863,10.649999618530273,11.0600004196167,51600,9.50140380859375,0.0
HBB,2020-04-24,11.170000076293945,11.300000190734863,10.789999961853027,10.890000343322754,21600,9.355359077453613,0.0
HBB,2020-04-27,11.039999961853027,11.760000228881836,11.039999961853027,11.619999885559082,25500,9.9824857711792,0.0
HBB,2020-04-28,11.90999984741211,12.220000267028809,11.460000038146973,12.010000228881836,45900,10.317526817321777,0.0
HBB,2020-04-29,12.75,13.989999771118164,12.25,13.569999694824219,49200,11.657686233520508,0.0
HBB,2020-04-30,13.75,14.8100004196167,13.0600004196167,13.1899995803833,29900,11.331235885620117,0.0
HBB,2020-05-01,12.90999984741211,13.274999618530273,11.720000267028809,12.289999961853027,68400,10.558069229125977,0.0
HBB,2020-05-04,12.399999618530273,12.890000343322754,11.539999961853027,12.369999885559082,37300,10.626795768737793,0.0
HBB,2020-05-05,12.779999732971191,13.279999732971191,12.170000076293945,12.630000114440918,52500,10.850152969360352,0.0
HBB,2020-05-06,12.720000267028809,13.140000343322754,11.779999732971191,11.9399995803833,22600,10.257387161254883,0.0
HBB,2020-05-07,12.15999984741211,12.720000267028809,10.630000114440918,11.180000305175781,58600,9.6044921875,0.0
HBB,2020-05-08,11.520000457763672,11.805000305175781,10.902999877929688,11.460000038146973,31600,9.845033645629883,0.0
HBB,2020-05-11,10.989999771118164,11.119999885559082,10.00100040435791,10.430000305175781,57600,8.960184097290039,0.0
HBB,2020-05-12,10.449999809265137,10.819999694824219,10.130000114440918,10.359999656677246,52600,8.900047302246094,0.0
HBB,2020-05-13,10.0600004196167,10.380000114440918,8.779999732971191,9.270000457763672,90400,7.963650226593018,0.0
HBB,2020-05-14,8.90999984741211,9.800000190734863,8.399999618530273,9.729999542236328,69800,8.358826637268066,0.0
HBB,2020-05-15,9.739999771118164,10.75,9.67300033569336,10.649999618530273,46000,9.149179458618164,0.0
HBB,2020-05-18,11.100000381469727,11.670000076293945,9.989999771118164,11.550000190734863,40500,9.922347068786621,0.0
HBB,2020-05-19,11.640000343322754,11.680000305175781,10.8100004196167,11.0,28700,9.449856758117676,0.0
HBB,2020-05-20,10.930000305175781,12.420000076293945,10.930000305175781,12.359999656677246,34100,10.61820125579834,0.0
HBB,2020-05-21,12.350000381469727,12.390000343322754,11.829999923706055,11.920000076293945,26300,10.24020767211914,0.0
HBB,2020-05-22,11.789999961853027,11.880000114440918,11.550000190734863,11.760000228881836,15800,10.102755546569824,0.0
HBB,2020-05-26,11.880000114440918,12.5,11.510000228881836,11.8100004196167,34100,10.145709037780762,0.0
HBB,2020-05-27,11.770000457763672,12.600000381469727,11.15999984741211,11.239999771118164,47100,9.656035423278809,0.0
HBB,2020-05-28,11.4399995803833,11.819999694824219,10.015000343322754,10.34000015258789,70800,8.882865905761719,0.0
HBB,2020-05-29,10.199999809265137,10.239999771118164,9.390000343322754,9.550000190734863,147400,8.276232719421387,0.09
HBB,2020-06-01,9.630000114440918,10.289999961853027,9.53499984741211,9.850000381469727,62300,8.536214828491211,0.0
HBB,2020-06-02,10.09000015258789,10.289999961853027,9.8100004196167,9.859999656677246,21100,8.544882774353027,0.0
HBB,2020-06-03,10.130000114440918,10.760000228881836,9.890000343322754,10.680000305175781,63300,9.255511283874512,0.0
HBB,2020-06-04,10.5,12.0,10.5,11.850000381469727,32400,10.269461631774902,0.0
HBB,2020-06-05,12.119999885559082,12.28499984741211,11.774999618530273,12.029999732971191,37400,10.425450325012207,0.0
HBB,2020-06-08,12.229999542236328,12.579999923706055,11.779999732971191,11.880000114440918,30800,10.295456886291504,0.0
HBB,2020-06-09,11.949999809265137,12.119999885559082,11.529999732971191,11.529999732971191,29400,9.992141723632812,0.0
HBB,2020-06-10,11.619999885559082,11.619999885559082,9.8100004196167,10.34000015258789,82900,8.96086311340332,0.0
HBB,2020-06-11,9.40999984741211,10.880000114440918,9.40999984741211,10.069999694824219,48800,8.726873397827148,0.0
HBB,2020-06-12,10.470000267028809,10.574999809265137,9.539999961853027,10.539999961853027,115300,9.134185791015625,0.0
HBB,2020-06-15,10.279999732971191,11.989999771118164,10.029999732971191,11.399999618530273,76600,9.87947940826416,0.0
HBB,2020-06-16,11.920000076293945,12.369999885559082,11.140000343322754,11.6899995803833,61100,10.130797386169434,0.0
HBB,2020-06-17,11.5,11.5,10.850000381469727,10.920000076293945,25300,9.463501930236816,0.0
HBB,2020-06-18,10.770000457763672,11.59000015258789,10.460000038146973,10.75,46700,9.316177368164062,0.0
HBB,2020-06-19,10.729999542236328,11.029999732971191,10.630000114440918,10.649999618530273,61400,9.229514122009277,0.0
HBB,2020-06-22,10.65999984741211,11.199999809265137,10.399999618530273,10.970000267028809,26200,9.506834030151367,0.0
HBB,2020-06-23,11.220000267028809,11.350000381469727,11.0600004196167,11.0600004196167,7700,9.584830284118652,0.0
HBB,2020-06-24,10.850000381469727,10.979999542236328,10.460000038146973,10.729999542236328,19700,9.298839569091797,0.0
HBB,2020-06-25,10.609999656677246,11.09000015258789,10.524999618530273,11.020000457763672,24000,9.550164222717285,0.0
HBB,2020-06-26,11.029999732971191,11.029999732971191,10.520000457763672,10.65999984741211,161300,9.238178253173828,0.0
HBB,2020-06-29,10.829999923706055,12.369999885559082,10.829999923706055,12.3100004196167,37900,10.66810417175293,0.0
HBB,2020-06-30,12.069999694824219,12.1899995803833,11.770000457763672,11.899999618530273,20000,10.312789916992188,0.0
HBB,2020-07-01,11.979999542236328,12.045000076293945,11.34000015258789,11.4399995803833,25700,9.914141654968262,0.0
HBB,2020-07-02,11.899999618530273,11.989999771118164,10.899999618530273,11.1899995803833,29100,9.697487831115723,0.0
HBB,2020-07-06,11.529999732971191,11.649999618530273,11.220000267028809,11.350000381469727,18300,9.83614730834961,0.0
HBB,2020-07-07,11.074999809265137,11.380000114440918,10.819999694824219,11.069999694824219,25400,9.593493461608887,0.0
HBB,2020-07-08,11.130000114440918,11.949999809265137,10.819000244140625,11.65999984741211,24000,10.104801177978516,0.0
HBB,2020-07-09,11.449999809265137,11.510000228881836,10.460000038146973,10.869999885559082,40800,9.420171737670898,0.0
HBB,2020-07-10,10.6899995803833,11.0600004196167,10.510000228881836,10.579999923706055,25300,9.168848037719727,0.0
HBB,2020-07-13,10.819999694824219,10.819999694824219,10.220000267028809,10.220000267028809,59100,8.856868743896484,0.0
HBB,2020-07-14,10.350000381469727,10.449999809265137,10.140000343322754,10.199999809265137,32900,8.839532852172852,0.0
HBB,2020-07-15,10.579999923706055,11.050000190734863,10.289999961853027,10.420000076293945,64100,9.030190467834473,0.0
HBB,2020-07-16,10.390000343322754,10.619999885559082,10.3100004196167,10.3100004196167,27200,8.934863090515137,0.0
HBB,2020-07-17,10.319999694824219,10.4399995803833,10.055000305175781,10.239999771118164,43400,8.874200820922852,0.0
HBB,2020-07-20,10.350000381469727,10.8100004196167,10.3100004196167,10.760000228881836,12700,9.32484245300293,0.0
HBB,2020-07-21,10.800000190734863,11.25,10.800000190734863,11.079999923706055,23700,9.60215950012207,0.0
HBB,2020-07-22,11.079999923706055,11.114999771118164,10.289999961853027,10.399999618530273,23500,9.012857437133789,0.0
HBB,2020-07-23,10.630000114440918,10.729999542236328,10.324999809265137,10.350000381469727,27900,8.969528198242188,0.0
HBB,2020-07-24,11.699999809265137,15.4399995803833,11.699999809265137,14.579999923706055,566900,12.635333061218262,0.0
HBB,2020-07-27,14.319999694824219,14.892999649047852,14.260000228881836,14.550000190734863,96900,12.60933780670166,0.0
HBB,2020-07-28,14.600000381469727,15.40999984741211,14.40999984741211,15.289999961853027,48500,13.250632286071777,0.0
HBB,2020-07-29,15.329999923706055,15.880000114440918,15.020000457763672,15.800000190734863,48600,13.692610740661621,0.0
HBB,2020-07-30,15.350000381469727,15.699999809265137,15.180000305175781,15.699999809265137,33700,13.605949401855469,0.0
HBB,2020-07-31,15.630000114440918,15.729999542236328,15.010000228881836,15.199999809265137,44300,13.172639846801758,0.0
HBB,2020-08-03,15.270000457763672,15.517000198364258,14.710000038146973,15.039999961853027,32700,13.033978462219238,0.0
HBB,2020-08-04,14.710000038146973,15.100000381469727,14.710000038146973,15.029999732971191,29000,13.025312423706055,0.0
HBB,2020-08-05,15.09000015258789,15.880000114440918,15.0,15.859999656677246,50800,13.744607925415039,0.0
HBB,2020-08-06,17.0,18.743000030517578,16.549999237060547,18.06999969482422,162500,15.659839630126953,0.0
HBB,2020-08-07,17.858999252319336,18.56999969482422,17.450000762939453,18.56999969482422,36900,16.093151092529297,0.0
HBB,2020-08-10,18.700000762939453,20.030000686645508,18.309999465942383,19.920000076293945,133100,17.26308822631836,0.0
HBB,2020-08-11,20.190000534057617,20.190000534057617,19.18000030517578,19.25,62200,16.682458877563477,0.0
HBB,2020-08-12,19.3700008392334,19.43000030517578,19.014999389648438,19.200000762939453,35600,16.639129638671875,0.0
HBB,2020-08-13,19.399999618530273,19.950000762939453,19.06999969482422,19.75,55700,17.115764617919922,0.0
HBB,2020-08-14,19.68000030517578,19.68000030517578,19.049999237060547,19.100000381469727,42900,16.552465438842773,0.0
HBB,2020-08-17,19.219999313354492,19.34000015258789,18.8700008392334,18.979999542236328,37400,16.448467254638672,0.0
HBB,2020-08-18,18.889999389648438,18.889999389648438,18.280000686645508,18.420000076293945,45200,15.96316146850586,0.0
HBB,2020-08-19,18.420000076293945,18.690000534057617,17.68000030517578,17.75,40900,15.38252067565918,0.0
HBB,2020-08-20,17.440000534057617,19.059999465942383,17.327999114990234,18.84000015258789,51300,16.327138900756836,0.0
HBB,2020-08-21,18.90999984741211,19.139999389648438,18.100000381469727,18.309999465942383,76000,15.867834091186523,0.0
HBB,2020-08-24,18.610000610351562,20.209999084472656,18.520000457763672,19.790000915527344,71200,17.150432586669922,0.0
HBB,2020-08-25,20.010000228881836,20.22800064086914,19.422000885009766,19.90999984741211,36900,17.254426956176758,0.0
HBB,2020-08-26,19.90999984741211,20.670000076293945,19.889999389648438,20.450000762939453,98100,17.72239875793457,0.0
HBB,2020-08-27,20.6299991607666,21.149999618530273,20.5,20.540000915527344,76100,17.800399780273438,0.0
HBB,2020-08-28,20.790000915527344,20.959999084472656,20.360000610351562,20.84000015258789,48700,18.060380935668945,0.0
HBB,2020-08-31,20.84000015258789,22.049999237060547,20.540000915527344,21.850000381469727,161300,19.022382736206055,0.095
HBB,2020-09-01,21.790000915527344,22.829999923706055,21.777000427246094,22.670000076293945,65900,19.73626708984375,0.0
HBB,2020-09-02,22.950000762939453,22.989999771118164,22.34000015258789,22.709999084472656,110300,19.771087646484375,0.0
HBB,2020-09-03,22.510000228881836,22.600000381469727,21.729999542236328,21.809999465942383,62900,18.98755645751953,0.0
HBB,2020-09-04,22.139999389648438,22.139999389648438,20.450000762939453,20.719999313354492,74900,18.03861427307129,0.0
HBB,2020-09-08,20.889999389648438,21.375,20.280000686645508,21.18000030517578,44800,18.439090728759766,0.0
HBB,2020-09-09,21.420000076293945,21.420000076293945,20.658000946044922,20.950000762939453,40800,18.238853454589844,0.0
HBB,2020-09-10,20.760000228881836,21.104999542236328,20.514999389648438,20.969999313354492,39000,18.256267547607422,0.0
HBB,2020-09-11,21.040000915527344,21.040000915527344,20.329999923706055,20.420000076293945,24900,17.777441024780273,0.0
HBB,2020-09-14,20.649999618530273,22.309999465942383,20.299999237060547,22.190000534057617,50400,19.31838607788086,0.0
HBB,2020-09-15,22.540000915527344,22.545000076293945,21.68000030517578,21.760000228881836,82500,18.94403076171875,0.0
HBB,2020-09-16,22.030000686645508,22.030000686645508,20.579999923706055,21.479999542236328,65400,18.700267791748047,0.0
HBB,2020-09-17,21.170000076293945,21.579999923706055,20.469999313354492,21.010000228881836,29100,18.291088104248047,0.0
HBB,2020-09-18,21.1299991607666,21.389999389648438,20.549999237060547,21.139999389648438,77300,18.404266357421875,0.0
HBB,2020-09-21,20.899999618530273,21.40999984741211,20.18000030517578,21.15999984741211,47700,18.421676635742188,0.0
HBB,2020-09-22,21.329999923706055,21.496999740600586,20.469999313354492,21.440000534057617,35400,18.665443420410156,0.0
HBB,2020-09-23,21.25,22.764999389648438,19.979999542236328,20.079999923706055,111400,17.4814395904541,0.0
HBB,2020-09-24,19.8700008392334,20.299999237060547,19.479999542236328,20.010000228881836,51700,17.42049789428711,0.0
HBB,2020-09-25,19.8700008392334,19.979999542236328,18.854999542236328,19.0,102700,16.541208267211914,0.0
HBB,2020-09-28,19.239999771118164,19.81999969482422,19.239999771118164,19.40999984741211,81700,16.898147583007812,0.0
HBB,2020-09-29,19.479999542236328,19.59000015258789,18.5,19.43000030517578,104100,16.915559768676758,0.0
HBB,2020-09-30,19.40999984741211,19.777999877929688,19.219999313354492,19.450000762939453,74800,16.932968139648438,0.0
HBB,2020-10-01,19.649999618530273,20.0,19.450000762939453,19.59000015258789,41900,17.054847717285156,0.0
HBB,2020-10-02,19.440000534057617,21.344999313354492,19.440000534057617,20.81999969482422,70500,18.125675201416016,0.0
HBB,2020-10-05,21.040000915527344,21.100000381469727,20.020000457763672,20.450000762939453,42300,17.803560256958008,0.0
HBB,2020-10-06,20.479999542236328,20.614999771118164,19.520000457763672,19.520000457763672,33700,16.993907928466797,0.0
HBB,2020-10-07,19.760000228881836,20.450000762939453,19.760000228881836,20.15999984741211,24200,17.55109214782715,0.0
HBB,2020-10-08,20.290000915527344,20.81999969482422,20.049999237060547,20.34000015258789,23500,17.70779037475586,0.0
HBB,2020-10-09,20.56999969482422,21.479999542236328,20.190000534057617,21.049999237060547,28600,18.325910568237305,0.0
HBB,2020-10-12,21.15999984741211,21.969999313354492,21.15999984741211,21.8700008392334,36100,19.039791107177734,0.0
HBB,2020-10-13,21.75,22.520000457763672,21.399999618530273,21.989999771118164,25700,19.14426612854004,0.0
HBB,2020-10-14,22.079999923706055,22.389999389648438,20.579999923706055,20.780000686645508,33700,18.090852737426758,0.0
HBB,2020-10-15,20.639999389648438,21.639999389648438,20.621999740600586,21.1299991607666,37000,18.395559310913086,0.0
HBB,2020-10-16,21.1299991607666,22.31999969482422,21.1299991607666,22.1299991607666,39000,19.266151428222656,0.0
HBB,2020-10-19,22.1299991607666,22.1299991607666,21.360000610351562,21.5,54700,18.717679977416992,0.0
HBB,2020-10-20,21.729999542236328,22.139999389648438,21.389999389648438,21.770000457763672,36000,18.952735900878906,0.0
HBB,2020-10-21,21.850000381469727,24.0,21.594999313354492,22.399999618530273,60000,19.501205444335938,0.0
HBB,2020-10-22,22.299999237060547,22.43199920654297,21.479999542236328,21.8700008392334,33300,19.039791107177734,0.0
HBB,2020-10-23,22.0,22.799999237060547,21.93000030517578,22.56999969482422,22500,19.649211883544922,0.0
HBB,2020-10-26,22.25,22.600000381469727,21.8700008392334,22.440000534057617,36400,19.536033630371094,0.0
HBB,2020-10-27,22.459999084472656,22.459999084472656,21.684999465942383,22.100000381469727,21200,19.24003028869629,0.0
HBB,2020-10-28,21.709999084472656,22.079999923706055,21.34000015258789,21.969999313354492,49800,19.126853942871094,0.0
HBB,2020-10-29,21.979999542236328,22.322999954223633,21.395999908447266,21.860000610351562,55400,19.03109359741211,0.0
HBB,2020-10-30,22.059999465942383,22.15999984741211,21.520000457763672,22.049999237060547,39400,19.196500778198242,0.0
HBB,2020-11-02,22.3799991607666,22.46500015258789,21.579999923706055,21.989999771118164,50200,19.14426612854004,0.0
HBB,2020-11-03,22.290000915527344,22.815000534057617,21.78499984741211,22.350000381469727,26900,19.457677841186523,0.0
HBB,2020-11-04,22.09000015258789,22.260000228881836,21.90999984741211,21.940000534057617,20300,19.100738525390625,0.0
HBB,2020-11-05,22.020000457763672,25.0,22.020000457763672,23.899999618530273,136500,20.80709457397461,0.0
HBB,2020-11-06,23.579999923706055,23.725000381469727,21.260000228881836,21.969999313354492,81600,19.126853942871094,0.0
HBB,2020-11-09,22.549999237060547,23.25,20.09000015258789,20.360000610351562,84800,17.72520637512207,0.0
HBB,2020-11-10,17.0,19.6299991607666,16.013999938964844,18.950000762939453,116200,16.49767303466797,0.0
HBB,2020-11-11,18.889999389648438,19.34000015258789,18.389999389648438,18.709999084472656,86500,16.288732528686523,0.0
HBB,2020-11-12,18.360000610351562,18.510000228881836,18.149999618530273,18.350000381469727,85600,15.975321769714355,0.0
HBB,2020-11-13,18.350000381469727,18.5,17.90999984741211,18.350000381469727,66900,15.975321769714355,0.0
HBB,2020-11-16,19.09000015258789,19.829999923706055,18.899999618530273,19.15999984741211,57600,16.680496215820312,0.0
HBB,2020-11-17,19.040000915527344,19.780000686645508,18.950000762939453,19.440000534057617,33700,16.924264907836914,0.0
HBB,2020-11-18,19.440000534057617,19.610000610351562,18.350000381469727,18.3799991607666,35200,16.001434326171875,0.0
HBB,2020-11-19,18.3700008392334,18.989999771118164,18.350000381469727,18.639999389648438,28300,16.227792739868164,0.0
HBB,2020-11-20,18.43000030517578,19.260000228881836,18.360000610351562,19.149999618530273,27000,16.671791076660156,0.0
HBB,2020-11-23,19.1299991607666,20.18000030517578,18.90999984741211,20.010000228881836,23500,17.42049789428711,0.0
HBB,2020-11-24,20.0,20.809999465942383,19.959999084472656,20.15999984741211,36600,17.55109214782715,0.0
HBB,2020-11-25,20.15999984741211,20.34000015258789,19.739999771118164,19.8799991607666,30100,17.307323455810547,0.0
HBB,2020-11-27,19.8700008392334,19.8700008392334,19.280000686645508,19.670000076293945,13500,17.12449836730957,0.0
HBB,2020-11-30,19.540000915527344,19.90999984741211,18.530000686645508,18.780000686645508,37200,16.42902374267578,0.095
HBB,2020-12-01,19.049999237060547,19.125,18.049999237060547,18.200000762939453,101700,15.921632766723633,0.0
HBB,2020-12-02,18.110000610351562,18.40999984741211,17.15999984741211,18.079999923706055,168700,15.81664752960205,0.0
HBB,2020-12-03,18.270000457763672,18.450000762939453,18.000999450683594,18.1299991607666,47100,15.860387802124023,0.0
HBB,2020-12-04,18.239999771118164,18.3700008392334,17.690000534057617,17.84000015258789,38800,15.606698989868164,0.0
HBB,2020-12-07,17.93000030517578,18.049999237060547,17.040000915527344,17.469999313354492,70300,15.283014297485352,0.0
HBB,2020-12-08,17.3799991607666,17.940000534057617,17.229999542236328,17.899999618530273,48000,15.659184455871582,0.0
HBB,2020-12-09,17.850000381469727,18.631000518798828,17.756999969482422,17.899999618530273,32400,15.659184455871582,0.0
HBB,2020-12-10,18.18000030517578,18.18000030517578,17.540000915527344,17.65999984741211,38500,15.44922924041748,0.0
HBB,2020-12-11,17.579999923706055,17.920000076293945,17.260000228881836,17.579999923706055,33600,15.379243850708008,0.0
HBB,2020-12-14,17.6200008392334,17.790000915527344,17.309999465942383,17.559999465942383,26400,15.361745834350586,0.0
HBB,2020-12-15,17.700000762939453,18.329999923706055,17.450000762939453,18.09000015258789,31200,15.825398445129395,0.0
HBB,2020-12-16,18.09000015258789,18.100000381469727,17.610000610351562,17.790000915527344,30400,15.56295394897461,0.0
HBB,2020-12-17,18.18000030517578,18.315000534057617,17.299999237060547,17.5,48400,15.309258460998535,0.0
HBB,2020-12-18,17.5,18.270000457763672,17.270000457763672,17.559999465942383,138700,15.361745834350586,0.0
HBB,2020-12-21,17.399999618530273,17.540000915527344,16.68000030517578,16.90999984741211,64400,14.793121337890625,0.0
HBB,2020-12-22,16.75,17.190000534057617,16.617000579833984,16.770000457763672,42000,14.670642852783203,0.0
HBB,2020-12-23,16.729999542236328,17.149999618530273,16.389999389648438,17.1200008392334,93100,14.976832389831543,0.0
HBB,2020-12-24,17.3799991607666,17.381000518798828,17.010000228881836,17.200000762939453,16500,15.046815872192383,0.0
HBB,2020-12-28,17.450000762939453,18.165000915527344,17.299999237060547,18.110000610351562,22400,15.842893600463867,0.0
HBB,2020-12-29,18.049999237060547,18.290000915527344,17.350000381469727,17.59000015258789,20100,15.38798999786377,0.0
HBB,2020-12-30,17.6200008392334,17.899999618530273,17.15999984741211,17.649999618530273,49300,15.440483093261719,0.0
HBB,2020-12-31,17.729999542236328,17.860000610351562,17.399999618530273,17.510000228881836,47800,15.318005561828613,0.0
HBB,2021-01-04,17.649999618530273,17.719999313354492,16.6200008392334,16.940000534057617,29700,14.819368362426758,0.0
HBB,2021-01-05,16.700000762939453,17.649999618530273,16.700000762939453,17.020000457763672,70700,14.889348983764648,0.0
HBB,2021-01-06,17.149999618530273,18.68000030517578,17.149999618530273,18.190000534057617,27700,15.912879943847656,0.0
HBB,2021-01-07,18.350000381469727,18.829999923706055,18.256000518798828,18.489999771118164,47000,16.17532730102539,0.0
HBB,2021-01-08,18.549999237060547,18.549999237060547,17.719999313354492,18.229999542236328,12100,15.947872161865234,0.0
HBB,2021-01-11,18.1299991607666,18.5,17.8799991607666,17.8799991607666,11200,15.641687393188477,0.0
HBB,2021-01-12,18.15999984741211,18.479999542236328,18.09000015258789,18.25,17600,15.965371131896973,0.0
HBB,2021-01-13,18.420000076293945,18.5,17.59000015258789,17.649999618530273,27000,15.440483093261719,0.0
HBB,2021-01-14,17.860000610351562,18.440000534057617,17.84000015258789,18.15999984741211,21400,15.886636734008789,0.0
HBB,2021-01-15,17.940000534057617,18.290000915527344,17.530000686645508,18.190000534057617,12900,15.912879943847656,0.0
HBB,2021-01-19,18.190000534057617,18.399999618530273,17.809999465942383,17.889999389648438,19000,15.650437355041504,0.0
HBB,2021-01-20,17.889999389648438,18.295000076293945,17.270000457763672,17.3700008392334,25200,15.195531845092773,0.0
HBB,2021-01-21,17.3700008392334,17.530000686645508,17.040000915527344,17.100000381469727,16500,14.959334373474121,0.0
HBB,2021-01-22,17.110000610351562,18.0049991607666,17.09000015258789,17.899999618530273,24400,15.659184455871582,0.0
HBB,2021-01-25,17.780000686645508,18.200000762939453,17.20599937438965,17.700000762939453,31000,15.48421859741211,0.0
HBB,2021-01-26,18.030000686645508,19.5,17.700000762939453,18.690000534057617,145400,16.35028648376465,0.0
HBB,2021-01-27,18.639999389648438,19.549999237060547,18.040000915527344,18.489999771118164,58100,16.17532730102539,0.0
HBB,2021-01-28,18.649999618530273,18.739999771118164,18.209999084472656,18.559999465942383,58300,16.236560821533203,0.0
HBB,2021-01-29,18.65999984741211,19.43000030517578,17.549999237060547,19.190000534057617,143500,16.787696838378906,0.0
HBB,2021-02-01,19.850000381469727,19.850000381469727,19.290000915527344,19.510000228881836,55000,17.06763458251953,0.0
HBB,2021-02-02,19.5,19.729999542236328,18.34000015258789,19.440000534057617,26700,17.006397247314453,0.0
HBB,2021-02-03,19.3700008392334,19.610000610351562,19.229999542236328,19.40999984741211,29000,16.98015594482422,0.0
HBB,2021-02-04,19.805999755859375,19.805999755859375,19.334999084472656,19.510000228881836,35300,17.06763458251953,0.0
HBB,2021-02-05,19.760000228881836,19.8799991607666,19.100000381469727,19.540000915527344,34200,17.09387969970703,0.0
HBB,2021-02-08,19.6299991607666,19.850000381469727,19.350000381469727,19.5,36600,17.058887481689453,0.0
HBB,2021-02-09,19.469999313354492,19.719999313354492,19.299999237060547,19.549999237060547,20200,17.102628707885742,0.0
HBB,2021-02-10,19.549999237060547,20.270000457763672,19.049999237060547,19.389999389648438,41300,16.962661743164062,0.0
HBB,2021-02-11,19.649999618530273,20.219999313354492,18.899999618530273,18.969999313354492,28000,16.59523582458496,0.0
HBB,2021-02-12,19.0049991607666,19.06999969482422,18.360000610351562,18.3799991607666,21800,16.079092025756836,0.0
HBB,2021-02-16,18.389999389648438,18.447999954223633,17.770000457763672,17.950000762939453,26400,15.702926635742188,0.0
HBB,2021-02-17,17.889999389648438,18.43000030517578,17.860000610351562,17.8799991607666,36400,15.641687393188477,0.0
HBB,2021-02-18,17.899999618530273,17.98699951171875,17.774999618530273,17.829999923706055,30900,15.597946166992188,0.0
HBB,2021-02-19,17.850000381469727,18.16699981689453,17.770000457763672,17.829999923706055,18500,15.597946166992188,0.0
HBB,2021-02-22,17.899999618530273,17.899999618530273,17.610000610351562,17.75,27500,15.527961730957031,0.0
HBB,2021-02-23,17.850000381469727,17.850000381469727,17.010000228881836,17.829999923706055,28300,15.597946166992188,0.0
HBB,2021-02-24,17.90999984741211,18.989999771118164,17.670000076293945,18.40999984741211,47100,16.1053409576416,0.0
HBB,2021-02-25,18.540000915527344,18.68000030517578,18.020000457763672,18.299999237060547,13000,16.00910758972168,0.0
HBB,2021-02-26,18.43000030517578,18.945999145507812,17.56999969482422,17.56999969482422,21100,15.370495796203613,0.0
HBB,2021-03-01,17.889999389648438,18.079999923706055,17.739999771118164,17.860000610351562,18800,15.62419319152832,0.0
HBB,2021-03-02,18.030000686645508,18.200000762939453,17.530000686645508,17.649999618530273,28300,15.440483093261719,0.0
HBB,2021-03-03,17.600000381469727,18.15999984741211,17.049999237060547,17.520000457763672,27200,15.326753616333008,0.0
HBB,2021-03-04,17.600000381469727,17.600000381469727,16.799999237060547,16.8799991607666,53900,14.766871452331543,0.0
HBB,2021-03-05,16.924999237060547,17.399999618530273,16.899999618530273,17.25,34800,15.175965309143066,0.095
HBB,2021-03-08,17.350000381469727,17.610000610351562,17.170000076293945,17.59000015258789,65300,15.47508430480957,0.0
HBB,2021-03-09,17.760000228881836,18.18000030517578,17.450000762939453,17.690000534057617,36700,15.563061714172363,0.0
HBB,2021-03-10,17.799999237060547,18.65999984741211,17.440000534057617,18.479999542236328,34700,16.258075714111328,0.0
HBB,2021-03-11,18.6200008392334,18.690000534057617,18.030000686645508,18.399999618530273,20900,16.187692642211914,0.0
HBB,2021-03-12,18.399999618530273,18.450000762939453,18.18000030517578,18.389999389648438,20200,16.178895950317383,0.0
HBB,2021-03-15,18.34000015258789,18.690000534057617,18.010000228881836,18.270000457763672,70800,16.073328018188477,0.0
HBB,2021-03-16,18.350000381469727,18.38800048828125,18.030000686645508,18.270000457763672,48600,16.073328018188477,0.0
HBB,2021-03-17,18.31999969482422,20.0,18.055999755859375,18.729999542236328,208200,16.478017807006836,0.0
HBB,2021-03-18,18.829999923706055,19.260000228881836,18.31100082397461,18.520000457763672,42000,16.29326820373535,0.0
HBB,2021-03-19,18.6299991607666,19.290000915527344,18.6299991607666,18.84000015258789,89800,16.574790954589844,0.0
HBB,2021-03-22,19.049999237060547,19.579999923706055,18.059999465942383,18.860000610351562,33300,16.592390060424805,0.0
HBB,2021-03-23,18.989999771118164,18.989999771118164,17.639999389648438,17.690000534057617,24100,15.563061714172363,0.0
HBB,2021-03-24,17.969999313354492,18.239999771118164,17.125,17.18000030517578,35900,15.114383697509766,0.0
HBB,2021-03-25,17.059999465942383,17.290000915527344,16.815000534057617,17.06999969482422,83800,15.017607688903809,0.0
HBB,2021-03-26,17.079999923706055,17.360000610351562,16.350000381469727,16.84000015258789,72000,14.81525993347168,0.0
HBB,2021-03-29,16.799999237060547,17.889999389648438,16.799999237060547,17.3799991607666,56900,15.290329933166504,0.0
HBB,2021-03-30,17.270000457763672,18.690000534057617,17.170000076293945,18.56999969482422,38700,16.33725929260254,0.0
HBB,2021-03-31,18.6200008392334,18.94499969482422,18.1299991607666,18.1299991607666,55800,15.950157165527344,0.0
HBB,2021-04-01,18.299999237060547,18.459999084472656,17.899999618530273,18.100000381469727,24400,15.923766136169434,0.0
HBB,2021-04-05,18.270000457763672,18.594999313354492,17.610000610351562,17.760000228881836,48000,15.624645233154297,0.0
HBB,2021-04-06,17.729999542236328,18.364999771118164,17.649999618530273,17.940000534057617,37500,15.783002853393555,0.0
HBB,2021-04-07,17.940000534057617,18.024999618530273,17.440000534057617,17.639999389648438,48900,15.519070625305176,0.0
HBB,2021-04-08,17.760000228881836,17.8700008392334,17.549999237060547,17.68000030517578,18200,15.554265022277832,0.0
HBB,2021-04-09,17.719999313354492,17.889999389648438,17.610000610351562,17.790000915527344,24500,15.65103816986084,0.0
HBB,2021-04-12,17.770000457763672,18.049999237060547,17.739999771118164,17.920000076293945,35100,15.76540756225586,0.0
HBB,2021-04-13,17.780000686645508,18.299999237060547,17.649999618530273,18.290000915527344,73200,16.09092140197754,0.0
HBB,2021-04-14,18.31999969482422,18.530000686645508,18.079999923706055,18.200000762939453,16800,16.01174545288086,0.0
HBB,2021-04-15,18.309999465942383,19.170000076293945,17.799999237060547,19.06999969482422,132100,16.77713966369629,0.0
HBB,2021-04-16,18.920000076293945,20.110000610351562,18.635000228881836,19.549999237060547,193800,17.199426651000977,0.0
HBB,2021-04-19,19.3700008392334,20.260000228881836,19.15999984741211,20.170000076293945,38200,17.744876861572266,0.0
HBB,2021-04-20,20.15999984741211,20.489999771118164,19.549999237060547,20.09000015258789,55000,17.67449951171875,0.0
HBB,2021-04-21,20.0,21.229999542236328,20.0,20.8700008392334,44800,18.360719680786133,0.0
HBB,2021-04-22,20.979999542236328,20.979999542236328,20.079999923706055,20.549999237060547,51700,18.079193115234375,0.0
HBB,2021-04-23,20.739999771118164,21.084999084472656,20.1200008392334,20.84000015258789,28900,18.33432388305664,0.0
HBB,2021-04-26,20.610000610351562,21.3799991607666,20.260000228881836,20.649999618530273,46700,18.167171478271484,0.0
HBB,2021-04-27,20.5049991607666,20.6200008392334,20.0,20.09000015258789,17200,17.67449951171875,0.0
HBB,2021-04-28,19.860000610351562,20.149999618530273,19.75,20.1299991607666,17800,17.709688186645508,0.0
HBB,2021-04-29,20.18000030517578,20.360000610351562,19.670000076293945,19.8700008392334,16200,17.480953216552734,0.0
HBB,2021-04-30,19.559999465942383,19.71500015258789,19.110000610351562,19.5,26600,17.155439376831055,0.0
HBB,2021-05-03,19.59000015258789,20.93000030517578,19.59000015258789,20.31999969482422,20700,17.87684440612793,0.0
HBB,2021-05-04,20.25,20.25,19.861000061035156,19.940000534057617,11400,17.542539596557617,0.0
HBB,2021-05-05,20.25,20.25,19.610000610351562,19.649999618530273,17200,17.287405014038086,0.0
HBB,2021-05-06,20.030000686645508,22.31999969482422,19.940000534057617,22.010000228881836,35700,19.363651275634766,0.0
HBB,2021-05-07,21.5,22.559999465942383,21.5,22.389999389648438,53100,19.697959899902344,0.0
HBB,2021-05-10,22.309999465942383,23.700000762939453,22.299999237060547,23.260000228881836,66700,20.463359832763672,0.0
HBB,2021-05-11,22.950000762939453,23.280000686645508,22.5,23.049999237060547,36600,20.27860450744629,0.0
HBB,2021-05-12,23.450000762939453,23.799999237060547,22.899999618530273,23.5,61100,20.674503326416016,0.0
HBB,2021-05-13,23.770000457763672,24.700000762939453,23.15999984741211,24.110000610351562,59600,21.21116065979004,0.0
HBB,2021-05-14,24.399999618530273,24.6299991607666,23.610000610351562,23.950000762939453,31200,21.070398330688477,0.0
HBB,2021-05-17,23.6299991607666,23.90999984741211,23.200000762939453,23.510000228881836,25600,20.683300018310547,0.0
HBB,2021-05-18,23.700000762939453,23.700000762939453,23.260000228881836,23.3799991607666,14100,20.568925857543945,0.0
HBB,2021-05-19,23.049999237060547,23.049999237060547,22.420000076293945,22.84000015258789,24400,20.093856811523438,0.0
HBB,2021-05-20,23.045000076293945,24.40999984741211,23.045000076293945,24.1299991607666,34500,21.2287540435791,0.0
HBB,2021-05-21,24.0,24.3700008392334,23.795000076293945,24.049999237060547,36700,21.15837287902832,0.0
HBB,2021-05-24,24.0,24.43000030517578,23.729999542236328,24.049999237060547,29200,21.15837287902832,0.0
HBB,2021-05-25,24.079999923706055,24.114999771118164,23.31999969482422,23.3700008392334,33900,20.560134887695312,0.0
HBB,2021-05-26,23.030000686645508,24.280000686645508,23.030000686645508,24.18000030517578,21300,21.272747039794922,0.0
HBB,2021-05-27,24.5,26.0,24.270000457763672,24.709999084472656,76100,21.7390193939209,0.0
HBB,2021-05-28,24.579999923706055,25.3799991607666,24.18000030517578,25.200000762939453,33700,22.260190963745117,0.1
HBB,2021-06-01,25.3799991607666,25.8700008392334,24.770000457763672,25.56999969482422,41600,22.587024688720703,0.0
HBB,2021-06-02,25.56999969482422,25.56999969482422,24.06999969482422,24.329999923706055,22400,21.49168586730957,0.0
HBB,2021-06-03,24.100000381469727,24.100000381469727,23.34000015258789,23.889999389648438,15400,21.103015899658203,0.0
HBB,2021-06-04,23.8799991607666,24.434999465942383,23.469999313354492,24.030000686645508,27700,21.226680755615234,0.0
HBB,2021-06-07,24.270000457763672,24.270000457763672,23.540000915527344,23.579999923706055,18600,20.829177856445312,0.0
HBB,2021-06-08,23.579999923706055,23.809999465942383,23.299999237060547,23.479999542236328,16800,20.740840911865234,0.0
HBB,2021-06-09,23.850000381469727,24.0,23.34000015258789,23.489999771118164,12500,20.749677658081055,0.0
HBB,2021-06-10,23.559999465942383,23.559999465942383,22.760000228881836,23.170000076293945,23000,20.46700668334961,0.0
HBB,2021-06-11,23.059999465942383,23.059999465942383,22.209999084472656,22.790000915527344,15800,20.13134002685547,0.0
HBB,2021-06-14,22.790000915527344,23.700000762939453,22.790000915527344,23.6299991607666,26300,20.87334632873535,0.0
HBB,2021-06-15,23.459999084472656,23.56999969482422,23.030000686645508,23.420000076293945,12800,20.687841415405273,0.0
HBB,2021-06-16,22.889999389648438,23.31999969482422,22.6200008392334,23.260000228881836,25600,20.546510696411133,0.0
HBB,2021-06-17,22.950000762939453,23.68000030517578,22.860000610351562,23.559999465942383,28700,20.81151008605957,0.0
HBB,2021-06-18,23.600000381469727,23.86400032043457,22.8799991607666,23.040000915527344,74200,20.3521728515625,0.0
HBB,2021-06-21,23.09000015258789,23.65999984741211,22.854999542236328,23.079999923706055,48500,20.387502670288086,0.0
HBB,2021-06-22,23.049999237060547,23.260000228881836,22.520000457763672,23.260000228881836,29500,20.546510696411133,0.0
HBB,2021-06-23,23.020000457763672,23.6299991607666,23.0,23.110000610351562,33600,20.41400718688965,0.0
HBB,2021-06-24,23.399999618530273,23.729999542236328,22.690000534057617,23.0,23600,20.316843032836914,0.0
HBB,2021-06-25,23.09000015258789,23.25,21.260000228881836,21.81999969482422,177900,19.274497985839844,0.0
HBB,2021-06-28,21.81999969482422,22.030000686645508,21.649999618530273,21.8799991607666,29800,19.327497482299805,0.0
HBB,2021-06-29,21.8799991607666,22.360000610351562,21.788999557495117,22.030000686645508,21200,19.460002899169922,0.0
HBB,2021-06-30,21.979999542236328,22.469999313354492,21.93000030517578,22.270000457763672,15700,19.672000885009766,0.0
HBB,2021-07-01,22.510000228881836,22.610000610351562,21.899999618530273,22.219999313354492,23000,19.62783432006836,0.0
HBB,2021-07-02,22.19700050354004,22.40999984741211,21.790000915527344,22.34000015258789,17400,19.733835220336914,0.0
HBB,2021-07-06,22.3799991607666,22.3799991607666,21.59000015258789,21.690000534057617,28600,19.159666061401367,0.0
HBB,2021-07-07,21.729999542236328,21.8700008392334,21.059999465942383,21.100000381469727,20300,18.638492584228516,0.0
HBB,2021-07-08,21.0,21.0,20.010000228881836,20.18000030517578,27900,17.825824737548828,0.0
HBB,2021-07-09,20.639999389648438,21.239999771118164,20.43000030517578,20.959999084472656,23600,18.51482582092285,0.0
HBB,2021-07-12,20.799999237060547,21.389999389648438,20.6299991607666,20.700000762939453,15900,18.28515625,0.0
HBB,2021-07-13,20.8799991607666,20.8799991607666,20.350000381469727,20.3799991607666,16800,18.002487182617188,0.0
HBB,2021-07-14,20.59000015258789,20.930999755859375,20.270000457763672,20.68000030517578,85400,18.26749038696289,0.0
HBB,2021-07-15,20.719999313354492,20.719999313354492,20.299999237060547,20.420000076293945,20700,18.03782081604004,0.0
HBB,2021-07-16,20.709999084472656,20.709999084472656,20.100000381469727,20.100000381469727,14600,17.755151748657227,0.0
HBB,2021-07-19,20.0,20.375,19.55299949645996,19.899999618530273,20200,17.57848358154297,0.0
HBB,2021-07-20,19.889999389648438,20.849000930786133,19.829999923706055,20.18000030517578,24500,17.825824737548828,0.0
HBB,2021-07-21,20.170000076293945,20.84000015258789,20.170000076293945,20.280000686645508,22500,17.914154052734375,0.0
HBB,2021-07-22,20.459999084472656,20.459999084472656,19.690000534057617,19.84000015258789,9400,17.525482177734375,0.0
HBB,2021-07-23,19.8700008392334,20.09000015258789,19.183000564575195,19.979999542236328,22500,17.649150848388672,0.0
HBB,2021-07-26,19.979999542236328,20.31999969482422,19.406999588012695,19.770000457763672,17900,17.46364974975586,0.0
HBB,2021-07-27,19.510000228881836,19.530000686645508,18.979999542236328,19.260000228881836,16700,17.013145446777344,0.0
HBB,2021-07-28,19.399999618530273,19.530000686645508,18.899999618530273,19.360000610351562,15900,17.101478576660156,0.0
HBB,2021-07-29,19.43000030517578,20.299999237060547,19.350000381469727,19.479999542236328,16900,17.207475662231445,0.0
HBB,2021-07-30,19.520000457763672,19.739999771118164,18.5,18.690000534057617,15100,16.509639739990234,0.0
HBB,2021-08-02,18.780000686645508,19.709999084472656,18.780000686645508,19.579999923706055,17000,17.29581642150879,0.0
HBB,2021-08-03,19.389999389648438,20.05500030517578,19.09000015258789,19.649999618530273,8800,17.357648849487305,0.0
HBB,2021-08-04,19.510000228881836,19.559999465942383,18.84000015258789,19.0,17500,16.783479690551758,0.0
HBB,2021-08-05,18.56999969482422,18.790000915527344,16.760000228881836,17.610000610351562,71500,15.555634498596191,0.0
HBB,2021-08-06,17.600000381469727,17.81999969482422,16.989999771118164,17.049999237060547,40600,15.060959815979004,0.0
HBB,2021-08-09,17.0,17.493999481201172,16.719999313354492,16.790000915527344,72600,14.831294059753418,0.0
HBB,2021-08-10,16.924999237060547,17.540000915527344,16.924999237060547,17.15999984741211,21000,15.158129692077637,0.0
HBB,2021-08-11,17.030000686645508,17.5,17.030000686645508,17.100000381469727,16300,15.10512924194336,0.0
HBB,2021-08-12,17.110000610351562,17.360000610351562,16.950000762939453,17.25,16000,15.237630844116211,0.0
HBB,2021-08-13,17.420000076293945,18.049999237060547,17.040000915527344,17.600000381469727,16600,15.546802520751953,0.0
HBB,2021-08-16,17.65999984741211,17.65999984741211,17.149999618530273,17.5,10600,15.458463668823242,0.0
HBB,2021-08-17,17.5,17.5,17.010000228881836,17.030000686645508,9200,15.043296813964844,0.0
HBB,2021-08-18,17.010000228881836,17.229999542236328,16.8799991607666,17.020000457763672,21400,15.034461975097656,0.0
HBB,2021-08-19,16.899999618530273,17.19499969482422,16.899999618530273,17.040000915527344,16900,15.052127838134766,0.0
HBB,2021-08-20,16.920000076293945,17.440000534057617,16.920000076293945,17.219999313354492,15100,15.211129188537598,0.0
HBB,2021-08-23,17.270000457763672,17.270000457763672,16.950000762939453,17.110000610351562,12900,15.11396598815918,0.0
HBB,2021-08-24,17.299999237060547,17.360000610351562,17.100000381469727,17.25,9400,15.237630844116211,0.0
HBB,2021-08-25,17.350000381469727,17.350000381469727,16.950000762939453,16.989999771118164,25000,15.007959365844727,0.0
HBB,2021-08-26,17.010000228881836,17.100000381469727,16.799999237060547,16.860000610351562,49100,14.893128395080566,0.0
HBB,2021-08-27,16.940000534057617,17.190000534057617,16.90999984741211,16.989999771118164,44700,15.007959365844727,0.0
HBB,2021-08-30,17.149999618530273,17.32900047302246,17.020000457763672,17.020000457763672,11300,15.034461975097656,0.0
HBB,2021-08-31,17.243999481201172,17.243999481201172,17.0,17.0,8100,15.105547904968262,0.1
HBB,2021-09-01,17.027999877929688,17.270000457763672,17.0,17.049999237060547,10400,15.149972915649414,0.0
HBB,2021-09-02,17.049999237060547,17.06999969482422,16.950000762939453,16.979999542236328,15200,15.087772369384766,0.0
HBB,2021-09-03,17.059999465942383,17.059999465942383,16.700000762939453,16.780000686645508,13500,14.910064697265625,0.0
HBB,2021-09-07,16.780000686645508,16.780000686645508,16.25,16.299999237060547,34600,14.483553886413574,0.0
HBB,2021-09-08,16.139999389648438,16.18000030517578,15.829999923706055,16.010000228881836,29300,14.225870132446289,0.0
HBB,2021-09-09,16.125,16.299999237060547,16.0,16.0,13300,14.216984748840332,0.0
HBB,2021-09-10,16.0,16.850000381469727,16.0,16.139999389648438,16900,14.341381072998047,0.0
HBB,2021-09-13,16.200000762939453,16.42099952697754,16.010000228881836,16.190000534057617,13400,14.385812759399414,0.0
HBB,2021-09-14,16.280000686645508,16.280000686645508,15.460000038146973,15.460000038146973,23900,13.737161636352539,0.0
HBB,2021-09-15,15.5,16.049999237060547,15.5,15.979999542236328,18400,14.199213981628418,0.0
HBB,2021-09-16,16.010000228881836,16.270000457763672,15.92199993133545,15.989999771118164,7100,14.208100318908691,0.0
HBB,2021-09-17,15.960000038146973,16.280000686645508,15.880000114440918,16.030000686645508,36800,14.24364185333252,0.0
HBB,2021-09-20,15.800000190734863,15.800000190734863,15.5600004196167,15.729999542236328,12200,13.977072715759277,0.0
HBB,2021-09-21,15.699999809265137,16.08099937438965,15.65999984741211,15.6899995803833,5500,13.941530227661133,0.0
HBB,2021-09-22,15.75,16.139999389648438,15.75,15.90999984741211,16500,14.137015342712402,0.0
HBB,2021-09-23,15.920000076293945,16.110000610351562,15.869999885559082,15.979999542236328,8700,14.199213981628418,0.0
HBB,2021-09-24,15.970000267028809,16.049999237060547,15.779999732971191,16.010000228881836,17900,14.225870132446289,0.0
HBB,2021-09-27,15.920000076293945,16.23900032043457,15.90999984741211,16.1299991607666,8400,14.332496643066406,0.0
HBB,2021-09-28,15.989999771118164,16.25,15.75,15.779999732971191,14900,14.021503448486328,0.0
HBB,2021-09-29,15.75,15.904000282287598,15.359999656677246,15.529999732971191,17400,13.799363136291504,0.0
HBB,2021-09-30,15.75,15.779999732971191,15.520000457763672,15.670000076293945,13400,13.923759460449219,0.0
HBB,2021-10-01,15.9399995803833,15.9399995803833,15.289999961853027,15.399999618530273,29000,13.683847427368164,0.0
HBB,2021-10-04,15.5,15.555000305175781,15.300000190734863,15.350000381469727,12500,13.639420509338379,0.0
HBB,2021-10-05,15.475000381469727,15.489999771118164,15.359999656677246,15.449999809265137,5600,13.728276252746582,0.0
HBB,2021-10-06,15.505000114440918,15.505000114440918,14.850000381469727,15.100000381469727,11800,13.417282104492188,0.0
HBB,2021-10-07,15.4399995803833,15.4399995803833,15.0,15.0,28200,13.328425407409668,0.0
HBB,2021-10-08,15.041999816894531,15.569999694824219,15.041999816894531,15.25,14300,13.550564765930176,0.0
HBB,2021-10-11,15.444999694824219,15.640999794006348,15.079999923706055,15.079999923706055,8400,13.399508476257324,0.0
HBB,2021-10-12,15.0,15.3100004196167,14.789999961853027,14.949999809265137,11900,13.28399658203125,0.0
HBB,2021-10-13,15.079999923706055,15.170000076293945,15.0,15.0,10900,13.328425407409668,0.0
HBB,2021-10-14,14.960000038146973,15.289999961853027,14.899999618530273,15.039999961853027,14600,13.363966941833496,0.0
HBB,2021-10-15,15.489999771118164,15.642999649047852,15.239999771118164,15.40999984741211,27700,13.692732810974121,0.0
HBB,2021-10-18,15.399999618530273,15.4399995803833,15.199999809265137,15.3100004196167,9800,13.60387897491455,0.0
HBB,2021-10-19,15.300000190734863,15.595000267028809,15.300000190734863,15.449999809265137,18200,13.728276252746582,0.0
HBB,2021-10-20,15.460000038146973,15.460000038146973,15.050000190734863,15.050000190734863,24900,13.372851371765137,0.0
HBB,2021-10-21,15.130000114440918,15.479999542236328,15.130000114440918,15.34000015258789,12300,13.630536079406738,0.0
HBB,2021-10-22,15.319999694824219,15.460000038146973,15.01200008392334,15.300000190734863,7700,13.594991683959961,0.0
HBB,2021-10-25,15.319999694824219,15.680000305175781,15.21500015258789,15.380000114440918,8300,13.666078567504883,0.0
HBB,2021-10-26,15.149999618530273,15.470000267028809,15.130000114440918,15.319999694824219,6900,13.612763404846191,0.0
HBB,2021-10-27,15.489999771118164,15.489999771118164,15.0,15.0,9500,13.328425407409668,0.0
HBB,2021-10-28,15.100000381469727,15.520000457763672,15.100000381469727,15.210000038146973,15000,13.515024185180664,0.0
HBB,2021-10-29,15.119999885559082,15.170000076293945,15.0,15.0,6100,13.328425407409668,0.0
HBB,2021-11-01,15.029999732971191,15.609999656677246,15.010000228881836,15.40999984741211,10100,13.692732810974121,0.0
HBB,2021-11-02,15.0600004196167,15.390000343322754,15.0600004196167,15.390000343322754,9800,13.67496395111084,0.0
HBB,2021-11-03,15.5,16.100000381469727,15.399999618530273,16.09000015258789,9000,14.296956062316895,0.0
HBB,2021-11-04,16.309999465942383,18.020000457763672,16.309999465942383,17.610000610351562,26900,15.647573471069336,0.0
HBB,2021-11-05,17.799999237060547,19.40999984741211,17.799999237060547,19.40999984741211,54900,17.24698257446289,0.0
HBB,2021-11-08,19.209999084472656,20.360000610351562,18.15999984741211,18.3700008392334,34500,16.3228759765625,0.0
HBB,2021-11-09,18.520000457763672,19.65999984741211,17.520000457763672,18.0,15900,15.994111061096191,0.0
HBB,2021-11-10,17.940000534057617,18.486000061035156,16.5,16.5,21600,14.661266326904297,0.0
HBB,2021-11-11,16.6299991607666,18.079999923706055,16.010000228881836,16.799999237060547,21600,14.92783260345459,0.0
HBB,2021-11-12,16.739999771118164,17.420000076293945,16.200000762939453,17.1200008392334,22000,15.212178230285645,0.0
HBB,2021-11-15,16.959999084472656,18.010000228881836,16.799999237060547,17.969999313354492,19600,15.967449188232422,0.0
HBB,2021-11-16,17.969999313354492,18.43000030517578,16.700000762939453,16.889999389648438,29400,15.007806777954102,0.0
HBB,2021-11-17,17.079999923706055,17.079999923706055,16.459999084472656,16.469999313354492,10100,14.634612083435059,0.0
HBB,2021-11-18,16.649999618530273,17.40999984741211,16.649999618530273,16.989999771118164,17400,15.096658706665039,0.0
HBB,2021-11-19,16.81999969482422,16.91900062561035,16.5,16.5,8500,14.661266326904297,0.0
HBB,2021-11-22,16.760000228881836,17.149999618530273,16.520000457763672,16.549999237060547,9000,14.705694198608398,0.0
HBB,2021-11-23,16.399999618530273,17.014999389648438,16.315000534057617,16.600000381469727,19400,14.750123023986816,0.0
HBB,2021-11-24,16.56999969482422,16.700000762939453,15.720000267028809,16.43000030517578,16900,14.599065780639648,0.0
HBB,2021-11-26,16.0,16.920000076293945,15.550000190734863,16.049999237060547,20100,14.261414527893066,0.0
HBB,2021-11-29,16.579999923706055,16.649999618530273,15.75,15.84000015258789,17200,14.074814796447754,0.0
HBB,2021-11-30,15.539999961853027,15.800000190734863,13.899999618530273,15.0,24900,13.413102149963379,0.1
HBB,2021-12-01,15.399999618530273,15.880000114440918,14.489999771118164,14.75,32800,13.189550399780273,0.0
HBB,2021-12-02,15.079999923706055,15.446999549865723,14.710000038146973,15.010000228881836,11400,13.422046661376953,0.0
HBB,2021-12-03,14.970000267028809,15.449999809265137,14.09000015258789,14.789999961853027,38500,13.225318908691406,0.0
HBB,2021-12-06,14.899999618530273,15.199999809265137,14.40999984741211,14.579999923706055,31400,13.037535667419434,0.0
HBB,2021-12-07,14.90999984741211,15.020000457763672,14.550000190734863,14.609999656677246,31600,13.064360618591309,0.0
HBB,2021-12-08,14.579999923706055,14.800000190734863,14.479999542236328,14.609999656677246,6900,13.064360618591309,0.0
HBB,2021-12-09,14.604999542236328,14.770000457763672,14.324999809265137,14.5,18200,12.965998649597168,0.0
HBB,2021-12-10,14.779999732971191,14.779999732971191,14.222999572753906,14.369999885559082,20800,12.849751472473145,0.0
HBB,2021-12-13,14.300000190734863,14.359999656677246,13.454999923706055,13.890000343322754,26700,12.420534133911133,0.0
HBB,2021-12-14,13.8100004196167,13.899999618530273,13.15999984741211,13.279999732971191,54400,11.875064849853516,0.0
HBB,2021-12-15,13.390000343322754,13.770000457763672,13.3149995803833,13.550000190734863,45800,12.116503715515137,0.0
HBB,2021-12-16,14.920000076293945,15.291000366210938,13.57699966430664,14.279999732971191,46000,12.76927375793457,0.0
HBB,2021-12-17,14.34000015258789,14.34000015258789,14.0,14.229999542236328,46100,12.724563598632812,0.0
HBB,2021-12-20,13.920000076293945,14.050000190734863,13.649999618530273,13.6899995803833,29900,12.241691589355469,0.0
HBB,2021-12-21,13.829999923706055,13.940999984741211,13.579999923706055,13.619999885559082,51600,12.179098129272461,0.0
HBB,2021-12-22,13.5,14.529999732971191,13.300000190734863,13.970000267028809,28400,12.492071151733398,0.0
HBB,2021-12-23,13.789999961853027,14.050000190734863,13.520000457763672,13.890000343322754,12100,12.420534133911133,0.0
HBB,2021-12-27,13.770000457763672,14.369999885559082,13.625,14.079999923706055,12400,12.590431213378906,0.0
HBB,2021-12-28,13.920000076293945,15.140000343322754,13.850000381469727,14.649999618530273,17600,13.100131034851074,0.0
HBB,2021-12-29,14.8100004196167,14.8100004196167,14.140000343322754,14.380000114440918,14800,12.858695983886719,0.0
HBB,2021-12-30,14.289999961853027,14.729999542236328,14.055000305175781,14.289999961853027,15500,12.778216361999512,0.0
HBB,2021-12-31,14.239999771118164,14.960000038146973,14.09000015258789,14.359999656677246,16200,12.840808868408203,0.0
HBB,2022-01-03,14.5,14.918999671936035,13.982999801635742,14.449999809265137,7300,12.92128849029541,0.0
HBB,2022-01-04,14.600000381469727,14.6899995803833,14.380000114440918,14.399999618530273,13300,12.876578330993652,0.0
HBB,2022-01-05,14.699999809265137,14.699999809265137,14.0,14.100000381469727,9000,12.608316421508789,0.0
HBB,2022-01-06,13.989999771118164,14.128000259399414,13.576000213623047,13.619999885559082,9100,12.179098129272461,0.0
HBB,2022-01-07,13.760000228881836,14.369999885559082,13.760000228881836,14.020000457763672,12700,12.53678035736084,0.0
HBB,2022-01-10,14.0600004196167,14.562999725341797,13.760000228881836,13.84000015258789,17000,12.375823020935059,0.0
HBB,2022-01-11,13.90999984741211,14.395999908447266,13.61299991607666,13.970000267028809,21400,12.492071151733398,0.0
HBB,2022-01-12,14.010000228881836,14.600000381469727,13.489999771118164,13.5,18500,12.071792602539062,0.0
HBB,2022-01-13,13.680000305175781,13.949999809265137,13.399999618530273,13.489999771118164,19700,12.062849998474121,0.0
HBB,2022-01-14,13.520000457763672,13.520000457763672,13.199999809265137,13.359999656677246,13500,11.946602821350098,0.0
HBB,2022-01-18,13.420000076293945,13.59000015258789,12.800000190734863,13.140000343322754,16700,11.749878883361816,0.0
HBB,2022-01-19,12.960000038146973,13.15999984741211,12.15999984741211,12.59000015258789,27300,11.258064270019531,0.0
HBB,2022-01-20,12.760000228881836,13.319999694824219,12.760000228881836,12.819999694824219,14600,11.463732719421387,0.0
HBB,2022-01-21,12.600000381469727,13.050000190734863,12.539999961853027,12.850000381469727,20700,11.490559577941895,0.0
HBB,2022-01-24,12.989999771118164,13.25,12.680000305175781,13.119999885559082,28500,11.731992721557617,0.0
HBB,2022-01-25,13.119999885559082,13.46500015258789,12.75,13.140000343322754,24600,11.749878883361816,0.0
HBB,2022-01-26,13.067999839782715,13.413999557495117,13.067999839782715,13.140000343322754,18100,11.749878883361816,0.0
HBB,2022-01-27,13.069999694824219,13.390000343322754,13.0600004196167,13.119999885559082,9600,11.731992721557617,0.0
HBB,2022-01-28,13.109999656677246,13.489999771118164,13.039999961853027,13.300000190734863,20500,11.892951011657715,0.0
HBB,2022-01-31,13.600000381469727,14.199999809265137,13.59000015258789,13.859999656677246,24400,12.393706321716309,0.0
HBB,2022-02-01,13.9399995803833,14.87399959564209,13.460000038146973,13.770000457763672,43600,12.31322956085205,0.0
HBB,2022-02-02,13.899999618530273,14.0,12.543999671936035,12.989999771118164,35500,11.61574649810791,0.0
HBB,2022-02-03,12.90999984741211,13.081999778747559,12.859999656677246,12.890000343322754,13800,11.526325225830078,0.0
HBB,2022-02-04,12.8100004196167,13.279999732971191,12.710000038146973,13.109999656677246,20400,11.723052024841309,0.0
HBB,2022-02-07,12.880000114440918,13.3100004196167,12.880000114440918,13.149999618530273,23700,11.758819580078125,0.0
HBB,2022-02-08,13.119999885559082,13.300000190734863,13.015000343322754,13.149999618530273,7300,11.758819580078125,0.0
HBB,2022-02-09,13.109999656677246,13.460000038146973,13.109999656677246,13.329999923706055,13500,11.919775009155273,0.0
HBB,2022-02-10,13.489999771118164,14.243000030517578,13.350000381469727,13.5,23600,12.071792602539062,0.0
HBB,2022-02-11,13.380000114440918,13.930000305175781,13.380000114440918,13.380000114440918,34800,11.964487075805664,0.0
HBB,2022-02-14,13.600000381469727,13.65999984741211,13.024999618530273,13.260000228881836,16300,11.857183456420898,0.0
HBB,2022-02-15,13.34000015258789,13.84000015258789,13.149999618530273,13.449999809265137,26300,12.027082443237305,0.0
HBB,2022-02-16,13.062000274658203,13.640000343322754,13.050000190734863,13.619999885559082,22600,12.179098129272461,0.0
HBB,2022-02-17,13.369999885559082,13.699999809265137,13.104999542236328,13.5,17000,12.071792602539062,0.0
HBB,2022-02-18,13.4399995803833,14.1899995803833,13.4399995803833,14.119999885559082,25900,12.626199722290039,0.0
HBB,2022-02-22,13.960000038146973,14.399999618530273,13.619999885559082,14.0,27800,12.51889419555664,0.0
HBB,2022-02-23,14.3100004196167,16.280000686645508,14.300000190734863,15.640000343322754,77500,13.985396385192871,0.0
HBB,2022-02-24,15.65999984741211,16.1200008392334,14.539999961853027,15.170000076293945,187000,13.565118789672852,0.0
HBB,2022-02-25,15.399999618530273,15.95300006866455,14.260000228881836,14.789999961853027,56000,13.225318908691406,0.0
HBB,2022-02-28,14.5,15.295000076293945,14.25,15.100000381469727,82700,13.502524375915527,0.0
HBB,2022-03-01,15.180000305175781,15.493000030517578,13.470000267028809,14.260000228881836,48600,12.751388549804688,0.0
HBB,2022-03-02,14.640000343322754,14.680000305175781,13.789999961853027,13.930000305175781,18800,12.456302642822266,0.0
HBB,2022-03-03,13.930000305175781,14.430000305175781,13.329999923706055,13.640000343322754,36400,12.285172462463379,0.1
HBB,2022-03-04,13.489999771118164,13.579999923706055,12.829999923706055,12.890000343322754,18700,11.609668731689453,0.0
HBB,2022-03-07,12.84000015258789,13.380000114440918,12.350000381469727,12.420000076293945,40400,11.18635368347168,0.0
HBB,2022-03-08,12.260000228881836,13.029999732971191,12.137999534606934,12.609999656677246,54200,11.357481002807617,0.0
HBB,2022-03-09,12.699999809265137,13.399999618530273,12.6899995803833,12.920000076293945,31200,11.636689186096191,0.0
HBB,2022-03-10,12.489999771118164,12.545000076293945,11.5,11.510000228881836,63500,10.366739273071289,0.0
HBB,2022-03-11,11.550000190734863,11.619999885559082,11.25,11.520000457763672,58500,10.375747680664062,0.0
HBB,2022-03-14,11.380000114440918,11.8100004196167,10.850000381469727,11.140000343322754,127200,10.033493041992188,0.0
HBB,2022-03-15,11.25,11.5,10.739999771118164,10.779999732971191,61300,9.709248542785645,0.0
HBB,2022-03-16,11.013999938964844,11.140000343322754,10.710000038146973,10.710000038146973,73300,9.646202087402344,0.0
HBB,2022-03-17,10.760000228881836,11.050000190734863,10.699999809265137,10.949999809265137,45400,9.862363815307617,0.0
HBB,2022-03-18,11.0,11.699999809265137,11.0,11.569999694824219,153200,10.420781135559082,0.0
HBB,2022-03-21,11.569999694824219,11.569999694824219,10.75,10.760000228881836,101000,9.69123649597168,0.0
HBB,2022-03-22,10.899999618530273,11.628000259399414,10.770000457763672,10.960000038146973,51900,9.871371269226074,0.0
HBB,2022-03-23,10.960000038146973,11.020000457763672,10.664999961853027,10.850000381469727,352400,9.772296905517578,0.0
HBB,2022-03-24,10.850000381469727,11.119999885559082,10.619999885559082,10.90999984741211,38600,9.826335906982422,0.0
HBB,2022-03-25,11.0,11.25,10.630000114440918,11.029999732971191,42000,9.934416770935059,0.0
HBB,2022-03-28,11.0,11.420000076293945,10.699999809265137,11.380000114440918,60200,10.249654769897461,0.0
HBB,2022-03-29,11.420000076293945,12.65999984741211,11.239999771118164,12.529999732971191,66000,11.285426139831543,0.0
HBB,2022-03-30,12.399999618530273,12.609999656677246,11.649999618530273,11.710000038146973,67200,10.546875,0.0
HBB,2022-03-31,11.699999809265137,11.8149995803833,11.40999984741211,11.630000114440918,52000,10.474822044372559,0.0
HBB,2022-04-01,11.699999809265137,11.819999694824219,11.369999885559082,11.460000038146973,27300,10.321706771850586,0.0
HBB,2022-04-04,11.40999984741211,11.5,10.90999984741211,11.390000343322754,52300,10.258660316467285,0.0
HBB,2022-04-05,11.359999656677246,11.75,11.229999542236328,11.630000114440918,55200,10.474822044372559,0.0
HBB,2022-04-06,11.4399995803833,11.467000007629395,11.0600004196167,11.100000381469727,33200,9.997465133666992,0.0
HBB,2022-04-07,11.3100004196167,11.369999885559082,10.90999984741211,11.350000381469727,48100,10.222635269165039,0.0
HBB,2022-04-08,11.399999618530273,11.789999961853027,11.069999694824219,11.640000343322754,28200,10.4838285446167,0.0
HBB,2022-04-11,11.220000267028809,11.760000228881836,10.949999809265137,11.010000228881836,23300,9.916404724121094,0.0
HBB,2022-04-12,11.1899995803833,11.413000106811523,10.970000267028809,11.069999694824219,34900,9.970444679260254,0.0
HBB,2022-04-13,11.140000343322754,11.239999771118164,11.069999694824219,11.09000015258789,13700,9.988457679748535,0.0
HBB,2022-04-14,11.210000038146973,11.319999694824219,10.869999885559082,10.9399995803833,30800,9.853355407714844,0.0
HBB,2022-04-18,11.010000228881836,11.010000228881836,10.59000015258789,10.720000267028809,41200,9.6552095413208,0.0
HBB,2022-04-19,10.734999656677246,11.119999885559082,10.720000267028809,10.800000190734863,30900,9.727264404296875,0.0
HBB,2022-04-20,10.970000267028809,11.020000457763672,10.609999656677246,10.859999656677246,46000,9.781303405761719,0.0
HBB,2022-04-21,11.0,11.0,10.649999618530273,10.770000457763672,32300,9.700243949890137,0.0
HBB,2022-04-22,10.789999961853027,10.949999809265137,10.510000228881836,10.5600004196167,40700,9.511101722717285,0.0
HBB,2022-04-25,10.5,10.739999771118164,10.3100004196167,10.479999542236328,32600,9.439046859741211,0.0
HBB,2022-04-26,10.496000289916992,10.640000343322754,9.925000190734863,10.010000228881836,37900,9.015732765197754,0.0
HBB,2022-04-27,9.920000076293945,10.130000114440918,9.770000457763672,9.890000343322754,36700,8.9076509475708,0.0
HBB,2022-04-28,9.930000305175781,9.944999694824219,9.682999610900879,9.84000015258789,28100,8.862618446350098,0.0
HBB,2022-04-29,9.736000061035156,9.850000381469727,9.25,9.359999656677246,30000,8.430293083190918,0.0
HBB,2022-05-02,9.479999542236328,9.65999984741211,9.199999809265137,9.550000190734863,33000,8.601423263549805,0.0
HBB,2022-05-03,9.640000343322754,9.951000213623047,9.3100004196167,9.539999961853027,31000,8.592413902282715,0.0
HBB,2022-05-04,9.699999809265137,9.770000457763672,9.454999923706055,9.770000457763672,66000,8.799571990966797,0.0
HBB,2022-05-05,10.15999984741211,10.15999984741211,9.5,9.720000267028809,45000,8.754537582397461,0.0
HBB,2022-05-06,9.6899995803833,10.020000457763672,9.675000190734863,9.920000076293945,44100,8.934670448303223,0.0
HBB,2022-05-09,9.869999885559082,10.25,9.760000228881836,9.960000038146973,83600,8.970697402954102,0.0
HBB,2022-05-10,10.100000381469727,10.279999732971191,9.760000228881836,10.220000267028809,78900,9.204874038696289,0.0
HBB,2022-05-11,10.199999809265137,10.4399995803833,9.800000190734863,9.930000305175781,40100,8.943679809570312,0.0
HBB,2022-05-12,9.960000038146973,10.210000038146973,9.550000190734863,9.710000038146973,34800,8.745530128479004,0.0
HBB,2022-05-13,9.75,9.9399995803833,9.449999809265137,9.550000190734863,38300,8.601423263549805,0.0
HBB,2022-05-16,9.550000190734863,9.741999626159668,9.38599967956543,9.510000228881836,30900,8.565396308898926,0.0
HBB,2022-05-17,9.569999694824219,9.829999923706055,9.520000457763672,9.710000038146973,29300,8.745530128479004,0.0
HBB,2022-05-18,9.550000190734863,9.654999732971191,9.4399995803833,9.510000228881836,31200,8.565396308898926,0.0
HBB,2022-05-19,9.609999656677246,9.609999656677246,9.380000114440918,9.539999961853027,23300,8.592413902282715,0.0
HBB,2022-05-20,9.5600004196167,9.710000038146973,9.175000190734863,9.449999809265137,36100,8.51135540008545,0.0
HBB,2022-05-23,9.600000381469727,9.84000015258789,9.470000267028809,9.770000457763672,38200,8.799571990966797,0.0
HBB,2022-05-24,9.59000015258789,9.800000190734863,9.4399995803833,9.609999656677246,25300,8.655462265014648,0.0
HBB,2022-05-25,9.680000305175781,10.369999885559082,9.680000305175781,10.210000038146973,23600,9.195866584777832,0.0
HBB,2022-05-26,10.619999885559082,11.210000038146973,10.36400032043457,10.84000015258789,46000,9.763290405273438,0.0
HBB,2022-05-27,10.890000343322754,11.229999542236328,10.211999893188477,10.949999809265137,31400,9.862363815307617,0.0
HBB,2022-05-31,10.630000114440918,10.630000114440918,10.010000228881836,10.319999694824219,34600,9.384931564331055,0.105
HBB,2022-06-01,10.399999618530273,10.715999603271484,9.970000267028809,9.989999771118164,44300,9.084833145141602,0.0
HBB,2022-06-02,9.960000038146973,10.90999984741211,9.960000038146973,10.65999984741211,38000,9.694128036499023,0.0
HBB,2022-06-03,10.789999961853027,10.789999961853027,10.210000038146973,10.25,34700,9.32127571105957,0.0
HBB,2022-06-06,10.430000305175781,10.609999656677246,10.130000114440918,10.229999542236328,50400,9.303085327148438,0.0
HBB,2022-06-07,10.300000190734863,11.630000114440918,10.199999809265137,11.210000038146973,109000,10.194293022155762,0.0
HBB,2022-06-08,11.220000267028809,11.5600004196167,10.699999809265137,10.770000457763672,65200,9.794159889221191,0.0
HBB,2022-06-09,10.640000343322754,11.479999542236328,10.600000381469727,10.949999809265137,59700,9.957849502563477,0.0
HBB,2022-06-10,10.829999923706055,10.829999923706055,10.380000114440918,10.59000015258789,48100,9.630468368530273,0.0
HBB,2022-06-13,10.399999618530273,10.989999771118164,10.270000457763672,10.550000190734863,69400,9.594093322753906,0.0
HBB,2022-06-14,10.569999694824219,10.989999771118164,10.40999984741211,10.710000038146973,58100,9.739595413208008,0.0
HBB,2022-06-15,10.75,11.170000076293945,10.489999771118164,10.65999984741211,56100,9.694128036499023,0.0
HBB,2022-06-16,10.5600004196167,10.5600004196167,9.90999984741211,10.239999771118164,72100,9.31218147277832,0.0
HBB,2022-06-17,10.300000190734863,10.489999771118164,10.074999809265137,10.130000114440918,63500,9.212148666381836,0.0
HBB,2022-06-21,10.350000381469727,11.029999732971191,10.149999618530273,10.550000190734863,127800,9.594093322753906,0.0
HBB,2022-06-22,10.600000381469727,11.069999694824219,10.149999618530273,10.619999885559082,64500,9.657748222351074,0.0
HBB,2022-06-23,10.6899995803833,10.899999618530273,10.25,10.880000114440918,71800,9.894192695617676,0.0
HBB,2022-06-24,10.829999923706055,12.729999542236328,9.930000305175781,12.729999542236328,1353100,11.576567649841309,0.0
HBB,2022-06-27,12.25,13.350000381469727,12.100000381469727,12.850000381469727,237000,11.685696601867676,0.0
HBB,2022-06-28,12.90999984741211,13.039999961853027,12.515000343322754,12.850000381469727,93900,11.685696601867676,0.0
HBB,2022-06-29,12.75,12.75,12.199999809265137,12.300000190734863,127000,11.185531616210938,0.0
HBB,2022-06-30,12.1899995803833,12.715999603271484,12.1899995803833,12.40999984741211,101700,11.285565376281738,0.0
HBB,2022-07-01,12.4399995803833,12.550000190734863,11.470000267028809,11.789999961853027,74300,10.72174072265625,0.0
HBB,2022-07-05,11.510000228881836,12.119999885559082,11.479999542236328,12.029999732971191,51600,10.939992904663086,0.0
HBB,2022-07-06,12.229999542236328,12.380000114440918,11.970000267028809,12.180000305175781,36500,11.07640266418457,0.0
HBB,2022-07-07,12.210000038146973,12.59000015258789,12.109999656677246,12.350000381469727,33300,11.230999946594238,0.0
HBB,2022-07-08,12.319999694824219,12.680000305175781,12.260000228881836,12.529999732971191,39600,11.39469051361084,0.0
HBB,2022-07-11,12.359999656677246,12.8100004196167,11.8100004196167,11.869999885559082,34500,10.7944917678833,0.0
HBB,2022-07-12,11.819999694824219,12.140000343322754,11.65999984741211,11.75,29500,10.685364723205566,0.0
HBB,2022-07-13,11.579999923706055,12.079999923706055,11.510000228881836,11.75,31100,10.685364723205566,0.0
HBB,2022-07-14,11.600000381469727,12.069999694824219,11.460000038146973,11.819999694824219,30500,10.749021530151367,0.0
HBB,2022-07-15,11.949999809265137,12.380000114440918,11.8149995803833,12.229999542236328,32400,11.121872901916504,0.0
HBB,2022-07-18,12.149999618530273,12.279999732971191,11.779999732971191,11.890000343322754,30200,10.8126802444458,0.0
HBB,2022-07-19,12.010000228881836,12.569999694824219,11.899999618530273,12.119999885559082,36900,11.021838188171387,0.0
HBB,2022-07-20,12.140000343322754,12.5,12.0,12.229999542236328,43000,11.121872901916504,0.0
HBB,2022-07-21,12.050000190734863,12.5,12.029999732971191,12.369999885559082,12200,11.249190330505371,0.0
HBB,2022-07-22,12.25,12.649999618530273,12.192999839782715,12.270000457763672,21600,11.158249855041504,0.0
HBB,2022-07-25,12.390000343322754,12.550000190734863,11.949999809265137,11.949999809265137,16200,10.867242813110352,0.0
HBB,2022-07-26,11.9399995803833,11.9399995803833,11.359999656677246,11.670000076293945,35700,10.6126127243042,0.0
HBB,2022-07-27,11.609999656677246,11.904999732971191,11.479999542236328,11.819999694824219,11000,10.749021530151367,0.0
HBB,2022-07-28,11.729999542236328,12.25,11.729999542236328,12.079999923706055,8000,10.98546314239502,0.0
HBB,2022-07-29,12.0600004196167,12.069999694824219,11.779999732971191,11.84000015258789,9200,10.767210006713867,0.0
HBB,2022-08-01,11.960000038146973,12.109999656677246,11.8100004196167,11.930000305175781,9400,10.849055290222168,0.0
HBB,2022-08-02,11.760000228881836,11.760000228881836,11.029999732971191,11.029999732971191,16100,10.030599594116211,0.0
HBB,2022-08-03,11.199999809265137,11.336000442504883,10.859999656677246,10.859999656677246,17100,9.876005172729492,0.0
HBB,2022-08-04,12.3100004196167,12.3100004196167,11.140000343322754,11.239999771118164,14700,10.221572875976562,0.0
HBB,2022-08-05,11.480999946594238,11.480999946594238,11.1899995803833,11.329999923706055,9500,10.303420066833496,0.0
HBB,2022-08-08,11.22599983215332,11.720000267028809,11.109999656677246,11.720000267028809,17100,10.658082008361816,0.0
HBB,2022-08-09,11.75,11.75,11.359999656677246,11.600000381469727,16700,10.548955917358398,0.0
HBB,2022-08-10,11.729999542236328,11.899999618530273,11.479999542236328,11.84000015258789,6600,10.767210006713867,0.0
HBB,2022-08-11,11.770000457763672,11.949999809265137,11.59000015258789,11.9399995803833,9600,10.858148574829102,0.0
HBB,2022-08-12,12.100000381469727,12.100000381469727,11.640000343322754,11.640000343322754,130200,10.585330963134766,0.0
HBB,2022-08-15,11.729999542236328,11.880000114440918,11.5,11.680000305175781,33500,10.621708869934082,0.0
HBB,2022-08-16,11.770000457763672,12.494999885559082,11.626999855041504,11.90999984741211,23100,10.830866813659668,0.0
HBB,2022-08-17,11.899999618530273,12.409000396728516,11.786999702453613,12.279999732971191,7300,11.167343139648438,0.0
HBB,2022-08-18,12.15999984741211,12.449999809265137,12.0600004196167,12.449999809265137,8300,11.321938514709473,0.0
HBB,2022-08-19,12.385000228881836,12.399999618530273,12.010000228881836,12.380000114440918,4900,11.258281707763672,0.0
HBB,2022-08-22,12.319999694824219,12.390000343322754,11.970000267028809,12.029999732971191,5300,10.939992904663086,0.0
HBB,2022-08-23,12.15999984741211,12.350000381469727,12.0,12.220000267028809,19500,11.11277961730957,0.0
HBB,2022-08-24,12.300000190734863,12.34000015258789,12.0,12.220000267028809,10100,11.11277961730957,0.0
HBB,2022-08-25,12.079999923706055,13.09000015258789,12.079999923706055,12.800000190734863,85000,11.640225410461426,0.0
HBB,2022-08-26,12.770000457763672,13.069999694824219,12.388999938964844,13.069999694824219,19200,11.885762214660645,0.0
HBB,2022-08-29,12.859999656677246,13.199999809265137,12.699999809265137,13.149999618530273,10800,11.958513259887695,0.0
HBB,2022-08-30,12.960000038146973,13.0600004196167,12.640000343322754,12.729999542236328,8100,11.576567649841309,0.0
HBB,2022-08-31,12.510000228881836,12.510000228881836,12.220000267028809,12.350000381469727,26400,11.324407577514648,0.105
HBB,2022-09-01,12.3100004196167,12.4399995803833,12.1899995803833,12.4399995803833,20700,11.406930923461914,0.0
HBB,2022-09-02,12.329999923706055,12.380999565124512,12.239999771118164,12.350000381469727,20800,11.324407577514648,0.0
HBB,2022-09-06,12.3100004196167,12.5,11.619999885559082,11.770000457763672,30500,10.792572021484375,0.0
HBB,2022-09-07,11.829000473022461,11.829000473022461,11.28499984741211,11.489999771118164,25400,10.535823822021484,0.0
HBB,2022-09-08,11.270000457763672,11.920000076293945,11.010000228881836,11.760000228881836,33200,10.783404350280762,0.0
HBB,2022-09-09,11.720000267028809,11.817000389099121,11.300000190734863,11.329999923706055,9800,10.389111518859863,0.0
HBB,2022-09-12,11.479999542236328,11.510000228881836,11.239999771118164,11.510000228881836,14000,10.554162979125977,0.0
HBB,2022-09-13,11.34000015258789,11.399999618530273,11.260000228881836,11.380000114440918,16200,10.434959411621094,0.0
HBB,2022-09-14,11.199999809265137,11.520000457763672,11.140000343322754,11.199999809265137,17300,10.269905090332031,0.0
HBB,2022-09-15,11.100000381469727,11.390000343322754,11.100000381469727,11.390000343322754,21700,10.444130897521973,0.0
HBB,2022-09-16,11.553999900817871,12.109999656677246,11.399999618530273,11.90999984741211,49200,10.92094612121582,0.0
HBB,2022-09-19,11.729999542236328,11.869999885559082,11.40999984741211,11.869999885559082,8400,10.884265899658203,0.0
HBB,2022-09-20,11.640000343322754,11.9399995803833,11.430000305175781,11.9399995803833,13800,10.948454856872559,0.0
HBB,2022-09-21,11.850000381469727,12.199999809265137,11.633000373840332,12.140000343322754,13900,11.131844520568848,0.0
HBB,2022-09-22,11.899999618530273,12.15999984741211,11.680000305175781,11.890000343322754,22500,10.902606964111328,0.0
HBB,2022-09-23,11.720000267028809,12.130000114440918,11.300000190734863,11.869999885559082,40900,10.884265899658203,0.0
HBB,2022-09-26,11.890000343322754,11.890000343322754,11.359999656677246,11.569999694824219,13400,10.609180450439453,0.0
HBB,2022-09-27,11.4399995803833,11.619999885559082,11.380000114440918,11.539999961853027,10200,10.581672668457031,0.0
HBB,2022-09-28,11.380000114440918,11.699999809265137,11.380000114440918,11.699999809265137,10600,10.728384017944336,0.0
HBB,2022-09-29,11.640000343322754,11.640000343322754,11.0,11.390000343322754,15800,10.444130897521973,0.0
HBB,2022-09-30,11.649999618530273,11.869999885559082,11.300000190734863,11.670000076293945,28300,10.700876235961914,0.0
HBB,2022-10-03,11.649999618530273,11.649999618530273,11.5,11.5600004196167,8700,10.600010871887207,0.0
HBB,2022-10-04,11.670000076293945,11.920000076293945,11.550000190734863,11.75,10100,10.77423095703125,0.0
HBB,2022-10-05,11.399999618530273,11.75,11.260000228881836,11.6899995803833,7000,10.71921443939209,0.0
HBB,2022-10-06,11.850000381469727,11.850000381469727,11.4399995803833,11.84000015258789,5300,10.856759071350098,0.0
HBB,2022-10-07,11.640000343322754,11.640000343322754,11.020000457763672,11.09000015258789,4300,10.169041633605957,0.0
HBB,2022-10-10,11.09000015258789,11.149999618530273,10.890000343322754,11.100000381469727,1900,10.17821216583252,0.0
HBB,2022-10-11,10.989999771118164,10.989999771118164,10.789999961853027,10.789999961853027,3800,9.89395523071289,0.0
HBB,2022-10-12,10.720000267028809,11.069999694824219,10.680000305175781,11.0,4900,10.086515426635742,0.0
HBB,2022-10-13,11.0,11.279999732971191,10.918000221252441,11.270000457763672,5800,10.334095001220703,0.0
HBB,2022-10-14,11.350000381469727,11.430000305175781,11.147000312805176,11.329999923706055,4300,10.389111518859863,0.0
HBB,2022-10-17,11.270000457763672,11.289999961853027,11.119999885559082,11.1899995803833,5300,10.260735511779785,0.0
HBB,2022-10-18,11.25,11.350000381469727,11.010000228881836,11.279999732971191,8400,10.343262672424316,0.0
HBB,2022-10-19,10.963000297546387,11.220000267028809,10.960000038146973,11.010000228881836,5700,10.095685958862305,0.0
HBB,2022-10-20,10.970000267028809,11.329999923706055,10.859999656677246,11.25,8200,10.315753936767578,0.0
HBB,2022-10-21,11.149999618530273,11.5,11.109999656677246,11.420000076293945,4500,10.471637725830078,0.0
HBB,2022-10-24,11.34000015258789,11.5,11.319999694824219,11.460000038146973,3300,10.508315086364746,0.0
HBB,2022-10-25,11.350000381469727,11.670000076293945,11.180000305175781,11.670000076293945,6600,10.700876235961914,0.0
HBB,2022-10-26,11.609999656677246,11.75,11.229999542236328,11.319999694824219,6000,10.379941940307617,0.0
HBB,2022-10-27,11.501999855041504,11.819999694824219,11.40999984741211,11.65999984741211,4000,10.691705703735352,0.0
HBB,2022-10-28,11.850000381469727,11.949999809265137,11.699999809265137,11.949999809265137,4000,10.957624435424805,0.0
HBB,2022-10-31,11.90999984741211,12.119999885559082,11.619999885559082,11.779999732971191,4700,10.801741600036621,0.0
HBB,2022-11-01,11.850000381469727,12.083999633789062,11.630999565124512,12.0,4600,11.003470420837402,0.0
HBB,2022-11-02,11.795000076293945,11.989999771118164,11.609999656677246,11.779999732971191,3400,10.801741600036621,0.0
HBB,2022-11-03,11.59000015258789,11.779999732971191,11.15999984741211,11.468999862670898,6300,10.51656723022461,0.0
HBB,2022-11-04,11.569999694824219,11.970000267028809,11.510000228881836,11.670000076293945,6100,10.700876235961914,0.0
HBB,2022-11-07,11.6899995803833,13.670000076293945,11.630000114440918,13.199999809265137,28600,12.103818893432617,0.0
HBB,2022-11-08,13.0,13.390000343322754,12.89900016784668,13.199999809265137,4400,12.103818893432617,0.0
HBB,2022-11-09,13.5,13.640000343322754,12.52299976348877,13.640000343322754,6800,12.507279396057129,0.0
HBB,2022-11-10,13.140000343322754,14.0,13.140000343322754,13.989999771118164,6900,12.82821273803711,0.0
HBB,2022-11-11,13.989999771118164,14.0,13.59000015258789,14.0,6000,12.837384223937988,0.0
HBB,2022-11-14,13.369999885559082,14.119999885559082,13.079999923706055,13.84000015258789,13800,12.69067096710205,0.0
HBB,2022-11-15,13.730999946594238,14.5,13.730999946594238,14.100000381469727,10300,12.929079055786133,0.0
HBB,2022-11-16,13.869999885559082,14.434000015258789,13.8100004196167,13.90999984741211,12000,12.75485897064209,0.0
HBB,2022-11-17,13.890000343322754,14.100000381469727,12.729999542236328,13.739999771118164,24300,12.598974227905273,0.0
HBB,2022-11-18,13.5,14.199999809265137,13.100000381469727,13.220000267028809,15800,12.12215805053711,0.0
HBB,2022-11-21,13.609999656677246,13.609999656677246,12.744999885559082,12.760000228881836,28200,11.700358390808105,0.0
HBB,2022-11-22,12.90999984741211,13.529999732971191,12.90999984741211,13.529999732971191,7400,12.406414031982422,0.0
HBB,2022-11-23,13.390000343322754,13.720000267028809,13.380000114440918,13.720000267028809,1800,12.580636978149414,0.0
HBB,2022-11-25,13.484999656677246,13.668000221252441,13.484999656677246,13.529999732971191,1200,12.406414031982422,0.0
HBB,2022-11-28,13.350000381469727,14.899999618530273,13.350000381469727,14.050000190734863,35600,12.883232116699219,0.0
HBB,2022-11-29,14.199999809265137,14.270000457763672,13.565999984741211,14.140000343322754,11200,12.965758323669434,0.0
HBB,2022-11-30,13.979999542236328,14.460000038146973,13.609999656677246,14.199999809265137,18000,13.118185043334961,0.105
HBB,2022-12-01,14.069999694824219,14.494999885559082,14.069999694824219,14.300000190734863,9600,13.210569381713867,0.0
HBB,2022-12-02,14.069000244140625,14.289999961853027,13.869999885559082,14.069999694824219,4900,12.998089790344238,0.0
HBB,2022-12-05,14.09000015258789,14.09000015258789,13.510000228881836,13.9399995803833,13400,12.877992630004883,0.0
HBB,2022-12-06,13.989999771118164,14.654999732971191,13.550000190734863,14.300000190734863,11900,13.210569381713867,0.0
HBB,2022-12-07,14.170000076293945,14.930000305175781,13.90999984741211,14.430000305175781,21900,13.330663681030273,0.0
HBB,2022-12-08,14.539999961853027,14.899999618530273,14.4399995803833,14.640000343322754,14400,13.524665832519531,0.0
HBB,2022-12-09,14.770000457763672,14.770000457763672,14.100000381469727,14.420000076293945,13500,13.321427345275879,0.0
HBB,2022-12-12,14.260000228881836,14.550000190734863,14.220999717712402,14.520000457763672,6900,13.413806915283203,0.0
HBB,2022-12-13,14.6899995803833,14.854000091552734,14.050000190734863,14.050000190734863,20400,12.979615211486816,0.0
HBB,2022-12-14,14.239999771118164,14.550000190734863,13.649999618530273,13.649999618530273,7900,12.610086441040039,0.0
HBB,2022-12-15,13.800000190734863,14.489999771118164,13.6899995803833,14.010000228881836,9900,12.942662239074707,0.0
HBB,2022-12-16,13.989999771118164,14.350000381469727,13.449999809265137,13.449999809265137,15700,12.425324440002441,0.0
HBB,2022-12-19,13.960000038146973,14.149999618530273,13.71500015258789,14.0600004196167,10000,12.988850593566895,0.0
HBB,2022-12-20,14.149999618530273,14.479999542236328,14.029999732971191,14.220000267028809,6900,13.136662483215332,0.0
HBB,2022-12-21,14.5,14.5,14.270000457763672,14.270000457763672,9800,13.182854652404785,0.0
HBB,2022-12-22,14.343999862670898,14.447999954223633,13.9399995803833,13.9399995803833,4100,12.877992630004883,0.0
HBB,2022-12-23,13.934000015258789,14.131999969482422,13.90999984741211,13.930000305175781,4400,12.868757247924805,0.0
HBB,2022-12-27,13.899999618530273,13.989999771118164,13.539999961853027,13.800000190734863,30800,12.748661041259766,0.0
HBB,2022-12-28,13.949999809265137,14.0,13.470000267028809,13.630000114440918,16100,12.591611862182617,0.0
HBB,2022-12-29,13.829999923706055,13.989999771118164,13.609999656677246,13.760000228881836,12900,12.711708068847656,0.0
HBB,2022-12-30,13.859999656677246,13.859999656677246,12.390000343322754,12.390000343322754,25200,11.446080207824707,0.0
HBB,2023-01-03,12.550000190734863,12.79800033569336,11.710000038146973,12.119999885559082,23700,11.196647644042969,0.0
HBB,2023-01-04,12.34000015258789,12.34000015258789,12.0,12.0,7900,11.085790634155273,0.0
HBB,2023-01-05,12.039999961853027,12.15999984741211,12.0,12.0,9600,11.085790634155273,0.0
HBB,2023-01-06,11.994999885559082,12.229999542236328,11.994999885559082,12.119999885559082,4100,11.196647644042969,0.0
HBB,2023-01-09,12.0,12.859999656677246,12.0,12.300000190734863,31600,11.36293888092041,0.0
HBB,2023-01-10,12.515000343322754,13.260000228881836,12.510000228881836,12.819999694824219,49200,11.843318939208984,0.0
HBB,2023-01-11,12.925000190734863,13.550000190734863,12.795000076293945,13.0,27300,12.009607315063477,0.0
HBB,2023-01-12,13.279999732971191,13.5,13.00100040435791,13.350000381469727,12300,12.332945823669434,0.0
HBB,2023-01-13,13.229999542236328,13.295000076293945,13.055000305175781,13.164999961853027,3300,12.162035942077637,0.0
HBB,2023-01-17,13.149999618530273,13.390000343322754,12.84000015258789,13.100000381469727,9700,12.10198974609375,0.0
HBB,2023-01-18,13.050000190734863,13.0600004196167,12.5,12.699999809265137,17000,11.732461929321289,0.0
HBB,2023-01-19,12.550000190734863,12.569999694824219,12.069999694824219,12.569999694824219,23100,11.61236572265625,0.0
HBB,2023-01-20,12.420000076293945,12.539999961853027,12.25,12.5,17100,11.547698020935059,0.0
HBB,2023-01-23,12.390000343322754,13.140000343322754,12.359999656677246,12.90999984741211,22300,11.926464080810547,0.0
HBB,2023-01-24,12.75,12.96500015258789,12.630000114440918,12.779999732971191,18500,11.806368827819824,0.0
HBB,2023-01-25,12.630000114440918,13.119999885559082,12.40999984741211,13.119999885559082,10100,12.120464324951172,0.0
HBB,2023-01-26,12.930000305175781,13.180000305175781,12.630000114440918,12.800000190734863,9000,11.824844360351562,0.0
HBB,2023-01-27,12.729999542236328,13.479999542236328,12.427000045776367,12.550000190734863,16300,11.593889236450195,0.0
HBB,2023-01-30,12.479999542236328,13.095000267028809,12.479999542236328,12.569999694824219,34800,11.61236572265625,0.0
HBB,2023-01-31,12.720000267028809,13.0,12.6899995803833,12.949999809265137,6600,11.963415145874023,0.0
HBB,2023-02-01,13.239999771118164,13.300000190734863,12.710000038146973,12.899999618530273,13000,11.91722583770752,0.0
HBB,2023-02-02,13.069999694824219,13.069999694824219,12.600000381469727,12.850000381469727,25900,11.8710355758667,0.0
HBB,2023-02-03,12.920000076293945,13.199999809265137,12.6850004196167,12.699999809265137,23300,11.732461929321289,0.0
HBB,2023-02-06,12.680000305175781,12.989999771118164,12.460000038146973,12.65999984741211,6800,11.69550895690918,0.0
HBB,2023-02-07,12.899999618530273,12.899999618530273,12.619999885559082,12.619999885559082,8900,11.65855884552002,0.0
HBB,2023-02-08,12.75,12.800000190734863,12.649999618530273,12.649999618530273,6400,11.686270713806152,0.0
HBB,2023-02-09,12.710000038146973,12.710000038146973,12.399999618530273,12.600000381469727,5500,11.640081405639648,0.0
HBB,2023-02-10,12.600000381469727,12.600000381469727,12.300000190734863,12.449999809265137,11600,11.501506805419922,0.0
HBB,2023-02-13,12.619999885559082,12.75,12.260000228881836,12.75,10700,11.778654098510742,0.0
HBB,2023-02-14,12.40999984741211,13.100000381469727,12.40999984741211,13.0,17400,12.009607315063477,0.0
HBB,2023-02-15,13.079999923706055,13.079999923706055,12.930000305175781,12.970000267028809,6900,11.981892585754395,0.0
HBB,2023-02-16,13.210000038146973,13.210000038146973,13.10099983215332,13.170000076293945,3000,12.166656494140625,0.0
HBB,2023-02-17,12.9399995803833,13.300000190734863,12.729999542236328,13.220000267028809,8100,12.212847709655762,0.0
HBB,2023-02-21,13.020000457763672,13.020000457763672,12.710000038146973,12.710000038146973,16800,11.741700172424316,0.0
HBB,2023-02-22,13.027999877929688,13.199999809265137,12.779999732971191,12.779999732971191,3200,11.806368827819824,0.0
HBB,2023-02-23,13.130000114440918,13.130000114440918,13.130000114440918,13.130000114440918,1700,12.129705429077148,0.0
HBB,2023-02-24,12.550000190734863,13.0,12.550000190734863,13.0,5100,12.009607315063477,0.0
HBB,2023-02-27,13.15999984741211,13.15999984741211,12.803000450134277,13.100000381469727,5000,12.10198974609375,0.0
HBB,2023-02-28,13.17199993133545,13.239999771118164,12.819999694824219,13.0,2600,12.009607315063477,0.0
HBB,2023-03-01,13.015000343322754,13.25,12.824999809265137,12.949999809265137,2900,11.963415145874023,0.0
HBB,2023-03-02,13.072999954223633,13.430000305175781,12.960000038146973,13.029999732971191,4800,12.13571834564209,0.105
HBB,2023-03-03,13.24899959564209,13.270000457763672,12.890000343322754,12.890000343322754,7800,12.005328178405762,0.0
HBB,2023-03-06,13.199999809265137,13.539999961853027,12.75,12.75,3800,11.874938011169434,0.0
HBB,2023-03-07,12.78600025177002,12.960000038146973,12.289999961853027,12.579999923706055,8100,11.71660327911377,0.0
HBB,2023-03-08,12.300000190734863,12.5,12.300000190734863,12.5,4600,11.642093658447266,0.0
HBB,2023-03-09,12.447999954223633,12.569999694824219,12.404999732971191,12.479999542236328,2800,11.623466491699219,0.0
HBB,2023-03-10,11.9399995803833,12.119999885559082,11.069999694824219,11.5,8300,10.710725784301758,0.0
HBB,2023-03-13,11.220000267028809,11.449999809265137,9.890000343322754,10.270000457763672,27500,9.565147399902344,0.0
HBB,2023-03-14,10.51099967956543,10.779999732971191,10.220000267028809,10.220000267028809,12900,9.518577575683594,0.0
HBB,2023-03-15,10.319999694824219,10.789999961853027,10.039999961853027,10.720000267028809,13000,9.984258651733398,0.0
HBB,2023-03-16,10.75,10.789999961853027,10.329999923706055,10.470000267028809,21400,9.751420021057129,0.0
HBB,2023-03-17,10.460000038146973,10.760000228881836,10.460000038146973,10.760000228881836,12000,10.021514892578125,0.0
HBB,2023-03-20,10.550000190734863,10.550000190734863,10.140000343322754,10.350000381469727,18500,9.639655113220215,0.0
HBB,2023-03-21,10.979999542236328,10.979999542236328,10.07699966430664,10.279999732971191,17100,9.574459075927734,0.0
HBB,2023-03-22,10.359999656677246,10.359999656677246,9.930000305175781,10.130000114440918,4200,9.434755325317383,0.0
HBB,2023-03-23,10.010000228881836,10.270000457763672,9.550000190734863,9.710000038146973,8500,9.0435791015625,0.0
HBB,2023-03-24,9.699999809265137,9.890000343322754,9.680000305175781,9.890000343322754,3000,9.211226463317871,0.0
HBB,2023-03-27,9.970000267028809,10.135000228881836,9.640000343322754,9.640000343322754,8600,8.97838306427002,0.0
HBB,2023-03-28,9.880000114440918,9.880000114440918,9.5,9.800000190734863,5800,9.127403259277344,0.0
HBB,2023-03-29,9.819999694824219,9.979999542236328,9.819999694824219,9.899999618530273,1500,9.220538139343262,0.0
HBB,2023-03-30,10.109999656677246,10.1850004196167,9.8100004196167,9.8100004196167,4700,9.136716842651367,0.0
HBB,2023-03-31,10.109999656677246,10.380000114440918,9.949999809265137,10.239999771118164,4900,9.537202835083008,0.0
HBB,2023-04-03,10.369999885559082,10.369999885559082,10.0,10.149999618530273,1900,9.45337963104248,0.0
HBB,2023-04-04,10.329999923706055,10.329999923706055,10.02400016784668,10.09000015258789,3400,9.39749813079834,0.0
HBB,2023-04-05,10.319999694824219,10.329999923706055,10.09000015258789,10.119999885559082,3500,9.425440788269043,0.0
HBB,2023-04-06,10.121000289916992,10.380000114440918,10.09000015258789,10.279999732971191,4300,9.574459075927734,0.0
HBB,2023-04-10,10.380000114440918,10.380000114440918,10.039999961853027,10.039999961853027,3800,9.350930213928223,0.0
HBB,2023-04-11,10.300000190734863,10.4399995803833,10.199999809265137,10.329999923706055,9600,9.621027946472168,0.0
HBB,2023-04-12,10.289999961853027,10.380000114440918,10.180000305175781,10.180000305175781,4300,9.481322288513184,0.0
HBB,2023-04-13,10.081999778747559,10.40999984741211,10.081999778747559,10.279999732971191,5900,9.574459075927734,0.0
HBB,2023-04-14,10.390000343322754,10.390000343322754,10.079999923706055,10.079999923706055,2000,9.388184547424316,0.0
HBB,2023-04-17,10.0,10.154999732971191,9.569999694824219,9.569999694824219,11000,8.913186073303223,0.0
HBB,2023-04-18,9.699999809265137,9.85099983215332,9.579999923706055,9.579999923706055,3500,8.922499656677246,0.0
HBB,2023-04-19,9.6899995803833,9.774999618530273,9.529999732971191,9.680000305175781,5300,9.01563835144043,0.0
HBB,2023-04-20,9.859999656677246,9.859999656677246,9.5,9.5,6600,8.847991943359375,0.0
HBB,2023-04-21,9.5,9.890000343322754,9.5,9.729999542236328,27900,9.06220531463623,0.0
HBB,2023-04-24,9.631999969482422,10.029999732971191,9.631999969482422,9.640000343322754,7400,8.97838306427002,0.0
HBB,2023-04-25,9.923999786376953,9.923999786376953,9.5,9.520000457763672,7300,8.866619110107422,0.0
HBB,2023-04-26,9.779999732971191,9.880000114440918,9.5,9.5,3500,8.847991943359375,0.0
HBB,2023-04-27,9.829999923706055,9.890000343322754,9.529999732971191,9.529999732971191,51700,8.875933647155762,0.0
HBB,2023-04-28,9.5,10.5,9.5,10.010000228881836,208400,9.322990417480469,0.0
HBB,2023-05-01,10.010000228881836,10.010000228881836,9.635000228881836,9.6899995803833,8400,9.024951934814453,0.0
HBB,2023-05-02,9.779999732971191,10.135000228881836,9.607000350952148,9.699999809265137,16600,9.03426456451416,0.0
HBB,2023-05-03,9.789999961853027,10.024999618530273,9.670000076293945,9.670000076293945,4800,9.006325721740723,0.0
HBB,2023-05-04,9.5,10.350000381469727,9.5,9.989999771118164,14000,9.304360389709473,0.0
HBB,2023-05-05,10.0,10.25,9.890000343322754,9.979999542236328,20600,9.29504680633545,0.0
HBB,2023-05-08,10.25,10.350000381469727,10.100000381469727,10.199999809265137,20800,9.499948501586914,0.0
HBB,2023-05-09,10.350000381469727,10.4350004196167,10.180000305175781,10.270000457763672,14600,9.565147399902344,0.0
HBB,2023-05-10,10.289999961853027,10.5,10.289999961853027,10.4399995803833,15100,9.72347640991211,0.0
HBB,2023-05-11,10.59000015258789,10.600000381469727,10.234999656677246,10.600000381469727,13100,9.872498512268066,0.0
HBB,2023-05-12,10.680000305175781,10.960000038146973,10.489999771118164,10.630000114440918,11900,9.900437355041504,0.0
HBB,2023-05-15,10.630000114440918,11.005000114440918,10.5,10.5,6100,9.779358863830566,0.0
HBB,2023-05-16,10.279999732971191,10.395000457763672,10.010000228881836,10.010000228881836,7200,9.322990417480469,0.0
HBB,2023-05-17,10.15999984741211,10.303999900817871,10.020000457763672,10.210000038146973,6000,9.509262084960938,0.0
HBB,2023-05-18,10.109999656677246,11.140000343322754,10.109999656677246,10.399999618530273,26100,9.686222076416016,0.0
HBB,2023-05-19,10.529999732971191,10.8100004196167,9.930000305175781,9.989999771118164,36000,9.304360389709473,0.0
HBB,2023-05-22,9.960000038146973,10.069999694824219,9.869999885559082,9.869999885559082,3800,9.192597389221191,0.0
HBB,2023-05-23,9.739999771118164,10.354999542236328,9.65999984741211,9.65999984741211,28900,8.997011184692383,0.0
HBB,2023-05-24,9.734000205993652,9.734000205993652,9.520000457763672,9.520000457763672,12000,8.866619110107422,0.0
HBB,2023-05-25,9.529999732971191,9.595000267028809,9.25,9.479999542236328,11800,8.829362869262695,0.0
HBB,2023-05-26,9.420000076293945,9.720000267028809,9.390000343322754,9.600000381469727,6700,8.941129684448242,0.0
HBB,2023-05-30,9.609999656677246,10.0,9.230999946594238,9.489999771118164,32600,8.838678359985352,0.0
HBB,2023-05-31,9.359999656677246,9.640000343322754,9.3100004196167,9.3100004196167,11100,8.772719383239746,0.11
HBB,2023-06-01,9.489999771118164,9.90999984741211,9.288999557495117,9.449999809265137,10700,8.904638290405273,0.0
HBB,2023-06-02,9.630000114440918,9.718999862670898,9.4399995803833,9.4399995803833,7400,8.895214080810547,0.0
HBB,2023-06-05,9.59000015258789,9.692999839782715,9.460000038146973,9.550000190734863,5400,8.99886703491211,0.0
HBB,2023-06-06,9.630000114440918,10.25,9.475000381469727,10.25,9100,9.658470153808594,0.0
HBB,2023-06-07,10.270000457763672,11.15999984741211,10.199999809265137,10.710000038146973,22900,10.091923713684082,0.0
HBB,2023-06-08,10.949999809265137,10.949999809265137,10.470000267028809,10.5,13100,9.894042015075684,0.0
HBB,2023-06-09,10.5600004196167,10.567000389099121,10.335000038146973,10.380000114440918,4100,9.780967712402344,0.0
HBB,2023-06-12,10.300000190734863,10.468000411987305,9.927000045776367,10.020000457763672,5700,9.441743850708008,0.0
HBB,2023-06-13,10.14799976348877,10.3100004196167,9.449999809265137,9.829999923706055,27300,9.262707710266113,0.0
HBB,2023-06-14,9.850000381469727,10.170000076293945,9.520000457763672,9.520000457763672,9800,8.970598220825195,0.0
HBB,2023-06-15,10.050000190734863,10.100000381469727,9.539999961853027,9.680000305175781,6200,9.121365547180176,0.0
HBB,2023-06-16,9.694999694824219,9.890000343322754,9.210000038146973,9.210000038146973,24000,8.678488731384277,0.0
HBB,2023-06-20,9.630000114440918,10.149999618530273,9.539999961853027,9.819999694824219,14400,9.25328540802002,0.0
HBB,2023-06-21,10.079999923706055,10.59000015258789,9.970000267028809,10.300000190734863,18600,9.705583572387695,0.0
HBB,2023-06-22,10.258000373840332,10.414999961853027,10.050000190734863,10.210000038146973,1900,9.62077808380127,0.0
HBB,2023-06-23,10.220000267028809,10.329999923706055,10.029999732971191,10.329999923706055,12000,9.733853340148926,0.0
HBB,2023-06-26,10.199999809265137,10.579999923706055,10.0600004196167,10.579999923706055,61400,9.969425201416016,0.0
HBB,2023-06-27,10.630000114440918,10.640000343322754,10.350000381469727,10.550000190734863,28500,9.94115924835205,0.0
HBB,2023-06-28,10.317000389099121,10.819999694824219,10.069999694824219,10.270000457763672,29100,9.67731761932373,0.0
HBB,2023-06-29,10.0600004196167,10.0600004196167,9.90999984741211,10.020000457763672,1700,9.441743850708008,0.0
HBB,2023-06-30,10.100000381469727,10.100000381469727,9.59000015258789,9.65999984741211,9100,9.102519035339355,0.0
HBB,2023-07-03,9.5600004196167,10.020000457763672,9.5600004196167,9.90999984741211,9700,9.338091850280762,0.0
HBB,2023-07-05,10.210000038146973,10.210000038146973,9.510000228881836,9.539999961853027,21200,8.989444732666016,0.0
HBB,2023-07-06,9.529999732971191,9.760000228881836,9.390000343322754,9.550000190734863,7400,8.99886703491211,0.0
HBB,2023-07-07,9.579999923706055,9.75,9.550000190734863,9.550000190734863,16400,8.99886703491211,0.0
HBB,2023-07-10,9.619999885559082,9.699999809265137,9.520000457763672,9.539999961853027,5600,8.989444732666016,0.0
HBB,2023-07-11,9.649999618530273,10.069000244140625,9.510000228881836,9.880000114440918,14500,9.309823989868164,0.0
HBB,2023-07-12,10.015000343322754,10.199999809265137,9.892000198364258,10.199999809265137,4600,9.61135482788086,0.0
HBB,2023-07-13,10.050000190734863,10.1899995803833,9.880000114440918,10.100000381469727,5200,9.517127990722656,0.0
HBB,2023-07-14,9.850000381469727,10.210000038146973,9.850000381469727,9.850000381469727,7400,9.281553268432617,0.0
HBB,2023-07-17,9.920000076293945,10.130000114440918,9.899999618530273,10.0,8400,9.422897338867188,0.0
HBB,2023-07-18,9.980999946594238,10.25,9.980999946594238,10.25,3800,9.658470153808594,0.0
HBB,2023-07-19,10.25,10.4399995803833,10.25,10.380000114440918,3800,9.780967712402344,0.0
HBB,2023-07-20,10.220000267028809,10.262999534606934,10.020000457763672,10.140000343322754,8700,9.554819107055664,0.0
HBB,2023-07-21,10.069999694824219,10.069999694824219,9.90999984741211,9.90999984741211,5600,9.338091850280762,0.0
HBB,2023-07-24,10.020000457763672,10.039999961853027,9.829999923706055,9.920000076293945,4100,9.347514152526855,0.0
HBB,2023-07-25,10.0,10.039999961853027,9.779999732971191,9.779999732971191,3400,9.215592384338379,0.0
HBB,2023-07-26,9.760000228881836,10.005999565124512,9.701000213623047,9.90999984741211,10700,9.338091850280762,0.0
HBB,2023-07-27,9.699999809265137,9.970000267028809,9.694999694824219,9.800000190734863,1500,9.2344388961792,0.0
HBB,2023-07-28,10.0,10.0,9.670000076293945,9.854999542236328,3600,9.28626537322998,0.0
HBB,2023-07-31,9.930000305175781,10.100000381469727,9.819999694824219,9.850000381469727,9000,9.281553268432617,0.0
HBB,2023-08-01,10.09000015258789,10.09000015258789,9.65999984741211,9.65999984741211,8200,9.102519035339355,0.0
HBB,2023-08-02,9.819999694824219,9.954000473022461,9.5,9.5,19800,8.951752662658691,0.0
HBB,2023-08-03,9.489999771118164,10.100000381469727,9.489999771118164,9.760000228881836,17200,9.196749687194824,0.0
HBB,2023-08-04,9.880000114440918,10.289999961853027,9.880000114440918,10.289999961853027,89800,9.696161270141602,0.0
HBB,2023-08-07,10.347999572753906,10.649999618530273,10.0,10.25,19100,9.658470153808594,0.0
HBB,2023-08-08,10.380000114440918,11.0,10.300000190734863,10.800000190734863,18500,10.176730155944824,0.0
HBB,2023-08-09,10.75,11.225000381469727,10.75,11.039999961853027,25100,10.402877807617188,0.0
HBB,2023-08-10,11.25,11.380000114440918,10.515000343322754,10.770000457763672,18500,10.148462295532227,0.0
HBB,2023-08-11,10.260000228881836,10.819999694824219,10.260000228881836,10.699999809265137,8200,10.082499504089355,0.0
HBB,2023-08-14,10.8100004196167,10.9399995803833,10.494000434875488,10.65999984741211,13300,10.044808387756348,0.0
HBB,2023-08-15,10.869999885559082,10.899999618530273,10.630000114440918,10.729999542236328,8100,10.110767364501953,0.0
HBB,2023-08-16,10.87600040435791,11.270000457763672,10.87600040435791,11.270000457763672,4000,10.619607925415039,0.0
HBB,2023-08-17,11.15999984741211,11.350000381469727,10.670000076293945,11.350000381469727,4500,10.694989204406738,0.0
HBB,2023-08-18,11.229999542236328,11.229999542236328,10.829999923706055,10.829999923706055,5000,10.204998016357422,0.0
HBB,2023-08-21,10.739999771118164,10.880000114440918,10.550000190734863,10.550000190734863,6600,9.94115924835205,0.0
HBB,2023-08-22,10.90999984741211,11.25,10.5,10.979999542236328,18900,10.34634017944336,0.0
HBB,2023-08-23,10.859999656677246,10.989999771118164,10.670000076293945,10.670000076293945,8200,10.054231643676758,0.0
HBB,2023-08-24,10.779999732971191,11.390000343322754,10.5,11.289999961853027,9900,10.63845157623291,0.0
HBB,2023-08-25,11.1899995803833,11.199999809265137,10.779999732971191,10.899999618530273,28800,10.27095890045166,0.0
HBB,2023-08-28,10.800000190734863,11.348999977111816,10.800000190734863,11.130000114440918,9300,10.487685203552246,0.0
HBB,2023-08-29,11.020000457763672,11.789999961853027,11.0,11.420000076293945,12700,10.760951042175293,0.0
HBB,2023-08-30,11.3100004196167,11.649999618530273,11.1899995803833,11.4399995803833,12300,10.779792785644531,0.0
HBB,2023-08-31,11.460000038146973,12.010000228881836,11.319999694824219,11.729999542236328,33000,11.053059577941895,0.0
HBB,2023-09-01,11.6899995803833,12.0,11.5,11.850000381469727,102300,11.27183723449707,0.11
HBB,2023-09-05,11.989999771118164,12.345000267028809,11.925000190734863,12.345000267028809,44900,11.742685317993164,0.0
HBB,2023-09-06,12.010000228881836,12.09000015258789,11.59000015258789,11.859999656677246,32800,11.281349182128906,0.0
HBB,2023-09-07,11.899999618530273,12.569999694824219,11.720000267028809,12.569999694824219,12700,11.956706047058105,0.0
HBB,2023-09-08,12.430000305175781,12.75,12.109999656677246,12.239999771118164,12400,11.642807960510254,0.0
HBB,2023-09-11,12.319999694824219,13.0,12.319999694824219,12.829999923706055,18300,12.204023361206055,0.0
HBB,2023-09-12,12.755999565124512,13.380000114440918,12.569999694824219,13.199999809265137,19600,12.555970191955566,0.0
HBB,2023-09-13,13.260000228881836,13.369999885559082,13.154999732971191,13.350000381469727,16100,12.698653221130371,0.0
HBB,2023-09-14,13.25,13.460000038146973,12.930000305175781,13.460000038146973,13600,12.803285598754883,0.0
HBB,2023-09-15,13.380000114440918,13.380000114440918,12.600000381469727,12.75,57000,12.12792682647705,0.0
HBB,2023-09-18,12.979999542236328,12.979999542236328,12.5600004196167,12.720000267028809,10200,12.099390029907227,0.0
HBB,2023-09-19,12.609999656677246,12.75,12.479999542236328,12.75,10700,12.12792682647705,0.0
HBB,2023-09-20,12.75,12.890000343322754,12.5,12.75,7500,12.12792682647705,0.0
HBB,2023-09-21,12.420000076293945,13.07800006866455,12.369999885559082,12.890000343322754,21600,12.261096954345703,0.0
HBB,2023-09-22,12.739999771118164,12.989999771118164,12.390000343322754,12.75,21700,12.12792682647705,0.0
HBB,2023-09-25,12.630000114440918,12.630000114440918,12.40999984741211,12.520000457763672,15600,11.909147262573242,0.0
HBB,2023-09-26,12.5,12.600000381469727,12.140000343322754,12.5,32800,11.89012336730957,0.0
HBB,2023-09-27,12.25,12.5,12.25,12.350000381469727,9400,11.747442245483398,0.0
HBB,2023-09-28,12.095000267028809,12.630000114440918,12.095000267028809,12.510000228881836,9300,11.899637222290039,0.0
HBB,2023-09-29,12.09000015258789,12.550000190734863,12.09000015258789,12.40999984741211,13900,11.80451488494873,0.0
HBB,2023-10-02,12.380999565124512,12.649999618530273,12.199999809265137,12.649999618530273,5600,12.032804489135742,0.0
HBB,2023-10-03,12.600000381469727,12.609999656677246,12.0,12.279999732971191,12400,11.680856704711914,0.0
HBB,2023-10-04,12.100000381469727,12.199999809265137,11.65999984741211,12.100000381469727,19600,11.50964069366455,0.0
HBB,2023-10-05,12.010000228881836,12.213000297546387,11.510000228881836,11.890000343322754,12600,11.30988597869873,0.0
HBB,2023-10-06,11.84000015258789,12.460000038146973,11.829999923706055,12.460000038146973,3800,11.852075576782227,0.0
HBB,2023-10-09,12.460000038146973,12.460000038146973,11.819999694824219,12.130000114440918,8300,11.538175582885742,0.0
HBB,2023-10-10,12.149999618530273,12.399999618530273,11.880000114440918,12.119999885559082,11000,11.528664588928223,0.0
HBB,2023-10-11,12.34000015258789,12.34000015258789,12.100000381469727,12.220000267028809,8100,11.623785972595215,0.0
HBB,2023-10-12,12.020000457763672,12.020000457763672,11.65999984741211,12.010000228881836,10000,11.424031257629395,0.0
HBB,2023-10-13,11.755000114440918,11.930000305175781,11.510000228881836,11.760000228881836,8800,11.18622875213623,0.0
HBB,2023-10-16,11.760000228881836,12.100000381469727,10.880000114440918,11.850000381469727,42100,11.27183723449707,0.0
HBB,2023-10-17,11.779999732971191,12.0,11.649999618530273,11.75,19500,11.176715850830078,0.0
HBB,2023-10-18,11.569999694824219,11.869999885559082,11.359999656677246,11.65999984741211,35800,11.091108322143555,0.0
HBB,2023-10-19,12.157999992370605,12.157999992370605,11.489999771118164,11.899999618530273,8400,11.31939697265625,0.0
HBB,2023-10-20,11.720000267028809,12.569999694824219,11.6899995803833,12.569999694824219,8600,11.956706047058105,0.0
HBB,2023-10-23,12.609999656677246,12.680000305175781,12.229999542236328,12.380000114440918,12400,11.775978088378906,0.0
HBB,2023-10-24,12.520000457763672,12.539999961853027,11.819999694824219,11.949999809265137,12800,11.366957664489746,0.0
HBB,2023-10-25,12.069999694824219,12.449999809265137,12.039999961853027,12.039999961853027,6900,11.452567100524902,0.0
HBB,2023-10-26,12.0600004196167,12.289999961853027,11.864999771118164,12.289999961853027,12000,11.690369606018066,0.0
HBB,2023-10-27,12.300000190734863,12.6899995803833,12.300000190734863,12.6899995803833,10400,12.070853233337402,0.0
HBB,2023-10-30,12.6899995803833,12.6899995803833,12.21500015258789,12.579999923706055,13600,11.96622085571289,0.0
HBB,2023-10-31,12.350000381469727,12.380000114440918,11.845999717712402,12.319999694824219,15200,11.71890640258789,0.0
HBB,2023-11-01,12.300000190734863,12.300000190734863,12.03499984741211,12.15999984741211,11700,11.566712379455566,0.0
HBB,2023-11-02,12.319999694824219,13.0,11.949999809265137,12.680000305175781,46000,12.0613431930542,0.0
HBB,2023-11-03,12.680000305175781,12.6899995803833,12.25,12.609999656677246,24300,11.994756698608398,0.0
HBB,2023-11-06,12.869999885559082,13.279999732971191,12.65999984741211,13.0,68400,12.365727424621582,0.0
HBB,2023-11-07,13.0,13.5,12.609999656677246,12.890000343322754,39200,12.261096954345703,0.0
HBB,2023-11-08,12.899999618530273,13.0,12.581000328063965,12.84000015258789,27100,12.213536262512207,0.0
HBB,2023-11-09,13.0,13.0,12.770000457763672,12.979999542236328,23700,12.346705436706543,0.0
HBB,2023-11-10,13.0,13.25,12.609999656677246,12.729999542236328,54300,12.108901977539062,0.0
HBB,2023-11-13,12.949999809265137,14.100000381469727,12.949999809265137,13.989999771118164,73400,13.307426452636719,0.0
HBB,2023-11-14,14.079999923706055,14.09000015258789,13.75,13.899999618530273,37800,13.221817016601562,0.0
HBB,2023-11-15,14.039999961853027,14.381999969482422,13.550000190734863,13.680000305175781,34400,13.012552261352539,0.0
HBB,2023-11-16,13.720000267028809,14.050000190734863,13.6850004196167,13.829999923706055,31300,13.155232429504395,0.0
HBB,2023-11-17,13.960000038146973,13.989999771118164,13.704999923706055,13.850000381469727,21400,13.174257278442383,0.0
HBB,2023-11-20,14.130000114440918,14.130000114440918,13.850000381469727,13.9399995803833,56500,13.259865760803223,0.0
HBB,2023-11-21,14.0,14.039999961853027,13.899999618530273,13.979999542236328,47000,13.297913551330566,0.0
HBB,2023-11-22,14.100000381469727,14.220000267028809,13.949999809265137,14.100000381469727,48600,13.41205883026123,0.0
HBB,2023-11-24,14.220000267028809,14.5,13.920000076293945,14.5,25700,13.792543411254883,0.0
HBB,2023-11-27,14.5,14.9399995803833,14.399999618530273,14.850000381469727,72800,14.125467300415039,0.0
HBB,2023-11-28,14.970000267028809,15.664999961853027,14.739999771118164,15.5,114400,14.743753433227539,0.0
HBB,2023-11-29,15.5,15.878000259399414,15.0600004196167,15.329999923706055,114900,14.582047462463379,0.0
HBB,2023-11-30,15.079999923706055,15.649999618530273,14.65999984741211,15.430000305175781,48300,14.783245086669922,0.11
HBB,2023-12-01,15.470000267028809,16.139999389648438,15.430000305175781,16.09000015258789,46100,15.415581703186035,0.0
HBB,2023-12-04,16.270000457763672,16.78499984741211,16.100000381469727,16.18000030517578,75900,15.501808166503906,0.0
HBB,2023-12-05,16.1200008392334,16.1200008392334,15.281999588012695,15.600000381469727,37600,14.94611930847168,0.0
HBB,2023-12-06,15.645000457763672,15.850000381469727,15.539999961853027,15.59000015258789,36400,14.936537742614746,0.0
HBB,2023-12-07,15.63599967956543,15.949999809265137,15.600000381469727,15.819999694824219,33600,15.156898498535156,0.0
HBB,2023-12-08,15.819999694824219,15.890000343322754,15.329999923706055,15.550000190734863,25200,14.898216247558594,0.0
HBB,2023-12-11,15.550000190734863,15.84000015258789,15.399999618530273,15.600000381469727,62500,14.94611930847168,0.0
HBB,2023-12-12,15.529999732971191,16.229999542236328,15.529999732971191,15.600000381469727,34600,14.94611930847168,0.0
HBB,2023-12-13,15.508000373840332,15.819999694824219,15.508000373840332,15.600000381469727,63400,14.94611930847168,0.0
HBB,2023-12-14,15.699999809265137,16.475000381469727,15.699999809265137,16.270000457763672,35100,15.58803653717041,0.0
HBB,2023-12-15,16.110000610351562,16.530000686645508,16.110000610351562,16.530000686645508,27200,15.837138175964355,0.0
HBB,2023-12-18,16.530000686645508,16.670000076293945,16.40999984741211,16.40999984741211,29100,15.722168922424316,0.0
HBB,2023-12-19,16.459999084472656,17.280000686645508,16.459999084472656,17.280000686645508,38100,16.555702209472656,0.0
HBB,2023-12-20,17.25,17.25,16.03499984741211,16.309999465942383,34900,15.626361846923828,0.0
HBB,2023-12-21,16.84000015258789,16.924999237060547,16.40999984741211,16.860000610351562,23400,16.153308868408203,0.0
HBB,2023-12-22,16.84000015258789,17.06399917602539,16.65999984741211,16.829999923706055,17300,16.124563217163086,0.0
HBB,2023-12-26,16.829999923706055,16.959999084472656,16.690000534057617,16.780000686645508,18000,16.07666015625,0.0
HBB,2023-12-27,16.600000381469727,17.530000686645508,16.600000381469727,17.530000686645508,37400,16.795223236083984,0.0
HBB,2023-12-28,17.459999084472656,17.809999465942383,17.100000381469727,17.34000015258789,15500,16.61318588256836,0.0
HBB,2023-12-29,17.549999237060547,17.719999313354492,17.40999984741211,17.489999771118164,19200,16.756900787353516,0.0
HBB,2024-01-02,17.540000915527344,17.719999313354492,17.34000015258789,17.56999969482422,26800,16.833547592163086,0.0
HBB,2024-01-03,17.600000381469727,18.128000259399414,17.389999389648438,17.579999923706055,21000,16.843124389648438,0.0
HBB,2024-01-04,17.774999618530273,17.809999465942383,17.219999313354492,17.579999923706055,31500,16.843124389648438,0.0
HBB,2024-01-05,17.729999542236328,18.68000030517578,17.674999237060547,18.149999618530273,55800,17.38923454284668,0.0
HBB,2024-01-08,18.469999313354492,18.610000610351562,17.700000762939453,18.239999771118164,35700,17.4754638671875,0.0
HBB,2024-01-09,18.299999237060547,18.30500030517578,17.674999237060547,17.760000228881836,33900,17.015583038330078,0.0
HBB,2024-01-10,17.940000534057617,19.709999084472656,17.940000534057617,19.489999771118164,124300,18.673067092895508,0.0
HBB,2024-01-11,19.8799991607666,19.989999771118164,18.579999923706055,18.799999237060547,52000,18.01198959350586,0.0
HBB,2024-01-12,19.290000915527344,19.290000915527344,18.559999465942383,18.829999923706055,38900,18.040733337402344,0.0
HBB,2024-01-16,18.56999969482422,18.790000915527344,17.860000610351562,18.139999389648438,24500,17.379655838012695,0.0
HBB,2024-01-17,17.809999465942383,19.350000381469727,17.809999465942383,19.350000381469727,55100,18.538936614990234,0.0
HBB,2024-01-18,19.719999313354492,19.719999313354492,18.56999969482422,18.770000457763672,35600,17.983247756958008,0.0
HBB,2024-01-19,19.139999389648438,19.290000915527344,19.0,19.239999771118164,32200,18.433547973632812,0.0
HBB,2024-01-22,19.190000534057617,19.76099967956543,18.950000762939453,18.950000762939453,35400,18.155702590942383,0.0
HBB,2024-01-23,18.8799991607666,19.190000534057617,18.440000534057617,18.670000076293945,23800,17.887439727783203,0.0
HBB,2024-01-24,18.975000381469727,18.975000381469727,18.1299991607666,18.459999084472656,29400,17.686241149902344,0.0
HBB,2024-01-25,18.84000015258789,19.020000457763672,18.69099998474121,18.809999465942383,13000,18.02157211303711,0.0
HBB,2024-01-26,18.860000610351562,18.860000610351562,18.34000015258789,18.6200008392334,22400,17.839536666870117,0.0
HBB,2024-01-29,18.3700008392334,19.260000228881836,18.209999084472656,18.889999389648438,46900,18.098217010498047,0.0
HBB,2024-01-30,18.899999618530273,19.1200008392334,18.479999542236328,19.079999923706055,26300,18.28025245666504,0.0
HBB,2024-01-31,19.270000457763672,19.270000457763672,18.440000534057617,18.440000534057617,12800,17.66707992553711,0.0
HBB,2024-02-01,18.440000534057617,18.440000534057617,16.799999237060547,17.389999389648438,44200,16.661090850830078,0.0
HBB,2024-02-02,17.389999389648438,18.610000610351562,17.201000213623047,18.299999237060547,48900,17.532947540283203,0.0
HBB,2024-02-05,18.309999465942383,18.405000686645508,17.809999465942383,18.299999237060547,34200,17.532947540283203,0.0
HBB,2024-02-06,18.200000762939453,19.239999771118164,18.200000762939453,18.979999542236328,42300,18.184444427490234,0.0
HBB,2024-02-07,18.760000228881836,19.1200008392334,18.690000534057617,18.690000534057617,19400,17.906599044799805,0.0
HBB,2024-02-08,18.520000457763672,18.899999618530273,18.190000534057617,18.270000457763672,17300,17.504207611083984,0.0
HBB,2024-02-09,18.110000610351562,18.565000534057617,17.639999389648438,18.399999618530273,28000,17.62875747680664,0.0
HBB,2024-02-12,18.440000534057617,19.0,18.079999923706055,18.09000015258789,49800,17.331750869750977,0.0
HBB,2024-02-13,18.3700008392334,18.6299991607666,18.1299991607666,18.6299991607666,38000,17.8491153717041,0.0
HBB,2024-02-14,18.860000610351562,19.53499984741211,18.69499969482422,18.899999618530273,76000,18.107797622680664,0.0
HBB,2024-02-15,19.06999969482422,19.479999542236328,18.607999801635742,19.31999969482422,54200,18.510194778442383,0.0
HBB,2024-02-16,18.700000762939453,19.8799991607666,18.700000762939453,19.6299991607666,39200,18.807199478149414,0.0
HBB,2024-02-20,19.700000762939453,20.239999771118164,19.197999954223633,19.989999771118164,50600,19.152111053466797,0.0
HBB,2024-02-21,20.049999237060547,20.049999237060547,18.2450008392334,18.479999542236328,28900,17.705402374267578,0.0
HBB,2024-02-22,18.670000076293945,18.670000076293945,18.15999984741211,18.170000076293945,17700,17.40839958190918,0.0
HBB,2024-02-23,18.665000915527344,18.670000076293945,17.913000106811523,18.280000686645508,14600,17.513784408569336,0.0
HBB,2024-02-26,18.040000915527344,19.0,18.040000915527344,19.0,22100,18.2036075592041,0.0
HBB,2024-02-27,18.8700008392334,19.6200008392334,18.8700008392334,19.3799991607666,25300,18.567678451538086,0.0
HBB,2024-02-28,19.170000076293945,19.329999923706055,18.520000457763672,18.700000762939453,15900,17.916181564331055,0.0
HBB,2024-02-29,18.700000762939453,19.260000228881836,17.639999389648438,17.639999389648438,14000,16.900611877441406,0.0
HBB,2024-03-01,17.469999313354492,18.18000030517578,17.469999313354492,18.049999237060547,39200,17.401939392089844,0.11
HBB,2024-03-04,18.020000457763672,18.280000686645508,17.540000915527344,18.030000686645508,41000,17.382661819458008,0.0
HBB,2024-03-05,18.190000534057617,18.5,17.950000762939453,18.209999084472656,22000,17.556196212768555,0.0
HBB,2024-03-06,18.200000762939453,18.885000228881836,17.975000381469727,18.43000030517578,55800,17.768301010131836,0.0
HBB,2024-03-07,20.1200008392334,20.1200008392334,17.81999969482422,19.6299991607666,48200,18.92521095275879,0.0
HBB,2024-03-08,19.420000076293945,20.485000610351562,19.22100067138672,19.969999313354492,71900,19.253007888793945,0.0
HBB,2024-03-11,20.34000015258789,20.979999542236328,20.020000457763672,20.81999969482422,109100,20.07248878479004,0.0
HBB,2024-03-12,20.829999923706055,21.0,20.334999084472656,20.780000686645508,90700,20.033926010131836,0.0
HBB,2024-03-13,20.850000381469727,21.459999084472656,20.56999969482422,21.459999084472656,61100,20.689512252807617,0.0
HBB,2024-03-14,21.209999084472656,21.70800018310547,19.790000915527344,20.979999542236328,82000,20.22674560546875,0.0
HBB,2024-03-15,21.020000457763672,21.850000381469727,20.860000610351562,21.0,60200,20.24602699279785,0.0
HBB,2024-03-18,21.0,22.04800033569336,21.0,21.309999465942383,45600,20.54489517211914,0.0
HBB,2024-03-19,21.209999084472656,21.524999618530273,20.790000915527344,21.260000228881836,68600,20.496692657470703,0.0
HBB,2024-03-20,21.100000381469727,21.479999542236328,20.672000885009766,21.25,62400,20.487051010131836,0.0
HBB,2024-03-21,21.149999618530273,21.290000915527344,20.860000610351562,21.209999084472656,75100,20.448486328125,0.0
HBB,2024-03-22,21.3799991607666,21.635000228881836,21.18000030517578,21.59000015258789,55700,20.814844131469727,0.0
HBB,2024-03-25,21.84000015258789,24.649999618530273,21.799999237060547,24.649999618530273,98800,23.764978408813477,0.0
HBB,2024-03-26,24.649999618530273,24.649999618530273,23.110000610351562,23.1299991607666,46000,22.299551010131836,0.0
HBB,2024-03-27,23.149999618530273,24.579999923706055,22.770000457763672,24.579999923706055,57400,23.697492599487305,0.0
HBB,2024-03-28,24.25,24.559999465942383,23.719999313354492,24.360000610351562,23300,23.48539161682129,0.0
HBB,2024-04-01,24.420000076293945,25.0,24.239999771118164,24.799999237060547,58300,23.909591674804688,0.0
HBB,2024-04-02,24.700000762939453,24.81999969482422,24.075000762939453,24.420000076293945,38900,23.543237686157227,0.0
HBB,2024-04-03,24.649999618530273,25.239999771118164,24.290000915527344,24.799999237060547,81200,23.909591674804688,0.0
HBB,2024-04-04,25.09000015258789,25.100000381469727,23.15999984741211,23.170000076293945,43700,22.338115692138672,0.0
HBB,2024-04-05,23.420000076293945,24.81999969482422,23.334999084472656,24.81999969482422,35600,23.928874969482422,0.0
HBB,2024-04-08,25.0,25.09000015258789,24.469999313354492,24.530000686645508,29500,23.649288177490234,0.0
HBB,2024-04-09,24.760000228881836,24.760000228881836,23.520000457763672,23.579999923706055,34900,22.733394622802734,0.0
HBB,2024-04-10,23.5,23.760000228881836,23.31800079345703,23.600000381469727,42900,22.75267791748047,0.0
HBB,2024-04-11,23.600000381469727,24.165000915527344,23.360000610351562,23.8700008392334,34900,23.012983322143555,0.0
HBB,2024-04-12,23.600000381469727,24.209999084472656,22.639999389648438,23.110000610351562,25100,22.280269622802734,0.0
HBB,2024-04-15,22.860000610351562,22.940000534057617,22.31999969482422,22.8700008392334,55700,22.04888916015625,0.0
HBB,2024-04-16,23.0,23.760000228881836,22.850000381469727,23.600000381469727,80400,22.75267791748047,0.0
HBB,2024-04-17,23.799999237060547,24.0,22.010000228881836,22.15999984741211,29100,21.3643798828125,0.0
HBB,2024-04-18,22.40999984741211,22.40999984741211,20.989999771118164,21.290000915527344,45700,20.525615692138672,0.0
HBB,2024-04-19,21.1200008392334,21.780000686645508,20.930999755859375,21.1299991607666,63600,20.371356964111328,0.0
HBB,2024-04-22,21.149999618530273,22.18000030517578,20.905000686645508,22.170000076293945,58000,21.374021530151367,0.0
HBB,2024-04-23,22.139999389648438,23.06999969482422,22.049999237060547,22.780000686645508,53700,21.96211814880371,0.0
HBB,2024-04-24,22.799999237060547,22.920000076293945,21.690000534057617,21.84000015258789,28600,21.055866241455078,0.0
HBB,2024-04-25,21.5,21.549999237060547,20.760000228881836,21.209999084472656,43200,20.448486328125,0.0
HBB,2024-04-26,21.309999465942383,21.635000228881836,21.15999984741211,21.540000915527344,38700,20.766639709472656,0.0
HBB,2024-04-29,22.030000686645508,22.815000534057617,21.649999618530273,21.700000762939453,50800,20.920896530151367,0.0
HBB,2024-04-30,21.450000762939453,21.450000762939453,20.104999542236328,20.34000015258789,38200,19.609722137451172,0.0
HBB,2024-05-01,20.440000534057617,20.68000030517578,19.84000015258789,20.15999984741211,22900,19.436187744140625,0.0
HBB,2024-05-02,20.190000534057617,21.190000534057617,19.889999389648438,20.989999771118164,40500,20.236385345458984,0.0
HBB,2024-05-03,21.510000228881836,23.450000762939453,21.363000869750977,23.350000381469727,45700,22.511653900146484,0.0
HBB,2024-05-06,23.81999969482422,24.329999923706055,23.270000457763672,23.520000457763672,53100,22.67555046081543,0.0
HBB,2024-05-07,23.420000076293945,24.06999969482422,23.0,23.43000030517578,47100,22.588781356811523,0.0
HBB,2024-05-08,24.010000228881836,24.285999298095703,23.290000915527344,23.950000762939453,62000,23.090112686157227,0.0
HBB,2024-05-09,23.950000762939453,24.899999618530273,21.700000762939453,21.700000762939453,69500,20.920896530151367,0.0
HBB,2024-05-10,21.700000762939453,21.709999084472656,20.34000015258789,20.450000762939453,47000,19.715774536132812,0.0
HBB,2024-05-13,20.18000030517578,20.190000534057617,17.79599952697754,18.110000610351562,114500,17.459789276123047,0.0
HBB,2024-05-14,17.700000762939453,18.56999969482422,17.65999984741211,18.229999542236328,90800,17.57547950744629,0.0
HBB,2024-05-15,18.229999542236328,18.920000076293945,18.15999984741211,18.920000076293945,77700,18.240703582763672,0.0
HBB,2024-05-16,18.600000381469727,18.915000915527344,17.959999084472656,18.520000457763672,86300,17.855066299438477,0.0
HBB,2024-05-17,18.239999771118164,18.350000381469727,17.899999618530273,18.18000030517578,49900,17.52727508544922,0.0
HBB,2024-05-20,18.18000030517578,18.40999984741211,17.850000381469727,18.010000228881836,77300,17.363380432128906,0.0
HBB,2024-05-21,17.860000610351562,19.274999618530273,17.760000228881836,19.030000686645508,43800,18.346757888793945,0.0
HBB,2024-05-22,18.649999618530273,19.190000534057617,18.53499984741211,18.959999084472656,44800,18.27927017211914,0.0
HBB,2024-05-23,19.030000686645508,19.075000762939453,18.200000762939453,18.360000610351562,44100,17.70081329345703,0.0
HBB,2024-05-24,18.549999237060547,18.81999969482422,18.260000228881836,18.639999389648438,45600,17.97075843811035,0.0
HBB,2024-05-28,18.420000076293945,18.780000686645508,18.030000686645508,18.09000015258789,54000,17.440505981445312,0.0
HBB,2024-05-29,18.09000015258789,18.68000030517578,17.9950008392334,18.440000534057617,35500,17.77794075012207,0.0
HBB,2024-05-30,18.40999984741211,19.290000915527344,18.40999984741211,18.729999542236328,53100,18.05752944946289,0.0
HBB,2024-05-31,18.770000457763672,19.309999465942383,18.3799991607666,19.149999618530273,36800,18.576505661010742,0.115
HBB,2024-06-03,18.90999984741211,19.600000381469727,18.711000442504883,19.059999465942383,31400,18.48920249938965,0.0
HBB,2024-06-04,19.030000686645508,19.239999771118164,18.719999313354492,18.969999313354492,25700,18.40189552307129,0.0
HBB,2024-06-05,18.809999465942383,19.610000610351562,17.989999771118164,19.1200008392334,31800,18.547405242919922,0.0
HBB,2024-06-06,19.040000915527344,19.1200008392334,18.68000030517578,18.829999923706055,24600,18.266090393066406,0.0
HBB,2024-06-07,18.81999969482422,19.030000686645508,18.649999618530273,18.75,21600,18.188488006591797,0.0
HBB,2024-06-10,18.510000228881836,19.2549991607666,18.21500015258789,18.790000915527344,38600,18.22728729248047,0.0
HBB,2024-06-11,18.5,19.020000457763672,18.3799991607666,18.739999771118164,46800,18.17878532409668,0.0
HBB,2024-06-12,19.09000015258789,19.979999542236328,19.010000228881836,19.399999618530273,27600,18.81901741027832,0.0
HBB,2024-06-13,19.360000610351562,19.649999618530273,19.1200008392334,19.350000381469727,25400,18.770517349243164,0.0
HBB,2024-06-14,19.540000915527344,19.540000915527344,18.389999389648438,18.540000915527344,30500,17.98477554321289,0.0
HBB,2024-06-17,18.170000076293945,18.290000915527344,17.719999313354492,18.079999923706055,63800,17.538549423217773,0.0
HBB,2024-06-18,17.860000610351562,18.280000686645508,17.540000915527344,17.600000381469727,27300,17.07292366027832,0.0
HBB,2024-06-20,17.649999618530273,17.649999618530273,17.0,17.18000030517578,30100,16.665502548217773,0.0
HBB,2024-06-21,17.09000015258789,17.34000015258789,16.889999389648438,17.059999465942383,40900,16.549095153808594,0.0
HBB,2024-06-24,16.940000534057617,17.114999771118164,15.640000343322754,15.649999618530273,81300,15.18132209777832,0.0
HBB,2024-06-25,15.90999984741211,16.079999923706055,15.40999984741211,15.5,68500,15.03581428527832,0.0
HBB,2024-06-26,15.149999618530273,15.739999771118164,14.34000015258789,15.569999694824219,112500,15.103717803955078,0.0
HBB,2024-06-27,15.954999923706055,16.719999313354492,15.760000228881836,16.719999313354492,104300,16.219276428222656,0.0
HBB,2024-06-28,16.549999237060547,17.84000015258789,16.549999237060547,17.190000534057617,1220300,16.675203323364258,0.0
HBB,2024-07-01,17.34000015258789,17.53499984741211,16.719999313354492,17.020000457763672,82300,16.510295867919922,0.0
HBB,2024-07-02,16.860000610351562,17.09000015258789,16.489999771118164,16.56999969482422,49900,16.073768615722656,0.0
HBB,2024-07-03,16.649999618530273,16.969999313354492,16.594999313354492,16.90999984741211,28000,16.403589248657227,0.0
HBB,2024-07-05,16.690000534057617,16.989999771118164,16.209999084472656,16.520000457763672,79900,16.025270462036133,0.0
HBB,2024-07-08,16.920000076293945,17.219999313354492,16.6200008392334,17.020000457763672,47000,16.510295867919922,0.0
HBB,2024-07-09,16.90999984741211,17.239999771118164,16.90999984741211,17.170000076293945,30500,16.65580177307129,0.0
HBB,2024-07-10,17.170000076293945,17.170000076293945,16.440000534057617,16.459999084472656,28800,15.967062950134277,0.0
HBB,2024-07-11,16.729999542236328,17.950000762939453,16.729999542236328,17.829999923706055,38100,17.296035766601562,0.0
HBB,2024-07-12,18.0,18.295000076293945,17.889999389648438,18.229999542236328,39400,17.68405532836914,0.0
HBB,2024-07-15,18.25,19.06999969482422,18.11400032043457,18.799999237060547,45700,18.236988067626953,0.0
HBB,2024-07-16,19.170000076293945,19.950000762939453,18.888999938964844,19.899999618530273,39200,19.304044723510742,0.0
HBB,2024-07-17,20.010000228881836,20.079999923706055,19.176000595092773,19.559999465942383,37800,18.974227905273438,0.0
HBB,2024-07-18,19.899999618530273,20.0,19.559999465942383,19.760000228881836,27600,19.168237686157227,0.0
HBB,2024-07-19,19.790000915527344,19.920000076293945,19.290000915527344,19.399999618530273,24700,18.81901741027832,0.0
HBB,2024-07-22,19.469999313354492,20.15999984741211,19.469999313354492,20.079999923706055,50000,19.478654861450195,0.0
HBB,2024-07-23,20.030000686645508,20.225000381469727,19.691999435424805,19.889999389648438,52500,19.294343948364258,0.0
HBB,2024-07-24,19.729999542236328,19.889999389648438,19.06999969482422,19.829999923706055,85800,19.236141204833984,0.0
HBB,2024-07-25,19.760000228881836,20.190000534057617,19.684999465942383,19.860000610351562,48900,19.265243530273438,0.0
HBB,2024-07-26,20.350000381469727,20.350000381469727,19.649999618530273,20.170000076293945,33800,19.56595802307129,0.0
HBB,2024-07-29,20.229999542236328,20.229999542236328,19.280000686645508,19.3799991607666,32800,18.799619674682617,0.0
HBB,2024-07-30,19.18000030517578,19.524999618530273,19.104999542236328,19.399999618530273,22600,18.81901741027832,0.0
HBB,2024-07-31,19.229999542236328,20.05500030517578,19.229999542236328,19.530000686645508,36300,18.945127487182617,0.0
HBB,2024-08-01,20.0,20.75,19.434999465942383,19.770000457763672,95500,19.177940368652344,0.0
HBB,2024-08-02,18.920000076293945,20.0,18.920000076293945,19.190000534057617,43700,18.615310668945312,0.0
HBB,2024-08-05,19.530000686645508,24.969999313354492,19.209999084472656,24.639999389648438,221100,23.9020938873291,0.0
HBB,2024-08-06,24.639999389648438,27.097999572753906,24.639999389648438,26.420000076293945,238700,25.628787994384766,0.0
HBB,2024-08-07,26.770000457763672,27.0,24.420000076293945,24.709999084472656,102000,23.96999740600586,0.0
HBB,2024-08-08,25.010000228881836,25.40999984741211,24.280000686645508,25.18000030517578,63800,24.425922393798828,0.0
HBB,2024-08-09,25.010000228881836,25.139999389648438,23.81999969482422,24.049999237060547,58300,23.329761505126953,0.0
HBB,2024-08-12,24.530000686645508,25.5,24.34000015258789,25.31999969482422,46600,24.561729431152344,0.0
HBB,2024-08-13,25.229999542236328,26.43000030517578,25.229999542236328,26.43000030517578,27200,25.63848876953125,0.0
HBB,2024-08-14,26.450000762939453,27.474000930786133,25.989999771118164,26.139999389648438,37900,25.357175827026367,0.0
HBB,2024-08-15,26.690000534057617,27.709999084472656,26.09000015258789,27.59000015258789,28400,26.763748168945312,0.0
HBB,2024-08-16,27.549999237060547,29.139999389648438,27.229999542236328,27.329999923706055,65000,26.511531829833984,0.0
HBB,2024-08-19,27.139999389648438,27.6299991607666,26.559999465942383,27.010000228881836,33300,26.20111656188965,0.0
HBB,2024-08-20,26.729999542236328,27.020000457763672,26.450000762939453,26.5,20700,25.706392288208008,0.0
HBB,2024-08-21,26.489999771118164,27.0,26.260000228881836,27.0,18500,26.19141960144043,0.0
HBB,2024-08-22,27.200000762939453,27.6200008392334,27.0,27.600000381469727,76600,26.773448944091797,0.0
HBB,2024-08-23,27.549999237060547,28.591999053955078,27.040000915527344,28.350000381469727,74300,27.500988006591797,0.0
HBB,2024-08-26,28.799999237060547,28.934999465942383,28.139999389648438,28.450000762939453,52300,27.597993850708008,0.0
HBB,2024-08-27,28.1200008392334,28.475000381469727,27.850000381469727,28.25,44600,27.40398406982422,0.0
HBB,2024-08-28,28.239999771118164,29.0,28.100000381469727,28.68000030517578,48500,27.821107864379883,0.0
HBB,2024-08-29,28.59000015258789,29.3799991607666,28.399999618530273,28.670000076293945,44000,27.811405181884766,0.0
HBB,2024-08-30,29.139999389648438,29.290000915527344,28.360000610351562,29.290000915527344,23400,28.4128360748291,0.0
HBB,2024-09-03,29.139999389648438,29.139999389648438,27.59000015258789,28.010000228881836,42600,27.278274536132812,0.115
HBB,2024-09-04,27.860000610351562,28.131999969482422,27.5,28.09000015258789,30500,27.356184005737305,0.0
HBB,2024-09-05,28.25,28.280000686645508,27.201000213623047,27.6200008392334,20500,26.898462295532227,0.0
HBB,2024-09-06,27.530000686645508,28.0,26.895999908447266,27.850000381469727,24600,27.122453689575195,0.0
HBB,2024-09-09,27.850000381469727,28.0,26.59000015258789,27.09000015258789,46400,26.382307052612305,0.0
HBB,2024-09-10,26.8799991607666,27.5,26.5049991607666,27.1299991607666,47000,26.421260833740234,0.0
HBB,2024-09-11,27.100000381469727,27.43000030517578,26.22100067138672,27.43000030517578,30700,26.713424682617188,0.0
HBB,2024-09-12,27.885000228881836,28.920000076293945,27.540000915527344,28.829999923706055,23700,28.07685089111328,0.0
HBB,2024-09-13,28.8700008392334,29.56999969482422,28.8700008392334,29.329999923706055,40900,28.563791275024414,0.0
HBB,2024-09-16,29.329999923706055,29.558000564575195,28.856000900268555,29.15999984741211,22700,28.398231506347656,0.0
HBB,2024-09-17,29.549999237060547,29.549999237060547,28.6299991607666,29.170000076293945,22900,28.407970428466797,0.0
HBB,2024-09-18,28.889999389648438,29.59000015258789,28.884000778198242,29.020000457763672,31500,28.26188850402832,0.0
HBB,2024-09-19,29.809999465942383,29.809999465942383,29.030000686645508,29.239999771118164,42200,28.476139068603516,0.0
HBB,2024-09-20,28.950000762939453,29.969999313354492,28.84000015258789,29.969999313354492,241900,29.187070846557617,0.0
HBB,2024-09-23,29.979999542236328,29.979999542236328,28.15999984741211,28.469999313354492,49000,27.726255416870117,0.0
HBB,2024-09-24,28.790000915527344,31.049999237060547,28.790000915527344,30.809999465942383,106000,30.005126953125,0.0
HBB,2024-09-25,30.290000915527344,30.290000915527344,28.959999084472656,29.530000686645508,82900,28.75856590270996,0.0
HBB,2024-09-26,30.260000228881836,30.71500015258789,29.549999237060547,29.81999969482422,55000,29.040990829467773,0.0
HBB,2024-09-27,29.950000762939453,30.795000076293945,29.670000076293945,29.959999084472656,52500,29.177331924438477,0.0
HBB,2024-09-30,30.0,30.6200008392334,29.264999389648438,30.43000030517578,217500,29.635053634643555,0.0
HBB,2024-10-01,30.549999237060547,30.84000015258789,30.010000228881836,30.530000686645508,62400,29.73244285583496,0.0
HBB,2024-10-02,30.700000762939453,31.020000457763672,29.8700008392334,29.940000534057617,61200,29.157854080200195,0.0
HBB,2024-10-03,29.459999084472656,29.559999465942383,29.020000457763672,29.049999237060547,49000,28.291105270385742,0.0
HBB,2024-10-04,29.520000457763672,30.84000015258789,28.979999542236328,30.31999969482422,56600,29.527925491333008,0.0
HBB,2024-10-07,30.360000610351562,30.844999313354492,28.6200008392334,28.829999923706055,35800,28.07685089111328,0.0
HBB,2024-10-08,29.170000076293945,29.31999969482422,28.729999542236328,29.200000762939453,33900,28.43718719482422,0.0
HBB,2024-10-09,29.489999771118164,30.079999923706055,28.9950008392334,30.059999465942383,36800,29.27471923828125,0.0
HBB,2024-10-10,29.469999313354492,30.260000228881836,29.079999923706055,29.920000076293945,25500,29.138376235961914,0.0
HBB,2024-10-11,30.219999313354492,30.908000946044922,29.75,30.850000381469727,35900,30.04408073425293,0.0
HBB,2024-10-14,30.700000762939453,30.81999969482422,29.895000457763672,30.1299991607666,31800,29.342891693115234,0.0
HBB,2024-10-15,29.579999923706055,30.8799991607666,29.579999923706055,30.18000030517578,39200,29.391584396362305,0.0
HBB,2024-10-16,30.719999313354492,31.110000610351562,30.540000915527344,31.06999969482422,39200,30.258333206176758,0.0
HBB,2024-10-17,30.889999389648438,31.780000686645508,30.889999389648438,31.360000610351562,39200,30.54075813293457,0.0
HBB,2024-10-18,31.5,31.5,30.770000457763672,31.209999084472656,29900,30.394676208496094,0.0
HBB,2024-10-21,31.290000915527344,31.475000381469727,30.34000015258789,30.3799991607666,37900,29.58635902404785,0.0
HBB,2024-10-22,30.3799991607666,30.594999313354492,30.040000915527344,30.530000686645508,53300,29.73244285583496,0.0
HBB,2024-10-23,30.5,30.969999313354492,30.03499984741211,30.969999313354492,32200,30.160945892333984,0.0
HBB,2024-10-24,30.969999313354492,31.25,30.59000015258789,31.139999389648438,35900,30.326505661010742,0.0
HBB,2024-10-25,31.670000076293945,31.71500015258789,29.530000686645508,29.59000015258789,52500,28.816999435424805,0.0
HBB,2024-10-28,29.6299991607666,30.149999618530273,29.510000228881836,30.149999618530273,33100,29.362369537353516,0.0
HBB,2024-10-29,29.75,30.030000686645508,29.503999710083008,30.030000686645508,17800,29.245506286621094,0.0
HBB,2024-10-30,30.030000686645508,31.1200008392334,29.639999389648438,31.010000228881836,25300,30.199901580810547,0.0
HBB,2024-10-31,30.049999237060547,30.670000076293945,27.59000015258789,27.649999618530273,52300,26.927677154541016,0.0
HBB,2024-11-01,27.700000762939453,27.950000762939453,26.440000534057617,26.540000915527344,58500,25.846675872802734,0.0
HBB,2024-11-04,26.06999969482422,26.06999969482422,20.395000457763672,20.809999465942383,233800,20.2663631439209,0.0
HBB,2024-11-05,20.739999771118164,21.200000762939453,19.510000228881836,20.68000030517578,173500,20.139760971069336,0.0
HBB,2024-11-06,21.43000030517578,22.90999984741211,21.209999084472656,22.579999923706055,108400,21.99012565612793,0.0
HBB,2024-11-07,22.25,23.299999237060547,22.059999465942383,22.06999969482422,77700,21.49344825744629,0.0
HBB,2024-11-08,21.950000762939453,22.030000686645508,21.299999237060547,21.350000381469727,60300,20.79225730895996,0.0
HBB,2024-11-11,21.31999969482422,21.3799991607666,20.479999542236328,21.0,73400,20.451400756835938,0.0
HBB,2024-11-12,20.8799991607666,21.690000534057617,20.399999618530273,20.40999984741211,64800,19.876813888549805,0.0
HBB,2024-11-13,20.260000228881836,20.549999237060547,19.604999542236328,20.329999923706055,92800,19.79890251159668,0.0
HBB,2024-11-14,20.65999984741211,21.469999313354492,20.209999084472656,20.579999923706055,54900,20.04237174987793,0.0
HBB,2024-11-15,20.65999984741211,20.775999069213867,20.030000686645508,20.25,58400,19.720993041992188,0.0
HBB,2024-11-18,20.25,21.020000457763672,20.139999389648438,20.15999984741211,35400,19.633344650268555,0.0
HBB,2024-11-19,19.889999389648438,20.2189998626709,19.309999465942383,19.6299991607666,41000,19.117189407348633,0.0
HBB,2024-11-20,19.6200008392334,19.8700008392334,19.1200008392334,19.389999389648438,34900,18.883459091186523,0.0
HBB,2024-11-21,19.170000076293945,19.450000762939453,19.110000610351562,19.149999618530273,21000,18.649728775024414,0.0
HBB,2024-11-22,19.010000228881836,19.989999771118164,18.739999771118164,19.34000015258789,26800,18.834766387939453,0.0
HBB,2024-11-25,19.889999389648438,20.219999313354492,19.329999923706055,19.639999389648438,26400,19.126928329467773,0.0
HBB,2024-11-26,19.700000762939453,20.049999237060547,18.6200008392334,19.639999389648438,50700,19.126928329467773,0.0
HBB,2024-11-27,19.959999084472656,20.0,19.489999771118164,19.809999465942383,33400,19.2924861907959,0.0
HBB,2024-11-29,20.110000610351562,20.110000610351562,19.309999465942383,19.3700008392334,16700,18.863983154296875,0.0
HBB,2024-12-02,19.09000015258789,20.079999923706055,18.540000915527344,19.770000457763672,63900,19.368526458740234,0.115
HBB,2024-12-03,19.75,20.209999084472656,19.59000015258789,20.110000610351562,59200,19.701622009277344,0.0
HBB,2024-12-04,20.280000686645508,20.31999969482422,19.56999969482422,20.06999969482422,69500,19.662431716918945,0.0
HBB,2024-12-05,19.8700008392334,20.450000762939453,19.229999542236328,19.389999389648438,46600,18.996240615844727,0.0
HBB,2024-12-06,19.329999923706055,19.850000381469727,18.780000686645508,18.93000030517578,39100,18.545581817626953,0.0
HBB,2024-12-09,18.989999771118164,19.040000915527344,18.100000381469727,18.260000228881836,57400,17.889188766479492,0.0
HBB,2024-12-10,18.100000381469727,18.25,17.709999084472656,17.799999237060547,52700,17.43852996826172,0.0
HBB,2024-12-11,18.309999465942383,18.344999313354492,17.155000686645508,17.65999984741211,136100,17.301372528076172,0.0
HBB,2024-12-12,17.700000762939453,18.09000015258789,16.985000610351562,17.639999389648438,64600,17.28177833557129,0.0
HBB,2024-12-13,17.3799991607666,18.235000610351562,16.709999084472656,18.030000686645508,76300,17.663860321044922,0.0
HBB,2024-12-16,18.059999465942383,18.458999633789062,18.020000457763672,18.139999389648438,26700,17.771623611450195,0.0
HBB,2024-12-17,18.09000015258789,18.09000015258789,17.579999923706055,17.829999923706055,42200,17.467920303344727,0.0
HBB,2024-12-18,17.889999389648438,18.389999389648438,16.479999542236328,16.639999389648438,55900,16.302087783813477,0.0
HBB,2024-12-19,16.469999313354492,16.774999618530273,16.118999481201172,16.350000381469727,35600,16.01797866821289,0.0
HBB,2024-12-20,16.1200008392334,17.06999969482422,16.1200008392334,16.559999465942383,102000,16.223709106445312,0.0
HBB,2024-12-23,16.510000228881836,16.844999313354492,16.309999465942383,16.540000915527344,23200,16.204120635986328,0.0
HBB,2024-12-24,16.290000915527344,16.3799991607666,15.899999618530273,16.209999084472656,33900,15.880817413330078,0.0
HBB,2024-12-26,16.200000762939453,17.100000381469727,16.200000762939453,17.06999969482422,34200,16.723352432250977,0.0
HBB,2024-12-27,17.139999389648438,17.139999389648438,16.549999237060547,16.770000457763672,44200,16.429447174072266,0.0
HBB,2024-12-30,16.540000915527344,17.02199935913086,16.0,16.600000381469727,46900,16.26289939880371,0.0
HBB,2024-12-31,16.75,16.969999313354492,16.399999618530273,16.829999923706055,190000,16.488229751586914,0.0
HBB,2025-01-02,16.920000076293945,16.920000076293945,16.149999618530273,16.239999771118164,60100,15.910208702087402,0.0
HBB,2025-01-03,16.049999237060547,16.809999465942383,16.049999237060547,16.579999923706055,29300,16.243305206298828,0.0
HBB,2025-01-06,16.59000015258789,17.059999465942383,16.360000610351562,16.360000610351562,40200,16.027772903442383,0.0
HBB,2025-01-07,16.25,16.4950008392334,16.139999389648438,16.459999084472656,37600,16.12574005126953,0.0
HBB,2025-01-08,16.280000686645508,16.489999771118164,16.03700065612793,16.3799991607666,41000,16.047365188598633,0.0
HBB,2025-01-10,16.139999389648438,16.239999771118164,15.569999694824219,15.970000267028809,45200,15.645692825317383,0.0
HBB,2025-01-13,15.880000114440918,16.25,15.364999771118164,15.510000228881836,28100,15.19503402709961,0.0
HBB,2025-01-14,15.619999885559082,16.0,15.510000228881836,15.829999923706055,35000,15.508535385131836,0.0
HBB,2025-01-15,16.260000228881836,17.100000381469727,15.845000267028809,17.06999969482422,38000,16.723352432250977,0.0
HBB,2025-01-16,17.1299991607666,18.18000030517578,17.045000076293945,17.5,89500,17.144622802734375,0.0
HBB,2025-01-17,17.68000030517578,18.219999313354492,17.389999389648438,17.450000762939453,66500,17.09563636779785,0.0
HBB,2025-01-21,17.559999465942383,18.510000228881836,17.559999465942383,17.940000534057617,63500,17.575687408447266,0.0
HBB,2025-01-22,17.940000534057617,18.204999923706055,17.579999923706055,17.959999084472656,53300,17.595279693603516,0.0
HBB,2025-01-23,17.989999771118164,18.21500015258789,17.729999542236328,18.139999389648438,38700,17.771623611450195,0.0
HBB,2025-01-24,18.049999237060547,18.19499969482422,17.739999771118164,18.020000457763672,16500,17.654062271118164,0.0
HBB,2025-01-27,18.06999969482422,18.496000289916992,17.836999893188477,18.040000915527344,31000,17.673656463623047,0.0
HBB,2025-01-28,17.850000381469727,18.010000228881836,17.6299991607666,17.709999084472656,22400,17.350358963012695,0.0
HBB,2025-01-29,17.739999771118164,17.809999465942383,17.229999542236328,17.790000915527344,17900,17.428733825683594,0.0
HBB,2025-01-30,17.770000457763672,18.110000610351562,17.524999618530273,17.899999618530273,27300,17.536500930786133,0.0
HBB,2025-01-31,17.959999084472656,18.0,17.065000534057617,17.110000610351562,25000,16.762544631958008,0.0
HBB,2025-02-03,16.649999618530273,16.773000717163086,16.06999969482422,16.209999084472656,16700,15.880817413330078,0.0
HBB,2025-02-04,16.139999389648438,16.479999542236328,16.06999969482422,16.450000762939453,15800,16.115947723388672,0.0
HBB,2025-02-05,16.81999969482422,17.034000396728516,16.309999465942383,16.799999237060547,19100,16.458837509155273,0.0
HBB,2025-02-06,16.8799991607666,17.149999618530273,16.3700008392334,16.6299991607666,13100,16.292287826538086,0.0
HBB,2025-02-07,16.3799991607666,16.3799991607666,15.989999771118164,16.1200008392334,18600,15.792648315429688,0.0
HBB,2025-02-10,16.1200008392334,16.1200008392334,15.59000015258789,15.59000015258789,41400,15.273409843444824,0.0
HBB,2025-02-11,15.479999542236328,16.5,15.479999542236328,16.31999969482422,53100,15.98858642578125,0.0
HBB,2025-02-12,16.079999923706055,16.780000686645508,15.84000015258789,16.18000030517578,24900,15.851428031921387,0.0
HBB,2025-02-13,16.200000762939453,16.520000457763672,15.979000091552734,16.440000534057617,14500,16.10614776611328,0.0
HBB,2025-02-14,16.700000762939453,16.86199951171875,16.06999969482422,16.540000915527344,15300,16.204120635986328,0.0
HBB,2025-02-18,16.59000015258789,16.950000762939453,16.43000030517578,16.729999542236328,34000,16.390260696411133,0.0
HBB,2025-02-19,16.75,17.65999984741211,16.364999771118164,17.290000915527344,30400,16.938886642456055,0.0
HBB,2025-02-20,17.0,17.850000381469727,16.889999389648438,17.649999618530273,32000,17.291576385498047,0.0
HBB,2025-02-21,17.84000015258789,17.84000015258789,17.360000610351562,17.5,24200,17.144622802734375,0.0
HBB,2025-02-24,17.670000076293945,19.100000381469727,17.100000381469727,18.0,99600,17.634469985961914,0.0
HBB,2025-02-25,18.09000015258789,18.40999984741211,18.0,18.059999465942383,31300,17.69325065612793,0.0
HBB,2025-02-26,18.079999923706055,19.5,17.190000534057617,17.899999618530273,38700,17.536500930786133,0.0
HBB,2025-02-27,18.739999771118164,20.3700008392334,18.739999771118164,20.1299991607666,58200,19.721214294433594,0.0
HBB,2025-02-28,19.75,20.329999923706055,18.5,19.489999771118164,28200,19.094209671020508,0.0
HBB,2025-03-03,19.200000762939453,19.270000457763672,18.81999969482422,19.040000915527344,33200,18.764066696166992,0.115
HBB,2025-03-04,19.0,20.40999984741211,18.767000198364258,19.850000381469727,32200,19.562328338623047,0.0
HBB,2025-03-05,19.950000762939453,20.0,19.549999237060547,19.690000534057617,24300,19.404647827148438,0.0
HBB,2025-03-06,19.559999465942383,19.959999084472656,19.059999465942383,19.8700008392334,38300,19.5820369720459,0.0
HBB,2025-03-07,20.0,21.200000762939453,19.54599952697754,20.309999465942383,47800,20.01565933227539,0.0
HBB,2025-03-10,20.639999389648438,20.920000076293945,19.459999084472656,19.6200008392334,48700,19.335660934448242,0.0
HBB,2025-03-11,19.6200008392334,19.770000457763672,18.5,19.3799991607666,46200,19.099138259887695,0.0
HBB,2025-03-12,19.739999771118164,20.459999084472656,19.31999969482422,19.850000381469727,59300,19.562328338623047,0.0
HBB,2025-03-13,19.59000015258789,19.600000381469727,18.649999618530273,18.829999923706055,37200,18.55710792541504,0.0
HBB,2025-03-14,18.75,19.19499969482422,18.40999984741211,18.729999542236328,55900,18.45855712890625,0.0
HBB,2025-03-17,18.450000762939453,20.149999618530273,18.010000228881836,19.729999542236328,34600,19.44406509399414,0.0
HBB,2025-03-18,19.3799991607666,20.040000915527344,19.270000457763672,19.8700008392334,41800,19.5820369720459,0.0
HBB,2025-03-19,19.889999389648438,20.75,19.6200008392334,20.309999465942383,31900,20.01565933227539,0.0
HBB,2025-03-20,20.299999237060547,20.299999237060547,19.440000534057617,19.65999984741211,32500,19.375080108642578,0.0
HBB,2025-03-21,19.459999084472656,19.989999771118164,19.299999237060547,19.690000534057617,58400,19.404647827148438,0.0
HBB,2025-03-24,19.690000534057617,20.09000015258789,19.610000610351562,19.979999542236328,17900,19.69044303894043,0.0
HBB,2025-03-25,20.0,20.0,19.06999969482422,19.09000015258789,36500,18.81334114074707,0.0
HBB,2025-03-26,19.0,20.09000015258789,18.979999542236328,19.790000915527344,50300,19.503198623657227,0.0
HBB,2025-03-27,19.989999771118164,20.149999618530273,19.540000915527344,19.729999542236328,15200,19.44406509399414,0.0
HBB,2025-03-28,19.510000228881836,20.110000610351562,19.18000030517578,19.459999084472656,28100,19.177976608276367,0.0
HBB,2025-03-31,19.25,19.809999465942383,18.670000076293945,19.43000030517578,24500,19.148412704467773,0.0
HBB,2025-04-01,19.170000076293945,20.600000381469727,19.15999984741211,19.860000610351562,39300,19.572181701660156,0.0
HBB,2025-04-02,19.440000534057617,20.350000381469727,19.290000915527344,19.959999084472656,31100,19.670730590820312,0.0
HBB,2025-04-03,19.360000610351562,19.360000610351562,17.8700008392334,18.18000030517578,97400,17.91653060913086,0.0
HBB,2025-04-04,17.690000534057617,18.809999465942383,17.000999450683594,18.459999084472656,106200,18.19247055053711,0.0
HBB,2025-04-07,17.729999542236328,18.610000610351562,17.229999542236328,17.989999771118164,51500,17.72928237915039,0.0
HBB,2025-04-08,18.229999542236328,18.559999465942383,16.490999221801758,17.0,77400,16.753629684448242,0.0
HBB,2025-04-09,16.899999618530273,19.09000015258789,15.899999618530273,18.040000915527344,124700,17.7785587310791,0.0
HBB,2025-04-10,17.360000610351562,18.0,16.81599998474121,17.100000381469727,85900,16.85218048095703,0.0
HBB,2025-04-11,17.0,17.600000381469727,16.600000381469727,17.479999542236328,64400,17.226673126220703,0.0
HBB,2025-04-14,18.25,18.969999313354492,17.520000457763672,17.959999084472656,97100,17.699716567993164,0.0
HBB,2025-04-15,17.93000030517578,18.399999618530273,17.7450008392334,17.8700008392334,63700,17.61102294921875,0.0
HBB,2025-04-16,17.59000015258789,18.149999618530273,17.240999221801758,17.959999084472656,76600,17.699716567993164,0.0
HBB,2025-04-17,18.030000686645508,18.549999237060547,17.760000228881836,17.829999923706055,72700,17.57160186767578,0.0
HBB,2025-04-21,17.600000381469727,17.809999465942383,16.920000076293945,17.520000457763672,70100,17.266094207763672,0.0
HBB,2025-04-22,17.829999923706055,18.899999618530273,17.799999237060547,18.790000915527344,93200,18.517688751220703,0.0
HBB,2025-04-23,19.43000030517578,20.709999084472656,19.399999618530273,19.639999389648438,88500,19.355369567871094,0.0
HBB,2025-04-24,19.280000686645508,20.13800048828125,18.834999084472656,19.06999969482422,94200,18.793630599975586,0.0
HBB,2025-04-25,18.809999465942383,19.549999237060547,18.625,19.309999465942383,46100,19.0301513671875,0.0
HBB,2025-04-28,19.18000030517578,20.139999389648438,19.094999313354492,19.790000915527344,51600,19.503198623657227,0.0
HBB,2025-04-29,19.729999542236328,20.100000381469727,19.450000762939453,19.770000457763672,43000,19.48348617553711,0.0
HBB,2025-04-30,19.739999771118164,20.0,19.364999771118164,19.799999237060547,48500,19.513050079345703,0.0
HBB,2025-05-01,18.530000686645508,19.09000015258789,15.0,15.210000038146973,111200,14.989571571350098,0.0
HBB,2025-05-02,15.5,15.597000122070312,14.279999732971191,14.670000076293945,111700,14.4573974609375,0.0
HBB,2025-05-05,14.579999923706055,14.739999771118164,13.25,14.539999961853027,73400,14.329280853271484,0.0
HBB,2025-05-06,14.449999809265137,14.630000114440918,13.864999771118164,14.460000038146973,67300,14.25044059753418,0.0
HBB,2025-05-07,14.420000076293945,14.515000343322754,13.678000450134277,13.930000305175781,46200,13.728121757507324,0.0
HBB,2025-05-08,14.100000381469727,14.899999618530273,13.720000267028809,14.579999923706055,60100,14.368700981140137,0.0
HBB,2025-05-09,14.5,14.899999618530273,14.1899995803833,14.510000228881836,37900,14.299715995788574,0.0
HBB,2025-05-12,15.350000381469727,18.69300079345703,15.324999809265137,18.299999237060547,127900,18.034788131713867,0.0
HBB,2025-05-13,18.450000762939453,18.56999969482422,18.0,18.329999923706055,53900,18.064353942871094,0.0
HBB,2025-05-14,18.299999237060547,18.399999618530273,17.55500030517578,17.6299991607666,38800,17.37449836730957,0.0
HBB,2025-05-15,17.559999465942383,17.850000381469727,17.139999389648438,17.690000534057617,21000,17.433629989624023,0.0
HBB,2025-05-16,17.809999465942383,18.1299991607666,17.665000915527344,17.90999984741211,21200,17.650442123413086,0.0
HBB,2025-05-19,17.670000076293945,18.350000381469727,17.639999389648438,18.229999542236328,43600,17.965803146362305,0.0
HBB,2025-05-20,18.389999389648438,18.979000091552734,18.139999389648438,18.360000610351562,23700,18.09391975402832,0.0
HBB,2025-05-21,18.020000457763672,18.360000610351562,17.17799949645996,17.729999542236328,31400,17.47304916381836,0.0
HBB,2025-05-22,17.729999542236328,18.0,17.4950008392334,17.920000076293945,29600,17.660295486450195,0.0
HBB,2025-05-23,17.43000030517578,18.229999542236328,17.43000030517578,17.780000686645508,34900,17.522327423095703,0.0
HBB,2025-05-27,17.979999542236328,18.6200008392334,17.78499984741211,18.530000686645508,29300,18.261457443237305,0.0
HBB,2025-05-28,18.3799991607666,19.0,18.277000427246094,18.5,20400,18.231891632080078,0.0
HBB,2025-05-29,18.790000915527344,18.989999771118164,18.21500015258789,18.739999771118164,24900,18.468412399291992,0.0
HBB,2025-05-30,18.299999237060547,18.649999618530273,18.049999237060547,18.270000457763672,19800,18.121261596679688,0.12
HBB,2025-06-02,18.200000762939453,18.200000762939453,17.5,17.799999237060547,30400,17.655088424682617,0.0
HBB,2025-06-03,17.700000762939453,18.93000030517578,17.594999313354492,18.68000030517578,45600,18.527925491333008,0.0
HBB,2025-06-04,18.274999618530273,18.475000381469727,17.93000030517578,18.1299991607666,17400,17.98240089416504,0.0
HBB,2025-06-05,17.950000762939453,18.40999984741211,17.920000076293945,18.31999969482422,18400,18.170854568481445,0.0
HBB,2025-06-06,18.31999969482422,18.440000534057617,18.06999969482422,18.440000534057617,19800,18.289878845214844,0.0
HBB,2025-06-09,18.440000534057617,18.559999465942383,17.93000030517578,18.260000228881836,16100,18.111343383789062,0.0
HBB,2025-06-10,17.986000061035156,18.920000076293945,17.986000061035156,18.299999237060547,27700,18.151016235351562,0.0
HBB,2025-06-11,18.3799991607666,18.729999542236328,18.139999389648438,18.229999542236328,26200,18.081586837768555,0.0
HBB,2025-06-12,17.979999542236328,18.3799991607666,17.420000076293945,17.969999313354492,28400,17.82370376586914,0.0
HBB,2025-06-13,17.670000076293945,18.767000198364258,16.700000762939453,16.850000381469727,28400,16.71282196044922,0.0
HBB,2025-06-16,17.209999084472656,17.336000442504883,16.579999923706055,17.059999465942383,15300,16.921112060546875,0.0
HBB,2025-06-17,16.8799991607666,17.60099983215332,16.690000534057617,16.809999465942383,21300,16.673147201538086,0.0
HBB,2025-06-18,16.719999313354492,16.969999313354492,16.5,16.780000686645508,15700,16.64339256286621,0.0
HBB,2025-06-20,16.90999984741211,17.094999313354492,16.6299991607666,16.809999465942383,25700,16.673147201538086,0.0
HBB,2025-06-23,16.610000610351562,17.459999084472656,16.450000762939453,17.3799991607666,17600,17.238506317138672,0.0
HBB,2025-06-24,17.600000381469727,18.049999237060547,17.600000381469727,17.969999313354492,17400,17.82370376586914,0.0
HBB,2025-06-25,17.684999465942383,18.48900032043457,17.31999969482422,17.75,16300,17.60549545288086,0.0
HBB,2025-06-26,17.649999618530273,18.155000686645508,17.459999084472656,17.920000076293945,15000,17.774110794067383,0.0
HBB,2025-06-27,17.889999389648438,18.0,17.409000396728516,17.760000228881836,114100,17.615413665771484,0.0
HBB,2025-06-30,17.899999618530273,18.459999084472656,17.524999618530273,17.889999389648438,21700,17.744354248046875,0.0
HBB,2025-07-01,18.451000213623047,18.457000732421875,17.90999984741211,18.010000228881836,85500,17.863378524780273,0.0
HBB,2025-07-02,18.229999542236328,18.809999465942383,18.163999557495117,18.809999465942383,71900,18.6568660736084,0.0
HBB,2025-07-03,18.68000030517578,19.25,18.68000030517578,18.81999969482422,29200,18.666784286499023,0.0
HBB,2025-07-07,18.790000915527344,19.0,18.6299991607666,18.809999465942383,40900,18.6568660736084,0.0
HBB,2025-07-08,19.579999923706055,19.989999771118164,18.989999771118164,19.34000015258789,52100,19.18255043029785,0.0
HBB,2025-07-09,19.540000915527344,19.979999542236328,19.040000915527344,19.969999313354492,62500,19.80742073059082,0.0
HBB,2025-07-10,19.90999984741211,20.329999923706055,19.545000076293945,19.969999313354492,33500,19.80742073059082,0.0
HBB,2025-07-11,19.889999389648438,19.920000076293945,19.219999313354492,19.469999313354492,37700,19.311492919921875,0.0
HBB,2025-07-14,19.510000228881836,20.0,18.20800018310547,19.280000686645508,16500,19.1230411529541,0.0
HBB,2025-07-15,19.469999313354492,19.469999313354492,18.059999465942383,18.1200008392334,20400,17.972484588623047,0.0
HBB,2025-07-16,18.149999618530273,18.670000076293945,17.934999465942383,18.530000686645508,17700,18.379146575927734,0.0
HBB,2025-07-17,18.700000762939453,18.969999313354492,18.510000228881836,18.579999923706055,19000,18.42873764038086,0.0
HBB,2025-07-18,18.719999313354492,18.719999313354492,17.68000030517578,17.68000030517578,15800,17.53606605529785,0.0
HBB,2025-07-21,17.959999084472656,17.959999084472656,17.5,17.729999542236328,17300,17.585657119750977,0.0
HBB,2025-07-22,17.780000686645508,18.4950008392334,17.729999542236328,17.799999237060547,14200,17.655088424682617,0.0
HBB,2025-07-23,17.959999084472656,18.1200008392334,17.729999542236328,17.940000534057617,13700,17.793949127197266,0.0
HBB,2025-07-24,17.639999389648438,18.09000015258789,17.399999618530273,17.479999542236328,10900,17.337692260742188,0.0
HBB,2025-07-25,17.3799991607666,18.540000915527344,17.280000686645508,18.030000686645508,20600,17.883216857910156,0.0
HBB,2025-07-28,18.290000915527344,18.290000915527344,16.68000030517578,16.739999771118164,15300,16.603717803955078,0.0
HBB,2025-07-29,16.790000915527344,17.0,16.200000762939453,16.309999465942383,20900,16.177217483520508,0.0
HBB,2025-07-30,16.924999237060547,16.924999237060547,15.430000305175781,15.699999809265137,22000,15.572184562683105,0.0
HBB,2025-07-31,14.949999809265137,16.09000015258789,13.5,15.569999694824219,76200,15.443243026733398,0.0
HBB,2025-08-01,15.399999618530273,15.399999618530273,13.149999618530273,13.300000190734863,37100,13.191723823547363,0.0
HBB,2025-08-04,13.5600004196167,13.899999618530273,12.954999923706055,13.760000228881836,65500,13.647978782653809,0.0
HBB,2025-08-05,13.670000076293945,14.029999732971191,13.279999732971191,13.5600004196167,42700,13.449606895446777,0.0
HBB,2025-08-06,13.5600004196167,14.258999824523926,13.5600004196167,14.0,22600,13.886024475097656,0.0
HBB,2025-08-07,14.210000038146973,14.920000076293945,14.100000381469727,14.670000076293945,24000,14.550570487976074,0.0
HBB,2025-08-08,14.819999694824219,14.819999694824219,13.600000381469727,14.039999961853027,19000,13.925699234008789,0.0
HBB,2025-08-11,13.9399995803833,14.222000122070312,13.430000305175781,13.65999984741211,23000,13.548792839050293,0.0
HBB,2025-08-12,13.920000076293945,14.550000190734863,13.800000190734863,14.520000457763672,16500,14.4017915725708,0.0
HBB,2025-08-13,14.6899995803833,14.899999618530273,14.520000457763672,14.649999618530273,15300,14.530732154846191,0.0
HBB,2025-08-14,14.470000267028809,14.470000267028809,13.494999885559082,13.8100004196167,26300,13.697571754455566,0.0
HBB,2025-08-15,13.899999618530273,14.1850004196167,12.720000267028809,13.039999961853027,133800,12.933839797973633,0.0
HBB,2025-08-18,13.149999618530273,13.699000358581543,12.859999656677246,13.119999885559082,61400,13.013188362121582,0.0
HBB,2025-08-19,13.260000228881836,14.005000114440918,13.260000228881836,13.569999694824219,50200,13.459525108337402,0.0
HBB,2025-08-20,13.609999656677246,13.960000038146973,13.5,13.539999961853027,34300,13.429769515991211,0.0
HBB,2025-08-21,13.550000190734863,14.75,13.40999984741211,14.520000457763672,39000,14.4017915725708,0.0
HBB,2025-08-22,14.770000457763672,15.8149995803833,14.595000267028809,15.119999885559082,51400,14.996906280517578,0.0
HBB,2025-08-25,15.029999732971191,15.050000190734863,14.430000305175781,14.5,16500,14.381954193115234,0.0
HBB,2025-08-26,14.829999923706055,14.829999923706055,14.1899995803833,14.25,16200,14.133989334106445,0.0
HBB,2025-08-27,14.430000305175781,14.899999618530273,14.260000228881836,14.380000114440918,29800,14.262930870056152,0.0
HBB,2025-08-28,14.574999809265137,14.675000190734863,14.29800033569336,14.569999694824219,24400,14.451383590698242,0.0
HBB,2025-08-29,14.567999839782715,14.899999618530273,14.470000267028809,14.739999771118164,18500,14.619999885559082,0.0
HBB,2025-09-02,14.449999809265137,15.25,14.449999809265137,15.109999656677246,17700,15.109999656677246,0.12
HBB,2025-09-03,15.010000228881836,15.210000038146973,14.239999771118164,14.239999771118164,33400,14.239999771118164,0.0
HBB,2025-09-04,14.279999732971191,15.170000076293945,14.279999732971191,15.130000114440918,19600,15.130000114440918,0.0
HBB,2025-09-05,15.1899995803833,15.274999618530273,15.0,15.109999656677246,14100,15.109999656677246,0.0
HBB,2025-09-08,15.029999732971191,15.029999732971191,14.470000267028809,14.600000381469727,43100,14.600000381469727,0.0
HBB,2025-09-09,14.654999732971191,15.006999969482422,14.550000190734863,14.699999809265137,15000,14.699999809265137,0.0
HBB,2025-09-10,14.5600004196167,14.640000343322754,14.329999923706055,14.350000381469727,18900,14.350000381469727,0.0
HBB,2025-09-11,14.3100004196167,14.720000267028809,14.3100004196167,14.630000114440918,13900,14.630000114440918,0.0
HBB,2025-09-12,14.569999694824219,14.71399974822998,14.470000267028809,14.569999694824219,12000,14.569999694824219,0.0
HBB,2025-09-15,14.510000228881836,14.800000190734863,14.510000228881836,14.720000267028809,29500,14.720000267028809,0.0
HBB,2025-09-16,14.720000267028809,15.01200008392334,14.460000038146973,14.600000381469727,16100,14.600000381469727,0.0
HBB,2025-09-17,14.579999923706055,15.0,14.489999771118164,14.680000305175781,25300,14.680000305175781,0.0
HBB,2025-09-18,14.729999542236328,15.449999809265137,14.729999542236328,15.279999732971191,24900,15.279999732971191,0.0
HBB,2025-09-19,15.319999694824219,15.319999694824219,14.510000228881836,14.5600004196167,49100,14.5600004196167,0.0
HBB,2025-09-22,14.479999542236328,14.755000114440918,14.406000137329102,14.529999732971191,28400,14.529999732971191,0.0
HBB,2025-09-23,14.635000228881836,14.84000015258789,13.5600004196167,13.640000343322754,41200,13.640000343322754,0.0
HBB,2025-09-24,13.5600004196167,14.5600004196167,13.5600004196167,13.819999694824219,31200,13.819999694824219,0.0
HBB,2025-09-25,13.800000190734863,14.199999809265137,13.800000190734863,13.930000305175781,22600,13.930000305175781,0.0
HBB,2025-09-26,13.729999542236328,14.489999771118164,13.729999542236328,14.420000076293945,17000,14.420000076293945,0.0
HBB,2025-09-29,14.460000038146973,14.460000038146973,13.869999885559082,13.899999618530273,33400,13.899999618530273,0.0
