symbol,date,open,high,low,close,volume,adjclose,dividends
ITEQ,2015-11-03,25.1200008392334,25.420000076293945,25.110000610351562,25.31399917602539,5500,24.920623779296875,0.0
ITEQ,2015-11-04,25.40999984741211,25.577999114990234,25.389999389648438,25.44300079345703,18700,25.04762077331543,0.0
ITEQ,2015-11-05,25.489999771118164,25.489999771118164,25.110000610351562,25.190000534057617,9900,24.798551559448242,0.0
ITEQ,2015-11-06,25.1299991607666,25.270000457763672,25.030000686645508,25.25,9100,24.85761833190918,0.0
ITEQ,2015-11-09,25.290000915527344,25.290000915527344,24.8799991607666,25.049999237060547,7300,24.660730361938477,0.0
ITEQ,2015-11-10,24.889999389648438,24.920000076293945,24.739999771118164,24.8799991607666,4300,24.49336814880371,0.0
ITEQ,2015-11-11,24.940000534057617,24.940000534057617,24.549999237060547,24.549999237060547,5200,24.168498992919922,0.0
ITEQ,2015-11-12,24.489999771118164,24.695999145507812,24.43000030517578,24.430999755859375,5200,24.051345825195312,0.0
ITEQ,2015-11-13,24.329999923706055,24.3700008392334,24.135000228881836,24.135000228881836,6000,23.759946823120117,0.0
ITEQ,2015-11-16,24.1299991607666,24.200000762939453,24.0,24.172000885009766,5900,23.79637336730957,0.0
ITEQ,2015-11-17,24.239999771118164,24.600000381469727,24.239999771118164,24.433000564575195,3700,24.05331802368164,0.0
ITEQ,2015-11-18,24.579999923706055,24.783000946044922,24.41699981689453,24.77400016784668,5100,24.389013290405273,0.0
ITEQ,2015-11-19,24.790000915527344,24.920000076293945,24.790000915527344,24.920000076293945,2800,24.53274917602539,0.0
ITEQ,2015-11-20,24.979999542236328,25.049999237060547,24.950000762939453,24.950000762939453,3000,24.56228256225586,0.0
ITEQ,2015-11-23,25.010000228881836,25.010000228881836,24.93000030517578,24.93000030517578,7000,24.542593002319336,0.0
ITEQ,2015-11-24,24.860000610351562,25.0,24.799999237060547,24.989999771118164,3400,24.60165786743164,0.0
ITEQ,2015-11-25,25.113000869750977,25.22800064086914,25.113000869750977,25.22800064086914,3500,24.835962295532227,0.0
ITEQ,2015-11-27,25.239999771118164,25.239999771118164,25.09000015258789,25.149999618530273,3400,24.759174346923828,0.0
ITEQ,2015-11-30,25.260000228881836,25.260000228881836,25.110000610351562,25.170000076293945,4900,24.77886199951172,0.0
ITEQ,2015-12-01,25.11199951171875,25.226999282836914,25.11199951171875,25.209999084472656,2100,24.818239212036133,0.0
ITEQ,2015-12-02,25.25,25.347999572753906,25.209999084472656,25.242000579833984,3000,24.84974479675293,0.0
ITEQ,2015-12-03,25.062000274658203,25.062000274658203,24.62299919128418,24.75,4400,24.365388870239258,0.0
ITEQ,2015-12-04,24.8799991607666,25.110000610351562,24.8799991607666,25.054000854492188,7700,24.6646671295166,0.0
ITEQ,2015-12-07,24.889999389648438,24.889999389648438,24.611000061035156,24.66699981689453,8200,24.283679962158203,0.0
ITEQ,2015-12-08,24.34000015258789,24.649999618530273,24.29800033569336,24.628999710083008,8800,24.24627113342285,0.0
ITEQ,2015-12-09,24.530000686645508,24.610000610351562,24.27400016784668,24.34000015258789,3600,23.961761474609375,0.0
ITEQ,2015-12-10,24.309999465942383,24.40999984741211,24.292999267578125,24.292999267578125,5500,23.915489196777344,0.0
ITEQ,2015-12-11,24.1299991607666,24.1299991607666,23.83300018310547,23.850000381469727,8600,23.4793758392334,0.0
ITEQ,2015-12-14,23.760000228881836,23.770000457763672,23.59000015258789,23.757999420166016,3000,23.388805389404297,0.0
ITEQ,2015-12-15,23.959999084472656,24.18000030517578,23.94099998474121,24.079999923706055,11200,23.705801010131836,0.0
ITEQ,2015-12-16,24.18000030517578,24.31999969482422,24.020000457763672,24.260000228881836,7400,23.883005142211914,0.0
ITEQ,2015-12-17,24.280000686645508,24.479999542236328,24.18000030517578,24.18000030517578,3400,23.80424690246582,0.0
ITEQ,2015-12-18,24.040000915527344,24.079999923706055,23.989999771118164,23.989999771118164,1800,23.617198944091797,0.0
ITEQ,2015-12-21,27.329999923706055,27.329999923706055,24.0,24.05299949645996,3900,23.679224014282227,0.0
ITEQ,2015-12-22,24.170000076293945,24.170000076293945,23.969999313354492,24.040000915527344,4900,23.666425704956055,0.0
ITEQ,2015-12-23,24.209999084472656,24.288999557495117,24.030000686645508,24.28700065612793,3700,23.909584045410156,0.0
ITEQ,2015-12-24,24.31999969482422,24.466999053955078,24.31999969482422,24.420000076293945,2800,24.040517807006836,0.0
ITEQ,2015-12-28,24.489999771118164,24.489999771118164,24.270000457763672,24.3799991607666,5700,24.00113868713379,0.0
ITEQ,2015-12-29,24.479999542236328,24.520000457763672,24.413000106811523,24.493000030517578,2500,24.112384796142578,0.0
ITEQ,2015-12-30,24.399999618530273,24.4060001373291,24.232999801635742,24.232999801635742,2300,23.85642433166504,0.0
ITEQ,2015-12-31,24.200000762939453,24.280000686645508,24.100000381469727,24.100000381469727,3900,23.725492477416992,0.0
ITEQ,2016-01-04,23.84000015258789,23.84000015258789,23.6299991607666,23.770000457763672,4400,23.40062141418457,0.0
ITEQ,2016-01-05,23.889999389648438,23.889999389648438,23.559999465942383,23.613000869750977,5400,23.246057510375977,0.0
ITEQ,2016-01-06,23.25,23.540000915527344,23.25,23.3700008392334,6700,23.0068359375,0.0
ITEQ,2016-01-07,23.020000457763672,23.17300033569336,22.889999389648438,22.920000076293945,3900,22.563827514648438,0.0
ITEQ,2016-01-08,23.110000610351562,23.1299991607666,22.75,22.75,8000,22.396469116210938,0.0
ITEQ,2016-01-11,22.93000030517578,22.93000030517578,22.54599952697754,22.75,3700,22.396469116210938,0.0
ITEQ,2016-01-12,22.888999938964844,23.030000686645508,22.61400032043457,22.780000686645508,3700,22.42600440979004,0.0
ITEQ,2016-01-13,22.920000076293945,22.979999542236328,22.200000762939453,22.219999313354492,2400,21.874704360961914,0.0
ITEQ,2016-01-14,22.149999618530273,22.149999618530273,21.5,21.950000762939453,4600,21.608901977539062,0.0
ITEQ,2016-01-15,21.55900001525879,21.610000610351562,21.280000686645508,21.530000686645508,3400,21.1954288482666,0.0
ITEQ,2016-01-19,21.709999084472656,21.770000457763672,21.100000381469727,21.280000686645508,5900,20.94931411743164,0.0
ITEQ,2016-01-20,20.959999084472656,21.010000228881836,20.3799991607666,21.010000228881836,7400,20.683509826660156,0.0
ITEQ,2016-01-21,21.030000686645508,21.440000534057617,21.010000228881836,21.06999969482422,3200,20.742576599121094,0.0
ITEQ,2016-01-22,21.389999389648438,21.549999237060547,21.360000610351562,21.513999938964844,6000,21.179676055908203,0.0
ITEQ,2016-01-25,21.520000457763672,21.53499984741211,21.25,21.25,1800,20.919780731201172,0.0
ITEQ,2016-01-26,21.239999771118164,21.384000778198242,21.239999771118164,21.384000778198242,2300,21.051698684692383,0.0
ITEQ,2016-01-27,21.270000457763672,21.290000915527344,21.110000610351562,21.110000610351562,1800,20.781953811645508,0.0
ITEQ,2016-01-28,21.43000030517578,21.459999084472656,21.149999618530273,21.149999618530273,2900,20.821331024169922,0.0
ITEQ,2016-01-29,21.31999969482422,21.6200008392334,21.31999969482422,21.610000610351562,3400,21.274185180664062,0.0
ITEQ,2016-02-01,21.66699981689453,21.850000381469727,21.66699981689453,21.850000381469727,1000,21.510456085205078,0.0
ITEQ,2016-02-02,21.610000610351562,21.670000076293945,21.479999542236328,21.479999542236328,1400,21.14620590209961,0.0
ITEQ,2016-02-03,21.6200008392334,21.6200008392334,21.240999221801758,21.479999542236328,4800,21.14620590209961,0.0
ITEQ,2016-02-04,21.3799991607666,21.639999389648438,21.34600067138672,21.472999572753906,1400,21.139312744140625,0.0
ITEQ,2016-02-05,21.16699981689453,21.16699981689453,20.93000030517578,20.989999771118164,800,20.663820266723633,0.0
ITEQ,2016-02-08,20.799999237060547,20.799999237060547,20.200000762939453,20.34000015258789,4400,20.023921966552734,0.0
ITEQ,2016-02-09,20.149999618530273,20.433000564575195,20.06999969482422,20.15999984741211,3600,19.846717834472656,0.0
ITEQ,2016-02-10,20.399999618530273,20.399999618530273,20.149999618530273,20.149999618530273,1800,19.83687400817871,0.0
ITEQ,2016-02-11,19.90999984741211,20.09000015258789,19.790000915527344,20.09000015258789,4100,19.77780532836914,0.0
ITEQ,2016-02-12,20.17300033569336,20.385000228881836,20.062999725341797,20.343000411987305,3000,20.026874542236328,0.0
ITEQ,2016-02-16,20.6299991607666,20.940000534057617,20.6299991607666,20.920000076293945,6100,20.594907760620117,0.0
ITEQ,2016-02-17,21.149999618530273,21.360000610351562,21.149999618530273,21.280000686645508,1800,20.94931411743164,0.0
ITEQ,2016-02-18,21.360000610351562,21.3700008392334,21.309999465942383,21.329999923706055,1600,20.998537063598633,0.0
ITEQ,2016-02-19,21.34000015258789,21.538999557495117,21.299999237060547,21.538999557495117,1100,21.204286575317383,0.0
ITEQ,2016-02-22,21.790000915527344,21.950000762939453,21.790000915527344,21.913999557495117,600,21.573461532592773,0.0
ITEQ,2016-02-23,21.770000457763672,21.770000457763672,21.75,21.75,300,21.412010192871094,0.0
ITEQ,2016-02-24,21.3700008392334,21.850000381469727,21.290000915527344,21.81999969482422,2400,21.480920791625977,0.0
ITEQ,2016-02-25,21.822999954223633,22.086999893188477,21.80699920654297,22.062999725341797,1600,21.72014617919922,0.0
ITEQ,2016-02-26,22.219999313354492,22.229999542236328,22.149999618530273,22.160999298095703,1400,21.81662368774414,0.0
ITEQ,2016-02-29,22.283000946044922,22.43600082397461,22.219999313354492,22.280000686645508,1200,21.933774948120117,0.0
ITEQ,2016-03-01,22.503000259399414,22.59000015258789,22.466999053955078,22.59000015258789,1500,22.238956451416016,0.0
ITEQ,2016-03-02,22.709999084472656,22.8700008392334,22.639999389648438,22.833999633789062,3200,22.47916603088379,0.0
ITEQ,2016-03-03,22.8799991607666,22.940000534057617,22.816999435424805,22.940000534057617,1700,22.58351707458496,0.0
ITEQ,2016-03-04,22.899999618530273,23.176000595092773,22.86400032043457,23.176000595092773,1900,22.81584930419922,0.0
ITEQ,2016-03-07,23.09000015258789,23.283000946044922,23.09000015258789,23.280000686645508,1400,22.918231964111328,0.0
ITEQ,2016-03-08,23.089000701904297,23.089000701904297,22.979999542236328,23.05699920654297,800,22.698699951171875,0.0
ITEQ,2016-03-09,22.860000610351562,22.969999313354492,22.860000610351562,22.940000534057617,1400,22.58351707458496,0.0
ITEQ,2016-03-10,23.139999389648438,23.139999389648438,22.75,22.860000610351562,1800,22.5047607421875,0.0
ITEQ,2016-03-11,23.040000915527344,23.22599983215332,22.989999771118164,23.20800018310547,5200,22.847352981567383,0.0
ITEQ,2016-03-14,23.020000457763672,23.25,23.020000457763672,23.229999542236328,2500,22.869007110595703,0.0
ITEQ,2016-03-15,23.0,23.013999938964844,22.8700008392334,22.8700008392334,1500,22.514606475830078,0.0
ITEQ,2016-03-16,22.809999465942383,23.15999984741211,22.809999465942383,23.15999984741211,1900,22.80009651184082,0.0
ITEQ,2016-03-17,23.21500015258789,23.489999771118164,23.110000610351562,23.40999984741211,1700,23.046215057373047,0.0
ITEQ,2016-03-18,23.479999542236328,23.6299991607666,23.47100067138672,23.6299991607666,1700,23.262792587280273,0.0
ITEQ,2016-03-21,23.73699951171875,23.770000457763672,23.670000076293945,23.729999542236328,2300,23.361238479614258,0.0
ITEQ,2016-03-22,23.6299991607666,23.874000549316406,23.6299991607666,23.850000381469727,1000,23.4793758392334,0.0
ITEQ,2016-03-23,23.84000015258789,23.84000015258789,23.760000228881836,23.760000228881836,200,23.390777587890625,0.0
ITEQ,2016-03-24,23.350000381469727,23.422000885009766,23.350000381469727,23.422000885009766,1400,23.058027267456055,0.0
ITEQ,2016-03-28,23.469999313354492,23.530000686645508,23.389999389648438,23.43000030517578,1300,23.065900802612305,0.0
ITEQ,2016-03-29,23.420000076293945,23.770000457763672,23.399999618530273,23.709999084472656,1900,23.341550827026367,0.0
ITEQ,2016-03-30,23.729999542236328,23.850000381469727,23.700000762939453,23.850000381469727,2300,23.4793758392334,0.0
ITEQ,2016-03-31,24.040000915527344,24.040000915527344,24.040000915527344,24.040000915527344,200,23.666425704956055,0.0
ITEQ,2016-04-01,23.790000915527344,23.90999984741211,23.719999313354492,23.90999984741211,1100,23.538442611694336,0.0
ITEQ,2016-04-04,23.989999771118164,24.06999969482422,23.989999771118164,24.042999267578125,800,23.669376373291016,0.0
ITEQ,2016-04-05,23.760000228881836,23.770000457763672,23.65999984741211,23.65999984741211,1400,23.292327880859375,0.0
ITEQ,2016-04-06,23.700000762939453,23.92099952697754,23.700000762939453,23.92099952697754,1200,23.549274444580078,0.0
ITEQ,2016-04-07,23.927000045776367,23.957000732421875,23.700000762939453,23.719999313354492,1200,23.351396560668945,0.0
ITEQ,2016-04-08,24.079999923706055,24.079999923706055,23.780000686645508,23.780000686645508,1200,23.410465240478516,0.0
ITEQ,2016-04-11,24.0,24.040000915527344,23.93000030517578,23.93000030517578,800,23.558130264282227,0.0
ITEQ,2016-04-12,23.770000457763672,23.8700008392334,23.670000076293945,23.864999771118164,1500,23.494142532348633,0.0
ITEQ,2016-04-13,24.040000915527344,24.285999298095703,24.040000915527344,24.285999298095703,1800,23.908601760864258,0.0
ITEQ,2016-04-14,24.3700008392334,24.440000534057617,24.36400032043457,24.440000534057617,1300,24.060209274291992,0.0
ITEQ,2016-04-15,24.399999618530273,24.399999618530273,24.299999237060547,24.31999969482422,2300,23.942073822021484,0.0
ITEQ,2016-04-18,24.402999877929688,24.520000457763672,24.400999069213867,24.518999099731445,2600,24.137981414794922,0.0
ITEQ,2016-04-19,24.57900047302246,24.57900047302246,24.365999221801758,24.530000686645508,3000,24.14881134033203,0.0
ITEQ,2016-04-20,24.350000381469727,24.59000015258789,24.350000381469727,24.47599983215332,6600,24.095645904541016,0.0
ITEQ,2016-04-21,24.389999389648438,24.389999389648438,24.049999237060547,24.049999237060547,2000,23.676267623901367,0.0
ITEQ,2016-04-22,24.030000686645508,24.18000030517578,23.969999313354492,24.030000686645508,3200,23.656578063964844,0.0
ITEQ,2016-04-25,24.030000686645508,24.110000610351562,23.961999893188477,23.961999893188477,1600,23.58963394165039,0.0
ITEQ,2016-04-26,24.0,24.040000915527344,24.0,24.016000747680664,1600,23.64279556274414,0.0
ITEQ,2016-04-27,23.93000030517578,24.100000381469727,23.93000030517578,24.100000381469727,1600,23.725492477416992,0.0
ITEQ,2016-04-28,24.0,24.170000076293945,23.843000411987305,23.8700008392334,3000,23.499067306518555,0.0
ITEQ,2016-04-29,23.920000076293945,23.920000076293945,23.549999237060547,23.617000579833984,2000,23.25,0.0
ITEQ,2016-05-02,23.670000076293945,23.690000534057617,23.59000015258789,23.690000534057617,2400,23.321861267089844,0.0
ITEQ,2016-05-03,23.520000457763672,23.540000915527344,23.34000015258789,23.3700008392334,2900,23.0068359375,0.0
ITEQ,2016-05-04,23.209999084472656,23.232999801635742,23.108999252319336,23.15999984741211,1800,22.80009651184082,0.0
ITEQ,2016-05-05,23.1299991607666,23.139999389648438,23.04400062561035,23.04400062561035,2500,22.68589973449707,0.0
ITEQ,2016-05-06,22.8799991607666,22.899999618530273,22.65999984741211,22.799999237060547,4700,22.44569206237793,0.0
ITEQ,2016-05-09,22.979999542236328,23.1200008392334,22.979999542236328,23.05900001525879,4500,22.700666427612305,0.0
ITEQ,2016-05-10,23.177000045776367,23.25,23.09000015258789,23.25,1700,22.888700485229492,0.0
ITEQ,2016-05-11,23.270000457763672,23.290000915527344,23.09000015258789,23.09000015258789,2200,22.731185913085938,0.0
ITEQ,2016-05-12,23.149999618530273,23.149999618530273,22.81999969482422,22.979999542236328,4200,22.622896194458008,0.0
ITEQ,2016-05-13,23.02199935913086,23.02199935913086,22.8700008392334,22.8700008392334,1900,22.514606475830078,0.0
ITEQ,2016-05-16,22.8700008392334,23.1299991607666,22.8700008392334,23.110000610351562,3000,22.75087547302246,0.0
ITEQ,2016-05-17,23.020000457763672,23.038999557495117,22.81999969482422,22.860000610351562,5300,22.5047607421875,0.0
ITEQ,2016-05-18,22.88800048828125,23.077999114990234,22.8799991607666,22.93000030517578,4200,22.573673248291016,0.0
ITEQ,2016-05-19,22.8799991607666,22.8799991607666,22.719999313354492,22.833999633789062,2800,22.47916603088379,0.0
ITEQ,2016-05-20,22.850000381469727,23.020000457763672,22.850000381469727,23.01799964904785,2600,22.660303115844727,0.0
ITEQ,2016-05-23,23.216999053955078,23.216999053955078,23.18000030517578,23.190000534057617,700,22.829633712768555,0.0
ITEQ,2016-05-24,23.329999923706055,23.729000091552734,23.329999923706055,23.729000091552734,2000,23.360254287719727,0.0
ITEQ,2016-05-25,23.84000015258789,23.929000854492188,23.80299949645996,23.891000747680664,1800,23.519739151000977,0.0
ITEQ,2016-05-26,23.899999618530273,23.899999618530273,23.7810001373291,23.886999130249023,4000,23.51580238342285,0.0
ITEQ,2016-05-27,23.780000686645508,23.929000854492188,23.780000686645508,23.889999389648438,2700,23.518754959106445,0.0
ITEQ,2016-05-31,23.889999389648438,24.0,23.889999389648438,24.0,3700,23.627042770385742,0.0
ITEQ,2016-06-01,23.940000534057617,24.059999465942383,23.93000030517578,24.059999465942383,2900,23.686113357543945,0.0
ITEQ,2016-06-02,23.989999771118164,24.299999237060547,23.969999313354492,24.292999267578125,2400,23.915489196777344,0.0
ITEQ,2016-06-03,24.06999969482422,24.200000762939453,24.06999969482422,24.16200065612793,2400,23.786527633666992,0.0
ITEQ,2016-06-06,24.15999984741211,24.2189998626709,24.1200008392334,24.18000030517578,3100,23.80424690246582,0.0
ITEQ,2016-06-07,24.260000228881836,24.260000228881836,24.18000030517578,24.18000030517578,2500,23.80424690246582,0.0
ITEQ,2016-06-08,24.2189998626709,24.229999542236328,24.15999984741211,24.211000442504883,1700,23.834766387939453,0.0
ITEQ,2016-06-09,24.139999389648438,24.190000534057617,24.06800079345703,24.09000015258789,2700,23.715646743774414,0.0
ITEQ,2016-06-10,23.940000534057617,23.940000534057617,23.680999755859375,23.69099998474121,3700,23.322847366333008,0.0
ITEQ,2016-06-13,23.579999923706055,23.636999130249023,23.3799991607666,23.3799991607666,4700,23.016677856445312,0.0
ITEQ,2016-06-14,23.299999237060547,23.347999572753906,23.167999267578125,23.25,5300,22.888700485229492,0.0
ITEQ,2016-06-15,23.36199951171875,23.465999603271484,23.36199951171875,23.389999389648438,1700,23.02652359008789,0.0
ITEQ,2016-06-16,23.299999237060547,23.34000015258789,23.110000610351562,23.31999969482422,2700,22.957611083984375,0.0
ITEQ,2016-06-17,23.399999618530273,23.399999618530273,23.30699920654297,23.378000259399414,1400,23.014711380004883,0.0
ITEQ,2016-06-20,23.799999237060547,23.850000381469727,23.799999237060547,23.82699966430664,3800,23.45673370361328,0.0
ITEQ,2016-06-21,23.889999389648438,23.93000030517578,23.87700080871582,23.93000030517578,2000,23.558130264282227,0.0
ITEQ,2016-06-22,23.861000061035156,23.989999771118164,23.829999923706055,23.829999923706055,2400,23.459688186645508,0.0
ITEQ,2016-06-23,24.079999923706055,24.280000686645508,24.06999969482422,24.280000686645508,1500,23.90269660949707,0.0
ITEQ,2016-06-24,23.059999465942383,23.530000686645508,23.059999465942383,23.219999313354492,6000,22.859163284301758,0.0
ITEQ,2016-06-27,23.020000457763672,23.020000457763672,22.464000701904297,22.520000457763672,6600,22.1700439453125,0.0
ITEQ,2016-06-28,22.861000061035156,22.950000762939453,22.83799934387207,22.920000076293945,1200,22.563827514648438,0.0
ITEQ,2016-06-29,23.249000549316406,23.392000198364258,23.249000549316406,23.3700008392334,3700,23.0068359375,0.0
ITEQ,2016-06-30,23.600000381469727,23.889999389648438,23.600000381469727,23.889999389648438,3000,23.518754959106445,0.0
ITEQ,2016-07-01,23.93000030517578,24.059999465942383,23.93000030517578,24.020000457763672,3000,23.64673614501953,0.0
ITEQ,2016-07-05,23.788000106811523,23.836999893188477,23.729999542236328,23.836999893188477,2000,23.46657943725586,0.0
ITEQ,2016-07-06,23.649999618530273,23.940000534057617,23.6299991607666,23.940000534057617,1500,23.567977905273438,0.0
ITEQ,2016-07-07,24.020000457763672,24.100000381469727,23.89900016784668,23.989999771118164,2300,23.617198944091797,0.0
ITEQ,2016-07-08,24.18000030517578,24.45800018310547,24.18000030517578,24.44099998474121,5000,24.061193466186523,0.0
ITEQ,2016-07-11,24.610000610351562,24.940000534057617,24.610000610351562,24.85300064086914,17500,24.46678924560547,0.0
ITEQ,2016-07-12,24.950000762939453,24.950000762939453,24.84000015258789,24.944000244140625,2700,24.556377410888672,0.0
ITEQ,2016-07-13,24.940000534057617,25.0,24.8799991607666,24.889999389648438,2200,24.50321388244629,0.0
ITEQ,2016-07-14,24.979999542236328,25.020000457763672,24.959999084472656,24.976999282836914,2200,24.5888614654541,0.0
ITEQ,2016-07-15,25.06999969482422,25.06999969482422,24.93600082397461,24.941999435424805,3100,24.55440330505371,0.0
ITEQ,2016-07-18,25.059999465942383,25.149999618530273,25.0,25.06999969482422,12600,24.680419921875,0.0
ITEQ,2016-07-19,24.989999771118164,24.989999771118164,24.84000015258789,24.8799991607666,3200,24.49336814880371,0.0
ITEQ,2016-07-20,24.972999572753906,25.100000381469727,24.959999084472656,25.06999969482422,3000,24.680419921875,0.0
ITEQ,2016-07-21,24.969999313354492,24.969999313354492,24.79199981689453,24.816999435424805,3700,24.431350708007812,0.0
ITEQ,2016-07-22,24.858999252319336,25.0,24.799999237060547,25.0,3200,24.61150550842285,0.0
ITEQ,2016-07-25,25.110000610351562,25.18000030517578,25.100000381469727,25.150999069213867,3200,24.76015853881836,0.0
ITEQ,2016-07-26,25.010000228881836,25.086999893188477,24.75,25.0,11500,24.61150550842285,0.0
ITEQ,2016-07-27,25.16900062561035,25.239999771118164,25.09000015258789,25.209999084472656,3900,24.818239212036133,0.0
ITEQ,2016-07-28,25.260000228881836,25.329999923706055,25.209999084472656,25.32900047302246,3900,24.935392379760742,0.0
ITEQ,2016-07-29,25.25,25.256000518798828,25.110000610351562,25.256000518798828,5100,24.863527297973633,0.0
ITEQ,2016-08-01,25.290000915527344,25.290000915527344,25.15999984741211,25.170000076293945,4400,24.77886199951172,0.0
ITEQ,2016-08-02,25.110000610351562,25.110000610351562,24.893999099731445,24.989999771118164,3900,24.60165786743164,0.0
ITEQ,2016-08-03,24.950000762939453,25.149999618530273,24.950000762939453,25.149999618530273,5000,24.759174346923828,0.0
ITEQ,2016-08-04,25.239999771118164,25.239999771118164,25.170000076293945,25.219999313354492,3300,24.82808494567871,0.0
ITEQ,2016-08-05,25.270000457763672,25.309999465942383,25.209999084472656,25.280000686645508,4500,24.887155532836914,0.0
ITEQ,2016-08-08,25.40999984741211,25.450000762939453,25.350000381469727,25.3700008392334,5800,24.97575569152832,0.0
ITEQ,2016-08-09,25.34000015258789,25.3700008392334,25.329999923706055,25.329999923706055,3400,24.936376571655273,0.0
ITEQ,2016-08-10,25.329999923706055,25.329999923706055,25.1200008392334,25.149999618530273,24800,24.759174346923828,0.0
ITEQ,2016-08-11,24.229999542236328,25.389999389648438,24.229999542236328,25.356000900268555,6100,24.961971282958984,0.0
ITEQ,2016-08-12,25.329999923706055,25.3700008392334,25.292999267578125,25.3700008392334,3900,24.97575569152832,0.0
ITEQ,2016-08-15,25.34000015258789,25.489999771118164,25.329999923706055,25.489999771118164,5300,25.093889236450195,0.0
ITEQ,2016-08-16,25.469999313354492,25.469999313354492,25.3700008392334,25.3799991607666,1900,24.985599517822266,0.0
ITEQ,2016-08-17,25.280000686645508,25.280000686645508,25.06999969482422,25.209999084472656,5200,24.818239212036133,0.0
ITEQ,2016-08-18,25.260000228881836,25.459999084472656,25.25,25.459999084472656,6300,25.06435775756836,0.0
ITEQ,2016-08-19,25.440000534057617,25.549999237060547,25.440000534057617,25.549999237060547,5300,25.152956008911133,0.0
ITEQ,2016-08-22,25.54800033569336,25.6299991607666,25.5,25.540000915527344,3800,25.14311408996582,0.0
ITEQ,2016-08-23,25.75,25.969999313354492,25.75,25.90999984741211,9100,25.50736427307129,0.0
ITEQ,2016-08-24,25.920000076293945,25.937999725341797,25.690000534057617,25.690000534057617,10200,25.290782928466797,0.0
ITEQ,2016-08-25,25.639999389648438,25.739999771118164,25.62299919128418,25.638999938964844,9400,25.24057388305664,0.0
ITEQ,2016-08-26,25.709999084472656,25.809999465942383,25.59000015258789,25.649999618530273,8600,25.25140380859375,0.0
ITEQ,2016-08-29,25.610000610351562,25.690000534057617,25.579999923706055,25.639999389648438,5200,25.241558074951172,0.0
ITEQ,2016-08-30,25.670000076293945,25.68000030517578,25.610000610351562,25.677000045776367,5300,25.277984619140625,0.0
ITEQ,2016-08-31,25.690000534057617,25.729999542236328,25.579999923706055,25.700000762939453,8800,25.300626754760742,0.0
ITEQ,2016-09-01,25.68000030517578,25.829999923706055,25.68000030517578,25.753999710083008,4100,25.353788375854492,0.0
ITEQ,2016-09-02,25.8799991607666,26.030000686645508,25.8799991607666,26.006000518798828,9300,25.60187339782715,0.0
ITEQ,2016-09-06,26.069000244140625,26.1299991607666,26.020000457763672,26.079999923706055,2900,25.67472267150879,0.0
ITEQ,2016-09-07,26.059999465942383,26.200000762939453,26.059999465942383,26.1299991607666,5600,25.72394371032715,0.0
ITEQ,2016-09-08,26.1200008392334,26.190000534057617,26.104000091552734,26.149999618530273,5500,25.743635177612305,0.0
ITEQ,2016-09-09,26.010000228881836,26.010000228881836,25.690000534057617,25.739999771118164,9900,25.340003967285156,0.0
ITEQ,2016-09-12,25.579999923706055,25.68000030517578,25.290000915527344,25.68000030517578,11300,25.28093910217285,0.0
ITEQ,2016-09-13,25.440000534057617,25.45199966430664,25.226999282836914,25.270000457763672,8000,24.877307891845703,0.0
ITEQ,2016-09-14,25.209999084472656,25.26300048828125,25.05299949645996,25.07200050354004,8400,24.682388305664062,0.0
ITEQ,2016-09-15,25.149999618530273,25.270000457763672,25.149999618530273,25.25,4800,24.85761833190918,0.0
ITEQ,2016-09-16,25.190000534057617,25.229999542236328,25.059999465942383,25.070999145507812,7800,24.681400299072266,0.0
ITEQ,2016-09-19,25.229999542236328,25.43000030517578,25.200000762939453,25.229000091552734,16700,24.836946487426758,0.0
ITEQ,2016-09-20,25.329999923706055,25.40999984741211,25.219999313354492,25.229999542236328,8000,24.83793067932129,0.0
ITEQ,2016-09-21,25.25,25.479999542236328,25.25,25.479999542236328,9100,25.08404541015625,0.0
ITEQ,2016-09-22,25.549999237060547,25.691999435424805,25.549999237060547,25.670000076293945,6000,25.271093368530273,0.0
ITEQ,2016-09-23,25.709999084472656,25.809999465942383,25.690000534057617,25.700000762939453,5800,25.300626754760742,0.0
ITEQ,2016-09-26,25.6200008392334,25.6299991607666,25.520000457763672,25.520000457763672,5400,25.123424530029297,0.0
ITEQ,2016-09-27,25.6299991607666,25.729999542236328,25.6299991607666,25.639999389648438,5300,25.241558074951172,0.0
ITEQ,2016-09-28,25.68000030517578,25.780000686645508,25.68000030517578,25.780000686645508,3700,25.37938690185547,0.0
ITEQ,2016-09-29,25.700000762939453,25.700000762939453,25.389999389648438,25.400999069213867,15400,25.006271362304688,0.0
ITEQ,2016-09-30,25.489999771118164,25.670000076293945,25.450000762939453,25.649999618530273,5500,25.25140380859375,0.0
ITEQ,2016-10-03,25.6299991607666,25.6299991607666,25.489999771118164,25.538999557495117,4400,25.142127990722656,0.0
ITEQ,2016-10-04,25.579999923706055,25.6200008392334,25.430999755859375,25.469999313354492,8000,25.074201583862305,0.0
ITEQ,2016-10-05,25.6299991607666,25.770000457763672,25.610000610351562,25.75,3200,25.349849700927734,0.0
ITEQ,2016-10-06,25.64299964904785,25.64299964904785,25.469999313354492,25.540000915527344,4400,25.14311408996582,0.0
ITEQ,2016-10-07,25.520000457763672,25.538999557495117,25.309999465942383,25.389999389648438,6300,24.99544334411621,0.0
ITEQ,2016-10-10,25.520000457763672,25.549999237060547,25.450000762939453,25.450000762939453,8400,25.054513931274414,0.0
ITEQ,2016-10-11,25.350000381469727,25.350000381469727,24.920000076293945,24.979999542236328,11500,24.591814041137695,0.0
ITEQ,2016-10-12,24.920000076293945,24.93000030517578,24.799999237060547,24.8799991607666,2500,24.49336814880371,0.0
ITEQ,2016-10-13,24.84000015258789,24.84000015258789,24.540000915527344,24.694000244140625,1900,24.310260772705078,0.0
ITEQ,2016-10-14,24.760000228881836,24.790000915527344,24.559999465942383,24.559999465942383,7800,24.178340911865234,0.0
ITEQ,2016-10-17,24.520000457763672,24.520000457763672,24.479999542236328,24.479999542236328,600,24.099586486816406,0.0
ITEQ,2016-10-18,24.739999771118164,24.790000915527344,24.709999084472656,24.719999313354492,7100,24.335853576660156,0.0
ITEQ,2016-10-19,24.649999618530273,24.649999618530273,24.489999771118164,24.56999969482422,2800,24.188186645507812,0.0
ITEQ,2016-10-20,24.549999237060547,24.648000717163086,24.458999633789062,24.6200008392334,1900,24.237411499023438,0.0
ITEQ,2016-10-21,24.579999923706055,24.6200008392334,24.579999923706055,24.5939998626709,1900,24.21181297302246,0.0
ITEQ,2016-10-24,24.670000076293945,24.719999313354492,24.670000076293945,24.719999313354492,2200,24.335853576660156,0.0
ITEQ,2016-10-25,24.709999084472656,24.709999084472656,24.6200008392334,24.667999267578125,2700,24.284664154052734,0.0
ITEQ,2016-10-26,24.663000106811523,24.700000762939453,24.559999465942383,24.559999465942383,3000,24.178340911865234,0.0
ITEQ,2016-10-27,24.559999465942383,24.559999465942383,24.33799934387207,24.34000015258789,2500,23.961761474609375,0.0
ITEQ,2016-10-28,24.333999633789062,24.489999771118164,24.31999969482422,24.31999969482422,1400,23.942073822021484,0.0
ITEQ,2016-10-31,24.540000915527344,24.540000915527344,24.323999404907227,24.440000534057617,4000,24.060209274291992,0.0
ITEQ,2016-11-01,24.423999786376953,24.450000762939453,24.219999313354492,24.339000701904297,4400,23.96077537536621,0.0
ITEQ,2016-11-02,24.216999053955078,24.31999969482422,24.100000381469727,24.149999618530273,3000,23.77471351623535,0.0
ITEQ,2016-11-03,24.100000381469727,24.15999984741211,24.030000686645508,24.030000686645508,1200,23.656578063964844,0.0
ITEQ,2016-11-04,24.03700065612793,24.1200008392334,24.006999969482422,24.006999969482422,2700,23.633935928344727,0.0
ITEQ,2016-11-07,24.229999542236328,24.489999771118164,24.229999542236328,24.468000411987305,6100,24.0877742767334,0.0
ITEQ,2016-11-08,24.450000762939453,24.479999542236328,24.360000610351562,24.440000534057617,5000,24.060209274291992,0.0
ITEQ,2016-11-09,24.290000915527344,24.600000381469727,24.049999237060547,24.600000381469727,4900,24.217721939086914,0.0
ITEQ,2016-11-10,24.770000457763672,24.84000015258789,24.559999465942383,24.719999313354492,4500,24.335853576660156,0.0
ITEQ,2016-11-11,24.690000534057617,24.959999084472656,24.690000534057617,24.926000595092773,5700,24.538654327392578,0.0
ITEQ,2016-11-14,24.979999542236328,25.190000534057617,24.979999542236328,25.01300048828125,7700,24.62430191040039,0.0
ITEQ,2016-11-15,25.030000686645508,25.149999618530273,24.97800064086914,25.049999237060547,4300,24.660730361938477,0.0
ITEQ,2016-11-16,24.8799991607666,24.959999084472656,24.860000610351562,24.940000534057617,2900,24.55243492126465,0.0
ITEQ,2016-11-17,25.0,25.239999771118164,25.0,25.170000076293945,3400,24.77886199951172,0.0
ITEQ,2016-11-18,25.209999084472656,25.209999084472656,25.121999740600586,25.121999740600586,500,24.731609344482422,0.0
ITEQ,2016-11-21,25.420000076293945,25.420000076293945,25.15999984741211,25.31599998474121,2100,24.922595977783203,0.0
ITEQ,2016-11-22,25.290000915527344,25.3700008392334,25.270000457763672,25.3700008392334,3200,24.97575569152832,0.0
ITEQ,2016-11-23,25.270000457763672,25.350000381469727,25.246000289916992,25.350000381469727,3000,24.95606803894043,0.0
ITEQ,2016-11-25,25.415000915527344,25.469999313354492,25.381999969482422,25.461000442504883,1500,25.06534194946289,0.0
ITEQ,2016-11-28,25.445999145507812,25.445999145507812,25.3700008392334,25.3700008392334,2600,24.97575569152832,0.0
ITEQ,2016-11-29,25.350000381469727,25.350000381469727,25.143999099731445,25.170000076293945,4000,24.77886199951172,0.0
ITEQ,2016-11-30,25.15999984741211,25.15999984741211,25.030000686645508,25.049999237060547,5400,24.660730361938477,0.0
ITEQ,2016-12-01,25.010000228881836,25.010000228881836,24.489999771118164,24.510000228881836,3400,24.129119873046875,0.0
ITEQ,2016-12-02,24.54599952697754,24.559999465942383,24.3799991607666,24.558000564575195,4700,24.176374435424805,0.0
ITEQ,2016-12-05,24.5,24.964000701904297,24.5,24.940000534057617,4100,24.55243492126465,0.0
ITEQ,2016-12-06,25.079999923706055,25.107999801635742,24.950000762939453,25.0939998626709,2200,24.704042434692383,0.0
ITEQ,2016-12-07,25.104999542236328,25.190000534057617,25.030000686645508,25.18000030517578,4800,24.788707733154297,0.0
ITEQ,2016-12-08,25.139999389648438,25.139999389648438,24.847000122070312,24.959999084472656,8900,24.572126388549805,0.0
ITEQ,2016-12-09,24.829999923706055,25.110000610351562,24.829999923706055,25.030000686645508,4700,24.641040802001953,0.0
ITEQ,2016-12-12,25.049999237060547,25.13800048828125,25.049999237060547,25.08799934387207,4800,24.698137283325195,0.0
ITEQ,2016-12-13,25.1200008392334,25.290000915527344,25.1200008392334,25.229999542236328,3400,24.83793067932129,0.0
ITEQ,2016-12-14,25.190000534057617,25.190000534057617,24.951000213623047,24.969999313354492,7600,24.581972122192383,0.0
ITEQ,2016-12-15,24.917999267578125,25.062000274658203,24.917999267578125,24.959999084472656,3600,24.572126388549805,0.0
ITEQ,2016-12-16,24.959999084472656,25.010000228881836,24.920000076293945,24.950000762939453,1900,24.56228256225586,0.0
ITEQ,2016-12-19,25.038000106811523,25.06999969482422,25.0,25.010000228881836,4400,24.621349334716797,0.0
ITEQ,2016-12-20,25.05900001525879,25.1299991607666,25.05900001525879,25.1200008392334,2500,24.72964096069336,0.0
ITEQ,2016-12-21,25.040000915527344,25.110000610351562,24.97800064086914,25.01300048828125,2700,24.62430191040039,0.0
ITEQ,2016-12-22,24.940000534057617,24.979999542236328,24.801000595092773,24.84000015258789,2700,24.453990936279297,0.0
ITEQ,2016-12-23,24.860000610351562,24.959999084472656,24.860000610351562,24.959999084472656,1200,24.572126388549805,0.0
ITEQ,2016-12-27,25.020000457763672,25.14900016784668,25.020000457763672,25.079999923706055,7100,24.690263748168945,0.0
ITEQ,2016-12-28,25.149999618530273,25.149999618530273,24.780000686645508,24.780000686645508,1500,24.39492416381836,0.0
ITEQ,2016-12-29,24.920000076293945,24.979999542236328,24.8700008392334,24.979999542236328,2400,24.591814041137695,0.0
ITEQ,2016-12-30,25.040000915527344,25.040000915527344,24.90999984741211,24.93000030517578,2600,24.542593002319336,0.0
ITEQ,2017-01-03,24.93000030517578,25.020000457763672,24.8799991607666,25.000999450683594,5100,24.612489700317383,0.0
ITEQ,2017-01-04,25.049999237060547,25.288999557495117,25.049999237060547,25.259000778198242,11300,24.866479873657227,0.0
ITEQ,2017-01-05,25.290000915527344,25.389999389648438,25.25,25.354999542236328,4900,24.960988998413086,0.0
ITEQ,2017-01-06,25.27899932861328,25.450000762939453,25.260000228881836,25.360000610351562,4800,24.965911865234375,0.0
ITEQ,2017-01-09,25.41200065612793,25.43000030517578,25.329999923706055,25.329999923706055,4300,24.936376571655273,0.0
ITEQ,2017-01-10,25.360000610351562,25.510000228881836,25.329999923706055,25.360000610351562,10600,24.965911865234375,0.0
ITEQ,2017-01-11,25.479999542236328,25.549999237060547,25.450000762939453,25.549999237060547,3400,25.152956008911133,0.0
ITEQ,2017-01-12,25.65999984741211,25.65999984741211,25.44499969482422,25.52899932861328,2500,25.132282257080078,0.0
ITEQ,2017-01-13,25.6200008392334,25.899999618530273,25.6200008392334,25.888999938964844,5400,25.486690521240234,0.0
ITEQ,2017-01-17,25.790000915527344,25.790000915527344,25.68400001525879,25.68400001525879,4200,25.28487777709961,0.0
ITEQ,2017-01-18,25.649999618530273,25.672000885009766,25.59000015258789,25.610000610351562,3700,25.212026596069336,0.0
ITEQ,2017-01-19,25.760000228881836,25.899999618530273,25.760000228881836,25.812999725341797,5300,25.4118709564209,0.0
ITEQ,2017-01-20,25.926000595092773,25.959999084472656,25.90999984741211,25.950000762939453,6500,25.546741485595703,0.0
ITEQ,2017-01-23,25.889999389648438,25.920000076293945,25.790000915527344,25.8799991607666,8200,25.477832794189453,0.0
ITEQ,2017-01-24,25.899999618530273,26.04199981689453,25.899999618530273,26.010000228881836,6100,25.60580825805664,0.0
ITEQ,2017-01-25,26.100000381469727,26.18000030517578,26.09000015258789,26.18000030517578,8900,25.773168563842773,0.0
ITEQ,2017-01-26,26.200000762939453,26.239999771118164,26.121000289916992,26.18000030517578,9000,25.773168563842773,0.0
ITEQ,2017-01-27,26.219999313354492,26.239999771118164,26.173999786376953,26.229999542236328,4800,25.822391510009766,0.0
ITEQ,2017-01-30,26.079999923706055,26.079999923706055,25.89699935913086,26.05299949645996,6000,25.648141860961914,0.0
ITEQ,2017-01-31,26.0,26.209999084472656,26.0,26.19700050354004,7100,25.789905548095703,0.0
ITEQ,2017-02-01,26.239999771118164,26.31999969482422,26.159000396728516,26.25,7100,25.842079162597656,0.0
ITEQ,2017-02-02,26.1200008392334,26.209999084472656,26.059999465942383,26.139999389648438,17000,25.733789443969727,0.0
ITEQ,2017-02-03,26.290000915527344,26.299999237060547,26.18000030517578,26.299999237060547,4900,25.89130401611328,0.0
ITEQ,2017-02-06,26.31999969482422,26.34000015258789,26.266000747680664,26.301000595092773,8100,25.892290115356445,0.0
ITEQ,2017-02-07,26.399999618530273,26.399999618530273,26.312000274658203,26.360000610351562,6600,25.95037078857422,0.0
ITEQ,2017-02-08,26.43000030517578,26.43000030517578,26.089000701904297,26.156999588012695,10800,25.750526428222656,0.0
ITEQ,2017-02-09,26.22599983215332,26.36199951171875,26.209999084472656,26.34000015258789,9100,25.930683135986328,0.0
ITEQ,2017-02-10,26.3799991607666,26.420000076293945,26.31999969482422,26.420000076293945,8200,26.00943946838379,0.0
ITEQ,2017-02-13,26.520000457763672,26.891000747680664,26.520000457763672,26.790000915527344,16500,26.373687744140625,0.0
ITEQ,2017-02-14,26.850000381469727,26.8799991607666,26.719999313354492,26.868000030517578,8300,26.450477600097656,0.0
ITEQ,2017-02-15,26.770000457763672,26.979999542236328,26.770000457763672,26.940000534057617,8700,26.521358489990234,0.0
ITEQ,2017-02-16,27.010000228881836,27.110000610351562,26.979999542236328,27.030000686645508,16000,26.60995864868164,0.0
ITEQ,2017-02-17,26.959999084472656,27.149999618530273,26.940000534057617,27.149999618530273,10600,26.72809410095215,0.0
ITEQ,2017-02-21,27.209999084472656,27.378000259399414,27.170000076293945,27.309999465942383,17500,26.88560676574707,0.0
ITEQ,2017-02-22,27.420000076293945,27.420000076293945,27.25,27.31999969482422,16800,26.89545249938965,0.0
ITEQ,2017-02-23,27.3700008392334,27.3700008392334,27.111000061035156,27.200000762939453,11000,26.77731704711914,0.0
ITEQ,2017-02-24,27.06999969482422,27.149999618530273,26.920000076293945,27.149999618530273,18600,26.72809410095215,0.0
ITEQ,2017-02-27,27.110000610351562,27.149999618530273,27.030000686645508,27.1299991607666,13700,26.708406448364258,0.0
ITEQ,2017-02-28,27.190000534057617,27.190000534057617,26.860000610351562,26.860000610351562,17500,26.442604064941406,0.0
ITEQ,2017-03-01,27.010000228881836,27.18000030517578,26.94300079345703,27.13800048828125,11400,26.71628189086914,0.0
ITEQ,2017-03-02,27.059999465942383,27.059999465942383,26.959999084472656,26.959999084472656,6000,26.541044235229492,0.0
ITEQ,2017-03-03,26.950000762939453,26.950000762939453,26.799999237060547,26.950000762939453,11400,26.53120231628418,0.0
ITEQ,2017-03-06,26.940000534057617,26.940000534057617,26.75,26.799999237060547,6600,26.383533477783203,0.0
ITEQ,2017-03-07,26.75,26.850000381469727,26.739999771118164,26.799999237060547,4200,26.383533477783203,0.0
ITEQ,2017-03-08,26.84000015258789,27.049999237060547,26.81999969482422,26.93000030517578,10000,26.511512756347656,0.0
ITEQ,2017-03-09,26.989999771118164,26.989999771118164,26.81999969482422,26.8700008392334,5900,26.45244789123535,0.0
ITEQ,2017-03-10,27.003000259399414,27.149999618530273,27.003000259399414,27.1299991607666,5900,26.708406448364258,0.0
ITEQ,2017-03-13,28.1200008392334,28.15999984741211,27.950000762939453,28.149999618530273,8900,27.712553024291992,0.0
ITEQ,2017-03-14,28.1299991607666,28.18000030517578,28.0,28.059999465942383,7200,27.623950958251953,0.0
ITEQ,2017-03-15,28.059999465942383,28.349000930786133,28.059999465942383,28.31999969482422,16100,27.87991714477539,0.0
ITEQ,2017-03-16,28.31999969482422,28.424999237060547,28.31999969482422,28.40999984741211,11000,27.9685115814209,0.0
ITEQ,2017-03-17,28.420000076293945,28.420000076293945,28.3799991607666,28.3799991607666,3400,27.938982009887695,0.0
ITEQ,2017-03-20,28.399999618530273,28.399999618530273,28.31999969482422,28.371000289916992,5600,27.93012237548828,0.0
ITEQ,2017-03-21,28.440000534057617,28.5,28.100000381469727,28.100000381469727,9200,27.663331985473633,0.0
ITEQ,2017-03-22,28.010000228881836,28.100000381469727,28.0,28.100000381469727,8100,27.663331985473633,0.0
ITEQ,2017-03-23,28.079999923706055,28.273000717163086,28.079999923706055,28.180999755859375,3900,27.743072509765625,0.0
ITEQ,2017-03-24,28.260000228881836,28.389999389648438,28.260000228881836,28.260000228881836,18500,27.820846557617188,0.0
ITEQ,2017-03-27,28.038999557495117,28.270000457763672,28.020000457763672,28.25,14500,27.810998916625977,0.0
ITEQ,2017-03-28,28.34000015258789,28.34000015258789,28.25,28.290000915527344,3900,27.850378036499023,0.0
ITEQ,2017-03-29,28.360000610351562,28.459999084472656,28.360000610351562,28.44300079345703,7500,28.00100326538086,0.0
ITEQ,2017-03-30,28.440000534057617,28.459999084472656,28.3799991607666,28.450000762939453,5300,28.007892608642578,0.0
ITEQ,2017-03-31,28.450000762939453,28.540000915527344,28.3700008392334,28.510000228881836,7200,28.066959381103516,0.0
ITEQ,2017-04-03,28.540000915527344,28.6200008392334,28.422000885009766,28.517000198364258,9200,28.0738525390625,0.0
ITEQ,2017-04-04,28.530000686645508,28.600000381469727,28.5,28.5,5500,28.05711555480957,0.0
ITEQ,2017-04-05,28.479999542236328,28.6299991607666,28.42099952697754,28.45400047302246,22000,28.0118350982666,0.0
ITEQ,2017-04-06,28.520000457763672,28.520000457763672,28.43000030517578,28.5,8900,28.05711555480957,0.0
ITEQ,2017-04-07,28.5,28.540000915527344,28.450000762939453,28.540000915527344,9900,28.096494674682617,0.0
ITEQ,2017-04-10,28.600000381469727,28.6200008392334,28.549999237060547,28.579999923706055,18700,28.135873794555664,0.0
ITEQ,2017-04-11,28.530000686645508,28.569000244140625,28.43000030517578,28.56100082397461,8400,28.117168426513672,0.0
ITEQ,2017-04-12,28.459999084472656,28.549999237060547,28.459999084472656,28.489999771118164,11800,28.047269821166992,0.0
ITEQ,2017-04-13,28.420000076293945,28.420000076293945,28.280000686645508,28.280000686645508,17400,27.84053611755371,0.0
ITEQ,2017-04-17,28.459999084472656,28.459999084472656,28.299999237060547,28.31999969482422,7900,27.87991714477539,0.0
ITEQ,2017-04-18,28.3700008392334,28.3700008392334,28.219999313354492,28.277000427246094,5100,27.837581634521484,0.0
ITEQ,2017-04-19,28.399999618530273,28.399999618530273,28.334999084472656,28.360000610351562,7400,27.919292449951172,0.0
ITEQ,2017-04-20,28.479999542236328,28.5,28.389999389648438,28.469999313354492,8500,28.0275821685791,0.0
ITEQ,2017-04-21,28.600000381469727,28.600000381469727,28.459999084472656,28.510000228881836,11600,28.066959381103516,0.0
ITEQ,2017-04-24,28.979999542236328,28.979999542236328,28.700000762939453,28.790000915527344,15700,28.342609405517578,0.0
ITEQ,2017-04-25,28.889999389648438,29.100000381469727,28.889999389648438,29.079999923706055,20700,28.62810516357422,0.0
ITEQ,2017-04-26,29.110000610351562,29.209999084472656,29.110000610351562,29.15999984741211,13500,28.706859588623047,0.0
ITEQ,2017-04-27,29.190000534057617,29.190000534057617,28.979999542236328,29.15999984741211,9700,28.706859588623047,0.0
ITEQ,2017-04-28,29.1299991607666,29.149999618530273,29.035999298095703,29.1299991607666,20200,28.677326202392578,0.0
ITEQ,2017-05-01,29.190000534057617,29.190000534057617,28.989999771118164,29.084999084472656,17600,28.633026123046875,0.0
ITEQ,2017-05-02,29.190000534057617,29.190000534057617,28.961000442504883,29.009000778198242,12000,28.55820655822754,0.0
ITEQ,2017-05-03,29.010000228881836,29.010000228881836,28.899999618530273,28.950000762939453,7500,28.500123977661133,0.0
ITEQ,2017-05-04,29.0,29.149999618530273,29.0,29.149999618530273,8700,28.697017669677734,0.0
ITEQ,2017-05-05,29.15999984741211,29.290000915527344,29.15999984741211,29.270000457763672,9900,28.815149307250977,0.0
ITEQ,2017-05-08,29.290000915527344,29.440000534057617,29.290000915527344,29.43000030517578,10400,28.97266387939453,0.0
ITEQ,2017-05-09,29.489999771118164,29.68000030517578,29.489999771118164,29.6200008392334,15700,29.159711837768555,0.0
ITEQ,2017-05-10,29.690000534057617,29.8799991607666,29.690000534057617,29.8799991607666,16800,29.41567039489746,0.0
ITEQ,2017-05-11,29.8799991607666,29.969999313354492,29.829999923706055,29.93000030517578,16400,29.464895248413086,0.0
ITEQ,2017-05-12,29.959999084472656,29.969999313354492,29.829999923706055,29.961999893188477,11900,29.496397018432617,0.0
ITEQ,2017-05-15,30.149999618530273,30.280000686645508,30.020000457763672,30.215999603271484,11300,29.74644660949707,0.0
ITEQ,2017-05-16,30.280000686645508,30.280000686645508,30.079999923706055,30.145000457763672,11000,29.67655372619629,0.0
ITEQ,2017-05-17,29.809999465942383,29.8700008392334,29.610000610351562,29.6200008392334,19500,29.159711837768555,0.0
ITEQ,2017-05-18,29.59000015258789,29.649999618530273,29.489999771118164,29.600000381469727,10800,29.14002227783203,0.0
ITEQ,2017-05-19,29.639999389648438,29.899999618530273,29.639999389648438,29.770000457763672,37100,29.3073787689209,0.0
ITEQ,2017-05-22,29.850000381469727,29.90999984741211,29.79599952697754,29.905000686645508,15800,29.440282821655273,0.0
ITEQ,2017-05-23,29.93000030517578,30.020000457763672,29.84000015258789,29.940000534057617,27600,29.474740982055664,0.0
ITEQ,2017-05-24,30.0,30.0,29.84600067138672,29.940000534057617,12100,29.474740982055664,0.0
ITEQ,2017-05-25,30.0,30.15999984741211,29.989999771118164,30.149999618530273,16000,29.681472778320312,0.0
ITEQ,2017-05-26,30.15999984741211,30.190000534057617,30.079999923706055,30.17099952697754,18800,29.702146530151367,0.0
ITEQ,2017-05-30,30.200000762939453,30.200000762939453,30.040000915527344,30.049999237060547,15600,29.583026885986328,0.0
ITEQ,2017-05-31,30.18000030517578,30.18000030517578,29.90999984741211,30.049999237060547,7800,29.583026885986328,0.0
ITEQ,2017-06-01,30.15999984741211,30.15999984741211,30.030000686645508,30.1299991607666,9100,29.661785125732422,0.0
ITEQ,2017-06-02,30.15999984741211,30.34000015258789,30.15999984741211,30.319000244140625,19000,29.847850799560547,0.0
ITEQ,2017-06-05,30.56999969482422,30.56999969482422,30.3799991607666,30.395999908447266,13300,29.92365264892578,0.0
ITEQ,2017-06-06,30.399999618530273,30.399999618530273,30.2549991607666,30.302000045776367,10400,29.831111907958984,0.0
ITEQ,2017-06-07,30.399999618530273,30.440000534057617,30.350000381469727,30.440000534057617,10300,29.966970443725586,0.0
ITEQ,2017-06-08,30.389999389648438,30.440000534057617,30.239999771118164,30.433000564575195,16100,29.960079193115234,0.0
ITEQ,2017-06-09,30.5,30.5,29.8799991607666,29.90399932861328,23700,29.43929672241211,0.0
ITEQ,2017-06-12,29.850000381469727,29.850000381469727,29.290000915527344,29.50200080871582,41300,29.04354476928711,0.0
ITEQ,2017-06-13,29.56999969482422,29.940000534057617,29.56999969482422,29.93000030517578,25700,29.464895248413086,0.0
ITEQ,2017-06-14,29.969999313354492,30.110000610351562,29.790000915527344,29.8700008392334,14400,29.40582847595215,0.0
ITEQ,2017-06-15,29.780000686645508,29.780000686645508,29.549999237060547,29.600000381469727,9200,29.14002227783203,0.0
ITEQ,2017-06-16,29.610000610351562,29.670000076293945,29.579999923706055,29.6299991607666,5000,29.1695556640625,0.0
ITEQ,2017-06-19,29.729999542236328,29.950000762939453,29.729999542236328,29.93000030517578,8200,29.464895248413086,0.0
ITEQ,2017-06-20,29.969999313354492,30.0,29.790000915527344,29.799999237060547,30600,29.336912155151367,0.0
ITEQ,2017-06-21,29.959999084472656,29.989999771118164,29.920000076293945,29.969999313354492,8300,29.5042724609375,0.0
ITEQ,2017-06-22,29.969999313354492,30.017000198364258,29.899999618530273,29.989999771118164,10800,29.523963928222656,0.0
ITEQ,2017-06-23,29.99799919128418,30.18600082397461,29.989999771118164,30.16900062561035,9100,29.700180053710938,0.0
ITEQ,2017-06-26,30.200000762939453,30.239999771118164,30.020000457763672,30.02199935913086,16300,29.555463790893555,0.0
ITEQ,2017-06-27,30.110000610351562,30.110000610351562,29.77199935913086,29.77199935913086,14000,29.309349060058594,0.0
ITEQ,2017-06-28,29.799999237060547,29.926000595092773,29.649999618530273,29.90999984741211,8100,29.445205688476562,0.0
ITEQ,2017-06-29,29.93000030517578,29.950000762939453,29.399999618530273,29.549999237060547,12200,29.090797424316406,0.0
ITEQ,2017-06-30,29.459999084472656,29.6299991607666,29.459999084472656,29.600000381469727,10300,29.14002227783203,0.0
ITEQ,2017-07-03,29.649999618530273,29.649999618530273,29.450000762939453,29.450000762939453,2400,28.992355346679688,0.0
ITEQ,2017-07-05,29.440000534057617,29.684999465942383,29.440000534057617,29.6299991607666,15000,29.1695556640625,0.0
ITEQ,2017-07-06,29.450000762939453,29.475000381469727,29.3439998626709,29.36400032043457,6900,28.907690048217773,0.0
ITEQ,2017-07-07,29.43000030517578,29.625,29.43000030517578,29.56999969482422,6300,29.110488891601562,0.0
ITEQ,2017-07-10,29.549999237060547,29.770000457763672,29.549999237060547,29.757999420166016,8900,29.29556655883789,0.0
ITEQ,2017-07-11,29.70199966430664,29.920000076293945,29.70199966430664,29.90999984741211,8800,29.445205688476562,0.0
ITEQ,2017-07-12,30.110000610351562,30.309999465942383,30.110000610351562,30.309999465942383,6500,29.838987350463867,0.0
ITEQ,2017-07-13,30.31999969482422,30.381999969482422,30.309999465942383,30.360000610351562,5200,29.888214111328125,0.0
ITEQ,2017-07-14,30.170000076293945,30.27199935913086,30.145999908447266,30.229999542236328,13200,29.760231018066406,0.0
ITEQ,2017-07-17,30.219999313354492,30.219999313354492,30.114999771118164,30.1200008392334,6600,29.651941299438477,0.0
ITEQ,2017-07-18,30.149999618530273,30.18000030517578,30.079999923706055,30.18000030517578,6600,29.711009979248047,0.0
ITEQ,2017-07-19,30.209999084472656,30.450000762939453,30.209999084472656,30.450000762939453,14800,29.9768123626709,0.0
ITEQ,2017-07-20,30.309999465942383,30.309999465942383,30.040000915527344,30.09000015258789,5600,29.622406005859375,0.0
ITEQ,2017-07-21,29.989999771118164,30.100000381469727,29.969999313354492,30.054000854492188,7800,29.586965560913086,0.0
ITEQ,2017-07-24,29.979999542236328,30.143999099731445,29.979999542236328,30.143999099731445,5300,29.675567626953125,0.0
ITEQ,2017-07-25,30.200000762939453,30.260000228881836,30.198999404907227,30.229999542236328,5100,29.760231018066406,0.0
ITEQ,2017-07-26,30.280000686645508,30.399999618530273,30.280000686645508,30.389999389648438,7300,29.917747497558594,0.0
ITEQ,2017-07-27,30.3700008392334,30.440000534057617,30.047000885009766,30.219999313354492,10900,29.750385284423828,0.0
ITEQ,2017-07-28,30.020000457763672,30.06999969482422,29.90999984741211,30.049999237060547,8600,29.583026885986328,0.0
ITEQ,2017-07-31,29.90999984741211,29.90999984741211,29.780000686645508,29.8799991607666,11000,29.41567039489746,0.0
ITEQ,2017-08-01,29.950000762939453,29.950000762939453,29.8700008392334,29.94499969482422,3800,29.47966194152832,0.0
ITEQ,2017-08-02,29.950000762939453,30.0,29.5,29.68600082397461,23500,29.224685668945312,0.0
ITEQ,2017-08-03,29.81999969482422,29.81999969482422,29.540000915527344,29.579999923706055,8700,29.120332717895508,0.0
ITEQ,2017-08-04,29.600000381469727,29.600000381469727,29.445999145507812,29.450000762939453,4300,28.992355346679688,0.0
ITEQ,2017-08-07,29.440000534057617,29.469999313354492,29.41900062561035,29.45199966430664,4300,28.994321823120117,0.0
ITEQ,2017-08-08,29.44499969482422,29.542999267578125,29.290000915527344,29.389999389648438,10300,28.93328285217285,0.0
ITEQ,2017-08-09,29.40999984741211,29.450000762939453,29.25,29.389999389648438,8800,28.93328285217285,0.0
ITEQ,2017-08-10,29.25,29.25,28.829999923706055,28.850000381469727,13700,28.40167808532715,0.0
ITEQ,2017-08-11,28.8700008392334,28.92300033569336,28.799999237060547,28.829999923706055,4800,28.381988525390625,0.0
ITEQ,2017-08-14,29.15999984741211,29.399999618530273,29.15999984741211,29.398000717163086,5300,28.941162109375,0.0
ITEQ,2017-08-15,29.450000762939453,29.450000762939453,29.190000534057617,29.20199966430664,5400,28.748205184936523,0.0
ITEQ,2017-08-16,29.219999313354492,29.327999114990234,29.219999313354492,29.299999237060547,4000,28.844684600830078,0.0
ITEQ,2017-08-17,29.329999923706055,29.329999923706055,29.02400016784668,29.02400016784668,4200,28.572975158691406,0.0
ITEQ,2017-08-18,28.940000534057617,29.113000869750977,28.940000534057617,29.08300018310547,2500,28.631057739257812,0.0
ITEQ,2017-08-21,29.058000564575195,29.06999969482422,28.950000762939453,29.04800033569336,5700,28.596601486206055,0.0
ITEQ,2017-08-22,29.263999938964844,29.31999969482422,29.23699951171875,29.31999969482422,4300,28.864370346069336,0.0
ITEQ,2017-08-23,29.280000686645508,29.280000686645508,29.209999084472656,29.250999450683594,1500,28.796445846557617,0.0
ITEQ,2017-08-24,29.31100082397461,29.3799991607666,29.299999237060547,29.368999481201172,3700,28.912609100341797,0.0
ITEQ,2017-08-25,29.440000534057617,29.520000457763672,29.408000946044922,29.450000762939453,5300,28.992355346679688,0.0
ITEQ,2017-08-28,29.43000030517578,29.59000015258789,29.43000030517578,29.59000015258789,3400,29.130178451538086,0.0
ITEQ,2017-08-29,29.31999969482422,29.68899917602539,29.31999969482422,29.652000427246094,5800,29.191213607788086,0.0
ITEQ,2017-08-30,29.770000457763672,29.94700050354004,29.770000457763672,29.93000030517578,6600,29.464895248413086,0.0
ITEQ,2017-08-31,29.989999771118164,30.25,29.989999771118164,30.200000762939453,17200,29.730697631835938,0.0
ITEQ,2017-09-01,30.280000686645508,30.35700035095215,30.18000030517578,30.280000686645508,12500,29.80945587158203,0.0
ITEQ,2017-09-05,30.239999771118164,30.3700008392334,30.049999237060547,30.18000030517578,10800,29.711009979248047,0.0
ITEQ,2017-09-06,30.229999542236328,30.229999542236328,30.110000610351562,30.15999984741211,7300,29.691320419311523,0.0
ITEQ,2017-09-07,30.299999237060547,30.360000610351562,30.209999084472656,30.350000381469727,8600,29.878368377685547,0.0
ITEQ,2017-09-08,30.360000610351562,30.459999084472656,30.360000610351562,30.389999389648438,7500,29.917747497558594,0.0
ITEQ,2017-09-11,30.639999389648438,30.639999389648438,30.551000595092773,30.610000610351562,16700,30.134328842163086,0.0
ITEQ,2017-09-12,30.860000610351562,30.860000610351562,30.520000457763672,30.610000610351562,9900,30.134328842163086,0.0
ITEQ,2017-09-13,30.6200008392334,30.75,30.579999923706055,30.73699951171875,10800,30.259353637695312,0.0
ITEQ,2017-09-14,30.649999618530273,30.780000686645508,30.649999618530273,30.760000228881836,20100,30.28199577331543,0.0
ITEQ,2017-09-15,30.722000122070312,30.76300048828125,30.649999618530273,30.75,13200,30.272153854370117,0.0
ITEQ,2017-09-18,30.81999969482422,31.1299991607666,30.809999465942383,31.100000381469727,13500,30.616710662841797,0.0
ITEQ,2017-09-19,31.1200008392334,31.260000228881836,31.1200008392334,31.190000534057617,12700,30.7053165435791,0.0
ITEQ,2017-09-20,31.299999237060547,31.299999237060547,31.049999237060547,31.079999923706055,19000,30.597023010253906,0.0
ITEQ,2017-09-21,31.040000915527344,31.05900001525879,30.920000076293945,31.010000228881836,7600,30.52811050415039,0.0
ITEQ,2017-09-22,31.121999740600586,31.16900062561035,31.09000015258789,31.16900062561035,7000,30.684640884399414,0.0
ITEQ,2017-09-25,31.15999984741211,31.163999557495117,30.917999267578125,30.950000762939453,13700,30.469043731689453,0.0
ITEQ,2017-09-26,31.010000228881836,31.149999618530273,31.010000228881836,31.100000381469727,15100,30.616710662841797,0.0
ITEQ,2017-09-27,31.190000534057617,31.40999984741211,31.167999267578125,31.368999481201172,8200,30.88153076171875,0.0
ITEQ,2017-09-28,31.3799991607666,31.459999084472656,31.378000259399414,31.422000885009766,6000,30.9337100982666,0.0
ITEQ,2017-09-29,31.500999450683594,31.56999969482422,31.5,31.52899932861328,9300,31.039045333862305,0.0
ITEQ,2017-10-02,31.549999237060547,31.829999923706055,31.549999237060547,31.760000228881836,19700,31.266454696655273,0.0
ITEQ,2017-10-03,31.809999465942383,31.90999984741211,31.799999237060547,31.90999984741211,20300,31.414125442504883,0.0
ITEQ,2017-10-04,31.959999084472656,31.989999771118164,31.920000076293945,31.969999313354492,25500,31.47319221496582,0.0
ITEQ,2017-10-05,31.959999084472656,32.02000045776367,31.940000534057617,31.959999084472656,20200,31.463348388671875,0.0
ITEQ,2017-10-06,31.93000030517578,31.941999435424805,31.8799991607666,31.889999389648438,10500,31.394437789916992,0.0
ITEQ,2017-10-09,31.969999313354492,31.989999771118164,31.90999984741211,31.91900062561035,40800,31.42298698425293,0.0
ITEQ,2017-10-10,31.979999542236328,32.029998779296875,31.891000747680664,31.959999084472656,44500,31.463348388671875,0.0
ITEQ,2017-10-11,31.950000762939453,32.0,31.90999984741211,32.0,9300,31.502729415893555,0.0
ITEQ,2017-10-12,31.979999542236328,32.082000732421875,31.950000762939453,32.013999938964844,9900,31.516508102416992,0.0
ITEQ,2017-10-13,32.0,32.099998474121094,32.0,32.040000915527344,14500,31.54210662841797,0.0
ITEQ,2017-10-16,32.099998474121094,32.11000061035156,32.060001373291016,32.06999969482422,6800,31.571638107299805,0.0
ITEQ,2017-10-17,32.0,32.040000915527344,31.920000076293945,32.03900146484375,8100,31.541122436523438,0.0
ITEQ,2017-10-18,32.08000183105469,32.22999954223633,32.04899978637695,32.209999084472656,7800,31.709461212158203,0.0
ITEQ,2017-10-19,32.0099983215332,32.060001373291016,31.868999481201172,32.04899978637695,9100,31.55096435546875,0.0
ITEQ,2017-10-20,32.119998931884766,32.29899978637695,32.119998931884766,32.29199981689453,6400,31.79018783569336,0.0
ITEQ,2017-10-23,32.459999084472656,32.459999084472656,32.279998779296875,32.301998138427734,6700,31.800029754638672,0.0
ITEQ,2017-10-24,32.33000183105469,32.400001525878906,32.290000915527344,32.380001068115234,10900,31.8768253326416,0.0
ITEQ,2017-10-25,32.369998931884766,32.400001525878906,32.08000183105469,32.20199966430664,7200,31.701589584350586,0.0
ITEQ,2017-10-26,32.290000915527344,32.290000915527344,32.099998474121094,32.12799835205078,4900,31.62873649597168,0.0
ITEQ,2017-10-27,32.029998779296875,32.380001068115234,32.029998779296875,32.34000015258789,16800,31.83744239807129,0.0
ITEQ,2017-10-30,32.31999969482422,32.36000061035156,32.22999954223633,32.268001556396484,5100,31.766563415527344,0.0
ITEQ,2017-10-31,32.369998931884766,32.540000915527344,32.369998931884766,32.540000915527344,5600,32.03433609008789,0.0
ITEQ,2017-11-01,32.369998931884766,32.380001068115234,31.864999771118164,31.90999984741211,14000,31.414125442504883,0.0
ITEQ,2017-11-02,31.8700008392334,31.93899917602539,31.816999435424805,31.920000076293945,5000,31.42397117614746,0.0
ITEQ,2017-11-03,31.969999313354492,32.099998474121094,31.966999053955078,32.095001220703125,5500,31.596250534057617,0.0
ITEQ,2017-11-06,32.060001373291016,32.15999984741211,32.060001373291016,32.13999938964844,7100,31.640548706054688,0.0
ITEQ,2017-11-07,32.150001525878906,32.150001525878906,31.90999984741211,31.90999984741211,12800,31.414125442504883,0.0
ITEQ,2017-11-08,31.649999618530273,31.8799991607666,31.450000762939453,31.860000610351562,13700,31.364900588989258,0.0
ITEQ,2017-11-09,31.440000534057617,31.440000534057617,31.149999618530273,31.280000686645508,14600,30.793914794921875,0.0
ITEQ,2017-11-10,31.20400047302246,31.257999420166016,31.18000030517578,31.219999313354492,23800,30.734848022460938,0.0
ITEQ,2017-11-13,31.15999984741211,31.235000610351562,31.100000381469727,31.209999084472656,4700,30.72500228881836,0.0
ITEQ,2017-11-14,31.09000015258789,31.18000030517578,31.09000015258789,31.170000076293945,2800,30.685625076293945,0.0
ITEQ,2017-11-15,30.989999771118164,31.09000015258789,30.799999237060547,31.049999237060547,7500,30.567487716674805,0.0
ITEQ,2017-11-16,31.290000915527344,31.51799964904785,31.290000915527344,31.50200080871582,5300,31.012468338012695,0.0
ITEQ,2017-11-17,31.479999542236328,31.479999542236328,31.389999389648438,31.399999618530273,3800,30.912050247192383,0.0
ITEQ,2017-11-20,31.329999923706055,31.559999465942383,31.329999923706055,31.520000457763672,13200,31.030187606811523,0.0
ITEQ,2017-11-21,31.739999771118164,31.917999267578125,31.739999771118164,31.860000610351562,27300,31.364900588989258,0.0
ITEQ,2017-11-22,31.93000030517578,32.040000915527344,31.93000030517578,31.9950008392334,5100,31.497806549072266,0.0
ITEQ,2017-11-24,32.0,32.119998931884766,32.0,32.1150016784668,3800,31.61594009399414,0.0
ITEQ,2017-11-27,32.25,32.31999969482422,32.25,32.290000915527344,3000,31.78822135925293,0.0
ITEQ,2017-11-28,32.34000015258789,32.36000061035156,32.25,32.349998474121094,4300,31.847288131713867,0.0
ITEQ,2017-11-29,32.38999938964844,32.400001525878906,31.959999084472656,32.04999923706055,35300,31.551950454711914,0.0
ITEQ,2017-11-30,32.06999969482422,32.209999084472656,32.06999969482422,32.20000076293945,6400,31.699617385864258,0.0
ITEQ,2017-12-01,32.119998931884766,32.15999984741211,31.75,32.159000396728516,3900,31.659255981445312,0.0
ITEQ,2017-12-04,32.18000030517578,32.18000030517578,31.719999313354492,31.719999313354492,8000,31.22707748413086,0.0
ITEQ,2017-12-05,31.68899917602539,31.729000091552734,31.610000610351562,31.618999481201172,4100,31.127647399902344,0.0
ITEQ,2017-12-06,31.469999313354492,31.469999313354492,31.360000610351562,31.3799991607666,11200,30.89236068725586,0.0
ITEQ,2017-12-07,31.270000457763672,31.475000381469727,31.246999740600586,31.469999313354492,4600,30.98096466064453,0.0
ITEQ,2017-12-08,31.5,31.639999389648438,31.5,31.59000015258789,11500,31.099096298217773,0.0
ITEQ,2017-12-11,31.479999542236328,31.695999145507812,31.479999542236328,31.59000015258789,18800,31.099096298217773,0.0
ITEQ,2017-12-12,31.510000228881836,31.600000381469727,31.479999542236328,31.5,17300,31.010496139526367,0.0
ITEQ,2017-12-13,31.600000381469727,31.788999557495117,31.600000381469727,31.75,5200,31.256610870361328,0.0
ITEQ,2017-12-14,31.690000534057617,31.75,31.656999588012695,31.670000076293945,8000,31.177854537963867,0.0
ITEQ,2017-12-15,31.6299991607666,31.90999984741211,31.610000610351562,31.829999923706055,8000,31.335369110107422,0.0
ITEQ,2017-12-18,32.0099983215332,32.060001373291016,32.0099983215332,32.03900146484375,7800,31.541122436523438,0.0
ITEQ,2017-12-19,31.979999542236328,31.979999542236328,31.836999893188477,31.8799991607666,7500,31.38459014892578,0.0
ITEQ,2017-12-20,32.099998474121094,32.099998474121094,31.81800079345703,31.889999389648438,4500,31.394437789916992,0.0
ITEQ,2017-12-21,32.0,32.0099983215332,31.90999984741211,31.93199920654297,6600,31.43578338623047,0.0
ITEQ,2017-12-22,31.989999771118164,31.989999771118164,31.809999465942383,31.850000381469727,7500,31.355058670043945,0.0
ITEQ,2017-12-26,31.809999465942383,31.809999465942383,31.6200008392334,31.670000076293945,11300,31.347139358520508,0.172
ITEQ,2017-12-27,31.700000762939453,31.729999542236328,31.649999618530273,31.679000854492188,11300,31.356046676635742,0.0
ITEQ,2017-12-28,31.729999542236328,31.75,31.719999313354492,31.739999771118164,6800,31.416423797607422,0.0
ITEQ,2017-12-29,31.809999465942383,31.809999465942383,31.628000259399414,31.628000259399414,4500,31.30556869506836,0.0
ITEQ,2018-01-02,31.889999389648438,32.04999923706055,31.889999389648438,32.04999923706055,6300,31.723264694213867,0.0
ITEQ,2018-01-03,32.06999969482422,32.439998626708984,32.06999969482422,32.415000915527344,14800,32.08454895019531,0.0
ITEQ,2018-01-04,32.61000061035156,32.7599983215332,32.61000061035156,32.70899963378906,12000,32.375545501708984,0.0
ITEQ,2018-01-05,32.810001373291016,32.810001373291016,32.689998626708984,32.77399826049805,6400,32.43988037109375,0.0
ITEQ,2018-01-08,32.779998779296875,32.79999923706055,32.63999938964844,32.784000396728516,5500,32.44977951049805,0.0
ITEQ,2018-01-09,32.88999938964844,32.88999938964844,32.720001220703125,32.86000061035156,7800,32.52500915527344,0.0
ITEQ,2018-01-10,32.619998931884766,32.619998931884766,32.459999084472656,32.5099983215332,11900,32.1785774230957,0.0
ITEQ,2018-01-11,32.6150016784668,32.86000061035156,32.6150016784668,32.849998474121094,20800,32.51511001586914,0.0
ITEQ,2018-01-12,33.0099983215332,33.220001220703125,33.0099983215332,33.20000076293945,21800,32.86153793334961,0.0
ITEQ,2018-01-16,33.16999816894531,33.16999816894531,32.694000244140625,32.694000244140625,6300,32.360694885253906,0.0
ITEQ,2018-01-17,32.650001525878906,32.8120002746582,32.56100082397461,32.75,10200,32.4161262512207,0.0
ITEQ,2018-01-18,32.65999984741211,32.84000015258789,32.65999984741211,32.810001373291016,8000,32.475521087646484,0.0
ITEQ,2018-01-19,32.970001220703125,33.099998474121094,32.959999084472656,33.099998474121094,12500,32.76255798339844,0.0
ITEQ,2018-01-22,33.0,33.13800048828125,32.939998626708984,33.13800048828125,5500,32.800174713134766,0.0
ITEQ,2018-01-23,33.130001068115234,33.31999969482422,33.12799835205078,33.31999969482422,7300,32.98031997680664,0.0
ITEQ,2018-01-24,33.38999938964844,33.39500045776367,33.1609992980957,33.1609992980957,6500,32.822933197021484,0.0
ITEQ,2018-01-25,33.25,33.29999923706055,33.09600067138672,33.2400016784668,22000,32.90113067626953,0.0
ITEQ,2018-01-26,33.349998474121094,33.470001220703125,33.279998779296875,33.46500015258789,12700,33.123836517333984,0.0
ITEQ,2018-01-29,33.380001068115234,33.47999954223633,33.308998107910156,33.400001525878906,9700,33.05950164794922,0.0
ITEQ,2018-01-30,33.380001068115234,33.380001068115234,33.099998474121094,33.209999084472656,9900,32.871437072753906,0.0
ITEQ,2018-01-31,33.189998626708984,33.33000183105469,33.09000015258789,33.21500015258789,26800,32.87638854980469,0.0
ITEQ,2018-02-01,32.86000061035156,33.13999938964844,32.86000061035156,33.060001373291016,10100,32.72296905517578,0.0
ITEQ,2018-02-02,32.84000015258789,32.84000015258789,32.41999816894531,32.46900177001953,9300,32.13799285888672,0.0
ITEQ,2018-02-05,32.119998931884766,32.119998931884766,31.270000457763672,31.290000915527344,56200,30.97101402282715,0.0
ITEQ,2018-02-06,30.770000457763672,31.559999465942383,30.540000915527344,31.423999786376953,43500,31.1036434173584,0.0
ITEQ,2018-02-07,31.479999542236328,31.670000076293945,31.459999084472656,31.489999771118164,37900,31.16897201538086,0.0
ITEQ,2018-02-08,31.56999969482422,31.579999923706055,30.889999389648438,30.940000534057617,32000,30.624582290649414,0.0
ITEQ,2018-02-09,31.0,31.110000610351562,30.110000610351562,30.899999618530273,21900,30.584989547729492,0.0
ITEQ,2018-02-12,31.100000381469727,31.474000930786133,31.01799964904785,31.399999618530273,13500,31.079891204833984,0.0
ITEQ,2018-02-13,31.229999542236328,31.450000762939453,31.209999084472656,31.450000762939453,4400,31.129383087158203,0.0
ITEQ,2018-02-14,31.450000762939453,31.948999404907227,31.450000762939453,31.948999404907227,11700,31.623292922973633,0.0
ITEQ,2018-02-15,32.220001220703125,32.625999450683594,32.14400100708008,32.560001373291016,12700,32.22806167602539,0.0
ITEQ,2018-02-16,32.45000076293945,32.599998474121094,32.400001525878906,32.52000045776367,15500,32.1884765625,0.0
ITEQ,2018-02-20,32.56999969482422,32.87900161743164,32.56999969482422,32.71200180053711,6100,32.37852096557617,0.0
ITEQ,2018-02-21,32.86000061035156,33.18000030517578,32.849998474121094,32.849998474121094,3800,32.51511001586914,0.0
ITEQ,2018-02-22,32.91999816894531,32.95600128173828,32.779998779296875,32.81999969482422,21700,32.485416412353516,0.0
ITEQ,2018-02-23,33.0,33.143001556396484,32.93899917602539,33.143001556396484,6600,32.80512619018555,0.0
ITEQ,2018-02-26,33.20000076293945,33.249000549316406,33.04999923706055,33.2400016784668,4400,32.90113067626953,0.0
ITEQ,2018-02-27,33.279998779296875,33.279998779296875,32.90999984741211,32.90999984741211,9600,32.57449722290039,0.0
ITEQ,2018-02-28,33.11000061035156,33.11000061035156,32.76900100708008,32.76900100708008,7300,32.434932708740234,0.0
ITEQ,2018-03-01,32.65999984741211,32.65999984741211,32.242000579833984,32.5,6500,32.16867446899414,0.0
ITEQ,2018-03-02,32.31999969482422,32.939998626708984,32.24100112915039,32.939998626708984,8300,32.604190826416016,0.0
ITEQ,2018-03-05,32.63999938964844,33.11000061035156,32.63999938964844,33.09000015258789,8800,32.752662658691406,0.0
ITEQ,2018-03-06,33.22999954223633,33.22999954223633,32.93000030517578,33.09000015258789,20500,32.752662658691406,0.0
ITEQ,2018-03-07,32.86000061035156,33.2599983215332,32.86000061035156,33.2599983215332,5600,32.920921325683594,0.0
ITEQ,2018-03-08,33.189998626708984,33.279998779296875,33.189998626708984,33.22999954223633,6100,32.891231536865234,0.0
ITEQ,2018-03-09,33.380001068115234,33.56999969482422,33.380001068115234,33.56999969482422,7900,33.22776794433594,0.0
ITEQ,2018-03-12,33.68000030517578,33.869998931884766,33.68000030517578,33.779998779296875,10600,33.43562698364258,0.0
ITEQ,2018-03-13,33.810001373291016,33.900001525878906,33.459999084472656,33.540000915527344,15200,33.19807815551758,0.0
ITEQ,2018-03-14,33.529998779296875,33.529998779296875,33.345001220703125,33.349998474121094,6600,33.010013580322266,0.0
ITEQ,2018-03-15,33.4900016784668,33.4900016784668,33.34000015258789,33.34000015258789,7300,33.00011444091797,0.0
ITEQ,2018-03-16,33.400001525878906,33.400001525878906,33.27000045776367,33.367000579833984,7400,33.02683639526367,0.0
ITEQ,2018-03-19,33.33000183105469,33.38999938964844,32.970001220703125,33.04999923706055,9100,32.71307373046875,0.0
ITEQ,2018-03-20,33.130001068115234,33.38999938964844,33.119998931884766,33.33000183105469,13400,32.99021911621094,0.0
ITEQ,2018-03-21,33.2599983215332,33.50899887084961,33.23899841308594,33.46500015258789,13200,33.123836517333984,0.0
ITEQ,2018-03-22,33.02000045776367,33.15999984741211,32.75,32.75,13100,32.4161262512207,0.0
ITEQ,2018-03-23,32.75,32.75,32.15999984741211,32.15999984741211,10600,31.832141876220703,0.0
ITEQ,2018-03-26,32.34000015258789,32.56999969482422,32.08000183105469,32.56999969482422,12000,32.23796081542969,0.0
ITEQ,2018-03-27,32.540000915527344,32.5989990234375,31.829999923706055,31.959999084472656,7900,31.63418197631836,0.0
ITEQ,2018-03-28,31.719999313354492,31.809999465942383,31.420000076293945,31.65999984741211,5800,31.33724021911621,0.0
ITEQ,2018-03-29,31.75,32.29999923706055,31.75,32.16999816894531,10900,31.842037200927734,0.0
ITEQ,2018-04-02,31.969999313354492,32.04999923706055,31.389999389648438,31.583999633789062,6000,31.262014389038086,0.0
ITEQ,2018-04-03,31.799999237060547,31.979999542236328,31.610000610351562,31.979999542236328,17200,31.653976440429688,0.0
ITEQ,2018-04-04,31.329999923706055,32.07500076293945,31.329999923706055,32.07500076293945,6200,31.748008728027344,0.0
ITEQ,2018-04-05,32.220001220703125,32.31999969482422,32.07899856567383,32.22999954223633,16100,31.90142822265625,0.0
ITEQ,2018-04-06,32.029998779296875,32.13999938964844,31.680999755859375,31.680999755859375,10600,31.35802459716797,0.0
ITEQ,2018-04-09,31.93000030517578,32.2400016784668,31.93000030517578,31.950000762939453,5800,31.624286651611328,0.0
ITEQ,2018-04-10,32.310001373291016,32.560001373291016,32.2599983215332,32.518001556396484,5100,32.18649673461914,0.0
ITEQ,2018-04-11,32.290000915527344,32.68000030517578,32.290000915527344,32.58000183105469,6000,32.247859954833984,0.0
ITEQ,2018-04-12,32.93000030517578,32.95000076293945,32.86000061035156,32.93000030517578,4400,32.59429168701172,0.0
ITEQ,2018-04-13,33.06999969482422,33.06999969482422,32.75,32.7599983215332,3000,32.426021575927734,0.0
ITEQ,2018-04-16,33.119998931884766,33.119998931884766,32.939998626708984,33.04399871826172,5700,32.70713424682617,0.0
ITEQ,2018-04-17,33.220001220703125,33.470001220703125,33.180999755859375,33.43000030517578,13200,33.089195251464844,0.0
ITEQ,2018-04-18,33.43000030517578,33.4640007019043,33.290000915527344,33.43600082397461,9800,33.09513473510742,0.0
ITEQ,2018-04-19,33.349998474121094,33.349998474121094,33.119998931884766,33.18000030517578,5200,32.84174346923828,0.0
ITEQ,2018-04-20,33.119998931884766,33.119998931884766,32.902000427246094,32.902000427246094,6600,32.56657791137695,0.0
ITEQ,2018-04-23,33.04999923706055,33.04999923706055,32.869998931884766,32.880001068115234,5600,32.544803619384766,0.0
ITEQ,2018-04-24,32.83000183105469,33.016998291015625,32.47999954223633,32.58000183105469,10900,32.247859954833984,0.0
ITEQ,2018-04-25,32.20000076293945,32.30500030517578,32.0,32.244998931884766,7700,31.916275024414062,0.0
ITEQ,2018-04-26,32.31999969482422,32.77000045776367,32.31999969482422,32.768001556396484,5700,32.43394470214844,0.0
ITEQ,2018-04-27,32.61000061035156,32.67900085449219,32.39500045776367,32.459999084472656,3800,32.129085540771484,0.0
ITEQ,2018-04-30,32.470001220703125,32.52000045776367,32.37900161743164,32.41999816894531,6300,32.08949279785156,0.0
ITEQ,2018-05-01,32.400001525878906,32.540000915527344,32.400001525878906,32.52000045776367,1600,32.1884765625,0.0
ITEQ,2018-05-02,32.560001373291016,32.720001220703125,32.560001373291016,32.61000061035156,4800,32.27755355834961,0.0
ITEQ,2018-05-03,32.58000183105469,32.79600143432617,32.49599838256836,32.75,6700,32.4161262512207,0.0
ITEQ,2018-05-04,32.619998931884766,33.08000183105469,32.619998931884766,32.97999954223633,7800,32.64378356933594,0.0
ITEQ,2018-05-07,32.93000030517578,33.11000061035156,32.81999969482422,33.00600051879883,7000,32.669517517089844,0.0
ITEQ,2018-05-08,32.939998626708984,33.082000732421875,32.939998626708984,33.082000732421875,5700,32.74474334716797,0.0
ITEQ,2018-05-09,33.27000045776367,33.40999984741211,33.04999923706055,33.40999984741211,9500,33.06940460205078,0.0
ITEQ,2018-05-10,33.470001220703125,33.810001373291016,33.459999084472656,33.75899887084961,5600,33.41483688354492,0.0
ITEQ,2018-05-11,33.83000183105469,33.83000183105469,33.58000183105469,33.625,5500,33.28220748901367,0.0
ITEQ,2018-05-14,33.869998931884766,34.11800003051758,33.869998931884766,33.880001068115234,9500,33.534610748291016,0.0
ITEQ,2018-05-15,33.79999923706055,33.8650016784668,33.770999908447266,33.86000061035156,5400,33.51481246948242,0.0
ITEQ,2018-05-16,34.0,34.18000030517578,34.0,34.150001525878906,11000,33.80186080932617,0.0
ITEQ,2018-05-17,34.2400016784668,34.3390007019043,34.18000030517578,34.290000915527344,14000,33.9404296875,0.0
ITEQ,2018-05-18,34.279998779296875,34.31999969482422,34.19200134277344,34.25,6400,33.900840759277344,0.0
ITEQ,2018-05-21,34.29999923706055,34.41999816894531,34.191001892089844,34.2400016784668,10400,33.89094161987305,0.0
ITEQ,2018-05-22,34.33000183105469,34.380001068115234,34.130001068115234,34.13999938964844,7000,33.791961669921875,0.0
ITEQ,2018-05-23,33.88999938964844,34.0099983215332,33.849998474121094,33.9900016784668,7000,33.64348602294922,0.0
ITEQ,2018-05-24,34.06999969482422,34.18000030517578,33.94200134277344,34.13999938964844,6100,33.791961669921875,0.0
ITEQ,2018-05-25,34.060001373291016,34.2400016784668,34.060001373291016,34.220001220703125,3400,33.87113952636719,0.0
ITEQ,2018-05-29,34.09000015258789,34.2239990234375,34.0,34.084999084472656,8800,33.737518310546875,0.0
ITEQ,2018-05-30,34.2400016784668,34.540000915527344,34.2400016784668,34.507999420166016,25000,34.15620422363281,0.0
ITEQ,2018-05-31,34.5099983215332,34.58000183105469,34.36000061035156,34.39699935913086,8300,34.04633712768555,0.0
ITEQ,2018-06-01,34.540000915527344,34.709999084472656,34.540000915527344,34.67100143432617,4800,34.317543029785156,0.0
ITEQ,2018-06-04,34.810001373291016,34.810001373291016,34.61000061035156,34.790000915527344,8100,34.435333251953125,0.0
ITEQ,2018-06-05,34.880001068115234,35.22999954223633,34.880001068115234,35.224998474121094,11700,34.86589431762695,0.0
ITEQ,2018-06-06,35.33000183105469,35.33000183105469,35.150001525878906,35.33000183105469,13200,34.96982955932617,0.0
ITEQ,2018-06-07,35.459999084472656,35.459999084472656,34.95000076293945,35.130001068115234,9100,34.77186584472656,0.0
ITEQ,2018-06-08,35.09000015258789,35.242000579833984,35.06999969482422,35.242000579833984,3500,34.88272476196289,0.0
ITEQ,2018-06-11,35.16999816894531,35.20899963378906,35.08000183105469,35.08000183105469,6500,34.72237777709961,0.0
ITEQ,2018-06-12,35.33000183105469,35.45000076293945,35.27000045776367,35.3380012512207,14300,34.977745056152344,0.0
ITEQ,2018-06-13,35.439998626708984,35.52000045776367,35.34000015258789,35.40800094604492,15300,35.047035217285156,0.0
ITEQ,2018-06-14,35.52000045776367,35.77000045776367,35.5,35.54999923706055,12700,35.187583923339844,0.0
ITEQ,2018-06-15,35.439998626708984,35.45000076293945,35.209999084472656,35.358001708984375,7400,34.99754333496094,0.0
ITEQ,2018-06-18,35.040000915527344,35.30500030517578,34.98099899291992,35.2599983215332,7500,34.900535583496094,0.0
ITEQ,2018-06-19,35.0099983215332,35.22999954223633,35.0,35.22999954223633,12900,34.870845794677734,0.0
ITEQ,2018-06-20,35.349998474121094,35.439998626708984,35.34000015258789,35.402000427246094,4000,35.04109573364258,0.0
ITEQ,2018-06-21,35.43000030517578,35.43000030517578,35.04999923706055,35.04999923706055,6500,34.69267654418945,0.0
ITEQ,2018-06-22,35.25,35.25,34.90999984741211,35.0099983215332,8000,34.65309143066406,0.0
ITEQ,2018-06-25,34.77000045776367,34.869998931884766,33.99399948120117,34.189998626708984,14800,33.8414421081543,0.0
ITEQ,2018-06-26,34.22999954223633,34.45000076293945,34.22999954223633,34.36000061035156,8800,34.00971984863281,0.0
ITEQ,2018-06-27,34.400001525878906,34.41999816894531,33.959999084472656,33.959999084472656,13800,33.613792419433594,0.0
ITEQ,2018-06-28,33.790000915527344,34.14799880981445,33.75,34.08000183105469,9500,33.73257064819336,0.0
ITEQ,2018-06-29,34.189998626708984,34.2599983215332,34.119998931884766,34.119998931884766,5100,33.77215576171875,0.0
ITEQ,2018-07-02,33.88999938964844,34.41999816894531,33.880001068115234,34.41999816894531,15600,34.06909942626953,0.0
ITEQ,2018-07-03,34.70000076293945,34.72999954223633,34.5,34.5,3500,34.14828872680664,0.0
ITEQ,2018-07-05,34.619998931884766,34.790000915527344,34.560001373291016,34.790000915527344,5800,34.435333251953125,0.0
ITEQ,2018-07-06,34.86000061035156,35.16999816894531,34.86000061035156,35.16999816894531,7900,34.811458587646484,0.0
ITEQ,2018-07-09,35.369998931884766,35.387001037597656,35.040000915527344,35.20000076293945,12000,34.84115219116211,0.0
ITEQ,2018-07-10,35.400001525878906,35.400001525878906,35.29999923706055,35.3390007019043,5200,34.978736877441406,0.0
ITEQ,2018-07-11,35.18000030517578,35.34000015258789,35.18000030517578,35.310001373291016,6400,34.950035095214844,0.0
ITEQ,2018-07-12,35.54999923706055,35.8650016784668,35.5099983215332,35.8650016784668,8900,35.4993782043457,0.0
ITEQ,2018-07-13,35.84000015258789,35.91999816894531,35.83000183105469,35.90999984741211,10700,35.54391860961914,0.0
ITEQ,2018-07-16,35.90999984741211,35.97700119018555,35.849998474121094,35.90999984741211,37400,35.54391860961914,0.0
ITEQ,2018-07-17,35.880001068115234,36.185001373291016,35.86000061035156,36.18000030517578,11100,35.8111572265625,0.0
ITEQ,2018-07-18,36.15999984741211,36.209999084472656,35.959999084472656,36.150001525878906,11700,35.78146743774414,0.0
ITEQ,2018-07-19,36.0,36.159000396728516,35.970001220703125,36.13999938964844,13000,35.771568298339844,0.0
ITEQ,2018-07-20,36.099998474121094,36.27000045776367,36.099998474121094,36.130001068115234,38800,35.76167297363281,0.0
ITEQ,2018-07-23,36.11000061035156,36.165000915527344,35.97800064086914,36.11000061035156,32400,35.74187469482422,0.0
ITEQ,2018-07-24,36.40999984741211,36.40999984741211,35.86000061035156,35.96200180053711,5900,35.59538650512695,0.0
ITEQ,2018-07-25,36.119998931884766,36.63999938964844,36.099998474121094,36.63999938964844,12800,36.26647186279297,0.0
ITEQ,2018-07-26,36.61000061035156,36.61000061035156,36.04999923706055,36.33000183105469,12600,35.95963668823242,0.0
ITEQ,2018-07-27,36.22999954223633,36.22999954223633,35.5,35.65999984741211,9400,35.29646301269531,0.0
ITEQ,2018-07-30,35.61000061035156,35.61000061035156,34.96500015258789,35.084999084472656,10500,34.72732162475586,0.0
ITEQ,2018-07-31,34.939998626708984,35.13999938964844,34.75899887084961,34.98699951171875,11500,34.63032150268555,0.0
ITEQ,2018-08-01,34.88999938964844,35.09000015258789,34.88999938964844,35.09000015258789,7300,34.73227310180664,0.0
ITEQ,2018-08-02,34.790000915527344,35.097999572753906,34.75,35.097999572753906,7500,34.74019241333008,0.0
ITEQ,2018-08-03,34.900001525878906,34.959999084472656,34.779998779296875,34.959999084472656,10600,34.60359573364258,0.0
ITEQ,2018-08-06,35.029998779296875,35.29999923706055,35.029998779296875,35.29999923706055,35500,34.940128326416016,0.0
ITEQ,2018-08-07,35.310001373291016,35.310001373291016,35.06999969482422,35.150001525878906,21900,34.79166030883789,0.0
ITEQ,2018-08-08,35.22999954223633,35.290000915527344,35.150001525878906,35.284000396728516,8600,34.92428970336914,0.0
ITEQ,2018-08-09,35.279998779296875,35.46699905395508,35.279998779296875,35.367000579833984,5200,35.00645065307617,0.0
ITEQ,2018-08-10,35.22999954223633,35.27000045776367,35.029998779296875,35.255001068115234,3000,34.89558792114258,0.0
ITEQ,2018-08-13,35.220001220703125,35.349998474121094,35.0099983215332,35.0099983215332,5800,34.65309143066406,0.0
ITEQ,2018-08-14,35.11000061035156,35.11000061035156,34.88999938964844,35.0890007019043,13600,34.731285095214844,0.0
ITEQ,2018-08-15,34.939998626708984,34.95000076293945,34.61000061035156,34.84400177001953,8100,34.4887809753418,0.0
ITEQ,2018-08-16,34.93000030517578,35.06999969482422,34.875,34.97999954223633,7400,34.62339782714844,0.0
ITEQ,2018-08-17,34.95000076293945,35.12900161743164,34.75899887084961,35.12900161743164,6300,34.770877838134766,0.0
ITEQ,2018-08-20,35.290000915527344,35.290000915527344,35.11000061035156,35.209999084472656,4000,34.851051330566406,0.0
ITEQ,2018-08-21,35.31999969482422,35.630001068115234,35.31999969482422,35.630001068115234,7500,35.26676940917969,0.0
ITEQ,2018-08-22,35.5099983215332,35.849998474121094,35.5,35.770999908447266,6700,35.40633773803711,0.0
ITEQ,2018-08-23,35.7400016784668,35.97999954223633,35.7400016784668,35.869998931884766,12700,35.50432205200195,0.0
ITEQ,2018-08-24,36.0,36.17499923706055,36.0,36.17499923706055,9500,35.806209564208984,0.0
ITEQ,2018-08-27,36.31999969482422,36.36000061035156,36.196998596191406,36.310001373291016,8500,35.93983840942383,0.0
ITEQ,2018-08-28,36.369998931884766,36.38999938964844,36.17499923706055,36.310001373291016,23100,35.93983840942383,0.0
ITEQ,2018-08-29,36.41999816894531,36.709999084472656,36.41999816894531,36.685001373291016,3800,36.311012268066406,0.0
ITEQ,2018-08-30,36.630001068115234,36.6619987487793,36.54899978637695,36.560001373291016,4600,36.18729019165039,0.0
ITEQ,2018-08-31,36.529998779296875,36.84000015258789,36.529998779296875,36.720001220703125,9300,36.34565353393555,0.0
ITEQ,2018-09-04,36.7400016784668,36.7400016784668,36.46200180053711,36.558998107910156,4900,36.18629837036133,0.0
ITEQ,2018-09-05,36.599998474121094,36.599998474121094,36.0,36.119998931884766,6900,35.751773834228516,0.0
ITEQ,2018-09-06,36.33000183105469,36.400001525878906,36.189998626708984,36.34000015258789,5500,35.96953582763672,0.0
ITEQ,2018-09-07,36.13999938964844,36.34000015258789,36.0,36.15999984741211,5100,35.79136276245117,0.0
ITEQ,2018-09-10,36.290000915527344,36.290000915527344,36.15800094604492,36.189998626708984,8700,35.8210563659668,0.0
ITEQ,2018-09-11,36.20000076293945,36.20000076293945,36.15999984741211,36.16999816894531,3200,35.8012580871582,0.0
ITEQ,2018-09-12,36.209999084472656,36.314998626708984,36.0,36.29999923706055,3400,35.929935455322266,0.0
ITEQ,2018-09-13,36.62099838256836,36.62099838256836,36.0099983215332,36.05099868774414,265500,35.6834716796875,0.0
ITEQ,2018-09-14,36.28499984741211,36.31999969482422,36.17599868774414,36.189998626708984,4700,35.8210563659668,0.0
ITEQ,2018-09-17,36.439998626708984,36.439998626708984,36.0099983215332,36.0099983215332,12400,35.64289474487305,0.0
ITEQ,2018-09-18,36.19300079345703,36.334999084472656,36.19300079345703,36.29600143432617,4300,35.92597961425781,0.0
ITEQ,2018-09-19,36.310001373291016,36.310001373291016,36.099998474121094,36.290000915527344,3900,35.920040130615234,0.0
ITEQ,2018-09-20,36.41999816894531,36.45000076293945,36.31800079345703,36.43000030517578,5900,36.058616638183594,0.0
ITEQ,2018-09-21,36.529998779296875,36.529998779296875,36.3390007019043,36.3390007019043,2400,35.96854019165039,0.0
ITEQ,2018-09-24,36.34000015258789,36.38800048828125,36.189998626708984,36.33100128173828,4200,35.96062469482422,0.0
ITEQ,2018-09-25,36.439998626708984,36.47999954223633,36.43000030517578,36.459999084472656,2300,36.08830642700195,0.0
ITEQ,2018-09-26,36.400001525878906,36.45000076293945,36.25,36.25,4200,35.88044357299805,0.0
ITEQ,2018-09-27,35.880001068115234,36.13999938964844,35.880001068115234,36.099998474121094,4800,35.73197555541992,0.0
ITEQ,2018-09-28,35.979000091552734,36.17599868774414,35.959999084472656,36.0880012512207,7000,35.7201042175293,0.0
ITEQ,2018-10-01,36.209999084472656,36.2400016784668,35.790000915527344,35.790000915527344,5400,35.425132751464844,0.0
ITEQ,2018-10-02,35.79999923706055,35.79999923706055,35.52000045776367,35.630001068115234,11200,35.26676940917969,0.0
ITEQ,2018-10-03,35.810001373291016,35.97999954223633,35.810001373291016,35.959999084472656,14400,35.59340286254883,0.0
ITEQ,2018-10-04,35.939998626708984,35.939998626708984,35.349998474121094,35.4900016784668,51100,35.128196716308594,0.0
ITEQ,2018-10-05,35.400001525878906,35.41999816894531,34.72999954223633,35.040000915527344,10200,34.68278503417969,0.0
ITEQ,2018-10-08,34.810001373291016,34.810001373291016,34.013999938964844,34.27000045776367,11200,33.920631408691406,0.0
ITEQ,2018-10-09,34.22999954223633,34.310001373291016,34.040000915527344,34.040000915527344,11700,33.6929817199707,0.0
ITEQ,2018-10-10,34.099998474121094,34.099998474121094,33.150001525878906,33.150001525878906,48600,32.812049865722656,0.0
ITEQ,2018-10-11,33.06999969482422,33.43000030517578,32.790000915527344,32.790000915527344,39700,32.455726623535156,0.0
ITEQ,2018-10-12,33.279998779296875,33.50299835205078,33.11899948120117,33.40999984741211,11000,33.06940460205078,0.0
ITEQ,2018-10-15,33.31999969482422,33.45500183105469,33.0890007019043,33.33599853515625,14700,32.996150970458984,0.0
ITEQ,2018-10-16,33.560001373291016,34.15999984741211,33.560001373291016,34.15999984741211,8500,33.81175231933594,0.0
ITEQ,2018-10-17,34.150001525878906,34.150001525878906,33.810001373291016,34.040000915527344,3800,33.6929817199707,0.0
ITEQ,2018-10-18,34.02000045776367,34.02000045776367,33.5,33.61000061035156,21300,33.26736068725586,0.0
ITEQ,2018-10-19,33.77000045776367,33.77000045776367,33.29999923706055,33.29999923706055,5700,32.96052169799805,0.0
ITEQ,2018-10-22,33.43000030517578,33.54999923706055,33.32099914550781,33.54999923706055,4000,33.20797348022461,0.0
ITEQ,2018-10-23,33.04999923706055,33.459999084472656,32.880001068115234,33.36000061035156,13800,33.0199089050293,0.0
ITEQ,2018-10-24,33.13999938964844,33.13999938964844,32.400001525878906,32.400001525878906,10700,32.0697021484375,0.0
ITEQ,2018-10-25,32.54999923706055,32.61199951171875,32.40999984741211,32.58000183105469,3300,32.247859954833984,0.0
ITEQ,2018-10-26,32.36000061035156,32.79999923706055,32.029998779296875,32.540000915527344,48000,32.20827102661133,0.0
ITEQ,2018-10-29,32.66999816894531,32.689998626708984,31.6200008392334,31.6200008392334,9300,31.297651290893555,0.0
ITEQ,2018-10-30,31.899999618530273,32.21900177001953,31.829999923706055,31.93899917602539,5400,31.613393783569336,0.0
ITEQ,2018-10-31,32.619998931884766,32.974998474121094,32.619998931884766,32.88999938964844,4900,32.55470275878906,0.0
ITEQ,2018-11-01,33.18000030517578,33.709999084472656,33.130001068115234,33.709999084472656,3700,33.36634063720703,0.0
ITEQ,2018-11-02,33.9900016784668,33.9900016784668,33.41999816894531,33.63999938964844,14800,33.297054290771484,0.0
ITEQ,2018-11-05,33.68000030517578,33.68000030517578,33.33000183105469,33.59000015258789,296800,33.247562408447266,0.0
ITEQ,2018-11-06,33.47999954223633,33.68000030517578,33.39799880981445,33.68000030517578,25800,33.336647033691406,0.0
ITEQ,2018-11-07,33.93000030517578,34.38999938964844,33.849998474121094,34.38999938964844,150300,34.03940963745117,0.0
ITEQ,2018-11-08,34.529998779296875,34.584999084472656,34.41999816894531,34.439998626708984,6500,34.088897705078125,0.0
ITEQ,2018-11-09,34.16999816894531,34.209999084472656,34.0,34.17499923706055,8000,33.82659912109375,0.0
ITEQ,2018-11-12,34.20000076293945,34.20000076293945,33.400001525878906,33.459999084472656,13900,33.11888885498047,0.0
ITEQ,2018-11-13,33.439998626708984,33.63999938964844,33.209999084472656,33.290000915527344,136100,32.95062255859375,0.0
ITEQ,2018-11-14,33.349998474121094,33.470001220703125,33.0099983215332,33.29100036621094,26500,32.95161437988281,0.0
ITEQ,2018-11-15,32.900001525878906,33.599998474121094,32.900001525878906,33.48500061035156,7200,33.143638610839844,0.0
ITEQ,2018-11-16,33.400001525878906,33.58000183105469,33.36199951171875,33.58000183105469,4200,33.237667083740234,0.0
ITEQ,2018-11-19,33.5099983215332,33.52000045776367,32.720001220703125,32.7400016784668,4500,32.40623092651367,0.0
ITEQ,2018-11-20,32.5099983215332,32.529998779296875,32.0,32.18199920654297,19300,31.853919982910156,0.0
ITEQ,2018-11-21,32.29999923706055,32.65999984741211,32.29999923706055,32.599998474121094,6800,32.26765441894531,0.0
ITEQ,2018-11-23,32.279998779296875,32.720001220703125,32.18000030517578,32.720001220703125,5300,32.38643264770508,0.0
ITEQ,2018-11-26,32.959999084472656,33.12900161743164,32.90999984741211,33.10900115966797,5600,32.77146911621094,0.0
ITEQ,2018-11-27,32.97999954223633,33.09000015258789,32.75,32.79999923706055,19600,32.46561813354492,0.0
ITEQ,2018-11-28,33.0880012512207,33.709999084472656,33.06999969482422,33.709999084472656,15700,33.36634063720703,0.0
ITEQ,2018-11-29,33.61000061035156,33.79499816894531,33.540000915527344,33.79499816894531,4400,33.450469970703125,0.0
ITEQ,2018-11-30,33.66999816894531,33.87099838256836,33.63999938964844,33.84700012207031,6200,33.501949310302734,0.0
ITEQ,2018-12-03,34.310001373291016,34.50400161743164,34.30699920654297,34.45000076293945,5800,34.09880065917969,0.0
ITEQ,2018-12-04,34.16999816894531,34.16999816894531,33.33000183105469,33.33000183105469,4000,32.99021911621094,0.0
ITEQ,2018-12-06,32.81999969482422,33.5099983215332,32.81999969482422,33.5099983215332,10100,33.16837692260742,0.0
ITEQ,2018-12-07,33.439998626708984,33.599998474121094,32.77000045776367,32.91999816894531,16600,32.58439636230469,0.0
ITEQ,2018-12-10,32.70000076293945,33.029998779296875,32.56999969482422,32.96799850463867,5200,32.63190460205078,0.0
ITEQ,2018-12-11,33.2400016784668,33.380001068115234,32.80500030517578,32.972999572753906,7400,32.6368522644043,0.0
ITEQ,2018-12-12,33.400001525878906,33.45500183105469,33.16299819946289,33.16299819946289,2100,32.824913024902344,0.0
ITEQ,2018-12-13,33.189998626708984,33.189998626708984,32.900001525878906,32.900001525878906,2300,32.56460189819336,0.0
ITEQ,2018-12-14,32.77000045776367,32.84000015258789,32.569000244140625,32.569000244140625,2600,32.23697280883789,0.0
ITEQ,2018-12-17,32.36000061035156,32.36000061035156,31.670000076293945,31.739999771118164,9500,31.416423797607422,0.0
ITEQ,2018-12-18,31.93000030517578,32.040000915527344,31.549999237060547,31.655000686645508,8400,31.332292556762695,0.0
ITEQ,2018-12-19,31.770000457763672,32.15700149536133,31.34000015258789,31.52400016784668,7600,31.202627182006836,0.0
ITEQ,2018-12-20,31.309999465942383,31.531999588012695,30.639999389648438,30.920000076293945,33900,30.604785919189453,0.0
ITEQ,2018-12-21,31.020000457763672,31.065000534057617,30.170000076293945,30.22100067138672,13100,29.91290855407715,0.0
ITEQ,2018-12-24,29.81999969482422,29.895999908447266,29.594999313354492,29.594999313354492,4800,29.382740020751953,0.092
ITEQ,2018-12-26,29.969999313354492,30.889999389648438,29.8700008392334,30.889999389648438,11200,30.6684513092041,0.0
ITEQ,2018-12-27,30.420000076293945,30.889999389648438,30.1299991607666,30.889999389648438,11000,30.6684513092041,0.0
ITEQ,2018-12-28,31.100000381469727,31.448999404907227,30.850000381469727,31.15999984741211,12500,30.9365177154541,0.0
ITEQ,2018-12-31,31.35099983215332,31.47800064086914,31.18000030517578,31.43000030517578,11500,31.20458221435547,0.0
ITEQ,2019-01-02,31.059999465942383,31.490999221801758,31.059999465942383,31.42799949645996,6100,31.202592849731445,0.0
ITEQ,2019-01-03,31.020000457763672,31.020000457763672,30.59000015258789,30.663000106811523,11200,30.443082809448242,0.0
ITEQ,2019-01-04,31.049999237060547,31.6299991607666,31.040000915527344,31.579999923706055,9500,31.353504180908203,0.0
ITEQ,2019-01-07,31.65999984741211,32.05099868774414,31.65999984741211,32.029998779296875,20000,31.800273895263672,0.0
ITEQ,2019-01-08,32.349998474121094,32.470001220703125,32.0,32.470001220703125,4900,32.23712158203125,0.0
ITEQ,2019-01-09,32.66999816894531,32.834999084472656,32.650001525878906,32.76499938964844,8700,32.53000259399414,0.0
ITEQ,2019-01-10,32.529998779296875,32.93199920654297,32.529998779296875,32.93199920654297,3500,32.69580841064453,0.0
ITEQ,2019-01-11,32.83000183105469,33.02000045776367,32.81999969482422,33.013999938964844,2900,32.777217864990234,0.0
ITEQ,2019-01-14,32.79999923706055,32.79999923706055,32.529998779296875,32.529998779296875,2900,32.296688079833984,0.0
ITEQ,2019-01-15,32.529998779296875,32.95199966430664,32.529998779296875,32.93000030517578,12400,32.69382095336914,0.0
ITEQ,2019-01-16,33.029998779296875,33.16999816894531,32.880001068115234,32.95899963378906,3900,32.72261428833008,0.0
ITEQ,2019-01-17,32.900001525878906,33.279998779296875,32.880001068115234,33.16600036621094,3900,32.92812728881836,0.0
ITEQ,2019-01-18,33.380001068115234,33.400001525878906,33.20000076293945,33.310001373291016,7000,33.071102142333984,0.0
ITEQ,2019-01-22,33.27000045776367,33.27000045776367,32.81999969482422,32.97999954223633,9300,32.743465423583984,0.0
ITEQ,2019-01-23,32.91999816894531,33.099998474121094,32.60200119018555,32.86000061035156,7000,32.624324798583984,0.0
ITEQ,2019-01-24,32.849998474121094,33.37900161743164,32.849998474121094,33.37900161743164,5400,33.13960266113281,0.0
ITEQ,2019-01-25,33.59000015258789,33.91699981689453,33.59000015258789,33.86600112915039,5600,33.62310791015625,0.0
ITEQ,2019-01-28,33.689998626708984,33.88999938964844,33.61000061035156,33.88999938964844,5900,33.64693832397461,0.0
ITEQ,2019-01-29,34.0,34.0,33.8650016784668,33.8650016784668,3600,33.62211227416992,0.0
ITEQ,2019-01-30,34.209999084472656,34.54999923706055,34.099998474121094,34.47999954223633,19300,34.232704162597656,0.0
ITEQ,2019-01-31,34.61000061035156,35.08000183105469,34.61000061035156,35.013999938964844,7000,34.76287841796875,0.0
ITEQ,2019-02-01,35.119998931884766,35.26499938964844,35.099998474121094,35.21200180053711,3400,34.95945739746094,0.0
ITEQ,2019-02-04,35.279998779296875,35.619998931884766,35.279998779296875,35.569000244140625,5900,35.31389617919922,0.0
ITEQ,2019-02-05,35.58000183105469,35.790000915527344,35.58000183105469,35.6150016784668,12400,35.35956954956055,0.0
ITEQ,2019-02-06,35.59000015258789,35.654998779296875,35.50299835205078,35.5880012512207,10100,35.332759857177734,0.0
ITEQ,2019-02-07,35.380001068115234,35.380001068115234,35.150001525878906,35.27199935913086,8600,35.019020080566406,0.0
ITEQ,2019-02-08,35.130001068115234,35.47999954223633,35.130001068115234,35.47800064086914,5900,35.22354507446289,0.0
ITEQ,2019-02-11,35.5989990234375,35.67499923706055,35.58000183105469,35.659000396728516,4200,35.40325164794922,0.0
ITEQ,2019-02-12,35.43000030517578,35.62200164794922,35.43000030517578,35.60900115966797,3600,35.353607177734375,0.0
ITEQ,2019-02-13,35.72999954223633,35.737998962402344,35.63800048828125,35.6870002746582,2200,35.43104934692383,0.0
ITEQ,2019-02-14,35.810001373291016,36.19900131225586,35.810001373291016,36.13999938964844,13300,35.880794525146484,0.0
ITEQ,2019-02-15,36.310001373291016,36.33000183105469,36.13100051879883,36.33000183105469,10300,36.069435119628906,0.0
ITEQ,2019-02-19,36.130001068115234,36.42900085449219,36.130001068115234,36.369998931884766,20600,36.10914611816406,0.0
ITEQ,2019-02-20,36.2599983215332,36.36000061035156,36.09000015258789,36.209999084472656,9500,35.95029830932617,0.0
ITEQ,2019-02-21,36.25,36.400001525878906,36.13999938964844,36.349998474121094,19900,36.089290618896484,0.0
ITEQ,2019-02-22,36.41999816894531,36.67100143432617,36.38999938964844,36.67100143432617,6000,36.407989501953125,0.0
ITEQ,2019-02-25,36.880001068115234,37.0620002746582,36.869998931884766,36.869998931884766,8600,36.605560302734375,0.0
ITEQ,2019-02-26,36.790000915527344,36.79999923706055,36.650001525878906,36.689998626708984,7400,36.426856994628906,0.0
ITEQ,2019-02-27,36.448001861572266,36.81999969482422,36.448001861572266,36.81800079345703,6700,36.55393600463867,0.0
ITEQ,2019-02-28,36.83000183105469,36.83000183105469,36.599998474121094,36.68000030517578,7300,36.416927337646484,0.0
ITEQ,2019-03-01,36.83000183105469,36.970001220703125,36.810001373291016,36.970001220703125,2900,36.7048454284668,0.0
ITEQ,2019-03-04,37.08000183105469,37.08000183105469,36.310001373291016,36.619998931884766,30900,36.357357025146484,0.0
ITEQ,2019-03-05,36.560001373291016,36.560001373291016,36.400001525878906,36.400001525878906,3500,36.13893508911133,0.0
ITEQ,2019-03-06,36.45000076293945,36.45000076293945,35.959999084472656,35.959999084472656,8300,35.702091217041016,0.0
ITEQ,2019-03-07,35.869998931884766,35.869998931884766,35.61000061035156,35.729000091552734,5700,35.472747802734375,0.0
ITEQ,2019-03-08,35.560001373291016,35.75,35.5,35.75,2500,35.493595123291016,0.0
ITEQ,2019-03-11,35.95000076293945,36.38999938964844,35.95000076293945,36.37200164794922,5800,36.11113739013672,0.0
ITEQ,2019-03-12,36.40999984741211,36.560001373291016,36.400001525878906,36.47600173950195,5700,36.21438980102539,0.0
ITEQ,2019-03-13,36.630001068115234,36.81999969482422,36.58000183105469,36.70000076293945,6900,36.43678283691406,0.0
ITEQ,2019-03-14,36.560001373291016,36.73099899291992,36.560001373291016,36.6609992980957,3500,36.39805603027344,0.0
ITEQ,2019-03-15,36.7599983215332,36.900001525878906,36.7400016784668,36.77000045776367,2900,36.50627899169922,0.0
ITEQ,2019-03-18,36.880001068115234,37.09000015258789,36.79999923706055,36.909000396728516,8600,36.644287109375,0.0
ITEQ,2019-03-19,37.09000015258789,37.09000015258789,36.95000076293945,37.00600051879883,6600,36.74058532714844,0.0
ITEQ,2019-03-20,37.08000183105469,37.31999969482422,36.970001220703125,37.29999923706055,12000,37.03247833251953,0.0
ITEQ,2019-03-21,37.09000015258789,37.45800018310547,37.09000015258789,37.45800018310547,34100,37.18934631347656,0.0
ITEQ,2019-03-22,37.15999984741211,37.310001373291016,36.54999923706055,36.54999923706055,30700,36.28785705566406,0.0
ITEQ,2019-03-25,36.41999816894531,36.41999816894531,36.167999267578125,36.37799835205078,12900,36.11709213256836,0.0
ITEQ,2019-03-26,36.77000045776367,36.970001220703125,36.762001037597656,36.880001068115234,3600,36.6154899597168,0.0
ITEQ,2019-03-27,36.95000076293945,36.95000076293945,36.34000015258789,36.56999969482422,4500,36.30771255493164,0.0
ITEQ,2019-03-28,36.720001220703125,36.974998474121094,36.689998626708984,36.939998626708984,7700,36.6750602722168,0.0
ITEQ,2019-03-29,37.060001373291016,37.25,37.060001373291016,37.25,7100,36.98284149169922,0.0
ITEQ,2019-04-01,37.650001525878906,37.68000030517578,37.310001373291016,37.555999755859375,10600,37.286643981933594,0.0
ITEQ,2019-04-02,37.619998931884766,37.84000015258789,37.619998931884766,37.84000015258789,6700,37.56861114501953,0.0
ITEQ,2019-04-03,38.11000061035156,38.13999938964844,37.94499969482422,38.029998779296875,20500,37.757240295410156,0.0
ITEQ,2019-04-04,37.91999816894531,37.93000030517578,37.43000030517578,37.54999923706055,13000,37.28068542480469,0.0
ITEQ,2019-04-05,37.689998626708984,37.82099914550781,37.650001525878906,37.779998779296875,10000,37.509033203125,0.0
ITEQ,2019-04-08,37.75,37.88999938964844,37.5260009765625,37.88999938964844,6000,37.61824417114258,0.0
ITEQ,2019-04-09,37.79999923706055,37.95000076293945,37.79999923706055,37.95000076293945,30500,37.67782211303711,0.0
ITEQ,2019-04-10,38.060001373291016,38.310001373291016,37.99700164794922,38.310001373291016,15500,38.035240173339844,0.0
ITEQ,2019-04-11,38.38999938964844,38.38999938964844,38.189998626708984,38.290000915527344,22100,38.015380859375,0.0
ITEQ,2019-04-12,38.29999923706055,38.45000076293945,38.29999923706055,38.400001525878906,12900,38.12459182739258,0.0
ITEQ,2019-04-15,38.5099983215332,38.56999969482422,38.31800079345703,38.38999938964844,7900,38.114662170410156,0.0
ITEQ,2019-04-16,38.47999954223633,38.5099983215332,38.29999923706055,38.34000015258789,5100,38.06502151489258,0.0
ITEQ,2019-04-17,38.4900016784668,38.540000915527344,37.970001220703125,37.986000061035156,45800,37.713558197021484,0.0
ITEQ,2019-04-18,37.77000045776367,37.77000045776367,37.36000061035156,37.6349983215332,6800,37.36507797241211,0.0
ITEQ,2019-04-22,37.5,37.849998474121094,37.5,37.8489990234375,7000,37.57754135131836,0.0
ITEQ,2019-04-23,37.90999984741211,38.41999816894531,37.90999984741211,38.40999984741211,45400,38.134521484375,0.0
ITEQ,2019-04-24,38.349998474121094,38.4900016784668,38.334999084472656,38.37699890136719,5400,38.10175704956055,0.0
ITEQ,2019-04-25,38.15999984741211,38.400001525878906,38.15999984741211,38.33599853515625,3500,38.0610466003418,0.0
ITEQ,2019-04-26,38.31999969482422,38.58000183105469,38.2400016784668,38.558998107910156,5600,38.282447814941406,0.0
ITEQ,2019-04-29,38.540000915527344,38.709999084472656,38.540000915527344,38.641998291015625,4800,38.36485290527344,0.0
ITEQ,2019-04-30,38.709999084472656,38.709999084472656,38.303001403808594,38.57699966430664,5700,38.300323486328125,0.0
ITEQ,2019-05-01,38.45000076293945,38.52000045776367,38.20000076293945,38.20000076293945,5000,37.926025390625,0.0
ITEQ,2019-05-02,38.189998626708984,38.36000061035156,38.09700012207031,38.28900146484375,3400,38.01438522338867,0.0
ITEQ,2019-05-03,38.4900016784668,38.861000061035156,38.4900016784668,38.861000061035156,14000,38.58228302001953,0.0
ITEQ,2019-05-06,38.33000183105469,38.83700180053711,38.20000076293945,38.83700180053711,8400,38.55845642089844,0.0
ITEQ,2019-05-07,38.689998626708984,38.86000061035156,38.22999954223633,38.433998107910156,10500,38.15834426879883,0.0
ITEQ,2019-05-08,38.439998626708984,38.59600067138672,38.36000061035156,38.51100158691406,14800,38.23479461669922,0.0
ITEQ,2019-05-09,38.20000076293945,38.430999755859375,37.91999816894531,38.430999755859375,6800,38.15536880493164,0.0
ITEQ,2019-05-10,38.349998474121094,38.54100036621094,37.970001220703125,38.444000244140625,4300,38.16827392578125,0.0
ITEQ,2019-05-13,37.869998931884766,37.869998931884766,37.349998474121094,37.43299865722656,11300,37.16452407836914,0.0
ITEQ,2019-05-14,37.619998931884766,37.95000076293945,37.619998931884766,37.8380012512207,9700,37.56662368774414,0.0
ITEQ,2019-05-15,37.619998931884766,38.53499984741211,37.619998931884766,38.439998626708984,4300,38.164302825927734,0.0
ITEQ,2019-05-16,38.45000076293945,38.90999984741211,38.43000030517578,38.849998474121094,8600,38.57136154174805,0.0
ITEQ,2019-05-17,38.650001525878906,38.970001220703125,38.63999938964844,38.678001403808594,11800,38.40060043334961,0.0
ITEQ,2019-05-20,38.33000183105469,38.33000183105469,38.08000183105469,38.13999938964844,7200,37.866455078125,0.0
ITEQ,2019-05-21,38.209999084472656,38.41999816894531,38.209999084472656,38.33599853515625,7100,38.0610466003418,0.0
ITEQ,2019-05-22,38.43000030517578,38.720001220703125,38.43000030517578,38.630001068115234,7100,38.352943420410156,0.0
ITEQ,2019-05-23,38.27000045776367,38.27000045776367,37.64400100708008,37.80099868774414,6000,37.529884338378906,0.0
ITEQ,2019-05-24,38.11399841308594,38.11399841308594,37.93000030517578,38.08100128173828,3300,37.80788040161133,0.0
ITEQ,2019-05-28,38.04999923706055,38.2599983215332,38.029998779296875,38.09000015258789,9500,37.81681442260742,0.0
ITEQ,2019-05-29,37.90999984741211,37.90999984741211,37.542999267578125,37.65700149536133,7000,37.38691711425781,0.0
ITEQ,2019-05-30,37.90999984741211,37.90999984741211,37.757999420166016,37.89799880981445,1600,37.626190185546875,0.0
ITEQ,2019-05-31,37.599998474121094,37.70000076293945,37.54999923706055,37.659000396728516,2700,37.38890075683594,0.0
ITEQ,2019-06-03,37.83000183105469,37.83000183105469,36.88999938964844,36.972999572753906,128900,36.707828521728516,0.0
ITEQ,2019-06-04,37.43000030517578,37.93000030517578,37.43000030517578,37.926998138427734,6500,37.65497970581055,0.0
ITEQ,2019-06-05,38.08000183105469,38.13600158691406,37.7400016784668,38.13600158691406,9800,37.862483978271484,0.0
ITEQ,2019-06-06,38.150001525878906,38.16999816894531,37.880001068115234,38.14400100708008,5200,37.87042999267578,0.0
ITEQ,2019-06-07,38.29999923706055,38.599998474121094,38.27000045776367,38.45800018310547,8500,38.18217849731445,0.0
ITEQ,2019-06-10,38.58000183105469,38.83000183105469,38.58000183105469,38.58700180053711,6900,38.31024932861328,0.0
ITEQ,2019-06-11,38.72999954223633,38.80799865722656,38.15700149536133,38.255001068115234,3700,37.980628967285156,0.0
ITEQ,2019-06-12,38.2130012512207,38.25,38.152000427246094,38.22100067138672,9600,37.946876525878906,0.0
ITEQ,2019-06-13,38.470001220703125,38.59000015258789,38.43000030517578,38.5099983215332,3000,38.233802795410156,0.0
ITEQ,2019-06-14,38.5,38.5,38.2400016784668,38.31999969482422,8800,38.045162200927734,0.0
ITEQ,2019-06-17,38.29999923706055,38.52000045776367,38.29999923706055,38.349998474121094,9500,38.07494354248047,0.0
ITEQ,2019-06-18,38.834999084472656,38.91999816894531,38.720001220703125,38.74399948120117,3200,38.466121673583984,0.0
ITEQ,2019-06-19,38.86000061035156,39.09000015258789,38.80699920654297,39.084999084472656,11100,38.8046760559082,0.0
ITEQ,2019-06-20,39.41999816894531,39.439998626708984,39.0,39.18600082397461,12100,38.90494918823242,0.0
ITEQ,2019-06-21,39.060001373291016,39.060001373291016,38.80400085449219,38.97800064086914,4000,38.69844436645508,0.0
ITEQ,2019-06-24,39.08000183105469,39.08000183105469,38.61000061035156,38.61000061035156,14700,38.33308410644531,0.0
ITEQ,2019-06-25,38.630001068115234,38.68000030517578,38.25400161743164,38.28900146484375,5700,38.01438522338867,0.0
ITEQ,2019-06-26,38.47999954223633,38.604000091552734,38.040000915527344,38.040000915527344,6700,37.767173767089844,0.0
ITEQ,2019-06-27,38.21900177001953,38.48699951171875,38.209999084472656,38.470001220703125,3800,38.194091796875,0.0
ITEQ,2019-06-28,38.58000183105469,38.94599914550781,38.52000045776367,38.94599914550781,3800,38.66667175292969,0.0
ITEQ,2019-07-01,39.56999969482422,39.56999969482422,39.095001220703125,39.137001037597656,9600,38.85630798339844,0.0
ITEQ,2019-07-02,39.22999954223633,39.31100082397461,39.1609992980957,39.31100082397461,7300,39.029052734375,0.0
ITEQ,2019-07-03,39.59000015258789,39.59000015258789,39.41299819946289,39.48699951171875,5400,39.203792572021484,0.0
ITEQ,2019-07-05,39.380001068115234,39.47700119018555,39.23400115966797,39.47100067138672,6800,39.18791198730469,0.0
ITEQ,2019-07-08,39.439998626708984,39.470001220703125,39.31999969482422,39.345001220703125,3400,39.06281280517578,0.0
ITEQ,2019-07-09,39.22999954223633,39.61000061035156,39.22999954223633,39.61000061035156,7400,39.32591247558594,0.0
ITEQ,2019-07-10,39.83000183105469,39.939998626708984,39.7599983215332,39.90599822998047,7200,39.61978530883789,0.0
ITEQ,2019-07-11,39.9900016784668,40.09000015258789,39.92599868774414,40.08000183105469,15000,39.79254150390625,0.0
ITEQ,2019-07-12,40.130001068115234,40.21099853515625,39.952999114990234,40.21099853515625,14200,39.9225959777832,0.0
ITEQ,2019-07-15,40.47999954223633,40.529998779296875,40.310001373291016,40.51499938964844,15800,40.22441864013672,0.0
ITEQ,2019-07-16,40.5099983215332,40.5099983215332,40.244998931884766,40.27000045776367,14000,39.981178283691406,0.0
ITEQ,2019-07-17,40.189998626708984,40.380001068115234,40.130001068115234,40.130001068115234,43300,39.842185974121094,0.0
ITEQ,2019-07-18,40.16999816894531,40.40999984741211,40.05500030517578,40.39500045776367,9700,40.10528564453125,0.0
ITEQ,2019-07-19,40.459999084472656,40.6150016784668,40.29999923706055,40.29999923706055,16900,40.01095962524414,0.0
ITEQ,2019-07-22,40.380001068115234,40.599998474121094,40.380001068115234,40.470001220703125,8300,40.179744720458984,0.0
ITEQ,2019-07-23,40.619998931884766,40.69499969482422,40.34000015258789,40.66999816894531,15800,40.37830352783203,0.0
ITEQ,2019-07-24,40.439998626708984,41.130001068115234,40.439998626708984,41.130001068115234,8200,40.83500671386719,0.0
ITEQ,2019-07-25,41.08000183105469,41.400001525878906,41.0,41.29999923706055,23800,41.003787994384766,0.0
ITEQ,2019-07-26,41.20000076293945,41.51300048828125,41.20000076293945,41.48500061035156,8200,41.18746566772461,0.0
ITEQ,2019-07-29,41.630001068115234,41.630001068115234,40.98400115966797,41.5,9200,41.202354431152344,0.0
ITEQ,2019-07-30,41.439998626708984,41.61000061035156,41.38399887084961,41.486000061035156,6700,41.18845748901367,0.0
ITEQ,2019-07-31,41.540000915527344,42.029998779296875,41.540000915527344,41.54899978637695,7500,41.251007080078125,0.0
ITEQ,2019-08-01,41.66999816894531,42.16999816894531,41.4640007019043,41.59000015258789,7000,41.291709899902344,0.0
ITEQ,2019-08-02,41.5,41.5,40.849998474121094,41.249000549316406,20300,40.95315933227539,0.0
ITEQ,2019-08-05,40.66999816894531,40.66999816894531,39.56999969482422,40.0,17200,39.71311950683594,0.0
ITEQ,2019-08-06,40.22999954223633,40.45000076293945,40.0,40.15999984741211,11300,39.871971130371094,0.0
ITEQ,2019-08-07,40.13999938964844,40.599998474121094,39.91999816894531,40.5989990234375,9500,40.30781555175781,0.0
ITEQ,2019-08-08,41.040000915527344,41.880001068115234,41.040000915527344,41.84000015258789,10300,41.5399169921875,0.0
ITEQ,2019-08-09,41.7400016784668,41.7400016784668,41.380001068115234,41.51300048828125,7600,41.21526336669922,0.0
ITEQ,2019-08-12,41.31999969482422,41.540000915527344,41.220001220703125,41.470001220703125,33800,41.17257308959961,0.0
ITEQ,2019-08-13,41.27000045776367,41.869998931884766,41.27000045776367,41.79999923706055,24300,41.500205993652344,0.0
ITEQ,2019-08-14,41.29999923706055,41.29999923706055,40.599998474121094,40.68000030517578,8800,40.38823699951172,0.0
ITEQ,2019-08-15,40.779998779296875,40.8849983215332,40.54999923706055,40.790000915527344,7300,40.49745178222656,0.0
ITEQ,2019-08-16,41.08000183105469,41.36899948120117,41.08000183105469,41.35499954223633,5700,41.05839538574219,0.0
ITEQ,2019-08-19,41.810001373291016,41.86000061035156,41.689998626708984,41.78799819946289,32600,41.48828887939453,0.0
ITEQ,2019-08-20,41.790000915527344,41.900001525878906,41.654998779296875,41.74399948120117,11200,41.44460678100586,0.0
ITEQ,2019-08-21,42.16999816894531,42.52000045776367,42.16999816894531,42.45000076293945,24000,42.145545959472656,0.0
ITEQ,2019-08-22,42.470001220703125,42.709999084472656,42.119998931884766,42.63999938964844,36500,42.33418273925781,0.0
ITEQ,2019-08-23,42.23699951171875,42.470001220703125,41.79499816894531,41.869998931884766,35200,41.5697021484375,0.0
ITEQ,2019-08-26,41.86000061035156,41.86000061035156,41.404998779296875,41.599998474121094,21800,41.3016357421875,0.0
ITEQ,2019-08-27,41.79999923706055,41.79999923706055,41.099998474121094,41.15999984741211,7100,40.86479187011719,0.0
ITEQ,2019-08-28,41.04999923706055,41.154998779296875,40.81999969482422,41.029998779296875,11700,40.73572540283203,0.0
ITEQ,2019-08-29,41.349998474121094,41.58000183105469,41.349998474121094,41.47999954223633,5300,41.182498931884766,0.0
ITEQ,2019-08-30,41.720001220703125,41.720001220703125,41.25,41.4630012512207,7700,41.16562271118164,0.0
ITEQ,2019-09-03,41.220001220703125,41.31999969482422,40.970001220703125,41.099998474121094,12400,40.80522155761719,0.0
ITEQ,2019-09-04,41.439998626708984,41.5260009765625,41.2599983215332,41.36000061035156,9500,41.063358306884766,0.0
ITEQ,2019-09-05,41.54999923706055,41.54999923706055,41.209999084472656,41.44300079345703,8700,41.1457633972168,0.0
ITEQ,2019-09-06,41.58000183105469,41.58000183105469,41.20100021362305,41.20100021362305,7300,40.90550231933594,0.0
ITEQ,2019-09-09,41.290000915527344,41.290000915527344,40.54999923706055,40.654998779296875,5600,40.3634147644043,0.0
ITEQ,2019-09-10,40.5,40.5,39.849998474121094,39.939998626708984,57000,39.65354537963867,0.0
ITEQ,2019-09-11,40.040000915527344,40.540000915527344,40.02000045776367,40.525001525878906,16600,40.234352111816406,0.0
ITEQ,2019-09-12,40.540000915527344,40.75,40.35300064086914,40.38100051879883,11900,40.09138488769531,0.0
ITEQ,2019-09-13,40.459999084472656,40.65999984741211,40.459999084472656,40.58000183105469,12900,40.28895950317383,0.0
ITEQ,2019-09-16,40.209999084472656,40.689998626708984,40.209999084472656,40.560001373291016,15800,40.269100189208984,0.0
ITEQ,2019-09-17,40.56999969482422,40.917999267578125,40.56999969482422,40.917999267578125,2800,40.62453079223633,0.0
ITEQ,2019-09-18,41.0,41.02000045776367,40.63999938964844,41.02000045776367,13100,40.725799560546875,0.0
ITEQ,2019-09-19,41.029998779296875,41.34400177001953,41.029998779296875,41.09199905395508,9800,40.79728698730469,0.0
ITEQ,2019-09-20,41.16999816894531,41.220001220703125,40.939998626708984,41.03499984741211,9900,40.750606536865234,0.01
ITEQ,2019-09-23,40.939998626708984,41.029998779296875,40.88999938964844,40.96699905395508,5900,40.683074951171875,0.0
ITEQ,2019-09-24,41.13999938964844,41.18000030517578,40.209999084472656,40.29999923706055,14200,40.02069854736328,0.0
ITEQ,2019-09-25,40.279998779296875,40.3390007019043,39.849998474121094,40.3390007019043,9200,40.05943298339844,0.0
ITEQ,2019-09-26,40.439998626708984,40.439998626708984,40.119998931884766,40.209999084472656,6200,39.93132400512695,0.0
ITEQ,2019-09-27,40.380001068115234,40.380001068115234,39.4900016784668,39.60499954223633,14400,39.33051681518555,0.0
ITEQ,2019-09-30,39.709999084472656,39.92499923706055,39.67499923706055,39.861000061035156,11100,39.584747314453125,0.0
ITEQ,2019-10-01,40.06999969482422,40.06999969482422,39.48500061035156,39.50199890136719,3500,39.228233337402344,0.0
ITEQ,2019-10-02,39.189998626708984,39.189998626708984,38.83000183105469,39.104000091552734,8200,38.83299255371094,0.0
ITEQ,2019-10-03,39.26900100708008,39.698001861572266,39.0,39.698001861572266,38900,39.42287826538086,0.0
ITEQ,2019-10-04,39.81999969482422,40.20399856567383,39.709999084472656,40.20399856567383,8700,39.92536163330078,0.0
ITEQ,2019-10-07,40.15999984741211,40.43299865722656,40.15999984741211,40.279998779296875,6400,40.00083923339844,0.0
ITEQ,2019-10-08,40.02000045776367,40.130001068115234,39.7599983215332,39.90999984741211,34100,39.63340377807617,0.0
ITEQ,2019-10-09,39.970001220703125,40.040000915527344,39.93000030517578,39.93000030517578,24400,39.65327072143555,0.0
ITEQ,2019-10-10,39.83000183105469,39.97999954223633,39.7599983215332,39.95000076293945,8700,39.67313003540039,0.0
ITEQ,2019-10-11,40.34000015258789,40.68199920654297,40.34000015258789,40.51499938964844,11200,40.23421096801758,0.0
ITEQ,2019-10-14,40.415000915527344,40.415000915527344,40.27000045776367,40.290000915527344,3900,40.010772705078125,0.0
ITEQ,2019-10-15,40.45899963378906,40.60900115966797,40.45000076293945,40.60900115966797,3500,40.32756042480469,0.0
ITEQ,2019-10-16,40.439998626708984,40.439998626708984,40.150001525878906,40.34000015258789,4000,40.0604248046875,0.0
ITEQ,2019-10-17,40.33000183105469,40.499000549316406,40.33000183105469,40.42300033569336,3600,40.142852783203125,0.0
ITEQ,2019-10-18,40.16999816894531,40.16999816894531,39.78900146484375,39.97700119018555,2400,39.69994354248047,0.0
ITEQ,2019-10-21,40.11000061035156,40.34000015258789,40.060001373291016,40.18000030517578,36700,39.90153503417969,0.0
ITEQ,2019-10-22,40.18000030517578,40.279998779296875,39.7400016784668,39.7400016784668,5400,39.46458435058594,0.0
ITEQ,2019-10-23,39.619998931884766,40.00600051879883,39.54999923706055,39.869998931884766,4800,39.59367752075195,0.0
ITEQ,2019-10-24,40.0,40.150001525878906,39.88999938964844,40.13999938964844,15400,39.861812591552734,0.0
ITEQ,2019-10-25,40.119998931884766,40.176998138427734,40.0,40.152000427246094,6600,39.87372589111328,0.0
ITEQ,2019-10-28,40.650001525878906,40.79999923706055,40.650001525878906,40.7599983215332,2900,40.477516174316406,0.0
ITEQ,2019-10-29,40.7400016784668,41.209999084472656,40.7400016784668,41.1150016784668,4200,40.830055236816406,0.0
ITEQ,2019-10-30,41.130001068115234,41.45000076293945,40.92100143432617,41.43000030517578,32100,41.14287185668945,0.0
ITEQ,2019-10-31,41.5,41.5,41.099998474121094,41.19200134277344,8400,40.906517028808594,0.0
ITEQ,2019-11-01,41.49399948120117,41.709999084472656,41.49399948120117,41.696998596191406,2700,41.40802001953125,0.0
ITEQ,2019-11-04,41.86000061035156,41.939998626708984,41.779998779296875,41.79199981689453,7100,41.50236129760742,0.0
ITEQ,2019-11-05,41.83000183105469,41.900001525878906,41.60900115966797,41.87900161743164,5300,41.58876037597656,0.0
ITEQ,2019-11-06,42.11000061035156,42.20000076293945,41.935001373291016,41.935001373291016,8100,41.644371032714844,0.0
ITEQ,2019-11-07,42.06999969482422,42.19900131225586,41.70000076293945,41.803001403808594,17400,41.51329040527344,0.0
ITEQ,2019-11-08,41.650001525878906,41.935001373291016,41.47999954223633,41.935001373291016,19700,41.644371032714844,0.0
ITEQ,2019-11-11,41.529998779296875,41.78799819946289,41.5099983215332,41.720001220703125,12800,41.43086242675781,0.0
ITEQ,2019-11-12,41.72999954223633,42.09000015258789,41.72999954223633,42.02199935913086,9700,41.73076629638672,0.0
ITEQ,2019-11-13,41.84000015258789,42.08000183105469,41.79999923706055,42.02000045776367,23300,41.728782653808594,0.0
ITEQ,2019-11-14,41.95000076293945,42.10300064086914,41.900001525878906,42.099998474121094,2100,41.8082275390625,0.0
ITEQ,2019-11-15,42.31999969482422,42.4900016784668,42.189998626708984,42.4900016784668,15400,42.195526123046875,0.0
ITEQ,2019-11-18,42.36000061035156,42.4119987487793,42.28499984741211,42.36000061035156,11000,42.06642532348633,0.0
ITEQ,2019-11-19,42.310001373291016,42.516998291015625,42.27000045776367,42.40999984741211,34000,42.1160774230957,0.0
ITEQ,2019-11-20,42.2400016784668,42.47999954223633,42.104000091552734,42.3120002746582,8600,42.018760681152344,0.0
ITEQ,2019-11-21,42.33000183105469,42.36000061035156,42.2130012512207,42.23400115966797,3600,41.94129943847656,0.0
ITEQ,2019-11-22,42.29999923706055,42.34000015258789,42.119998931884766,42.33300018310547,5000,42.03961181640625,0.0
ITEQ,2019-11-25,42.560001373291016,42.97999954223633,42.560001373291016,42.87300109863281,8800,42.57587432861328,0.0
ITEQ,2019-11-26,43.0,43.040000915527344,42.939998626708984,42.96900177001953,6100,42.671207427978516,0.0
ITEQ,2019-11-27,42.86000061035156,43.10200119018555,42.86000061035156,43.10200119018555,8900,42.803287506103516,0.0
ITEQ,2019-11-29,42.9900016784668,43.053001403808594,42.869998931884766,42.979000091552734,4100,42.68113708496094,0.0
ITEQ,2019-12-02,43.02000045776367,43.02000045776367,42.279998779296875,42.560001373291016,12400,42.26504135131836,0.0
ITEQ,2019-12-03,42.18000030517578,42.439998626708984,41.970001220703125,42.439998626708984,5200,42.1458740234375,0.0
ITEQ,2019-12-04,42.61000061035156,42.66999816894531,42.29999923706055,42.41999816894531,35300,42.12600326538086,0.0
ITEQ,2019-12-05,42.72999954223633,42.72999954223633,42.31999969482422,42.321998596191406,8200,42.0286865234375,0.0
ITEQ,2019-12-06,42.439998626708984,42.619998931884766,42.36000061035156,42.36000061035156,5300,42.06642532348633,0.0
ITEQ,2019-12-09,42.36000061035156,42.43000030517578,42.290000915527344,42.3650016784668,10300,42.07139205932617,0.0
ITEQ,2019-12-10,42.27000045776367,42.31999969482422,42.14500045776367,42.17499923706055,2900,41.88270568847656,0.0
ITEQ,2019-12-11,42.2599983215332,42.375,42.220001220703125,42.375,2600,42.081321716308594,0.0
ITEQ,2019-12-12,42.349998474121094,42.65999984741211,42.349998474121094,42.540000915527344,9700,42.245182037353516,0.0
ITEQ,2019-12-13,42.72999954223633,42.95000076293945,42.72999954223633,42.90999984741211,9100,42.61261749267578,0.0
ITEQ,2019-12-16,43.04999923706055,43.380001068115234,42.970001220703125,43.310001373291016,166700,43.00984191894531,0.0
ITEQ,2019-12-17,43.2400016784668,43.25,43.13999938964844,43.23500061035156,15100,42.93536376953125,0.0
ITEQ,2019-12-18,43.290000915527344,43.29600143432617,43.189998626708984,43.26900100708008,15600,42.9691276550293,0.0
ITEQ,2019-12-19,43.060001373291016,43.27299880981445,43.04999923706055,43.27299880981445,5700,42.97309875488281,0.0
ITEQ,2019-12-20,43.369998931884766,43.439998626708984,43.2859992980957,43.2859992980957,11000,42.98600769042969,0.0
ITEQ,2019-12-23,43.29999923706055,43.349998474121094,43.11000061035156,43.34000015258789,17900,43.039634704589844,0.0
ITEQ,2019-12-24,43.41999816894531,43.4900016784668,43.22999954223633,43.43299865722656,31100,43.13199234008789,0.0
ITEQ,2019-12-26,43.36000061035156,43.56999969482422,43.36000061035156,43.486000061035156,6500,43.18461990356445,0.0
ITEQ,2019-12-27,43.599998474121094,43.61000061035156,43.40999984741211,43.44499969482422,16500,43.14390182495117,0.0
ITEQ,2019-12-30,43.380001068115234,43.380001068115234,42.979000091552734,43.09299850463867,4600,42.79434585571289,0.0
ITEQ,2019-12-31,43.09000015258789,43.24300003051758,43.040000915527344,43.24300003051758,7500,42.94330596923828,0.0
ITEQ,2020-01-02,43.540000915527344,43.66999816894531,43.37799835205078,43.63999938964844,12800,43.33755111694336,0.0
ITEQ,2020-01-03,43.20000076293945,43.595001220703125,43.20000076293945,43.45000076293945,8700,43.148868560791016,0.0
ITEQ,2020-01-06,43.310001373291016,43.8650016784668,43.310001373291016,43.84000015258789,19200,43.53616714477539,0.0
ITEQ,2020-01-07,43.77000045776367,44.29999923706055,43.77000045776367,44.290000915527344,34000,43.98305130004883,0.0
ITEQ,2020-01-08,44.2599983215332,44.709999084472656,44.189998626708984,44.540000915527344,21000,44.231319427490234,0.0
ITEQ,2020-01-09,44.77000045776367,45.040000915527344,44.77000045776367,44.902000427246094,16200,44.5908088684082,0.0
ITEQ,2020-01-10,44.970001220703125,45.33000183105469,44.959999084472656,45.19900131225586,27900,44.88574981689453,0.0
ITEQ,2020-01-13,45.25,45.66999816894531,45.25,45.6349983215332,36100,45.3187255859375,0.0
ITEQ,2020-01-14,45.58000183105469,45.7599983215332,45.270999908447266,45.63100051879883,12700,45.314754486083984,0.0
ITEQ,2020-01-15,45.63999938964844,46.040000915527344,45.63999938964844,45.86199951171875,6300,45.54415512084961,0.0
ITEQ,2020-01-16,46.150001525878906,46.7760009765625,46.150001525878906,46.7760009765625,18000,46.45182418823242,0.0
ITEQ,2020-01-17,46.9900016784668,47.0,46.689998626708984,46.749000549316406,37200,46.42500686645508,0.0
ITEQ,2020-01-21,46.779998779296875,47.077999114990234,46.75,46.92399978637695,19100,46.59879684448242,0.0
ITEQ,2020-01-22,47.220001220703125,47.42399978637695,47.07400131225586,47.097999572753906,23000,46.77158737182617,0.0
ITEQ,2020-01-23,47.04999923706055,47.099998474121094,46.779998779296875,47.04899978637695,21700,46.72292709350586,0.0
ITEQ,2020-01-24,47.08000183105469,47.2400016784668,46.560001373291016,46.637001037597656,17900,46.31378936767578,0.0
ITEQ,2020-01-27,45.52000045776367,45.779998779296875,45.15999984741211,45.481998443603516,18100,45.16679000854492,0.0
ITEQ,2020-01-28,45.689998626708984,45.88399887084961,45.63999938964844,45.84000015258789,28000,45.522308349609375,0.0
ITEQ,2020-01-29,46.11000061035156,46.209999084472656,46.02000045776367,46.03200149536133,24300,45.71297836303711,0.0
ITEQ,2020-01-30,45.75,46.08700180053711,45.70000076293945,46.08700180053711,6900,45.76759719848633,0.0
ITEQ,2020-01-31,45.900001525878906,45.93000030517578,45.09400177001953,45.172000885009766,19600,44.85893630981445,0.0
ITEQ,2020-02-03,44.9900016784668,45.400001525878906,44.880001068115234,45.31999969482422,10700,45.00591278076172,0.0
ITEQ,2020-02-04,45.869998931884766,46.34000015258789,45.75,46.29999923706055,8500,45.97911834716797,0.0
ITEQ,2020-02-05,46.900001525878906,47.029998779296875,46.43000030517578,46.560001373291016,27600,46.2373161315918,0.0
ITEQ,2020-02-06,46.68000030517578,46.68000030517578,46.45000076293945,46.68000030517578,8200,46.35648727416992,0.0
ITEQ,2020-02-07,46.5099983215332,46.5099983215332,46.209999084472656,46.27199935913086,18000,45.95131301879883,0.0
ITEQ,2020-02-10,46.08000183105469,46.5099983215332,46.0,46.505001068115234,9800,46.182701110839844,0.0
ITEQ,2020-02-11,46.779998779296875,46.97999954223633,46.709999084472656,46.79999923706055,10600,46.475650787353516,0.0
ITEQ,2020-02-12,46.86000061035156,46.86000061035156,46.56999969482422,46.80799865722656,30900,46.48360061645508,0.0
ITEQ,2020-02-13,46.54999923706055,46.858001708984375,46.470001220703125,46.689998626708984,10200,46.36641311645508,0.0
ITEQ,2020-02-14,46.540000915527344,46.60499954223633,46.459999084472656,46.54600143432617,26700,46.223419189453125,0.0
ITEQ,2020-02-18,46.54999923706055,46.60300064086914,46.400001525878906,46.590999603271484,11800,46.26810073852539,0.0
ITEQ,2020-02-19,46.91999816894531,47.3849983215332,46.91999816894531,47.349998474121094,15900,47.0218391418457,0.0
ITEQ,2020-02-20,47.130001068115234,47.36000061035156,46.5,47.26599884033203,12600,46.93842315673828,0.0
ITEQ,2020-02-21,47.11000061035156,47.11000061035156,46.619998931884766,46.77399826049805,17400,46.449832916259766,0.0
ITEQ,2020-02-24,45.220001220703125,45.349998474121094,44.849998474121094,45.10599899291992,31200,44.79339599609375,0.0
ITEQ,2020-02-25,45.220001220703125,45.29999923706055,43.79999923706055,43.79999923706055,63000,43.49644470214844,0.0
ITEQ,2020-02-26,44.09000015258789,44.290000915527344,43.290000915527344,43.393001556396484,26700,43.09226608276367,0.0
ITEQ,2020-02-27,42.529998779296875,43.150001525878906,41.779998779296875,42.26599884033203,36300,41.97307586669922,0.0
ITEQ,2020-02-28,41.119998931884766,41.7599983215332,40.72999954223633,41.683998107910156,31400,41.395111083984375,0.0
ITEQ,2020-03-02,42.15999984741211,42.861000061035156,41.59000015258789,42.861000061035156,49800,42.5639533996582,0.0
ITEQ,2020-03-03,43.02000045776367,43.369998931884766,41.93000030517578,41.94499969482422,59300,41.654300689697266,0.0
ITEQ,2020-03-04,42.43000030517578,43.02000045776367,42.310001373291016,43.02000045776367,16300,42.72185134887695,0.0
ITEQ,2020-03-05,41.709999084472656,42.39400100708008,41.599998474121094,41.91999816894531,13100,41.62947082519531,0.0
ITEQ,2020-03-06,40.84000015258789,41.459999084472656,40.54199981689453,41.167999267578125,39700,40.882686614990234,0.0
ITEQ,2020-03-09,37.650001525878906,38.79999923706055,34.5099983215332,37.54199981689453,51400,37.28181838989258,0.0
ITEQ,2020-03-10,38.439998626708984,38.84000015258789,37.5,38.84000015258789,25600,38.57081985473633,0.0
ITEQ,2020-03-11,37.869998931884766,38.06999969482422,36.47999954223633,36.90999984741211,14700,36.654197692871094,0.0
ITEQ,2020-03-12,33.79999923706055,34.42499923706055,33.32699966430664,33.566001892089844,39300,33.3333740234375,0.0
ITEQ,2020-03-13,35.06999969482422,35.06999969482422,33.470001220703125,34.91999816894531,23000,34.67798614501953,0.0
ITEQ,2020-03-16,31.209999084472656,32.7599983215332,29.90999984741211,30.898000717163086,20500,30.683862686157227,0.0
ITEQ,2020-03-17,31.670000076293945,32.90999984741211,30.704999923706055,32.90999984741211,26700,32.68191909790039,0.0
ITEQ,2020-03-18,30.899999618530273,31.840999603271484,29.6200008392334,30.070999145507812,22300,29.862594604492188,0.0
ITEQ,2020-03-19,30.139999389648438,32.27000045776367,30.030000686645508,31.863000869750977,41300,31.642175674438477,0.0
ITEQ,2020-03-20,32.310001373291016,33.1349983215332,31.34000015258789,31.381000518798828,16800,31.163515090942383,0.0
ITEQ,2020-03-23,31.34000015258789,31.940000534057617,30.63599967956543,31.260000228881836,34200,31.04335594177246,0.0
ITEQ,2020-03-24,33.2599983215332,34.400001525878906,33.2599983215332,34.400001525878906,19800,34.16159439086914,0.0
ITEQ,2020-03-25,34.61000061035156,35.766998291015625,34.0,35.23500061035156,23800,34.990806579589844,0.0
ITEQ,2020-03-26,35.61000061035156,36.790000915527344,35.599998474121094,36.7599983215332,33600,36.50522994995117,0.0
ITEQ,2020-03-27,35.70000076293945,35.88999938964844,35.29999923706055,35.42300033569336,11300,35.1775016784668,0.0
ITEQ,2020-03-30,35.75,36.13999938964844,35.48400115966797,36.13999938964844,20100,35.889530181884766,0.0
ITEQ,2020-03-31,36.04999923706055,36.47999954223633,35.75,35.77000045776367,12600,35.522098541259766,0.0
ITEQ,2020-04-01,34.7599983215332,35.029998779296875,34.25,34.400001525878906,14700,34.16159439086914,0.0
ITEQ,2020-04-02,34.099998474121094,34.880001068115234,34.099998474121094,34.880001068115234,15600,34.63826370239258,0.0
ITEQ,2020-04-03,34.630001068115234,34.81999969482422,34.09400177001953,34.354000091552734,24800,34.115909576416016,0.0
ITEQ,2020-04-06,35.56999969482422,36.58000183105469,35.47999954223633,36.470001220703125,25000,36.217247009277344,0.0
ITEQ,2020-04-07,37.66999816894531,37.66999816894531,36.5,36.5099983215332,33500,36.25696563720703,0.0
ITEQ,2020-04-08,36.810001373291016,37.790000915527344,36.779998779296875,37.70000076293945,17500,37.438724517822266,0.0
ITEQ,2020-04-09,38.25,38.52000045776367,38.0,38.2859992980957,18000,38.02065658569336,0.0
ITEQ,2020-04-13,38.18000030517578,38.2599983215332,37.869998931884766,38.20500183105469,10300,37.940223693847656,0.0
ITEQ,2020-04-14,38.75,39.145999908447266,38.650001525878906,38.810001373291016,27800,38.54103088378906,0.0
ITEQ,2020-04-15,38.130001068115234,38.38999938964844,37.849998474121094,38.05799865722656,16400,37.79423904418945,0.0
ITEQ,2020-04-16,38.4900016784668,38.77000045776367,38.290000915527344,38.768001556396484,11000,38.49932098388672,0.0
ITEQ,2020-04-17,39.4900016784668,39.54100036621094,39.16999816894531,39.54100036621094,12300,39.26696014404297,0.0
ITEQ,2020-04-20,39.369998931884766,40.47999954223633,39.369998931884766,39.979000091552734,7200,39.701927185058594,0.0
ITEQ,2020-04-21,39.650001525878906,39.68000030517578,38.709999084472656,38.8120002746582,27200,38.54301452636719,0.0
ITEQ,2020-04-22,39.4900016784668,39.88999938964844,39.4900016784668,39.849998474121094,4000,39.57381820678711,0.0
ITEQ,2020-04-23,40.20000076293945,40.53499984741211,39.97999954223633,40.16999816894531,9100,39.8916015625,0.0
ITEQ,2020-04-24,40.40999984741211,40.500999450683594,40.130001068115234,40.500999450683594,11900,40.22031021118164,0.0
ITEQ,2020-04-27,41.060001373291016,41.66999816894531,41.040000915527344,41.49700164794922,37100,41.209407806396484,0.0
ITEQ,2020-04-28,41.0,42.25,41.0,41.2400016784668,10400,40.95418930053711,0.0
ITEQ,2020-04-29,42.0,42.744998931884766,42.0,42.65999984741211,6500,42.364349365234375,0.0
ITEQ,2020-04-30,42.22999954223633,42.56999969482422,41.68000030517578,41.68000030517578,15400,41.39113998413086,0.0
ITEQ,2020-05-01,40.84000015258789,40.86000061035156,39.849998474121094,40.106998443603516,36100,39.829036712646484,0.0
ITEQ,2020-05-04,39.93000030517578,40.36000061035156,39.720001220703125,40.36000061035156,20100,40.080291748046875,0.0
ITEQ,2020-05-05,41.290000915527344,41.47999954223633,41.13999938964844,41.18199920654297,7300,40.89658737182617,0.0
ITEQ,2020-05-06,41.72999954223633,42.44499969482422,41.54999923706055,42.279998779296875,41600,41.98698043823242,0.0
ITEQ,2020-05-07,42.5,42.79999923706055,42.2599983215332,42.58000183105469,8900,42.28490447998047,0.0
ITEQ,2020-05-08,43.0099983215332,43.316001892089844,42.834999084472656,43.279998779296875,9600,42.98004913330078,0.0
ITEQ,2020-05-11,43.31999969482422,44.334999084472656,43.31999969482422,44.29100036621094,8900,43.98404312133789,0.0
ITEQ,2020-05-12,44.34000015258789,44.34000015258789,43.474998474121094,43.486000061035156,12500,43.18461990356445,0.0
ITEQ,2020-05-13,43.59000015258789,43.59000015258789,42.0,42.4739990234375,8400,42.17963409423828,0.0
ITEQ,2020-05-14,42.209999084472656,42.79999923706055,41.54999923706055,42.70899963378906,17000,42.41300582885742,0.0
ITEQ,2020-05-15,42.59000015258789,43.400001525878906,42.5,43.36000061035156,10700,43.05949783325195,0.0
ITEQ,2020-05-18,44.36000061035156,44.65999984741211,44.34000015258789,44.43000030517578,16300,44.1220817565918,0.0
ITEQ,2020-05-19,44.400001525878906,44.9900016784668,44.400001525878906,44.571998596191406,21200,44.26309585571289,0.0
ITEQ,2020-05-20,45.314998626708984,45.71500015258789,45.310001373291016,45.69599914550781,5200,45.37930679321289,0.0
ITEQ,2020-05-21,45.650001525878906,45.720001220703125,45.165000915527344,45.709999084472656,9200,45.39320755004883,0.0
ITEQ,2020-05-22,45.47999954223633,46.06999969482422,45.47999954223633,46.02000045776367,9500,45.70106506347656,0.0
ITEQ,2020-05-26,47.040000915527344,47.040000915527344,46.36000061035156,46.36000061035156,21000,46.03870391845703,0.0
ITEQ,2020-05-27,46.63999938964844,46.63999938964844,45.54999923706055,46.34000015258789,5700,46.01884078979492,0.0
ITEQ,2020-05-28,46.349998474121094,46.83000183105469,46.178001403808594,46.178001403808594,4300,45.857967376708984,0.0
ITEQ,2020-05-29,46.130001068115234,47.119998931884766,46.130001068115234,47.119998931884766,6600,46.793434143066406,0.0
ITEQ,2020-06-01,47.0099983215332,47.599998474121094,46.959999084472656,47.51100158691406,17200,47.181724548339844,0.0
ITEQ,2020-06-02,47.65999984741211,47.97999954223633,47.40999984741211,47.8849983215332,9100,47.55313491821289,0.0
ITEQ,2020-06-03,48.099998474121094,48.27000045776367,47.9900016784668,48.220001220703125,18200,47.88581466674805,0.0
ITEQ,2020-06-04,47.9900016784668,48.02000045776367,47.150001525878906,47.332000732421875,23100,47.003971099853516,0.0
ITEQ,2020-06-05,47.95000076293945,47.970001220703125,47.62900161743164,47.62900161743164,167500,47.298912048339844,0.0
ITEQ,2020-06-08,47.58000183105469,47.98500061035156,47.459999084472656,47.97999954223633,34100,47.64747619628906,0.0
ITEQ,2020-06-09,47.810001373291016,47.959999084472656,47.72700119018555,47.72700119018555,7600,47.39623260498047,0.0
ITEQ,2020-06-10,47.83000183105469,48.040000915527344,47.66600036621094,47.79999923706055,6400,47.46872329711914,0.0
ITEQ,2020-06-11,46.86000061035156,46.86000061035156,45.68000030517578,45.790000915527344,15900,45.47265625,0.0
ITEQ,2020-06-12,46.52000045776367,46.7599983215332,45.52000045776367,46.119998931884766,37100,45.80036544799805,0.0
ITEQ,2020-06-15,45.439998626708984,47.040000915527344,45.439998626708984,46.91999816894531,11000,46.594818115234375,0.0
ITEQ,2020-06-16,48.06999969482422,48.06999969482422,47.22999954223633,47.62699890136719,11600,47.29692077636719,0.0
ITEQ,2020-06-17,47.88999938964844,47.88999938964844,47.34000015258789,47.43199920654297,18500,47.103271484375,0.0
ITEQ,2020-06-18,47.400001525878906,47.7599983215332,47.400001525878906,47.7599983215332,4000,47.42900085449219,0.0
ITEQ,2020-06-19,48.209999084472656,48.349998474121094,47.810001373291016,47.81800079345703,13800,47.486602783203125,0.0
ITEQ,2020-06-22,47.5099983215332,48.099998474121094,47.5099983215332,48.099998474121094,5600,47.76664733886719,0.0
ITEQ,2020-06-23,48.529998779296875,48.529998779296875,48.154998779296875,48.185001373291016,5000,47.85105514526367,0.0
ITEQ,2020-06-24,47.52000045776367,48.040000915527344,46.599998474121094,47.02299880981445,10600,46.69710922241211,0.0
ITEQ,2020-06-25,46.90999984741211,47.111000061035156,46.5,47.111000061035156,9000,46.78450012207031,0.0
ITEQ,2020-06-26,47.130001068115234,47.130001068115234,46.5,46.67499923706055,9000,46.35152053833008,0.0
ITEQ,2020-06-29,46.63999938964844,46.63999938964844,45.900001525878906,46.32500076293945,5400,46.003944396972656,0.0
ITEQ,2020-06-30,46.36000061035156,47.15599822998047,46.31999969482422,47.15599822998047,5900,46.829185485839844,0.0
ITEQ,2020-07-01,47.279998779296875,47.810001373291016,47.25,47.731998443603516,7100,47.40119552612305,0.0
ITEQ,2020-07-02,48.22999954223633,48.470001220703125,48.06999969482422,48.290000915527344,21400,47.95532989501953,0.0
ITEQ,2020-07-06,48.47999954223633,48.93000030517578,48.439998626708984,48.810001373291016,21400,48.47172546386719,0.0
ITEQ,2020-07-07,48.52000045776367,49.209999084472656,48.52000045776367,48.599998474121094,11000,48.26317596435547,0.0
ITEQ,2020-07-08,48.81999969482422,49.16299819946289,48.68000030517578,49.16299819946289,14900,48.82227325439453,0.0
ITEQ,2020-07-09,49.459999084472656,49.665000915527344,48.79999923706055,49.520999908447266,13800,49.177799224853516,0.0
ITEQ,2020-07-10,49.529998779296875,49.529998779296875,49.275001525878906,49.4900016784668,6300,49.14701461791992,0.0
ITEQ,2020-07-13,49.91999816894531,50.27000045776367,48.59000015258789,48.60300064086914,8700,48.26615524291992,0.0
ITEQ,2020-07-14,48.439998626708984,49.22999954223633,48.0,49.22999954223633,8100,48.88880920410156,0.0
ITEQ,2020-07-15,49.959999084472656,50.279998779296875,49.7400016784668,50.2599983215332,8300,49.91167068481445,0.0
ITEQ,2020-07-16,49.900001525878906,49.900001525878906,49.51499938964844,49.66999816894531,6100,49.32575988769531,0.0
ITEQ,2020-07-17,49.880001068115234,50.40999984741211,49.869998931884766,50.3489990234375,5400,50.000057220458984,0.0
ITEQ,2020-07-20,50.310001373291016,51.79999923706055,50.310001373291016,51.7400016784668,13500,51.38142013549805,0.0
ITEQ,2020-07-21,52.189998626708984,52.189998626708984,51.39899826049805,51.39899826049805,5600,51.04277801513672,0.0
ITEQ,2020-07-22,51.90999984741211,52.119998931884766,51.59299850463867,51.76499938964844,14800,51.40624237060547,0.0
ITEQ,2020-07-23,51.709999084472656,52.45000076293945,51.540000915527344,51.63999938964844,17700,51.28211212158203,0.0
ITEQ,2020-07-24,51.38999938964844,51.38999938964844,50.619998931884766,50.95600128173828,6600,50.60285186767578,0.0
ITEQ,2020-07-27,50.959999084472656,51.55500030517578,50.959999084472656,51.55500030517578,8900,51.19770050048828,0.0
ITEQ,2020-07-28,51.130001068115234,51.220001220703125,50.900001525878906,50.900001525878906,2400,50.5472412109375,0.0
ITEQ,2020-07-29,51.2400016784668,51.75,51.09000015258789,51.63800048828125,11800,51.280128479003906,0.0
ITEQ,2020-07-30,51.189998626708984,52.290000915527344,51.189998626708984,52.18299865722656,13900,51.821346282958984,0.0
ITEQ,2020-07-31,52.18000030517578,52.310001373291016,51.720001220703125,52.29100036621094,29600,51.9286003112793,0.0
ITEQ,2020-08-03,52.709999084472656,53.130001068115234,52.56999969482422,53.112998962402344,15400,52.74489974975586,0.0
ITEQ,2020-08-04,53.369998931884766,54.130001068115234,53.369998931884766,54.130001068115234,9900,53.75485610961914,0.0
ITEQ,2020-08-05,54.77000045776367,55.7599983215332,54.77000045776367,55.65999984741211,25000,55.27425003051758,0.0
ITEQ,2020-08-06,54.970001220703125,55.58000183105469,54.599998474121094,55.452999114990234,18100,55.06868362426758,0.0
ITEQ,2020-08-07,55.31999969482422,55.56999969482422,54.77000045776367,55.04999923706055,10600,54.66847610473633,0.0
ITEQ,2020-08-10,55.060001373291016,55.20000076293945,54.277000427246094,54.619998931884766,10400,54.241455078125,0.0
ITEQ,2020-08-11,54.22999954223633,54.540000915527344,53.74399948120117,53.74399948120117,6800,53.37152862548828,0.0
ITEQ,2020-08-12,54.4900016784668,55.02000045776367,54.4900016784668,54.73500061035156,10500,54.35566329956055,0.0
ITEQ,2020-08-13,55.18000030517578,55.619998931884766,55.02299880981445,55.35599899291992,12900,54.972354888916016,0.0
ITEQ,2020-08-14,55.40999984741211,55.5,55.0,55.12799835205078,6100,54.74593734741211,0.0
ITEQ,2020-08-17,55.56999969482422,55.869998931884766,55.56999969482422,55.79999923706055,23500,55.41328048706055,0.0
ITEQ,2020-08-18,55.880001068115234,56.09000015258789,55.81999969482422,56.053001403808594,12900,55.664527893066406,0.0
ITEQ,2020-08-19,55.90999984741211,56.25,55.88800048828125,55.88800048828125,12900,55.50067138671875,0.0
ITEQ,2020-08-20,55.59000015258789,56.0,55.53499984741211,55.97200012207031,6300,55.58408737182617,0.0
ITEQ,2020-08-21,55.81999969482422,55.834999084472656,55.27000045776367,55.4379997253418,13500,55.05379104614258,0.0
ITEQ,2020-08-24,56.0,56.0,55.13800048828125,55.275001525878906,15100,54.89192199707031,0.0
ITEQ,2020-08-25,55.369998931884766,55.88399887084961,55.189998626708984,55.85300064086914,17100,55.465911865234375,0.0
ITEQ,2020-08-26,55.83000183105469,56.599998474121094,55.83000183105469,56.439998626708984,11000,56.04884338378906,0.0
ITEQ,2020-08-27,56.79999923706055,56.79999923706055,55.79999923706055,55.895999908447266,15500,55.50861740112305,0.0
ITEQ,2020-08-28,56.119998931884766,56.63999938964844,56.119998931884766,56.62799835205078,13900,56.23554229736328,0.0
ITEQ,2020-08-31,56.36000061035156,56.630001068115234,56.27000045776367,56.49700164794922,18100,56.10545349121094,0.0
ITEQ,2020-09-01,56.5099983215332,56.814998626708984,56.334999084472656,56.814998626708984,18000,56.42124557495117,0.0
ITEQ,2020-09-02,57.06999969482422,57.099998474121094,56.25,57.06399917602539,21300,56.668521881103516,0.0
ITEQ,2020-09-03,56.209999084472656,56.209999084472656,53.470001220703125,53.84400177001953,37600,53.47084045410156,0.0
ITEQ,2020-09-04,54.13999938964844,54.13999938964844,51.189998626708984,52.689998626708984,48200,52.324832916259766,0.0
ITEQ,2020-09-08,52.029998779296875,52.45000076293945,51.224998474121094,51.7760009765625,14500,51.41716766357422,0.0
ITEQ,2020-09-09,52.66999816894531,53.150001525878906,52.380001068115234,52.98400115966797,17300,52.616798400878906,0.0
ITEQ,2020-09-10,52.93000030517578,53.63999938964844,52.29999923706055,52.44200134277344,19700,52.07855224609375,0.0
ITEQ,2020-09-11,52.54999923706055,52.599998474121094,51.52000045776367,51.874000549316406,21600,51.514488220214844,0.0
ITEQ,2020-09-14,52.540000915527344,53.459999084472656,52.540000915527344,53.459999084472656,11100,53.08949661254883,0.0
ITEQ,2020-09-15,53.779998779296875,54.28499984741211,53.72999954223633,54.077999114990234,24100,53.703216552734375,0.0
ITEQ,2020-09-16,54.220001220703125,54.619998931884766,54.08700180053711,54.119998931884766,45400,53.74492645263672,0.0
ITEQ,2020-09-17,53.439998626708984,53.439998626708984,52.757999420166016,53.290000915527344,15700,52.92068099975586,0.0
ITEQ,2020-09-18,53.099998474121094,53.58000183105469,52.59000015258789,53.119998931884766,35100,52.751853942871094,0.0
ITEQ,2020-09-21,52.599998474121094,52.926998138427734,52.150001525878906,52.926998138427734,14800,52.5601921081543,0.0
ITEQ,2020-09-22,53.13999938964844,53.47999954223633,52.66999816894531,53.47999954223633,3800,53.10935974121094,0.0
ITEQ,2020-09-23,53.599998474121094,53.810001373291016,52.54999923706055,52.59199905395508,13000,52.22751235961914,0.0
ITEQ,2020-09-24,52.130001068115234,52.48500061035156,51.45000076293945,52.17100143432617,6800,51.8094367980957,0.0
ITEQ,2020-09-25,52.29999923706055,53.130001068115234,52.29899978637695,53.130001068115234,9300,52.76178741455078,0.0
ITEQ,2020-09-28,53.7400016784668,54.349998474121094,53.7400016784668,54.34000015258789,14900,53.963401794433594,0.0
ITEQ,2020-09-29,54.439998626708984,55.060001373291016,54.439998626708984,55.0,20900,54.61882400512695,0.0
ITEQ,2020-09-30,55.15999984741211,55.974998474121094,55.13999938964844,55.54999923706055,14300,55.165008544921875,0.0
ITEQ,2020-10-01,55.619998931884766,56.58000183105469,55.619998931884766,56.58000183105469,48400,56.18787384033203,0.0
ITEQ,2020-10-02,55.4900016784668,56.65999984741211,55.4900016784668,56.141998291015625,14600,55.752906799316406,0.0
ITEQ,2020-10-05,56.88999938964844,57.90999984741211,56.88999938964844,57.90999984741211,18600,57.50865936279297,0.0
ITEQ,2020-10-06,57.790000915527344,58.16999816894531,57.33000183105469,57.630001068115234,12400,57.230594635009766,0.0
ITEQ,2020-10-07,58.5,59.9900016784668,58.34000015258789,59.97100067138672,34200,59.55537414550781,0.0
ITEQ,2020-10-08,60.310001373291016,60.459999084472656,59.61000061035156,59.979000091552734,16800,59.563316345214844,0.0
ITEQ,2020-10-09,60.459999084472656,61.83000183105469,60.459999084472656,61.77000045776367,19900,61.34190368652344,0.0
ITEQ,2020-10-12,62.08000183105469,62.08000183105469,61.310001373291016,61.810001373291016,22500,61.38162612915039,0.0
ITEQ,2020-10-13,61.619998931884766,62.130001068115234,61.31999969482422,62.04199981689453,12800,61.61201858520508,0.0
ITEQ,2020-10-14,62.189998626708984,62.459999084472656,61.369998931884766,61.630001068115234,18900,61.202880859375,0.0
ITEQ,2020-10-15,60.900001525878906,61.2400016784668,60.709999084472656,61.125,7500,60.70137405395508,0.0
ITEQ,2020-10-16,61.650001525878906,61.66699981689453,61.08700180053711,61.08700180053711,5700,60.66364288330078,0.0
ITEQ,2020-10-19,61.939998626708984,62.439998626708984,60.81999969482422,60.856998443603516,26800,60.43523406982422,0.0
ITEQ,2020-10-20,61.84000015258789,61.84000015258789,60.845001220703125,60.845001220703125,13300,60.423316955566406,0.0
ITEQ,2020-10-21,61.0,61.0,59.36000061035156,59.36000061035156,8900,58.9486083984375,0.0
ITEQ,2020-10-22,59.369998931884766,59.630001068115234,58.4900016784668,59.040000915527344,24000,58.63082504272461,0.0
ITEQ,2020-10-23,59.369998931884766,59.38999938964844,59.05500030517578,59.3120002746582,5400,58.90093994140625,0.0
ITEQ,2020-10-26,58.630001068115234,58.8849983215332,57.36000061035156,58.09000015258789,20800,57.68741226196289,0.0
ITEQ,2020-10-27,58.27000045776367,58.63999938964844,57.45000076293945,57.553001403808594,5800,57.15413284301758,0.0
ITEQ,2020-10-28,56.70000076293945,56.779998779296875,56.167999267578125,56.310001373291016,7400,55.91974639892578,0.0
ITEQ,2020-10-29,56.68000030517578,57.439998626708984,56.5099983215332,57.35100173950195,4300,56.95353698730469,0.0
ITEQ,2020-10-30,56.970001220703125,56.970001220703125,55.86000061035156,56.099998474121094,5400,55.71120071411133,0.0
ITEQ,2020-11-02,56.68000030517578,56.810001373291016,55.720001220703125,56.20000076293945,7700,55.81051254272461,0.0
ITEQ,2020-11-03,55.33000183105469,55.4739990234375,54.779998779296875,55.380001068115234,13700,54.996192932128906,0.0
ITEQ,2020-11-04,55.77000045776367,57.349998474121094,55.77000045776367,57.090999603271484,7800,56.69533157348633,0.0
ITEQ,2020-11-05,58.33000183105469,59.09000015258789,58.33000183105469,58.88399887084961,8800,58.47590637207031,0.0
ITEQ,2020-11-06,59.13999938964844,59.599998474121094,58.619998931884766,59.5,19300,59.0876350402832,0.0
ITEQ,2020-11-09,61.220001220703125,61.220001220703125,58.07600021362305,58.07600021362305,28400,57.67350769042969,0.0
ITEQ,2020-11-10,57.45000076293945,57.45000076293945,55.77000045776367,56.2599983215332,44900,55.87009048461914,0.0
ITEQ,2020-11-11,57.290000915527344,58.54999923706055,57.290000915527344,58.36399841308594,16500,57.959510803222656,0.0
ITEQ,2020-11-12,58.43000030517578,58.59000015258789,57.720001220703125,57.90999984741211,28000,57.50865936279297,0.0
ITEQ,2020-11-13,58.25,58.47600173950195,57.959999084472656,58.04999923706055,71300,57.64768600463867,0.0
ITEQ,2020-11-16,58.400001525878906,58.400001525878906,57.880001068115234,58.209999084472656,26600,57.806575775146484,0.0
ITEQ,2020-11-17,57.849998474121094,58.29899978637695,57.79999923706055,58.29899978637695,14900,57.89495849609375,0.0
ITEQ,2020-11-18,58.439998626708984,58.720001220703125,58.060001373291016,58.060001373291016,18600,57.65761947631836,0.0
ITEQ,2020-11-19,57.900001525878906,59.08000183105469,57.900001525878906,59.06800079345703,18700,58.658634185791016,0.0
ITEQ,2020-11-20,59.380001068115234,60.15999984741211,59.31999969482422,59.86000061035156,18200,59.44514465332031,0.0
ITEQ,2020-11-23,60.459999084472656,60.720001220703125,60.117000579833984,60.439998626708984,21500,60.021121978759766,0.0
ITEQ,2020-11-24,60.869998931884766,60.900001525878906,59.79999923706055,60.0369987487793,21400,59.62091827392578,0.0
ITEQ,2020-11-25,59.83000183105469,60.380001068115234,59.83000183105469,60.06999969482422,20500,59.6536865234375,0.0
ITEQ,2020-11-27,60.599998474121094,61.78499984741211,60.599998474121094,61.632999420166016,7800,61.20585250854492,0.0
ITEQ,2020-11-30,61.95000076293945,62.380001068115234,60.400001525878906,61.54999923706055,15800,61.12342834472656,0.0
ITEQ,2020-12-01,61.65999984741211,61.65999984741211,61.099998474121094,61.198001861572266,10400,60.77387619018555,0.0
ITEQ,2020-12-02,61.38999938964844,61.38999938964844,59.81999969482422,61.099998474121094,12400,60.67654800415039,0.0
ITEQ,2020-12-03,61.27000045776367,62.0099983215332,61.27000045776367,61.61000061035156,10500,61.18301773071289,0.0
ITEQ,2020-12-04,61.869998931884766,62.77000045776367,61.779998779296875,62.75,11600,62.31511688232422,0.0
ITEQ,2020-12-07,62.790000915527344,63.40999984741211,62.790000915527344,63.14099884033203,28800,62.70340347290039,0.0
ITEQ,2020-12-08,62.86000061035156,63.65999984741211,62.86000061035156,63.60100173950195,17800,63.16021728515625,0.0
ITEQ,2020-12-09,65.0,65.0,62.34000015258789,62.887001037597656,15100,62.45116424560547,0.0
ITEQ,2020-12-10,62.40999984741211,63.720001220703125,62.220001220703125,63.720001220703125,11700,63.27839279174805,0.0
ITEQ,2020-12-11,63.47999954223633,64.38500213623047,63.380001068115234,64.08999633789062,19000,63.64582061767578,0.0
ITEQ,2020-12-14,64.0999984741211,64.50900268554688,64.0,64.23300170898438,18100,64.17837524414062,0.39
ITEQ,2020-12-15,64.56999969482422,64.87000274658203,64.4000015258789,64.6500015258789,16700,64.59502410888672,0.0
ITEQ,2020-12-16,64.9000015258789,65.12999725341797,64.51000213623047,64.81999969482422,37300,64.76487731933594,0.0
ITEQ,2020-12-17,64.98999786376953,65.62000274658203,64.98999786376953,65.4020004272461,19200,65.34638214111328,0.0
ITEQ,2020-12-18,65.51000213623047,66.98999786376953,65.51000213623047,66.94999694824219,11100,66.89306640625,0.0
ITEQ,2020-12-21,65.87999725341797,67.41999816894531,65.83999633789062,67.33499908447266,30200,67.27774047851562,0.0
ITEQ,2020-12-22,67.72000122070312,69.16000366210938,67.72000122070312,69.16000366210938,31700,69.10118865966797,0.0
ITEQ,2020-12-23,69.73999786376953,70.1500015258789,69.16000366210938,69.69999694824219,24600,69.6407241821289,0.0
ITEQ,2020-12-24,69.79000091552734,70.02999877929688,69.33300018310547,69.55500030517578,13500,69.495849609375,0.0
ITEQ,2020-12-28,70.01000213623047,70.33999633789062,68.63999938964844,68.75,40100,68.69153594970703,0.0
ITEQ,2020-12-29,69.20999908447266,69.4000015258789,67.9000015258789,68.22699737548828,19700,68.16897583007812,0.0
ITEQ,2020-12-30,68.45999908447266,69.61000061035156,68.45999908447266,69.1500015258789,21100,69.09119415283203,0.0
ITEQ,2020-12-31,69.30000305175781,69.41999816894531,68.58000183105469,68.73999786376953,11000,68.68153381347656,0.0
ITEQ,2021-01-04,69.19999694824219,69.19999694824219,66.54000091552734,67.30999755859375,39700,67.25275421142578,0.0
ITEQ,2021-01-05,67.23999786376953,68.27999877929688,67.2300033569336,68.20999908447266,37500,68.15198516845703,0.0
ITEQ,2021-01-06,68.16999816894531,69.04000091552734,67.73999786376953,68.23600006103516,38600,68.17797088623047,0.0
ITEQ,2021-01-07,69.37000274658203,71.0199966430664,69.26000213623047,70.95999908447266,52100,70.899658203125,0.0
ITEQ,2021-01-08,71.19000244140625,72.44999694824219,71.19000244140625,72.05000305175781,64300,71.98873138427734,0.0
ITEQ,2021-01-11,71.88999938964844,72.7699966430664,70.98999786376953,72.45999908447266,76000,72.39837646484375,0.0
ITEQ,2021-01-12,72.4000015258789,73.3499984741211,72.30500030517578,72.91000366210938,45300,72.8479995727539,0.0
ITEQ,2021-01-13,73.41999816894531,73.41999816894531,72.56999969482422,72.73999786376953,29400,72.67813873291016,0.0
ITEQ,2021-01-14,72.69999694824219,73.55999755859375,72.69999694824219,72.78600311279297,27500,72.72410583496094,0.0
ITEQ,2021-01-15,72.19000244140625,72.3499984741211,70.5770034790039,70.5770034790039,46600,70.51698303222656,0.0
ITEQ,2021-01-19,71.51000213623047,72.16000366210938,71.20999908447266,72.0199966430664,31600,71.95875549316406,0.0
ITEQ,2021-01-20,73.56999969482422,73.56999969482422,72.3499984741211,72.66000366210938,34600,72.59821319580078,0.0
ITEQ,2021-01-21,72.80999755859375,73.08999633789062,72.0999984741211,72.72000122070312,22100,72.65815734863281,0.0
ITEQ,2021-01-22,72.22000122070312,73.2699966430664,72.12000274658203,73.19999694824219,29700,73.13774871826172,0.0
ITEQ,2021-01-25,73.68000030517578,74.61499786376953,72.16000366210938,73.46199798583984,41400,73.39952850341797,0.0
ITEQ,2021-01-26,73.86000061035156,73.88999938964844,72.98999786376953,73.37100219726562,24800,73.30860900878906,0.0
ITEQ,2021-01-27,72.41999816894531,73.53500366210938,71.28199768066406,72.1500015258789,46300,72.0886459350586,0.0
ITEQ,2021-01-28,72.55000305175781,73.01000213623047,71.9800033569336,72.55999755859375,27800,72.498291015625,0.0
ITEQ,2021-01-29,72.30999755859375,72.52999877929688,70.47000122070312,71.12999725341797,26600,71.06950378417969,0.0
ITEQ,2021-02-01,71.7300033569336,72.94999694824219,71.36000061035156,72.91000366210938,28500,72.8479995727539,0.0
ITEQ,2021-02-02,73.91000366210938,74.5,73.80000305175781,74.44999694824219,27100,74.38668823242188,0.0
ITEQ,2021-02-03,74.5199966430664,74.76000213623047,73.86000061035156,74.125,42700,74.06195831298828,0.0
ITEQ,2021-02-04,74.12999725341797,74.78500366210938,74.12999725341797,74.64800262451172,22100,74.58452606201172,0.0
ITEQ,2021-02-05,75.05000305175781,75.33999633789062,74.65799713134766,75.3270034790039,28500,75.262939453125,0.0
ITEQ,2021-02-08,76.05999755859375,77.5,76.01000213623047,77.16600036621094,149900,77.10037231445312,0.0
ITEQ,2021-02-09,77.87000274658203,78.80000305175781,77.3499984741211,78.48999786376953,107400,78.42324829101562,0.0
ITEQ,2021-02-10,79.33000183105469,79.91000366210938,77.79000091552734,78.16999816894531,62300,78.10352325439453,0.0
ITEQ,2021-02-11,78.22000122070312,78.66999816894531,77.5510025024414,78.3550033569336,24200,78.28836822509766,0.0
ITEQ,2021-02-12,78.58000183105469,79.19000244140625,77.98500061035156,79.01000213623047,34500,78.94281005859375,0.0
ITEQ,2021-02-16,80.19999694824219,80.19999694824219,78.0,78.54000091552734,50300,78.47320556640625,0.0
ITEQ,2021-02-17,79.61000061035156,79.61000061035156,76.41000366210938,77.87000274658203,42100,77.80378723144531,0.0
ITEQ,2021-02-18,76.79000091552734,77.45999908447266,75.69999694824219,77.05000305175781,33000,76.98448181152344,0.0
ITEQ,2021-02-19,78.0,78.65499877929688,77.69999694824219,78.24700164794922,36200,78.18045806884766,0.0
ITEQ,2021-02-22,77.18000030517578,77.19999694824219,75.0999984741211,75.23999786376953,41500,75.17601776123047,0.0
ITEQ,2021-02-23,72.41000366210938,73.31999969482422,69.83999633789062,73.0999984741211,61600,73.03783416748047,0.0
ITEQ,2021-02-24,73.16999816894531,74.23999786376953,72.0199966430664,73.98999786376953,42700,73.92707824707031,0.0
ITEQ,2021-02-25,73.29000091552734,73.87999725341797,70.0,70.23999786376953,118700,70.18026733398438,0.0
ITEQ,2021-02-26,70.66999816894531,71.33000183105469,69.05000305175781,70.80999755859375,68500,70.7497787475586,0.0
ITEQ,2021-03-01,72.4800033569336,72.62999725341797,71.88999938964844,72.62999725341797,35500,72.56822967529297,0.0
ITEQ,2021-03-02,72.62999725341797,72.62999725341797,71.11399841308594,71.11399841308594,40000,71.05352020263672,0.0
ITEQ,2021-03-03,70.70999908447266,70.91000366210938,68.27999877929688,68.33999633789062,43800,68.28187561035156,0.0
ITEQ,2021-03-04,68.0,68.41000366210938,64.08000183105469,64.95999908447266,93300,64.90475463867188,0.0
ITEQ,2021-03-05,65.5199966430664,65.5999984741211,61.77000045776367,64.91000366210938,93900,64.85480499267578,0.0
ITEQ,2021-03-08,65.19999694824219,66.01000213623047,63.290000915527344,63.290000915527344,34900,63.23617935180664,0.0
ITEQ,2021-03-09,64.87999725341797,67.08000183105469,64.87999725341797,66.80000305175781,33000,66.74319458007812,0.0
ITEQ,2021-03-10,68.54000091552734,68.62999725341797,66.8499984741211,66.87000274658203,38900,66.8131332397461,0.0
ITEQ,2021-03-11,68.02999877929688,69.55000305175781,67.86000061035156,69.37000274658203,45200,69.3110122680664,0.0
ITEQ,2021-03-12,68.5199966430664,69.30000305175781,67.80000305175781,69.30000305175781,34800,69.24107360839844,0.0
ITEQ,2021-03-15,69.51000213623047,69.97000122070312,69.20999908447266,69.97000122070312,19200,69.9104995727539,0.0
ITEQ,2021-03-16,70.45999908447266,70.55999755859375,69.2300033569336,69.43900299072266,13400,69.37995147705078,0.0
ITEQ,2021-03-17,68.66000366210938,69.71900177001953,67.6500015258789,69.44000244140625,67500,69.38095092773438,0.0
ITEQ,2021-03-18,68.5,68.62999725341797,67.06999969482422,67.06999969482422,50400,67.0129623413086,0.0
ITEQ,2021-03-19,67.05000305175781,67.8499984741211,66.73999786376953,67.43000030517578,45600,67.3726577758789,0.0
ITEQ,2021-03-22,68.1500015258789,68.55000305175781,67.63999938964844,68.08000183105469,28400,68.02210235595703,0.0
ITEQ,2021-03-23,68.04000091552734,68.18000030517578,66.61000061035156,66.79000091552734,58100,66.7822494506836,0.05
ITEQ,2021-03-24,66.87999725341797,67.06999969482422,64.51000213623047,64.5199966430664,88500,64.51251220703125,0.0
ITEQ,2021-03-25,63.29999923706055,64.37999725341797,62.81999969482422,64.17500305175781,70200,64.16755676269531,0.0
ITEQ,2021-03-26,64.2699966430664,64.93000030517578,63.560001373291016,64.84100341796875,90500,64.83348083496094,0.0
ITEQ,2021-03-29,64.9800033569336,65.20999908447266,63.5099983215332,63.790000915527344,44000,63.782596588134766,0.0
ITEQ,2021-03-30,63.34000015258789,63.86000061035156,62.88999938964844,63.86000061035156,25600,63.85258865356445,0.0
ITEQ,2021-03-31,64.6500015258789,65.41699981689453,64.5199966430664,64.9729995727539,19500,64.96546173095703,0.0
ITEQ,2021-04-01,66.19999694824219,66.81999969482422,66.03500366210938,66.27999877929688,61500,66.27230834960938,0.0
ITEQ,2021-04-05,67.56999969482422,67.69000244140625,66.45999908447266,66.8499984741211,48200,66.84223937988281,0.0
ITEQ,2021-04-06,66.86000061035156,67.55999755859375,66.66000366210938,67.18599700927734,39800,67.1781997680664,0.0
ITEQ,2021-04-07,67.48999786376953,67.48999786376953,66.05500030517578,66.33999633789062,25100,66.3322982788086,0.0
ITEQ,2021-04-08,66.86000061035156,67.31999969482422,66.66999816894531,67.01200103759766,34900,67.00422668457031,0.0
ITEQ,2021-04-09,66.87000274658203,66.94000244140625,66.25499725341797,66.94000244140625,20900,66.93223571777344,0.0
ITEQ,2021-04-12,66.58999633789062,66.58999633789062,65.79000091552734,66.3499984741211,24900,66.34230041503906,0.0
ITEQ,2021-04-13,68.37999725341797,68.95999908447266,67.83100128173828,68.91999816894531,91000,68.91200256347656,0.0
ITEQ,2021-04-14,68.91999816894531,69.68000030517578,68.18000030517578,68.18000030517578,74100,68.17208862304688,0.0
ITEQ,2021-04-15,68.95999908447266,69.13999938964844,68.77999877929688,69.12000274658203,27100,69.11198425292969,0.0
ITEQ,2021-04-16,69.33999633789062,69.37000274658203,68.41999816894531,68.83200073242188,28400,68.82401275634766,0.0
ITEQ,2021-04-19,68.79000091552734,68.79000091552734,67.16000366210938,67.62999725341797,21200,67.62214660644531,0.0
ITEQ,2021-04-20,67.5999984741211,68.01000213623047,66.44999694824219,67.19000244140625,53600,67.18220520019531,0.0
ITEQ,2021-04-21,67.05999755859375,68.37000274658203,66.63999938964844,68.33000183105469,36700,68.32207489013672,0.0
ITEQ,2021-04-22,68.6500015258789,69.90499877929688,68.6500015258789,68.94999694824219,50500,68.9419937133789,0.0
ITEQ,2021-04-23,68.95999908447266,69.79900360107422,68.95999908447266,69.7699966430664,29100,69.76190185546875,0.0
ITEQ,2021-04-26,70.27999877929688,71.23999786376953,70.0999984741211,71.23999786376953,17300,71.23172760009766,0.0
ITEQ,2021-04-27,71.3499984741211,71.6500015258789,70.94999694824219,71.12000274658203,92800,71.11174774169922,0.0
ITEQ,2021-04-28,70.63999938964844,70.80000305175781,69.91000366210938,70.5,40900,70.4918212890625,0.0
ITEQ,2021-04-29,70.9000015258789,70.9000015258789,69.55000305175781,70.0979995727539,31100,70.0898666381836,0.0
ITEQ,2021-04-30,69.87999725341797,69.87999725341797,68.8499984741211,68.95999908447266,25300,68.95199584960938,0.0
ITEQ,2021-05-03,69.44000244140625,69.44000244140625,68.16999816894531,68.19000244140625,39800,68.18209075927734,0.0
ITEQ,2021-05-04,67.4800033569336,67.4800033569336,65.33000183105469,65.72000122070312,108700,65.71237182617188,0.0
ITEQ,2021-05-05,66.36000061035156,66.37000274658203,65.01000213623047,65.2300033569336,58900,65.2224349975586,0.0
ITEQ,2021-05-06,65.19000244140625,65.19000244140625,63.650001525878906,64.19000244140625,60800,64.18255615234375,0.0
ITEQ,2021-05-07,64.16000366210938,65.33999633789062,64.16000366210938,64.76000213623047,30500,64.75248718261719,0.0
ITEQ,2021-05-10,64.6500015258789,64.6500015258789,62.61000061035156,62.65999984741211,47000,62.65272903442383,0.0
ITEQ,2021-05-11,60.779998779296875,62.959999084472656,60.0,62.77000045776367,92400,62.76271438598633,0.0
ITEQ,2021-05-12,61.93000030517578,61.970001220703125,60.16999816894531,60.220001220703125,76900,60.2130126953125,0.0
ITEQ,2021-05-13,60.54999923706055,61.119998931884766,59.310001373291016,59.79999923706055,60700,59.793060302734375,0.0
ITEQ,2021-05-14,60.38999938964844,61.77000045776367,60.189998626708984,61.617000579833984,28400,61.60984802246094,0.0
ITEQ,2021-05-17,61.310001373291016,61.470001220703125,60.619998931884766,61.2400016784668,74300,61.23289489746094,0.0
ITEQ,2021-05-18,61.43000030517578,62.36000061035156,61.20000076293945,61.75,49000,61.74283218383789,0.0
ITEQ,2021-05-19,60.380001068115234,62.0,60.380001068115234,62.0,95700,61.99280548095703,0.0
ITEQ,2021-05-20,62.470001220703125,64.17500305175781,62.470001220703125,63.9900016784668,26200,63.982574462890625,0.0
ITEQ,2021-05-21,64.38999938964844,64.6500015258789,64.05000305175781,64.12000274658203,23200,64.11256408691406,0.0
ITEQ,2021-05-24,64.55000305175781,65.05999755859375,64.24500274658203,64.81999969482422,40700,64.8124771118164,0.0
ITEQ,2021-05-25,64.97000122070312,65.30000305175781,64.62000274658203,64.66999816894531,30600,64.66249084472656,0.0
ITEQ,2021-05-26,64.70999908447266,65.5199966430664,64.69000244140625,65.44999694824219,25500,65.44239807128906,0.0
ITEQ,2021-05-27,65.62000274658203,66.0,64.94499969482422,65.94000244140625,44400,65.9323501586914,0.0
ITEQ,2021-05-28,66.22000122070312,66.75,66.08999633789062,66.08999633789062,26400,66.08232879638672,0.0
ITEQ,2021-06-01,66.80000305175781,66.80000305175781,65.25,65.9800033569336,32700,65.97234344482422,0.0
ITEQ,2021-06-02,65.94999694824219,66.26000213623047,65.62000274658203,66.18000030517578,42300,66.17231750488281,0.0
ITEQ,2021-06-03,65.37999725341797,65.93000030517578,65.0,65.55000305175781,15000,65.54239654541016,0.0
ITEQ,2021-06-04,65.87000274658203,66.44999694824219,65.87000274658203,66.33999633789062,15300,66.3322982788086,0.0
ITEQ,2021-06-07,66.27999877929688,66.9990005493164,66.05000305175781,66.81999969482422,30700,66.81224822998047,0.0
ITEQ,2021-06-08,67.30999755859375,67.69000244140625,66.7300033569336,67.45999908447266,39100,67.4521713256836,0.0
ITEQ,2021-06-09,67.70999908447266,67.94999694824219,67.12999725341797,67.16799926757812,39100,67.16020202636719,0.0
ITEQ,2021-06-10,67.19999694824219,67.72599792480469,66.7699966430664,67.72000122070312,34600,67.71214294433594,0.0
ITEQ,2021-06-11,67.66999816894531,68.23999786376953,67.66999816894531,68.23999786376953,22500,68.2320785522461,0.0
ITEQ,2021-06-14,68.83999633789062,68.94999694824219,68.51000213623047,68.75,18100,68.74201965332031,0.0
ITEQ,2021-06-15,68.80000305175781,68.80000305175781,67.6500015258789,67.83999633789062,20900,67.83212280273438,0.0
ITEQ,2021-06-16,67.69999694824219,68.37999725341797,67.33000183105469,67.91999816894531,71200,67.91211700439453,0.0
ITEQ,2021-06-17,67.75,68.7300033569336,67.58999633789062,68.61000061035156,26200,68.60203552246094,0.0
ITEQ,2021-06-18,68.13999938964844,68.7699966430664,68.13999938964844,68.27999877929688,42400,68.2720718383789,0.0
ITEQ,2021-06-21,68.69000244140625,68.69000244140625,67.26000213623047,68.37999725341797,28300,68.37206268310547,0.0
ITEQ,2021-06-22,68.37000274658203,69.04000091552734,68.30000305175781,69.02999877929688,19000,69.02198791503906,0.0
ITEQ,2021-06-23,69.27999877929688,69.79000091552734,69.27999877929688,69.55999755859375,17600,69.55192565917969,0.0
ITEQ,2021-06-24,70.25,70.4800033569336,70.02999877929688,70.30000305175781,24500,70.2918472290039,0.0
ITEQ,2021-06-25,70.2699966430664,70.80000305175781,70.19999694824219,70.47000122070312,30500,70.46182250976562,0.0
ITEQ,2021-06-28,70.83000183105469,71.45999908447266,70.83000183105469,71.33000183105469,51400,71.32172393798828,0.0
ITEQ,2021-06-29,71.62999725341797,71.6500015258789,70.95999908447266,70.95999908447266,17700,70.95176696777344,0.0
ITEQ,2021-06-30,70.81999969482422,70.81999969482422,70.0,70.02999877929688,81200,70.0218734741211,0.0
ITEQ,2021-07-01,70.02999877929688,70.02999877929688,68.87999725341797,69.33000183105469,34900,69.32195281982422,0.0
ITEQ,2021-07-02,69.55999755859375,69.63999938964844,68.88999938964844,69.04000091552734,75300,69.03199005126953,0.0
ITEQ,2021-07-06,69.12000274658203,69.37999725341797,68.68000030517578,69.37999725341797,18600,69.3719482421875,0.0
ITEQ,2021-07-07,69.8499984741211,69.8499984741211,68.4000015258789,68.62999725341797,21000,68.62203216552734,0.0
ITEQ,2021-07-08,67.2699966430664,68.5,66.7699966430664,68.33000183105469,71200,68.32207489013672,0.0
ITEQ,2021-07-09,68.58000183105469,69.3499984741211,68.29000091552734,69.3499984741211,18500,69.34194946289062,0.0
ITEQ,2021-07-12,69.47000122070312,69.94999694824219,68.9800033569336,69.37000274658203,139400,69.36195373535156,0.0
ITEQ,2021-07-13,69.19999694824219,69.5199966430664,68.8030014038086,68.8030014038086,30500,68.79501342773438,0.0
ITEQ,2021-07-14,69.16999816894531,69.18000030517578,67.30999755859375,67.38999938964844,34300,67.3821792602539,0.0
ITEQ,2021-07-15,67.04000091552734,67.55000305175781,66.0,66.4800033569336,38900,66.4722900390625,0.0
ITEQ,2021-07-16,66.58999633789062,66.83999633789062,66.08999633789062,66.0999984741211,41500,66.09233093261719,0.0
ITEQ,2021-07-19,65.08000183105469,66.62999725341797,64.94000244140625,66.27999877929688,83900,66.27230834960938,0.0
ITEQ,2021-07-20,66.87999725341797,68.37000274658203,66.66000366210938,68.09500122070312,28900,68.08709716796875,0.0
ITEQ,2021-07-21,68.4800033569336,69.47000122070312,68.26000213623047,69.3499984741211,30200,69.34194946289062,0.0
ITEQ,2021-07-22,69.69999694824219,69.98999786376953,69.23999786376953,69.58999633789062,20900,69.58191680908203,0.0
ITEQ,2021-07-23,69.7699966430664,69.80000305175781,69.08999633789062,69.77100372314453,16300,69.76290893554688,0.0
ITEQ,2021-07-26,69.8499984741211,69.88999938964844,69.2300033569336,69.49400329589844,69700,69.4859390258789,0.0
ITEQ,2021-07-27,69.22000122070312,69.23999786376953,67.69000244140625,68.51000213623047,53400,68.5020523071289,0.0
ITEQ,2021-07-28,68.86000061035156,70.11000061035156,68.72000122070312,69.93000030517578,30800,69.92188262939453,0.0
ITEQ,2021-07-29,69.69000244140625,70.29000091552734,69.62000274658203,69.98899841308594,75100,69.98087310791016,0.0
ITEQ,2021-07-30,69.51000213623047,70.06999969482422,69.2300033569336,69.28399658203125,20200,69.27595520019531,0.0
ITEQ,2021-08-02,69.7300033569336,69.7300033569336,69.0,69.08999633789062,19100,69.08197784423828,0.0
ITEQ,2021-08-03,69.9800033569336,70.12999725341797,68.81999969482422,69.62999725341797,111400,69.62191772460938,0.0
ITEQ,2021-08-04,69.37999725341797,69.87999725341797,69.37999725341797,69.47000122070312,15700,69.4619369506836,0.0
ITEQ,2021-08-05,68.94000244140625,68.94999694824219,68.38999938964844,68.55000305175781,21800,68.54204559326172,0.0
ITEQ,2021-08-06,68.38999938964844,68.52999877929688,67.70999908447266,67.88500213623047,29500,67.87712097167969,0.0
ITEQ,2021-08-09,68.0,68.38999938964844,67.80000305175781,68.13800048828125,20000,68.13009643554688,0.0
ITEQ,2021-08-10,68.19000244140625,68.2699966430664,67.13999938964844,67.16000366210938,28900,67.15220642089844,0.0
ITEQ,2021-08-11,66.9800033569336,66.9800033569336,65.29000091552734,65.80999755859375,38500,65.80236053466797,0.0
ITEQ,2021-08-12,65.6500015258789,66.41999816894531,65.6500015258789,66.39600372314453,21400,66.38829803466797,0.0
ITEQ,2021-08-13,66.41000366210938,66.56999969482422,66.0999984741211,66.1500015258789,34400,66.14232635498047,0.0
ITEQ,2021-08-16,65.86000061035156,65.86000061035156,64.83000183105469,65.19999694824219,30400,65.19242858886719,0.0
ITEQ,2021-08-17,64.73999786376953,64.73999786376953,63.775001525878906,64.12000274658203,37600,64.11256408691406,0.0
ITEQ,2021-08-18,64.58000183105469,65.1500015258789,64.30000305175781,64.41000366210938,25700,64.40252685546875,0.0
ITEQ,2021-08-19,63.9900016784668,65.0999984741211,63.9900016784668,64.54000091552734,21100,64.53250885009766,0.0
ITEQ,2021-08-20,64.72000122070312,65.47000122070312,64.72000122070312,65.44999694824219,17600,65.44239807128906,0.0
ITEQ,2021-08-23,65.72000122070312,66.62000274658203,65.72000122070312,66.56999969482422,10600,66.56227111816406,0.0
ITEQ,2021-08-24,66.7699966430664,67.66000366210938,66.7699966430664,67.66000366210938,12900,67.65215301513672,0.0
ITEQ,2021-08-25,67.69999694824219,68.31999969482422,67.69999694824219,68.08999633789062,17000,68.08209228515625,0.0
ITEQ,2021-08-26,68.12000274658203,68.61000061035156,67.7300033569336,67.83999633789062,15600,67.83212280273438,0.0
ITEQ,2021-08-27,68.0199966430664,68.94000244140625,68.0199966430664,68.94000244140625,19400,68.93199920654297,0.0
ITEQ,2021-08-30,69.19000244140625,69.52999877929688,68.95999908447266,69.52999877929688,7900,69.52192687988281,0.0
ITEQ,2021-08-31,69.4000015258789,69.4800033569336,68.9800033569336,68.98999786376953,45600,68.98199462890625,0.0
ITEQ,2021-09-01,69.44000244140625,69.84600067138672,69.3499984741211,69.39199829101562,13200,69.38394165039062,0.0
ITEQ,2021-09-02,69.58999633789062,70.0999984741211,69.47000122070312,69.83999633789062,53700,69.83189392089844,0.0
ITEQ,2021-09-03,69.70999908447266,70.16000366210938,69.70999908447266,69.9749984741211,20500,69.96688079833984,0.0
ITEQ,2021-09-07,70.0,70.19000244140625,69.63999938964844,69.80999755859375,7400,69.80189514160156,0.0
ITEQ,2021-09-08,69.66000366210938,69.83000183105469,68.76000213623047,69.04399871826172,19700,69.0359878540039,0.0
ITEQ,2021-09-09,69.06999969482422,69.97000122070312,69.06999969482422,69.31099700927734,9800,69.3029556274414,0.0
ITEQ,2021-09-10,69.68000030517578,69.68000030517578,68.5770034790039,68.5770034790039,8200,68.56904602050781,0.0
ITEQ,2021-09-13,69.0999984741211,69.0999984741211,67.41000366210938,68.1500015258789,26000,68.14208984375,0.0
ITEQ,2021-09-14,68.37000274658203,68.62000274658203,68.0199966430664,68.05899810791016,7700,68.05110168457031,0.0
ITEQ,2021-09-15,68.12000274658203,68.71499633789062,67.80999755859375,68.66799926757812,13600,68.66002655029297,0.0
ITEQ,2021-09-16,68.58000183105469,68.78900146484375,68.12999725341797,68.69000244140625,24300,68.6820297241211,0.0
ITEQ,2021-09-17,68.58000183105469,69.25,68.58000183105469,69.0199966430664,15000,69.0119857788086,0.0
ITEQ,2021-09-20,67.56999969482422,67.80999755859375,66.54000091552734,67.25,53700,67.24219512939453,0.0
ITEQ,2021-09-21,67.51000213623047,67.9800033569336,67.51000213623047,67.83499908447266,18800,67.8271255493164,0.0
ITEQ,2021-09-22,68.06999969482422,68.80999755859375,67.87999725341797,68.77999877929688,23500,68.77201843261719,0.0
ITEQ,2021-09-23,69.13999938964844,70.04000091552734,69.13999938964844,70.0199966430664,22000,70.01187133789062,0.0
ITEQ,2021-09-24,69.62000274658203,69.6989974975586,69.27999877929688,69.5,8500,69.49193572998047,0.0
ITEQ,2021-09-27,69.0,69.16999816894531,68.55999755859375,69.0790023803711,52800,69.07098388671875,0.0
ITEQ,2021-09-28,68.05999755859375,68.11000061035156,66.6050033569336,66.63999938964844,26300,66.63226318359375,0.0
ITEQ,2021-09-29,66.87000274658203,67.12999725341797,65.9000015258789,65.93000030517578,139800,65.92234802246094,0.0
ITEQ,2021-09-30,66.2300033569336,66.56999969482422,65.68000030517578,65.94000244140625,80400,65.9323501586914,0.0
ITEQ,2021-10-01,66.4000015258789,66.4000015258789,65.1500015258789,66.26000213623047,10600,66.25231170654297,0.0
ITEQ,2021-10-04,66.05999755859375,66.05999755859375,63.97999954223633,64.2300033569336,20200,64.22254943847656,0.0
ITEQ,2021-10-05,64.45999908447266,65.27999877929688,64.4000015258789,64.7699966430664,14700,64.76248168945312,0.0
ITEQ,2021-10-06,63.970001220703125,64.95999908447266,63.90999984741211,64.81300354003906,30700,64.80548095703125,0.0
ITEQ,2021-10-07,65.33000183105469,66.37899780273438,65.33000183105469,65.97000122070312,19000,65.96234893798828,0.0
ITEQ,2021-10-08,65.98999786376953,66.04000091552734,65.16999816894531,65.27899932861328,50000,65.27142333984375,0.0
ITEQ,2021-10-11,65.18000030517578,66.11000061035156,65.08000183105469,65.27200317382812,30400,65.2644271850586,0.0
ITEQ,2021-10-12,65.87999725341797,66.58000183105469,65.87999725341797,66.48999786376953,43800,66.48228454589844,0.0
ITEQ,2021-10-13,66.94000244140625,68.2699966430664,66.94000244140625,68.2699966430664,35800,68.26207733154297,0.0
ITEQ,2021-10-14,68.87000274658203,69.12000274658203,68.7979965209961,68.94999694824219,32700,68.9419937133789,0.0
ITEQ,2021-10-15,69.22000122070312,69.30999755859375,68.77999877929688,69.0199966430664,30500,69.0119857788086,0.0
ITEQ,2021-10-18,68.58000183105469,69.2300033569336,68.58000183105469,69.0999984741211,25700,69.09197998046875,0.0
ITEQ,2021-10-19,69.19000244140625,69.86399841308594,69.13999938964844,69.80999755859375,52800,69.80189514160156,0.0
ITEQ,2021-10-20,69.76000213623047,69.9000015258789,69.19999694824219,69.3499984741211,29400,69.34194946289062,0.0
ITEQ,2021-10-21,69.08000183105469,69.7300033569336,69.02999877929688,69.62999725341797,17500,69.62191772460938,0.0
ITEQ,2021-10-22,69.5999984741211,69.78800201416016,68.70999908447266,69.1760025024414,11900,69.16797637939453,0.0
ITEQ,2021-10-25,69.54000091552734,70.37999725341797,69.4000015258789,70.20999908447266,16800,70.20185089111328,0.0
ITEQ,2021-10-26,70.66999816894531,70.94000244140625,69.7699966430664,69.95999908447266,484600,69.9518814086914,0.0
ITEQ,2021-10-27,70.3499984741211,70.87999725341797,69.22000122070312,69.30000305175781,22600,69.29196166992188,0.0
ITEQ,2021-10-28,69.30999755859375,69.97000122070312,69.12000274658203,69.93000030517578,19900,69.92188262939453,0.0
ITEQ,2021-10-29,69.7699966430664,70.25,69.75,70.16999816894531,14700,70.16185760498047,0.0
ITEQ,2021-11-01,70.33000183105469,71.50299835205078,70.33000183105469,71.50299835205078,13800,71.49469757080078,0.0
ITEQ,2021-11-02,71.54000091552734,71.75,70.63999938964844,71.02999877929688,322300,71.02175903320312,0.0
ITEQ,2021-11-03,70.0,70.0,69.4000015258789,69.61000061035156,57800,69.60192108154297,0.0
ITEQ,2021-11-04,69.25,70.94000244140625,69.25,70.61000061035156,27000,70.601806640625,0.0
ITEQ,2021-11-05,70.76000213623047,71.04000091552734,69.69999694824219,70.25,18300,70.2418441772461,0.0
ITEQ,2021-11-08,70.37000274658203,71.02999877929688,70.23999786376953,70.97000122070312,62600,70.96176147460938,0.0
ITEQ,2021-11-09,71.0,71.12999725341797,70.59600067138672,71.12999725341797,29900,71.12174224853516,0.0
ITEQ,2021-11-10,69.0,71.50700378417969,68.83000183105469,69.83999633789062,64800,69.83189392089844,0.0
ITEQ,2021-11-11,70.98999786376953,71.98999786376953,70.98999786376953,71.55000305175781,94100,71.54170227050781,0.0
ITEQ,2021-11-12,71.55000305175781,72.12999725341797,71.33000183105469,72.12000274658203,57600,72.11163330078125,0.0
ITEQ,2021-11-15,72.36000061035156,72.36000061035156,71.44000244140625,71.79000091552734,23700,71.78166961669922,0.0
ITEQ,2021-11-16,71.1500015258789,71.54000091552734,71.1500015258789,71.2699966430664,11600,71.26172637939453,0.0
ITEQ,2021-11-17,71.41999816894531,71.41999816894531,70.19999694824219,70.33000183105469,14100,70.32183837890625,0.0
ITEQ,2021-11-18,70.47000122070312,70.47000122070312,69.0999984741211,69.22000122070312,21000,69.21196746826172,0.0
ITEQ,2021-11-19,69.30000305175781,69.72000122070312,68.69000244140625,68.73899841308594,49000,68.73101806640625,0.0
ITEQ,2021-11-22,68.91999816894531,68.91999816894531,66.61000061035156,66.75,28100,66.74225616455078,0.0
ITEQ,2021-11-23,66.37999725341797,67.0999984741211,64.83000183105469,65.55000305175781,31600,65.54239654541016,0.0
ITEQ,2021-11-24,65.61000061035156,66.02999877929688,64.45999908447266,66.01000213623047,43300,66.0023422241211,0.0
ITEQ,2021-11-26,64.97000122070312,65.98999786376953,64.47000122070312,64.84100341796875,39000,64.83348083496094,0.0
ITEQ,2021-11-29,65.51000213623047,65.73999786376953,64.75,65.12000274658203,24900,65.11244201660156,0.0
ITEQ,2021-11-30,64.86000061035156,65.20999908447266,63.380001068115234,64.05000305175781,29100,64.04257202148438,0.0
ITEQ,2021-12-01,64.7699966430664,64.79000091552734,62.470001220703125,62.560001373291016,70800,62.55274200439453,0.0
ITEQ,2021-12-02,62.68000030517578,63.220001220703125,61.81999969482422,62.95199966430664,11000,62.94469451904297,0.0
ITEQ,2021-12-03,63.29999923706055,63.31999969482422,60.099998474121094,60.900001525878906,70400,60.8929328918457,0.0
ITEQ,2021-12-06,60.91999816894531,61.68299865722656,59.7400016784668,61.650001525878906,19500,61.642845153808594,0.0
ITEQ,2021-12-07,63.040000915527344,64.43000030517578,63.040000915527344,63.95000076293945,19500,63.94258117675781,0.0
ITEQ,2021-12-08,64.36000061035156,65.18499755859375,63.95000076293945,64.97000122070312,11100,64.96246337890625,0.0
ITEQ,2021-12-09,64.8499984741211,65.33999633789062,63.16999816894531,63.38999938964844,57000,63.38264465332031,0.0
ITEQ,2021-12-10,63.779998779296875,64.1500015258789,62.400001525878906,62.540000915527344,24400,62.53274154663086,0.0
ITEQ,2021-12-13,62.4900016784668,63.099998474121094,61.66999816894531,62.060001373291016,82600,62.052799224853516,0.0
ITEQ,2021-12-14,60.869998931884766,61.56999969482422,60.65999984741211,61.15999984741211,91800,61.15290069580078,0.0
ITEQ,2021-12-15,61.400001525878906,62.48699951171875,60.52000045776367,62.47999954223633,61000,62.472747802734375,0.0
ITEQ,2021-12-16,63.25,63.25,60.72999954223633,60.959999084472656,79100,60.95292282104492,0.0
ITEQ,2021-12-17,60.349998474121094,61.7400016784668,59.83000183105469,61.58000183105469,100400,61.57285690307617,0.0
ITEQ,2021-12-20,60.220001220703125,60.54999923706055,59.900001525878906,60.15999984741211,124200,60.153018951416016,0.0
ITEQ,2021-12-21,60.470001220703125,62.400001525878906,60.470001220703125,62.33000183105469,81300,62.32276916503906,0.0
ITEQ,2021-12-22,62.189998626708984,62.77000045776367,61.9900016784668,62.77000045776367,43000,62.76271438598633,0.0
ITEQ,2021-12-23,62.9900016784668,63.45800018310547,62.58000183105469,63.25,48600,63.24266052246094,0.0
ITEQ,2021-12-27,63.310001373291016,63.7400016784668,63.08000183105469,63.65999984741211,53600,63.652610778808594,0.0
ITEQ,2021-12-28,63.650001525878906,63.81999969482422,63.060001373291016,63.209999084472656,63500,63.20266342163086,0.0
ITEQ,2021-12-29,63.2599983215332,63.290000915527344,62.560001373291016,62.939998626708984,53400,62.93269348144531,0.0
ITEQ,2021-12-30,62.970001220703125,63.9900016784668,62.900001525878906,63.529998779296875,34900,63.52262496948242,0.0
ITEQ,2021-12-31,63.4900016784668,63.900001525878906,63.15999984741211,63.209999084472656,30200,63.20266342163086,0.0
ITEQ,2022-01-03,63.779998779296875,63.790000915527344,62.470001220703125,63.4900016784668,96300,63.482635498046875,0.0
ITEQ,2022-01-04,63.54999923706055,63.63999938964844,61.2599983215332,61.900001525878906,57300,61.892818450927734,0.0
ITEQ,2022-01-05,61.54999923706055,61.79800033569336,59.349998474121094,59.349998474121094,99100,59.343109130859375,0.0
ITEQ,2022-01-06,59.34000015258789,59.939998626708984,58.439998626708984,59.189998626708984,60000,59.183128356933594,0.0
ITEQ,2022-01-07,59.189998626708984,60.18000030517578,58.79999923706055,58.86000061035156,88100,58.85316848754883,0.0
ITEQ,2022-01-10,58.209999084472656,58.6150016784668,56.95000076293945,58.599998474121094,124000,58.593196868896484,0.0
ITEQ,2022-01-11,58.54999923706055,59.880001068115234,58.40999984741211,59.790000915527344,71300,59.78306198120117,0.0
ITEQ,2022-01-12,60.27000045776367,60.790000915527344,59.150001525878906,59.54999923706055,38300,59.543087005615234,0.0
ITEQ,2022-01-13,59.95000076293945,59.95000076293945,57.54999923706055,57.689998626708984,34600,57.68330383300781,0.0
ITEQ,2022-01-14,57.130001068115234,58.060001373291016,56.95000076293945,57.63999938964844,35200,57.63330841064453,0.0
ITEQ,2022-01-18,56.65999984741211,57.279998779296875,55.709999084472656,55.709999084472656,108200,55.70353317260742,0.0
ITEQ,2022-01-19,56.0,56.65999984741211,55.400001525878906,55.400001525878906,97400,55.39357376098633,0.0
ITEQ,2022-01-20,55.88999938964844,57.08000183105469,55.16999816894531,55.220001220703125,109400,55.213592529296875,0.0
ITEQ,2022-01-21,54.900001525878906,54.939998626708984,53.58000183105469,53.650001525878906,157800,53.643775939941406,0.0
ITEQ,2022-01-24,52.13999938964844,54.11000061035156,50.470001220703125,54.11000061035156,306900,54.103721618652344,0.0
ITEQ,2022-01-25,52.790000915527344,53.345001220703125,51.63100051879883,51.93000030517578,73000,51.923973083496094,0.0
ITEQ,2022-01-26,53.7599983215332,53.7599983215332,51.31999969482422,51.650001525878906,263200,51.64400863647461,0.0
ITEQ,2022-01-27,52.13999938964844,52.45000076293945,50.40999984741211,50.43000030517578,379600,50.42414855957031,0.0
ITEQ,2022-01-28,50.58000183105469,51.65999984741211,49.900001525878906,51.56999969482422,37400,51.56401443481445,0.0
ITEQ,2022-01-31,51.75,54.54999923706055,51.75,54.41999816894531,265200,54.41368103027344,0.0
ITEQ,2022-02-01,54.88999938964844,55.400001525878906,53.95000076293945,55.349998474121094,197900,55.34357452392578,0.0
ITEQ,2022-02-02,55.810001373291016,55.970001220703125,54.40999984741211,54.72999954223633,168900,54.72364807128906,0.0
ITEQ,2022-02-03,54.529998779296875,54.529998779296875,52.83000183105469,52.880001068115234,101400,52.873863220214844,0.0
ITEQ,2022-02-04,52.13999938964844,54.400001525878906,52.13999938964844,54.04999923706055,69900,54.04372787475586,0.0
ITEQ,2022-02-07,54.119998931884766,55.119998931884766,54.04999923706055,54.279998779296875,68100,54.27370071411133,0.0
ITEQ,2022-02-08,53.91999816894531,55.11000061035156,53.880001068115234,55.11000061035156,60700,55.10360336303711,0.0
ITEQ,2022-02-09,56.099998474121094,57.0,55.59000015258789,57.0,89400,56.993385314941406,0.0
ITEQ,2022-02-10,55.63999938964844,57.93000030517578,55.63999938964844,56.599998474121094,85300,56.59342956542969,0.0
ITEQ,2022-02-11,56.36000061035156,56.900001525878906,54.779998779296875,55.02000045776367,65900,55.013614654541016,0.0
ITEQ,2022-02-14,54.9900016784668,55.83000183105469,54.68000030517578,55.27000045776367,41000,55.263587951660156,0.0
ITEQ,2022-02-15,56.619998931884766,56.970001220703125,56.130001068115234,56.900001525878906,113300,56.89339828491211,0.0
ITEQ,2022-02-16,56.33000183105469,56.41999816894531,55.46500015258789,56.27000045776367,181100,56.26346969604492,0.0
ITEQ,2022-02-17,55.97999954223633,56.040000915527344,54.43000030517578,54.619998931884766,47400,54.6136589050293,0.0
ITEQ,2022-02-18,54.470001220703125,54.83000183105469,53.349998474121094,53.349998474121094,49900,53.343807220458984,0.0
ITEQ,2022-02-22,52.95000076293945,53.47999954223633,52.439998626708984,52.630001068115234,95900,52.62389373779297,0.0
ITEQ,2022-02-23,52.709999084472656,52.939998626708984,50.83000183105469,50.88999938964844,105600,50.88409423828125,0.0
ITEQ,2022-02-24,48.900001525878906,53.57500076293945,48.70000076293945,53.52000045776367,68400,53.513790130615234,0.0
ITEQ,2022-02-25,53.63999938964844,54.30500030517578,52.79999923706055,54.2599983215332,41900,54.253700256347656,0.0
ITEQ,2022-02-28,54.38999938964844,56.2400016784668,54.38999938964844,56.13999938964844,17700,56.13348388671875,0.0
ITEQ,2022-03-01,55.7400016784668,56.130001068115234,55.22999954223633,55.52000045776367,73900,55.51355743408203,0.0
ITEQ,2022-03-02,55.79999923706055,56.34000015258789,54.88999938964844,56.22999954223633,89200,56.223472595214844,0.0
ITEQ,2022-03-03,56.119998931884766,56.119998931884766,54.27000045776367,54.380001068115234,57200,54.37369155883789,0.0
ITEQ,2022-03-04,54.040000915527344,54.54999923706055,52.91999816894531,52.9900016784668,137600,52.98385238647461,0.0
ITEQ,2022-03-07,53.22999954223633,53.619998931884766,51.90999984741211,51.90999984741211,93100,51.90397644042969,0.0
ITEQ,2022-03-08,52.06999969482422,53.540000915527344,51.619998931884766,52.540000915527344,127700,52.533905029296875,0.0
ITEQ,2022-03-09,53.560001373291016,54.4900016784668,53.18000030517578,54.04999923706055,57900,54.04372787475586,0.0
ITEQ,2022-03-10,53.15999984741211,53.619998931884766,52.81999969482422,53.619998931884766,34400,53.61377716064453,0.0
ITEQ,2022-03-11,53.900001525878906,53.970001220703125,52.060001373291016,52.06999969482422,42200,52.06395721435547,0.0
ITEQ,2022-03-14,51.93000030517578,51.93000030517578,50.13999938964844,50.27000045776367,27100,50.26416778564453,0.0
ITEQ,2022-03-15,50.59000015258789,51.55500030517578,50.064998626708984,51.529998779296875,51700,51.524017333984375,0.0
ITEQ,2022-03-16,51.9900016784668,53.79999923706055,51.9900016784668,53.79999923706055,29600,53.79375457763672,0.0
ITEQ,2022-03-17,53.209999084472656,54.5099983215332,53.060001373291016,54.5099983215332,41100,54.5036735534668,0.0
ITEQ,2022-03-18,53.90999984741211,55.439998626708984,53.88999938964844,55.41999816894531,62000,55.41356658935547,0.0
ITEQ,2022-03-21,55.09000015258789,55.599998474121094,54.66999816894531,55.310001373291016,47900,55.30358123779297,0.0
ITEQ,2022-03-22,55.560001373291016,56.88999938964844,55.540000915527344,56.54999923706055,163900,56.54343795776367,0.0
ITEQ,2022-03-23,55.93000030517578,57.0099983215332,55.43000030517578,55.970001220703125,189800,55.963504791259766,0.0
ITEQ,2022-03-24,56.599998474121094,56.75,55.40999984741211,56.529998779296875,138900,56.5234375,0.0
ITEQ,2022-03-25,56.52000045776367,56.599998474121094,55.400001525878906,56.08300018310547,74800,56.07649230957031,0.0
ITEQ,2022-03-28,56.150001525878906,56.61000061035156,55.369998931884766,56.20000076293945,142100,56.193477630615234,0.0
ITEQ,2022-03-29,56.75,57.38999938964844,56.189998626708984,57.2599983215332,76900,57.253353118896484,0.0
ITEQ,2022-03-30,57.189998626708984,57.560001373291016,56.310001373291016,56.43000030517578,83300,56.4234504699707,0.0
ITEQ,2022-03-31,56.459999084472656,56.68000030517578,55.97999954223633,55.97999954223633,119100,55.97350311279297,0.0
ITEQ,2022-04-01,56.150001525878906,56.72999954223633,56.09000015258789,56.54999923706055,81200,56.54343795776367,0.0
ITEQ,2022-04-04,56.720001220703125,57.959999084472656,56.720001220703125,57.849998474121094,82000,57.843284606933594,0.0
ITEQ,2022-04-05,57.900001525878906,57.900001525878906,56.59000015258789,56.689998626708984,30700,56.68341827392578,0.0
ITEQ,2022-04-06,56.11000061035156,56.11000061035156,54.76300048828125,55.31999969482422,129100,55.31357955932617,0.0
ITEQ,2022-04-07,55.18000030517578,56.029998779296875,54.7400016784668,55.40999984741211,100300,55.403568267822266,0.0
ITEQ,2022-04-08,54.939998626708984,55.16999816894531,54.45000076293945,54.56999969482422,146200,54.56366729736328,0.0
ITEQ,2022-04-11,53.880001068115234,54.630001068115234,53.7599983215332,54.43000030517578,209100,54.423683166503906,0.0
ITEQ,2022-04-12,55.40999984741211,55.63999938964844,54.119998931884766,54.25,158900,54.24370574951172,0.0
ITEQ,2022-04-13,54.27000045776367,55.279998779296875,54.0,55.2400016784668,107900,55.23358917236328,0.0
ITEQ,2022-04-14,55.38999938964844,55.41999816894531,54.45000076293945,54.470001220703125,121700,54.463680267333984,0.0
ITEQ,2022-04-18,54.27000045776367,54.36000061035156,53.349998474121094,53.77000045776367,77000,53.76375961303711,0.0
ITEQ,2022-04-19,53.68000030517578,55.02000045776367,53.4900016784668,54.79600143432617,56300,54.789642333984375,0.0
ITEQ,2022-04-20,55.02000045776367,55.04999923706055,53.970001220703125,53.981998443603516,96100,53.97573471069336,0.0
ITEQ,2022-04-21,54.380001068115234,54.65999984741211,52.16999816894531,52.16999816894531,92000,52.163944244384766,0.0
ITEQ,2022-04-22,52.36000061035156,52.56999969482422,51.48500061035156,51.59000015258789,46600,51.584014892578125,0.0
ITEQ,2022-04-25,51.34000015258789,52.31999969482422,51.2599983215332,52.31999969482422,194500,52.313926696777344,0.0
ITEQ,2022-04-26,51.939998626708984,51.95000076293945,50.5,50.5,94400,50.494140625,0.0
ITEQ,2022-04-27,50.279998779296875,51.0,49.95000076293945,50.02000045776367,377000,50.01419448852539,0.0
ITEQ,2022-04-28,50.84000015258789,51.16999816894531,49.72999954223633,51.119998931884766,191900,51.11406707763672,0.0
ITEQ,2022-04-29,50.869998931884766,51.709999084472656,49.97999954223633,50.04999923706055,117900,50.044189453125,0.0
ITEQ,2022-05-02,49.63999938964844,50.529998779296875,49.36000061035156,50.529998779296875,233700,50.52413558959961,0.0
ITEQ,2022-05-03,50.310001373291016,50.560001373291016,49.84000015258789,50.369998931884766,239900,50.36415481567383,0.0
ITEQ,2022-05-04,50.349998474121094,51.5,49.29999923706055,51.4900016784668,152300,51.48402786254883,0.0
ITEQ,2022-05-05,51.029998779296875,51.029998779296875,48.58000183105469,48.95000076293945,61300,48.94432067871094,0.0
ITEQ,2022-05-06,48.7400016784668,48.7400016784668,47.08000183105469,47.41999816894531,356500,47.414493560791016,0.0
ITEQ,2022-05-09,46.380001068115234,46.650001525878906,44.52199935913086,44.7599983215332,112600,44.75480270385742,0.0
ITEQ,2022-05-10,45.43000030517578,45.95000076293945,43.86000061035156,44.72999954223633,194800,44.72480773925781,0.0
ITEQ,2022-05-11,44.060001373291016,44.58000183105469,42.77000045776367,42.84000015258789,191800,42.83502960205078,0.0
ITEQ,2022-05-12,42.599998474121094,44.27000045776367,42.34000015258789,43.650001525878906,220000,43.644935607910156,0.0
ITEQ,2022-05-13,44.65999984741211,45.970001220703125,44.470001220703125,45.81999969482422,183900,45.81468200683594,0.0
ITEQ,2022-05-16,45.72999954223633,46.16999816894531,45.209999084472656,45.28499984741211,226600,45.27974319458008,0.0
ITEQ,2022-05-17,46.369998931884766,46.720001220703125,45.72999954223633,46.52000045776367,44600,46.51460266113281,0.0
ITEQ,2022-05-18,46.150001525878906,46.630001068115234,45.279998779296875,45.459999084472656,93200,45.4547233581543,0.0
ITEQ,2022-05-19,45.2400016784668,46.7400016784668,45.2400016784668,46.290000915527344,48200,46.284629821777344,0.0
ITEQ,2022-05-20,46.83000183105469,47.029998779296875,45.349998474121094,46.439998626708984,28200,46.434608459472656,0.0
ITEQ,2022-05-23,46.7400016784668,47.04999923706055,46.16999816894531,46.9900016784668,54500,46.98454666137695,0.0
ITEQ,2022-05-24,46.13999938964844,46.13999938964844,45.20000076293945,45.529998779296875,19300,45.524715423583984,0.0
ITEQ,2022-05-25,45.27000045776367,46.301998138427734,45.27000045776367,46.11000061035156,38100,46.10464859008789,0.0
ITEQ,2022-05-26,46.029998779296875,47.36000061035156,45.900001525878906,47.09000015258789,29300,47.08453369140625,0.0
ITEQ,2022-05-27,47.470001220703125,48.61000061035156,47.470001220703125,48.61000061035156,20300,48.6043586730957,0.0
ITEQ,2022-05-31,48.540000915527344,48.540000915527344,47.849998474121094,48.029998779296875,44600,48.0244255065918,0.0
ITEQ,2022-06-01,48.209999084472656,48.75,47.439998626708984,47.85499954223633,12900,47.84944534301758,0.0
ITEQ,2022-06-02,47.91999816894531,49.59000015258789,47.91999816894531,49.59000015258789,23500,49.58424377441406,0.0
ITEQ,2022-06-03,49.119998931884766,49.349998474121094,48.599998474121094,48.72999954223633,17500,48.72434616088867,0.0
ITEQ,2022-06-06,49.459999084472656,49.68000030517578,48.529998779296875,48.65999984741211,65800,48.654354095458984,0.0
ITEQ,2022-06-07,48.310001373291016,48.9900016784668,48.099998474121094,48.959999084472656,44900,48.95431900024414,0.0
ITEQ,2022-06-08,48.84000015258789,49.16999816894531,48.59000015258789,48.650001525878906,15000,48.64435577392578,0.0
ITEQ,2022-06-09,48.38999938964844,48.400001525878906,47.334999084472656,47.36000061035156,16300,47.3545036315918,0.0
ITEQ,2022-06-10,46.619998931884766,46.75,45.900001525878906,45.970001220703125,31400,45.96466827392578,0.0
ITEQ,2022-06-13,44.5,44.58000183105469,43.290000915527344,43.59000015258789,13300,43.58494186401367,0.0
ITEQ,2022-06-14,43.970001220703125,43.970001220703125,43.25,43.4900016784668,9300,43.484954833984375,0.0
ITEQ,2022-06-15,43.970001220703125,45.04999923706055,43.939998626708984,44.720001220703125,41100,44.714813232421875,0.0
ITEQ,2022-06-16,43.619998931884766,43.65999984741211,42.560001373291016,42.65999984741211,33400,42.65504837036133,0.0
ITEQ,2022-06-17,43.09000015258789,44.18000030517578,43.06999969482422,43.970001220703125,34600,43.96489715576172,0.0
ITEQ,2022-06-21,44.939998626708984,45.50699996948242,44.869998931884766,44.959999084472656,56100,44.95478057861328,0.0
ITEQ,2022-06-22,44.68000030517578,45.40999984741211,44.68000030517578,45.02000045776367,7900,45.014774322509766,0.0
ITEQ,2022-06-23,45.34000015258789,46.290000915527344,45.02000045776367,46.290000915527344,29300,46.284629821777344,0.0
ITEQ,2022-06-24,46.650001525878906,47.63999938964844,46.630001068115234,47.599998474121094,35600,47.59447479248047,0.0
ITEQ,2022-06-27,47.72999954223633,47.790000915527344,46.86000061035156,47.2599983215332,12300,47.254512786865234,0.0
ITEQ,2022-06-28,47.41999816894531,47.61000061035156,45.90999984741211,46.0,11700,45.99466323852539,0.0
ITEQ,2022-06-29,45.849998474121094,45.93000030517578,45.310001373291016,45.630001068115234,12200,45.62470626831055,0.0
ITEQ,2022-06-30,45.27000045776367,45.75,44.599998474121094,45.2400016784668,18900,45.2347526550293,0.0
ITEQ,2022-07-01,45.150001525878906,45.689998626708984,45.02000045776367,45.59000015258789,25600,45.58470916748047,0.0
ITEQ,2022-07-05,44.96099853515625,46.61000061035156,44.720001220703125,46.61000061035156,18600,46.604591369628906,0.0
ITEQ,2022-07-06,46.459999084472656,46.59000015258789,45.790000915527344,46.06999969482422,79600,46.06465148925781,0.0
ITEQ,2022-07-07,46.189998626708984,47.25,46.13999938964844,47.25,17300,47.2445182800293,0.0
ITEQ,2022-07-08,46.90999984741211,47.66999816894531,46.459999084472656,47.43000030517578,14400,47.424495697021484,0.0
ITEQ,2022-07-11,47.27000045776367,47.27000045776367,46.21699905395508,46.21699905395508,4600,46.21163558959961,0.0
ITEQ,2022-07-12,46.470001220703125,46.779998779296875,45.36000061035156,45.5099983215332,7600,45.50471878051758,0.0
ITEQ,2022-07-13,44.95000076293945,46.16999816894531,44.939998626708984,45.970001220703125,49500,45.96466827392578,0.0
ITEQ,2022-07-14,45.349998474121094,45.470001220703125,44.81999969482422,45.290000915527344,39100,45.28474426269531,0.0
ITEQ,2022-07-15,45.619998931884766,45.90999984741211,45.119998931884766,45.90999984741211,19200,45.90467071533203,0.0
ITEQ,2022-07-18,46.40999984741211,47.029998779296875,46.15999984741211,46.15999984741211,5600,46.15464401245117,0.0
ITEQ,2022-07-19,46.709999084472656,47.369998931884766,46.52000045776367,47.369998931884766,35300,47.364501953125,0.0
ITEQ,2022-07-20,47.7599983215332,48.810001373291016,47.7599983215332,48.689998626708984,7400,48.684349060058594,0.0
ITEQ,2022-07-21,48.83000183105469,49.25,48.66999816894531,49.25,7300,49.244285583496094,0.0
ITEQ,2022-07-22,49.22999954223633,49.349998474121094,47.849998474121094,48.051998138427734,5400,48.04642105102539,0.0
ITEQ,2022-07-25,48.04999923706055,48.04999923706055,47.505001068115234,47.66999816894531,6800,47.664466857910156,0.0
ITEQ,2022-07-26,47.56999969482422,47.56999969482422,46.52000045776367,46.52000045776367,3700,46.51460266113281,0.0
ITEQ,2022-07-27,47.150001525878906,48.16999816894531,47.150001525878906,48.060001373291016,5700,48.05442428588867,0.0
ITEQ,2022-07-28,48.439998626708984,48.880001068115234,47.70000076293945,48.7400016784668,5900,48.734344482421875,0.0
ITEQ,2022-07-29,48.36000061035156,48.91600036621094,48.349998474121094,48.91600036621094,6800,48.91032409667969,0.0
ITEQ,2022-08-01,48.56999969482422,49.099998474121094,48.150001525878906,48.900001525878906,15400,48.894325256347656,0.0
ITEQ,2022-08-02,48.849998474121094,49.689998626708984,48.849998474121094,49.43000030517578,8000,49.42426300048828,0.0
ITEQ,2022-08-03,49.18000030517578,50.0099983215332,49.18000030517578,49.91999816894531,9900,49.91420364379883,0.0
ITEQ,2022-08-04,49.900001525878906,50.31999969482422,49.869998931884766,50.31999969482422,5700,50.31415939331055,0.0
ITEQ,2022-08-05,49.810001373291016,50.52000045776367,49.56999969482422,50.349998474121094,9500,50.344154357910156,0.0
ITEQ,2022-08-08,50.93000030517578,51.790000915527344,50.93000030517578,51.0099983215332,19300,51.00407791137695,0.0
ITEQ,2022-08-09,50.59000015258789,50.59000015258789,49.630001068115234,50.060001373291016,40600,50.05419158935547,0.0
ITEQ,2022-08-10,51.40999984741211,52.25,51.25,52.150001525878906,12600,52.14394760131836,0.0
ITEQ,2022-08-11,52.77000045776367,52.970001220703125,51.65999984741211,51.77000045776367,6400,51.76399230957031,0.0
ITEQ,2022-08-12,51.93000030517578,52.75,51.90999984741211,52.75,4200,52.74387741088867,0.0
ITEQ,2022-08-15,52.459999084472656,52.86000061035156,52.242000579833984,52.75,18800,52.74387741088867,0.0
ITEQ,2022-08-16,52.369998931884766,52.45000076293945,51.66600036621094,52.2599983215332,7100,52.25393295288086,0.0
ITEQ,2022-08-17,51.72999954223633,51.72999954223633,51.249000549316406,51.34000015258789,3000,51.334041595458984,0.0
ITEQ,2022-08-18,51.459999084472656,51.611000061035156,51.27000045776367,51.54999923706055,4800,51.54401779174805,0.0
ITEQ,2022-08-19,51.0099983215332,51.0099983215332,50.099998474121094,50.33000183105469,8600,50.324161529541016,0.0
ITEQ,2022-08-22,49.65999984741211,49.709999084472656,49.130001068115234,49.20000076293945,18000,49.19429016113281,0.0
ITEQ,2022-08-23,49.369998931884766,49.779998779296875,49.290000915527344,49.43000030517578,7400,49.42426300048828,0.0
ITEQ,2022-08-24,49.4900016784668,50.22999954223633,49.4900016784668,50.119998931884766,10100,50.11418151855469,0.0
ITEQ,2022-08-25,50.36000061035156,50.7400016784668,50.16999816894531,50.68000030517578,5400,50.67411804199219,0.0
ITEQ,2022-08-26,50.81999969482422,50.81999969482422,49.029998779296875,49.04999923706055,6000,49.044307708740234,0.0
ITEQ,2022-08-29,48.54999923706055,49.029998779296875,48.54999923706055,48.70000076293945,4500,48.6943473815918,0.0
ITEQ,2022-08-30,49.08000183105469,49.220001220703125,48.16999816894531,48.47999954223633,6300,48.47437286376953,0.0
ITEQ,2022-08-31,48.81999969482422,49.15999984741211,48.34000015258789,48.34000015258789,4300,48.334388732910156,0.0
ITEQ,2022-09-01,47.869998931884766,47.88999938964844,46.400001525878906,47.2599983215332,7300,47.254512786865234,0.0
ITEQ,2022-09-02,47.58000183105469,47.7599983215332,46.65999984741211,46.72999954223633,12000,46.72457504272461,0.0
ITEQ,2022-09-06,46.70000076293945,46.72999954223633,46.130001068115234,46.33000183105469,83700,46.32462692260742,0.0
ITEQ,2022-09-07,46.43000030517578,47.650001525878906,46.310001373291016,47.650001525878906,4400,47.64447021484375,0.0
ITEQ,2022-09-08,47.34000015258789,48.220001220703125,47.11000061035156,48.18000030517578,9000,48.174407958984375,0.0
ITEQ,2022-09-09,48.68000030517578,49.400001525878906,48.68000030517578,49.38999938964844,7600,49.3842658996582,0.0
ITEQ,2022-09-12,49.58000183105469,49.900001525878906,49.58000183105469,49.849998474121094,5800,49.84421157836914,0.0
ITEQ,2022-09-13,48.33000183105469,48.630001068115234,48.220001220703125,48.400001525878906,5300,48.394386291503906,0.0
ITEQ,2022-09-14,48.31999969482422,48.619998931884766,47.91999816894531,48.5099983215332,11500,48.50436782836914,0.0
ITEQ,2022-09-15,48.13999938964844,48.68000030517578,47.959999084472656,48.2599983215332,5500,48.254398345947266,0.0
ITEQ,2022-09-16,47.63999938964844,47.63999938964844,47.13100051879883,47.380001068115234,7300,47.37450408935547,0.0
ITEQ,2022-09-19,46.959999084472656,47.779998779296875,46.959999084472656,47.779998779296875,6800,47.774452209472656,0.0
ITEQ,2022-09-20,47.38999938964844,47.560001373291016,46.78900146484375,46.849998474121094,9000,46.84456253051758,0.0
ITEQ,2022-09-21,46.97999954223633,47.619998931884766,46.4900016784668,46.4900016784668,8500,46.4846076965332,0.0
ITEQ,2022-09-22,46.27000045776367,46.27000045776367,45.11000061035156,45.20000076293945,4400,45.19475555419922,0.0
ITEQ,2022-09-23,44.540000915527344,44.720001220703125,43.917999267578125,44.25,15700,44.24486541748047,0.0
ITEQ,2022-09-26,44.20000076293945,44.779998779296875,43.86000061035156,43.91999816894531,7800,43.91490173339844,0.0
ITEQ,2022-09-27,44.5,44.689998626708984,44.13999938964844,44.1609992980957,4500,44.15587615966797,0.0
ITEQ,2022-09-28,44.08000183105469,45.51300048828125,44.08000183105469,45.31999969482422,9400,45.31473922729492,0.0
ITEQ,2022-09-29,44.709999084472656,44.709999084472656,43.95000076293945,44.150001525878906,49300,44.14487838745117,0.0
ITEQ,2022-09-30,43.970001220703125,44.91999816894531,43.75,43.75,7600,43.74492263793945,0.0
ITEQ,2022-10-03,44.060001373291016,44.880001068115234,43.97999954223633,44.75,9100,44.744808197021484,0.0
ITEQ,2022-10-04,45.59000015258789,46.459999084472656,45.59000015258789,46.459999084472656,10500,46.45460891723633,0.0
ITEQ,2022-10-05,45.88999938964844,46.189998626708984,45.534000396728516,46.060001373291016,6900,46.054656982421875,0.0
ITEQ,2022-10-06,45.939998626708984,46.349998474121094,45.83100128173828,45.84000015258789,5700,45.834678649902344,0.0
ITEQ,2022-10-07,45.2599983215332,45.275001525878906,44.11000061035156,44.150001525878906,4800,44.14487838745117,0.0
ITEQ,2022-10-10,44.27000045776367,44.27000045776367,42.810001373291016,42.88999938964844,15900,42.8850212097168,0.0
ITEQ,2022-10-11,42.790000915527344,43.2599983215332,42.119998931884766,42.56999969482422,6600,42.565059661865234,0.0
ITEQ,2022-10-12,42.790000915527344,42.790000915527344,42.02000045776367,42.439998626708984,9400,42.43507385253906,0.0
ITEQ,2022-10-13,41.47999954223633,43.099998474121094,41.119998931884766,43.0,13400,42.99501037597656,0.0
ITEQ,2022-10-14,43.22999954223633,43.470001220703125,41.79999923706055,41.79999923706055,10200,41.79514694213867,0.0
ITEQ,2022-10-17,42.560001373291016,43.073001861572266,42.560001373291016,42.970001220703125,6000,42.96501541137695,0.0
ITEQ,2022-10-18,43.95000076293945,44.25,43.43000030517578,43.72999954223633,18400,43.72492599487305,0.0
ITEQ,2022-10-19,43.4900016784668,43.4900016784668,42.689998626708984,42.810001373291016,13200,42.80503463745117,0.0
ITEQ,2022-10-20,42.70000076293945,43.45000076293945,42.70000076293945,42.959999084472656,4900,42.955013275146484,0.0
ITEQ,2022-10-21,42.849998474121094,43.599998474121094,42.47100067138672,43.560001373291016,14000,43.55494689941406,0.0
ITEQ,2022-10-24,43.470001220703125,43.470001220703125,42.459999084472656,43.220001220703125,9100,43.21498489379883,0.0
ITEQ,2022-10-25,43.470001220703125,44.76300048828125,43.470001220703125,44.76300048828125,4100,44.75780487060547,0.0
ITEQ,2022-10-26,44.970001220703125,45.61899948120117,44.63999938964844,44.63999938964844,7000,44.63481903076172,0.0
ITEQ,2022-10-27,44.709999084472656,45.66699981689453,44.70000076293945,44.939998626708984,26700,44.934783935546875,0.0
ITEQ,2022-10-28,44.849998474121094,45.599998474121094,44.63999938964844,45.54800033569336,23600,45.5427131652832,0.0
ITEQ,2022-10-31,45.13999938964844,45.3650016784668,45.02000045776367,45.27000045776367,3100,45.264747619628906,0.0
ITEQ,2022-11-01,45.599998474121094,45.86000061035156,44.582000732421875,44.60200119018555,13400,44.596824645996094,0.0
ITEQ,2022-11-02,44.4900016784668,44.4900016784668,42.83000183105469,42.83000183105469,31300,42.82503128051758,0.0
ITEQ,2022-11-03,42.70000076293945,43.2599983215332,42.29999923706055,42.849998474121094,13500,42.84502410888672,0.0
ITEQ,2022-11-04,43.58000183105469,43.58000183105469,41.720001220703125,42.237998962402344,9600,42.233097076416016,0.0
ITEQ,2022-11-07,42.439998626708984,42.439998626708984,41.650001525878906,41.88999938964844,8000,41.88513946533203,0.0
ITEQ,2022-11-08,42.369998931884766,43.16999816894531,42.15999984741211,42.779998779296875,5200,42.7750358581543,0.0
ITEQ,2022-11-09,42.70000076293945,42.849998474121094,42.099998474121094,42.189998626708984,12400,42.18510437011719,0.0
ITEQ,2022-11-10,44.70000076293945,45.60599899291992,44.69499969482422,45.60599899291992,10000,45.6007080078125,0.0
ITEQ,2022-11-11,45.599998474121094,46.78300094604492,45.599998474121094,46.78300094604492,19700,46.77757263183594,0.0
ITEQ,2022-11-14,46.15999984741211,46.36000061035156,45.75,46.25,4400,46.244632720947266,0.0
ITEQ,2022-11-15,47.20000076293945,47.720001220703125,47.20000076293945,47.29999923706055,7600,47.29450988769531,0.0
ITEQ,2022-11-16,46.95000076293945,46.95000076293945,46.25,46.310001373291016,5000,46.30462646484375,0.0
ITEQ,2022-11-17,45.38999938964844,45.790000915527344,45.13999938964844,45.720001220703125,7800,45.71469497680664,0.0
ITEQ,2022-11-18,46.380001068115234,46.380001068115234,45.46099853515625,45.56999969482422,4700,45.56471252441406,0.0
ITEQ,2022-11-21,45.380001068115234,45.380001068115234,45.000999450683594,45.040000915527344,6400,45.03477478027344,0.0
ITEQ,2022-11-22,45.099998474121094,45.380001068115234,44.66999816894531,45.380001068115234,5600,45.374732971191406,0.0
ITEQ,2022-11-23,45.380001068115234,45.7599983215332,45.29999923706055,45.59000015258789,5600,45.58470916748047,0.0
ITEQ,2022-11-25,45.43000030517578,45.768001556396484,45.41999816894531,45.768001556396484,2100,45.762691497802734,0.0
ITEQ,2022-11-28,45.439998626708984,45.630001068115234,44.83000183105469,44.900001525878906,3200,44.89479064941406,0.0
ITEQ,2022-11-29,44.91999816894531,45.060001373291016,44.790000915527344,44.84000015258789,5100,44.83479690551758,0.0
ITEQ,2022-11-30,44.72999954223633,46.00199890136719,44.41999816894531,46.00199890136719,10100,45.99666213989258,0.0
ITEQ,2022-12-01,46.27000045776367,46.87200164794922,46.27000045776367,46.650001525878906,7200,46.644588470458984,0.0
ITEQ,2022-12-02,45.810001373291016,46.529998779296875,45.810001373291016,46.34000015258789,6400,46.33462142944336,0.0
ITEQ,2022-12-05,46.130001068115234,46.130001068115234,45.5,45.619998931884766,6700,45.61470413208008,0.0
ITEQ,2022-12-06,45.75,45.75,44.369998931884766,44.650001525878906,9900,44.64482116699219,0.0
ITEQ,2022-12-07,44.45000076293945,44.97999954223633,44.29999923706055,44.529998779296875,14900,44.52482986450195,0.0
ITEQ,2022-12-08,44.72999954223633,45.380001068115234,44.4900016784668,45.222999572753906,4200,45.217750549316406,0.0
ITEQ,2022-12-09,45.09000015258789,45.279998779296875,44.900001525878906,44.900001525878906,18100,44.89479064941406,0.0
ITEQ,2022-12-12,45.02000045776367,45.38999938964844,44.88999938964844,45.38999938964844,14200,45.38473129272461,0.0
ITEQ,2022-12-13,47.459999084472656,47.459999084472656,45.720001220703125,46.08399963378906,23900,46.078651428222656,0.0
ITEQ,2022-12-14,46.15999984741211,46.66999816894531,45.880001068115234,46.209999084472656,24400,46.20463562011719,0.0
ITEQ,2022-12-15,45.5,45.5,44.79999923706055,44.85100173950195,6900,44.84579849243164,0.0
ITEQ,2022-12-16,44.63999938964844,44.83000183105469,44.15999984741211,44.540000915527344,20900,44.53483200073242,0.0
ITEQ,2022-12-19,44.68000030517578,44.68000030517578,43.66999816894531,43.84700012207031,7600,43.84191131591797,0.0
ITEQ,2022-12-20,43.619998931884766,44.15999984741211,43.470001220703125,43.875,5200,43.86990737915039,0.0
ITEQ,2022-12-21,43.9900016784668,44.560001373291016,43.76100158691406,44.529998779296875,5400,44.52482986450195,0.0
ITEQ,2022-12-22,44.0,44.0,43.15999984741211,43.78200149536133,5100,43.776920318603516,0.0
ITEQ,2022-12-23,43.63999938964844,43.63999938964844,43.33000183105469,43.558998107910156,18300,43.5539436340332,0.0
ITEQ,2022-12-27,43.380001068115234,43.380001068115234,42.849998474121094,42.849998474121094,10700,42.84502410888672,0.0
ITEQ,2022-12-28,42.84000015258789,42.869998931884766,42.43000030517578,42.54999923706055,7700,42.54506301879883,0.0
ITEQ,2022-12-29,42.970001220703125,43.8390007019043,42.689998626708984,43.83000183105469,5400,43.82491683959961,0.0
ITEQ,2022-12-30,43.33000183105469,44.02000045776367,43.33000183105469,44.02000045776367,12700,44.014892578125,0.0
ITEQ,2023-01-03,44.34000015258789,44.7400016784668,43.630001068115234,43.650001525878906,22700,43.644935607910156,0.0
ITEQ,2023-01-04,44.33000183105469,44.494998931884766,43.84000015258789,44.270999908447266,17200,44.26586151123047,0.0
ITEQ,2023-01-05,44.75,44.75,44.06999969482422,44.404998779296875,12000,44.399845123291016,0.0
ITEQ,2023-01-06,44.560001373291016,44.779998779296875,43.849998474121094,44.59000015258789,6500,44.58482360839844,0.0
ITEQ,2023-01-09,44.93000030517578,45.16999816894531,44.349998474121094,44.400001525878906,79100,44.39484786987305,0.0
ITEQ,2023-01-10,44.779998779296875,44.97999954223633,44.119998931884766,44.97999954223633,6500,44.97478103637695,0.0
ITEQ,2023-01-11,44.84000015258789,45.57099914550781,44.84000015258789,45.57099914550781,5900,45.565711975097656,0.0
ITEQ,2023-01-12,45.27000045776367,45.68000030517578,45.040000915527344,45.650001525878906,13300,45.64470291137695,0.0
ITEQ,2023-01-13,45.33000183105469,45.93000030517578,45.33000183105469,45.91699981689453,3400,45.91167068481445,0.0
ITEQ,2023-01-17,45.869998931884766,46.65999984741211,45.869998931884766,46.65999984741211,5700,46.65458679199219,0.0
ITEQ,2023-01-18,47.0,47.220001220703125,46.34000015258789,46.374000549316406,3200,46.36861801147461,0.0
ITEQ,2023-01-19,45.939998626708984,45.939998626708984,45.1150016784668,45.369998931884766,3800,45.3647346496582,0.0
ITEQ,2023-01-20,45.525001525878906,46.303001403808594,45.525001525878906,46.303001403808594,5200,46.29762649536133,0.0
ITEQ,2023-01-23,46.400001525878906,47.15999984741211,46.27000045776367,47.150001525878906,2600,47.14453125,0.0
ITEQ,2023-01-24,46.849998474121094,47.22999954223633,46.849998474121094,46.972999572753906,3200,46.96754837036133,0.0
ITEQ,2023-01-25,46.150001525878906,46.88999938964844,45.869998931884766,46.888999938964844,3400,46.88356018066406,0.0
ITEQ,2023-01-26,47.34000015258789,47.38999938964844,46.58000183105469,47.0099983215332,138000,47.00454330444336,0.0
ITEQ,2023-01-27,46.77000045776367,47.558998107910156,46.77000045776367,47.446998596191406,2100,47.44149398803711,0.0
ITEQ,2023-01-30,46.66999816894531,46.89500045776367,46.402000427246094,46.4640007019043,4700,46.4586067199707,0.0
ITEQ,2023-01-31,46.880001068115234,47.45000076293945,46.849998474121094,47.45000076293945,2900,47.44449234008789,0.0
ITEQ,2023-02-01,47.66999816894531,48.790000915527344,47.47999954223633,48.790000915527344,5900,48.784339904785156,0.0
ITEQ,2023-02-02,49.43000030517578,50.40999984741211,49.43000030517578,50.05799865722656,12300,50.052188873291016,0.0
ITEQ,2023-02-03,49.150001525878906,49.93000030517578,49.0620002746582,49.0620002746582,5400,49.056304931640625,0.0
ITEQ,2023-02-06,48.58000183105469,48.6150016784668,48.20500183105469,48.2140007019043,2600,48.208404541015625,0.0
ITEQ,2023-02-07,48.04999923706055,48.83000183105469,47.790000915527344,48.83000183105469,9800,48.82433319091797,0.0
ITEQ,2023-02-08,48.75,49.20000076293945,48.369998931884766,48.400001525878906,6200,48.394386291503906,0.0
ITEQ,2023-02-09,48.42100143432617,48.42100143432617,47.60100173950195,47.60100173950195,2900,47.59547805786133,0.0
ITEQ,2023-02-10,47.33000183105469,47.33000183105469,46.939998626708984,47.17100143432617,4300,47.16552734375,0.0
ITEQ,2023-02-13,47.220001220703125,47.790000915527344,47.060001373291016,47.6609992980957,4300,47.65546798706055,0.0
ITEQ,2023-02-14,47.27000045776367,48.25,47.27000045776367,48.209999084472656,4300,48.204402923583984,0.0
ITEQ,2023-02-15,48.29999923706055,49.28099822998047,48.2599983215332,49.28099822998047,1600,49.2752799987793,0.0
ITEQ,2023-02-16,48.400001525878906,48.45000076293945,47.904998779296875,47.904998779296875,68900,47.89944076538086,0.0
ITEQ,2023-02-17,47.5099983215332,47.5099983215332,47.13100051879883,47.380001068115234,3900,47.37450408935547,0.0
ITEQ,2023-02-21,46.7599983215332,46.7599983215332,46.279998779296875,46.380001068115234,5200,46.37461853027344,0.0
ITEQ,2023-02-22,46.650001525878906,46.95000076293945,46.650001525878906,46.84000015258789,3300,46.834564208984375,0.0
ITEQ,2023-02-23,47.06999969482422,47.119998931884766,46.0,46.762001037597656,4700,46.75657272338867,0.0
ITEQ,2023-02-24,46.0,46.0,45.57400131225586,45.69599914550781,11300,45.690696716308594,0.0
ITEQ,2023-02-27,46.099998474121094,46.29999923706055,45.93000030517578,46.00299835205078,5700,45.99766159057617,0.0
ITEQ,2023-02-28,46.1879997253418,46.3390007019043,46.095001220703125,46.12799835205078,2300,46.12264633178711,0.0
ITEQ,2023-03-01,46.279998779296875,46.400001525878906,46.029998779296875,46.0890007019043,8600,46.08365249633789,0.0
ITEQ,2023-03-02,45.75699996948242,46.290000915527344,45.61000061035156,46.268001556396484,6500,46.262630462646484,0.0
ITEQ,2023-03-03,46.61000061035156,47.279998779296875,46.58000183105469,47.11000061035156,6500,47.10453414916992,0.0
ITEQ,2023-03-06,47.31999969482422,47.69599914550781,46.93000030517578,47.0,4200,46.994544982910156,0.0
ITEQ,2023-03-07,46.869998931884766,46.869998931884766,46.439998626708984,46.439998626708984,5300,46.434608459472656,0.0
ITEQ,2023-03-08,46.560001373291016,46.68000030517578,46.369998931884766,46.51100158691406,3300,46.5056037902832,0.0
ITEQ,2023-03-09,46.54999923706055,46.882999420166016,45.54999923706055,45.54999923706055,2100,45.54471206665039,0.0
ITEQ,2023-03-10,45.63999938964844,45.63999938964844,44.4379997253418,44.4379997253418,4400,44.43284225463867,0.0
ITEQ,2023-03-13,44.09000015258789,44.650001525878906,43.5099983215332,44.119998931884766,15300,44.1148796081543,0.0
ITEQ,2023-03-14,44.959999084472656,45.209999084472656,44.709999084472656,45.0,6700,44.99477767944336,0.0
ITEQ,2023-03-15,44.72999954223633,44.72999954223633,44.25,44.66999816894531,10400,44.66481399536133,0.0
ITEQ,2023-03-16,44.310001373291016,44.70000076293945,43.939998626708984,44.70000076293945,2300,44.6948127746582,0.0
ITEQ,2023-03-17,44.470001220703125,44.470001220703125,43.74599838256836,43.82099914550781,5800,43.815914154052734,0.0
ITEQ,2023-03-20,43.790000915527344,44.119998931884766,43.52000045776367,43.91999816894531,17200,43.91490173339844,0.0
ITEQ,2023-03-21,44.5099983215332,45.0,44.5099983215332,44.95899963378906,8800,44.95378112792969,0.0
ITEQ,2023-03-22,44.97999954223633,45.279998779296875,44.15999984741211,44.18000030517578,15500,44.17487335205078,0.0
ITEQ,2023-03-23,44.380001068115234,45.0,44.380001068115234,44.84000015258789,13400,44.83479690551758,0.0
ITEQ,2023-03-24,44.59000015258789,44.63999938964844,44.119998931884766,44.5099983215332,9600,44.50483322143555,0.0
ITEQ,2023-03-27,44.41999816894531,44.654998779296875,44.33399963378906,44.58000183105469,7200,44.5748291015625,0.0
ITEQ,2023-03-28,44.27000045776367,44.27000045776367,43.939998626708984,44.06999969482422,7100,44.064884185791016,0.0
ITEQ,2023-03-29,44.34000015258789,44.849998474121094,44.125,44.803001403808594,19300,44.79780197143555,0.0
ITEQ,2023-03-30,45.099998474121094,45.40999984741211,44.970001220703125,45.12099838256836,63300,45.115760803222656,0.0
ITEQ,2023-03-31,45.18000030517578,46.20000076293945,45.18000030517578,46.150001525878906,2700,46.14464569091797,0.0
ITEQ,2023-04-03,46.040000915527344,46.040000915527344,45.61000061035156,45.95500183105469,69200,45.949668884277344,0.0
ITEQ,2023-04-04,46.16999816894531,46.18000030517578,45.95000076293945,45.972999572753906,1100,45.9676628112793,0.0
ITEQ,2023-04-05,45.869998931884766,45.869998931884766,44.91999816894531,45.053001403808594,6600,45.04777145385742,0.0
ITEQ,2023-04-06,44.900001525878906,45.2400016784668,44.58000183105469,45.18000030517578,9000,45.17475891113281,0.0
ITEQ,2023-04-10,44.88999938964844,45.33000183105469,44.88999938964844,45.27799987792969,5900,45.27274703979492,0.0
ITEQ,2023-04-11,45.36000061035156,45.582000732421875,45.22100067138672,45.400001525878906,2000,45.39473342895508,0.0
ITEQ,2023-04-12,45.84000015258789,46.0,45.31999969482422,45.31999969482422,1600,45.31473922729492,0.0
ITEQ,2023-04-13,45.861000061035156,46.290000915527344,45.86000061035156,46.233001708984375,1600,46.227638244628906,0.0
ITEQ,2023-04-14,46.08000183105469,46.45000076293945,45.52000045776367,45.75,19800,45.74468994140625,0.0
ITEQ,2023-04-17,45.779998779296875,45.91999816894531,45.709999084472656,45.880001068115234,6400,45.87467575073242,0.0
ITEQ,2023-04-18,46.18000030517578,46.18000030517578,45.65999984741211,45.86199951171875,10800,45.8566780090332,0.0
ITEQ,2023-04-19,45.560001373291016,45.560001373291016,45.380001068115234,45.380001068115234,2200,45.374732971191406,0.0
ITEQ,2023-04-20,45.040000915527344,45.279998779296875,44.98500061035156,45.0260009765625,20500,45.020774841308594,0.0
ITEQ,2023-04-21,44.9900016784668,45.380001068115234,44.9900016784668,45.30799865722656,8800,45.30274200439453,0.0
ITEQ,2023-04-24,45.349998474121094,45.349998474121094,44.83000183105469,44.959999084472656,6300,44.95478057861328,0.0
ITEQ,2023-04-25,44.43000030517578,44.45000076293945,43.66999816894531,43.68000030517578,31200,43.674930572509766,0.0
ITEQ,2023-04-26,43.63999938964844,43.84000015258789,43.16999816894531,43.2599983215332,23600,43.25497817993164,0.0
ITEQ,2023-04-27,43.529998779296875,43.91999816894531,43.529998779296875,43.880001068115234,1800,43.874908447265625,0.0
ITEQ,2023-04-28,43.72999954223633,43.90999984741211,43.29999923706055,43.779998779296875,8200,43.77491760253906,0.0
ITEQ,2023-05-01,43.7400016784668,43.97999954223633,43.68000030517578,43.88600158691406,1900,43.88090896606445,0.0
ITEQ,2023-05-02,43.7599983215332,43.7599983215332,42.9900016784668,42.9900016784668,7400,42.98501205444336,0.0
ITEQ,2023-05-03,43.08000183105469,43.08000183105469,42.47999954223633,42.4900016784668,7700,42.485069274902344,0.0
ITEQ,2023-05-04,43.029998779296875,43.159000396728516,42.736000061035156,42.74399948120117,4100,42.73904037475586,0.0
ITEQ,2023-05-05,43.099998474121094,43.724998474121094,43.0099983215332,43.650001525878906,3300,43.644935607910156,0.0
ITEQ,2023-05-08,43.97999954223633,44.34000015258789,43.89500045776367,44.27000045776367,7500,44.264862060546875,0.0
ITEQ,2023-05-09,43.939998626708984,43.939998626708984,43.75,43.81100082397461,5300,43.80591583251953,0.0
ITEQ,2023-05-10,44.209999084472656,44.44499969482422,44.05799865722656,44.36000061035156,2700,44.35485076904297,0.0
ITEQ,2023-05-11,44.540000915527344,44.540000915527344,44.31999969482422,44.439998626708984,2300,44.43484115600586,0.0
ITEQ,2023-05-12,44.52000045776367,44.52000045776367,44.150001525878906,44.150001525878906,600,44.14487838745117,0.0
ITEQ,2023-05-15,44.52000045776367,45.07099914550781,44.52000045776367,45.07099914550781,4500,45.06576919555664,0.0
ITEQ,2023-05-16,45.06999969482422,45.06999969482422,44.87799835205078,44.87799835205078,3800,44.8727912902832,0.0
ITEQ,2023-05-17,45.26499938964844,45.34000015258789,45.25400161743164,45.279998779296875,3800,45.274742126464844,0.0
ITEQ,2023-05-18,45.290000915527344,45.76300048828125,45.290000915527344,45.76300048828125,2700,45.7576904296875,0.0
ITEQ,2023-05-19,45.95000076293945,45.95000076293945,45.70100021362305,45.70100021362305,1000,45.69569778442383,0.0
ITEQ,2023-05-22,45.70000076293945,46.11899948120117,45.70000076293945,46.08000183105469,2300,46.07465362548828,0.0
ITEQ,2023-05-23,45.77000045776367,46.130001068115234,45.47600173950195,45.47600173950195,32600,45.470726013183594,0.0
ITEQ,2023-05-24,45.0099983215332,45.47800064086914,45.0099983215332,45.36000061035156,9200,45.354736328125,0.0
ITEQ,2023-05-25,45.630001068115234,45.70500183105469,45.189998626708984,45.36000061035156,2700,45.354736328125,0.0
ITEQ,2023-05-26,45.400001525878906,45.84000015258789,45.400001525878906,45.77299880981445,2700,45.76768493652344,0.0
ITEQ,2023-05-30,46.290000915527344,46.560001373291016,45.790000915527344,46.029998779296875,12200,46.024658203125,0.0
ITEQ,2023-05-31,45.900001525878906,46.1619987487793,45.900001525878906,46.1619987487793,2200,46.15664291381836,0.0
ITEQ,2023-06-01,45.91999816894531,46.400001525878906,45.709999084472656,46.189998626708984,5800,46.18463897705078,0.0
ITEQ,2023-06-02,46.189998626708984,46.189998626708984,45.970001220703125,45.981998443603516,9100,45.976661682128906,0.0
ITEQ,2023-06-05,45.970001220703125,46.20000076293945,45.970001220703125,46.09000015258789,1100,46.084651947021484,0.0
ITEQ,2023-06-06,45.93000030517578,46.356998443603516,45.93000030517578,46.03300094604492,1900,46.02766036987305,0.0
ITEQ,2023-06-07,46.25,46.58000183105469,45.97999954223633,45.99300003051758,11100,45.98766326904297,0.0
ITEQ,2023-06-08,45.9900016784668,46.119998931884766,45.9900016784668,46.0,1700,45.99466323852539,0.0
ITEQ,2023-06-09,46.310001373291016,46.380001068115234,46.112998962402344,46.20000076293945,5100,46.19464111328125,0.0
ITEQ,2023-06-12,46.27000045776367,46.834999084472656,46.27000045776367,46.834999084472656,1700,46.82956314086914,0.0
ITEQ,2023-06-13,47.22999954223633,47.65999984741211,47.22999954223633,47.65999984741211,3900,47.65446853637695,0.0
ITEQ,2023-06-14,47.70000076293945,47.70000076293945,47.150001525878906,47.39899826049805,10100,47.393497467041016,0.0
ITEQ,2023-06-15,47.22999954223633,48.0099983215332,47.22999954223633,47.974998474121094,2200,47.96943283081055,0.0
ITEQ,2023-06-16,48.310001373291016,48.310001373291016,47.584999084472656,47.60200119018555,2800,47.59647750854492,0.0
ITEQ,2023-06-20,47.279998779296875,47.34000015258789,46.70800018310547,46.74599838256836,2700,46.74057388305664,0.0
ITEQ,2023-06-21,46.4900016784668,46.4900016784668,45.930999755859375,46.06700134277344,2700,46.0616569519043,0.0
ITEQ,2023-06-22,46.09000015258789,46.099998474121094,46.060001373291016,46.08599853515625,700,46.080650329589844,0.0
ITEQ,2023-06-23,45.58000183105469,45.59000015258789,45.43199920654297,45.43199920654297,1400,45.426727294921875,0.0
ITEQ,2023-06-26,45.41999816894531,45.4900016784668,44.91899871826172,44.91899871826172,3300,44.91378402709961,0.0
ITEQ,2023-06-27,45.09000015258789,45.50400161743164,44.84000015258789,45.50400161743164,5000,45.498722076416016,0.0
ITEQ,2023-06-28,45.62200164794922,45.650001525878906,45.41999816894531,45.57099914550781,1800,45.565711975097656,0.0
ITEQ,2023-06-29,45.47999954223633,45.779998779296875,45.47999954223633,45.757999420166016,4400,45.752689361572266,0.0
ITEQ,2023-06-30,46.16999816894531,46.439998626708984,46.16999816894531,46.237998962402344,1800,46.23263168334961,0.0
ITEQ,2023-07-03,46.349998474121094,46.38999938964844,46.20000076293945,46.20600128173828,4300,46.20063781738281,0.0
ITEQ,2023-07-05,45.9900016784668,46.02000045776367,45.840999603271484,45.94900131225586,5100,45.943668365478516,0.0
ITEQ,2023-07-06,45.47999954223633,45.47999954223633,45.03499984741211,45.18600082397461,2800,45.180755615234375,0.0
ITEQ,2023-07-07,45.63999938964844,45.63999938964844,45.404998779296875,45.404998779296875,1400,45.39973068237305,0.0
ITEQ,2023-07-10,45.349998474121094,45.987998962402344,45.349998474121094,45.987998962402344,5400,45.982662200927734,0.0
ITEQ,2023-07-11,46.28499984741211,46.487998962402344,46.28499984741211,46.47600173950195,4300,46.47060775756836,0.0
ITEQ,2023-07-12,47.029998779296875,47.189998626708984,46.904998779296875,47.04800033569336,4600,47.04254150390625,0.0
ITEQ,2023-07-13,47.689998626708984,47.90399932861328,47.689998626708984,47.840999603271484,4700,47.83544921875,0.0
ITEQ,2023-07-14,47.77000045776367,47.77399826049805,47.301998138427734,47.301998138427734,2000,47.2965087890625,0.0
ITEQ,2023-07-17,47.41999816894531,48.27399826049805,47.41999816894531,48.25400161743164,2000,48.2484016418457,0.0
ITEQ,2023-07-18,48.650001525878906,48.709999084472656,48.53499984741211,48.62300109863281,5100,48.61735916137695,0.0
ITEQ,2023-07-19,48.90999984741211,49.2599983215332,48.75,48.959999084472656,5800,48.95431900024414,0.0
ITEQ,2023-07-20,48.439998626708984,48.439998626708984,47.505001068115234,47.505001068115234,9000,47.499488830566406,0.0
ITEQ,2023-07-21,47.779998779296875,47.939998626708984,47.369998931884766,47.41999816894531,8700,47.414493560791016,0.0
ITEQ,2023-07-24,47.05099868774414,47.20000076293945,47.040000915527344,47.0989990234375,2600,47.09353256225586,0.0
ITEQ,2023-07-25,46.72999954223633,47.189998626708984,46.72999954223633,47.05400085449219,3700,47.04854202270508,0.0
ITEQ,2023-07-26,46.90999984741211,47.65599822998047,46.90999984741211,47.516998291015625,7700,47.51148223876953,0.0
ITEQ,2023-07-27,47.91999816894531,48.0,46.744998931884766,46.880001068115234,22200,46.87456130981445,0.0
ITEQ,2023-07-28,47.02000045776367,47.32500076293945,46.869998931884766,47.290000915527344,3500,47.28451156616211,0.0
ITEQ,2023-07-31,47.5099983215332,48.11800003051758,47.5099983215332,48.11800003051758,2700,48.1124153137207,0.0
ITEQ,2023-08-01,47.93000030517578,48.025001525878906,47.750999450683594,47.983001708984375,3500,47.97743225097656,0.0
ITEQ,2023-08-02,46.65999984741211,46.65999984741211,45.91999816894531,46.051998138427734,1700,46.046653747558594,0.0
ITEQ,2023-08-03,46.029998779296875,46.25,45.97999954223633,45.97999954223633,31600,45.97466278076172,0.0
ITEQ,2023-08-04,46.29999923706055,46.29999923706055,45.380001068115234,45.380001068115234,3100,45.374732971191406,0.0
ITEQ,2023-08-07,45.849998474121094,45.849998474121094,45.2599983215332,45.599998474121094,4900,45.59470748901367,0.0
ITEQ,2023-08-08,44.630001068115234,44.87200164794922,44.611000061035156,44.87200164794922,3800,44.86679458618164,0.0
ITEQ,2023-08-09,45.02000045776367,45.02000045776367,44.70000076293945,44.779998779296875,2200,44.774803161621094,0.0
ITEQ,2023-08-10,45.11000061035156,45.47999954223633,44.90999984741211,44.9739990234375,3900,44.968780517578125,0.0
ITEQ,2023-08-11,44.7599983215332,44.869998931884766,44.650001525878906,44.696998596191406,3300,44.691810607910156,0.0
ITEQ,2023-08-14,44.540000915527344,44.7400016784668,44.40999984741211,44.736000061035156,1100,44.73080825805664,0.0
ITEQ,2023-08-15,44.5099983215332,44.5099983215332,44.1619987487793,44.1619987487793,1900,44.15687561035156,0.0
ITEQ,2023-08-16,43.93000030517578,44.01100158691406,43.63800048828125,43.63800048828125,3500,43.6329345703125,0.0
ITEQ,2023-08-17,43.56999969482422,43.56999969482422,42.849998474121094,42.849998474121094,7000,42.84502410888672,0.0
ITEQ,2023-08-18,42.43000030517578,42.90999984741211,42.43000030517578,42.869998931884766,2300,42.86502456665039,0.0
ITEQ,2023-08-21,42.939998626708984,43.349998474121094,42.834999084472656,43.2400016784668,12400,43.2349853515625,0.0
ITEQ,2023-08-22,43.45000076293945,43.4900016784668,43.16999816894531,43.290000915527344,7800,43.284976959228516,0.0
ITEQ,2023-08-23,43.40999984741211,44.04999923706055,43.40999984741211,43.999000549316406,1800,43.993892669677734,0.0
ITEQ,2023-08-24,43.29999923706055,43.29999923706055,43.060001373291016,43.060001373291016,4700,43.05500411987305,0.0
ITEQ,2023-08-25,43.130001068115234,43.56999969482422,42.84000015258789,43.400001525878906,9900,43.39496612548828,0.0
ITEQ,2023-08-28,43.54999923706055,43.54999923706055,43.16999816894531,43.16999816894531,8900,43.16498947143555,0.0
ITEQ,2023-08-29,43.04999923706055,43.869998931884766,43.04999923706055,43.76599884033203,1700,43.760921478271484,0.0
ITEQ,2023-08-30,43.72999954223633,44.29100036621094,43.72999954223633,44.1870002746582,2800,44.1818733215332,0.0
ITEQ,2023-08-31,44.40999984741211,44.54999923706055,44.38199996948242,44.38199996948242,3000,44.37685012817383,0.0
ITEQ,2023-09-01,44.709999084472656,44.9900016784668,44.4900016784668,44.55699920654297,4900,44.55182647705078,0.0
ITEQ,2023-09-05,44.42499923706055,44.5,44.3849983215332,44.39400100708008,2300,44.38884735107422,0.0
ITEQ,2023-09-06,44.400001525878906,44.400001525878906,43.8650016784668,44.13800048828125,32000,44.132877349853516,0.0
ITEQ,2023-09-07,43.75,43.75,43.470001220703125,43.595001220703125,1600,43.589942932128906,0.0
ITEQ,2023-09-08,43.58000183105469,43.58000183105469,43.25,43.32400131225586,13700,43.318973541259766,0.0
ITEQ,2023-09-11,43.77000045776367,43.77000045776367,43.47999954223633,43.4900016784668,1600,43.484954833984375,0.0
ITEQ,2023-09-12,43.310001373291016,43.40999984741211,43.05799865722656,43.06999969482422,4000,43.06500244140625,0.0
ITEQ,2023-09-13,43.029998779296875,43.029998779296875,42.540000915527344,42.547000885009766,7200,42.54206466674805,0.0
ITEQ,2023-09-14,42.810001373291016,42.900001525878906,42.66999816894531,42.900001525878906,2100,42.895023345947266,0.0
ITEQ,2023-09-15,42.84000015258789,42.97999954223633,42.43000030517578,42.479000091552734,13300,42.47407150268555,0.0
ITEQ,2023-09-18,42.40999984741211,42.5,42.268001556396484,42.268001556396484,2700,42.26309585571289,0.0
ITEQ,2023-09-19,42.189998626708984,42.27000045776367,42.060001373291016,42.16699981689453,2700,42.162105560302734,0.0
ITEQ,2023-09-20,42.369998931884766,42.599998474121094,42.21799850463867,42.21799850463867,4600,42.21310043334961,0.0
ITEQ,2023-09-21,41.84000015258789,41.84000015258789,41.40999984741211,41.41699981689453,2800,41.412193298339844,0.0
ITEQ,2023-09-22,41.54999923706055,41.7400016784668,41.349998474121094,41.349998474121094,13000,41.34519958496094,0.0
ITEQ,2023-09-25,41.20000076293945,41.380001068115234,41.20000076293945,41.29800033569336,2400,41.293209075927734,0.0
ITEQ,2023-09-26,41.06999969482422,41.31999969482422,40.5099983215332,40.5099983215332,7800,40.50529861450195,0.0
ITEQ,2023-09-27,40.779998779296875,40.810001373291016,40.58000183105469,40.66400146484375,3100,40.65928268432617,0.0
ITEQ,2023-09-28,40.619998931884766,41.2599983215332,40.619998931884766,40.970001220703125,2800,40.965248107910156,0.0
ITEQ,2023-09-29,41.40999984741211,41.47999954223633,41.13999938964844,41.220001220703125,5300,41.21521759033203,0.0
ITEQ,2023-10-02,41.33000183105469,41.38800048828125,41.02000045776367,41.06700134277344,4800,41.06223678588867,0.0
ITEQ,2023-10-03,40.7400016784668,40.7400016784668,40.04100036621094,40.04100036621094,3000,40.036354064941406,0.0
ITEQ,2023-10-04,40.20000076293945,40.29499816894531,39.779998779296875,40.290000915527344,10200,40.28532409667969,0.0
ITEQ,2023-10-05,40.38999938964844,40.38999938964844,39.79999923706055,40.10100173950195,3300,40.09634780883789,0.0
ITEQ,2023-10-06,39.77000045776367,41.0,39.77000045776367,40.91899871826172,2500,40.914249420166016,0.0
ITEQ,2023-10-09,39.59000015258789,39.869998931884766,39.34000015258789,39.678001403808594,13700,39.673397064208984,0.0
ITEQ,2023-10-10,39.75,40.58000183105469,39.75,40.17599868774414,7900,40.17133712768555,0.0
ITEQ,2023-10-11,40.459999084472656,40.529998779296875,39.827999114990234,39.99700164794922,15000,39.99235916137695,0.0
ITEQ,2023-10-12,39.54999923706055,39.54999923706055,38.91999816894531,39.25400161743164,3800,39.249446868896484,0.0
ITEQ,2023-10-13,39.20000076293945,39.20000076293945,38.5099983215332,38.59000015258789,4000,38.58552169799805,0.0
ITEQ,2023-10-16,38.529998779296875,39.029998779296875,38.52000045776367,38.959999084472656,32000,38.95547866821289,0.0
ITEQ,2023-10-17,38.619998931884766,39.37699890136719,38.619998931884766,39.19200134277344,8200,39.18745422363281,0.0
ITEQ,2023-10-18,38.88999938964844,39.00699996948242,38.625,38.625,2700,38.62051773071289,0.0
ITEQ,2023-10-19,38.52000045776367,38.52000045776367,37.95500183105469,38.040000915527344,3600,38.035587310791016,0.0
ITEQ,2023-10-20,37.45000076293945,37.5,36.88999938964844,37.2400016784668,17300,37.235679626464844,0.0
ITEQ,2023-10-23,36.900001525878906,37.2599983215332,36.689998626708984,37.0099983215332,3600,37.00570297241211,0.0
ITEQ,2023-10-24,37.310001373291016,37.82699966430664,37.310001373291016,37.650001525878906,5900,37.645633697509766,0.0
ITEQ,2023-10-25,37.47999954223633,37.47999954223633,36.619998931884766,36.619998931884766,13300,36.61574935913086,0.0
ITEQ,2023-10-26,36.41999816894531,36.63999938964844,35.970001220703125,36.20000076293945,8500,36.19580078125,0.0
ITEQ,2023-10-27,36.13999938964844,36.13999938964844,35.849998474121094,35.849998474121094,3600,35.8458366394043,0.0
ITEQ,2023-10-30,36.09000015258789,36.29999923706055,35.75,36.029998779296875,9600,36.02581787109375,0.0
ITEQ,2023-10-31,36.0099983215332,36.650001525878906,35.97999954223633,36.650001525878906,7200,36.645748138427734,0.0
ITEQ,2023-11-01,36.90999984741211,36.9900016784668,36.470001220703125,36.7599983215332,11900,36.755733489990234,0.0
ITEQ,2023-11-02,37.65999984741211,37.869998931884766,37.643001556396484,37.869998931884766,4200,37.865604400634766,0.0
ITEQ,2023-11-03,38.0,39.0099983215332,38.0,38.91699981689453,3800,38.91248321533203,0.0
ITEQ,2023-11-06,39.119998931884766,39.119998931884766,38.400001525878906,38.720001220703125,3300,38.71550750732422,0.0
ITEQ,2023-11-07,38.900001525878906,39.345001220703125,38.720001220703125,39.060001373291016,4000,39.05546951293945,0.0
ITEQ,2023-11-08,38.900001525878906,38.900001525878906,38.70000076293945,38.75,1100,38.74550247192383,0.0
ITEQ,2023-11-09,38.54999923706055,38.744998931884766,38.099998474121094,38.189998626708984,4300,38.18556594848633,0.0
ITEQ,2023-11-10,38.11000061035156,38.720001220703125,38.11000061035156,38.720001220703125,5100,38.71550750732422,0.0
ITEQ,2023-11-13,38.68000030517578,38.93000030517578,38.68000030517578,38.93000030517578,2000,38.92548370361328,0.0
ITEQ,2023-11-14,39.900001525878906,40.47999954223633,39.900001525878906,40.47999954223633,4300,40.475303649902344,0.0
ITEQ,2023-11-15,40.790000915527344,41.04999923706055,40.599998474121094,40.81999969482422,5800,40.81526184082031,0.0
ITEQ,2023-11-16,40.90999984741211,40.90999984741211,40.630001068115234,40.720001220703125,1600,40.715274810791016,0.0
ITEQ,2023-11-17,40.70600128173828,41.150001525878906,40.70600128173828,41.13999938964844,2600,41.135223388671875,0.0
ITEQ,2023-11-20,41.150001525878906,41.5880012512207,41.150001525878906,41.45800018310547,1800,41.453189849853516,0.0
ITEQ,2023-11-21,41.400001525878906,41.400001525878906,41.02000045776367,41.38999938964844,2800,41.385196685791016,0.0
ITEQ,2023-11-22,41.75,41.95000076293945,41.650001525878906,41.86000061035156,67100,41.85514450073242,0.0
ITEQ,2023-11-24,41.970001220703125,41.970001220703125,41.709999084472656,41.926998138427734,5900,41.92213439941406,0.0
ITEQ,2023-11-27,41.70000076293945,42.02000045776367,41.70000076293945,41.96099853515625,1700,41.95612716674805,0.0
ITEQ,2023-11-28,41.79999923706055,42.2400016784668,41.75,42.0629997253418,5900,42.0581169128418,0.0
ITEQ,2023-11-29,42.650001525878906,42.650001525878906,42.275001525878906,42.275001525878906,3200,42.27009582519531,0.0
ITEQ,2023-11-30,42.16999816894531,42.16999816894531,41.900001525878906,41.99300003051758,2000,41.98812484741211,0.0
ITEQ,2023-12-01,41.880001068115234,42.551998138427734,41.630001068115234,42.551998138427734,6200,42.54705810546875,0.0
ITEQ,2023-12-04,42.349998474121094,42.861000061035156,42.349998474121094,42.856998443603516,3100,42.85202407836914,0.0
ITEQ,2023-12-05,42.529998779296875,42.6349983215332,42.5,42.6349983215332,3200,42.63005065917969,0.0
ITEQ,2023-12-06,43.2400016784668,43.369998931884766,42.74599838256836,42.74599838256836,2800,42.74103927612305,0.0
ITEQ,2023-12-07,42.75899887084961,42.939998626708984,42.72600173950195,42.91699981689453,2200,42.912017822265625,0.0
ITEQ,2023-12-08,42.720001220703125,43.31999969482422,42.720001220703125,43.20000076293945,3900,43.19498825073242,0.0
ITEQ,2023-12-11,43.06999969482422,43.51300048828125,43.06999969482422,43.3380012512207,17600,43.33297348022461,0.0
ITEQ,2023-12-12,43.5099983215332,43.58000183105469,43.08000183105469,43.50400161743164,21000,43.49895477294922,0.0
ITEQ,2023-12-13,43.52000045776367,44.30500030517578,43.11000061035156,44.27000045776367,193400,44.264862060546875,0.0
ITEQ,2023-12-14,44.75,45.439998626708984,44.75,44.91999816894531,4400,44.9147834777832,0.0
ITEQ,2023-12-15,45.099998474121094,45.1609992980957,44.744998931884766,44.744998931884766,3300,44.73980712890625,0.0
ITEQ,2023-12-18,45.04999923706055,45.220001220703125,44.95100021362305,45.15800094604492,7000,45.15275955200195,0.0
ITEQ,2023-12-19,45.720001220703125,45.9900016784668,45.720001220703125,45.96200180053711,4700,45.956668853759766,0.0
ITEQ,2023-12-20,45.88999938964844,46.25,45.106998443603516,45.106998443603516,4400,45.10176467895508,0.0
ITEQ,2023-12-21,45.61000061035156,45.92100143432617,45.38999938964844,45.92100143432617,8900,45.915672302246094,0.0
ITEQ,2023-12-22,46.099998474121094,46.15999984741211,46.060001373291016,46.125,10900,46.11964797973633,0.0
ITEQ,2023-12-26,46.11000061035156,46.4109992980957,46.11000061035156,46.4109992980957,4100,46.40561294555664,0.0
ITEQ,2023-12-27,46.4900016784668,46.56999969482422,46.3129997253418,46.4379997253418,5300,46.43260955810547,0.0
ITEQ,2023-12-28,46.84000015258789,46.84000015258789,46.40999984741211,46.49599838256836,3000,46.490604400634766,0.0
ITEQ,2023-12-29,46.41999816894531,46.599998474121094,46.0,46.0890007019043,2400,46.08365249633789,0.0
ITEQ,2024-01-02,45.83000183105469,45.83000183105469,45.0,45.099998474121094,7500,45.094764709472656,0.0
ITEQ,2024-01-03,44.75,44.75,44.099998474121094,44.099998474121094,10700,44.094879150390625,0.0
ITEQ,2024-01-04,44.099998474121094,44.119998931884766,43.91600036621094,43.91600036621094,1500,43.91090393066406,0.0
ITEQ,2024-01-05,44.20000076293945,44.20000076293945,43.827999114990234,43.827999114990234,7700,43.822914123535156,0.0
ITEQ,2024-01-08,44.060001373291016,44.790000915527344,44.029998779296875,44.702999114990234,6200,44.697811126708984,0.0
ITEQ,2024-01-09,44.209999084472656,44.959999084472656,44.209999084472656,44.854000091552734,4200,44.848793029785156,0.0
ITEQ,2024-01-10,44.9900016784668,45.15999984741211,44.79999923706055,44.9900016784668,17400,44.984779357910156,0.0
ITEQ,2024-01-11,44.95000076293945,45.189998626708984,44.5,44.9900016784668,9800,44.984779357910156,0.0
ITEQ,2024-01-12,45.279998779296875,45.439998626708984,44.79999923706055,44.84000015258789,10300,44.83479690551758,0.0
ITEQ,2024-01-16,44.65999984741211,44.81999969482422,44.290000915527344,44.54999923706055,25900,44.544830322265625,0.0
ITEQ,2024-01-17,43.91999816894531,44.2599983215332,43.5,44.2599983215332,26100,44.25486373901367,0.0
ITEQ,2024-01-18,44.737998962402344,44.810001373291016,44.45000076293945,44.70000076293945,8300,44.6948127746582,0.0
ITEQ,2024-01-19,44.810001373291016,45.13399887084961,44.5,45.13399887084961,31200,45.128761291503906,0.0
ITEQ,2024-01-22,45.529998779296875,46.439998626708984,45.529998779296875,46.029998779296875,34800,46.024658203125,0.0
ITEQ,2024-01-23,46.099998474121094,46.275001525878906,45.869998931884766,46.09000015258789,12200,46.084651947021484,0.0
ITEQ,2024-01-24,46.720001220703125,46.720001220703125,45.630001068115234,45.70500183105469,22100,45.69969940185547,0.0
ITEQ,2024-01-25,46.08000183105469,46.20000076293945,45.439998626708984,45.79999923706055,14200,45.79468536376953,0.0
ITEQ,2024-01-26,45.72999954223633,45.939998626708984,45.66999816894531,45.720001220703125,9400,45.71469497680664,0.0
ITEQ,2024-01-29,45.79999923706055,46.709999084472656,45.720001220703125,46.70000076293945,5200,46.694580078125,0.0
ITEQ,2024-01-30,46.7400016784668,46.7400016784668,46.27000045776367,46.270999908447266,3200,46.265628814697266,0.0
ITEQ,2024-01-31,46.06999969482422,46.06999969482422,45.5099983215332,45.5099983215332,700,45.50471878051758,0.0
ITEQ,2024-02-01,45.65999984741211,45.99100112915039,45.41999816894531,45.99100112915039,2200,45.98566436767578,0.0
ITEQ,2024-02-02,45.845001220703125,46.28499984741211,45.845001220703125,46.189998626708984,1600,46.18463897705078,0.0
ITEQ,2024-02-05,45.459999084472656,45.8650016784668,45.459999084472656,45.790000915527344,6400,45.78468704223633,0.0
ITEQ,2024-02-06,45.91999816894531,46.255001068115234,45.91999816894531,46.255001068115234,3600,46.2496337890625,0.0
ITEQ,2024-02-07,46.900001525878906,46.900001525878906,46.56999969482422,46.59000015258789,4500,46.5845947265625,0.0
ITEQ,2024-02-08,46.810001373291016,47.31999969482422,46.810001373291016,47.09000015258789,8400,47.08453369140625,0.0
ITEQ,2024-02-09,47.58000183105469,48.22700119018555,47.58000183105469,48.22700119018555,3900,48.221405029296875,0.0
ITEQ,2024-02-12,47.95000076293945,48.430999755859375,47.75,47.9379997253418,1900,47.932437896728516,0.0
ITEQ,2024-02-13,46.86800003051758,47.2599983215332,46.57099914550781,46.57099914550781,2800,46.56559371948242,0.0
ITEQ,2024-02-14,47.67499923706055,48.0099983215332,47.63999938964844,48.0099983215332,4300,48.004425048828125,0.0
ITEQ,2024-02-15,48.689998626708984,49.095001220703125,48.689998626708984,49.095001220703125,2400,49.08930206298828,0.0
ITEQ,2024-02-16,49.16999816894531,49.33000183105469,48.810001373291016,48.880001068115234,2900,48.87432861328125,0.0
ITEQ,2024-02-20,48.650001525878906,48.650001525878906,47.790000915527344,47.948001861572266,1500,47.94243621826172,0.0
ITEQ,2024-02-21,46.72999954223633,46.869998931884766,46.38999938964844,46.5,5800,46.49460220336914,0.0
ITEQ,2024-02-22,47.93000030517578,47.93000030517578,47.29999923706055,47.29999923706055,6800,47.29450988769531,0.0
ITEQ,2024-02-23,47.369998931884766,47.369998931884766,47.369998931884766,47.369998931884766,600,47.364501953125,0.0
ITEQ,2024-02-26,47.540000915527344,48.290000915527344,47.540000915527344,48.073001861572266,3500,48.06742477416992,0.0
ITEQ,2024-02-27,48.33000183105469,48.790000915527344,48.31999969482422,48.77899932861328,18500,48.773338317871094,0.0
ITEQ,2024-02-28,48.439998626708984,48.439998626708984,48.07500076293945,48.07500076293945,3300,48.069419860839844,0.0
ITEQ,2024-02-29,48.63999938964844,48.63999938964844,48.2400016784668,48.41699981689453,2300,48.411380767822266,0.0
ITEQ,2024-03-01,48.349998474121094,48.849998474121094,48.13999938964844,48.816001892089844,3600,48.81033706665039,0.0
ITEQ,2024-03-04,48.84000015258789,48.84000015258789,48.45000076293945,48.50400161743164,8000,48.49837112426758,0.0
ITEQ,2024-03-05,48.16999816894531,48.16999816894531,47.04999923706055,47.29600143432617,3100,47.29051208496094,0.0
ITEQ,2024-03-06,48.29499816894531,48.29999923706055,47.7599983215332,47.875,5200,47.86944580078125,0.0
ITEQ,2024-03-07,48.18000030517578,48.48699951171875,48.18000030517578,48.48699951171875,1800,48.48137283325195,0.0
ITEQ,2024-03-08,48.560001373291016,49.0,48.250999450683594,48.250999450683594,3500,48.245399475097656,0.0
ITEQ,2024-03-11,47.77000045776367,47.888999938964844,47.75199890136719,47.75199890136719,3300,47.746456146240234,0.0
ITEQ,2024-03-12,47.95000076293945,48.060001373291016,47.95000076293945,48.060001373291016,1900,48.05442428588867,0.0
ITEQ,2024-03-13,48.220001220703125,48.255001068115234,48.01900100708008,48.01900100708008,4100,48.013427734375,0.0
ITEQ,2024-03-14,47.45000076293945,47.470001220703125,46.85900115966797,46.85900115966797,5600,46.85356140136719,0.0
ITEQ,2024-03-15,46.400001525878906,46.400001525878906,46.38199996948242,46.38199996948242,700,46.376617431640625,0.0
ITEQ,2024-03-18,46.97999954223633,47.20000076293945,46.79999923706055,46.93299865722656,7800,46.92755126953125,0.0
ITEQ,2024-03-19,46.7400016784668,47.13999938964844,46.571998596191406,47.12200164794922,11100,47.11653137207031,0.0
ITEQ,2024-03-20,47.34000015258789,48.2400016784668,47.2599983215332,48.22999954223633,2000,48.224403381347656,0.0
ITEQ,2024-03-21,48.970001220703125,49.095001220703125,48.321998596191406,48.50400161743164,1500,48.49837112426758,0.0
ITEQ,2024-03-22,48.439998626708984,48.439998626708984,48.07400131225586,48.07400131225586,1400,48.06842041015625,0.0
ITEQ,2024-03-25,48.119998931884766,48.119998931884766,47.74700164794922,47.74700164794922,12400,47.741458892822266,0.0
ITEQ,2024-03-26,47.95000076293945,48.029998779296875,47.75400161743164,47.75400161743164,1100,47.74845886230469,0.0
ITEQ,2024-03-27,48.099998474121094,48.099998474121094,47.630001068115234,47.96200180053711,3800,47.95643615722656,0.0
ITEQ,2024-03-28,48.349998474121094,48.349998474121094,48.18000030517578,48.26100158691406,2700,48.255401611328125,0.0
ITEQ,2024-04-01,48.400001525878906,48.400001525878906,47.79999923706055,48.400001525878906,68400,48.394386291503906,0.0
ITEQ,2024-04-02,47.7599983215332,47.7599983215332,47.16999816894531,47.53799819946289,5400,47.5324821472168,0.0
ITEQ,2024-04-03,47.2599983215332,47.66999816894531,47.09000015258789,47.5880012512207,20200,47.58247756958008,0.0
ITEQ,2024-04-04,48.099998474121094,48.150001525878906,46.83100128173828,46.83100128173828,18700,46.825565338134766,0.0
ITEQ,2024-04-05,46.880001068115234,46.92499923706055,46.8390007019043,46.8390007019043,1200,46.83356475830078,0.0
ITEQ,2024-04-08,46.97999954223633,47.25,46.97999954223633,47.104000091552734,2900,47.098533630371094,0.0
ITEQ,2024-04-09,47.220001220703125,47.25299835205078,47.06999969482422,47.16999816894531,1800,47.16452407836914,0.0
ITEQ,2024-04-10,46.189998626708984,46.349998474121094,46.060001373291016,46.15999984741211,2500,46.15464401245117,0.0
ITEQ,2024-04-11,46.27000045776367,46.290000915527344,45.56999969482422,46.029998779296875,7400,46.024658203125,0.0
ITEQ,2024-04-12,45.47999954223633,45.59000015258789,44.689998626708984,44.816001892089844,3100,44.8108024597168,0.0
ITEQ,2024-04-15,45.529998779296875,45.529998779296875,43.880001068115234,43.99399948120117,12600,43.988895416259766,0.0
ITEQ,2024-04-16,43.900001525878906,44.361000061035156,43.84000015258789,44.20399856567383,15400,44.19886779785156,0.0
ITEQ,2024-04-17,44.268001556396484,44.268001556396484,43.70000076293945,43.77000045776367,9100,43.76491928100586,0.0
ITEQ,2024-04-18,44.25,44.3650016784668,43.75,43.75,1500,43.74492263793945,0.0
ITEQ,2024-04-19,43.78499984741211,43.78499984741211,43.0099983215332,43.16299819946289,2900,43.157989501953125,0.0
ITEQ,2024-04-22,43.619998931884766,43.650001525878906,43.09000015258789,43.5,1000,43.49495315551758,0.0
ITEQ,2024-04-23,44.2599983215332,44.32099914550781,43.939998626708984,44.32099914550781,8200,44.31585693359375,0.0
ITEQ,2024-04-24,44.45000076293945,44.79999923706055,44.209999084472656,44.448001861572266,2500,44.44284439086914,0.0
ITEQ,2024-04-25,43.810001373291016,44.0099983215332,43.61199951171875,43.99300003051758,2500,43.98789596557617,0.0
ITEQ,2024-04-26,44.33000183105469,44.33000183105469,44.301998138427734,44.301998138427734,1100,44.29685592651367,0.0
ITEQ,2024-04-29,44.65999984741211,44.65999984741211,44.380001068115234,44.465999603271484,1900,44.460838317871094,0.0
ITEQ,2024-04-30,43.970001220703125,43.97600173950195,43.880001068115234,43.89799880981445,5800,43.892906188964844,0.0
ITEQ,2024-05-01,43.869998931884766,44.349998474121094,43.6879997253418,43.75199890136719,7300,43.74692153930664,0.0
ITEQ,2024-05-02,43.68000030517578,44.08000183105469,43.65999984741211,44.08000183105469,2300,44.074886322021484,0.0
ITEQ,2024-05-03,44.25400161743164,44.25400161743164,44.099998474121094,44.22100067138672,2300,44.21586990356445,0.0
ITEQ,2024-05-06,44.31999969482422,45.040000915527344,44.31999969482422,44.96500015258789,3000,44.959781646728516,0.0
ITEQ,2024-05-07,45.0099983215332,45.09000015258789,44.97999954223633,45.06800079345703,1600,45.06277084350586,0.0
ITEQ,2024-05-08,44.61000061035156,44.74100112915039,44.56999969482422,44.74100112915039,1000,44.735809326171875,0.0
ITEQ,2024-05-09,44.97999954223633,44.97999954223633,44.779998779296875,44.869998931884766,1300,44.86479187011719,0.0
ITEQ,2024-05-10,44.439998626708984,44.45000076293945,44.439998626708984,44.45000076293945,800,44.44484329223633,0.0
ITEQ,2024-05-13,45.034000396728516,45.060001373291016,44.88999938964844,44.88999938964844,1500,44.884788513183594,0.0
ITEQ,2024-05-14,45.27000045776367,45.470001220703125,45.27000045776367,45.43000030517578,2600,45.42472839355469,0.0
ITEQ,2024-05-15,46.11000061035156,46.45000076293945,46.04999923706055,46.290000915527344,9400,46.284629821777344,0.0
ITEQ,2024-05-16,46.0,46.0,45.70000076293945,45.70000076293945,4700,45.694698333740234,0.0
ITEQ,2024-05-17,45.66999816894531,45.779998779296875,45.560001373291016,45.58100128173828,1300,45.57571029663086,0.0
ITEQ,2024-05-20,45.91999816894531,46.630001068115234,45.86000061035156,46.59000015258789,9900,46.5845947265625,0.0
ITEQ,2024-05-21,46.40999984741211,46.66999816894531,46.40999984741211,46.63100051879883,1400,46.625587463378906,0.0
ITEQ,2024-05-22,46.7400016784668,46.7400016784668,46.540000915527344,46.63999938964844,1900,46.634586334228516,0.0
ITEQ,2024-05-23,47.0,47.0,45.82099914550781,45.82099914550781,5700,45.81568145751953,0.0
ITEQ,2024-05-24,46.43000030517578,46.54999923706055,46.18000030517578,46.21799850463867,5700,46.2126350402832,0.0
ITEQ,2024-05-28,46.2599983215332,46.36000061035156,45.939998626708984,45.959999084472656,13000,45.95466613769531,0.0
ITEQ,2024-05-29,45.78499984741211,45.78499984741211,45.65399932861328,45.65399932861328,2700,45.64870071411133,0.0
ITEQ,2024-05-30,45.75,45.75,44.970001220703125,45.0989990234375,6600,45.09376525878906,0.0
ITEQ,2024-05-31,44.529998779296875,45.0,44.18000030517578,44.74700164794922,11200,44.7418098449707,0.0
ITEQ,2024-06-03,45.15999984741211,45.38999938964844,44.619998931884766,44.77299880981445,13200,44.76780319213867,0.0
ITEQ,2024-06-04,44.439998626708984,44.439998626708984,44.02000045776367,44.04999923706055,8000,44.04488754272461,0.0
ITEQ,2024-06-05,44.33000183105469,44.83000183105469,44.33000183105469,44.83000183105469,1500,44.824798583984375,0.0
ITEQ,2024-06-06,44.779998779296875,45.06999969482422,44.7400016784668,44.981998443603516,29600,44.97677993774414,0.0
ITEQ,2024-06-07,44.84000015258789,44.84000015258789,44.709999084472656,44.709999084472656,800,44.704811096191406,0.0
ITEQ,2024-06-10,44.65999984741211,45.303001403808594,44.65999984741211,45.303001403808594,33800,45.29774475097656,0.0
ITEQ,2024-06-11,45.09000015258789,45.54999923706055,44.849998474121094,45.35100173950195,36700,45.34573745727539,0.0
ITEQ,2024-06-12,45.810001373291016,46.27000045776367,45.70899963378906,45.70899963378906,12400,45.70369338989258,0.0
ITEQ,2024-06-13,45.880001068115234,45.880001068115234,45.189998626708984,45.33000183105469,4700,45.32474136352539,0.0
ITEQ,2024-06-14,45.18000030517578,45.18000030517578,44.849998474121094,44.92499923706055,5900,44.91978454589844,0.0
ITEQ,2024-06-17,44.900001525878906,45.15999984741211,44.5890007019043,44.999000549316406,4300,44.993778228759766,0.0
ITEQ,2024-06-18,44.93000030517578,44.93000030517578,44.66999816894531,44.75,2100,44.744808197021484,0.0
ITEQ,2024-06-20,44.439998626708984,44.439998626708984,44.1879997253418,44.2239990234375,3800,44.218868255615234,0.0
ITEQ,2024-06-21,44.27000045776367,44.44900131225586,43.90999984741211,44.44900131225586,4400,44.443843841552734,0.0
ITEQ,2024-06-24,44.400001525878906,44.53099822998047,44.36000061035156,44.37699890136719,3200,44.371849060058594,0.0
ITEQ,2024-06-25,44.275001525878906,44.349998474121094,44.27199935913086,44.347999572753906,2200,44.34285354614258,0.0
ITEQ,2024-06-26,44.22999954223633,44.560001373291016,44.22999954223633,44.525001525878906,3700,44.519832611083984,0.0
ITEQ,2024-06-27,44.54999923706055,45.51499938964844,44.54999923706055,45.51499938964844,2900,45.50971603393555,0.0
ITEQ,2024-06-28,45.7400016784668,45.95000076293945,45.715999603271484,45.862998962402344,6500,45.8576774597168,0.0
ITEQ,2024-07-01,45.779998779296875,45.81999969482422,45.470001220703125,45.52899932861328,22200,45.52371597290039,0.0
ITEQ,2024-07-02,45.47999954223633,45.70000076293945,45.36000061035156,45.56700134277344,19100,45.56171417236328,0.0
ITEQ,2024-07-03,45.630001068115234,45.847999572753906,45.630001068115234,45.7239990234375,3300,45.718692779541016,0.0
ITEQ,2024-07-05,46.040000915527344,46.21500015258789,46.040000915527344,46.21500015258789,4400,46.20963668823242,0.0
ITEQ,2024-07-08,46.09000015258789,46.46699905395508,46.08000183105469,46.3849983215332,2800,46.379615783691406,0.0
ITEQ,2024-07-09,46.5,46.7400016784668,45.959999084472656,46.077999114990234,5700,46.07265090942383,0.0
ITEQ,2024-07-10,46.22999954223633,46.4900016784668,45.845001220703125,46.23400115966797,60000,46.228633880615234,0.0
ITEQ,2024-07-11,46.439998626708984,46.599998474121094,46.18000030517578,46.380001068115234,42600,46.37461853027344,0.0
ITEQ,2024-07-12,46.560001373291016,47.16999816894531,46.560001373291016,47.06999969482422,16900,47.064537048339844,0.0
ITEQ,2024-07-15,47.02000045776367,47.525001525878906,46.9900016784668,47.402000427246094,5300,47.39649963378906,0.0
ITEQ,2024-07-16,47.619998931884766,48.09199905395508,47.520999908447266,48.09199905395508,5200,48.08641815185547,0.0
ITEQ,2024-07-17,47.45000076293945,47.45000076293945,46.77000045776367,46.92399978637695,4500,46.91855239868164,0.0
ITEQ,2024-07-18,47.18000030517578,47.18000030517578,45.880001068115234,46.224998474121094,8100,46.219635009765625,0.0
ITEQ,2024-07-19,46.599998474121094,46.599998474121094,46.040000915527344,46.09000015258789,3700,46.084651947021484,0.0
ITEQ,2024-07-22,46.91999816894531,47.08000183105469,46.720001220703125,46.99100112915039,3600,46.98554611206055,0.0
ITEQ,2024-07-23,46.9900016784668,47.595001220703125,46.9900016784668,47.46799850463867,3800,47.46249008178711,0.0
ITEQ,2024-07-24,47.119998931884766,47.43000030517578,46.650001525878906,46.650001525878906,3700,46.644588470458984,0.0
ITEQ,2024-07-25,46.880001068115234,46.880001068115234,46.25,46.62200164794922,1700,46.61659240722656,0.0
ITEQ,2024-07-26,47.029998779296875,47.2400016784668,47.029998779296875,47.06999969482422,700,47.064537048339844,0.0
ITEQ,2024-07-29,47.040000915527344,47.05799865722656,46.638999938964844,46.638999938964844,4000,46.63358688354492,0.0
ITEQ,2024-07-30,46.26100158691406,46.45000076293945,46.04999923706055,46.426998138427734,2800,46.42161178588867,0.0
ITEQ,2024-07-31,46.77000045776367,47.04999923706055,46.77000045776367,46.80799865722656,2200,46.80256652832031,0.0
ITEQ,2024-08-01,46.369998931884766,46.4900016784668,44.720001220703125,44.96699905395508,2900,44.9617805480957,0.0
ITEQ,2024-08-02,44.5,44.5,43.43000030517578,43.84600067138672,2600,43.840911865234375,0.0
ITEQ,2024-08-05,42.029998779296875,42.84000015258789,41.650001525878906,42.823001861572266,6200,42.818031311035156,0.0
ITEQ,2024-08-06,43.40999984741211,43.48400115966797,43.099998474121094,43.26100158691406,1400,43.2559814453125,0.0
ITEQ,2024-08-07,44.560001373291016,44.755001068115234,43.54899978637695,43.54899978637695,7400,43.5439453125,0.0
ITEQ,2024-08-08,43.95000076293945,44.70000076293945,43.95000076293945,44.698001861572266,2500,44.692813873291016,0.0
ITEQ,2024-08-09,44.47999954223633,44.86000061035156,44.47999954223633,44.86000061035156,1100,44.854793548583984,0.0
ITEQ,2024-08-12,44.97999954223633,44.97999954223633,44.67499923706055,44.67499923706055,2600,44.66981506347656,0.0
ITEQ,2024-08-13,45.25,45.5,45.25,45.48500061035156,2500,45.47972106933594,0.0
ITEQ,2024-08-14,45.4900016784668,45.65399932861328,45.41999816894531,45.56399917602539,4400,45.558712005615234,0.0
ITEQ,2024-08-15,46.20000076293945,46.63999938964844,46.20000076293945,46.564998626708984,3100,46.559593200683594,0.0
ITEQ,2024-08-16,46.540000915527344,46.930999755859375,46.494998931884766,46.930999755859375,8800,46.92555236816406,0.0
ITEQ,2024-08-19,46.959999084472656,47.68600082397461,46.959999084472656,47.68600082397461,3000,47.68046569824219,0.0
ITEQ,2024-08-20,47.880001068115234,47.880001068115234,47.50600051879883,47.50600051879883,500,47.50048828125,0.0
ITEQ,2024-08-21,47.34000015258789,47.62200164794922,47.290000915527344,47.62200164794922,2500,47.61647415161133,0.0
ITEQ,2024-08-22,47.77000045776367,47.77000045776367,46.992000579833984,46.992000579833984,2400,46.98654556274414,0.0
ITEQ,2024-08-23,47.61000061035156,47.709999084472656,47.52000045776367,47.70500183105469,1700,47.699466705322266,0.0
ITEQ,2024-08-26,47.75,47.7599983215332,47.5099983215332,47.57099914550781,2400,47.56547927856445,0.0
ITEQ,2024-08-27,47.33000183105469,47.569000244140625,47.26300048828125,47.569000244140625,1500,47.563480377197266,0.0
ITEQ,2024-08-28,47.16999816894531,47.16999816894531,47.1609992980957,47.1609992980957,600,47.15552520751953,0.0
ITEQ,2024-08-29,47.400001525878906,48.119998931884766,47.400001525878906,47.54899978637695,5200,47.543479919433594,0.0
ITEQ,2024-08-30,47.779998779296875,47.779998779296875,47.435001373291016,47.74599838256836,2000,47.740455627441406,0.0
ITEQ,2024-09-03,47.45000076293945,47.560001373291016,45.939998626708984,45.96699905395508,3300,45.961666107177734,0.0
ITEQ,2024-09-04,45.5,46.08399963378906,45.400001525878906,45.999000549316406,10100,45.9936637878418,0.0
ITEQ,2024-09-05,45.650001525878906,45.85300064086914,45.47999954223633,45.66299819946289,32000,45.65769958496094,0.0
ITEQ,2024-09-06,45.494998931884766,45.494998931884766,44.81999969482422,44.840999603271484,30700,44.83579635620117,0.0
ITEQ,2024-09-09,44.88999938964844,45.02000045776367,44.79899978637695,44.79899978637695,900,44.793800354003906,0.0
ITEQ,2024-09-10,44.72100067138672,44.97999954223633,44.72100067138672,44.94499969482422,700,44.93978500366211,0.0
ITEQ,2024-09-11,44.81999969482422,45.36199951171875,44.81999969482422,45.36199951171875,5400,45.35673522949219,0.0
ITEQ,2024-09-12,45.349998474121094,46.09000015258789,45.349998474121094,45.86399841308594,7800,45.85867691040039,0.0
ITEQ,2024-09-13,46.68000030517578,46.68000030517578,46.40999984741211,46.4119987487793,1800,46.406612396240234,0.0
ITEQ,2024-09-16,45.84000015258789,46.154998779296875,45.84000015258789,46.154998779296875,1000,46.14964294433594,0.0
ITEQ,2024-09-17,46.189998626708984,46.47999954223633,46.09000015258789,46.27199935913086,7300,46.26662826538086,0.0
ITEQ,2024-09-18,46.22999954223633,46.29499816894531,45.880001068115234,45.95500183105469,12400,45.949668884277344,0.0
ITEQ,2024-09-19,46.970001220703125,47.0,46.68000030517578,46.8390007019043,6000,46.83356475830078,0.0
ITEQ,2024-09-20,46.689998626708984,47.06999969482422,46.619998931884766,46.92900085449219,10100,46.923553466796875,0.0
ITEQ,2024-09-23,47.15999984741211,47.15999984741211,46.91299819946289,46.91299819946289,1100,46.907554626464844,0.0
ITEQ,2024-09-24,47.16999816894531,47.31999969482422,47.16999816894531,47.292999267578125,2200,47.28750991821289,0.0
ITEQ,2024-09-25,47.31999969482422,47.375,47.13999938964844,47.202999114990234,4400,47.1975212097168,0.0
ITEQ,2024-09-26,48.09000015258789,48.09000015258789,47.53099822998047,47.72999954223633,32200,47.72446060180664,0.0
ITEQ,2024-09-27,47.849998474121094,47.86000061035156,47.64099884033203,47.64099884033203,1600,47.63547134399414,0.0
ITEQ,2024-09-30,47.709999084472656,47.85200119018555,47.47999954223633,47.85200119018555,4900,47.8464469909668,0.0
ITEQ,2024-10-01,47.900001525878906,47.9900016784668,46.36000061035156,46.400001525878906,12000,46.394615173339844,0.0
ITEQ,2024-10-02,46.349998474121094,46.77000045776367,46.06999969482422,46.459999084472656,15800,46.45460891723633,0.0
ITEQ,2024-10-03,46.220001220703125,46.47999954223633,46.220001220703125,46.47999954223633,800,46.474605560302734,0.0
ITEQ,2024-10-04,47.0099983215332,47.11199951171875,47.0099983215332,47.11199951171875,200,47.10653305053711,0.0
ITEQ,2024-10-07,47.02000045776367,47.02000045776367,46.44499969482422,46.55799865722656,3700,46.55259704589844,0.0
ITEQ,2024-10-08,46.689998626708984,47.15999984741211,46.689998626708984,47.08300018310547,4900,47.077537536621094,0.0
ITEQ,2024-10-09,46.869998931884766,47.4739990234375,46.869998931884766,47.4739990234375,6100,47.46849060058594,0.0
ITEQ,2024-10-10,47.0,47.85100173950195,47.0,47.85100173950195,1800,47.8454475402832,0.0
ITEQ,2024-10-11,47.63999938964844,48.560001373291016,47.63999938964844,48.529998779296875,3600,48.52436828613281,0.0
ITEQ,2024-10-14,48.97999954223633,49.0,48.650001525878906,48.880001068115234,7000,48.87432861328125,0.0
ITEQ,2024-10-15,48.70500183105469,48.77000045776367,48.611000061035156,48.611000061035156,3000,48.6053581237793,0.0
ITEQ,2024-10-16,48.48500061035156,48.81999969482422,48.48500061035156,48.749000549316406,11100,48.743343353271484,0.0
ITEQ,2024-10-17,49.040000915527344,49.12099838256836,48.849998474121094,48.95899963378906,5900,48.95331954956055,0.0
ITEQ,2024-10-18,49.02000045776367,49.21500015258789,49.02000045776367,49.02199935913086,2800,49.01631164550781,0.0
ITEQ,2024-10-21,49.27000045776367,49.27000045776367,48.94499969482422,49.11000061035156,3600,49.10430145263672,0.0
ITEQ,2024-10-22,48.94300079345703,48.94300079345703,48.75,48.83399963378906,5200,48.828330993652344,0.0
ITEQ,2024-10-23,48.29999923706055,48.29999923706055,47.97600173950195,47.97600173950195,2000,47.97043228149414,0.0
ITEQ,2024-10-24,48.290000915527344,48.36000061035156,48.0,48.2869987487793,7000,48.281394958496094,0.0
ITEQ,2024-10-25,48.72999954223633,48.72999954223633,48.33000183105469,48.358001708984375,900,48.35239028930664,0.0
ITEQ,2024-10-28,49.33000183105469,49.33000183105469,49.040000915527344,49.04100036621094,2200,49.035308837890625,0.0
ITEQ,2024-10-29,48.79999923706055,48.79999923706055,48.14500045776367,48.7130012512207,18400,48.70734786987305,0.0
ITEQ,2024-10-30,48.70000076293945,48.959999084472656,48.40999984741211,48.42300033569336,4600,48.417381286621094,0.0
ITEQ,2024-10-31,48.599998474121094,48.599998474121094,47.79999923706055,47.83399963378906,5900,47.82844924926758,0.0
ITEQ,2024-11-01,47.869998931884766,48.130001068115234,47.70000076293945,47.78499984741211,4800,47.77945327758789,0.0
ITEQ,2024-11-04,47.7400016784668,47.900001525878906,47.50600051879883,47.50600051879883,107700,47.50048828125,0.0
ITEQ,2024-11-05,47.72999954223633,48.308998107910156,47.72999954223633,48.308998107910156,4000,48.30339050292969,0.0
ITEQ,2024-11-06,48.939998626708984,49.77000045776367,48.939998626708984,49.77000045776367,11200,49.764225006103516,0.0
ITEQ,2024-11-07,49.959999084472656,50.599998474121094,49.81999969482422,50.599998474121094,5600,50.5941276550293,0.0
ITEQ,2024-11-08,50.40800094604492,50.68000030517578,50.349998474121094,50.58300018310547,3200,50.57712936401367,0.0
ITEQ,2024-11-11,49.900001525878906,50.47999954223633,49.900001525878906,50.417999267578125,8400,50.412147521972656,0.0
ITEQ,2024-11-12,50.63999938964844,50.63999938964844,50.04999923706055,50.27399826049805,7500,50.268165588378906,0.0
ITEQ,2024-11-13,50.560001373291016,50.84000015258789,50.066001892089844,50.066001892089844,2900,50.0601921081543,0.0
ITEQ,2024-11-14,49.70000076293945,49.7599983215332,49.43199920654297,49.43199920654297,6800,49.42626190185547,0.0
ITEQ,2024-11-15,48.939998626708984,48.939998626708984,48.369998931884766,48.41299819946289,2700,48.407379150390625,0.0
ITEQ,2024-11-18,48.68000030517578,48.68000030517578,48.2400016784668,48.44599914550781,15400,48.44037628173828,0.0
ITEQ,2024-11-19,48.16999816894531,49.33000183105469,48.16999816894531,49.33000183105469,8700,49.324275970458984,0.0
ITEQ,2024-11-20,50.0,50.3129997253418,49.81999969482422,50.3129997253418,3100,50.307159423828125,0.0
ITEQ,2024-11-21,50.619998931884766,51.84000015258789,50.619998931884766,51.650001525878906,9500,51.64400863647461,0.0
ITEQ,2024-11-22,51.70000076293945,52.099998474121094,51.70000076293945,51.95399856567383,5200,51.947967529296875,0.0
ITEQ,2024-11-25,52.599998474121094,53.15999984741211,52.599998474121094,52.875999450683594,8700,52.8698616027832,0.0
ITEQ,2024-11-26,52.880001068115234,52.88999938964844,52.53799819946289,52.630001068115234,7700,52.62389373779297,0.0
ITEQ,2024-11-27,52.689998626708984,52.689998626708984,52.0,52.21200180053711,3900,52.2059440612793,0.0
ITEQ,2024-11-29,52.439998626708984,52.86000061035156,52.349998474121094,52.75600051879883,4900,52.7498779296875,0.0
ITEQ,2024-12-02,52.90999984741211,52.95000076293945,52.59000015258789,52.74399948120117,5600,52.737876892089844,0.0
ITEQ,2024-12-03,52.65999984741211,53.2400016784668,52.58000183105469,53.165000915527344,71100,53.15883255004883,0.0
ITEQ,2024-12-04,53.619998931884766,54.209999084472656,53.5,54.209999084472656,58300,54.20370864868164,0.0
ITEQ,2024-12-05,53.619998931884766,53.630001068115234,52.983001708984375,52.983001708984375,56100,52.97685241699219,0.0
ITEQ,2024-12-06,53.349998474121094,53.93000030517578,53.33000183105469,53.77399826049805,55300,53.767757415771484,0.0
ITEQ,2024-12-09,53.7599983215332,53.7599983215332,53.27000045776367,53.30099868774414,7200,53.2948112487793,0.0
ITEQ,2024-12-10,53.2599983215332,53.2599983215332,52.358001708984375,52.358001708984375,56500,52.351924896240234,0.0
ITEQ,2024-12-11,52.5099983215332,53.310001373291016,52.47999954223633,53.257999420166016,106000,53.2518196105957,0.0
ITEQ,2024-12-12,52.939998626708984,53.599998474121094,52.939998626708984,53.38999938964844,79600,53.38380432128906,0.0
ITEQ,2024-12-13,53.5099983215332,53.5099983215332,52.63999938964844,52.76300048828125,55600,52.75687789916992,0.0
ITEQ,2024-12-16,53.02000045776367,53.65999984741211,52.91999816894531,53.35300064086914,59900,53.34680938720703,0.0
ITEQ,2024-12-17,53.220001220703125,53.314998626708984,52.900001525878906,52.96900177001953,62900,52.96285629272461,0.0
ITEQ,2024-12-18,53.04999923706055,53.06999969482422,50.939998626708984,51.220001220703125,63300,51.21405792236328,0.0
ITEQ,2024-12-19,51.439998626708984,51.470001220703125,50.95000076293945,51.15999984741211,61900,51.1540641784668,0.0
ITEQ,2024-12-20,50.849998474121094,52.119998931884766,50.619998931884766,51.85300064086914,61100,51.84698486328125,0.0
ITEQ,2024-12-23,52.029998779296875,52.11000061035156,51.459999084472656,51.652000427246094,58900,51.6460075378418,0.0
ITEQ,2024-12-24,51.81999969482422,52.5,51.81999969482422,52.369998931884766,71000,52.363922119140625,0.0
ITEQ,2024-12-26,52.18000030517578,52.53499984741211,52.007999420166016,52.53499984741211,2400,52.52890396118164,0.0
ITEQ,2024-12-27,52.21099853515625,52.21099853515625,51.31999969482422,51.689998626708984,1700,51.683998107910156,0.0
ITEQ,2024-12-30,50.84000015258789,51.61000061035156,50.790000915527344,51.45000076293945,54400,51.45000076293945,0.006
ITEQ,2024-12-31,51.66999816894531,51.66999816894531,51.47800064086914,51.47800064086914,1300,51.47800064086914,0.0
ITEQ,2025-01-02,51.68000030517578,52.119998931884766,51.3650016784668,51.560001373291016,108600,51.560001373291016,0.0
ITEQ,2025-01-03,51.63999938964844,52.1349983215332,51.63999938964844,52.097999572753906,3900,52.097999572753906,0.0
ITEQ,2025-01-06,52.65999984741211,52.720001220703125,52.58000183105469,52.58000183105469,54800,52.58000183105469,0.0
ITEQ,2025-01-07,53.029998779296875,53.12200164794922,51.81999969482422,52.0,85100,52.0,0.0
ITEQ,2025-01-08,51.54999923706055,51.80799865722656,51.25,51.80799865722656,900,51.80799865722656,0.0
ITEQ,2025-01-10,50.9900016784668,51.244998931884766,50.900001525878906,51.077999114990234,2300,51.077999114990234,0.0
ITEQ,2025-01-13,50.7400016784668,51.03499984741211,50.70000076293945,51.03499984741211,8700,51.03499984741211,0.0
ITEQ,2025-01-14,51.70000076293945,52.02000045776367,51.4900016784668,51.900001525878906,2000,51.900001525878906,0.0
ITEQ,2025-01-15,52.720001220703125,52.9630012512207,52.564998626708984,52.79199981689453,8600,52.79199981689453,0.0
ITEQ,2025-01-16,52.939998626708984,53.64699935913086,52.939998626708984,53.29600143432617,3600,53.29600143432617,0.0
ITEQ,2025-01-17,54.308998107910156,54.308998107910156,53.560001373291016,53.612998962402344,38000,53.612998962402344,0.0
ITEQ,2025-01-21,54.11000061035156,54.38999938964844,53.66999816894531,54.354000091552734,11600,54.354000091552734,0.0
ITEQ,2025-01-22,54.5,54.53499984741211,54.279998779296875,54.279998779296875,9100,54.279998779296875,0.0
ITEQ,2025-01-23,53.59000015258789,53.970001220703125,53.428001403808594,53.970001220703125,3800,53.970001220703125,0.0
ITEQ,2025-01-24,53.959999084472656,54.459999084472656,53.959999084472656,54.029998779296875,6400,54.029998779296875,0.0
ITEQ,2025-01-27,52.63999938964844,53.58000183105469,52.63999938964844,53.112998962402344,2100,53.112998962402344,0.0
ITEQ,2025-01-28,53.0,54.529998779296875,53.0,54.42300033569336,2400,54.42300033569336,0.0
ITEQ,2025-01-29,54.619998931884766,54.619998931884766,53.880001068115234,54.12200164794922,12300,54.12200164794922,0.0
ITEQ,2025-01-30,54.939998626708984,54.939998626708984,54.5,54.650001525878906,9800,54.650001525878906,0.0
ITEQ,2025-01-31,55.0099983215332,55.415000915527344,54.599998474121094,54.75,4600,54.75,0.0
ITEQ,2025-02-03,53.619998931884766,54.29800033569336,53.310001373291016,54.119998931884766,4300,54.119998931884766,0.0
ITEQ,2025-02-04,54.584999084472656,54.832000732421875,54.584999084472656,54.832000732421875,1400,54.832000732421875,0.0
ITEQ,2025-02-05,55.09000015258789,55.66999816894531,54.81100082397461,55.66999816894531,5000,55.66999816894531,0.0
ITEQ,2025-02-06,55.70000076293945,55.70000076293945,55.24599838256836,55.24599838256836,6000,55.24599838256836,0.0
ITEQ,2025-02-07,55.560001373291016,55.790000915527344,54.68000030517578,54.869998931884766,4300,54.869998931884766,0.0
ITEQ,2025-02-10,56.619998931884766,56.790000915527344,56.40999984741211,56.571998596191406,4000,56.571998596191406,0.0
ITEQ,2025-02-11,56.29999923706055,56.47999954223633,56.06999969482422,56.10900115966797,2300,56.10900115966797,0.0
ITEQ,2025-02-12,55.20000076293945,55.93000030517578,55.20000076293945,55.762001037597656,2300,55.762001037597656,0.0
ITEQ,2025-02-13,56.630001068115234,57.0629997253418,56.4900016784668,57.0629997253418,5200,57.0629997253418,0.0
ITEQ,2025-02-14,56.755001068115234,57.01499938964844,56.66899871826172,57.01499938964844,2300,57.01499938964844,0.0
ITEQ,2025-02-18,57.439998626708984,57.439998626708984,57.154998779296875,57.321998596191406,6600,57.321998596191406,0.0
ITEQ,2025-02-19,57.380001068115234,57.380001068115234,56.319000244140625,56.319000244140625,11600,56.319000244140625,0.0
ITEQ,2025-02-20,55.349998474121094,55.349998474121094,54.40999984741211,54.79999923706055,4700,54.79999923706055,0.0
ITEQ,2025-02-21,55.130001068115234,55.130001068115234,53.58000183105469,53.59400177001953,1200,53.59400177001953,0.0
ITEQ,2025-02-24,53.84000015258789,53.84000015258789,52.58000183105469,53.41400146484375,4600,53.41400146484375,0.0
ITEQ,2025-02-25,53.17599868774414,53.189998626708984,52.130001068115234,52.70399856567383,3300,52.70399856567383,0.0
ITEQ,2025-02-26,53.150001525878906,53.439998626708984,52.939998626708984,52.95600128173828,4300,52.95600128173828,0.0
ITEQ,2025-02-27,52.15999984741211,52.880001068115234,51.79999923706055,51.80799865722656,5200,51.80799865722656,0.0
ITEQ,2025-02-28,51.29999923706055,51.909000396728516,51.29999923706055,51.909000396728516,2100,51.909000396728516,0.0
ITEQ,2025-03-03,52.59000015258789,52.59000015258789,50.70000076293945,50.91999816894531,9200,50.91999816894531,0.0
ITEQ,2025-03-04,50.060001373291016,51.28499984741211,50.0,50.88199996948242,3500,50.88199996948242,0.0
ITEQ,2025-03-05,51.099998474121094,51.97999954223633,50.869998931884766,51.95899963378906,3500,51.95899963378906,0.0
ITEQ,2025-03-06,51.150001525878906,51.57500076293945,50.31999969482422,50.34600067138672,3700,50.34600067138672,0.0
ITEQ,2025-03-07,50.63999938964844,50.78200149536133,49.77000045776367,50.720001220703125,1700,50.720001220703125,0.0
ITEQ,2025-03-10,49.81999969482422,49.81999969482422,48.66999816894531,48.77000045776367,11300,48.77000045776367,0.0
ITEQ,2025-03-11,48.880001068115234,49.38999938964844,48.650001525878906,49.220001220703125,4700,49.220001220703125,0.0
ITEQ,2025-03-12,49.880001068115234,49.880001068115234,49.529998779296875,49.606998443603516,28400,49.606998443603516,0.0
ITEQ,2025-03-13,49.380001068115234,49.380001068115234,48.56999969482422,48.63800048828125,2900,48.63800048828125,0.0
ITEQ,2025-03-14,49.345001220703125,49.9900016784668,49.345001220703125,49.95199966430664,1900,49.95199966430664,0.0
ITEQ,2025-03-17,49.88999938964844,51.01900100708008,49.88999938964844,50.83300018310547,16200,50.83300018310547,0.0
ITEQ,2025-03-18,50.638999938964844,50.638999938964844,50.439998626708984,50.51300048828125,1500,50.51300048828125,0.0
ITEQ,2025-03-19,50.95000076293945,51.099998474121094,50.86000061035156,50.98899841308594,3000,50.98899841308594,0.0
ITEQ,2025-03-20,50.40999984741211,51.0099983215332,50.40999984741211,50.85599899291992,2800,50.85599899291992,0.0
ITEQ,2025-03-21,50.22999954223633,51.02000045776367,50.22999954223633,50.887001037597656,1800,50.887001037597656,0.0
ITEQ,2025-03-24,51.41999816894531,51.61000061035156,51.380001068115234,51.47100067138672,2900,51.47100067138672,0.0
ITEQ,2025-03-25,51.529998779296875,51.90999984741211,51.529998779296875,51.69900131225586,5500,51.69900131225586,0.0
ITEQ,2025-03-26,51.75,51.75,50.685001373291016,50.685001373291016,1000,50.685001373291016,0.0
ITEQ,2025-03-27,49.939998626708984,50.67399978637695,49.869998931884766,50.37300109863281,1000,50.37300109863281,0.0
ITEQ,2025-03-28,50.0,50.0,49.220001220703125,49.292999267578125,2600,49.292999267578125,0.0
ITEQ,2025-03-31,48.0,48.849998474121094,47.70899963378906,48.83399963378906,3200,48.83399963378906,0.0
ITEQ,2025-04-01,48.900001525878906,49.611000061035156,48.689998626708984,49.60200119018555,2600,49.60200119018555,0.0
ITEQ,2025-04-02,48.790000915527344,50.4900016784668,48.790000915527344,50.189998626708984,5400,50.189998626708984,0.0
ITEQ,2025-04-03,48.470001220703125,48.470001220703125,47.435001373291016,47.435001373291016,5000,47.435001373291016,0.0
ITEQ,2025-04-04,45.7400016784668,45.7400016784668,44.29999923706055,44.85300064086914,9000,44.85300064086914,0.0
ITEQ,2025-04-07,43.25,46.70000076293945,42.91999816894531,44.8120002746582,18200,44.8120002746582,0.0
ITEQ,2025-04-08,45.91999816894531,46.400001525878906,44.0,44.19599914550781,5400,44.19599914550781,0.0
ITEQ,2025-04-09,44.86000061035156,48.599998474121094,44.04999923706055,48.505001068115234,9400,48.505001068115234,0.0
ITEQ,2025-04-10,46.90999984741211,47.380001068115234,46.11000061035156,46.86199951171875,7700,46.86199951171875,0.0
ITEQ,2025-04-11,46.709999084472656,47.60100173950195,46.25,47.60100173950195,10500,47.60100173950195,0.0
ITEQ,2025-04-14,48.779998779296875,48.779998779296875,47.650001525878906,47.93299865722656,2300,47.93299865722656,0.0
ITEQ,2025-04-15,47.88999938964844,48.38999938964844,47.88999938964844,48.21699905395508,2500,48.21699905395508,0.0
ITEQ,2025-04-16,47.86000061035156,47.98500061035156,47.45399856567383,47.45399856567383,1900,47.45399856567383,0.0
ITEQ,2025-04-17,47.4900016784668,47.516998291015625,47.332000732421875,47.332000732421875,1800,47.332000732421875,0.0
ITEQ,2025-04-21,46.75,46.75,45.67900085449219,45.67900085449219,1500,45.67900085449219,0.0
ITEQ,2025-04-22,46.33000183105469,46.62799835205078,46.19499969482422,46.62799835205078,2900,46.62799835205078,0.0
ITEQ,2025-04-23,48.2400016784668,48.54999923706055,47.63999938964844,47.75,11400,47.75,0.0
ITEQ,2025-04-24,48.06999969482422,49.130001068115234,48.06999969482422,49.12900161743164,2000,49.12900161743164,0.0
ITEQ,2025-04-25,49.09000015258789,49.486000061035156,49.09000015258789,49.486000061035156,900,49.486000061035156,0.0
ITEQ,2025-04-28,49.54999923706055,49.643001556396484,49.189998626708984,49.643001556396484,1500,49.643001556396484,0.0
ITEQ,2025-04-29,49.709999084472656,50.152000427246094,49.709999084472656,50.007999420166016,2900,50.007999420166016,0.0
ITEQ,2025-04-30,48.939998626708984,50.07899856567383,48.80099868774414,50.07899856567383,3100,50.07899856567383,0.0
ITEQ,2025-05-01,50.72999954223633,50.7599983215332,50.22999954223633,50.22999954223633,11600,50.22999954223633,0.0
ITEQ,2025-05-02,50.93000030517578,50.93000030517578,50.775001525878906,50.775001525878906,300,50.775001525878906,0.0
ITEQ,2025-05-05,50.0,51.11000061035156,50.0,50.67599868774414,5200,50.67599868774414,0.0
ITEQ,2025-05-06,50.63999938964844,50.6510009765625,50.439998626708984,50.6510009765625,1200,50.6510009765625,0.0
ITEQ,2025-05-07,50.97999954223633,51.060001373291016,50.630001068115234,50.99700164794922,3300,50.99700164794922,0.0
ITEQ,2025-05-08,51.66999816894531,52.0,51.415000915527344,51.930999755859375,2500,51.930999755859375,0.0
ITEQ,2025-05-09,52.06999969482422,52.130001068115234,51.709999084472656,51.922000885009766,1800,51.922000885009766,0.0
ITEQ,2025-05-12,53.45000076293945,53.45000076293945,52.345001220703125,52.430999755859375,3300,52.430999755859375,0.0
ITEQ,2025-05-13,52.974998474121094,53.13999938964844,52.974998474121094,53.05099868774414,1600,53.05099868774414,0.0
ITEQ,2025-05-14,52.61600112915039,52.61600112915039,52.61600112915039,52.61600112915039,900,52.61600112915039,0.0
ITEQ,2025-05-15,52.297000885009766,52.40999984741211,51.95000076293945,52.40999984741211,1000,52.40999984741211,0.0
ITEQ,2025-05-16,52.43000030517578,52.698001861572266,52.43000030517578,52.63800048828125,800,52.63800048828125,0.0
ITEQ,2025-05-19,51.91999816894531,52.69499969482422,51.91999816894531,52.582000732421875,2600,52.582000732421875,0.0
ITEQ,2025-05-20,52.5,52.7760009765625,52.5,52.7760009765625,2500,52.7760009765625,0.0
ITEQ,2025-05-21,52.09000015258789,52.09000015258789,51.51300048828125,51.51300048828125,1700,51.51300048828125,0.0
ITEQ,2025-05-22,51.029998779296875,52.32500076293945,51.029998779296875,51.617000579833984,5400,51.617000579833984,0.0
ITEQ,2025-05-23,50.7599983215332,51.573001861572266,50.7599983215332,51.573001861572266,1300,51.573001861572266,0.0
ITEQ,2025-05-27,52.56999969482422,52.849998474121094,52.209999084472656,52.722999572753906,15000,52.722999572753906,0.0
ITEQ,2025-05-28,52.86000061035156,52.86000061035156,52.500999450683594,52.500999450683594,2800,52.500999450683594,0.0
ITEQ,2025-05-29,53.0,53.0,52.53799819946289,52.53799819946289,500,52.53799819946289,0.0
ITEQ,2025-05-30,52.21500015258789,52.750999450683594,52.21500015258789,52.750999450683594,2000,52.750999450683594,0.0
ITEQ,2025-06-02,52.689998626708984,53.13100051879883,52.689998626708984,53.13100051879883,2800,53.13100051879883,0.0
ITEQ,2025-06-03,53.36000061035156,53.62099838256836,53.099998474121094,53.62099838256836,3900,53.62099838256836,0.0
ITEQ,2025-06-04,53.65999984741211,54.2400016784668,53.65999984741211,54.152000427246094,4100,54.152000427246094,0.0
ITEQ,2025-06-05,54.22999954223633,54.43000030517578,53.720001220703125,53.9119987487793,11000,53.9119987487793,0.0
ITEQ,2025-06-06,54.439998626708984,54.48500061035156,54.380001068115234,54.46699905395508,1300,54.46699905395508,0.0
ITEQ,2025-06-09,54.630001068115234,54.630001068115234,54.31999969482422,54.31999969482422,2700,54.31999969482422,0.0
ITEQ,2025-06-10,54.5099983215332,54.72999954223633,54.1150016784668,54.48699951171875,12100,54.48699951171875,0.0
ITEQ,2025-06-11,54.93000030517578,54.93000030517578,54.327999114990234,54.327999114990234,1800,54.327999114990234,0.0
ITEQ,2025-06-12,54.005001068115234,54.08000183105469,53.869998931884766,53.869998931884766,3200,53.869998931884766,0.0
ITEQ,2025-06-13,53.08000183105469,53.4900016784668,52.65399932861328,52.65399932861328,4700,52.65399932861328,0.0
ITEQ,2025-06-16,54.150001525878906,54.150001525878906,53.9630012512207,53.9630012512207,2400,53.9630012512207,0.0
ITEQ,2025-06-17,53.560001373291016,53.790000915527344,53.474998474121094,53.474998474121094,2000,53.474998474121094,0.0
ITEQ,2025-06-18,53.869998931884766,53.95000076293945,53.40999984741211,53.529998779296875,6500,53.529998779296875,0.0
ITEQ,2025-06-20,54.0099983215332,54.0099983215332,53.17499923706055,53.17499923706055,6400,53.17499923706055,0.0
ITEQ,2025-06-23,53.130001068115234,54.09000015258789,53.130001068115234,54.06700134277344,42600,54.06700134277344,0.0
ITEQ,2025-06-24,54.93000030517578,55.22999954223633,54.529998779296875,55.0880012512207,17400,55.0880012512207,0.0
ITEQ,2025-06-25,55.52000045776367,55.81999969482422,54.959999084472656,55.15999984741211,32300,55.15999984741211,0.0
ITEQ,2025-06-26,55.09000015258789,55.65999984741211,55.0,55.659000396728516,2700,55.659000396728516,0.0
ITEQ,2025-06-27,55.619998931884766,55.880001068115234,55.3849983215332,55.41999816894531,4200,55.41999816894531,0.0
ITEQ,2025-06-30,56.22999954223633,56.54999923706055,56.19499969482422,56.53300094604492,4700,56.53300094604492,0.0
ITEQ,2025-07-01,56.529998779296875,56.529998779296875,55.439998626708984,56.18000030517578,8400,56.18000030517578,0.0
ITEQ,2025-07-02,56.15999984741211,56.400001525878906,55.869998931884766,56.150001525878906,14500,56.150001525878906,0.0
ITEQ,2025-07-03,56.54999923706055,57.22999954223633,56.54999923706055,57.040000915527344,10000,57.040000915527344,0.0
ITEQ,2025-07-07,56.95000076293945,57.099998474121094,56.49700164794922,56.75,14300,56.75,0.0
ITEQ,2025-07-08,56.79999923706055,56.79999923706055,56.369998931884766,56.41999816894531,8100,56.41999816894531,0.0
ITEQ,2025-07-09,57.22999954223633,57.560001373291016,57.22999954223633,57.358001708984375,7900,57.358001708984375,0.0
ITEQ,2025-07-10,57.33000183105469,57.33000183105469,56.029998779296875,56.029998779296875,10100,56.029998779296875,0.0
ITEQ,2025-07-11,55.70000076293945,55.70000076293945,54.8129997253418,54.8129997253418,2200,54.8129997253418,0.0
ITEQ,2025-07-14,54.63999938964844,55.20500183105469,54.63999938964844,55.12200164794922,4200,55.12200164794922,0.0
ITEQ,2025-07-15,55.28799819946289,55.28799819946289,54.79899978637695,54.79899978637695,6700,54.79899978637695,0.0
ITEQ,2025-07-16,54.63999938964844,54.893001556396484,54.63999938964844,54.893001556396484,800,54.893001556396484,0.0
ITEQ,2025-07-17,55.060001373291016,55.71500015258789,55.060001373291016,55.481998443603516,6500,55.481998443603516,0.0
ITEQ,2025-07-18,55.65999984741211,56.060001373291016,55.534000396728516,55.75600051879883,6700,55.75600051879883,0.0
ITEQ,2025-07-21,56.16999816894531,56.650001525878906,56.16999816894531,56.380001068115234,3500,56.380001068115234,0.0
ITEQ,2025-07-22,56.59000015258789,56.84000015258789,55.90999984741211,56.50400161743164,2800,56.50400161743164,0.0
ITEQ,2025-07-23,56.75,56.95000076293945,56.630001068115234,56.869998931884766,4500,56.869998931884766,0.0
ITEQ,2025-07-24,56.81999969482422,56.81999969482422,56.060001373291016,56.154998779296875,6100,56.154998779296875,0.0
ITEQ,2025-07-25,56.220001220703125,56.2400016784668,56.0890007019043,56.0890007019043,1600,56.0890007019043,0.0
ITEQ,2025-07-28,56.5099983215332,56.529998779296875,56.077999114990234,56.077999114990234,4700,56.077999114990234,0.0
ITEQ,2025-07-29,56.40999984741211,56.40999984741211,55.40999984741211,55.981998443603516,4200,55.981998443603516,0.0
ITEQ,2025-07-30,55.29999923706055,55.59000015258789,55.16299819946289,55.16299819946289,1700,55.16299819946289,0.0
ITEQ,2025-07-31,55.20000076293945,55.20000076293945,54.13999938964844,54.15700149536133,7500,54.15700149536133,0.0
ITEQ,2025-08-01,53.68000030517578,53.709999084472656,53.119998931884766,53.375,18400,53.375,0.0
ITEQ,2025-08-04,53.7599983215332,54.34700012207031,53.720001220703125,54.34700012207031,2200,54.34700012207031,0.0
ITEQ,2025-08-05,54.119998931884766,54.119998931884766,53.667999267578125,53.667999267578125,2400,53.667999267578125,0.0
ITEQ,2025-08-06,54.02000045776367,54.02000045776367,53.736000061035156,53.9370002746582,1000,53.9370002746582,0.0
ITEQ,2025-08-07,54.4900016784668,54.56999969482422,52.880001068115234,53.17399978637695,2700,53.17399978637695,0.0
ITEQ,2025-08-08,53.619998931884766,53.619998931884766,52.70100021362305,52.70100021362305,3200,52.70100021362305,0.0
ITEQ,2025-08-11,52.060001373291016,52.33000183105469,51.137001037597656,51.137001037597656,1700,51.137001037597656,0.0
ITEQ,2025-08-12,51.310001373291016,51.66699981689453,51.20000076293945,51.64799880981445,5400,51.64799880981445,0.0
ITEQ,2025-08-13,52.757999420166016,53.22200012207031,52.72999954223633,53.22200012207031,38300,53.22200012207031,0.0
ITEQ,2025-08-14,52.72999954223633,52.7599983215332,52.16999816894531,52.33300018310547,33500,52.33300018310547,0.0
ITEQ,2025-08-15,52.630001068115234,53.13999938964844,52.619998931884766,53.047000885009766,17600,53.047000885009766,0.0
ITEQ,2025-08-18,53.220001220703125,53.86000061035156,53.220001220703125,53.80799865722656,14300,53.80799865722656,0.0
ITEQ,2025-08-19,53.75,53.869998931884766,53.194000244140625,53.194000244140625,3600,53.194000244140625,0.0
ITEQ,2025-08-20,53.290000915527344,53.34000015258789,52.928001403808594,53.0880012512207,2900,53.0880012512207,0.0
ITEQ,2025-08-21,52.72999954223633,53.12699890136719,52.61000061035156,53.12699890136719,2800,53.12699890136719,0.0
ITEQ,2025-08-22,53.369998931884766,54.470001220703125,53.369998931884766,54.400001525878906,1500,54.400001525878906,0.0
ITEQ,2025-08-25,54.349998474121094,54.439998626708984,54.029998779296875,54.08399963378906,2400,54.08399963378906,0.0
ITEQ,2025-08-26,54.41999816894531,54.41999816894531,54.2599983215332,54.38800048828125,700,54.38800048828125,0.0
ITEQ,2025-08-27,54.900001525878906,55.21799850463867,54.900001525878906,55.21799850463867,1800,55.21799850463867,0.0
ITEQ,2025-08-28,55.68000030517578,55.875999450683594,55.68000030517578,55.84600067138672,2100,55.84600067138672,0.0
ITEQ,2025-08-29,55.790000915527344,55.790000915527344,55.5099983215332,55.65999984741211,2100,55.65999984741211,0.0
ITEQ,2025-09-02,54.38999938964844,54.40999984741211,54.029998779296875,54.23899841308594,3200,54.23899841308594,0.0
ITEQ,2025-09-03,54.380001068115234,54.630001068115234,54.34000015258789,54.59600067138672,9000,54.59600067138672,0.0
ITEQ,2025-09-04,54.54499816894531,55.13999938964844,54.54499816894531,55.13999938964844,1000,55.13999938964844,0.0
ITEQ,2025-09-05,55.709999084472656,57.95000076293945,55.23899841308594,55.939998626708984,12300,55.939998626708984,0.0
ITEQ,2025-09-08,56.400001525878906,56.96900177001953,56.400001525878906,56.94300079345703,2500,56.94300079345703,0.0
ITEQ,2025-09-09,56.9900016784668,57.12699890136719,56.869998931884766,57.12699890136719,3700,57.12699890136719,0.0
ITEQ,2025-09-10,57.41999816894531,57.41999816894531,56.72999954223633,56.72999954223633,1000,56.72999954223633,0.0
ITEQ,2025-09-11,57.0,57.45000076293945,57.0,57.42900085449219,3400,57.42900085449219,0.0
ITEQ,2025-09-12,57.470001220703125,57.470001220703125,57.19499969482422,57.34400177001953,3200,57.34400177001953,0.0
ITEQ,2025-09-15,57.29999923706055,57.54999923706055,57.1150016784668,57.4010009765625,6900,57.4010009765625,0.0
ITEQ,2025-09-16,57.400001525878906,57.88999938964844,57.400001525878906,57.80400085449219,2000,57.80400085449219,0.0
ITEQ,2025-09-17,57.59000015258789,57.86000061035156,57.13999938964844,57.59600067138672,4300,57.59600067138672,0.0
ITEQ,2025-09-18,58.29999923706055,58.9900016784668,58.29999923706055,58.9900016784668,7100,58.9900016784668,0.0
ITEQ,2025-09-19,59.20000076293945,59.349998474121094,58.9900016784668,59.21099853515625,14100,59.21099853515625,0.0
ITEQ,2025-09-22,58.88999938964844,59.54999923706055,58.88999938964844,59.5099983215332,5900,59.5099983215332,0.0
ITEQ,2025-09-23,59.79999923706055,59.79999923706055,58.93299865722656,58.93299865722656,1800,58.93299865722656,0.0
ITEQ,2025-09-24,59.18000030517578,59.18000030517578,58.6609992980957,58.6609992980957,1600,58.6609992980957,0.0
ITEQ,2025-09-25,58.25,58.25,57.86000061035156,58.14899826049805,2300,58.14899826049805,0.0
ITEQ,2025-09-26,58.0,58.439998626708984,57.93000030517578,58.439998626708984,11800,58.439998626708984,0.0
ITEQ,2025-09-29,59.08000183105469,59.08000183105469,58.61000061035156,58.880001068115234,55800,58.880001068115234,0.0
