symbol,date,open,high,low,close,volume,adjclose,splits
LIXT,2007-10-25,66.0,66.0,66.0,66.0,0,66.0,0.0
LIXT,2007-10-26,66.0,66.0,66.0,66.0,0,66.0,0.0
LIXT,2007-10-29,66.0,66.0,66.0,66.0,0,66.0,0.0
LIXT,2007-10-30,66.0,66.0,66.0,66.0,0,66.0,0.0
LIXT,2007-10-31,66.0,66.0,66.0,66.0,0,66.0,0.0
LIXT,2007-11-01,66.0,66.0,66.0,66.0,0,66.0,0.0
LIXT,2007-11-02,66.0,66.0,66.0,66.0,0,66.0,0.0
LIXT,2007-11-05,66.0,66.0,66.0,66.0,0,66.0,0.0
LIXT,2007-11-06,66.0,66.0,66.0,66.0,0,66.0,0.0
LIXT,2007-11-07,66.0,66.0,66.0,66.0,0,66.0,0.0
LIXT,2007-11-08,66.0,66.0,66.0,66.0,0,66.0,0.0
LIXT,2007-11-09,66.0,66.0,66.0,66.0,0,66.0,0.0
LIXT,2007-11-12,66.0,66.0,66.0,66.0,0,66.0,0.0
LIXT,2007-11-13,66.0,66.0,66.0,66.0,0,66.0,0.0
LIXT,2007-11-14,66.0,66.0,66.0,66.0,0,66.0,0.0
LIXT,2007-11-15,66.0,66.0,66.0,66.0,0,66.0,0.0
LIXT,2007-11-16,66.0,66.0,66.0,66.0,0,66.0,0.0
LIXT,2007-11-19,66.0,66.0,66.0,66.0,0,66.0,0.0
LIXT,2007-11-20,66.0,66.0,66.0,66.0,0,66.0,0.0
LIXT,2007-11-21,66.0,66.0,66.0,66.0,0,66.0,0.0
LIXT,2007-11-23,66.0,66.0,66.0,66.0,0,66.0,0.0
LIXT,2007-11-26,66.0,66.0,66.0,66.0,0,66.0,0.0
LIXT,2007-11-27,66.0,66.0,66.0,66.0,0,66.0,0.0
LIXT,2007-11-28,66.0,66.0,66.0,66.0,0,66.0,0.0
LIXT,2007-11-29,66.0,66.0,66.0,66.0,0,66.0,0.0
LIXT,2007-11-30,66.0,66.0,66.0,66.0,0,66.0,0.0
LIXT,2007-12-03,66.0,66.0,66.0,66.0,0,66.0,0.0
LIXT,2007-12-04,66.0,66.0,66.0,66.0,0,66.0,0.0
LIXT,2007-12-05,66.0,66.0,66.0,66.0,0,66.0,0.0
LIXT,2007-12-06,66.0,66.0,66.0,66.0,0,66.0,0.0
LIXT,2007-12-07,66.0,66.0,66.0,66.0,0,66.0,0.0
LIXT,2007-12-10,66.0,66.0,66.0,66.0,0,66.0,0.0
LIXT,2007-12-11,66.0,66.0,66.0,66.0,0,66.0,0.0
LIXT,2007-12-12,66.0,66.0,66.0,66.0,0,66.0,0.0
LIXT,2007-12-13,66.0,66.0,66.0,66.0,0,66.0,0.0
LIXT,2007-12-14,66.0,66.0,66.0,66.0,0,66.0,0.0
LIXT,2007-12-17,66.0,66.0,66.0,66.0,0,66.0,0.0
LIXT,2007-12-18,66.0,66.0,66.0,66.0,0,66.0,0.0
LIXT,2007-12-19,66.0,66.0,66.0,66.0,0,66.0,0.0
LIXT,2007-12-20,66.0,66.0,66.0,66.0,0,66.0,0.0
LIXT,2007-12-21,66.0,66.0,66.0,66.0,0,66.0,0.0
LIXT,2007-12-24,66.0,66.0,66.0,66.0,0,66.0,0.0
LIXT,2007-12-26,66.0,66.0,66.0,66.0,0,66.0,0.0
LIXT,2007-12-27,66.0,66.0,66.0,66.0,0,66.0,0.0
LIXT,2007-12-28,66.0,66.0,66.0,66.0,0,66.0,0.0
LIXT,2007-12-31,44.400001525878906,45.0,43.79999923706055,45.0,3003,45.0,0.0
LIXT,2008-01-02,45.0,45.0,45.0,45.0,0,45.0,0.0
LIXT,2008-01-03,45.0,45.0,45.0,45.0,0,45.0,0.0
LIXT,2008-01-04,45.0,45.0,45.0,45.0,0,45.0,0.0
LIXT,2008-01-07,45.0,45.0,45.0,45.0,0,45.0,0.0
LIXT,2008-01-08,45.0,45.0,45.0,45.0,0,45.0,0.0
LIXT,2008-01-09,45.0,45.0,45.0,45.0,0,45.0,0.0
LIXT,2008-01-10,45.0,45.0,45.0,45.0,167,45.0,0.0
LIXT,2008-01-11,45.0,45.0,45.0,45.0,0,45.0,0.0
LIXT,2008-01-14,45.0,45.0,45.0,45.0,0,45.0,0.0
LIXT,2008-01-15,45.0,45.0,45.0,45.0,0,45.0,0.0
LIXT,2008-01-16,45.0,45.0,45.0,45.0,0,45.0,0.0
LIXT,2008-01-17,45.0,45.0,45.0,45.0,0,45.0,0.0
LIXT,2008-01-18,45.0,45.0,45.0,45.0,0,45.0,0.0
LIXT,2008-01-22,45.0,45.0,45.0,45.0,0,45.0,0.0
LIXT,2008-01-23,45.0,45.0,45.0,45.0,0,45.0,0.0
LIXT,2008-01-24,45.0,45.0,45.0,45.0,0,45.0,0.0
LIXT,2008-01-25,44.400001525878906,45.0,44.400001525878906,45.0,1002,45.0,0.0
LIXT,2008-01-28,45.0,45.0,45.0,45.0,0,45.0,0.0
LIXT,2008-01-29,45.0,45.0,45.0,45.0,0,45.0,0.0
LIXT,2008-01-30,45.0,45.0,45.0,45.0,0,45.0,0.0
LIXT,2008-01-31,44.400001525878906,45.0,44.400001525878906,45.0,5000,45.0,0.0
LIXT,2008-02-01,45.0,45.0,45.0,45.0,0,45.0,0.0
LIXT,2008-02-04,45.0,45.0,45.0,45.0,0,45.0,0.0
LIXT,2008-02-05,45.0,45.0,45.0,45.0,0,45.0,0.0
LIXT,2008-02-06,45.0,45.0,45.0,45.0,0,45.0,0.0
LIXT,2008-02-07,45.0,45.0,45.0,45.0,0,45.0,0.0
LIXT,2008-02-08,45.0,45.0,45.0,45.0,0,45.0,0.0
LIXT,2008-02-11,45.0,45.0,45.0,45.0,0,45.0,0.0
LIXT,2008-02-12,45.0,45.0,45.0,45.0,0,45.0,0.0
LIXT,2008-02-13,45.0,45.0,45.0,45.0,0,45.0,0.0
LIXT,2008-02-14,45.0,45.0,45.0,45.0,0,45.0,0.0
LIXT,2008-02-15,45.0,45.0,45.0,45.0,0,45.0,0.0
LIXT,2008-02-19,46.20000076293945,46.20000076293945,45.0,45.0,333,45.0,0.0
LIXT,2008-02-20,46.20000076293945,46.20000076293945,45.0,45.0,167,45.0,0.0
LIXT,2008-02-21,45.0,45.0,45.0,45.0,0,45.0,0.0
LIXT,2008-02-22,45.0,45.0,45.0,45.0,0,45.0,0.0
LIXT,2008-02-25,66.0,66.0,63.0,66.0,167,66.0,0.0
LIXT,2008-02-26,66.0,66.0,66.0,66.0,0,66.0,0.0
LIXT,2008-02-27,55.20000076293945,55.20000076293945,52.79999923706055,54.0,2505,54.0,0.0
LIXT,2008-02-28,54.0,54.0,52.79999923706055,54.0,1000,54.0,0.0
LIXT,2008-02-29,54.0,54.0,54.0,54.0,0,54.0,0.0
LIXT,2008-03-03,54.0,54.0,54.0,54.0,0,54.0,0.0
LIXT,2008-03-04,54.0,54.0,54.0,54.0,0,54.0,0.0
LIXT,2008-03-05,54.0,54.0,54.0,54.0,0,54.0,0.0
LIXT,2008-03-06,54.0,54.0,54.0,54.0,0,54.0,0.0
LIXT,2008-03-07,54.0,54.0,54.0,54.0,0,54.0,0.0
LIXT,2008-03-10,54.0,54.0,54.0,54.0,0,54.0,0.0
LIXT,2008-03-11,66.0,66.0,58.79999923706055,60.0,370,60.0,0.0
LIXT,2008-03-12,51.0,51.0,51.0,51.0,83,51.0,0.0
LIXT,2008-03-13,55.79999923706055,57.0,55.79999923706055,57.0,317,57.0,0.0
LIXT,2008-03-14,55.79999923706055,57.0,52.79999923706055,54.0,2683,54.0,0.0
LIXT,2008-03-17,54.0,54.0,54.0,54.0,0,54.0,0.0
LIXT,2008-03-18,54.0,54.0,54.0,54.0,0,54.0,0.0
LIXT,2008-03-19,54.0,54.0,54.0,54.0,0,54.0,0.0
LIXT,2008-03-20,54.0,54.0,54.0,54.0,0,54.0,0.0
LIXT,2008-03-24,54.0,54.0,54.0,54.0,0,54.0,0.0
LIXT,2008-03-25,54.0,54.0,54.0,54.0,0,54.0,0.0
LIXT,2008-03-26,54.0,54.0,54.0,54.0,0,54.0,0.0
LIXT,2008-03-27,54.0,54.0,54.0,54.0,0,54.0,0.0
LIXT,2008-03-28,57.0,57.0,57.0,57.0,42,57.0,0.0
LIXT,2008-03-31,57.0,57.0,57.0,57.0,0,57.0,0.0
LIXT,2008-04-01,51.0,55.20000076293945,51.0,51.0,258,51.0,0.0
LIXT,2008-04-02,51.0,51.0,51.0,51.0,0,51.0,0.0
LIXT,2008-04-03,51.0,51.0,51.0,51.0,0,51.0,0.0
LIXT,2008-04-04,51.0,51.0,51.0,51.0,0,51.0,0.0
LIXT,2008-04-07,51.0,51.0,51.0,51.0,0,51.0,0.0
LIXT,2008-04-08,51.0,51.0,51.0,51.0,0,51.0,0.0
LIXT,2008-04-09,51.0,51.0,51.0,51.0,0,51.0,0.0
LIXT,2008-04-10,51.0,51.0,51.0,51.0,0,51.0,0.0
LIXT,2008-04-11,51.0,51.0,51.0,51.0,0,51.0,0.0
LIXT,2008-04-14,51.0,51.0,51.0,51.0,0,51.0,0.0
LIXT,2008-04-15,51.0,51.0,51.0,51.0,0,51.0,0.0
LIXT,2008-04-16,46.79999923706055,57.0,46.79999923706055,57.0,1942,57.0,0.0
LIXT,2008-04-17,66.0,66.0,55.79999923706055,57.0,117,57.0,0.0
LIXT,2008-04-18,45.0,45.0,45.0,45.0,67,45.0,0.0
LIXT,2008-04-21,49.79999923706055,51.0,49.79999923706055,51.0,583,51.0,0.0
LIXT,2008-04-22,63.0,66.0,49.79999923706055,51.0,1167,51.0,0.0
LIXT,2008-04-23,49.20000076293945,51.0,48.0,48.0,1345,48.0,0.0
LIXT,2008-04-24,48.0,48.0,48.0,48.0,0,48.0,0.0
LIXT,2008-04-25,48.0,48.0,48.0,48.0,0,48.0,0.0
LIXT,2008-04-28,48.0,48.0,48.0,48.0,0,48.0,0.0
LIXT,2008-04-29,46.20000076293945,48.0,45.0,48.0,323,48.0,0.0
LIXT,2008-04-30,48.0,49.20000076293945,42.0,48.0,1500,48.0,0.0
LIXT,2008-05-01,48.0,48.0,48.0,48.0,0,48.0,0.0
LIXT,2008-05-02,51.0,51.0,51.0,51.0,12,51.0,0.0
LIXT,2008-05-05,51.0,51.0,51.0,51.0,0,51.0,0.0
LIXT,2008-05-06,51.0,51.0,51.0,51.0,0,51.0,0.0
LIXT,2008-05-07,51.0,51.0,51.0,51.0,0,51.0,0.0
LIXT,2008-05-08,51.0,51.0,51.0,51.0,0,51.0,0.0
LIXT,2008-05-09,51.0,51.0,51.0,51.0,0,51.0,0.0
LIXT,2008-05-12,51.0,51.0,51.0,51.0,0,51.0,0.0
LIXT,2008-05-13,51.0,51.0,51.0,51.0,0,51.0,0.0
LIXT,2008-05-14,51.0,51.0,51.0,51.0,0,51.0,0.0
LIXT,2008-05-15,42.0,54.0,42.0,54.0,412,54.0,0.0
LIXT,2008-05-16,60.599998474121094,60.599998474121094,60.599998474121094,60.599998474121094,3,60.599998474121094,0.0
LIXT,2008-05-19,60.599998474121094,60.599998474121094,60.599998474121094,60.599998474121094,0,60.599998474121094,0.0
LIXT,2008-05-20,46.79999923706055,48.0,46.79999923706055,48.0,1000,48.0,0.0
LIXT,2008-05-21,48.0,48.0,48.0,48.0,250,48.0,0.0
LIXT,2008-05-22,49.20000076293945,49.20000076293945,48.0,48.0,333,48.0,0.0
LIXT,2008-05-23,48.0,48.0,48.0,48.0,0,48.0,0.0
LIXT,2008-05-27,48.0,48.0,48.0,48.0,0,48.0,0.0
LIXT,2008-05-28,48.0,48.0,48.0,48.0,0,48.0,0.0
LIXT,2008-05-29,43.20000076293945,43.20000076293945,42.0,42.0,262,42.0,0.0
LIXT,2008-05-30,43.20000076293945,43.20000076293945,42.0,42.0,125,42.0,0.0
LIXT,2008-06-02,43.20000076293945,43.20000076293945,42.0,42.0,25,42.0,0.0
LIXT,2008-06-03,42.0,42.0,42.0,42.0,0,42.0,0.0
LIXT,2008-06-04,42.0,42.0,42.0,42.0,0,42.0,0.0
LIXT,2008-06-05,42.0,42.0,42.0,42.0,0,42.0,0.0
LIXT,2008-06-06,42.0,42.0,42.0,42.0,0,42.0,0.0
LIXT,2008-06-09,39.0,39.0,39.0,39.0,42,39.0,0.0
LIXT,2008-06-10,39.0,39.0,39.0,39.0,0,39.0,0.0
LIXT,2008-06-11,39.0,39.0,39.0,39.0,0,39.0,0.0
LIXT,2008-06-12,38.400001525878906,38.400001525878906,18.0,18.0,208,18.0,0.0
LIXT,2008-06-13,18.0,18.0,18.0,18.0,0,18.0,0.0
LIXT,2008-06-16,18.0,18.0,18.0,18.0,0,18.0,0.0
LIXT,2008-06-17,18.0,18.0,18.0,18.0,0,18.0,0.0
LIXT,2008-06-18,18.0,18.0,18.0,18.0,0,18.0,0.0
LIXT,2008-06-19,18.0,18.0,18.0,18.0,0,18.0,0.0
LIXT,2008-06-20,18.0,18.0,18.0,18.0,0,18.0,0.0
LIXT,2008-06-23,18.0,18.0,18.0,18.0,0,18.0,0.0
LIXT,2008-06-24,18.0,18.0,18.0,18.0,0,18.0,0.0
LIXT,2008-06-25,18.0,18.0,18.0,18.0,0,18.0,0.0
LIXT,2008-06-26,18.0,18.0,18.0,18.0,0,18.0,0.0
LIXT,2008-06-27,18.0,18.0,18.0,18.0,0,18.0,0.0
LIXT,2008-06-30,18.0,18.0,18.0,18.0,0,18.0,0.0
LIXT,2008-07-01,18.0,18.0,18.0,18.0,0,18.0,0.0
LIXT,2008-07-02,18.0,18.0,18.0,18.0,0,18.0,0.0
LIXT,2008-07-03,18.0,18.0,18.0,18.0,0,18.0,0.0
LIXT,2008-07-07,18.0,18.0,18.0,18.0,0,18.0,0.0
LIXT,2008-07-08,18.0,18.0,18.0,18.0,0,18.0,0.0
LIXT,2008-07-09,18.0,18.0,18.0,18.0,0,18.0,0.0
LIXT,2008-07-10,18.0,18.0,18.0,18.0,0,18.0,0.0
LIXT,2008-07-11,18.0,18.0,18.0,18.0,0,18.0,0.0
LIXT,2008-07-14,18.0,18.0,18.0,18.0,3,18.0,0.0
LIXT,2008-07-15,18.0,18.0,18.0,18.0,0,18.0,0.0
LIXT,2008-07-16,18.0,18.0,18.0,18.0,42,18.0,0.0
LIXT,2008-07-17,30.600000381469727,31.200000762939453,30.0,31.200000762939453,825,31.200000762939453,0.0
LIXT,2008-07-18,37.20000076293945,37.20000076293945,37.20000076293945,37.20000076293945,8,37.20000076293945,0.0
LIXT,2008-07-21,37.20000076293945,37.20000076293945,37.20000076293945,37.20000076293945,17,37.20000076293945,0.0
LIXT,2008-07-22,31.200000762939453,39.0,19.200000762939453,39.0,1277,39.0,0.0
LIXT,2008-07-23,39.0,39.0,39.0,39.0,0,39.0,0.0
LIXT,2008-07-24,30.600000381469727,39.0,30.0,39.0,672,39.0,0.0
LIXT,2008-07-25,39.0,39.0,39.0,39.0,0,39.0,0.0
LIXT,2008-07-28,39.0,39.0,39.0,39.0,0,39.0,0.0
LIXT,2008-07-29,39.0,39.0,39.0,39.0,0,39.0,0.0
LIXT,2008-07-30,39.0,39.0,39.0,39.0,0,39.0,0.0
LIXT,2008-07-31,39.0,39.0,39.0,39.0,0,39.0,0.0
LIXT,2008-08-01,39.0,39.0,39.0,39.0,0,39.0,0.0
LIXT,2008-08-04,21.0,21.0,13.199999809265137,13.199999809265137,100,13.199999809265137,0.0
LIXT,2008-08-05,39.0,39.0,39.0,39.0,18,39.0,0.0
LIXT,2008-08-06,39.0,39.0,39.0,39.0,0,39.0,0.0
LIXT,2008-08-07,15.0,15.600000381469727,15.0,15.600000381469727,367,15.600000381469727,0.0
LIXT,2008-08-08,24.0,24.0,15.0,15.0,92,15.0,0.0
LIXT,2008-08-11,21.0,21.0,18.0,18.0,150,18.0,0.0
LIXT,2008-08-12,18.0,18.0,18.0,18.0,0,18.0,0.0
LIXT,2008-08-13,18.0,18.0,18.0,18.0,0,18.0,0.0
LIXT,2008-08-14,21.0,21.0,18.0,18.0,3,18.0,0.0
LIXT,2008-08-15,21.0,21.0,21.0,21.0,7,21.0,0.0
LIXT,2008-08-18,21.0,21.0,18.0,18.0,122,18.0,0.0
LIXT,2008-08-19,21.0,21.0,21.0,21.0,315,21.0,0.0
LIXT,2008-08-20,21.0,27.0,21.0,21.0,288,21.0,0.0
LIXT,2008-08-21,21.0,21.0,21.0,21.0,167,21.0,0.0
LIXT,2008-08-22,27.0,27.0,24.0,24.0,433,24.0,0.0
LIXT,2008-08-25,27.0,27.0,27.0,27.0,440,27.0,0.0
LIXT,2008-08-26,27.0,27.0,27.0,27.0,0,27.0,0.0
LIXT,2008-08-27,27.0,30.0,27.0,30.0,250,30.0,0.0
LIXT,2008-08-28,27.0,27.0,27.0,27.0,167,27.0,0.0
LIXT,2008-08-29,27.0,27.0,24.0,27.0,417,27.0,0.0
LIXT,2008-09-02,39.599998474121094,39.599998474121094,30.600000381469727,30.600000381469727,125,30.600000381469727,0.0
LIXT,2008-09-03,37.79999923706055,40.79999923706055,33.0,40.79999923706055,685,40.79999923706055,0.0
LIXT,2008-09-04,40.79999923706055,40.79999923706055,39.0,39.0,232,39.0,0.0
LIXT,2008-09-05,39.0,39.0,39.0,39.0,250,39.0,0.0
LIXT,2008-09-08,45.0,45.0,45.0,45.0,42,45.0,0.0
LIXT,2008-09-09,45.0,45.0,45.0,45.0,0,45.0,0.0
LIXT,2008-09-10,30.600000381469727,30.600000381469727,30.600000381469727,30.600000381469727,42,30.600000381469727,0.0
LIXT,2008-09-11,30.600000381469727,30.600000381469727,30.600000381469727,30.600000381469727,0,30.600000381469727,0.0
LIXT,2008-09-12,39.0,39.0,39.0,39.0,42,39.0,0.0
LIXT,2008-09-15,39.0,39.0,36.599998474121094,36.599998474121094,367,36.599998474121094,0.0
LIXT,2008-09-16,37.79999923706055,48.0,37.79999923706055,39.0,1370,39.0,0.0
LIXT,2008-09-17,39.0,39.0,39.0,39.0,67,39.0,0.0
LIXT,2008-09-18,39.0,39.0,39.0,39.0,0,39.0,0.0
LIXT,2008-09-19,45.0,45.0,30.600000381469727,39.0,67,39.0,0.0
LIXT,2008-09-22,39.0,39.0,39.0,39.0,0,39.0,0.0
LIXT,2008-09-23,42.0,42.0,36.0,42.0,100,42.0,0.0
LIXT,2008-09-24,42.0,42.0,42.0,42.0,0,42.0,0.0
LIXT,2008-09-25,42.0,42.0,42.0,42.0,0,42.0,0.0
LIXT,2008-09-26,42.0,42.0,42.0,42.0,0,42.0,0.0
LIXT,2008-09-29,19.799999237060547,36.0,19.799999237060547,36.0,250,36.0,0.0
LIXT,2008-09-30,30.0,30.0,30.0,30.0,22,30.0,0.0
LIXT,2008-10-01,30.0,30.0,30.0,30.0,17,30.0,0.0
LIXT,2008-10-02,30.0,31.200000762939453,24.0,30.0,395,30.0,0.0
LIXT,2008-10-03,30.600000381469727,66.0,30.0,60.599998474121094,267,60.599998474121094,0.0
LIXT,2008-10-06,30.600000381469727,54.0,30.0,54.0,2017,54.0,0.0
LIXT,2008-10-07,30.600000381469727,30.600000381469727,30.0,30.0,53,30.0,0.0
LIXT,2008-10-08,12.0,31.200000762939453,10.800000190734863,31.200000762939453,823,31.200000762939453,0.0
LIXT,2008-10-09,31.200000762939453,31.200000762939453,31.200000762939453,31.200000762939453,0,31.200000762939453,0.0
LIXT,2008-10-10,31.200000762939453,31.200000762939453,31.200000762939453,31.200000762939453,0,31.200000762939453,0.0
LIXT,2008-10-13,31.200000762939453,31.200000762939453,31.200000762939453,31.200000762939453,0,31.200000762939453,0.0
LIXT,2008-10-14,31.200000762939453,31.200000762939453,31.200000762939453,31.200000762939453,0,31.200000762939453,0.0
LIXT,2008-10-15,31.200000762939453,31.200000762939453,31.200000762939453,31.200000762939453,0,31.200000762939453,0.0
LIXT,2008-10-16,31.200000762939453,31.200000762939453,31.200000762939453,31.200000762939453,0,31.200000762939453,0.0
LIXT,2008-10-17,31.200000762939453,31.200000762939453,31.200000762939453,31.200000762939453,0,31.200000762939453,0.0
LIXT,2008-10-20,51.0,51.0,36.0,36.0,58,36.0,0.0
LIXT,2008-10-21,36.0,36.0,36.0,36.0,42,36.0,0.0
LIXT,2008-10-22,36.0,36.0,36.0,36.0,0,36.0,0.0
LIXT,2008-10-23,36.0,36.0,36.0,36.0,0,36.0,0.0
LIXT,2008-10-24,36.0,36.0,36.0,36.0,0,36.0,0.0
LIXT,2008-10-27,36.0,36.0,36.0,36.0,83,36.0,0.0
LIXT,2008-10-28,36.0,36.0,36.0,36.0,0,36.0,0.0
LIXT,2008-10-29,36.0,36.0,36.0,36.0,0,36.0,0.0
LIXT,2008-10-30,36.0,36.0,36.0,36.0,0,36.0,0.0
LIXT,2008-10-31,36.0,36.0,36.0,36.0,0,36.0,0.0
LIXT,2008-11-03,36.0,36.0,36.0,36.0,0,36.0,0.0
LIXT,2008-11-04,30.0,30.0,30.0,30.0,67,30.0,0.0
LIXT,2008-11-05,30.0,30.0,30.0,30.0,0,30.0,0.0
LIXT,2008-11-06,30.0,30.0,30.0,30.0,0,30.0,0.0
LIXT,2008-11-07,30.0,30.0,30.0,30.0,0,30.0,0.0
LIXT,2008-11-10,30.0,30.0,30.0,30.0,0,30.0,0.0
LIXT,2008-11-11,30.0,30.0,30.0,30.0,0,30.0,0.0
LIXT,2008-11-12,21.0,21.0,9.0,9.0,1000,9.0,0.0
LIXT,2008-11-13,23.399999618530273,33.0,23.399999618530273,33.0,292,33.0,0.0
LIXT,2008-11-14,33.0,33.0,33.0,33.0,0,33.0,0.0
LIXT,2008-11-17,33.0,33.0,33.0,33.0,0,33.0,0.0
LIXT,2008-11-18,21.0,21.0,21.0,21.0,83,21.0,0.0
LIXT,2008-11-19,30.0,30.0,30.0,30.0,33,30.0,0.0
LIXT,2008-11-20,30.0,30.0,30.0,30.0,0,30.0,0.0
LIXT,2008-11-21,30.0,30.0,30.0,30.0,0,30.0,0.0
LIXT,2008-11-24,30.0,30.0,30.0,30.0,0,30.0,0.0
LIXT,2008-11-25,30.0,30.0,30.0,30.0,0,30.0,0.0
LIXT,2008-11-26,30.0,30.0,30.0,30.0,0,30.0,0.0
LIXT,2008-11-28,30.0,30.0,30.0,30.0,0,30.0,0.0
LIXT,2008-12-01,30.0,30.0,30.0,30.0,0,30.0,0.0
LIXT,2008-12-02,30.600000381469727,30.600000381469727,30.600000381469727,30.600000381469727,167,30.600000381469727,0.0
LIXT,2008-12-03,30.600000381469727,30.600000381469727,30.600000381469727,30.600000381469727,0,30.600000381469727,0.0
LIXT,2008-12-04,30.600000381469727,42.0,30.600000381469727,42.0,167,42.0,0.0
LIXT,2008-12-05,42.0,42.0,42.0,42.0,0,42.0,0.0
LIXT,2008-12-08,30.600000381469727,39.0,30.600000381469727,39.0,167,39.0,0.0
LIXT,2008-12-09,39.0,39.0,39.0,39.0,0,39.0,0.0
LIXT,2008-12-10,39.0,39.0,39.0,39.0,0,39.0,0.0
LIXT,2008-12-11,12.0,38.400001525878906,12.0,38.400001525878906,508,38.400001525878906,0.0
LIXT,2008-12-12,38.400001525878906,38.400001525878906,38.400001525878906,38.400001525878906,0,38.400001525878906,0.0
LIXT,2008-12-15,38.400001525878906,38.400001525878906,38.400001525878906,38.400001525878906,0,38.400001525878906,0.0
LIXT,2008-12-16,40.79999923706055,40.79999923706055,40.79999923706055,40.79999923706055,2,40.79999923706055,0.0
LIXT,2008-12-17,40.79999923706055,40.79999923706055,40.79999923706055,40.79999923706055,0,40.79999923706055,0.0
LIXT,2008-12-18,40.79999923706055,40.79999923706055,40.79999923706055,40.79999923706055,0,40.79999923706055,0.0
LIXT,2008-12-19,40.79999923706055,40.79999923706055,40.79999923706055,40.79999923706055,0,40.79999923706055,0.0
LIXT,2008-12-22,12.0,35.400001525878906,12.0,34.79999923706055,118,34.79999923706055,0.0
LIXT,2008-12-23,34.79999923706055,34.79999923706055,34.79999923706055,34.79999923706055,0,34.79999923706055,0.0
LIXT,2008-12-24,34.79999923706055,34.79999923706055,34.79999923706055,34.79999923706055,0,34.79999923706055,0.0
LIXT,2008-12-26,34.79999923706055,34.79999923706055,34.79999923706055,34.79999923706055,0,34.79999923706055,0.0
LIXT,2008-12-29,34.79999923706055,34.79999923706055,34.79999923706055,34.79999923706055,0,34.79999923706055,0.0
LIXT,2008-12-30,34.79999923706055,34.79999923706055,34.79999923706055,34.79999923706055,0,34.79999923706055,0.0
LIXT,2008-12-31,34.20000076293945,34.20000076293945,34.20000076293945,34.20000076293945,83,34.20000076293945,0.0
LIXT,2009-01-02,34.20000076293945,34.20000076293945,34.20000076293945,34.20000076293945,0,34.20000076293945,0.0
LIXT,2009-01-05,34.20000076293945,34.20000076293945,34.20000076293945,34.20000076293945,0,34.20000076293945,0.0
LIXT,2009-01-06,34.20000076293945,34.20000076293945,34.20000076293945,34.20000076293945,0,34.20000076293945,0.0
LIXT,2009-01-07,34.20000076293945,34.20000076293945,34.20000076293945,34.20000076293945,0,34.20000076293945,0.0
LIXT,2009-01-08,34.20000076293945,34.20000076293945,34.20000076293945,34.20000076293945,0,34.20000076293945,0.0
LIXT,2009-01-09,34.20000076293945,34.20000076293945,34.20000076293945,34.20000076293945,0,34.20000076293945,0.0
LIXT,2009-01-12,34.20000076293945,34.20000076293945,34.20000076293945,34.20000076293945,0,34.20000076293945,0.0
LIXT,2009-01-13,34.20000076293945,34.20000076293945,34.20000076293945,34.20000076293945,0,34.20000076293945,0.0
LIXT,2009-01-14,34.20000076293945,34.20000076293945,34.20000076293945,34.20000076293945,0,34.20000076293945,0.0
LIXT,2009-01-15,34.20000076293945,34.20000076293945,34.20000076293945,34.20000076293945,0,34.20000076293945,0.0
LIXT,2009-01-16,34.20000076293945,34.20000076293945,34.20000076293945,34.20000076293945,0,34.20000076293945,0.0
LIXT,2009-01-20,24.0,36.0,24.0,35.400001525878906,133,35.400001525878906,0.0
LIXT,2009-01-21,35.400001525878906,35.400001525878906,35.400001525878906,35.400001525878906,0,35.400001525878906,0.0
LIXT,2009-01-22,30.0,30.0,30.0,30.0,8,30.0,0.0
LIXT,2009-01-23,30.0,30.0,30.0,30.0,0,30.0,0.0
LIXT,2009-01-26,29.399999618530273,30.0,29.399999618530273,30.0,17,30.0,0.0
LIXT,2009-01-27,24.0,36.0,24.0,36.0,383,36.0,0.0
LIXT,2009-01-28,36.0,36.0,36.0,36.0,0,36.0,0.0
LIXT,2009-01-29,36.0,36.0,36.0,36.0,0,36.0,0.0
LIXT,2009-01-30,36.0,36.0,36.0,36.0,0,36.0,0.0
LIXT,2009-02-02,36.0,36.0,36.0,36.0,0,36.0,0.0
LIXT,2009-02-03,36.0,36.0,36.0,36.0,0,36.0,0.0
LIXT,2009-02-04,36.0,36.0,36.0,36.0,0,36.0,0.0
LIXT,2009-02-05,36.0,36.0,36.0,36.0,0,36.0,0.0
LIXT,2009-02-06,15.0,15.0,15.0,15.0,167,15.0,0.0
LIXT,2009-02-09,15.0,15.0,15.0,15.0,0,15.0,0.0
LIXT,2009-02-10,15.0,15.0,15.0,15.0,1708,15.0,0.0
LIXT,2009-02-11,30.600000381469727,30.600000381469727,30.0,30.0,57,30.0,0.0
LIXT,2009-02-12,30.0,30.0,30.0,30.0,0,30.0,0.0
LIXT,2009-02-13,36.0,36.0,36.0,36.0,33,36.0,0.0
LIXT,2009-02-17,36.0,36.0,36.0,36.0,0,36.0,0.0
LIXT,2009-02-18,31.799999237060547,31.799999237060547,31.799999237060547,31.799999237060547,33,31.799999237060547,0.0
LIXT,2009-02-19,31.799999237060547,31.799999237060547,31.799999237060547,31.799999237060547,0,31.799999237060547,0.0
LIXT,2009-02-20,27.0,27.0,27.0,27.0,500,27.0,0.0
LIXT,2009-02-23,36.0,36.0,36.0,36.0,33,36.0,0.0
LIXT,2009-02-24,36.0,36.0,36.0,36.0,0,36.0,0.0
LIXT,2009-02-25,30.600000381469727,30.600000381469727,30.600000381469727,30.600000381469727,167,30.600000381469727,0.0
LIXT,2009-02-26,30.600000381469727,30.600000381469727,30.600000381469727,30.600000381469727,0,30.600000381469727,0.0
LIXT,2009-02-27,10.800000190734863,10.800000190734863,10.800000190734863,10.800000190734863,42,10.800000190734863,0.0
LIXT,2009-03-02,35.400001525878906,36.0,35.400001525878906,36.0,33,36.0,0.0
LIXT,2009-03-03,36.0,36.0,36.0,36.0,0,36.0,0.0
LIXT,2009-03-04,36.0,36.0,36.0,36.0,2,36.0,0.0
LIXT,2009-03-05,9.600000381469727,9.600000381469727,9.600000381469727,9.600000381469727,67,9.600000381469727,0.0
LIXT,2009-03-06,36.0,36.0,36.0,36.0,17,36.0,0.0
LIXT,2009-03-09,36.0,36.0,36.0,36.0,0,36.0,0.0
LIXT,2009-03-10,36.0,36.0,36.0,36.0,0,36.0,0.0
LIXT,2009-03-11,36.0,36.0,36.0,36.0,0,36.0,0.0
LIXT,2009-03-12,36.0,36.0,36.0,36.0,0,36.0,0.0
LIXT,2009-03-13,36.0,36.0,36.0,36.0,0,36.0,0.0
LIXT,2009-03-16,36.0,36.0,36.0,36.0,0,36.0,0.0
LIXT,2009-03-17,36.0,36.0,36.0,36.0,0,36.0,0.0
LIXT,2009-03-18,36.0,36.0,36.0,36.0,0,36.0,0.0
LIXT,2009-03-19,36.0,36.0,36.0,36.0,0,36.0,0.0
LIXT,2009-03-20,20.399999618530273,20.399999618530273,20.399999618530273,20.399999618530273,300,20.399999618530273,0.0
LIXT,2009-03-23,33.0,33.0,20.399999618530273,33.0,383,33.0,0.0
LIXT,2009-03-24,33.0,33.0,33.0,33.0,0,33.0,0.0
LIXT,2009-03-25,33.0,33.0,33.0,33.0,0,33.0,0.0
LIXT,2009-03-26,33.0,33.0,33.0,33.0,0,33.0,0.0
LIXT,2009-03-27,33.0,33.0,33.0,33.0,0,33.0,0.0
LIXT,2009-03-30,33.0,33.0,33.0,33.0,18,33.0,0.0
LIXT,2009-03-31,33.0,33.0,33.0,33.0,0,33.0,0.0
LIXT,2009-04-01,33.0,33.0,33.0,33.0,0,33.0,0.0
LIXT,2009-04-02,16.799999237060547,33.0,16.799999237060547,33.0,767,33.0,0.0
LIXT,2009-04-03,32.400001525878906,33.0,21.600000381469727,33.0,72,33.0,0.0
LIXT,2009-04-06,19.200000762939453,33.0,18.0,33.0,1633,33.0,0.0
LIXT,2009-04-07,13.199999809265137,14.399999618530273,13.199999809265137,14.399999618530273,1167,14.399999618530273,0.0
LIXT,2009-04-08,15.0,15.0,14.399999618530273,14.399999618530273,500,14.399999618530273,0.0
LIXT,2009-04-09,33.0,33.0,33.0,33.0,25,33.0,0.0
LIXT,2009-04-13,33.0,33.0,33.0,33.0,3,33.0,0.0
LIXT,2009-04-14,33.0,33.0,33.0,33.0,0,33.0,0.0
LIXT,2009-04-15,17.399999618530273,18.0,17.399999618530273,18.0,2667,18.0,0.0
LIXT,2009-04-16,36.0,36.0,19.799999237060547,21.0,2008,21.0,0.0
LIXT,2009-04-17,24.0,24.0,23.399999618530273,23.399999618530273,1667,23.399999618530273,0.0
LIXT,2009-04-20,23.399999618530273,36.0,23.399999618530273,36.0,1517,36.0,0.0
LIXT,2009-04-21,34.79999923706055,34.79999923706055,34.79999923706055,34.79999923706055,83,34.79999923706055,0.0
LIXT,2009-04-22,26.399999618530273,27.0,26.399999618530273,27.0,1000,27.0,0.0
LIXT,2009-04-23,26.399999618530273,27.0,26.399999618530273,27.0,2500,27.0,0.0
LIXT,2009-04-24,27.0,27.0,27.0,27.0,142,27.0,0.0
LIXT,2009-04-27,26.399999618530273,33.0,26.399999618530273,27.0,3650,27.0,0.0
LIXT,2009-04-28,26.399999618530273,27.0,26.399999618530273,27.0,800,27.0,0.0
LIXT,2009-04-29,27.0,27.0,27.0,27.0,0,27.0,0.0
LIXT,2009-04-30,24.0,24.0,24.0,24.0,1333,24.0,0.0
LIXT,2009-05-01,38.400001525878906,38.400001525878906,17.399999618530273,24.0,182,24.0,0.0
LIXT,2009-05-04,38.400001525878906,38.400001525878906,38.400001525878906,38.400001525878906,17,38.400001525878906,0.0
LIXT,2009-05-05,24.600000381469727,24.600000381469727,23.399999618530273,23.399999618530273,283,23.399999618530273,0.0
LIXT,2009-05-06,25.799999237060547,25.799999237060547,25.200000762939453,25.200000762939453,168,25.200000762939453,0.0
LIXT,2009-05-07,25.200000762939453,25.200000762939453,25.200000762939453,25.200000762939453,0,25.200000762939453,0.0
LIXT,2009-05-08,25.799999237060547,25.799999237060547,25.799999237060547,25.799999237060547,4652,25.799999237060547,0.0
LIXT,2009-05-11,25.799999237060547,25.799999237060547,25.799999237060547,25.799999237060547,0,25.799999237060547,0.0
LIXT,2009-05-12,25.200000762939453,25.799999237060547,25.200000762939453,25.799999237060547,2348,25.799999237060547,0.0
LIXT,2009-05-13,25.799999237060547,25.799999237060547,25.799999237060547,25.799999237060547,133,25.799999237060547,0.0
LIXT,2009-05-14,25.799999237060547,25.799999237060547,25.799999237060547,25.799999237060547,0,25.799999237060547,0.0
LIXT,2009-05-15,25.799999237060547,25.799999237060547,25.799999237060547,25.799999237060547,0,25.799999237060547,0.0
LIXT,2009-05-18,25.799999237060547,25.799999237060547,25.799999237060547,25.799999237060547,0,25.799999237060547,0.0
LIXT,2009-05-19,32.400001525878906,32.400001525878906,32.400001525878906,32.400001525878906,833,32.400001525878906,0.0
LIXT,2009-05-20,32.400001525878906,32.400001525878906,32.400001525878906,32.400001525878906,0,32.400001525878906,0.0
LIXT,2009-05-21,32.400001525878906,32.400001525878906,32.400001525878906,32.400001525878906,0,32.400001525878906,0.0
LIXT,2009-05-22,28.799999237060547,28.799999237060547,28.799999237060547,28.799999237060547,617,28.799999237060547,0.0
LIXT,2009-05-26,37.79999923706055,38.400001525878906,28.799999237060547,29.399999618530273,2408,29.399999618530273,0.0
LIXT,2009-05-27,29.399999618530273,29.399999618530273,29.399999618530273,29.399999618530273,0,29.399999618530273,0.0
LIXT,2009-05-28,30.0,30.0,30.0,30.0,1000,30.0,0.0
LIXT,2009-05-29,39.599998474121094,39.599998474121094,39.599998474121094,39.599998474121094,208,39.599998474121094,0.0
LIXT,2009-06-01,39.599998474121094,39.599998474121094,39.599998474121094,39.599998474121094,0,39.599998474121094,0.0
LIXT,2009-06-02,39.599998474121094,39.599998474121094,39.599998474121094,39.599998474121094,0,39.599998474121094,0.0
LIXT,2009-06-03,30.600000381469727,30.600000381469727,30.600000381469727,30.600000381469727,1417,30.600000381469727,0.0
LIXT,2009-06-04,30.600000381469727,30.600000381469727,30.600000381469727,30.600000381469727,0,30.600000381469727,0.0
LIXT,2009-06-05,38.400001525878906,38.400001525878906,38.400001525878906,38.400001525878906,42,38.400001525878906,0.0
LIXT,2009-06-08,38.400001525878906,38.400001525878906,38.400001525878906,38.400001525878906,0,38.400001525878906,0.0
LIXT,2009-06-09,30.600000381469727,30.600000381469727,30.600000381469727,30.600000381469727,42,30.600000381469727,0.0
LIXT,2009-06-10,30.600000381469727,30.600000381469727,30.600000381469727,30.600000381469727,0,30.600000381469727,0.0
LIXT,2009-06-11,30.600000381469727,30.600000381469727,30.600000381469727,30.600000381469727,1000,30.600000381469727,0.0
LIXT,2009-06-12,30.600000381469727,30.600000381469727,30.600000381469727,30.600000381469727,1050,30.600000381469727,0.0
LIXT,2009-06-15,30.600000381469727,30.600000381469727,30.600000381469727,30.600000381469727,0,30.600000381469727,0.0
LIXT,2009-06-16,30.600000381469727,30.600000381469727,30.600000381469727,30.600000381469727,83,30.600000381469727,0.0
LIXT,2009-06-17,31.200000762939453,31.200000762939453,28.799999237060547,30.0,1517,30.0,0.0
LIXT,2009-06-18,30.0,30.600000381469727,30.0,30.600000381469727,1617,30.600000381469727,0.0
LIXT,2009-06-19,30.600000381469727,30.600000381469727,30.600000381469727,30.600000381469727,0,30.600000381469727,0.0
LIXT,2009-06-22,30.600000381469727,30.600000381469727,30.600000381469727,30.600000381469727,0,30.600000381469727,0.0
LIXT,2009-06-23,30.600000381469727,30.600000381469727,30.600000381469727,30.600000381469727,0,30.600000381469727,0.0
LIXT,2009-06-24,37.20000076293945,40.79999923706055,34.79999923706055,35.400001525878906,720,35.400001525878906,0.0
LIXT,2009-06-25,35.400001525878906,35.400001525878906,35.400001525878906,35.400001525878906,0,35.400001525878906,0.0
LIXT,2009-06-26,36.0,36.0,36.0,36.0,833,36.0,0.0
LIXT,2009-06-29,34.79999923706055,34.79999923706055,34.79999923706055,34.79999923706055,183,34.79999923706055,0.0
LIXT,2009-06-30,34.79999923706055,45.0,34.79999923706055,45.0,1368,45.0,0.0
LIXT,2009-07-01,45.0,45.0,45.0,45.0,0,45.0,0.0
LIXT,2009-07-02,45.0,45.0,45.0,45.0,0,45.0,0.0
LIXT,2009-07-06,34.79999923706055,34.79999923706055,34.79999923706055,34.79999923706055,300,34.79999923706055,0.0
LIXT,2009-07-07,34.79999923706055,34.79999923706055,33.0,33.0,500,33.0,0.0
LIXT,2009-07-08,37.20000076293945,37.20000076293945,37.20000076293945,37.20000076293945,833,37.20000076293945,0.0
LIXT,2009-07-09,37.20000076293945,37.20000076293945,37.20000076293945,37.20000076293945,0,37.20000076293945,0.0
LIXT,2009-07-10,37.20000076293945,37.20000076293945,37.20000076293945,37.20000076293945,0,37.20000076293945,0.0
LIXT,2009-07-13,37.20000076293945,37.20000076293945,37.20000076293945,37.20000076293945,0,37.20000076293945,0.0
LIXT,2009-07-14,37.20000076293945,37.20000076293945,37.20000076293945,37.20000076293945,0,37.20000076293945,0.0
LIXT,2009-07-15,37.20000076293945,37.20000076293945,37.20000076293945,37.20000076293945,0,37.20000076293945,0.0
LIXT,2009-07-16,11.399999618530273,11.399999618530273,11.399999618530273,11.399999618530273,467,11.399999618530273,0.0
LIXT,2009-07-17,60.599998474121094,60.599998474121094,60.599998474121094,60.599998474121094,7,60.599998474121094,0.0
LIXT,2009-07-20,37.79999923706055,37.79999923706055,37.79999923706055,37.79999923706055,300,37.79999923706055,0.0
LIXT,2009-07-21,37.79999923706055,37.79999923706055,37.79999923706055,37.79999923706055,0,37.79999923706055,0.0
LIXT,2009-07-22,37.79999923706055,37.79999923706055,37.79999923706055,37.79999923706055,0,37.79999923706055,0.0
LIXT,2009-07-23,37.79999923706055,37.79999923706055,37.79999923706055,37.79999923706055,0,37.79999923706055,0.0
LIXT,2009-07-24,40.20000076293945,40.20000076293945,40.20000076293945,40.20000076293945,67,40.20000076293945,0.0
LIXT,2009-07-27,40.20000076293945,40.20000076293945,40.20000076293945,40.20000076293945,50,40.20000076293945,0.0
LIXT,2009-07-28,41.400001525878906,42.0,41.400001525878906,42.0,455,42.0,0.0
LIXT,2009-07-29,42.0,42.0,42.0,42.0,72,42.0,0.0
LIXT,2009-07-30,42.0,42.0,42.0,42.0,0,42.0,0.0
LIXT,2009-07-31,42.0,42.0,42.0,42.0,0,42.0,0.0
LIXT,2009-08-03,42.0,42.0,42.0,42.0,0,42.0,0.0
LIXT,2009-08-04,42.0,42.0,42.0,42.0,0,42.0,0.0
LIXT,2009-08-05,42.0,42.0,42.0,42.0,0,42.0,0.0
LIXT,2009-08-06,42.0,42.0,42.0,42.0,0,42.0,0.0
LIXT,2009-08-07,42.0,42.0,42.0,42.0,200,42.0,0.0
LIXT,2009-08-10,42.0,42.0,42.0,42.0,0,42.0,0.0
LIXT,2009-08-11,42.0,42.0,42.0,42.0,500,42.0,0.0
LIXT,2009-08-12,42.0,42.0,42.0,42.0,133,42.0,0.0
LIXT,2009-08-13,42.0,48.0,42.0,42.0,288,42.0,0.0
LIXT,2009-08-14,30.0,42.0,30.0,42.0,717,42.0,0.0
LIXT,2009-08-17,42.0,42.0,42.0,42.0,0,42.0,0.0
LIXT,2009-08-18,42.0,42.0,42.0,42.0,0,42.0,0.0
LIXT,2009-08-19,39.0,39.0,39.0,39.0,42,39.0,0.0
LIXT,2009-08-20,39.0,39.0,39.0,39.0,167,39.0,0.0
LIXT,2009-08-21,39.0,39.0,39.0,39.0,0,39.0,0.0
LIXT,2009-08-24,36.0,36.0,36.0,36.0,417,36.0,0.0
LIXT,2009-08-25,33.0,36.0,33.0,33.0,117,33.0,0.0
LIXT,2009-08-26,30.0,36.0,30.0,36.0,287,36.0,0.0
LIXT,2009-08-27,36.0,36.0,36.0,36.0,625,36.0,0.0
LIXT,2009-08-28,36.0,36.0,36.0,36.0,442,36.0,0.0
LIXT,2009-08-31,39.0,39.0,36.0,36.0,198,36.0,0.0
LIXT,2009-09-01,30.0,39.0,30.0,36.0,240,36.0,0.0
LIXT,2009-09-02,36.0,42.0,36.0,42.0,750,42.0,0.0
LIXT,2009-09-03,42.0,42.0,42.0,42.0,0,42.0,0.0
LIXT,2009-09-04,42.0,42.0,42.0,42.0,0,42.0,0.0
LIXT,2009-09-08,42.0,42.0,42.0,42.0,0,42.0,0.0
LIXT,2009-09-09,42.0,42.0,42.0,42.0,17,42.0,0.0
LIXT,2009-09-10,42.0,42.0,42.0,42.0,25,42.0,0.0
LIXT,2009-09-11,42.0,42.0,42.0,42.0,0,42.0,0.0
LIXT,2009-09-14,42.0,42.0,42.0,42.0,0,42.0,0.0
LIXT,2009-09-15,42.0,42.0,42.0,42.0,0,42.0,0.0
LIXT,2009-09-16,42.0,42.0,42.0,42.0,0,42.0,0.0
LIXT,2009-09-17,42.0,42.0,42.0,42.0,0,42.0,0.0
LIXT,2009-09-18,42.0,42.0,42.0,42.0,0,42.0,0.0
LIXT,2009-09-21,42.0,42.0,42.0,42.0,0,42.0,0.0
LIXT,2009-09-22,45.0,45.0,45.0,45.0,42,45.0,0.0
LIXT,2009-09-23,45.0,45.0,45.0,45.0,0,45.0,0.0
LIXT,2009-09-24,45.0,45.0,45.0,45.0,0,45.0,0.0
LIXT,2009-09-25,45.0,45.0,45.0,45.0,0,45.0,0.0
LIXT,2009-09-28,45.0,45.0,45.0,45.0,0,45.0,0.0
LIXT,2009-09-29,45.0,45.0,45.0,45.0,0,45.0,0.0
LIXT,2009-09-30,45.0,45.0,45.0,45.0,0,45.0,0.0
LIXT,2009-10-01,45.0,45.0,45.0,45.0,0,45.0,0.0
LIXT,2009-10-02,45.0,45.0,45.0,45.0,0,45.0,0.0
LIXT,2009-10-05,45.0,45.0,45.0,45.0,0,45.0,0.0
LIXT,2009-10-06,45.0,45.0,45.0,45.0,0,45.0,0.0
LIXT,2009-10-07,45.0,45.0,45.0,45.0,0,45.0,0.0
LIXT,2009-10-08,45.0,45.0,45.0,45.0,0,45.0,0.0
LIXT,2009-10-09,45.0,45.0,45.0,45.0,0,45.0,0.0
LIXT,2009-10-12,45.0,45.0,45.0,45.0,0,45.0,0.0
LIXT,2009-10-13,45.0,45.0,45.0,45.0,0,45.0,0.0
LIXT,2009-10-14,45.0,45.0,45.0,45.0,0,45.0,0.0
LIXT,2009-10-15,45.0,45.0,45.0,45.0,0,45.0,0.0
LIXT,2009-10-16,45.0,45.0,45.0,45.0,0,45.0,0.0
LIXT,2009-10-19,45.0,45.0,45.0,45.0,0,45.0,0.0
LIXT,2009-10-20,45.0,45.0,45.0,45.0,0,45.0,0.0
LIXT,2009-10-21,45.0,45.0,45.0,45.0,0,45.0,0.0
LIXT,2009-10-22,45.0,45.0,45.0,45.0,0,45.0,0.0
LIXT,2009-10-23,42.0,42.0,39.0,39.0,83,39.0,0.0
LIXT,2009-10-26,39.0,41.400001525878906,30.0,41.400001525878906,158,41.400001525878906,0.0
LIXT,2009-10-27,41.400001525878906,41.400001525878906,41.400001525878906,41.400001525878906,0,41.400001525878906,0.0
LIXT,2009-10-28,30.600000381469727,30.600000381469727,30.600000381469727,30.600000381469727,42,30.600000381469727,0.0
LIXT,2009-10-29,29.399999618530273,30.0,29.399999618530273,30.0,252,30.0,0.0
LIXT,2009-10-30,30.0,30.0,30.0,30.0,83,30.0,0.0
LIXT,2009-11-02,30.0,30.0,30.0,30.0,0,30.0,0.0
LIXT,2009-11-03,30.0,30.0,30.0,30.0,0,30.0,0.0
LIXT,2009-11-04,21.0,21.0,18.0,18.0,92,18.0,0.0
LIXT,2009-11-05,21.0,21.0,21.0,21.0,250,21.0,0.0
LIXT,2009-11-06,29.399999618530273,30.0,29.399999618530273,30.0,167,30.0,0.0
LIXT,2009-11-09,30.0,30.0,30.0,30.0,500,30.0,0.0
LIXT,2009-11-10,30.0,30.0,30.0,30.0,10,30.0,0.0
LIXT,2009-11-11,30.0,30.0,30.0,30.0,0,30.0,0.0
LIXT,2009-11-12,30.0,30.0,30.0,30.0,17,30.0,0.0
LIXT,2009-11-13,30.0,30.0,30.0,30.0,0,30.0,0.0
LIXT,2009-11-16,30.0,30.0,30.0,30.0,0,30.0,0.0
LIXT,2009-11-17,30.0,30.0,30.0,30.0,0,30.0,0.0
LIXT,2009-11-18,30.0,30.0,30.0,30.0,0,30.0,0.0
LIXT,2009-11-19,30.0,31.799999237060547,30.0,30.600000381469727,1000,30.600000381469727,0.0
LIXT,2009-11-20,30.600000381469727,30.600000381469727,30.600000381469727,30.600000381469727,0,30.600000381469727,0.0
LIXT,2009-11-23,30.600000381469727,30.600000381469727,30.600000381469727,30.600000381469727,0,30.600000381469727,0.0
LIXT,2009-11-24,30.600000381469727,30.600000381469727,30.600000381469727,30.600000381469727,0,30.600000381469727,0.0
LIXT,2009-11-25,30.600000381469727,30.600000381469727,30.600000381469727,30.600000381469727,0,30.600000381469727,0.0
LIXT,2009-11-27,30.600000381469727,30.600000381469727,30.600000381469727,30.600000381469727,0,30.600000381469727,0.0
LIXT,2009-11-30,30.600000381469727,30.600000381469727,30.600000381469727,30.600000381469727,0,30.600000381469727,0.0
LIXT,2009-12-01,30.600000381469727,30.600000381469727,30.600000381469727,30.600000381469727,0,30.600000381469727,0.0
LIXT,2009-12-02,30.0,30.0,30.0,30.0,63,30.0,0.0
LIXT,2009-12-03,30.0,30.0,30.0,30.0,0,30.0,0.0
LIXT,2009-12-04,30.0,30.0,30.0,30.0,0,30.0,0.0
LIXT,2009-12-07,30.0,30.0,30.0,30.0,0,30.0,0.0
LIXT,2009-12-08,30.0,30.0,30.0,30.0,0,30.0,0.0
LIXT,2009-12-09,30.0,30.0,30.0,30.0,0,30.0,0.0
LIXT,2009-12-10,30.0,30.0,30.0,30.0,0,30.0,0.0
LIXT,2009-12-11,30.0,30.0,30.0,30.0,0,30.0,0.0
LIXT,2009-12-14,30.0,30.0,30.0,30.0,0,30.0,0.0
LIXT,2009-12-15,30.0,30.0,30.0,30.0,0,30.0,0.0
LIXT,2009-12-16,30.0,30.0,30.0,30.0,0,30.0,0.0
LIXT,2009-12-17,30.0,30.0,30.0,30.0,0,30.0,0.0
LIXT,2009-12-18,30.0,30.0,30.0,30.0,0,30.0,0.0
LIXT,2009-12-21,30.0,30.0,30.0,30.0,0,30.0,0.0
LIXT,2009-12-22,30.0,30.0,30.0,30.0,0,30.0,0.0
LIXT,2009-12-23,30.0,30.0,30.0,30.0,0,30.0,0.0
LIXT,2009-12-24,29.399999618530273,29.399999618530273,29.399999618530273,29.399999618530273,100,29.399999618530273,0.0
LIXT,2009-12-28,29.399999618530273,29.399999618530273,29.399999618530273,29.399999618530273,0,29.399999618530273,0.0
LIXT,2009-12-29,29.399999618530273,29.399999618530273,29.399999618530273,29.399999618530273,0,29.399999618530273,0.0
LIXT,2009-12-30,29.399999618530273,29.399999618530273,29.399999618530273,29.399999618530273,0,29.399999618530273,0.0
LIXT,2009-12-31,29.399999618530273,29.399999618530273,29.399999618530273,29.399999618530273,0,29.399999618530273,0.0
LIXT,2010-01-04,29.399999618530273,29.399999618530273,29.399999618530273,29.399999618530273,0,29.399999618530273,0.0
LIXT,2010-01-05,29.399999618530273,29.399999618530273,29.399999618530273,29.399999618530273,0,29.399999618530273,0.0
LIXT,2010-01-06,29.399999618530273,29.399999618530273,29.399999618530273,29.399999618530273,0,29.399999618530273,0.0
LIXT,2010-01-07,29.399999618530273,29.399999618530273,29.399999618530273,29.399999618530273,0,29.399999618530273,0.0
LIXT,2010-01-08,29.399999618530273,29.399999618530273,29.399999618530273,29.399999618530273,0,29.399999618530273,0.0
LIXT,2010-01-11,29.399999618530273,29.399999618530273,29.399999618530273,29.399999618530273,0,29.399999618530273,0.0
LIXT,2010-01-12,29.399999618530273,29.399999618530273,29.399999618530273,29.399999618530273,0,29.399999618530273,0.0
LIXT,2010-01-13,29.399999618530273,29.399999618530273,29.399999618530273,29.399999618530273,0,29.399999618530273,0.0
LIXT,2010-01-14,29.399999618530273,29.399999618530273,29.399999618530273,29.399999618530273,0,29.399999618530273,0.0
LIXT,2010-01-15,29.399999618530273,29.399999618530273,29.399999618530273,29.399999618530273,0,29.399999618530273,0.0
LIXT,2010-01-19,29.399999618530273,29.399999618530273,29.399999618530273,29.399999618530273,0,29.399999618530273,0.0
LIXT,2010-01-20,29.399999618530273,29.399999618530273,29.399999618530273,29.399999618530273,0,29.399999618530273,0.0
LIXT,2010-01-21,29.399999618530273,29.399999618530273,29.399999618530273,29.399999618530273,0,29.399999618530273,0.0
LIXT,2010-01-22,29.399999618530273,29.399999618530273,29.399999618530273,29.399999618530273,0,29.399999618530273,0.0
LIXT,2010-01-25,29.399999618530273,30.0,29.399999618530273,30.0,167,30.0,0.0
LIXT,2010-01-26,30.0,30.0,30.0,30.0,0,30.0,0.0
LIXT,2010-01-27,30.0,30.0,30.0,30.0,0,30.0,0.0
LIXT,2010-01-28,30.0,30.0,30.0,30.0,0,30.0,0.0
LIXT,2010-01-29,30.0,30.0,30.0,30.0,0,30.0,0.0
LIXT,2010-02-01,30.0,30.0,30.0,30.0,0,30.0,0.0
LIXT,2010-02-02,30.0,30.0,30.0,30.0,0,30.0,0.0
LIXT,2010-02-03,30.0,30.0,30.0,30.0,0,30.0,0.0
LIXT,2010-02-04,30.0,30.0,30.0,30.0,0,30.0,0.0
LIXT,2010-02-05,30.0,30.0,30.0,30.0,0,30.0,0.0
LIXT,2010-02-08,30.0,30.0,30.0,30.0,0,30.0,0.0
LIXT,2010-02-09,30.0,30.0,30.0,30.0,0,30.0,0.0
LIXT,2010-02-10,30.0,30.0,30.0,30.0,0,30.0,0.0
LIXT,2010-02-11,30.0,30.0,30.0,30.0,0,30.0,0.0
LIXT,2010-02-12,30.0,30.0,30.0,30.0,0,30.0,0.0
LIXT,2010-02-16,30.0,30.0,30.0,30.0,0,30.0,0.0
LIXT,2010-02-17,30.0,30.0,30.0,30.0,0,30.0,0.0
LIXT,2010-02-18,30.0,30.0,30.0,30.0,0,30.0,0.0
LIXT,2010-02-19,30.0,30.0,30.0,30.0,0,30.0,0.0
LIXT,2010-02-22,30.0,30.0,30.0,30.0,0,30.0,0.0
LIXT,2010-02-23,30.0,30.0,30.0,30.0,0,30.0,0.0
LIXT,2010-02-24,30.0,30.0,30.0,30.0,0,30.0,0.0
LIXT,2010-02-25,30.0,30.0,30.0,30.0,0,30.0,0.0
LIXT,2010-02-26,30.0,30.0,30.0,30.0,0,30.0,0.0
LIXT,2010-03-01,30.0,30.0,30.0,30.0,0,30.0,0.0
LIXT,2010-03-02,30.0,30.0,30.0,30.0,0,30.0,0.0
LIXT,2010-03-03,30.0,30.0,30.0,30.0,0,30.0,0.0
LIXT,2010-03-04,30.0,30.0,30.0,30.0,0,30.0,0.0
LIXT,2010-03-05,30.0,30.0,30.0,30.0,0,30.0,0.0
LIXT,2010-03-08,30.0,30.0,30.0,30.0,0,30.0,0.0
LIXT,2010-03-09,30.0,30.0,30.0,30.0,0,30.0,0.0
LIXT,2010-03-10,30.0,30.0,30.0,30.0,0,30.0,0.0
LIXT,2010-03-11,30.0,30.0,30.0,30.0,0,30.0,0.0
LIXT,2010-03-12,30.0,30.0,30.0,30.0,0,30.0,0.0
LIXT,2010-03-15,30.0,30.0,30.0,30.0,0,30.0,0.0
LIXT,2010-03-16,30.0,30.0,30.0,30.0,0,30.0,0.0
LIXT,2010-03-17,30.0,30.0,30.0,30.0,0,30.0,0.0
LIXT,2010-03-18,30.0,30.0,30.0,30.0,0,30.0,0.0
LIXT,2010-03-19,30.0,30.0,30.0,30.0,0,30.0,0.0
LIXT,2010-03-22,30.0,30.0,30.0,30.0,0,30.0,0.0
LIXT,2010-03-23,30.0,30.0,30.0,30.0,0,30.0,0.0
LIXT,2010-03-24,30.0,30.0,30.0,30.0,0,30.0,0.0
LIXT,2010-03-25,30.0,30.0,30.0,30.0,0,30.0,0.0
LIXT,2010-03-26,30.0,30.0,30.0,30.0,0,30.0,0.0
LIXT,2010-03-29,30.0,30.0,30.0,30.0,0,30.0,0.0
LIXT,2010-03-30,30.0,30.0,30.0,30.0,0,30.0,0.0
LIXT,2010-03-31,30.0,30.0,30.0,30.0,0,30.0,0.0
LIXT,2010-04-01,30.0,30.0,30.0,30.0,0,30.0,0.0
LIXT,2010-04-05,30.0,30.0,30.0,30.0,0,30.0,0.0
LIXT,2010-04-06,30.0,30.0,30.0,30.0,0,30.0,0.0
LIXT,2010-04-07,30.0,30.0,30.0,30.0,0,30.0,0.0
LIXT,2010-04-08,21.0,21.0,21.0,21.0,83,21.0,0.0
LIXT,2010-04-09,21.0,21.0,21.0,21.0,0,21.0,0.0
LIXT,2010-04-12,21.0,21.0,21.0,21.0,0,21.0,0.0
LIXT,2010-04-13,21.0,21.0,21.0,21.0,0,21.0,0.0
LIXT,2010-04-14,21.0,21.0,21.0,21.0,0,21.0,0.0
LIXT,2010-04-15,21.0,21.0,21.0,21.0,0,21.0,0.0
LIXT,2010-04-16,21.0,21.0,21.0,21.0,0,21.0,0.0
LIXT,2010-04-19,21.0,21.0,21.0,21.0,0,21.0,0.0
LIXT,2010-04-20,21.0,21.0,21.0,21.0,0,21.0,0.0
LIXT,2010-04-21,21.0,21.0,21.0,21.0,0,21.0,0.0
LIXT,2010-04-22,21.0,21.0,21.0,21.0,0,21.0,0.0
LIXT,2010-04-23,21.0,21.0,21.0,21.0,0,21.0,0.0
LIXT,2010-04-26,21.0,21.0,21.0,21.0,0,21.0,0.0
LIXT,2010-04-27,21.0,21.0,21.0,21.0,0,21.0,0.0
LIXT,2010-04-28,21.0,21.0,21.0,21.0,0,21.0,0.0
LIXT,2010-04-29,21.0,21.0,21.0,21.0,0,21.0,0.0
LIXT,2010-04-30,21.0,21.0,21.0,21.0,0,21.0,0.0
LIXT,2010-05-03,21.0,21.0,21.0,21.0,0,21.0,0.0
LIXT,2010-05-04,21.0,21.0,21.0,21.0,0,21.0,0.0
LIXT,2010-05-05,21.0,21.0,21.0,21.0,0,21.0,0.0
LIXT,2010-05-06,21.0,21.0,21.0,21.0,0,21.0,0.0
LIXT,2010-05-07,21.0,21.0,21.0,21.0,0,21.0,0.0
LIXT,2010-05-10,21.0,21.0,21.0,21.0,0,21.0,0.0
LIXT,2010-05-11,21.0,21.0,21.0,21.0,0,21.0,0.0
LIXT,2010-05-12,21.0,21.0,21.0,21.0,0,21.0,0.0
LIXT,2010-05-13,21.0,21.0,21.0,21.0,0,21.0,0.0
LIXT,2010-05-14,21.0,21.0,21.0,21.0,0,21.0,0.0
LIXT,2010-05-17,21.0,21.0,21.0,21.0,0,21.0,0.0
LIXT,2010-05-18,21.0,21.0,21.0,21.0,0,21.0,0.0
LIXT,2010-05-19,30.0,30.0,30.0,30.0,17,30.0,0.0
LIXT,2010-05-20,30.0,30.0,30.0,30.0,83,30.0,0.0
LIXT,2010-05-21,30.0,30.0,30.0,30.0,0,30.0,0.0
LIXT,2010-05-24,30.0,30.0,30.0,30.0,0,30.0,0.0
LIXT,2010-05-25,30.0,30.0,30.0,30.0,0,30.0,0.0
LIXT,2010-05-26,30.0,30.0,30.0,30.0,0,30.0,0.0
LIXT,2010-05-27,30.0,30.0,30.0,30.0,0,30.0,0.0
LIXT,2010-05-28,30.0,30.0,30.0,30.0,0,30.0,0.0
LIXT,2010-06-01,30.0,30.0,30.0,30.0,0,30.0,0.0
LIXT,2010-06-02,30.0,30.0,30.0,30.0,0,30.0,0.0
LIXT,2010-06-03,30.0,30.0,30.0,30.0,0,30.0,0.0
LIXT,2010-06-04,30.0,30.0,30.0,30.0,0,30.0,0.0
LIXT,2010-06-07,30.0,30.0,30.0,30.0,0,30.0,0.0
LIXT,2010-06-08,30.0,30.0,30.0,30.0,0,30.0,0.0
LIXT,2010-06-09,30.0,30.0,30.0,30.0,0,30.0,0.0
LIXT,2010-06-10,30.0,30.0,30.0,30.0,0,30.0,0.0
LIXT,2010-06-11,30.0,30.0,30.0,30.0,0,30.0,0.0
LIXT,2010-06-14,30.0,30.0,30.0,30.0,0,30.0,0.0
LIXT,2010-06-15,30.0,30.0,30.0,30.0,0,30.0,0.0
LIXT,2010-06-16,30.0,30.0,30.0,30.0,0,30.0,0.0
LIXT,2010-06-17,30.0,30.0,30.0,30.0,0,30.0,0.0
LIXT,2010-06-18,30.0,30.0,30.0,30.0,0,30.0,0.0
LIXT,2010-06-21,30.0,30.0,30.0,30.0,0,30.0,0.0
LIXT,2010-06-22,30.0,30.0,30.0,30.0,0,30.0,0.0
LIXT,2010-06-23,30.0,30.0,30.0,30.0,0,30.0,0.0
LIXT,2010-06-24,30.0,30.0,30.0,30.0,0,30.0,0.0
LIXT,2010-06-25,30.0,30.0,30.0,30.0,0,30.0,0.0
LIXT,2010-06-28,30.0,30.0,30.0,30.0,0,30.0,0.0
LIXT,2010-06-29,21.0,21.0,21.0,21.0,17,21.0,0.0
LIXT,2010-06-30,21.0,21.0,21.0,21.0,0,21.0,0.0
LIXT,2010-07-01,21.0,21.0,21.0,21.0,0,21.0,0.0
LIXT,2010-07-02,21.0,21.0,21.0,21.0,0,21.0,0.0
LIXT,2010-07-06,21.0,21.0,21.0,21.0,0,21.0,0.0
LIXT,2010-07-07,21.0,21.0,21.0,21.0,0,21.0,0.0
LIXT,2010-07-08,21.0,21.0,21.0,21.0,0,21.0,0.0
LIXT,2010-07-09,21.0,21.0,21.0,21.0,0,21.0,0.0
LIXT,2010-07-12,21.0,21.0,21.0,21.0,0,21.0,0.0
LIXT,2010-07-13,21.0,21.0,21.0,21.0,0,21.0,0.0
LIXT,2010-07-14,21.0,21.0,21.0,21.0,0,21.0,0.0
LIXT,2010-07-15,21.0,21.0,21.0,21.0,42,21.0,0.0
LIXT,2010-07-16,21.0,21.0,21.0,21.0,0,21.0,0.0
LIXT,2010-07-19,21.0,21.0,21.0,21.0,0,21.0,0.0
LIXT,2010-07-20,21.0,21.0,21.0,21.0,0,21.0,0.0
LIXT,2010-07-21,21.0,21.0,21.0,21.0,0,21.0,0.0
LIXT,2010-07-22,21.0,21.0,21.0,21.0,0,21.0,0.0
LIXT,2010-07-23,21.0,21.0,21.0,21.0,0,21.0,0.0
LIXT,2010-07-26,21.0,21.0,21.0,21.0,0,21.0,0.0
LIXT,2010-07-27,21.0,21.0,12.0,12.0,2797,12.0,0.0
LIXT,2010-07-28,12.0,12.0,12.0,12.0,0,12.0,0.0
LIXT,2010-07-29,12.0,12.0,12.0,12.0,0,12.0,0.0
LIXT,2010-07-30,12.0,12.0,12.0,12.0,0,12.0,0.0
LIXT,2010-08-02,12.0,12.0,12.0,12.0,0,12.0,0.0
LIXT,2010-08-03,12.0,12.0,12.0,12.0,63,12.0,0.0
LIXT,2010-08-04,12.0,12.0,12.0,12.0,0,12.0,0.0
LIXT,2010-08-05,12.0,12.0,12.0,12.0,0,12.0,0.0
LIXT,2010-08-06,12.0,12.0,12.0,12.0,0,12.0,0.0
LIXT,2010-08-09,12.0,12.0,12.0,12.0,0,12.0,0.0
LIXT,2010-08-10,12.0,12.0,12.0,12.0,0,12.0,0.0
LIXT,2010-08-11,12.0,12.0,11.399999618530273,11.399999618530273,4083,11.399999618530273,0.0
LIXT,2010-08-12,11.399999618530273,11.399999618530273,11.399999618530273,11.399999618530273,0,11.399999618530273,0.0
LIXT,2010-08-13,11.399999618530273,11.399999618530273,11.399999618530273,11.399999618530273,0,11.399999618530273,0.0
LIXT,2010-08-16,12.0,12.0,11.399999618530273,12.0,1140,12.0,0.0
LIXT,2010-08-17,12.0,12.0,12.0,12.0,0,12.0,0.0
LIXT,2010-08-18,12.0,12.0,12.0,12.0,0,12.0,0.0
LIXT,2010-08-19,12.0,12.0,3.5999999046325684,3.5999999046325684,165,3.5999999046325684,0.0
LIXT,2010-08-20,36.0,36.0,36.0,36.0,133,36.0,0.0
LIXT,2010-08-23,35.400001525878906,35.400001525878906,35.400001525878906,35.400001525878906,33,35.400001525878906,0.0
LIXT,2010-08-24,35.400001525878906,35.400001525878906,35.400001525878906,35.400001525878906,250,35.400001525878906,0.0
LIXT,2010-08-25,35.400001525878906,35.400001525878906,35.400001525878906,35.400001525878906,0,35.400001525878906,0.0
LIXT,2010-08-26,35.400001525878906,35.400001525878906,35.400001525878906,35.400001525878906,0,35.400001525878906,0.0
LIXT,2010-08-27,36.0,36.0,36.0,36.0,232,36.0,0.0
LIXT,2010-08-30,36.0,36.0,36.0,36.0,0,36.0,0.0
LIXT,2010-08-31,36.0,36.0,36.0,36.0,0,36.0,0.0
LIXT,2010-09-01,36.0,36.0,36.0,36.0,0,36.0,0.0
LIXT,2010-09-02,39.0,39.0,39.0,39.0,18,39.0,0.0
LIXT,2010-09-03,39.0,39.0,39.0,39.0,0,39.0,0.0
LIXT,2010-09-07,39.0,39.0,39.0,39.0,0,39.0,0.0
LIXT,2010-09-08,39.0,39.0,39.0,39.0,20,39.0,0.0
LIXT,2010-09-09,39.0,39.0,39.0,39.0,0,39.0,0.0
LIXT,2010-09-10,39.0,39.0,39.0,39.0,0,39.0,0.0
LIXT,2010-09-13,39.0,39.0,39.0,39.0,0,39.0,0.0
LIXT,2010-09-14,39.0,39.0,39.0,39.0,0,39.0,0.0
LIXT,2010-09-15,39.0,39.0,39.0,39.0,0,39.0,0.0
LIXT,2010-09-16,39.0,39.0,39.0,39.0,0,39.0,0.0
LIXT,2010-09-17,39.0,39.0,39.0,39.0,0,39.0,0.0
LIXT,2010-09-20,39.0,39.0,37.79999923706055,37.79999923706055,552,37.79999923706055,0.0
LIXT,2010-09-21,37.79999923706055,37.79999923706055,37.79999923706055,37.79999923706055,0,37.79999923706055,0.0
LIXT,2010-09-22,37.79999923706055,37.79999923706055,37.79999923706055,37.79999923706055,0,37.79999923706055,0.0
LIXT,2010-09-23,37.79999923706055,37.79999923706055,37.79999923706055,37.79999923706055,0,37.79999923706055,0.0
LIXT,2010-09-24,37.79999923706055,37.79999923706055,37.79999923706055,37.79999923706055,0,37.79999923706055,0.0
LIXT,2010-09-27,37.79999923706055,37.79999923706055,37.79999923706055,37.79999923706055,0,37.79999923706055,0.0
LIXT,2010-09-28,37.79999923706055,37.79999923706055,37.79999923706055,37.79999923706055,0,37.79999923706055,0.0
LIXT,2010-09-29,37.79999923706055,37.79999923706055,37.79999923706055,37.79999923706055,0,37.79999923706055,0.0
LIXT,2010-09-30,37.79999923706055,37.79999923706055,37.79999923706055,37.79999923706055,0,37.79999923706055,0.0
LIXT,2010-10-01,37.79999923706055,37.79999923706055,37.79999923706055,37.79999923706055,0,37.79999923706055,0.0
LIXT,2010-10-04,39.0,39.0,21.0,21.0,103,21.0,0.0
LIXT,2010-10-05,21.0,21.0,21.0,21.0,0,21.0,0.0
LIXT,2010-10-06,21.0,21.0,21.0,21.0,0,21.0,0.0
LIXT,2010-10-07,21.0,21.0,21.0,21.0,0,21.0,0.0
LIXT,2010-10-08,21.0,21.0,21.0,21.0,0,21.0,0.0
LIXT,2010-10-11,21.0,21.0,21.0,21.0,0,21.0,0.0
LIXT,2010-10-12,21.0,21.0,21.0,21.0,0,21.0,0.0
LIXT,2010-10-13,21.0,21.0,21.0,21.0,0,21.0,0.0
LIXT,2010-10-14,21.0,21.0,21.0,21.0,0,21.0,0.0
LIXT,2010-10-15,21.0,21.0,21.0,21.0,0,21.0,0.0
LIXT,2010-10-18,21.0,21.0,21.0,21.0,0,21.0,0.0
LIXT,2010-10-19,21.0,21.0,21.0,21.0,90,21.0,0.0
LIXT,2010-10-20,21.0,21.0,21.0,21.0,0,21.0,0.0
LIXT,2010-10-21,21.0,21.0,21.0,21.0,0,21.0,0.0
LIXT,2010-10-22,21.0,21.0,21.0,21.0,0,21.0,0.0
LIXT,2010-10-25,21.0,21.0,21.0,21.0,0,21.0,0.0
LIXT,2010-10-26,21.0,21.0,21.0,21.0,0,21.0,0.0
LIXT,2010-10-27,21.0,21.0,21.0,21.0,0,21.0,0.0
LIXT,2010-10-28,21.0,21.0,21.0,21.0,0,21.0,0.0
LIXT,2010-10-29,21.0,21.0,21.0,21.0,0,21.0,0.0
LIXT,2010-11-01,21.0,21.0,21.0,21.0,0,21.0,0.0
LIXT,2010-11-02,21.0,21.0,21.0,21.0,0,21.0,0.0
LIXT,2010-11-03,21.0,21.0,21.0,21.0,0,21.0,0.0
LIXT,2010-11-04,21.0,21.0,21.0,21.0,0,21.0,0.0
LIXT,2010-11-05,21.0,21.0,21.0,21.0,0,21.0,0.0
LIXT,2010-11-08,21.0,21.0,21.0,21.0,0,21.0,0.0
LIXT,2010-11-09,21.0,21.0,21.0,21.0,0,21.0,0.0
LIXT,2010-11-10,21.0,21.0,21.0,21.0,0,21.0,0.0
LIXT,2010-11-11,21.0,21.0,21.0,21.0,0,21.0,0.0
LIXT,2010-11-12,21.0,21.0,21.0,21.0,0,21.0,0.0
LIXT,2010-11-15,21.0,21.0,21.0,21.0,0,21.0,0.0
LIXT,2010-11-16,21.0,21.0,21.0,21.0,0,21.0,0.0
LIXT,2010-11-17,21.0,21.0,21.0,21.0,0,21.0,0.0
LIXT,2010-11-18,21.0,21.0,21.0,21.0,0,21.0,0.0
LIXT,2010-11-19,21.0,21.0,21.0,21.0,0,21.0,0.0
LIXT,2010-11-22,21.0,21.0,21.0,21.0,0,21.0,0.0
LIXT,2010-11-23,21.0,21.0,21.0,21.0,0,21.0,0.0
LIXT,2010-11-24,21.0,21.0,21.0,21.0,0,21.0,0.0
LIXT,2010-11-26,21.0,21.0,21.0,21.0,0,21.0,0.0
LIXT,2010-11-29,21.0,21.0,21.0,21.0,0,21.0,0.0
LIXT,2010-11-30,21.0,21.0,21.0,21.0,0,21.0,0.0
LIXT,2010-12-01,21.0,21.0,21.0,21.0,0,21.0,0.0
LIXT,2010-12-02,21.0,21.0,21.0,21.0,0,21.0,0.0
LIXT,2010-12-03,21.0,21.0,21.0,21.0,0,21.0,0.0
LIXT,2010-12-06,21.0,21.0,21.0,21.0,0,21.0,0.0
LIXT,2010-12-07,21.0,21.0,21.0,21.0,0,21.0,0.0
LIXT,2010-12-08,21.0,21.0,21.0,21.0,0,21.0,0.0
LIXT,2010-12-09,21.0,21.0,21.0,21.0,0,21.0,0.0
LIXT,2010-12-10,21.0,21.0,21.0,21.0,0,21.0,0.0
LIXT,2010-12-13,21.0,21.0,21.0,21.0,0,21.0,0.0
LIXT,2010-12-14,21.0,21.0,21.0,21.0,0,21.0,0.0
LIXT,2010-12-15,21.0,21.0,21.0,21.0,0,21.0,0.0
LIXT,2010-12-16,21.0,21.0,21.0,21.0,0,21.0,0.0
LIXT,2010-12-17,21.0,21.0,21.0,21.0,0,21.0,0.0
LIXT,2010-12-20,21.0,21.0,21.0,21.0,0,21.0,0.0
LIXT,2010-12-21,21.0,21.0,21.0,21.0,0,21.0,0.0
LIXT,2010-12-22,21.0,21.0,21.0,21.0,0,21.0,0.0
LIXT,2010-12-23,21.0,21.0,21.0,21.0,0,21.0,0.0
LIXT,2010-12-27,21.0,21.0,21.0,21.0,0,21.0,0.0
LIXT,2010-12-28,21.0,21.0,21.0,21.0,0,21.0,0.0
LIXT,2010-12-29,21.0,21.0,21.0,21.0,0,21.0,0.0
LIXT,2010-12-30,21.0,21.0,21.0,21.0,50,21.0,0.0
LIXT,2010-12-31,21.0,21.0,21.0,21.0,0,21.0,0.0
LIXT,2011-01-03,21.0,21.0,21.0,21.0,0,21.0,0.0
LIXT,2011-01-04,21.0,21.0,21.0,21.0,0,21.0,0.0
LIXT,2011-01-05,21.0,21.0,21.0,21.0,0,21.0,0.0
LIXT,2011-01-06,21.0,21.0,21.0,21.0,0,21.0,0.0
LIXT,2011-01-07,21.0,21.0,21.0,21.0,0,21.0,0.0
LIXT,2011-01-10,21.0,21.0,21.0,21.0,0,21.0,0.0
LIXT,2011-01-11,21.0,21.0,21.0,21.0,0,21.0,0.0
LIXT,2011-01-12,21.0,21.0,21.0,21.0,0,21.0,0.0
LIXT,2011-01-13,21.0,21.0,21.0,21.0,0,21.0,0.0
LIXT,2011-01-14,21.0,21.0,21.0,21.0,0,21.0,0.0
LIXT,2011-01-18,21.0,21.0,21.0,21.0,0,21.0,0.0
LIXT,2011-01-19,21.0,21.0,21.0,21.0,0,21.0,0.0
LIXT,2011-01-20,21.0,21.0,21.0,21.0,0,21.0,0.0
LIXT,2011-01-21,21.0,21.0,21.0,21.0,0,21.0,0.0
LIXT,2011-01-24,21.0,21.0,21.0,21.0,0,21.0,0.0
LIXT,2011-01-25,21.0,21.0,21.0,21.0,0,21.0,0.0
LIXT,2011-01-26,21.0,21.0,21.0,21.0,0,21.0,0.0
LIXT,2011-01-27,21.0,21.0,21.0,21.0,0,21.0,0.0
LIXT,2011-01-28,21.0,21.0,21.0,21.0,0,21.0,0.0
LIXT,2011-01-31,21.0,21.0,21.0,21.0,0,21.0,0.0
LIXT,2011-02-01,21.0,21.0,21.0,21.0,0,21.0,0.0
LIXT,2011-02-02,21.0,21.0,21.0,21.0,0,21.0,0.0
LIXT,2011-02-03,21.0,21.0,21.0,21.0,0,21.0,0.0
LIXT,2011-02-04,21.0,21.0,21.0,21.0,0,21.0,0.0
LIXT,2011-02-07,21.0,21.0,21.0,21.0,0,21.0,0.0
LIXT,2011-02-08,21.0,21.0,21.0,21.0,0,21.0,0.0
LIXT,2011-02-09,21.0,21.0,21.0,21.0,0,21.0,0.0
LIXT,2011-02-10,21.0,21.0,21.0,21.0,0,21.0,0.0
LIXT,2011-02-11,21.0,21.0,21.0,21.0,0,21.0,0.0
LIXT,2011-02-14,45.0,45.0,45.0,45.0,125,45.0,0.0
LIXT,2011-02-15,45.0,45.0,45.0,45.0,208,45.0,0.0
LIXT,2011-02-16,42.0,42.0,42.0,42.0,5,42.0,0.0
LIXT,2011-02-17,42.0,42.0,42.0,42.0,0,42.0,0.0
LIXT,2011-02-18,42.0,42.0,36.0,36.0,460,36.0,0.0
LIXT,2011-02-22,36.0,36.0,36.0,36.0,0,36.0,0.0
LIXT,2011-02-23,45.0,45.0,45.0,45.0,517,45.0,0.0
LIXT,2011-02-24,45.0,45.0,45.0,45.0,0,45.0,0.0
LIXT,2011-02-25,45.0,45.0,45.0,45.0,0,45.0,0.0
LIXT,2011-02-28,45.0,45.0,45.0,45.0,0,45.0,0.0
LIXT,2011-03-01,45.0,45.0,45.0,45.0,0,45.0,0.0
LIXT,2011-03-02,45.0,45.0,45.0,45.0,0,45.0,0.0
LIXT,2011-03-03,45.0,45.0,45.0,45.0,0,45.0,0.0
LIXT,2011-03-04,45.0,45.0,45.0,45.0,0,45.0,0.0
LIXT,2011-03-07,45.0,45.0,45.0,45.0,0,45.0,0.0
LIXT,2011-03-08,45.0,45.0,45.0,45.0,0,45.0,0.0
LIXT,2011-03-09,45.0,45.0,45.0,45.0,0,45.0,0.0
LIXT,2011-03-10,45.0,45.0,45.0,45.0,13,45.0,0.0
LIXT,2011-03-11,45.0,45.0,45.0,45.0,0,45.0,0.0
LIXT,2011-03-14,45.0,45.0,45.0,45.0,0,45.0,0.0
LIXT,2011-03-15,45.0,45.0,36.0,36.0,157,36.0,0.0
LIXT,2011-03-16,36.0,36.0,36.0,36.0,0,36.0,0.0
LIXT,2011-03-17,52.79999923706055,52.79999923706055,52.79999923706055,52.79999923706055,42,52.79999923706055,0.0
LIXT,2011-03-18,52.79999923706055,52.79999923706055,52.79999923706055,52.79999923706055,0,52.79999923706055,0.0
LIXT,2011-03-21,52.79999923706055,52.79999923706055,52.79999923706055,52.79999923706055,0,52.79999923706055,0.0
LIXT,2011-03-22,52.79999923706055,52.79999923706055,52.79999923706055,52.79999923706055,0,52.79999923706055,0.0
LIXT,2011-03-23,52.79999923706055,52.79999923706055,52.79999923706055,52.79999923706055,0,52.79999923706055,0.0
LIXT,2011-03-24,52.79999923706055,52.79999923706055,52.79999923706055,52.79999923706055,0,52.79999923706055,0.0
LIXT,2011-03-25,52.79999923706055,52.79999923706055,52.79999923706055,52.79999923706055,542,52.79999923706055,0.0
LIXT,2011-03-28,52.79999923706055,52.79999923706055,52.79999923706055,52.79999923706055,0,52.79999923706055,0.0
LIXT,2011-03-29,52.79999923706055,52.79999923706055,52.79999923706055,52.79999923706055,0,52.79999923706055,0.0
LIXT,2011-03-30,52.79999923706055,52.79999923706055,52.79999923706055,52.79999923706055,0,52.79999923706055,0.0
LIXT,2011-03-31,52.79999923706055,52.79999923706055,52.79999923706055,52.79999923706055,0,52.79999923706055,0.0
LIXT,2011-04-01,52.79999923706055,52.79999923706055,52.79999923706055,52.79999923706055,0,52.79999923706055,0.0
LIXT,2011-04-04,58.79999923706055,58.79999923706055,58.79999923706055,58.79999923706055,333,58.79999923706055,0.0
LIXT,2011-04-05,58.79999923706055,58.79999923706055,58.79999923706055,58.79999923706055,0,58.79999923706055,0.0
LIXT,2011-04-06,58.79999923706055,58.79999923706055,58.79999923706055,58.79999923706055,0,58.79999923706055,0.0
LIXT,2011-04-07,58.79999923706055,58.79999923706055,58.79999923706055,58.79999923706055,0,58.79999923706055,0.0
LIXT,2011-04-08,58.79999923706055,58.79999923706055,58.79999923706055,58.79999923706055,0,58.79999923706055,0.0
LIXT,2011-04-11,58.79999923706055,58.79999923706055,58.79999923706055,58.79999923706055,0,58.79999923706055,0.0
LIXT,2011-04-12,58.79999923706055,58.79999923706055,54.0,58.79999923706055,223,58.79999923706055,0.0
LIXT,2011-04-13,58.79999923706055,58.79999923706055,58.79999923706055,58.79999923706055,0,58.79999923706055,0.0
LIXT,2011-04-14,58.79999923706055,58.79999923706055,58.79999923706055,58.79999923706055,0,58.79999923706055,0.0
LIXT,2011-04-15,58.79999923706055,58.79999923706055,58.79999923706055,58.79999923706055,0,58.79999923706055,0.0
LIXT,2011-04-18,58.79999923706055,58.79999923706055,58.79999923706055,58.79999923706055,0,58.79999923706055,0.0
LIXT,2011-04-19,58.79999923706055,58.79999923706055,58.79999923706055,58.79999923706055,0,58.79999923706055,0.0
LIXT,2011-04-20,58.79999923706055,58.79999923706055,58.79999923706055,58.79999923706055,0,58.79999923706055,0.0
LIXT,2011-04-21,58.79999923706055,58.79999923706055,58.79999923706055,58.79999923706055,0,58.79999923706055,0.0
LIXT,2011-04-25,58.79999923706055,58.79999923706055,58.79999923706055,58.79999923706055,0,58.79999923706055,0.0
LIXT,2011-04-26,58.79999923706055,58.79999923706055,58.79999923706055,58.79999923706055,0,58.79999923706055,0.0
LIXT,2011-04-27,58.79999923706055,58.79999923706055,58.79999923706055,58.79999923706055,0,58.79999923706055,0.0
LIXT,2011-04-28,58.79999923706055,58.79999923706055,58.79999923706055,58.79999923706055,0,58.79999923706055,0.0
LIXT,2011-04-29,58.79999923706055,58.79999923706055,58.79999923706055,58.79999923706055,0,58.79999923706055,0.0
LIXT,2011-05-02,58.79999923706055,58.79999923706055,58.79999923706055,58.79999923706055,0,58.79999923706055,0.0
LIXT,2011-05-03,58.79999923706055,58.79999923706055,58.79999923706055,58.79999923706055,0,58.79999923706055,0.0
LIXT,2011-05-04,58.79999923706055,58.79999923706055,58.79999923706055,58.79999923706055,0,58.79999923706055,0.0
LIXT,2011-05-05,58.79999923706055,58.79999923706055,58.79999923706055,58.79999923706055,0,58.79999923706055,0.0
LIXT,2011-05-06,58.79999923706055,58.79999923706055,58.79999923706055,58.79999923706055,0,58.79999923706055,0.0
LIXT,2011-05-09,58.79999923706055,58.79999923706055,58.79999923706055,58.79999923706055,0,58.79999923706055,0.0
LIXT,2011-05-10,58.79999923706055,58.79999923706055,58.79999923706055,58.79999923706055,0,58.79999923706055,0.0
LIXT,2011-05-11,58.79999923706055,58.79999923706055,58.79999923706055,58.79999923706055,0,58.79999923706055,0.0
LIXT,2011-05-12,58.79999923706055,58.79999923706055,58.79999923706055,58.79999923706055,0,58.79999923706055,0.0
LIXT,2011-05-13,58.79999923706055,58.79999923706055,58.79999923706055,58.79999923706055,0,58.79999923706055,0.0
LIXT,2011-05-16,58.79999923706055,58.79999923706055,58.79999923706055,58.79999923706055,0,58.79999923706055,0.0
LIXT,2011-05-17,58.79999923706055,58.79999923706055,58.79999923706055,58.79999923706055,0,58.79999923706055,0.0
LIXT,2011-05-18,58.79999923706055,58.79999923706055,58.79999923706055,58.79999923706055,0,58.79999923706055,0.0
LIXT,2011-05-19,58.79999923706055,58.79999923706055,58.79999923706055,58.79999923706055,0,58.79999923706055,0.0
LIXT,2011-05-20,58.79999923706055,58.79999923706055,58.79999923706055,58.79999923706055,0,58.79999923706055,0.0
LIXT,2011-05-23,58.79999923706055,58.79999923706055,58.79999923706055,58.79999923706055,0,58.79999923706055,0.0
LIXT,2011-05-24,58.79999923706055,58.79999923706055,58.79999923706055,58.79999923706055,0,58.79999923706055,0.0
LIXT,2011-05-25,58.79999923706055,58.79999923706055,58.79999923706055,58.79999923706055,0,58.79999923706055,0.0
LIXT,2011-05-26,58.79999923706055,58.79999923706055,58.79999923706055,58.79999923706055,0,58.79999923706055,0.0
LIXT,2011-05-27,58.79999923706055,58.79999923706055,58.79999923706055,58.79999923706055,0,58.79999923706055,0.0
LIXT,2011-05-31,58.79999923706055,58.79999923706055,58.79999923706055,58.79999923706055,0,58.79999923706055,0.0
LIXT,2011-06-01,58.79999923706055,58.79999923706055,58.79999923706055,58.79999923706055,0,58.79999923706055,0.0
LIXT,2011-06-02,58.79999923706055,58.79999923706055,58.79999923706055,58.79999923706055,0,58.79999923706055,0.0
LIXT,2011-06-03,58.79999923706055,58.79999923706055,58.79999923706055,58.79999923706055,0,58.79999923706055,0.0
LIXT,2011-06-06,58.79999923706055,58.79999923706055,58.79999923706055,58.79999923706055,0,58.79999923706055,0.0
LIXT,2011-06-07,58.79999923706055,58.79999923706055,58.79999923706055,58.79999923706055,0,58.79999923706055,0.0
LIXT,2011-06-08,58.79999923706055,58.79999923706055,58.79999923706055,58.79999923706055,0,58.79999923706055,0.0
LIXT,2011-06-09,58.79999923706055,58.79999923706055,58.79999923706055,58.79999923706055,0,58.79999923706055,0.0
LIXT,2011-06-10,58.79999923706055,58.79999923706055,58.79999923706055,58.79999923706055,0,58.79999923706055,0.0
LIXT,2011-06-13,58.79999923706055,58.79999923706055,58.79999923706055,58.79999923706055,0,58.79999923706055,0.0
LIXT,2011-06-14,58.79999923706055,58.79999923706055,58.79999923706055,58.79999923706055,0,58.79999923706055,0.0
LIXT,2011-06-15,58.79999923706055,58.79999923706055,58.79999923706055,58.79999923706055,0,58.79999923706055,0.0
LIXT,2011-06-16,58.79999923706055,58.79999923706055,58.79999923706055,58.79999923706055,0,58.79999923706055,0.0
LIXT,2011-06-17,58.79999923706055,58.79999923706055,58.79999923706055,58.79999923706055,0,58.79999923706055,0.0
LIXT,2011-06-20,58.79999923706055,58.79999923706055,58.79999923706055,58.79999923706055,0,58.79999923706055,0.0
LIXT,2011-06-21,58.79999923706055,58.79999923706055,58.79999923706055,58.79999923706055,0,58.79999923706055,0.0
LIXT,2011-06-22,58.79999923706055,58.79999923706055,58.79999923706055,58.79999923706055,0,58.79999923706055,0.0
LIXT,2011-06-23,58.79999923706055,58.79999923706055,58.79999923706055,58.79999923706055,0,58.79999923706055,0.0
LIXT,2011-06-24,58.79999923706055,58.79999923706055,58.79999923706055,58.79999923706055,0,58.79999923706055,0.0
LIXT,2011-06-27,58.79999923706055,58.79999923706055,58.79999923706055,58.79999923706055,0,58.79999923706055,0.0
LIXT,2011-06-28,58.79999923706055,58.79999923706055,58.79999923706055,58.79999923706055,0,58.79999923706055,0.0
LIXT,2011-06-29,58.79999923706055,58.79999923706055,58.79999923706055,58.79999923706055,0,58.79999923706055,0.0
LIXT,2011-06-30,58.79999923706055,58.79999923706055,58.79999923706055,58.79999923706055,0,58.79999923706055,0.0
LIXT,2011-07-01,58.79999923706055,58.79999923706055,58.79999923706055,58.79999923706055,0,58.79999923706055,0.0
LIXT,2011-07-05,58.79999923706055,58.79999923706055,58.79999923706055,58.79999923706055,0,58.79999923706055,0.0
LIXT,2011-07-06,58.79999923706055,58.79999923706055,58.79999923706055,58.79999923706055,0,58.79999923706055,0.0
LIXT,2011-07-07,58.79999923706055,58.79999923706055,58.79999923706055,58.79999923706055,0,58.79999923706055,0.0
LIXT,2011-07-08,58.79999923706055,58.79999923706055,58.79999923706055,58.79999923706055,0,58.79999923706055,0.0
LIXT,2011-07-11,48.0,48.0,48.0,48.0,27,48.0,0.0
LIXT,2011-07-12,48.0,48.0,36.0,36.0,1917,36.0,0.0
LIXT,2011-07-13,48.0,48.0,48.0,48.0,140,48.0,0.0
LIXT,2011-07-14,48.0,48.0,48.0,48.0,0,48.0,0.0
LIXT,2011-07-15,48.0,48.0,48.0,48.0,0,48.0,0.0
LIXT,2011-07-18,48.0,48.0,48.0,48.0,0,48.0,0.0
LIXT,2011-07-19,48.0,48.0,48.0,48.0,0,48.0,0.0
LIXT,2011-07-20,48.0,48.0,48.0,48.0,0,48.0,0.0
LIXT,2011-07-21,48.0,48.0,48.0,48.0,0,48.0,0.0
LIXT,2011-07-22,48.0,48.0,48.0,48.0,0,48.0,0.0
LIXT,2011-07-25,48.0,48.0,48.0,48.0,0,48.0,0.0
LIXT,2011-07-26,48.0,48.0,48.0,48.0,0,48.0,0.0
LIXT,2011-07-27,47.400001525878906,47.400001525878906,47.400001525878906,47.400001525878906,3,47.400001525878906,0.0
LIXT,2011-07-28,48.0,48.0,48.0,48.0,833,48.0,0.0
LIXT,2011-07-29,48.0,48.0,48.0,48.0,0,48.0,0.0
LIXT,2011-08-01,48.0,48.0,48.0,48.0,0,48.0,0.0
LIXT,2011-08-02,48.0,48.0,48.0,48.0,0,48.0,0.0
LIXT,2011-08-03,48.0,48.0,48.0,48.0,0,48.0,0.0
LIXT,2011-08-04,48.0,48.0,48.0,48.0,0,48.0,0.0
LIXT,2011-08-05,48.0,48.0,48.0,48.0,0,48.0,0.0
LIXT,2011-08-08,48.0,48.0,48.0,48.0,0,48.0,0.0
LIXT,2011-08-09,48.0,48.0,48.0,48.0,0,48.0,0.0
LIXT,2011-08-10,48.0,48.0,48.0,48.0,0,48.0,0.0
LIXT,2011-08-11,48.0,48.0,48.0,48.0,0,48.0,0.0
LIXT,2011-08-12,48.0,48.0,48.0,48.0,0,48.0,0.0
LIXT,2011-08-15,48.0,48.0,48.0,48.0,0,48.0,0.0
LIXT,2011-08-16,48.0,48.0,48.0,48.0,0,48.0,0.0
LIXT,2011-08-17,48.0,48.0,48.0,48.0,0,48.0,0.0
LIXT,2011-08-18,48.0,48.0,48.0,48.0,0,48.0,0.0
LIXT,2011-08-19,48.0,48.0,48.0,48.0,0,48.0,0.0
LIXT,2011-08-22,48.0,48.0,48.0,48.0,0,48.0,0.0
LIXT,2011-08-23,48.0,48.0,48.0,48.0,0,48.0,0.0
LIXT,2011-08-24,48.0,48.0,48.0,48.0,0,48.0,0.0
LIXT,2011-08-25,48.0,48.0,48.0,48.0,0,48.0,0.0
LIXT,2011-08-26,48.0,48.0,48.0,48.0,0,48.0,0.0
LIXT,2011-08-29,48.0,48.0,48.0,48.0,0,48.0,0.0
LIXT,2011-08-30,48.0,48.0,48.0,48.0,0,48.0,0.0
LIXT,2011-08-31,48.0,48.0,48.0,48.0,0,48.0,0.0
LIXT,2011-09-01,48.0,48.0,48.0,48.0,0,48.0,0.0
LIXT,2011-09-02,48.0,48.0,48.0,48.0,0,48.0,0.0
LIXT,2011-09-06,48.0,48.0,48.0,48.0,0,48.0,0.0
LIXT,2011-09-07,48.0,48.0,48.0,48.0,0,48.0,0.0
LIXT,2011-09-08,51.0,54.0,51.0,54.0,667,54.0,0.0
LIXT,2011-09-09,54.0,54.0,54.0,54.0,0,54.0,0.0
LIXT,2011-09-12,54.0,54.0,54.0,54.0,0,54.0,0.0
LIXT,2011-09-13,54.0,54.0,54.0,54.0,0,54.0,0.0
LIXT,2011-09-14,54.0,54.0,54.0,54.0,0,54.0,0.0
LIXT,2011-09-15,54.0,54.0,54.0,54.0,0,54.0,0.0
LIXT,2011-09-16,54.0,54.0,54.0,54.0,0,54.0,0.0
LIXT,2011-09-19,54.0,54.0,54.0,54.0,0,54.0,0.0
LIXT,2011-09-20,54.0,54.0,54.0,54.0,0,54.0,0.0
LIXT,2011-09-21,54.0,54.0,54.0,54.0,0,54.0,0.0
LIXT,2011-09-22,54.0,54.0,54.0,54.0,0,54.0,0.0
LIXT,2011-09-23,39.0,39.0,39.0,39.0,578,39.0,0.0
LIXT,2011-09-26,39.0,39.0,39.0,39.0,208,39.0,0.0
LIXT,2011-09-27,39.0,39.0,39.0,39.0,0,39.0,0.0
LIXT,2011-09-28,39.0,39.0,39.0,39.0,0,39.0,0.0
LIXT,2011-09-29,39.0,39.0,39.0,39.0,0,39.0,0.0
LIXT,2011-09-30,39.0,39.0,39.0,39.0,0,39.0,0.0
LIXT,2011-10-03,39.0,39.0,39.0,39.0,0,39.0,0.0
LIXT,2011-10-04,39.0,39.0,39.0,39.0,0,39.0,0.0
LIXT,2011-10-05,39.0,39.0,39.0,39.0,0,39.0,0.0
LIXT,2011-10-06,39.0,39.0,39.0,39.0,0,39.0,0.0
LIXT,2011-10-07,39.0,39.0,39.0,39.0,0,39.0,0.0
LIXT,2011-10-10,39.0,39.0,39.0,39.0,0,39.0,0.0
LIXT,2011-10-11,39.0,39.0,39.0,39.0,0,39.0,0.0
LIXT,2011-10-12,39.0,39.0,39.0,39.0,48,39.0,0.0
LIXT,2011-10-13,39.0,39.0,39.0,39.0,0,39.0,0.0
LIXT,2011-10-14,39.0,39.0,39.0,39.0,0,39.0,0.0
LIXT,2011-10-17,39.0,39.0,39.0,39.0,0,39.0,0.0
LIXT,2011-10-18,39.0,39.0,39.0,39.0,0,39.0,0.0
LIXT,2011-10-19,39.0,39.0,39.0,39.0,0,39.0,0.0
LIXT,2011-10-20,39.0,39.0,39.0,39.0,0,39.0,0.0
LIXT,2011-10-21,39.0,39.0,39.0,39.0,0,39.0,0.0
LIXT,2011-10-24,25.200000762939453,25.200000762939453,25.200000762939453,25.200000762939453,1250,25.200000762939453,0.0
LIXT,2011-10-25,33.0,33.0,25.200000762939453,25.200000762939453,875,25.200000762939453,0.0
LIXT,2011-10-26,33.0,33.0,33.0,33.0,42,33.0,0.0
LIXT,2011-10-27,33.0,33.0,33.0,33.0,0,33.0,0.0
LIXT,2011-10-28,33.0,33.0,33.0,33.0,0,33.0,0.0
LIXT,2011-10-31,33.0,33.0,33.0,33.0,0,33.0,0.0
LIXT,2011-11-01,33.0,33.0,33.0,33.0,0,33.0,0.0
LIXT,2011-11-02,33.0,33.0,33.0,33.0,0,33.0,0.0
LIXT,2011-11-03,33.0,33.0,33.0,33.0,0,33.0,0.0
LIXT,2011-11-04,33.0,33.0,33.0,33.0,0,33.0,0.0
LIXT,2011-11-07,33.0,33.0,33.0,33.0,0,33.0,0.0
LIXT,2011-11-08,33.0,33.0,33.0,33.0,0,33.0,0.0
LIXT,2011-11-09,33.0,33.0,33.0,33.0,0,33.0,0.0
LIXT,2011-11-10,21.0,21.0,21.0,21.0,55,21.0,0.0
LIXT,2011-11-11,21.0,21.0,21.0,21.0,0,21.0,0.0
LIXT,2011-11-14,21.0,21.0,21.0,21.0,0,21.0,0.0
LIXT,2011-11-15,27.0,27.0,27.0,27.0,417,27.0,0.0
LIXT,2011-11-16,27.0,27.0,27.0,27.0,0,27.0,0.0
LIXT,2011-11-17,27.0,27.0,27.0,27.0,0,27.0,0.0
LIXT,2011-11-18,27.0,27.0,27.0,27.0,0,27.0,0.0
LIXT,2011-11-21,27.0,27.0,27.0,27.0,0,27.0,0.0
LIXT,2011-11-22,27.0,27.0,27.0,27.0,0,27.0,0.0
LIXT,2011-11-23,27.0,27.0,27.0,27.0,0,27.0,0.0
LIXT,2011-11-25,27.0,27.0,27.0,27.0,0,27.0,0.0
LIXT,2011-11-28,27.0,27.0,27.0,27.0,0,27.0,0.0
LIXT,2011-11-29,27.0,27.0,27.0,27.0,0,27.0,0.0
LIXT,2011-11-30,27.0,27.0,27.0,27.0,0,27.0,0.0
LIXT,2011-12-01,27.0,27.0,27.0,27.0,0,27.0,0.0
LIXT,2011-12-02,27.0,27.0,27.0,27.0,0,27.0,0.0
LIXT,2011-12-05,27.0,27.0,27.0,27.0,0,27.0,0.0
LIXT,2011-12-06,27.0,27.0,27.0,27.0,0,27.0,0.0
LIXT,2011-12-07,27.0,27.0,27.0,27.0,0,27.0,0.0
LIXT,2011-12-08,27.0,27.0,27.0,27.0,8,27.0,0.0
LIXT,2011-12-09,27.0,27.0,27.0,27.0,0,27.0,0.0
LIXT,2011-12-12,27.0,27.0,27.0,27.0,0,27.0,0.0
LIXT,2011-12-13,25.799999237060547,25.799999237060547,25.799999237060547,25.799999237060547,233,25.799999237060547,0.0
LIXT,2011-12-14,25.799999237060547,25.799999237060547,25.799999237060547,25.799999237060547,0,25.799999237060547,0.0
LIXT,2011-12-15,25.799999237060547,25.799999237060547,25.799999237060547,25.799999237060547,0,25.799999237060547,0.0
LIXT,2011-12-16,25.799999237060547,25.799999237060547,25.799999237060547,25.799999237060547,0,25.799999237060547,0.0
LIXT,2011-12-19,25.799999237060547,25.799999237060547,25.799999237060547,25.799999237060547,0,25.799999237060547,0.0
LIXT,2011-12-20,15.0,15.0,15.0,15.0,27,15.0,0.0
LIXT,2011-12-21,15.0,15.0,15.0,15.0,0,15.0,0.0
LIXT,2011-12-22,15.0,15.0,15.0,15.0,0,15.0,0.0
LIXT,2011-12-23,15.0,15.0,15.0,15.0,0,15.0,0.0
LIXT,2011-12-27,15.0,15.0,15.0,15.0,0,15.0,0.0
LIXT,2011-12-28,39.0,39.0,30.0,30.0,250,30.0,0.0
LIXT,2011-12-29,30.0,30.0,30.0,30.0,0,30.0,0.0
LIXT,2011-12-30,30.0,30.0,30.0,30.0,0,30.0,0.0
LIXT,2012-01-03,30.0,30.0,30.0,30.0,0,30.0,0.0
LIXT,2012-01-04,30.0,30.0,30.0,30.0,0,30.0,0.0
LIXT,2012-01-05,30.0,30.0,30.0,30.0,0,30.0,0.0
LIXT,2012-01-06,30.0,30.0,30.0,30.0,0,30.0,0.0
LIXT,2012-01-09,30.0,30.0,30.0,30.0,0,30.0,0.0
LIXT,2012-01-10,30.0,30.0,30.0,30.0,0,30.0,0.0
LIXT,2012-01-11,30.0,30.0,30.0,30.0,0,30.0,0.0
LIXT,2012-01-12,30.0,30.0,30.0,30.0,0,30.0,0.0
LIXT,2012-01-13,30.0,30.0,30.0,30.0,0,30.0,0.0
LIXT,2012-01-17,30.0,30.0,30.0,30.0,0,30.0,0.0
LIXT,2012-01-18,30.0,30.0,30.0,30.0,0,30.0,0.0
LIXT,2012-01-19,30.0,30.0,30.0,30.0,0,30.0,0.0
LIXT,2012-01-20,30.0,30.0,30.0,30.0,0,30.0,0.0
LIXT,2012-01-23,30.0,30.0,30.0,30.0,0,30.0,0.0
LIXT,2012-01-24,30.0,30.0,30.0,30.0,33,30.0,0.0
LIXT,2012-01-25,30.0,30.0,30.0,30.0,17,30.0,0.0
LIXT,2012-01-26,30.0,30.0,30.0,30.0,17,30.0,0.0
LIXT,2012-01-27,30.0,30.0,30.0,30.0,17,30.0,0.0
LIXT,2012-01-30,30.0,30.0,30.0,30.0,17,30.0,0.0
LIXT,2012-01-31,30.0,30.0,30.0,30.0,0,30.0,0.0
LIXT,2012-02-01,30.0,30.0,30.0,30.0,0,30.0,0.0
LIXT,2012-02-02,30.0,30.0,30.0,30.0,0,30.0,0.0
LIXT,2012-02-03,30.0,30.0,30.0,30.0,0,30.0,0.0
LIXT,2012-02-06,30.0,30.0,30.0,30.0,0,30.0,0.0
LIXT,2012-02-07,30.0,30.0,30.0,30.0,0,30.0,0.0
LIXT,2012-02-08,30.0,30.0,30.0,30.0,0,30.0,0.0
LIXT,2012-02-09,30.0,30.0,30.0,30.0,0,30.0,0.0
LIXT,2012-02-10,30.0,30.0,30.0,30.0,0,30.0,0.0
LIXT,2012-02-13,30.0,30.0,30.0,30.0,0,30.0,0.0
LIXT,2012-02-14,30.0,30.0,30.0,30.0,0,30.0,0.0
LIXT,2012-02-15,30.0,30.0,30.0,30.0,0,30.0,0.0
LIXT,2012-02-16,30.0,30.0,30.0,30.0,0,30.0,0.0
LIXT,2012-02-17,30.0,30.0,30.0,30.0,0,30.0,0.0
LIXT,2012-02-21,30.0,30.0,30.0,30.0,0,30.0,0.0
LIXT,2012-02-22,30.0,30.0,30.0,30.0,0,30.0,0.0
LIXT,2012-02-23,30.0,30.0,30.0,30.0,0,30.0,0.0
LIXT,2012-02-24,30.0,30.0,30.0,30.0,0,30.0,0.0
LIXT,2012-02-27,30.0,30.0,30.0,30.0,0,30.0,0.0
LIXT,2012-02-28,30.0,30.0,30.0,30.0,0,30.0,0.0
LIXT,2012-02-29,30.0,30.0,30.0,30.0,0,30.0,0.0
LIXT,2012-03-01,54.0,54.0,54.0,54.0,122,54.0,0.0
LIXT,2012-03-02,54.0,54.0,54.0,54.0,0,54.0,0.0
LIXT,2012-03-05,51.0,55.20000076293945,51.0,55.20000076293945,150,55.20000076293945,0.0
LIXT,2012-03-06,55.20000076293945,55.20000076293945,55.20000076293945,55.20000076293945,0,55.20000076293945,0.0
LIXT,2012-03-07,55.20000076293945,55.20000076293945,55.20000076293945,55.20000076293945,0,55.20000076293945,0.0
LIXT,2012-03-08,45.0,45.0,45.0,45.0,500,45.0,0.0
LIXT,2012-03-09,45.0,52.79999923706055,45.0,52.79999923706055,603,52.79999923706055,0.0
LIXT,2012-03-12,45.0,51.599998474121094,45.0,51.599998474121094,228,51.599998474121094,0.0
LIXT,2012-03-13,45.0,45.0,45.0,45.0,333,45.0,0.0
LIXT,2012-03-14,45.0,45.0,45.0,45.0,333,45.0,0.0
LIXT,2012-03-15,51.0,51.0,45.0,45.0,45,45.0,0.0
LIXT,2012-03-16,45.0,45.0,45.0,45.0,3,45.0,0.0
LIXT,2012-03-19,45.0,45.0,45.0,45.0,0,45.0,0.0
LIXT,2012-03-20,44.400001525878906,51.0,44.400001525878906,51.0,292,51.0,0.0
LIXT,2012-03-21,51.0,51.0,51.0,51.0,97,51.0,0.0
LIXT,2012-03-22,52.79999923706055,52.79999923706055,52.79999923706055,52.79999923706055,167,52.79999923706055,0.0
LIXT,2012-03-23,52.79999923706055,52.79999923706055,52.79999923706055,52.79999923706055,158,52.79999923706055,0.0
LIXT,2012-03-26,52.79999923706055,52.79999923706055,52.79999923706055,52.79999923706055,0,52.79999923706055,0.0
LIXT,2012-03-27,52.79999923706055,52.79999923706055,52.79999923706055,52.79999923706055,0,52.79999923706055,0.0
LIXT,2012-03-28,52.79999923706055,52.79999923706055,52.79999923706055,52.79999923706055,0,52.79999923706055,0.0
LIXT,2012-03-29,52.79999923706055,52.79999923706055,52.79999923706055,52.79999923706055,167,52.79999923706055,0.0
LIXT,2012-03-30,52.79999923706055,52.79999923706055,52.79999923706055,52.79999923706055,0,52.79999923706055,0.0
LIXT,2012-04-02,52.79999923706055,52.79999923706055,52.79999923706055,52.79999923706055,0,52.79999923706055,0.0
LIXT,2012-04-03,52.79999923706055,52.79999923706055,52.79999923706055,52.79999923706055,0,52.79999923706055,0.0
LIXT,2012-04-04,52.79999923706055,52.79999923706055,52.79999923706055,52.79999923706055,0,52.79999923706055,0.0
LIXT,2012-04-05,45.0,45.0,45.0,45.0,8,45.0,0.0
LIXT,2012-04-09,45.0,45.0,45.0,45.0,0,45.0,0.0
LIXT,2012-04-10,45.0,45.0,45.0,45.0,0,45.0,0.0
LIXT,2012-04-11,45.0,45.0,45.0,45.0,0,45.0,0.0
LIXT,2012-04-12,45.0,45.0,45.0,45.0,0,45.0,0.0
LIXT,2012-04-13,45.0,45.0,45.0,45.0,0,45.0,0.0
LIXT,2012-04-16,45.0,45.0,45.0,45.0,0,45.0,0.0
LIXT,2012-04-17,45.0,45.0,45.0,45.0,0,45.0,0.0
LIXT,2012-04-18,45.0,45.0,45.0,45.0,0,45.0,0.0
LIXT,2012-04-19,45.0,45.0,45.0,45.0,0,45.0,0.0
LIXT,2012-04-20,45.0,45.0,45.0,45.0,0,45.0,0.0
LIXT,2012-04-23,45.0,45.0,45.0,45.0,0,45.0,0.0
LIXT,2012-04-24,45.0,45.0,45.0,45.0,0,45.0,0.0
LIXT,2012-04-25,45.0,45.0,45.0,45.0,0,45.0,0.0
LIXT,2012-04-26,45.0,45.0,45.0,45.0,0,45.0,0.0
LIXT,2012-04-27,45.0,45.0,45.0,45.0,0,45.0,0.0
LIXT,2012-04-30,39.0,39.0,39.0,39.0,667,39.0,0.0
LIXT,2012-05-01,39.0,39.0,39.0,39.0,0,39.0,0.0
LIXT,2012-05-02,39.0,39.0,39.0,39.0,0,39.0,0.0
LIXT,2012-05-03,39.0,39.0,39.0,39.0,0,39.0,0.0
LIXT,2012-05-04,39.0,42.0,39.0,42.0,425,42.0,0.0
LIXT,2012-05-07,42.0,42.0,42.0,42.0,0,42.0,0.0
LIXT,2012-05-08,42.0,42.0,42.0,42.0,0,42.0,0.0
LIXT,2012-05-09,42.0,42.0,42.0,42.0,0,42.0,0.0
LIXT,2012-05-10,42.0,42.0,42.0,42.0,0,42.0,0.0
LIXT,2012-05-11,42.0,42.0,42.0,42.0,225,42.0,0.0
LIXT,2012-05-14,42.0,42.0,42.0,42.0,0,42.0,0.0
LIXT,2012-05-15,42.0,42.0,42.0,42.0,375,42.0,0.0
LIXT,2012-05-16,42.0,42.0,42.0,42.0,0,42.0,0.0
LIXT,2012-05-17,42.0,42.0,42.0,42.0,0,42.0,0.0
LIXT,2012-05-18,42.0,42.0,42.0,42.0,0,42.0,0.0
LIXT,2012-05-21,42.0,42.0,42.0,42.0,0,42.0,0.0
LIXT,2012-05-22,42.0,42.0,42.0,42.0,0,42.0,0.0
LIXT,2012-05-23,42.0,42.0,42.0,42.0,0,42.0,0.0
LIXT,2012-05-24,42.0,42.0,42.0,42.0,0,42.0,0.0
LIXT,2012-05-25,42.0,42.0,42.0,42.0,0,42.0,0.0
LIXT,2012-05-29,42.0,42.0,42.0,42.0,0,42.0,0.0
LIXT,2012-05-30,42.0,42.0,42.0,42.0,0,42.0,0.0
LIXT,2012-05-31,42.0,42.0,42.0,42.0,0,42.0,0.0
LIXT,2012-06-01,41.400001525878906,41.400001525878906,41.400001525878906,41.400001525878906,300,41.400001525878906,0.0
LIXT,2012-06-04,50.400001525878906,50.400001525878906,50.400001525878906,50.400001525878906,42,50.400001525878906,0.0
LIXT,2012-06-05,50.400001525878906,50.400001525878906,50.400001525878906,50.400001525878906,0,50.400001525878906,0.0
LIXT,2012-06-06,50.400001525878906,50.400001525878906,50.400001525878906,50.400001525878906,0,50.400001525878906,0.0
LIXT,2012-06-07,50.400001525878906,50.400001525878906,50.400001525878906,50.400001525878906,0,50.400001525878906,0.0
LIXT,2012-06-08,50.400001525878906,50.400001525878906,50.400001525878906,50.400001525878906,0,50.400001525878906,0.0
LIXT,2012-06-11,50.400001525878906,50.400001525878906,50.400001525878906,50.400001525878906,0,50.400001525878906,0.0
LIXT,2012-06-12,50.400001525878906,50.400001525878906,50.400001525878906,50.400001525878906,0,50.400001525878906,0.0
LIXT,2012-06-13,42.0,42.0,42.0,42.0,167,42.0,0.0
LIXT,2012-06-14,42.0,42.0,42.0,42.0,0,42.0,0.0
LIXT,2012-06-15,42.0,42.0,42.0,42.0,0,42.0,0.0
LIXT,2012-06-18,42.0,42.0,42.0,42.0,333,42.0,0.0
LIXT,2012-06-19,42.0,42.0,42.0,42.0,0,42.0,0.0
LIXT,2012-06-20,42.0,42.0,42.0,42.0,0,42.0,0.0
LIXT,2012-06-21,42.0,42.0,42.0,42.0,0,42.0,0.0
LIXT,2012-06-22,42.0,42.0,42.0,42.0,0,42.0,0.0
LIXT,2012-06-25,49.79999923706055,49.79999923706055,49.79999923706055,49.79999923706055,1598,49.79999923706055,0.0
LIXT,2012-06-26,49.79999923706055,49.79999923706055,49.79999923706055,49.79999923706055,0,49.79999923706055,0.0
LIXT,2012-06-27,49.79999923706055,49.79999923706055,49.79999923706055,49.79999923706055,0,49.79999923706055,0.0
LIXT,2012-06-28,49.79999923706055,49.79999923706055,49.79999923706055,49.79999923706055,0,49.79999923706055,0.0
LIXT,2012-06-29,49.79999923706055,49.79999923706055,49.79999923706055,49.79999923706055,0,49.79999923706055,0.0
LIXT,2012-07-02,49.79999923706055,49.79999923706055,49.79999923706055,49.79999923706055,0,49.79999923706055,0.0
LIXT,2012-07-03,49.79999923706055,49.79999923706055,49.79999923706055,49.79999923706055,0,49.79999923706055,0.0
LIXT,2012-07-05,49.79999923706055,49.79999923706055,49.79999923706055,49.79999923706055,0,49.79999923706055,0.0
LIXT,2012-07-06,49.79999923706055,49.79999923706055,49.79999923706055,49.79999923706055,0,49.79999923706055,0.0
LIXT,2012-07-09,49.79999923706055,49.79999923706055,49.79999923706055,49.79999923706055,0,49.79999923706055,0.0
LIXT,2012-07-10,49.79999923706055,49.79999923706055,49.79999923706055,49.79999923706055,0,49.79999923706055,0.0
LIXT,2012-07-11,49.79999923706055,49.79999923706055,49.79999923706055,49.79999923706055,0,49.79999923706055,0.0
LIXT,2012-07-12,49.79999923706055,49.79999923706055,49.79999923706055,49.79999923706055,0,49.79999923706055,0.0
LIXT,2012-07-13,49.79999923706055,49.79999923706055,49.79999923706055,49.79999923706055,0,49.79999923706055,0.0
LIXT,2012-07-16,49.79999923706055,49.79999923706055,49.79999923706055,49.79999923706055,0,49.79999923706055,0.0
LIXT,2012-07-17,49.79999923706055,49.79999923706055,49.79999923706055,49.79999923706055,0,49.79999923706055,0.0
LIXT,2012-07-18,49.79999923706055,49.79999923706055,49.79999923706055,49.79999923706055,0,49.79999923706055,0.0
LIXT,2012-07-19,49.79999923706055,49.79999923706055,49.79999923706055,49.79999923706055,0,49.79999923706055,0.0
LIXT,2012-07-20,49.79999923706055,49.79999923706055,49.79999923706055,49.79999923706055,0,49.79999923706055,0.0
LIXT,2012-07-23,49.79999923706055,49.79999923706055,49.79999923706055,49.79999923706055,0,49.79999923706055,0.0
LIXT,2012-07-24,49.79999923706055,49.79999923706055,49.79999923706055,49.79999923706055,0,49.79999923706055,0.0
LIXT,2012-07-25,49.79999923706055,49.79999923706055,49.79999923706055,49.79999923706055,0,49.79999923706055,0.0
LIXT,2012-07-26,49.79999923706055,49.79999923706055,49.79999923706055,49.79999923706055,0,49.79999923706055,0.0
LIXT,2012-07-27,49.79999923706055,49.79999923706055,49.79999923706055,49.79999923706055,0,49.79999923706055,0.0
LIXT,2012-07-30,49.79999923706055,49.79999923706055,49.79999923706055,49.79999923706055,0,49.79999923706055,0.0
LIXT,2012-07-31,49.79999923706055,49.79999923706055,49.79999923706055,49.79999923706055,0,49.79999923706055,0.0
LIXT,2012-08-01,45.0,45.0,42.599998474121094,42.599998474121094,450,42.599998474121094,0.0
LIXT,2012-08-02,42.599998474121094,42.599998474121094,42.599998474121094,42.599998474121094,17,42.599998474121094,0.0
LIXT,2012-08-03,42.599998474121094,42.599998474121094,42.599998474121094,42.599998474121094,0,42.599998474121094,0.0
LIXT,2012-08-06,42.599998474121094,42.599998474121094,42.599998474121094,42.599998474121094,0,42.599998474121094,0.0
LIXT,2012-08-07,42.599998474121094,42.599998474121094,42.599998474121094,42.599998474121094,0,42.599998474121094,0.0
LIXT,2012-08-08,42.599998474121094,42.599998474121094,42.599998474121094,42.599998474121094,0,42.599998474121094,0.0
LIXT,2012-08-09,42.599998474121094,42.599998474121094,42.599998474121094,42.599998474121094,0,42.599998474121094,0.0
LIXT,2012-08-10,42.599998474121094,42.599998474121094,42.599998474121094,42.599998474121094,0,42.599998474121094,0.0
LIXT,2012-08-13,42.599998474121094,42.599998474121094,42.599998474121094,42.599998474121094,0,42.599998474121094,0.0
LIXT,2012-08-14,42.599998474121094,42.599998474121094,42.599998474121094,42.599998474121094,0,42.599998474121094,0.0
LIXT,2012-08-15,42.599998474121094,42.599998474121094,42.599998474121094,42.599998474121094,17,42.599998474121094,0.0
LIXT,2012-08-16,42.599998474121094,42.599998474121094,42.599998474121094,42.599998474121094,0,42.599998474121094,0.0
LIXT,2012-08-17,42.599998474121094,42.599998474121094,42.599998474121094,42.599998474121094,0,42.599998474121094,0.0
LIXT,2012-08-20,42.599998474121094,42.599998474121094,42.599998474121094,42.599998474121094,0,42.599998474121094,0.0
LIXT,2012-08-21,42.599998474121094,42.599998474121094,42.599998474121094,42.599998474121094,0,42.599998474121094,0.0
LIXT,2012-08-22,42.599998474121094,42.599998474121094,42.599998474121094,42.599998474121094,0,42.599998474121094,0.0
LIXT,2012-08-23,42.599998474121094,42.599998474121094,42.599998474121094,42.599998474121094,0,42.599998474121094,0.0
LIXT,2012-08-24,42.599998474121094,42.599998474121094,42.599998474121094,42.599998474121094,0,42.599998474121094,0.0
LIXT,2012-08-27,42.599998474121094,42.599998474121094,42.599998474121094,42.599998474121094,0,42.599998474121094,0.0
LIXT,2012-08-28,42.599998474121094,42.599998474121094,42.599998474121094,42.599998474121094,0,42.599998474121094,0.0
LIXT,2012-08-29,42.599998474121094,42.599998474121094,42.599998474121094,42.599998474121094,0,42.599998474121094,0.0
LIXT,2012-08-30,15.0,30.0,15.0,30.0,878,30.0,0.0
LIXT,2012-08-31,30.0,30.0,30.0,30.0,123,30.0,0.0
LIXT,2012-09-04,42.0,42.0,42.0,42.0,217,42.0,0.0
LIXT,2012-09-05,42.0,42.0,42.0,42.0,0,42.0,0.0
LIXT,2012-09-06,15.0,39.0,15.0,39.0,162,39.0,0.0
LIXT,2012-09-07,39.0,39.0,39.0,39.0,33,39.0,0.0
LIXT,2012-09-10,39.0,39.0,39.0,39.0,0,39.0,0.0
LIXT,2012-09-11,39.0,39.0,39.0,39.0,0,39.0,0.0
LIXT,2012-09-12,39.0,39.0,39.0,39.0,0,39.0,0.0
LIXT,2012-09-13,39.0,39.0,39.0,39.0,0,39.0,0.0
LIXT,2012-09-14,39.0,39.0,39.0,39.0,0,39.0,0.0
LIXT,2012-09-17,39.0,39.0,39.0,39.0,0,39.0,0.0
LIXT,2012-09-18,39.0,39.0,39.0,39.0,0,39.0,0.0
LIXT,2012-09-19,39.0,39.0,39.0,39.0,0,39.0,0.0
LIXT,2012-09-20,39.0,39.0,39.0,39.0,0,39.0,0.0
LIXT,2012-09-21,39.0,39.0,39.0,39.0,117,39.0,0.0
LIXT,2012-09-24,39.0,39.0,39.0,39.0,0,39.0,0.0
LIXT,2012-09-25,39.0,39.0,39.0,39.0,0,39.0,0.0
LIXT,2012-09-26,39.0,39.0,39.0,39.0,0,39.0,0.0
LIXT,2012-09-27,39.0,39.0,39.0,39.0,0,39.0,0.0
LIXT,2012-09-28,39.0,39.0,39.0,39.0,0,39.0,0.0
LIXT,2012-10-01,42.599998474121094,42.599998474121094,42.599998474121094,42.599998474121094,3,42.599998474121094,0.0
LIXT,2012-10-02,42.599998474121094,42.599998474121094,42.599998474121094,42.599998474121094,0,42.599998474121094,0.0
LIXT,2012-10-03,42.599998474121094,42.599998474121094,42.599998474121094,42.599998474121094,0,42.599998474121094,0.0
LIXT,2012-10-04,42.599998474121094,42.599998474121094,42.599998474121094,42.599998474121094,0,42.599998474121094,0.0
LIXT,2012-10-05,42.599998474121094,42.599998474121094,42.599998474121094,42.599998474121094,0,42.599998474121094,0.0
LIXT,2012-10-08,30.0,30.0,30.0,30.0,3,30.0,0.0
LIXT,2012-10-09,30.0,30.0,30.0,30.0,42,30.0,0.0
LIXT,2012-10-10,30.0,30.0,30.0,30.0,0,30.0,0.0
LIXT,2012-10-11,30.0,30.0,30.0,30.0,0,30.0,0.0
LIXT,2012-10-12,30.0,30.0,30.0,30.0,0,30.0,0.0
LIXT,2012-10-15,30.0,30.0,30.0,30.0,0,30.0,0.0
LIXT,2012-10-16,30.0,30.0,30.0,30.0,0,30.0,0.0
LIXT,2012-10-17,30.0,30.0,30.0,30.0,0,30.0,0.0
LIXT,2012-10-18,30.0,30.0,30.0,30.0,167,30.0,0.0
LIXT,2012-10-19,30.0,30.0,30.0,30.0,0,30.0,0.0
LIXT,2012-10-22,30.0,30.0,30.0,30.0,0,30.0,0.0
LIXT,2012-10-23,30.0,30.0,30.0,30.0,0,30.0,0.0
LIXT,2012-10-24,30.0,30.0,30.0,30.0,0,30.0,0.0
LIXT,2012-10-25,30.0,30.0,30.0,30.0,0,30.0,0.0
LIXT,2012-10-26,30.0,30.0,30.0,30.0,0,30.0,0.0
LIXT,2012-10-31,30.0,30.0,30.0,30.0,0,30.0,0.0
LIXT,2012-11-01,30.0,30.0,30.0,30.0,0,30.0,0.0
LIXT,2012-11-02,30.0,30.0,30.0,30.0,0,30.0,0.0
LIXT,2012-11-05,15.0,15.0,15.0,15.0,833,15.0,0.0
LIXT,2012-11-06,15.0,15.0,15.0,15.0,510,15.0,0.0
LIXT,2012-11-07,15.0,15.0,15.0,15.0,0,15.0,0.0
LIXT,2012-11-08,15.0,15.0,15.0,15.0,0,15.0,0.0
LIXT,2012-11-09,15.0,15.0,15.0,15.0,0,15.0,0.0
LIXT,2012-11-12,15.0,15.0,15.0,15.0,0,15.0,0.0
LIXT,2012-11-13,15.0,15.0,15.0,15.0,0,15.0,0.0
LIXT,2012-11-14,15.0,15.0,15.0,15.0,0,15.0,0.0
LIXT,2012-11-15,15.0,15.0,15.0,15.0,83,15.0,0.0
LIXT,2012-11-16,15.0,15.0,15.0,15.0,0,15.0,0.0
LIXT,2012-11-19,15.0,15.0,15.0,15.0,0,15.0,0.0
LIXT,2012-11-20,15.0,15.0,15.0,15.0,0,15.0,0.0
LIXT,2012-11-21,15.0,15.0,15.0,15.0,0,15.0,0.0
LIXT,2012-11-23,15.0,15.0,15.0,15.0,0,15.0,0.0
LIXT,2012-11-26,15.0,15.0,15.0,15.0,0,15.0,0.0
LIXT,2012-11-27,15.0,15.0,15.0,15.0,0,15.0,0.0
LIXT,2012-11-28,15.0,15.0,15.0,15.0,0,15.0,0.0
LIXT,2012-11-29,15.0,15.0,15.0,15.0,0,15.0,0.0
LIXT,2012-11-30,12.0,12.0,12.0,12.0,183,12.0,0.0
LIXT,2012-12-03,12.0,12.0,12.0,12.0,0,12.0,0.0
LIXT,2012-12-04,12.0,12.0,12.0,12.0,0,12.0,0.0
LIXT,2012-12-05,12.0,12.0,12.0,12.0,0,12.0,0.0
LIXT,2012-12-06,12.0,12.0,12.0,12.0,0,12.0,0.0
LIXT,2012-12-07,15.0,15.0,15.0,15.0,25,15.0,0.0
LIXT,2012-12-10,15.0,15.600000381469727,15.0,15.600000381469727,103,15.600000381469727,0.0
LIXT,2012-12-11,12.0,12.0,12.0,12.0,110,12.0,0.0
LIXT,2012-12-12,12.0,12.0,12.0,12.0,0,12.0,0.0
LIXT,2012-12-13,12.0,12.0,12.0,12.0,0,12.0,0.0
LIXT,2012-12-14,12.0,12.0,12.0,12.0,0,12.0,0.0
LIXT,2012-12-17,12.0,12.0,12.0,12.0,0,12.0,0.0
LIXT,2012-12-18,12.0,12.0,12.0,12.0,0,12.0,0.0
LIXT,2012-12-19,12.0,12.0,12.0,12.0,0,12.0,0.0
LIXT,2012-12-20,12.0,12.0,12.0,12.0,0,12.0,0.0
LIXT,2012-12-21,12.0,12.0,12.0,12.0,0,12.0,0.0
LIXT,2012-12-24,12.0,12.0,12.0,12.0,0,12.0,0.0
LIXT,2012-12-26,12.0,12.0,12.0,12.0,0,12.0,0.0
LIXT,2012-12-27,15.0,15.0,15.0,15.0,113,15.0,0.0
LIXT,2012-12-28,15.0,15.0,15.0,15.0,0,15.0,0.0
LIXT,2012-12-31,15.0,15.0,15.0,15.0,0,15.0,0.0
LIXT,2013-01-02,15.0,15.0,15.0,15.0,0,15.0,0.0
LIXT,2013-01-03,15.0,15.0,15.0,15.0,0,15.0,0.0
LIXT,2013-01-04,15.0,15.0,15.0,15.0,0,15.0,0.0
LIXT,2013-01-07,15.0,15.0,15.0,15.0,0,15.0,0.0
LIXT,2013-01-08,15.0,15.0,15.0,15.0,0,15.0,0.0
LIXT,2013-01-09,15.0,15.0,15.0,15.0,0,15.0,0.0
LIXT,2013-01-10,15.0,15.0,15.0,15.0,0,15.0,0.0
LIXT,2013-01-11,15.0,15.0,15.0,15.0,0,15.0,0.0
LIXT,2013-01-14,15.0,15.0,15.0,15.0,0,15.0,0.0
LIXT,2013-01-15,15.0,15.0,15.0,15.0,388,15.0,0.0
LIXT,2013-01-16,15.600000381469727,15.600000381469727,15.600000381469727,15.600000381469727,40,15.600000381469727,0.0
LIXT,2013-01-17,18.0,18.0,18.0,18.0,667,18.0,0.0
LIXT,2013-01-18,18.0,18.0,18.0,18.0,0,18.0,0.0
LIXT,2013-01-22,15.0,15.0,15.0,15.0,417,15.0,0.0
LIXT,2013-01-23,27.0,27.0,27.0,27.0,42,27.0,0.0
LIXT,2013-01-24,27.0,27.0,27.0,27.0,0,27.0,0.0
LIXT,2013-01-25,27.0,27.0,27.0,27.0,0,27.0,0.0
LIXT,2013-01-28,44.400001525878906,44.400001525878906,44.400001525878906,44.400001525878906,3,44.400001525878906,0.0
LIXT,2013-01-29,44.400001525878906,44.400001525878906,44.400001525878906,44.400001525878906,0,44.400001525878906,0.0
LIXT,2013-01-30,44.400001525878906,44.400001525878906,44.400001525878906,44.400001525878906,0,44.400001525878906,0.0
LIXT,2013-01-31,44.400001525878906,44.400001525878906,44.400001525878906,44.400001525878906,0,44.400001525878906,0.0
LIXT,2013-02-01,21.0,21.0,21.0,21.0,167,21.0,0.0
LIXT,2013-02-04,21.0,21.0,21.0,21.0,0,21.0,0.0
LIXT,2013-02-05,21.0,21.0,21.0,21.0,0,21.0,0.0
LIXT,2013-02-06,21.0,21.0,21.0,21.0,0,21.0,0.0
LIXT,2013-02-07,21.0,21.0,21.0,21.0,0,21.0,0.0
LIXT,2013-02-08,21.0,21.0,21.0,21.0,0,21.0,0.0
LIXT,2013-02-11,21.0,21.0,21.0,21.0,0,21.0,0.0
LIXT,2013-02-12,21.0,21.0,21.0,21.0,0,21.0,0.0
LIXT,2013-02-13,21.0,21.0,21.0,21.0,0,21.0,0.0
LIXT,2013-02-14,21.0,21.0,21.0,21.0,250,21.0,0.0
LIXT,2013-02-15,21.0,21.0,21.0,21.0,0,21.0,0.0
LIXT,2013-02-19,21.0,21.0,21.0,21.0,0,21.0,0.0
LIXT,2013-02-20,21.0,21.0,21.0,21.0,0,21.0,0.0
LIXT,2013-02-21,21.0,21.0,21.0,21.0,0,21.0,0.0
LIXT,2013-02-22,21.0,21.0,21.0,21.0,0,21.0,0.0
LIXT,2013-02-25,21.0,21.0,21.0,21.0,0,21.0,0.0
LIXT,2013-02-26,21.0,21.0,21.0,21.0,0,21.0,0.0
LIXT,2013-02-27,21.0,21.0,21.0,21.0,0,21.0,0.0
LIXT,2013-02-28,21.0,21.0,21.0,21.0,0,21.0,0.0
LIXT,2013-03-01,21.0,21.0,21.0,21.0,0,21.0,0.0
LIXT,2013-03-04,21.0,21.0,21.0,21.0,0,21.0,0.0
LIXT,2013-03-05,21.0,21.0,21.0,21.0,0,21.0,0.0
LIXT,2013-03-06,21.0,21.0,21.0,21.0,0,21.0,0.0
LIXT,2013-03-07,21.0,21.0,21.0,21.0,0,21.0,0.0
LIXT,2013-03-08,21.0,21.0,21.0,21.0,0,21.0,0.0
LIXT,2013-03-11,21.0,21.0,21.0,21.0,0,21.0,0.0
LIXT,2013-03-12,21.0,21.0,21.0,21.0,0,21.0,0.0
LIXT,2013-03-13,21.0,21.0,21.0,21.0,0,21.0,0.0
LIXT,2013-03-14,21.0,21.0,21.0,21.0,0,21.0,0.0
LIXT,2013-03-15,21.0,21.0,21.0,21.0,0,21.0,0.0
LIXT,2013-03-18,21.0,21.0,21.0,21.0,0,21.0,0.0
LIXT,2013-03-19,21.0,21.0,21.0,21.0,0,21.0,0.0
LIXT,2013-03-20,21.0,21.0,21.0,21.0,0,21.0,0.0
LIXT,2013-03-21,21.0,21.0,21.0,21.0,0,21.0,0.0
LIXT,2013-03-22,21.0,21.0,21.0,21.0,0,21.0,0.0
LIXT,2013-03-25,21.0,21.0,21.0,21.0,0,21.0,0.0
LIXT,2013-03-26,21.0,21.0,21.0,21.0,0,21.0,0.0
LIXT,2013-03-27,21.0,21.0,21.0,21.0,0,21.0,0.0
LIXT,2013-03-28,21.0,21.0,21.0,21.0,0,21.0,0.0
LIXT,2013-04-01,21.0,21.0,21.0,21.0,0,21.0,0.0
LIXT,2013-04-02,21.0,21.0,21.0,21.0,0,21.0,0.0
LIXT,2013-04-03,21.0,21.0,21.0,21.0,0,21.0,0.0
LIXT,2013-04-04,21.0,21.0,21.0,21.0,0,21.0,0.0
LIXT,2013-04-05,21.0,21.0,21.0,21.0,0,21.0,0.0
LIXT,2013-04-08,21.0,21.0,21.0,21.0,0,21.0,0.0
LIXT,2013-04-09,15.0,15.0,15.0,15.0,560,15.0,0.0
LIXT,2013-04-10,15.0,15.0,15.0,15.0,0,15.0,0.0
LIXT,2013-04-11,15.0,15.0,15.0,15.0,0,15.0,0.0
LIXT,2013-04-12,15.0,15.0,15.0,15.0,0,15.0,0.0
LIXT,2013-04-15,15.0,15.0,15.0,15.0,0,15.0,0.0
LIXT,2013-04-16,12.0,12.0,12.0,12.0,417,12.0,0.0
LIXT,2013-04-17,12.0,12.0,12.0,12.0,417,12.0,0.0
LIXT,2013-04-18,12.0,12.0,12.0,12.0,0,12.0,0.0
LIXT,2013-04-19,12.0,12.0,12.0,12.0,467,12.0,0.0
LIXT,2013-04-22,12.0,12.0,12.0,12.0,0,12.0,0.0
LIXT,2013-04-23,12.0,12.0,12.0,12.0,0,12.0,0.0
LIXT,2013-04-24,12.0,12.0,12.0,12.0,0,12.0,0.0
LIXT,2013-04-25,12.0,12.0,12.0,12.0,25,12.0,0.0
LIXT,2013-04-26,12.0,12.0,12.0,12.0,8,12.0,0.0
LIXT,2013-04-29,12.0,12.0,12.0,12.0,0,12.0,0.0
LIXT,2013-04-30,12.0,12.0,12.0,12.0,167,12.0,0.0
LIXT,2013-05-01,12.0,12.0,12.0,12.0,0,12.0,0.0
LIXT,2013-05-02,12.0,12.0,12.0,12.0,0,12.0,0.0
LIXT,2013-05-03,12.0,12.0,12.0,12.0,0,12.0,0.0
LIXT,2013-05-06,12.0,12.0,12.0,12.0,0,12.0,0.0
LIXT,2013-05-07,12.0,12.0,12.0,12.0,0,12.0,0.0
LIXT,2013-05-08,12.0,12.0,12.0,12.0,67,12.0,0.0
LIXT,2013-05-09,12.0,12.0,12.0,12.0,0,12.0,0.0
LIXT,2013-05-10,12.0,12.0,12.0,12.0,0,12.0,0.0
LIXT,2013-05-13,12.0,12.0,12.0,12.0,0,12.0,0.0
LIXT,2013-05-14,12.0,12.0,12.0,12.0,0,12.0,0.0
LIXT,2013-05-15,12.0,12.0,12.0,12.0,125,12.0,0.0
LIXT,2013-05-16,15.0,15.0,15.0,15.0,443,15.0,0.0
LIXT,2013-05-17,15.0,15.0,15.0,15.0,0,15.0,0.0
LIXT,2013-05-20,51.0,51.0,21.0,21.0,22,21.0,0.0
LIXT,2013-05-21,21.0,21.0,21.0,21.0,12,21.0,0.0
LIXT,2013-05-22,21.0,21.0,21.0,21.0,0,21.0,0.0
LIXT,2013-05-23,21.0,21.0,21.0,21.0,0,21.0,0.0
LIXT,2013-05-24,21.0,21.0,21.0,21.0,0,21.0,0.0
LIXT,2013-05-28,21.0,21.0,21.0,21.0,0,21.0,0.0
LIXT,2013-05-29,15.0,15.0,15.0,15.0,163,15.0,0.0
LIXT,2013-05-30,15.0,15.0,15.0,15.0,0,15.0,0.0
LIXT,2013-05-31,15.0,15.0,15.0,15.0,0,15.0,0.0
LIXT,2013-06-03,15.0,15.0,15.0,15.0,0,15.0,0.0
LIXT,2013-06-04,15.0,15.0,15.0,15.0,0,15.0,0.0
LIXT,2013-06-05,7.800000190734863,15.0,7.800000190734863,15.0,167,15.0,0.0
LIXT,2013-06-06,15.0,15.0,15.0,15.0,0,15.0,0.0
LIXT,2013-06-07,15.0,15.0,15.0,15.0,0,15.0,0.0
LIXT,2013-06-10,15.0,15.0,15.0,15.0,0,15.0,0.0
LIXT,2013-06-11,15.0,15.0,15.0,15.0,0,15.0,0.0
LIXT,2013-06-12,15.0,15.0,15.0,15.0,0,15.0,0.0
LIXT,2013-06-13,15.0,15.0,15.0,15.0,0,15.0,0.0
LIXT,2013-06-14,15.0,15.0,15.0,15.0,0,15.0,0.0
LIXT,2013-06-17,15.0,15.0,15.0,15.0,0,15.0,0.0
LIXT,2013-06-18,15.0,15.0,15.0,15.0,0,15.0,0.0
LIXT,2013-06-19,15.0,15.0,15.0,15.0,0,15.0,0.0
LIXT,2013-06-20,15.0,15.0,15.0,15.0,0,15.0,0.0
LIXT,2013-06-21,15.0,15.0,15.0,15.0,0,15.0,0.0
LIXT,2013-06-24,15.0,15.0,15.0,15.0,0,15.0,0.0
LIXT,2013-06-25,15.0,15.0,15.0,15.0,17,15.0,0.0
LIXT,2013-06-26,15.0,15.0,15.0,15.0,0,15.0,0.0
LIXT,2013-06-27,15.0,15.0,15.0,15.0,0,15.0,0.0
LIXT,2013-06-28,15.0,15.0,15.0,15.0,0,15.0,0.0
LIXT,2013-07-01,15.0,15.0,15.0,15.0,0,15.0,0.0
LIXT,2013-07-02,15.0,15.0,15.0,15.0,0,15.0,0.0
LIXT,2013-07-03,15.0,15.0,15.0,15.0,0,15.0,0.0
LIXT,2013-07-05,15.0,15.0,15.0,15.0,0,15.0,0.0
LIXT,2013-07-08,15.0,15.0,15.0,15.0,0,15.0,0.0
LIXT,2013-07-09,15.0,15.0,15.0,15.0,0,15.0,0.0
LIXT,2013-07-10,15.0,15.0,15.0,15.0,0,15.0,0.0
LIXT,2013-07-11,15.0,15.0,15.0,15.0,0,15.0,0.0
LIXT,2013-07-12,15.0,15.0,15.0,15.0,0,15.0,0.0
LIXT,2013-07-15,15.0,15.0,15.0,15.0,0,15.0,0.0
LIXT,2013-07-16,15.0,15.0,15.0,15.0,0,15.0,0.0
LIXT,2013-07-17,15.0,15.0,15.0,15.0,0,15.0,0.0
LIXT,2013-07-18,15.0,15.0,15.0,15.0,0,15.0,0.0
LIXT,2013-07-19,15.0,15.0,15.0,15.0,0,15.0,0.0
LIXT,2013-07-22,15.0,15.0,15.0,15.0,17,15.0,0.0
LIXT,2013-07-23,15.0,15.0,15.0,15.0,0,15.0,0.0
LIXT,2013-07-24,15.0,15.0,15.0,15.0,0,15.0,0.0
LIXT,2013-07-25,15.0,15.0,15.0,15.0,0,15.0,0.0
LIXT,2013-07-26,15.0,15.0,15.0,15.0,0,15.0,0.0
LIXT,2013-07-29,15.0,15.0,15.0,15.0,0,15.0,0.0
LIXT,2013-07-30,15.0,15.0,15.0,15.0,0,15.0,0.0
LIXT,2013-07-31,15.0,15.0,15.0,15.0,0,15.0,0.0
LIXT,2013-08-01,15.0,15.0,15.0,15.0,0,15.0,0.0
LIXT,2013-08-02,15.0,15.0,15.0,15.0,0,15.0,0.0
LIXT,2013-08-05,15.0,15.0,15.0,15.0,0,15.0,0.0
LIXT,2013-08-06,15.0,15.0,15.0,15.0,0,15.0,0.0
LIXT,2013-08-07,15.0,15.0,15.0,15.0,0,15.0,0.0
LIXT,2013-08-08,15.0,15.0,15.0,15.0,0,15.0,0.0
LIXT,2013-08-09,15.0,15.0,15.0,15.0,0,15.0,0.0
LIXT,2013-08-12,15.0,15.0,15.0,15.0,0,15.0,0.0
LIXT,2013-08-13,15.0,15.0,15.0,15.0,0,15.0,0.0
LIXT,2013-08-14,15.0,15.0,15.0,15.0,0,15.0,0.0
LIXT,2013-08-15,15.0,15.0,15.0,15.0,0,15.0,0.0
LIXT,2013-08-16,15.0,15.0,15.0,15.0,0,15.0,0.0
LIXT,2013-08-19,15.0,15.0,15.0,15.0,0,15.0,0.0
LIXT,2013-08-20,15.0,15.0,15.0,15.0,0,15.0,0.0
LIXT,2013-08-21,15.0,15.0,15.0,15.0,0,15.0,0.0
LIXT,2013-08-22,15.0,15.0,15.0,15.0,0,15.0,0.0
LIXT,2013-08-23,15.0,15.0,15.0,15.0,0,15.0,0.0
LIXT,2013-08-26,15.0,15.0,15.0,15.0,0,15.0,0.0
LIXT,2013-08-27,15.0,15.0,15.0,15.0,0,15.0,0.0
LIXT,2013-08-28,15.0,15.0,15.0,15.0,0,15.0,0.0
LIXT,2013-08-29,15.0,15.0,15.0,15.0,0,15.0,0.0
LIXT,2013-08-30,15.0,15.0,15.0,15.0,0,15.0,0.0
LIXT,2013-09-03,15.0,15.0,15.0,15.0,0,15.0,0.0
LIXT,2013-09-04,15.0,15.0,15.0,15.0,0,15.0,0.0
LIXT,2013-09-05,15.0,15.0,15.0,15.0,0,15.0,0.0
LIXT,2013-09-06,15.0,15.0,15.0,15.0,0,15.0,0.0
LIXT,2013-09-09,15.0,15.0,15.0,15.0,0,15.0,0.0
LIXT,2013-09-10,15.0,15.0,15.0,15.0,0,15.0,0.0
LIXT,2013-09-11,15.0,15.0,15.0,15.0,0,15.0,0.0
LIXT,2013-09-12,15.0,15.0,15.0,15.0,0,15.0,0.0
LIXT,2013-09-13,15.0,15.0,15.0,15.0,0,15.0,0.0
LIXT,2013-09-16,15.0,15.0,15.0,15.0,0,15.0,0.0
LIXT,2013-09-17,15.0,15.0,15.0,15.0,0,15.0,0.0
LIXT,2013-09-18,15.0,15.0,15.0,15.0,0,15.0,0.0
LIXT,2013-09-19,15.0,15.0,15.0,15.0,0,15.0,0.0
LIXT,2013-09-20,15.0,15.0,15.0,15.0,0,15.0,0.0
LIXT,2013-09-23,15.0,15.0,15.0,15.0,0,15.0,0.0
LIXT,2013-09-24,15.0,15.0,15.0,15.0,0,15.0,0.0
LIXT,2013-09-25,15.0,15.0,15.0,15.0,0,15.0,0.0
LIXT,2013-09-26,15.0,15.0,15.0,15.0,0,15.0,0.0
LIXT,2013-09-27,15.0,15.0,15.0,15.0,0,15.0,0.0
LIXT,2013-09-30,15.0,15.0,15.0,15.0,0,15.0,0.0
LIXT,2013-10-01,15.0,15.0,15.0,15.0,0,15.0,0.0
LIXT,2013-10-02,12.0,12.0,12.0,12.0,8,12.0,0.0
LIXT,2013-10-03,12.0,12.0,12.0,12.0,0,12.0,0.0
LIXT,2013-10-04,13.199999809265137,13.199999809265137,13.199999809265137,13.199999809265137,40,13.199999809265137,0.0
LIXT,2013-10-07,13.199999809265137,13.199999809265137,13.199999809265137,13.199999809265137,0,13.199999809265137,0.0
LIXT,2013-10-08,13.199999809265137,13.199999809265137,13.199999809265137,13.199999809265137,0,13.199999809265137,0.0
LIXT,2013-10-09,13.199999809265137,13.199999809265137,13.199999809265137,13.199999809265137,0,13.199999809265137,0.0
LIXT,2013-10-10,13.199999809265137,13.199999809265137,13.199999809265137,13.199999809265137,0,13.199999809265137,0.0
LIXT,2013-10-11,13.199999809265137,13.199999809265137,13.199999809265137,13.199999809265137,0,13.199999809265137,0.0
LIXT,2013-10-14,13.199999809265137,13.199999809265137,13.199999809265137,13.199999809265137,0,13.199999809265137,0.0
LIXT,2013-10-15,13.199999809265137,13.199999809265137,13.199999809265137,13.199999809265137,0,13.199999809265137,0.0
LIXT,2013-10-16,13.199999809265137,13.199999809265137,13.199999809265137,13.199999809265137,8,13.199999809265137,0.0
LIXT,2013-10-17,13.199999809265137,13.199999809265137,13.199999809265137,13.199999809265137,0,13.199999809265137,0.0
LIXT,2013-10-18,13.199999809265137,13.199999809265137,13.199999809265137,13.199999809265137,0,13.199999809265137,0.0
LIXT,2013-10-21,13.199999809265137,13.199999809265137,13.199999809265137,13.199999809265137,0,13.199999809265137,0.0
LIXT,2013-10-22,13.199999809265137,13.199999809265137,13.199999809265137,13.199999809265137,0,13.199999809265137,0.0
LIXT,2013-10-23,13.199999809265137,13.199999809265137,13.199999809265137,13.199999809265137,0,13.199999809265137,0.0
LIXT,2013-10-24,13.199999809265137,13.199999809265137,13.199999809265137,13.199999809265137,0,13.199999809265137,0.0
LIXT,2013-10-25,13.199999809265137,13.199999809265137,13.199999809265137,13.199999809265137,0,13.199999809265137,0.0
LIXT,2013-10-28,13.199999809265137,13.199999809265137,13.199999809265137,13.199999809265137,0,13.199999809265137,0.0
LIXT,2013-10-29,13.199999809265137,13.199999809265137,13.199999809265137,13.199999809265137,0,13.199999809265137,0.0
LIXT,2013-10-30,13.199999809265137,13.199999809265137,13.199999809265137,13.199999809265137,0,13.199999809265137,0.0
LIXT,2013-10-31,13.199999809265137,13.199999809265137,13.199999809265137,13.199999809265137,0,13.199999809265137,0.0
LIXT,2013-11-01,13.199999809265137,13.199999809265137,13.199999809265137,13.199999809265137,0,13.199999809265137,0.0
LIXT,2013-11-04,13.199999809265137,13.199999809265137,13.199999809265137,13.199999809265137,0,13.199999809265137,0.0
LIXT,2013-11-05,13.199999809265137,13.199999809265137,13.199999809265137,13.199999809265137,0,13.199999809265137,0.0
LIXT,2013-11-06,13.199999809265137,13.199999809265137,13.199999809265137,13.199999809265137,0,13.199999809265137,0.0
LIXT,2013-11-07,13.199999809265137,13.199999809265137,13.199999809265137,13.199999809265137,0,13.199999809265137,0.0
LIXT,2013-11-08,13.199999809265137,13.199999809265137,13.199999809265137,13.199999809265137,0,13.199999809265137,0.0
LIXT,2013-11-11,13.199999809265137,13.199999809265137,13.199999809265137,13.199999809265137,0,13.199999809265137,0.0
LIXT,2013-11-12,13.199999809265137,15.0,13.199999809265137,15.0,238,15.0,0.0
LIXT,2013-11-13,33.0,42.0,33.0,42.0,20,42.0,0.0
LIXT,2013-11-14,42.0,42.0,42.0,42.0,0,42.0,0.0
LIXT,2013-11-15,42.0,42.0,42.0,42.0,17,42.0,0.0
LIXT,2013-11-18,42.0,42.0,42.0,42.0,0,42.0,0.0
LIXT,2013-11-19,42.0,42.0,42.0,42.0,0,42.0,0.0
LIXT,2013-11-20,42.0,42.0,42.0,42.0,0,42.0,0.0
LIXT,2013-11-21,42.0,42.0,42.0,42.0,0,42.0,0.0
LIXT,2013-11-22,42.0,42.0,42.0,42.0,0,42.0,0.0
LIXT,2013-11-25,42.0,42.0,42.0,42.0,0,42.0,0.0
LIXT,2013-11-26,12.0,12.0,12.0,12.0,140,12.0,0.0
LIXT,2013-11-27,38.400001525878906,38.400001525878906,38.400001525878906,38.400001525878906,3,38.400001525878906,0.0
LIXT,2013-11-29,38.400001525878906,38.400001525878906,38.400001525878906,38.400001525878906,0,38.400001525878906,0.0
LIXT,2013-12-02,12.600000381469727,12.600000381469727,12.600000381469727,12.600000381469727,42,12.600000381469727,0.0
LIXT,2013-12-03,12.600000381469727,12.600000381469727,12.600000381469727,12.600000381469727,0,12.600000381469727,0.0
LIXT,2013-12-04,12.600000381469727,12.600000381469727,12.600000381469727,12.600000381469727,125,12.600000381469727,0.0
LIXT,2013-12-05,12.600000381469727,12.600000381469727,12.600000381469727,12.600000381469727,0,12.600000381469727,0.0
LIXT,2013-12-06,12.600000381469727,12.600000381469727,12.600000381469727,12.600000381469727,0,12.600000381469727,0.0
LIXT,2013-12-09,12.600000381469727,12.600000381469727,12.600000381469727,12.600000381469727,0,12.600000381469727,0.0
LIXT,2013-12-10,12.600000381469727,12.600000381469727,12.600000381469727,12.600000381469727,0,12.600000381469727,0.0
LIXT,2013-12-11,12.600000381469727,12.600000381469727,12.600000381469727,12.600000381469727,0,12.600000381469727,0.0
LIXT,2013-12-12,12.600000381469727,12.600000381469727,12.600000381469727,12.600000381469727,0,12.600000381469727,0.0
LIXT,2013-12-13,12.600000381469727,12.600000381469727,12.600000381469727,12.600000381469727,0,12.600000381469727,0.0
LIXT,2013-12-16,12.600000381469727,12.600000381469727,12.600000381469727,12.600000381469727,0,12.600000381469727,0.0
LIXT,2013-12-17,12.0,12.0,12.0,12.0,83,12.0,0.0
LIXT,2013-12-18,12.0,12.0,12.0,12.0,0,12.0,0.0
LIXT,2013-12-19,12.0,12.0,12.0,12.0,0,12.0,0.0
LIXT,2013-12-20,12.0,12.0,12.0,12.0,0,12.0,0.0
LIXT,2013-12-23,9.600000381469727,9.600000381469727,7.800000190734863,7.800000190734863,357,7.800000190734863,0.0
LIXT,2013-12-24,7.800000190734863,7.800000190734863,7.800000190734863,7.800000190734863,0,7.800000190734863,0.0
LIXT,2013-12-26,7.800000190734863,7.800000190734863,7.800000190734863,7.800000190734863,0,7.800000190734863,0.0
LIXT,2013-12-27,7.800000190734863,7.800000190734863,7.800000190734863,7.800000190734863,0,7.800000190734863,0.0
LIXT,2013-12-30,7.800000190734863,7.800000190734863,7.800000190734863,7.800000190734863,0,7.800000190734863,0.0
LIXT,2013-12-31,7.800000190734863,7.800000190734863,7.800000190734863,7.800000190734863,118,7.800000190734863,0.0
LIXT,2014-01-02,12.0,12.0,12.0,12.0,250,12.0,0.0
LIXT,2014-01-03,12.0,12.0,12.0,12.0,0,12.0,0.0
LIXT,2014-01-06,12.0,12.0,12.0,12.0,0,12.0,0.0
LIXT,2014-01-07,12.0,12.0,12.0,12.0,0,12.0,0.0
LIXT,2014-01-08,12.0,12.0,12.0,12.0,0,12.0,0.0
LIXT,2014-01-09,12.0,12.0,12.0,12.0,0,12.0,0.0
LIXT,2014-01-10,12.0,12.0,12.0,12.0,0,12.0,0.0
LIXT,2014-01-13,12.600000381469727,12.600000381469727,12.600000381469727,12.600000381469727,83,12.600000381469727,0.0
LIXT,2014-01-14,12.600000381469727,12.600000381469727,12.600000381469727,12.600000381469727,0,12.600000381469727,0.0
LIXT,2014-01-15,12.600000381469727,12.600000381469727,12.600000381469727,12.600000381469727,0,12.600000381469727,0.0
LIXT,2014-01-16,12.0,12.0,12.0,12.0,17,12.0,0.0
LIXT,2014-01-17,12.0,12.0,12.0,12.0,0,12.0,0.0
LIXT,2014-01-21,12.0,12.0,12.0,12.0,0,12.0,0.0
LIXT,2014-01-22,12.0,12.0,12.0,12.0,0,12.0,0.0
LIXT,2014-01-23,9.0,12.0,9.0,12.0,203,12.0,0.0
LIXT,2014-01-24,12.0,12.0,12.0,12.0,17,12.0,0.0
LIXT,2014-01-27,9.0,9.0,9.0,9.0,17,9.0,0.0
LIXT,2014-01-28,9.0,12.0,5.400000095367432,9.0,410,9.0,0.0
LIXT,2014-01-29,42.0,42.0,4.199999809265137,4.199999809265137,175,4.199999809265137,0.0
LIXT,2014-01-30,4.199999809265137,4.199999809265137,4.199999809265137,4.199999809265137,0,4.199999809265137,0.0
LIXT,2014-01-31,4.199999809265137,4.199999809265137,4.199999809265137,4.199999809265137,0,4.199999809265137,0.0
LIXT,2014-02-03,4.199999809265137,4.199999809265137,4.199999809265137,4.199999809265137,0,4.199999809265137,0.0
LIXT,2014-02-04,4.199999809265137,4.199999809265137,4.199999809265137,4.199999809265137,0,4.199999809265137,0.0
LIXT,2014-02-05,4.199999809265137,4.199999809265137,4.199999809265137,4.199999809265137,0,4.199999809265137,0.0
LIXT,2014-02-06,4.199999809265137,4.199999809265137,4.199999809265137,4.199999809265137,0,4.199999809265137,0.0
LIXT,2014-02-07,12.0,12.0,9.0,12.0,487,12.0,0.0
LIXT,2014-02-10,12.0,12.0,12.0,12.0,0,12.0,0.0
LIXT,2014-02-11,12.0,12.0,12.0,12.0,0,12.0,0.0
LIXT,2014-02-12,12.0,12.0,12.0,12.0,0,12.0,0.0
LIXT,2014-02-13,12.0,12.0,12.0,12.0,0,12.0,0.0
LIXT,2014-02-14,12.0,12.0,12.0,12.0,0,12.0,0.0
LIXT,2014-02-18,15.0,15.0,12.600000381469727,12.600000381469727,125,12.600000381469727,0.0
LIXT,2014-02-19,12.600000381469727,12.600000381469727,11.399999618530273,11.399999618530273,205,11.399999618530273,0.0
LIXT,2014-02-20,11.399999618530273,11.399999618530273,11.399999618530273,11.399999618530273,0,11.399999618530273,0.0
LIXT,2014-02-21,11.399999618530273,11.399999618530273,11.399999618530273,11.399999618530273,0,11.399999618530273,0.0
LIXT,2014-02-24,12.0,12.0,12.0,12.0,25,12.0,0.0
LIXT,2014-02-25,12.0,12.0,12.0,12.0,0,12.0,0.0
LIXT,2014-02-26,12.0,12.0,12.0,12.0,15,12.0,0.0
LIXT,2014-02-27,12.0,12.0,12.0,12.0,0,12.0,0.0
LIXT,2014-02-28,12.0,12.0,12.0,12.0,0,12.0,0.0
LIXT,2014-03-03,9.0,9.0,9.0,9.0,133,9.0,0.0
LIXT,2014-03-04,9.0,9.0,9.0,9.0,0,9.0,0.0
LIXT,2014-03-05,9.0,9.0,9.0,9.0,365,9.0,0.0
LIXT,2014-03-06,9.0,9.0,9.0,9.0,0,9.0,0.0
LIXT,2014-03-07,9.0,9.0,9.0,9.0,0,9.0,0.0
LIXT,2014-03-10,9.0,9.0,9.0,9.0,0,9.0,0.0
LIXT,2014-03-11,9.0,9.0,9.0,9.0,0,9.0,0.0
LIXT,2014-03-12,9.0,9.0,9.0,9.0,0,9.0,0.0
LIXT,2014-03-13,9.0,9.0,9.0,9.0,0,9.0,0.0
LIXT,2014-03-14,12.0,12.0,12.0,12.0,30,12.0,0.0
LIXT,2014-03-17,12.0,12.0,12.0,12.0,0,12.0,0.0
LIXT,2014-03-18,12.0,12.0,12.0,12.0,0,12.0,0.0
LIXT,2014-03-19,7.199999809265137,7.199999809265137,7.199999809265137,7.199999809265137,40,7.199999809265137,0.0
LIXT,2014-03-20,7.199999809265137,7.199999809265137,7.199999809265137,7.199999809265137,0,7.199999809265137,0.0
LIXT,2014-03-21,12.0,12.0,12.0,12.0,33,12.0,0.0
LIXT,2014-03-24,12.0,12.0,12.0,12.0,0,12.0,0.0
LIXT,2014-03-25,12.0,12.0,12.0,12.0,0,12.0,0.0
LIXT,2014-03-26,12.0,12.0,12.0,12.0,0,12.0,0.0
LIXT,2014-03-27,12.0,12.0,12.0,12.0,0,12.0,0.0
LIXT,2014-03-28,12.0,12.0,12.0,12.0,0,12.0,0.0
LIXT,2014-03-31,12.0,12.0,12.0,12.0,0,12.0,0.0
LIXT,2014-04-01,12.0,12.0,12.0,12.0,0,12.0,0.0
LIXT,2014-04-02,12.0,12.0,12.0,12.0,0,12.0,0.0
LIXT,2014-04-03,12.0,12.0,12.0,12.0,0,12.0,0.0
LIXT,2014-04-04,12.0,12.0,12.0,12.0,612,12.0,0.0
LIXT,2014-04-07,11.399999618530273,12.0,11.399999618530273,12.0,385,12.0,0.0
LIXT,2014-04-08,12.0,12.0,12.0,12.0,0,12.0,0.0
LIXT,2014-04-09,12.0,12.0,12.0,12.0,0,12.0,0.0
LIXT,2014-04-10,12.0,12.0,12.0,12.0,0,12.0,0.0
LIXT,2014-04-11,12.0,12.0,12.0,12.0,0,12.0,0.0
LIXT,2014-04-14,12.0,12.0,12.0,12.0,0,12.0,0.0
LIXT,2014-04-15,12.0,12.0,12.0,12.0,0,12.0,0.0
LIXT,2014-04-16,12.0,12.0,12.0,12.0,0,12.0,0.0
LIXT,2014-04-17,12.0,12.0,12.0,12.0,0,12.0,0.0
LIXT,2014-04-21,12.0,12.0,12.0,12.0,0,12.0,0.0
LIXT,2014-04-22,12.0,12.0,12.0,12.0,83,12.0,0.0
LIXT,2014-04-23,12.0,12.0,12.0,12.0,90,12.0,0.0
LIXT,2014-04-24,12.0,12.0,12.0,12.0,83,12.0,0.0
LIXT,2014-04-25,15.0,15.0,15.0,15.0,72,15.0,0.0
LIXT,2014-04-28,15.0,15.0,15.0,15.0,0,15.0,0.0
LIXT,2014-04-29,15.0,15.0,15.0,15.0,0,15.0,0.0
LIXT,2014-04-30,15.0,15.0,15.0,15.0,0,15.0,0.0
LIXT,2014-05-01,15.0,15.0,15.0,15.0,0,15.0,0.0
LIXT,2014-05-02,15.0,15.0,15.0,15.0,0,15.0,0.0
LIXT,2014-05-05,15.0,15.0,15.0,15.0,0,15.0,0.0
LIXT,2014-05-06,15.0,15.0,15.0,15.0,0,15.0,0.0
LIXT,2014-05-07,15.0,15.0,15.0,15.0,0,15.0,0.0
LIXT,2014-05-08,15.0,15.0,15.0,15.0,0,15.0,0.0
LIXT,2014-05-09,15.0,15.0,15.0,15.0,0,15.0,0.0
LIXT,2014-05-12,15.0,15.0,15.0,15.0,0,15.0,0.0
LIXT,2014-05-13,15.0,15.0,15.0,15.0,0,15.0,0.0
LIXT,2014-05-14,15.0,15.0,15.0,15.0,0,15.0,0.0
LIXT,2014-05-15,15.0,15.0,15.0,15.0,0,15.0,0.0
LIXT,2014-05-16,15.0,15.0,15.0,15.0,0,15.0,0.0
LIXT,2014-05-19,15.0,15.0,15.0,15.0,0,15.0,0.0
LIXT,2014-05-20,15.0,15.0,15.0,15.0,0,15.0,0.0
LIXT,2014-05-21,15.0,15.0,15.0,15.0,0,15.0,0.0
LIXT,2014-05-22,15.0,15.0,9.600000381469727,9.600000381469727,410,9.600000381469727,0.0
LIXT,2014-05-23,33.0,33.0,33.0,33.0,5,33.0,0.0
LIXT,2014-05-27,9.600000381469727,9.600000381469727,9.600000381469727,9.600000381469727,0,9.600000381469727,0.0
LIXT,2014-05-28,33.0,33.0,33.0,33.0,0,33.0,0.0
LIXT,2014-05-29,33.0,33.0,33.0,33.0,0,33.0,0.0
LIXT,2014-05-30,13.199999809265137,13.199999809265137,13.199999809265137,13.199999809265137,410,13.199999809265137,0.0
LIXT,2014-06-02,13.199999809265137,13.199999809265137,13.199999809265137,13.199999809265137,0,13.199999809265137,0.0
LIXT,2014-06-03,13.199999809265137,13.199999809265137,13.199999809265137,13.199999809265137,0,13.199999809265137,0.0
LIXT,2014-06-04,13.199999809265137,13.199999809265137,13.199999809265137,13.199999809265137,0,13.199999809265137,0.0
LIXT,2014-06-05,13.199999809265137,13.199999809265137,13.199999809265137,13.199999809265137,0,13.199999809265137,0.0
LIXT,2014-06-06,13.199999809265137,13.199999809265137,13.199999809265137,13.199999809265137,0,13.199999809265137,0.0
LIXT,2014-06-09,13.199999809265137,13.199999809265137,13.199999809265137,13.199999809265137,0,13.199999809265137,0.0
LIXT,2014-06-10,12.600000381469727,12.600000381469727,12.600000381469727,12.600000381469727,23,12.600000381469727,0.0
LIXT,2014-06-11,12.600000381469727,12.600000381469727,12.600000381469727,12.600000381469727,0,12.600000381469727,0.0
LIXT,2014-06-12,12.600000381469727,12.600000381469727,12.600000381469727,12.600000381469727,0,12.600000381469727,0.0
LIXT,2014-06-13,12.600000381469727,12.600000381469727,12.600000381469727,12.600000381469727,343,12.600000381469727,0.0
LIXT,2014-06-16,12.600000381469727,12.600000381469727,12.600000381469727,12.600000381469727,0,12.600000381469727,0.0
LIXT,2014-06-17,12.600000381469727,12.600000381469727,12.600000381469727,12.600000381469727,0,12.600000381469727,0.0
LIXT,2014-06-18,12.600000381469727,12.600000381469727,12.600000381469727,12.600000381469727,0,12.600000381469727,0.0
LIXT,2014-06-19,15.0,15.0,15.0,15.0,173,15.0,0.0
LIXT,2014-06-20,15.0,15.0,15.0,15.0,8,15.0,0.0
LIXT,2014-06-23,15.0,15.0,15.0,15.0,0,15.0,0.0
LIXT,2014-06-24,15.0,15.0,15.0,15.0,0,15.0,0.0
LIXT,2014-06-25,15.0,15.0,15.0,15.0,0,15.0,0.0
LIXT,2014-06-26,15.0,15.0,15.0,15.0,0,15.0,0.0
LIXT,2014-06-27,15.0,15.0,15.0,15.0,0,15.0,0.0
LIXT,2014-06-30,9.0,9.0,9.0,9.0,417,9.0,0.0
LIXT,2014-07-01,9.0,9.0,9.0,9.0,0,9.0,0.0
LIXT,2014-07-02,9.0,9.0,9.0,9.0,0,9.0,0.0
LIXT,2014-07-03,9.0,9.0,9.0,9.0,0,9.0,0.0
LIXT,2014-07-07,9.0,9.0,9.0,9.0,0,9.0,0.0
LIXT,2014-07-08,9.0,9.0,9.0,9.0,0,9.0,0.0
LIXT,2014-07-09,9.0,9.0,9.0,9.0,0,9.0,0.0
LIXT,2014-07-10,9.0,9.0,9.0,9.0,172,9.0,0.0
LIXT,2014-07-11,9.0,9.0,9.0,9.0,83,9.0,0.0
LIXT,2014-07-14,9.0,9.0,9.0,9.0,167,9.0,0.0
LIXT,2014-07-15,9.0,9.0,9.0,9.0,78,9.0,0.0
LIXT,2014-07-16,9.0,9.0,9.0,9.0,0,9.0,0.0
LIXT,2014-07-17,9.0,9.0,9.0,9.0,0,9.0,0.0
LIXT,2014-07-18,9.0,9.0,9.0,9.0,0,9.0,0.0
LIXT,2014-07-21,12.0,12.0,12.0,12.0,42,12.0,0.0
LIXT,2014-07-22,12.600000381469727,12.600000381469727,12.0,12.0,83,12.0,0.0
LIXT,2014-07-23,12.0,12.0,12.0,12.0,0,12.0,0.0
LIXT,2014-07-24,12.0,12.0,12.0,12.0,0,12.0,0.0
LIXT,2014-07-25,12.0,12.0,12.0,12.0,18,12.0,0.0
LIXT,2014-07-28,12.0,12.0,12.0,12.0,0,12.0,0.0
LIXT,2014-07-29,12.0,12.0,12.0,12.0,0,12.0,0.0
LIXT,2014-07-30,12.0,12.0,12.0,12.0,0,12.0,0.0
LIXT,2014-07-31,12.0,12.0,12.0,12.0,0,12.0,0.0
LIXT,2014-08-01,12.0,12.0,12.0,12.0,0,12.0,0.0
LIXT,2014-08-04,12.0,12.0,12.0,12.0,43,12.0,0.0
LIXT,2014-08-05,12.0,12.0,12.0,12.0,0,12.0,0.0
LIXT,2014-08-06,12.0,12.0,12.0,12.0,0,12.0,0.0
LIXT,2014-08-07,12.0,12.0,12.0,12.0,0,12.0,0.0
LIXT,2014-08-08,11.399999618530273,11.399999618530273,10.199999809265137,10.199999809265137,208,10.199999809265137,0.0
LIXT,2014-08-11,9.600000381469727,9.600000381469727,9.600000381469727,9.600000381469727,83,9.600000381469727,0.0
LIXT,2014-08-12,8.399999618530273,8.399999618530273,8.399999618530273,8.399999618530273,167,8.399999618530273,0.0
LIXT,2014-08-13,7.800000190734863,7.800000190734863,6.599999904632568,6.599999904632568,250,6.599999904632568,0.0
LIXT,2014-08-14,8.399999618530273,8.399999618530273,8.399999618530273,8.399999618530273,33,8.399999618530273,0.0
LIXT,2014-08-15,8.399999618530273,8.399999618530273,8.399999618530273,8.399999618530273,0,8.399999618530273,0.0
LIXT,2014-08-18,8.399999618530273,8.399999618530273,8.399999618530273,8.399999618530273,0,8.399999618530273,0.0
LIXT,2014-08-19,8.399999618530273,8.399999618530273,8.399999618530273,8.399999618530273,0,8.399999618530273,0.0
LIXT,2014-08-20,8.399999618530273,8.399999618530273,8.399999618530273,8.399999618530273,0,8.399999618530273,0.0
LIXT,2014-08-21,8.399999618530273,8.399999618530273,8.399999618530273,8.399999618530273,0,8.399999618530273,0.0
LIXT,2014-08-22,8.399999618530273,8.399999618530273,8.399999618530273,8.399999618530273,0,8.399999618530273,0.0
LIXT,2014-08-25,8.399999618530273,8.399999618530273,8.399999618530273,8.399999618530273,0,8.399999618530273,0.0
LIXT,2014-08-26,8.399999618530273,8.399999618530273,8.399999618530273,8.399999618530273,0,8.399999618530273,0.0
LIXT,2014-08-27,8.399999618530273,8.399999618530273,8.399999618530273,8.399999618530273,0,8.399999618530273,0.0
LIXT,2014-08-28,8.399999618530273,8.399999618530273,8.399999618530273,8.399999618530273,0,8.399999618530273,0.0
LIXT,2014-08-29,29.399999618530273,29.399999618530273,29.399999618530273,29.399999618530273,3,29.399999618530273,0.0
LIXT,2014-09-02,29.399999618530273,29.399999618530273,29.399999618530273,29.399999618530273,0,29.399999618530273,0.0
LIXT,2014-09-03,29.399999618530273,29.399999618530273,29.399999618530273,29.399999618530273,0,29.399999618530273,0.0
LIXT,2014-09-04,29.399999618530273,29.399999618530273,29.399999618530273,29.399999618530273,0,29.399999618530273,0.0
LIXT,2014-09-05,29.399999618530273,29.399999618530273,29.399999618530273,29.399999618530273,0,29.399999618530273,0.0
LIXT,2014-09-08,29.399999618530273,29.399999618530273,29.399999618530273,29.399999618530273,0,29.399999618530273,0.0
LIXT,2014-09-09,29.399999618530273,29.399999618530273,29.399999618530273,29.399999618530273,0,29.399999618530273,0.0
LIXT,2014-09-10,29.399999618530273,29.399999618530273,29.399999618530273,29.399999618530273,0,29.399999618530273,0.0
LIXT,2014-09-11,29.399999618530273,29.399999618530273,29.399999618530273,29.399999618530273,0,29.399999618530273,0.0
LIXT,2014-09-12,29.399999618530273,29.399999618530273,29.399999618530273,29.399999618530273,0,29.399999618530273,0.0
LIXT,2014-09-15,29.399999618530273,29.399999618530273,29.399999618530273,29.399999618530273,0,29.399999618530273,0.0
LIXT,2014-09-16,29.399999618530273,29.399999618530273,29.399999618530273,29.399999618530273,0,29.399999618530273,0.0
LIXT,2014-09-17,29.399999618530273,29.399999618530273,29.399999618530273,29.399999618530273,0,29.399999618530273,0.0
LIXT,2014-09-18,29.399999618530273,29.399999618530273,29.399999618530273,29.399999618530273,0,29.399999618530273,0.0
LIXT,2014-09-19,29.399999618530273,29.399999618530273,29.399999618530273,29.399999618530273,0,29.399999618530273,0.0
LIXT,2014-09-22,29.399999618530273,29.399999618530273,29.399999618530273,29.399999618530273,0,29.399999618530273,0.0
LIXT,2014-09-23,29.399999618530273,29.399999618530273,29.399999618530273,29.399999618530273,0,29.399999618530273,0.0
LIXT,2014-09-24,29.399999618530273,29.399999618530273,29.399999618530273,29.399999618530273,0,29.399999618530273,0.0
LIXT,2014-09-25,29.399999618530273,29.399999618530273,29.399999618530273,29.399999618530273,0,29.399999618530273,0.0
LIXT,2014-09-26,29.399999618530273,29.399999618530273,29.399999618530273,29.399999618530273,0,29.399999618530273,0.0
LIXT,2014-09-29,29.399999618530273,29.399999618530273,29.399999618530273,29.399999618530273,0,29.399999618530273,0.0
LIXT,2014-09-30,29.399999618530273,29.399999618530273,29.399999618530273,29.399999618530273,0,29.399999618530273,0.0
LIXT,2014-10-01,29.399999618530273,29.399999618530273,29.399999618530273,29.399999618530273,0,29.399999618530273,0.0
LIXT,2014-10-02,29.399999618530273,29.399999618530273,29.399999618530273,29.399999618530273,0,29.399999618530273,0.0
LIXT,2014-10-03,15.0,15.0,15.0,15.0,8,15.0,0.0
LIXT,2014-10-06,6.0,6.0,6.0,6.0,8,6.0,0.0
LIXT,2014-10-07,6.0,6.0,6.0,6.0,0,6.0,0.0
LIXT,2014-10-08,6.0,6.0,6.0,6.0,0,6.0,0.0
LIXT,2014-10-09,6.0,6.0,6.0,6.0,0,6.0,0.0
LIXT,2014-10-10,6.0,6.0,6.0,6.0,0,6.0,0.0
LIXT,2014-10-13,6.0,6.0,6.0,6.0,0,6.0,0.0
LIXT,2014-10-14,6.0,6.0,6.0,6.0,0,6.0,0.0
LIXT,2014-10-15,6.0,9.0,6.0,9.0,417,9.0,0.0
LIXT,2014-10-16,9.0,9.0,9.0,9.0,0,9.0,0.0
LIXT,2014-10-17,9.0,9.0,9.0,9.0,0,9.0,0.0
LIXT,2014-10-20,9.0,9.0,9.0,9.0,0,9.0,0.0
LIXT,2014-10-21,9.0,9.0,9.0,9.0,0,9.0,0.0
LIXT,2014-10-22,9.0,9.0,9.0,9.0,0,9.0,0.0
LIXT,2014-10-23,9.0,9.0,9.0,9.0,0,9.0,0.0
LIXT,2014-10-24,16.200000762939453,16.799999237060547,15.0,15.0,267,15.0,0.0
LIXT,2014-10-27,15.0,15.0,15.0,15.0,0,15.0,0.0
LIXT,2014-10-28,9.0,9.0,9.0,9.0,667,9.0,0.0
LIXT,2014-10-29,9.0,9.0,9.0,9.0,0,9.0,0.0
LIXT,2014-10-30,9.0,9.0,9.0,9.0,0,9.0,0.0
LIXT,2014-10-31,9.0,9.0,9.0,9.0,0,9.0,0.0
LIXT,2014-11-03,9.0,9.0,9.0,9.0,0,9.0,0.0
LIXT,2014-11-04,9.0,9.0,9.0,9.0,0,9.0,0.0
LIXT,2014-11-05,9.0,9.0,9.0,9.0,0,9.0,0.0
LIXT,2014-11-06,11.399999618530273,11.399999618530273,10.800000190734863,11.399999618530273,63,11.399999618530273,0.0
LIXT,2014-11-07,9.0,10.800000190734863,9.0,10.800000190734863,458,10.800000190734863,0.0
LIXT,2014-11-10,10.800000190734863,10.800000190734863,10.800000190734863,10.800000190734863,13,10.800000190734863,0.0
LIXT,2014-11-11,12.600000381469727,12.600000381469727,12.600000381469727,12.600000381469727,42,12.600000381469727,0.0
LIXT,2014-11-12,12.600000381469727,12.600000381469727,12.600000381469727,12.600000381469727,0,12.600000381469727,0.0
LIXT,2014-11-13,12.600000381469727,12.600000381469727,12.0,12.600000381469727,240,12.600000381469727,0.0
LIXT,2014-11-14,14.399999618530273,14.399999618530273,14.399999618530273,14.399999618530273,12,14.399999618530273,0.0
LIXT,2014-11-17,14.399999618530273,14.399999618530273,14.399999618530273,14.399999618530273,0,14.399999618530273,0.0
LIXT,2014-11-18,14.399999618530273,25.799999237060547,14.399999618530273,24.600000381469727,115,24.600000381469727,0.0
LIXT,2014-11-19,23.399999618530273,29.399999618530273,23.399999618530273,28.799999237060547,342,28.799999237060547,0.0
LIXT,2014-11-20,29.399999618530273,30.0,28.799999237060547,30.0,927,30.0,0.0
LIXT,2014-11-21,25.200000762939453,29.399999618530273,21.0,26.399999618530273,473,26.399999618530273,0.0
LIXT,2014-11-24,22.200000762939453,22.200000762939453,21.0,21.0,133,21.0,0.0
LIXT,2014-11-25,21.0,21.0,18.0,19.799999237060547,1092,19.799999237060547,0.0
LIXT,2014-11-26,21.0,21.0,21.0,21.0,247,21.0,0.0
LIXT,2014-11-28,21.0,24.600000381469727,21.0,24.600000381469727,48,24.600000381469727,0.0
LIXT,2014-12-01,19.799999237060547,21.0,19.799999237060547,21.0,600,21.0,0.0
LIXT,2014-12-02,24.600000381469727,24.600000381469727,19.799999237060547,19.799999237060547,58,19.799999237060547,0.0
LIXT,2014-12-03,15.0,18.0,15.0,18.0,560,18.0,0.0
LIXT,2014-12-04,18.0,18.0,18.0,18.0,0,18.0,0.0
LIXT,2014-12-05,18.0,23.399999618530273,18.0,18.0,1160,18.0,0.0
LIXT,2014-12-08,15.600000381469727,18.0,15.0,18.0,917,18.0,0.0
LIXT,2014-12-09,18.0,18.0,18.0,18.0,175,18.0,0.0
LIXT,2014-12-10,15.600000381469727,17.399999618530273,15.0,17.399999618530273,1070,17.399999618530273,0.0
LIXT,2014-12-11,17.399999618530273,19.799999237060547,16.799999237060547,16.799999237060547,632,16.799999237060547,0.0
LIXT,2014-12-12,16.799999237060547,16.799999237060547,16.799999237060547,16.799999237060547,0,16.799999237060547,0.0
LIXT,2014-12-15,15.600000381469727,15.600000381469727,15.600000381469727,15.600000381469727,202,15.600000381469727,0.0
LIXT,2014-12-16,15.600000381469727,15.600000381469727,15.600000381469727,15.600000381469727,0,15.600000381469727,0.0
LIXT,2014-12-17,15.600000381469727,15.600000381469727,15.600000381469727,15.600000381469727,0,15.600000381469727,0.0
LIXT,2014-12-18,15.600000381469727,15.600000381469727,15.600000381469727,15.600000381469727,0,15.600000381469727,0.0
LIXT,2014-12-19,17.399999618530273,17.399999618530273,17.399999618530273,17.399999618530273,445,17.399999618530273,0.0
LIXT,2014-12-22,18.0,21.0,17.399999618530273,21.0,50,21.0,0.0
LIXT,2014-12-23,21.0,21.0,17.399999618530273,18.0,372,18.0,0.0
LIXT,2014-12-24,18.0,18.0,18.0,18.0,0,18.0,0.0
LIXT,2014-12-26,18.0,18.0,18.0,18.0,0,18.0,0.0
LIXT,2014-12-29,6.0,15.0,6.0,15.0,38,15.0,0.0
LIXT,2014-12-30,15.0,15.0,15.0,15.0,67,15.0,0.0
LIXT,2014-12-31,15.0,15.0,14.399999618530273,14.399999618530273,583,14.399999618530273,0.0
LIXT,2015-01-02,14.399999618530273,14.399999618530273,14.399999618530273,14.399999618530273,0,14.399999618530273,0.0
LIXT,2015-01-05,14.399999618530273,14.399999618530273,14.399999618530273,14.399999618530273,0,14.399999618530273,0.0
LIXT,2015-01-06,14.399999618530273,14.399999618530273,14.399999618530273,14.399999618530273,0,14.399999618530273,0.0
LIXT,2015-01-07,14.399999618530273,14.399999618530273,14.399999618530273,14.399999618530273,0,14.399999618530273,0.0
LIXT,2015-01-08,14.399999618530273,14.399999618530273,14.399999618530273,14.399999618530273,0,14.399999618530273,0.0
LIXT,2015-01-09,14.399999618530273,14.399999618530273,14.399999618530273,14.399999618530273,0,14.399999618530273,0.0
LIXT,2015-01-12,14.399999618530273,14.399999618530273,14.399999618530273,14.399999618530273,0,14.399999618530273,0.0
LIXT,2015-01-13,14.399999618530273,14.399999618530273,14.399999618530273,14.399999618530273,0,14.399999618530273,0.0
LIXT,2015-01-14,14.399999618530273,14.399999618530273,9.0,9.0,95,9.0,0.0
LIXT,2015-01-15,9.0,9.0,9.0,9.0,0,9.0,0.0
LIXT,2015-01-16,9.0,9.0,9.0,9.0,0,9.0,0.0
LIXT,2015-01-20,9.0,9.0,9.0,9.0,0,9.0,0.0
LIXT,2015-01-21,9.0,9.0,9.0,9.0,0,9.0,0.0
LIXT,2015-01-22,9.600000381469727,9.600000381469727,9.600000381469727,9.600000381469727,167,9.600000381469727,0.0
LIXT,2015-01-23,14.399999618530273,15.0,14.399999618530273,15.0,207,15.0,0.0
LIXT,2015-01-26,15.0,15.0,15.0,15.0,92,15.0,0.0
LIXT,2015-01-27,15.0,15.0,15.0,15.0,0,15.0,0.0
LIXT,2015-01-28,12.0,12.0,12.0,12.0,45,12.0,0.0
LIXT,2015-01-29,9.600000381469727,15.0,9.600000381469727,15.0,128,15.0,0.0
LIXT,2015-01-30,9.600000381469727,9.600000381469727,9.600000381469727,9.600000381469727,2,9.600000381469727,0.0
LIXT,2015-02-02,10.800000190734863,19.799999237060547,10.800000190734863,19.799999237060547,18,19.799999237060547,0.0
LIXT,2015-02-03,19.799999237060547,19.799999237060547,12.0,12.0,312,12.0,0.0
LIXT,2015-02-04,12.0,19.200000762939453,10.800000190734863,10.800000190734863,202,10.800000190734863,0.0
LIXT,2015-02-05,14.399999618530273,15.0,14.399999618530273,15.0,533,15.0,0.0
LIXT,2015-02-06,14.399999618530273,15.0,14.399999618530273,15.0,333,15.0,0.0
LIXT,2015-02-09,15.0,15.0,15.0,15.0,0,15.0,0.0
LIXT,2015-02-10,15.0,15.0,15.0,15.0,583,15.0,0.0
LIXT,2015-02-11,12.600000381469727,12.600000381469727,12.0,12.0,208,12.0,0.0
LIXT,2015-02-12,12.0,12.0,12.0,12.0,0,12.0,0.0
LIXT,2015-02-13,15.0,15.0,15.0,15.0,55,15.0,0.0
LIXT,2015-02-17,15.0,15.0,15.0,15.0,0,15.0,0.0
LIXT,2015-02-18,15.0,15.0,15.0,15.0,0,15.0,0.0
LIXT,2015-02-19,15.0,15.0,15.0,15.0,0,15.0,0.0
LIXT,2015-02-20,14.399999618530273,15.0,14.399999618530273,15.0,33,15.0,0.0
LIXT,2015-02-23,9.600000381469727,12.0,4.199999809265137,9.600000381469727,4598,9.600000381469727,0.0
LIXT,2015-02-24,9.600000381469727,9.600000381469727,9.600000381469727,9.600000381469727,0,9.600000381469727,0.0
LIXT,2015-02-25,10.800000190734863,13.199999809265137,10.199999809265137,12.0,1965,12.0,0.0
LIXT,2015-02-26,9.0,9.0,9.0,9.0,92,9.0,0.0
LIXT,2015-02-27,9.600000381469727,14.399999618530273,9.0,14.399999618530273,728,14.399999618530273,0.0
LIXT,2015-03-02,16.200000762939453,16.200000762939453,15.0,15.0,650,15.0,0.0
LIXT,2015-03-03,16.200000762939453,19.799999237060547,16.200000762939453,18.0,1382,18.0,0.0
LIXT,2015-03-04,18.0,19.200000762939453,18.0,18.0,542,18.0,0.0
LIXT,2015-03-05,27.0,27.0,19.799999237060547,19.799999237060547,165,19.799999237060547,0.0
LIXT,2015-03-06,18.0,18.0,18.0,18.0,417,18.0,0.0
LIXT,2015-03-09,18.0,18.0,18.0,18.0,67,18.0,0.0
LIXT,2015-03-10,15.0,15.0,15.0,15.0,417,15.0,0.0
LIXT,2015-03-11,15.0,15.0,13.800000190734863,13.800000190734863,473,13.800000190734863,0.0
LIXT,2015-03-12,13.800000190734863,15.0,13.800000190734863,15.0,608,15.0,0.0
LIXT,2015-03-13,15.0,15.0,15.0,15.0,0,15.0,0.0
LIXT,2015-03-16,15.0,15.0,15.0,15.0,0,15.0,0.0
LIXT,2015-03-17,15.0,15.0,15.0,15.0,0,15.0,0.0
LIXT,2015-03-18,15.0,16.200000762939453,15.0,16.200000762939453,500,16.200000762939453,0.0
LIXT,2015-03-19,16.200000762939453,16.200000762939453,16.200000762939453,16.200000762939453,0,16.200000762939453,0.0
LIXT,2015-03-20,17.399999618530273,17.399999618530273,14.399999618530273,15.0,545,15.0,0.0
LIXT,2015-03-23,17.399999618530273,17.399999618530273,15.0,15.0,700,15.0,0.0
LIXT,2015-03-24,17.399999618530273,17.399999618530273,17.399999618530273,17.399999618530273,50,17.399999618530273,0.0
LIXT,2015-03-25,15.0,15.0,15.0,15.0,83,15.0,0.0
LIXT,2015-03-26,15.0,15.0,15.0,15.0,0,15.0,0.0
LIXT,2015-03-27,15.600000381469727,15.600000381469727,15.600000381469727,15.600000381469727,42,15.600000381469727,0.0
LIXT,2015-03-30,13.800000190734863,13.800000190734863,13.800000190734863,13.800000190734863,25,13.800000190734863,0.0
LIXT,2015-03-31,15.600000381469727,15.600000381469727,15.600000381469727,15.600000381469727,183,15.600000381469727,0.0
LIXT,2015-04-01,15.600000381469727,18.0,15.600000381469727,18.0,632,18.0,0.0
LIXT,2015-04-02,21.0,21.0,21.0,21.0,167,21.0,0.0
LIXT,2015-04-06,15.0,15.0,15.0,15.0,37,15.0,0.0
LIXT,2015-04-07,15.0,15.0,15.0,15.0,0,15.0,0.0
LIXT,2015-04-08,15.0,15.0,15.0,15.0,0,15.0,0.0
LIXT,2015-04-09,13.800000190734863,13.800000190734863,13.800000190734863,13.800000190734863,342,13.800000190734863,0.0
LIXT,2015-04-10,16.799999237060547,16.799999237060547,16.799999237060547,16.799999237060547,23,16.799999237060547,0.0
LIXT,2015-04-13,12.0,12.0,12.0,12.0,332,12.0,0.0
LIXT,2015-04-14,12.0,12.0,12.0,12.0,0,12.0,0.0
LIXT,2015-04-15,15.600000381469727,15.600000381469727,15.600000381469727,15.600000381469727,122,15.600000381469727,0.0
LIXT,2015-04-16,15.600000381469727,15.600000381469727,15.600000381469727,15.600000381469727,0,15.600000381469727,0.0
LIXT,2015-04-17,15.600000381469727,15.600000381469727,15.600000381469727,15.600000381469727,0,15.600000381469727,0.0
LIXT,2015-04-20,15.600000381469727,15.600000381469727,15.600000381469727,15.600000381469727,0,15.600000381469727,0.0
LIXT,2015-04-21,15.600000381469727,15.600000381469727,15.600000381469727,15.600000381469727,0,15.600000381469727,0.0
LIXT,2015-04-22,15.600000381469727,15.600000381469727,15.600000381469727,15.600000381469727,0,15.600000381469727,0.0
LIXT,2015-04-23,12.0,12.0,12.0,12.0,333,12.0,0.0
LIXT,2015-04-24,12.0,12.0,12.0,12.0,33,12.0,0.0
LIXT,2015-04-27,12.0,12.0,12.0,12.0,0,12.0,0.0
LIXT,2015-04-28,12.0,12.0,12.0,12.0,0,12.0,0.0
LIXT,2015-04-29,12.0,12.0,12.0,12.0,488,12.0,0.0
LIXT,2015-04-30,12.0,12.0,12.0,12.0,0,12.0,0.0
LIXT,2015-05-01,12.0,12.0,12.0,12.0,0,12.0,0.0
LIXT,2015-05-04,12.0,12.0,12.0,12.0,250,12.0,0.0
LIXT,2015-05-05,12.0,12.0,12.0,12.0,0,12.0,0.0
LIXT,2015-05-06,12.0,12.0,12.0,12.0,0,12.0,0.0
LIXT,2015-05-07,12.0,12.0,12.0,12.0,0,12.0,0.0
LIXT,2015-05-08,10.800000190734863,10.800000190734863,10.800000190734863,10.800000190734863,17,10.800000190734863,0.0
LIXT,2015-05-11,10.800000190734863,10.800000190734863,10.800000190734863,10.800000190734863,0,10.800000190734863,0.0
LIXT,2015-05-12,10.800000190734863,10.800000190734863,10.800000190734863,10.800000190734863,0,10.800000190734863,0.0
LIXT,2015-05-13,10.800000190734863,10.800000190734863,10.800000190734863,10.800000190734863,0,10.800000190734863,0.0
LIXT,2015-05-14,10.800000190734863,10.800000190734863,10.800000190734863,10.800000190734863,0,10.800000190734863,0.0
LIXT,2015-05-15,11.399999618530273,11.399999618530273,11.399999618530273,11.399999618530273,17,11.399999618530273,0.0
LIXT,2015-05-18,12.0,12.0,12.0,12.0,42,12.0,0.0
LIXT,2015-05-19,12.0,12.0,12.0,12.0,0,12.0,0.0
LIXT,2015-05-20,12.0,12.0,12.0,12.0,0,12.0,0.0
LIXT,2015-05-21,12.0,12.0,12.0,12.0,0,12.0,0.0
LIXT,2015-05-22,12.0,12.0,12.0,12.0,13,12.0,0.0
LIXT,2015-05-26,12.0,12.0,12.0,12.0,0,12.0,0.0
LIXT,2015-05-27,12.0,12.0,12.0,12.0,0,12.0,0.0
LIXT,2015-05-28,12.0,12.0,12.0,12.0,0,12.0,0.0
LIXT,2015-05-29,12.0,12.0,12.0,12.0,0,12.0,0.0
LIXT,2015-06-01,12.0,12.0,12.0,12.0,0,12.0,0.0
LIXT,2015-06-02,12.0,12.0,12.0,12.0,0,12.0,0.0
LIXT,2015-06-03,12.0,12.0,12.0,12.0,0,12.0,0.0
LIXT,2015-06-04,12.0,12.0,12.0,12.0,0,12.0,0.0
LIXT,2015-06-05,13.199999809265137,13.199999809265137,13.199999809265137,13.199999809265137,33,13.199999809265137,0.0
LIXT,2015-06-08,9.0,9.0,8.399999618530273,9.0,428,9.0,0.0
LIXT,2015-06-09,9.0,9.0,9.0,9.0,0,9.0,0.0
LIXT,2015-06-10,9.0,9.0,9.0,9.0,0,9.0,0.0
LIXT,2015-06-11,9.0,9.0,9.0,9.0,0,9.0,0.0
LIXT,2015-06-12,9.0,9.0,9.0,9.0,0,9.0,0.0
LIXT,2015-06-15,9.0,9.0,9.0,9.0,0,9.0,0.0
LIXT,2015-06-16,9.0,9.0,9.0,9.0,0,9.0,0.0
LIXT,2015-06-17,9.0,9.0,9.0,9.0,0,9.0,0.0
LIXT,2015-06-18,9.0,9.0,9.0,9.0,0,9.0,0.0
LIXT,2015-06-19,10.800000190734863,13.800000190734863,10.800000190734863,13.800000190734863,255,13.800000190734863,0.0
LIXT,2015-06-22,13.800000190734863,13.800000190734863,13.800000190734863,13.800000190734863,0,13.800000190734863,0.0
LIXT,2015-06-23,13.800000190734863,13.800000190734863,13.800000190734863,13.800000190734863,0,13.800000190734863,0.0
LIXT,2015-06-24,13.800000190734863,13.800000190734863,13.800000190734863,13.800000190734863,0,13.800000190734863,0.0
LIXT,2015-06-25,15.600000381469727,15.600000381469727,15.600000381469727,15.600000381469727,42,15.600000381469727,0.0
LIXT,2015-06-26,15.600000381469727,15.600000381469727,15.600000381469727,15.600000381469727,0,15.600000381469727,0.0
LIXT,2015-06-29,15.600000381469727,15.600000381469727,15.600000381469727,15.600000381469727,0,15.600000381469727,0.0
LIXT,2015-06-30,15.600000381469727,15.600000381469727,15.600000381469727,15.600000381469727,0,15.600000381469727,0.0
LIXT,2015-07-01,15.600000381469727,15.600000381469727,15.600000381469727,15.600000381469727,0,15.600000381469727,0.0
LIXT,2015-07-02,15.600000381469727,15.600000381469727,15.600000381469727,15.600000381469727,0,15.600000381469727,0.0
LIXT,2015-07-06,15.600000381469727,15.600000381469727,15.600000381469727,15.600000381469727,0,15.600000381469727,0.0
LIXT,2015-07-07,15.600000381469727,15.600000381469727,15.600000381469727,15.600000381469727,0,15.600000381469727,0.0
LIXT,2015-07-08,15.600000381469727,15.600000381469727,15.600000381469727,15.600000381469727,0,15.600000381469727,0.0
LIXT,2015-07-09,15.600000381469727,15.600000381469727,15.600000381469727,15.600000381469727,0,15.600000381469727,0.0
LIXT,2015-07-10,15.600000381469727,15.600000381469727,15.600000381469727,15.600000381469727,0,15.600000381469727,0.0
LIXT,2015-07-13,15.600000381469727,15.600000381469727,15.600000381469727,15.600000381469727,0,15.600000381469727,0.0
LIXT,2015-07-14,15.600000381469727,15.600000381469727,15.600000381469727,15.600000381469727,0,15.600000381469727,0.0
LIXT,2015-07-15,15.600000381469727,15.600000381469727,15.600000381469727,15.600000381469727,0,15.600000381469727,0.0
LIXT,2015-07-16,15.600000381469727,15.600000381469727,15.600000381469727,15.600000381469727,0,15.600000381469727,0.0
LIXT,2015-07-17,15.600000381469727,15.600000381469727,15.600000381469727,15.600000381469727,0,15.600000381469727,0.0
LIXT,2015-07-20,15.0,15.0,15.0,15.0,83,15.0,0.0
LIXT,2015-07-21,15.0,15.0,15.0,15.0,0,15.0,0.0
LIXT,2015-07-22,12.0,15.0,12.0,15.0,725,15.0,0.0
LIXT,2015-07-23,15.0,15.0,15.0,15.0,0,15.0,0.0
LIXT,2015-07-24,15.0,15.0,15.0,15.0,0,15.0,0.0
LIXT,2015-07-27,15.0,15.0,15.0,15.0,0,15.0,0.0
LIXT,2015-07-28,14.399999618530273,18.0,14.399999618530273,18.0,225,18.0,0.0
LIXT,2015-07-29,12.0,12.0,12.0,12.0,197,12.0,0.0
LIXT,2015-07-30,18.0,18.0,18.0,18.0,17,18.0,0.0
LIXT,2015-07-31,18.0,18.0,18.0,18.0,0,18.0,0.0
LIXT,2015-08-03,18.0,18.0,18.0,18.0,0,18.0,0.0
LIXT,2015-08-04,18.0,18.0,18.0,18.0,0,18.0,0.0
LIXT,2015-08-05,18.0,18.0,18.0,18.0,0,18.0,0.0
LIXT,2015-08-06,18.0,18.0,18.0,18.0,0,18.0,0.0
LIXT,2015-08-07,18.0,18.0,18.0,18.0,0,18.0,0.0
LIXT,2015-08-10,18.0,18.0,18.0,18.0,0,18.0,0.0
LIXT,2015-08-11,18.0,18.0,18.0,18.0,0,18.0,0.0
LIXT,2015-08-12,18.0,18.0,18.0,18.0,0,18.0,0.0
LIXT,2015-08-13,18.0,18.0,18.0,18.0,0,18.0,0.0
LIXT,2015-08-14,18.0,18.0,18.0,18.0,0,18.0,0.0
LIXT,2015-08-17,15.0,15.0,12.0,12.0,912,12.0,0.0
LIXT,2015-08-18,12.0,12.0,12.0,12.0,58,12.0,0.0
LIXT,2015-08-19,12.0,12.0,12.0,12.0,0,12.0,0.0
LIXT,2015-08-20,9.600000381469727,9.600000381469727,9.600000381469727,9.600000381469727,38,9.600000381469727,0.0
LIXT,2015-08-21,9.600000381469727,9.600000381469727,9.600000381469727,9.600000381469727,0,9.600000381469727,0.0
LIXT,2015-08-24,9.600000381469727,9.600000381469727,9.600000381469727,9.600000381469727,0,9.600000381469727,0.0
LIXT,2015-08-25,14.399999618530273,15.600000381469727,14.399999618530273,15.600000381469727,333,15.600000381469727,0.0
LIXT,2015-08-26,15.600000381469727,15.600000381469727,15.600000381469727,15.600000381469727,0,15.600000381469727,0.0
LIXT,2015-08-27,15.600000381469727,15.600000381469727,15.600000381469727,15.600000381469727,0,15.600000381469727,0.0
LIXT,2015-08-28,15.600000381469727,15.600000381469727,15.600000381469727,15.600000381469727,0,15.600000381469727,0.0
LIXT,2015-08-31,15.600000381469727,15.600000381469727,15.600000381469727,15.600000381469727,0,15.600000381469727,0.0
LIXT,2015-09-01,15.600000381469727,15.600000381469727,15.600000381469727,15.600000381469727,0,15.600000381469727,0.0
LIXT,2015-09-02,15.600000381469727,15.600000381469727,15.600000381469727,15.600000381469727,0,15.600000381469727,0.0
LIXT,2015-09-03,15.600000381469727,15.600000381469727,15.600000381469727,15.600000381469727,0,15.600000381469727,0.0
LIXT,2015-09-04,15.600000381469727,15.600000381469727,15.600000381469727,15.600000381469727,0,15.600000381469727,0.0
LIXT,2015-09-08,15.600000381469727,15.600000381469727,15.600000381469727,15.600000381469727,0,15.600000381469727,0.0
LIXT,2015-09-09,15.600000381469727,15.600000381469727,15.600000381469727,15.600000381469727,0,15.600000381469727,0.0
LIXT,2015-09-10,15.600000381469727,15.600000381469727,15.600000381469727,15.600000381469727,0,15.600000381469727,0.0
LIXT,2015-09-11,15.600000381469727,15.600000381469727,15.600000381469727,15.600000381469727,0,15.600000381469727,0.0
LIXT,2015-09-14,15.600000381469727,15.600000381469727,15.600000381469727,15.600000381469727,0,15.600000381469727,0.0
LIXT,2015-09-15,15.600000381469727,15.600000381469727,15.600000381469727,15.600000381469727,0,15.600000381469727,0.0
LIXT,2015-09-16,15.600000381469727,15.600000381469727,15.600000381469727,15.600000381469727,0,15.600000381469727,0.0
LIXT,2015-09-17,15.600000381469727,15.600000381469727,15.600000381469727,15.600000381469727,0,15.600000381469727,0.0
LIXT,2015-09-18,15.600000381469727,15.600000381469727,15.600000381469727,15.600000381469727,0,15.600000381469727,0.0
LIXT,2015-09-21,15.600000381469727,15.600000381469727,15.600000381469727,15.600000381469727,0,15.600000381469727,0.0
LIXT,2015-09-22,15.600000381469727,15.600000381469727,15.600000381469727,15.600000381469727,0,15.600000381469727,0.0
LIXT,2015-09-23,15.600000381469727,15.600000381469727,15.600000381469727,15.600000381469727,0,15.600000381469727,0.0
LIXT,2015-09-24,15.600000381469727,15.600000381469727,15.600000381469727,15.600000381469727,7,15.600000381469727,0.0
LIXT,2015-09-25,15.600000381469727,15.600000381469727,15.600000381469727,15.600000381469727,0,15.600000381469727,0.0
LIXT,2015-09-28,15.600000381469727,15.600000381469727,15.600000381469727,15.600000381469727,0,15.600000381469727,0.0
LIXT,2015-09-29,15.600000381469727,15.600000381469727,15.600000381469727,15.600000381469727,0,15.600000381469727,0.0
LIXT,2015-09-30,9.600000381469727,9.600000381469727,9.600000381469727,9.600000381469727,12,9.600000381469727,0.0
LIXT,2015-10-01,9.600000381469727,9.600000381469727,9.600000381469727,9.600000381469727,0,9.600000381469727,0.0
LIXT,2015-10-02,9.600000381469727,9.600000381469727,9.600000381469727,9.600000381469727,0,9.600000381469727,0.0
LIXT,2015-10-05,9.600000381469727,9.600000381469727,9.600000381469727,9.600000381469727,17,9.600000381469727,0.0
LIXT,2015-10-06,9.600000381469727,9.600000381469727,9.600000381469727,9.600000381469727,0,9.600000381469727,0.0
LIXT,2015-10-07,9.600000381469727,9.600000381469727,9.600000381469727,9.600000381469727,0,9.600000381469727,0.0
LIXT,2015-10-08,9.600000381469727,9.600000381469727,9.600000381469727,9.600000381469727,0,9.600000381469727,0.0
LIXT,2015-10-09,9.600000381469727,9.600000381469727,9.600000381469727,9.600000381469727,0,9.600000381469727,0.0
LIXT,2015-10-12,9.600000381469727,9.600000381469727,9.600000381469727,9.600000381469727,0,9.600000381469727,0.0
LIXT,2015-10-13,9.600000381469727,9.600000381469727,9.600000381469727,9.600000381469727,0,9.600000381469727,0.0
LIXT,2015-10-14,9.600000381469727,9.600000381469727,9.600000381469727,9.600000381469727,0,9.600000381469727,0.0
LIXT,2015-10-15,9.600000381469727,9.600000381469727,9.600000381469727,9.600000381469727,0,9.600000381469727,0.0
LIXT,2015-10-16,9.600000381469727,9.600000381469727,9.600000381469727,9.600000381469727,0,9.600000381469727,0.0
LIXT,2015-10-19,9.600000381469727,9.600000381469727,9.600000381469727,9.600000381469727,0,9.600000381469727,0.0
LIXT,2015-10-20,9.600000381469727,9.600000381469727,9.600000381469727,9.600000381469727,0,9.600000381469727,0.0
LIXT,2015-10-21,9.600000381469727,9.600000381469727,9.600000381469727,9.600000381469727,0,9.600000381469727,0.0
LIXT,2015-10-22,9.600000381469727,9.600000381469727,9.600000381469727,9.600000381469727,0,9.600000381469727,0.0
LIXT,2015-10-23,10.199999809265137,10.199999809265137,10.199999809265137,10.199999809265137,183,10.199999809265137,0.0
LIXT,2015-10-26,10.199999809265137,10.199999809265137,10.199999809265137,10.199999809265137,0,10.199999809265137,0.0
LIXT,2015-10-27,10.199999809265137,10.199999809265137,10.199999809265137,10.199999809265137,0,10.199999809265137,0.0
LIXT,2015-10-28,10.199999809265137,10.199999809265137,10.199999809265137,10.199999809265137,0,10.199999809265137,0.0
LIXT,2015-10-29,10.199999809265137,10.199999809265137,10.199999809265137,10.199999809265137,0,10.199999809265137,0.0
LIXT,2015-10-30,10.199999809265137,10.199999809265137,10.199999809265137,10.199999809265137,0,10.199999809265137,0.0
LIXT,2015-11-02,10.199999809265137,10.199999809265137,10.199999809265137,10.199999809265137,0,10.199999809265137,0.0
LIXT,2015-11-03,9.600000381469727,9.600000381469727,9.600000381469727,9.600000381469727,283,9.600000381469727,0.0
LIXT,2015-11-04,9.600000381469727,9.600000381469727,9.600000381469727,9.600000381469727,0,9.600000381469727,0.0
LIXT,2015-11-05,9.600000381469727,9.600000381469727,9.600000381469727,9.600000381469727,105,9.600000381469727,0.0
LIXT,2015-11-06,9.600000381469727,15.600000381469727,8.399999618530273,15.600000381469727,893,15.600000381469727,0.0
LIXT,2015-11-09,18.0,22.799999237060547,18.0,22.200000762939453,183,22.200000762939453,0.0
LIXT,2015-11-10,22.200000762939453,22.200000762939453,21.600000381469727,22.200000762939453,32,22.200000762939453,0.0
LIXT,2015-11-11,22.200000762939453,22.200000762939453,22.200000762939453,22.200000762939453,188,22.200000762939453,0.0
LIXT,2015-11-12,22.200000762939453,22.200000762939453,22.200000762939453,22.200000762939453,0,22.200000762939453,0.0
LIXT,2015-11-13,22.200000762939453,23.399999618530273,21.600000381469727,23.399999618530273,317,23.399999618530273,0.0
LIXT,2015-11-16,23.399999618530273,23.399999618530273,23.399999618530273,23.399999618530273,225,23.399999618530273,0.0
LIXT,2015-11-17,23.399999618530273,23.399999618530273,23.399999618530273,23.399999618530273,250,23.399999618530273,0.0
LIXT,2015-11-18,23.399999618530273,23.399999618530273,23.399999618530273,23.399999618530273,0,23.399999618530273,0.0
LIXT,2015-11-19,23.399999618530273,23.399999618530273,23.399999618530273,23.399999618530273,152,23.399999618530273,0.0
LIXT,2015-11-20,23.399999618530273,23.399999618530273,23.399999618530273,23.399999618530273,0,23.399999618530273,0.0
LIXT,2015-11-23,24.0,24.0,24.0,24.0,187,24.0,0.0
LIXT,2015-11-24,24.0,24.0,24.0,24.0,42,24.0,0.0
LIXT,2015-11-25,24.0,24.0,24.0,24.0,0,24.0,0.0
LIXT,2015-11-27,30.600000381469727,31.200000762939453,30.600000381469727,31.200000762939453,42,31.200000762939453,0.0
LIXT,2015-11-30,59.400001525878906,59.400001525878906,39.0,39.0,318,39.0,0.0
LIXT,2015-12-01,45.0,90.0,42.0,42.0,65,42.0,0.0
LIXT,2015-12-02,45.0,45.0,42.0,42.0,350,42.0,0.0
LIXT,2015-12-03,42.0,42.0,42.0,42.0,93,42.0,0.0
LIXT,2015-12-04,41.400001525878906,42.0,41.400001525878906,42.0,118,42.0,0.0
LIXT,2015-12-07,42.0,42.0,42.0,42.0,0,42.0,0.0
LIXT,2015-12-08,42.0,42.0,42.0,42.0,0,42.0,0.0
LIXT,2015-12-09,36.0,36.0,36.0,36.0,22,36.0,0.0
LIXT,2015-12-10,36.0,36.0,36.0,36.0,0,36.0,0.0
LIXT,2015-12-11,36.0,36.0,36.0,36.0,0,36.0,0.0
LIXT,2015-12-14,36.0,36.0,36.0,36.0,0,36.0,0.0
LIXT,2015-12-15,26.399999618530273,26.399999618530273,26.399999618530273,26.399999618530273,113,26.399999618530273,0.0
LIXT,2015-12-16,24.0,24.0,24.0,24.0,25,24.0,0.0
LIXT,2015-12-17,24.0,24.0,24.0,24.0,0,24.0,0.0
LIXT,2015-12-18,24.0,24.0,24.0,24.0,43,24.0,0.0
LIXT,2015-12-21,24.0,24.0,24.0,24.0,0,24.0,0.0
LIXT,2015-12-22,24.0,24.0,22.200000762939453,22.200000762939453,293,22.200000762939453,0.0
LIXT,2015-12-23,27.0,27.0,21.0,21.0,263,21.0,0.0
LIXT,2015-12-24,21.0,21.0,21.0,21.0,608,21.0,0.0
LIXT,2015-12-28,18.0,18.0,18.0,18.0,63,18.0,0.0
LIXT,2015-12-29,12.600000381469727,13.199999809265137,12.600000381469727,12.600000381469727,183,12.600000381469727,0.0
LIXT,2015-12-30,12.600000381469727,12.600000381469727,12.600000381469727,12.600000381469727,0,12.600000381469727,0.0
LIXT,2015-12-31,18.0,18.0,18.0,18.0,43,18.0,0.0
LIXT,2016-01-04,18.0,27.0,18.0,27.0,55,27.0,0.0
LIXT,2016-01-05,19.799999237060547,21.0,19.799999237060547,21.0,283,21.0,0.0
LIXT,2016-01-06,21.0,21.0,21.0,21.0,0,21.0,0.0
LIXT,2016-01-07,21.0,21.0,21.0,21.0,0,21.0,0.0
LIXT,2016-01-08,21.0,21.0,21.0,21.0,0,21.0,0.0
LIXT,2016-01-11,16.200000762939453,16.200000762939453,16.200000762939453,16.200000762939453,63,16.200000762939453,0.0
LIXT,2016-01-12,18.0,18.0,18.0,18.0,13,18.0,0.0
LIXT,2016-01-13,18.0,18.0,18.0,18.0,33,18.0,0.0
LIXT,2016-01-14,27.0,27.0,15.0,18.0,553,18.0,0.0
LIXT,2016-01-15,18.0,18.0,18.0,18.0,0,18.0,0.0
LIXT,2016-01-19,18.0,18.0,18.0,18.0,0,18.0,0.0
LIXT,2016-01-20,13.199999809265137,13.199999809265137,13.199999809265137,13.199999809265137,183,13.199999809265137,0.0
LIXT,2016-01-21,13.199999809265137,13.199999809265137,13.199999809265137,13.199999809265137,185,13.199999809265137,0.0
LIXT,2016-01-22,13.199999809265137,13.199999809265137,13.199999809265137,13.199999809265137,50,13.199999809265137,0.0
LIXT,2016-01-25,13.199999809265137,13.199999809265137,13.199999809265137,13.199999809265137,0,13.199999809265137,0.0
LIXT,2016-01-26,13.199999809265137,13.199999809265137,13.199999809265137,13.199999809265137,167,13.199999809265137,0.0
LIXT,2016-01-27,14.399999618530273,14.399999618530273,13.199999809265137,13.199999809265137,185,13.199999809265137,0.0
LIXT,2016-01-28,13.199999809265137,13.199999809265137,13.199999809265137,13.199999809265137,0,13.199999809265137,0.0
LIXT,2016-01-29,13.800000190734863,13.800000190734863,13.800000190734863,13.800000190734863,42,13.800000190734863,0.0
LIXT,2016-02-01,13.800000190734863,13.800000190734863,13.800000190734863,13.800000190734863,0,13.800000190734863,0.0
LIXT,2016-02-02,15.0,15.0,15.0,15.0,180,15.0,0.0
LIXT,2016-02-03,15.0,15.0,15.0,15.0,142,15.0,0.0
LIXT,2016-02-04,15.0,17.399999618530273,15.0,17.399999618530273,83,17.399999618530273,0.0
LIXT,2016-02-05,17.399999618530273,17.399999618530273,17.399999618530273,17.399999618530273,0,17.399999618530273,0.0
LIXT,2016-02-08,17.399999618530273,17.399999618530273,17.399999618530273,17.399999618530273,0,17.399999618530273,0.0
LIXT,2016-02-09,17.399999618530273,17.399999618530273,17.399999618530273,17.399999618530273,0,17.399999618530273,0.0
LIXT,2016-02-10,15.600000381469727,17.399999618530273,15.0,17.399999618530273,305,17.399999618530273,0.0
LIXT,2016-02-11,17.399999618530273,17.399999618530273,17.399999618530273,17.399999618530273,105,17.399999618530273,0.0
LIXT,2016-02-12,18.0,18.0,17.399999618530273,17.399999618530273,83,17.399999618530273,0.0
LIXT,2016-02-16,17.399999618530273,17.399999618530273,17.399999618530273,17.399999618530273,33,17.399999618530273,0.0
LIXT,2016-02-17,16.200000762939453,18.0,16.200000762939453,18.0,945,18.0,0.0
LIXT,2016-02-18,18.0,18.0,18.0,18.0,0,18.0,0.0
LIXT,2016-02-19,18.0,18.0,18.0,18.0,350,18.0,0.0
LIXT,2016-02-22,18.0,18.0,18.0,18.0,0,18.0,0.0
LIXT,2016-02-23,18.0,18.0,18.0,18.0,0,18.0,0.0
LIXT,2016-02-24,15.0,15.0,15.0,15.0,83,15.0,0.0
LIXT,2016-02-25,15.0,15.0,15.0,15.0,0,15.0,0.0
LIXT,2016-02-26,17.399999618530273,17.399999618530273,17.399999618530273,17.399999618530273,2,17.399999618530273,0.0
LIXT,2016-02-29,17.399999618530273,17.399999618530273,17.399999618530273,17.399999618530273,0,17.399999618530273,0.0
LIXT,2016-03-01,17.399999618530273,17.399999618530273,17.399999618530273,17.399999618530273,0,17.399999618530273,0.0
LIXT,2016-03-02,17.399999618530273,17.399999618530273,17.399999618530273,17.399999618530273,42,17.399999618530273,0.0
LIXT,2016-03-03,17.399999618530273,17.399999618530273,17.399999618530273,17.399999618530273,0,17.399999618530273,0.0
LIXT,2016-03-04,17.399999618530273,17.399999618530273,17.399999618530273,17.399999618530273,42,17.399999618530273,0.0
LIXT,2016-03-07,17.399999618530273,17.399999618530273,17.399999618530273,17.399999618530273,0,17.399999618530273,0.0
LIXT,2016-03-08,15.0,15.0,15.0,15.0,400,15.0,0.0
LIXT,2016-03-09,15.0,15.0,15.0,15.0,0,15.0,0.0
LIXT,2016-03-10,14.399999618530273,14.399999618530273,14.399999618530273,14.399999618530273,67,14.399999618530273,0.0
LIXT,2016-03-11,14.399999618530273,14.399999618530273,14.399999618530273,14.399999618530273,0,14.399999618530273,0.0
LIXT,2016-03-14,14.399999618530273,14.399999618530273,14.399999618530273,14.399999618530273,0,14.399999618530273,0.0
LIXT,2016-03-15,14.399999618530273,14.399999618530273,14.399999618530273,14.399999618530273,0,14.399999618530273,0.0
LIXT,2016-03-16,14.399999618530273,14.399999618530273,14.399999618530273,14.399999618530273,0,14.399999618530273,0.0
LIXT,2016-03-17,13.199999809265137,13.199999809265137,13.199999809265137,13.199999809265137,227,13.199999809265137,0.0
LIXT,2016-03-18,13.199999809265137,13.199999809265137,13.199999809265137,13.199999809265137,0,13.199999809265137,0.0
LIXT,2016-03-21,13.199999809265137,13.199999809265137,13.199999809265137,13.199999809265137,0,13.199999809265137,0.0
LIXT,2016-03-22,15.0,15.0,15.0,15.0,33,15.0,0.0
LIXT,2016-03-23,15.0,15.0,15.0,15.0,0,15.0,0.0
LIXT,2016-03-24,12.600000381469727,13.199999809265137,12.600000381469727,13.199999809265137,395,13.199999809265137,0.0
LIXT,2016-03-28,13.199999809265137,13.199999809265137,13.199999809265137,13.199999809265137,0,13.199999809265137,0.0
LIXT,2016-03-29,12.0,14.399999618530273,11.399999618530273,14.399999618530273,542,14.399999618530273,0.0
LIXT,2016-03-30,12.0,12.0,12.0,12.0,367,12.0,0.0
LIXT,2016-03-31,9.0,9.0,4.800000190734863,7.199999809265137,1742,7.199999809265137,0.0
LIXT,2016-04-01,6.599999904632568,10.800000190734863,6.599999904632568,10.800000190734863,230,10.800000190734863,0.0
LIXT,2016-04-04,11.399999618530273,11.399999618530273,7.800000190734863,7.800000190734863,268,7.800000190734863,0.0
LIXT,2016-04-05,7.800000190734863,7.800000190734863,7.800000190734863,7.800000190734863,0,7.800000190734863,0.0
LIXT,2016-04-06,9.0,9.0,7.199999809265137,7.199999809265137,417,7.199999809265137,0.0
LIXT,2016-04-07,9.0,9.0,9.0,9.0,100,9.0,0.0
LIXT,2016-04-08,9.0,9.0,9.0,9.0,0,9.0,0.0
LIXT,2016-04-11,9.0,9.0,9.0,9.0,0,9.0,0.0
LIXT,2016-04-12,7.199999809265137,7.199999809265137,7.199999809265137,7.199999809265137,88,7.199999809265137,0.0
LIXT,2016-04-13,7.199999809265137,8.399999618530273,7.199999809265137,8.399999618530273,183,8.399999618530273,0.0
LIXT,2016-04-14,8.399999618530273,8.399999618530273,8.399999618530273,8.399999618530273,0,8.399999618530273,0.0
LIXT,2016-04-15,8.399999618530273,8.399999618530273,8.399999618530273,8.399999618530273,107,8.399999618530273,0.0
LIXT,2016-04-18,8.399999618530273,8.399999618530273,8.399999618530273,8.399999618530273,33,8.399999618530273,0.0
LIXT,2016-04-19,8.399999618530273,8.399999618530273,8.399999618530273,8.399999618530273,0,8.399999618530273,0.0
LIXT,2016-04-20,8.399999618530273,8.399999618530273,8.399999618530273,8.399999618530273,0,8.399999618530273,0.0
LIXT,2016-04-21,8.399999618530273,8.399999618530273,8.399999618530273,8.399999618530273,0,8.399999618530273,0.0
LIXT,2016-04-22,7.199999809265137,7.199999809265137,7.199999809265137,7.199999809265137,92,7.199999809265137,0.0
LIXT,2016-04-25,7.199999809265137,7.199999809265137,7.199999809265137,7.199999809265137,0,7.199999809265137,0.0
LIXT,2016-04-26,8.399999618530273,8.399999618530273,8.399999618530273,8.399999618530273,83,8.399999618530273,0.0
LIXT,2016-04-27,9.600000381469727,9.600000381469727,6.0,6.599999904632568,968,6.599999904632568,0.0
LIXT,2016-04-28,6.599999904632568,6.599999904632568,6.599999904632568,6.599999904632568,0,6.599999904632568,0.0
LIXT,2016-04-29,7.199999809265137,7.199999809265137,7.199999809265137,7.199999809265137,83,7.199999809265137,0.0
LIXT,2016-05-02,7.199999809265137,7.199999809265137,7.199999809265137,7.199999809265137,13,7.199999809265137,0.0
LIXT,2016-05-03,7.199999809265137,7.199999809265137,7.199999809265137,7.199999809265137,0,7.199999809265137,0.0
LIXT,2016-05-04,7.199999809265137,7.199999809265137,7.199999809265137,7.199999809265137,0,7.199999809265137,0.0
LIXT,2016-05-05,7.199999809265137,7.199999809265137,7.199999809265137,7.199999809265137,0,7.199999809265137,0.0
LIXT,2016-05-06,7.199999809265137,7.199999809265137,7.199999809265137,7.199999809265137,0,7.199999809265137,0.0
LIXT,2016-05-09,7.199999809265137,7.199999809265137,7.199999809265137,7.199999809265137,0,7.199999809265137,0.0
LIXT,2016-05-10,7.199999809265137,7.199999809265137,7.199999809265137,7.199999809265137,0,7.199999809265137,0.0
LIXT,2016-05-11,6.599999904632568,9.600000381469727,6.599999904632568,9.600000381469727,92,9.600000381469727,0.0
LIXT,2016-05-12,9.600000381469727,9.600000381469727,9.600000381469727,9.600000381469727,0,9.600000381469727,0.0
LIXT,2016-05-13,9.600000381469727,9.600000381469727,9.600000381469727,9.600000381469727,0,9.600000381469727,0.0
LIXT,2016-05-16,9.600000381469727,9.600000381469727,9.600000381469727,9.600000381469727,0,9.600000381469727,0.0
LIXT,2016-05-17,9.600000381469727,9.600000381469727,9.600000381469727,9.600000381469727,0,9.600000381469727,0.0
LIXT,2016-05-18,9.600000381469727,9.600000381469727,9.600000381469727,9.600000381469727,0,9.600000381469727,0.0
LIXT,2016-05-19,9.600000381469727,9.600000381469727,9.600000381469727,9.600000381469727,0,9.600000381469727,0.0
LIXT,2016-05-20,9.600000381469727,9.600000381469727,9.600000381469727,9.600000381469727,0,9.600000381469727,0.0
LIXT,2016-05-23,9.600000381469727,9.600000381469727,9.600000381469727,9.600000381469727,0,9.600000381469727,0.0
LIXT,2016-05-24,9.600000381469727,9.600000381469727,9.600000381469727,9.600000381469727,0,9.600000381469727,0.0
LIXT,2016-05-25,9.600000381469727,9.600000381469727,9.600000381469727,9.600000381469727,0,9.600000381469727,0.0
LIXT,2016-05-26,9.600000381469727,9.600000381469727,9.600000381469727,9.600000381469727,0,9.600000381469727,0.0
LIXT,2016-05-27,9.600000381469727,9.600000381469727,9.600000381469727,9.600000381469727,0,9.600000381469727,0.0
LIXT,2016-05-31,9.600000381469727,9.600000381469727,9.600000381469727,9.600000381469727,0,9.600000381469727,0.0
LIXT,2016-06-01,9.600000381469727,9.600000381469727,9.600000381469727,9.600000381469727,0,9.600000381469727,0.0
LIXT,2016-06-02,9.600000381469727,9.600000381469727,9.600000381469727,9.600000381469727,0,9.600000381469727,0.0
LIXT,2016-06-03,9.600000381469727,9.600000381469727,9.600000381469727,9.600000381469727,0,9.600000381469727,0.0
LIXT,2016-06-06,9.0,9.0,9.0,9.0,20,9.0,0.0
LIXT,2016-06-07,8.399999618530273,8.399999618530273,8.399999618530273,8.399999618530273,167,8.399999618530273,0.0
LIXT,2016-06-08,9.0,9.600000381469727,9.0,9.600000381469727,417,9.600000381469727,0.0
LIXT,2016-06-09,9.600000381469727,9.600000381469727,9.600000381469727,9.600000381469727,0,9.600000381469727,0.0
LIXT,2016-06-10,9.600000381469727,9.600000381469727,9.600000381469727,9.600000381469727,0,9.600000381469727,0.0
LIXT,2016-06-13,12.0,12.0,12.0,12.0,125,12.0,0.0
LIXT,2016-06-14,13.199999809265137,13.800000190734863,13.199999809265137,13.800000190734863,82,13.800000190734863,0.0
LIXT,2016-06-15,10.199999809265137,10.199999809265137,10.199999809265137,10.199999809265137,8,10.199999809265137,0.0
LIXT,2016-06-16,10.199999809265137,10.199999809265137,10.199999809265137,10.199999809265137,0,10.199999809265137,0.0
LIXT,2016-06-17,10.199999809265137,10.199999809265137,10.199999809265137,10.199999809265137,0,10.199999809265137,0.0
LIXT,2016-06-20,10.199999809265137,10.199999809265137,10.199999809265137,10.199999809265137,0,10.199999809265137,0.0
LIXT,2016-06-21,12.0,12.0,12.0,12.0,17,12.0,0.0
LIXT,2016-06-22,12.0,12.0,12.0,12.0,42,12.0,0.0
LIXT,2016-06-23,12.0,12.0,12.0,12.0,0,12.0,0.0
LIXT,2016-06-24,10.199999809265137,12.0,10.199999809265137,12.0,425,12.0,0.0
LIXT,2016-06-27,12.0,12.0,12.0,12.0,0,12.0,0.0
LIXT,2016-06-28,12.0,12.0,12.0,12.0,22,12.0,0.0
LIXT,2016-06-29,12.0,12.0,12.0,12.0,547,12.0,0.0
LIXT,2016-06-30,12.0,12.0,12.0,12.0,0,12.0,0.0
LIXT,2016-07-01,15.0,15.0,15.0,15.0,85,15.0,0.0
LIXT,2016-07-05,15.0,15.0,15.0,15.0,0,15.0,0.0
LIXT,2016-07-06,18.600000381469727,18.600000381469727,18.600000381469727,18.600000381469727,5,18.600000381469727,0.0
LIXT,2016-07-07,18.600000381469727,18.600000381469727,18.600000381469727,18.600000381469727,0,18.600000381469727,0.0
LIXT,2016-07-08,19.200000762939453,19.200000762939453,19.200000762939453,19.200000762939453,25,19.200000762939453,0.0
LIXT,2016-07-11,19.200000762939453,19.200000762939453,19.200000762939453,19.200000762939453,35,19.200000762939453,0.0
LIXT,2016-07-12,16.200000762939453,16.200000762939453,15.0,15.0,77,15.0,0.0
LIXT,2016-07-13,15.0,15.0,15.0,15.0,0,15.0,0.0
LIXT,2016-07-14,15.0,15.0,15.0,15.0,597,15.0,0.0
LIXT,2016-07-15,15.0,15.0,15.0,15.0,42,15.0,0.0
LIXT,2016-07-18,15.0,15.0,15.0,15.0,0,15.0,0.0
LIXT,2016-07-19,15.0,15.0,15.0,15.0,0,15.0,0.0
LIXT,2016-07-20,14.399999618530273,14.399999618530273,14.399999618530273,14.399999618530273,17,14.399999618530273,0.0
LIXT,2016-07-21,12.0,12.0,12.0,12.0,135,12.0,0.0
LIXT,2016-07-22,12.0,12.0,12.0,12.0,0,12.0,0.0
LIXT,2016-07-25,24.0,24.0,24.0,24.0,32,24.0,0.0
LIXT,2016-07-26,24.0,24.0,24.0,24.0,0,24.0,0.0
LIXT,2016-07-27,24.0,24.0,24.0,24.0,50,24.0,0.0
LIXT,2016-07-28,24.0,24.0,24.0,24.0,0,24.0,0.0
LIXT,2016-07-29,24.0,24.0,24.0,24.0,0,24.0,0.0
LIXT,2016-08-01,24.0,24.0,24.0,24.0,0,24.0,0.0
LIXT,2016-08-02,24.0,24.0,24.0,24.0,0,24.0,0.0
LIXT,2016-08-03,24.0,24.0,24.0,24.0,0,24.0,0.0
LIXT,2016-08-04,24.0,24.0,24.0,24.0,0,24.0,0.0
LIXT,2016-08-05,24.0,24.0,24.0,24.0,0,24.0,0.0
LIXT,2016-08-08,24.0,24.0,24.0,24.0,0,24.0,0.0
LIXT,2016-08-09,24.0,24.0,24.0,24.0,250,24.0,0.0
LIXT,2016-08-10,24.0,24.0,24.0,24.0,0,24.0,0.0
LIXT,2016-08-11,24.0,24.0,24.0,24.0,10,24.0,0.0
LIXT,2016-08-12,18.0,18.0,18.0,18.0,42,18.0,0.0
LIXT,2016-08-15,13.800000190734863,13.800000190734863,12.0,12.0,250,12.0,0.0
LIXT,2016-08-16,15.0,15.0,15.0,15.0,23,15.0,0.0
LIXT,2016-08-17,15.0,15.0,15.0,15.0,0,15.0,0.0
LIXT,2016-08-18,14.399999618530273,22.799999237060547,14.399999618530273,22.799999237060547,148,22.799999237060547,0.0
LIXT,2016-08-19,22.799999237060547,22.799999237060547,22.799999237060547,22.799999237060547,83,22.799999237060547,0.0
LIXT,2016-08-22,22.799999237060547,22.799999237060547,22.799999237060547,22.799999237060547,0,22.799999237060547,0.0
LIXT,2016-08-23,15.0,15.0,12.600000381469727,12.600000381469727,87,12.600000381469727,0.0
LIXT,2016-08-24,15.0,15.0,15.0,15.0,133,15.0,0.0
LIXT,2016-08-25,12.0,12.0,12.0,12.0,100,12.0,0.0
LIXT,2016-08-26,12.0,12.0,12.0,12.0,360,12.0,0.0
LIXT,2016-08-29,12.0,12.0,12.0,12.0,0,12.0,0.0
LIXT,2016-08-30,15.0,15.0,15.0,15.0,85,15.0,0.0
LIXT,2016-08-31,15.0,15.0,15.0,15.0,0,15.0,0.0
LIXT,2016-09-01,12.0,12.0,12.0,12.0,33,12.0,0.0
LIXT,2016-09-02,15.0,15.0,15.0,15.0,247,15.0,0.0
LIXT,2016-09-06,15.0,15.0,12.0,12.0,258,12.0,0.0
LIXT,2016-09-07,12.0,12.0,12.0,12.0,0,12.0,0.0
LIXT,2016-09-08,14.399999618530273,15.0,14.399999618530273,15.0,155,15.0,0.0
LIXT,2016-09-09,12.0,12.0,12.0,12.0,7,12.0,0.0
LIXT,2016-09-12,15.0,15.0,12.0,12.0,85,12.0,0.0
LIXT,2016-09-13,12.0,12.0,12.0,12.0,0,12.0,0.0
LIXT,2016-09-14,12.600000381469727,12.600000381469727,12.600000381469727,12.600000381469727,28,12.600000381469727,0.0
LIXT,2016-09-15,12.600000381469727,12.600000381469727,12.600000381469727,12.600000381469727,0,12.600000381469727,0.0
LIXT,2016-09-16,12.600000381469727,12.600000381469727,12.600000381469727,12.600000381469727,20,12.600000381469727,0.0
LIXT,2016-09-19,12.600000381469727,12.600000381469727,12.600000381469727,12.600000381469727,0,12.600000381469727,0.0
LIXT,2016-09-20,12.600000381469727,12.600000381469727,12.600000381469727,12.600000381469727,0,12.600000381469727,0.0
LIXT,2016-09-21,12.600000381469727,12.600000381469727,12.600000381469727,12.600000381469727,0,12.600000381469727,0.0
LIXT,2016-09-22,13.199999809265137,13.199999809265137,12.0,12.0,363,12.0,0.0
LIXT,2016-09-23,12.600000381469727,12.600000381469727,12.600000381469727,12.600000381469727,42,12.600000381469727,0.0
LIXT,2016-09-26,10.199999809265137,15.0,9.600000381469727,12.0,560,12.0,0.0
LIXT,2016-09-27,12.600000381469727,12.600000381469727,12.0,12.0,392,12.0,0.0
LIXT,2016-09-28,12.0,12.0,12.0,12.0,0,12.0,0.0
LIXT,2016-09-29,12.0,12.0,12.0,12.0,0,12.0,0.0
LIXT,2016-09-30,12.0,12.0,12.0,12.0,0,12.0,0.0
LIXT,2016-10-03,12.0,12.0,12.0,12.0,0,12.0,0.0
LIXT,2016-10-04,12.0,12.0,10.800000190734863,10.800000190734863,208,10.800000190734863,0.0
LIXT,2016-10-05,10.199999809265137,10.199999809265137,9.0,9.0,600,9.0,0.0
LIXT,2016-10-06,12.0,12.0,9.0,9.600000381469727,807,9.600000381469727,0.0
LIXT,2016-10-07,11.399999618530273,12.0,11.399999618530273,12.0,193,12.0,0.0
LIXT,2016-10-10,10.199999809265137,10.199999809265137,9.0,9.0,402,9.0,0.0
LIXT,2016-10-11,9.0,9.0,9.0,9.0,83,9.0,0.0
LIXT,2016-10-12,10.199999809265137,10.800000190734863,10.199999809265137,10.800000190734863,515,10.800000190734863,0.0
LIXT,2016-10-13,10.800000190734863,10.800000190734863,10.800000190734863,10.800000190734863,0,10.800000190734863,0.0
LIXT,2016-10-14,9.600000381469727,9.600000381469727,9.600000381469727,9.600000381469727,250,9.600000381469727,0.0
LIXT,2016-10-17,9.600000381469727,9.600000381469727,9.600000381469727,9.600000381469727,167,9.600000381469727,0.0
LIXT,2016-10-18,9.600000381469727,9.600000381469727,9.600000381469727,9.600000381469727,0,9.600000381469727,0.0
LIXT,2016-10-19,9.600000381469727,9.600000381469727,9.600000381469727,9.600000381469727,0,9.600000381469727,0.0
LIXT,2016-10-20,9.600000381469727,9.600000381469727,9.600000381469727,9.600000381469727,95,9.600000381469727,0.0
LIXT,2016-10-21,9.600000381469727,9.600000381469727,9.600000381469727,9.600000381469727,83,9.600000381469727,0.0
LIXT,2016-10-24,9.600000381469727,9.600000381469727,9.600000381469727,9.600000381469727,100,9.600000381469727,0.0
LIXT,2016-10-25,9.0,9.0,8.399999618530273,8.399999618530273,145,8.399999618530273,0.0
LIXT,2016-10-26,8.399999618530273,8.399999618530273,8.399999618530273,8.399999618530273,62,8.399999618530273,0.0
LIXT,2016-10-27,8.399999618530273,8.399999618530273,8.399999618530273,8.399999618530273,0,8.399999618530273,0.0
LIXT,2016-10-28,8.399999618530273,8.399999618530273,8.399999618530273,8.399999618530273,0,8.399999618530273,0.0
LIXT,2016-10-31,8.399999618530273,8.399999618530273,8.399999618530273,8.399999618530273,0,8.399999618530273,0.0
LIXT,2016-11-01,7.800000190734863,7.800000190734863,7.800000190734863,7.800000190734863,355,7.800000190734863,0.0
LIXT,2016-11-02,7.800000190734863,7.800000190734863,7.800000190734863,7.800000190734863,0,7.800000190734863,0.0
LIXT,2016-11-03,7.800000190734863,7.800000190734863,7.800000190734863,7.800000190734863,0,7.800000190734863,0.0
LIXT,2016-11-04,7.800000190734863,7.800000190734863,7.800000190734863,7.800000190734863,0,7.800000190734863,0.0
LIXT,2016-11-07,7.800000190734863,7.800000190734863,7.800000190734863,7.800000190734863,0,7.800000190734863,0.0
LIXT,2016-11-08,7.800000190734863,7.800000190734863,7.800000190734863,7.800000190734863,0,7.800000190734863,0.0
LIXT,2016-11-09,7.800000190734863,7.800000190734863,7.800000190734863,7.800000190734863,0,7.800000190734863,0.0
LIXT,2016-11-10,7.800000190734863,7.800000190734863,7.800000190734863,7.800000190734863,0,7.800000190734863,0.0
LIXT,2016-11-11,7.800000190734863,7.800000190734863,7.800000190734863,7.800000190734863,0,7.800000190734863,0.0
LIXT,2016-11-14,7.800000190734863,7.800000190734863,7.800000190734863,7.800000190734863,0,7.800000190734863,0.0
LIXT,2016-11-15,12.0,12.0,12.0,12.0,67,12.0,0.0
LIXT,2016-11-16,12.0,12.0,12.0,12.0,42,12.0,0.0
LIXT,2016-11-17,12.0,12.0,12.0,12.0,0,12.0,0.0
LIXT,2016-11-18,12.0,12.0,12.0,12.0,167,12.0,0.0
LIXT,2016-11-21,12.0,12.0,12.0,12.0,0,12.0,0.0
LIXT,2016-11-22,12.0,12.0,12.0,12.0,0,12.0,0.0
LIXT,2016-11-23,12.0,12.0,12.0,12.0,0,12.0,0.0
LIXT,2016-11-25,12.0,12.0,12.0,12.0,0,12.0,0.0
LIXT,2016-11-28,12.0,12.0,12.0,12.0,0,12.0,0.0
LIXT,2016-11-29,12.0,12.0,12.0,12.0,0,12.0,0.0
LIXT,2016-11-30,12.0,12.0,12.0,12.0,167,12.0,0.0
LIXT,2016-12-01,9.600000381469727,10.800000190734863,9.600000381469727,10.800000190734863,800,10.800000190734863,0.0
LIXT,2016-12-02,10.800000190734863,10.800000190734863,10.800000190734863,10.800000190734863,168,10.800000190734863,0.0
LIXT,2016-12-05,10.800000190734863,10.800000190734863,10.800000190734863,10.800000190734863,0,10.800000190734863,0.0
LIXT,2016-12-06,10.199999809265137,10.199999809265137,9.600000381469727,9.600000381469727,250,9.600000381469727,0.0
LIXT,2016-12-07,9.0,9.0,9.0,9.0,367,9.0,0.0
LIXT,2016-12-08,9.0,9.600000381469727,9.0,9.600000381469727,540,9.600000381469727,0.0
LIXT,2016-12-09,9.600000381469727,9.600000381469727,9.600000381469727,9.600000381469727,0,9.600000381469727,0.0
LIXT,2016-12-12,9.0,9.0,9.0,9.0,100,9.0,0.0
LIXT,2016-12-13,8.399999618530273,8.399999618530273,7.800000190734863,7.800000190734863,530,7.800000190734863,0.0
LIXT,2016-12-14,7.800000190734863,7.800000190734863,7.800000190734863,7.800000190734863,0,7.800000190734863,0.0
LIXT,2016-12-15,7.800000190734863,7.800000190734863,7.199999809265137,7.199999809265137,603,7.199999809265137,0.0
LIXT,2016-12-16,7.199999809265137,7.199999809265137,7.199999809265137,7.199999809265137,0,7.199999809265137,0.0
LIXT,2016-12-19,7.199999809265137,7.199999809265137,7.199999809265137,7.199999809265137,0,7.199999809265137,0.0
LIXT,2016-12-20,7.199999809265137,7.199999809265137,7.199999809265137,7.199999809265137,0,7.199999809265137,0.0
LIXT,2016-12-21,8.399999618530273,8.399999618530273,8.399999618530273,8.399999618530273,583,8.399999618530273,0.0
LIXT,2016-12-22,8.399999618530273,8.399999618530273,8.399999618530273,8.399999618530273,83,8.399999618530273,0.0
LIXT,2016-12-23,7.199999809265137,9.600000381469727,7.199999809265137,9.600000381469727,412,9.600000381469727,0.0
LIXT,2016-12-27,9.600000381469727,9.600000381469727,9.600000381469727,9.600000381469727,0,9.600000381469727,0.0
LIXT,2016-12-28,9.600000381469727,9.600000381469727,9.600000381469727,9.600000381469727,0,9.600000381469727,0.0
LIXT,2016-12-29,7.199999809265137,7.199999809265137,7.199999809265137,7.199999809265137,167,7.199999809265137,0.0
LIXT,2016-12-30,8.399999618530273,8.399999618530273,8.399999618530273,8.399999618530273,170,8.399999618530273,0.0
LIXT,2017-01-03,8.399999618530273,8.399999618530273,7.199999809265137,7.199999809265137,317,7.199999809265137,0.0
LIXT,2017-01-04,7.199999809265137,7.199999809265137,7.199999809265137,7.199999809265137,517,7.199999809265137,0.0
LIXT,2017-01-05,7.199999809265137,7.800000190734863,7.199999809265137,7.800000190734863,482,7.800000190734863,0.0
LIXT,2017-01-06,7.800000190734863,8.399999618530273,7.199999809265137,7.199999809265137,340,7.199999809265137,0.0
LIXT,2017-01-09,7.199999809265137,7.199999809265137,7.199999809265137,7.199999809265137,0,7.199999809265137,0.0
LIXT,2017-01-10,7.199999809265137,7.199999809265137,7.199999809265137,7.199999809265137,0,7.199999809265137,0.0
LIXT,2017-01-11,6.599999904632568,7.199999809265137,6.0,7.199999809265137,367,7.199999809265137,0.0
LIXT,2017-01-12,7.199999809265137,7.199999809265137,7.199999809265137,7.199999809265137,333,7.199999809265137,0.0
LIXT,2017-01-13,7.199999809265137,7.199999809265137,7.199999809265137,7.199999809265137,417,7.199999809265137,0.0
LIXT,2017-01-17,7.199999809265137,7.199999809265137,7.199999809265137,7.199999809265137,0,7.199999809265137,0.0
LIXT,2017-01-18,8.399999618530273,8.399999618530273,8.399999618530273,8.399999618530273,167,8.399999618530273,0.0
LIXT,2017-01-19,9.0,9.0,7.199999809265137,9.0,350,9.0,0.0
LIXT,2017-01-20,7.800000190734863,7.800000190734863,7.800000190734863,7.800000190734863,83,7.800000190734863,0.0
LIXT,2017-01-23,7.800000190734863,7.800000190734863,7.199999809265137,7.199999809265137,118,7.199999809265137,0.0
LIXT,2017-01-24,7.199999809265137,7.199999809265137,6.599999904632568,7.199999809265137,715,7.199999809265137,0.0
LIXT,2017-01-25,6.599999904632568,6.599999904632568,6.599999904632568,6.599999904632568,225,6.599999904632568,0.0
LIXT,2017-01-26,7.199999809265137,7.199999809265137,7.199999809265137,7.199999809265137,23,7.199999809265137,0.0
LIXT,2017-01-27,7.199999809265137,7.199999809265137,7.199999809265137,7.199999809265137,0,7.199999809265137,0.0
LIXT,2017-01-30,7.199999809265137,7.199999809265137,7.199999809265137,7.199999809265137,167,7.199999809265137,0.0
LIXT,2017-01-31,7.800000190734863,7.800000190734863,7.800000190734863,7.800000190734863,48,7.800000190734863,0.0
LIXT,2017-02-01,7.800000190734863,7.800000190734863,7.800000190734863,7.800000190734863,0,7.800000190734863,0.0
LIXT,2017-02-02,7.800000190734863,7.800000190734863,7.800000190734863,7.800000190734863,22,7.800000190734863,0.0
LIXT,2017-02-03,7.800000190734863,7.800000190734863,7.800000190734863,7.800000190734863,100,7.800000190734863,0.0
LIXT,2017-02-06,7.800000190734863,7.800000190734863,7.800000190734863,7.800000190734863,0,7.800000190734863,0.0
LIXT,2017-02-07,6.599999904632568,6.599999904632568,6.0,6.599999904632568,763,6.599999904632568,0.0
LIXT,2017-02-08,6.599999904632568,12.0,6.0,12.0,380,12.0,0.0
LIXT,2017-02-09,9.0,9.0,9.0,9.0,342,9.0,0.0
LIXT,2017-02-10,9.0,9.0,9.0,9.0,0,9.0,0.0
LIXT,2017-02-13,9.0,9.0,9.0,9.0,3,9.0,0.0
LIXT,2017-02-14,8.399999618530273,8.399999618530273,8.399999618530273,8.399999618530273,42,8.399999618530273,0.0
LIXT,2017-02-15,8.399999618530273,8.399999618530273,8.399999618530273,8.399999618530273,0,8.399999618530273,0.0
LIXT,2017-02-16,8.399999618530273,8.399999618530273,8.399999618530273,8.399999618530273,0,8.399999618530273,0.0
LIXT,2017-02-17,8.399999618530273,8.399999618530273,8.399999618530273,8.399999618530273,0,8.399999618530273,0.0
LIXT,2017-02-21,7.199999809265137,7.199999809265137,7.199999809265137,7.199999809265137,367,7.199999809265137,0.0
LIXT,2017-02-22,7.199999809265137,7.199999809265137,5.400000095367432,6.0,443,6.0,0.0
LIXT,2017-02-23,6.0,6.0,6.0,6.0,293,6.0,0.0
LIXT,2017-02-24,6.0,6.0,5.400000095367432,6.0,158,6.0,0.0
LIXT,2017-02-27,6.0,7.199999809265137,6.0,7.199999809265137,433,7.199999809265137,0.0
LIXT,2017-02-28,7.199999809265137,7.199999809265137,5.400000095367432,5.400000095367432,277,5.400000095367432,0.0
LIXT,2017-03-01,5.400000095367432,5.400000095367432,5.400000095367432,5.400000095367432,870,5.400000095367432,0.0
LIXT,2017-03-02,5.400000095367432,6.0,5.400000095367432,6.0,888,6.0,0.0
LIXT,2017-03-03,6.0,25.200000762939453,6.0,12.0,5377,12.0,0.0
LIXT,2017-03-06,15.0,23.399999618530273,6.599999904632568,6.599999904632568,553,6.599999904632568,0.0
LIXT,2017-03-07,8.399999618530273,18.0,8.399999618530273,18.0,18,18.0,0.0
LIXT,2017-03-08,15.0,15.0,15.0,15.0,213,15.0,0.0
LIXT,2017-03-09,18.0,18.0,18.0,18.0,5,18.0,0.0
LIXT,2017-03-10,15.0,15.600000381469727,12.0,12.0,597,12.0,0.0
LIXT,2017-03-13,17.399999618530273,17.399999618530273,9.0,9.0,73,9.0,0.0
LIXT,2017-03-14,15.0,18.0,13.199999809265137,13.199999809265137,777,13.199999809265137,0.0
LIXT,2017-03-15,18.0,18.0,13.800000190734863,13.800000190734863,835,13.800000190734863,0.0
LIXT,2017-03-16,13.199999809265137,13.199999809265137,13.199999809265137,13.199999809265137,42,13.199999809265137,0.0
LIXT,2017-03-17,13.199999809265137,13.199999809265137,13.199999809265137,13.199999809265137,0,13.199999809265137,0.0
LIXT,2017-03-20,13.199999809265137,13.199999809265137,13.199999809265137,13.199999809265137,0,13.199999809265137,0.0
LIXT,2017-03-21,10.199999809265137,10.199999809265137,10.199999809265137,10.199999809265137,17,10.199999809265137,0.0
LIXT,2017-03-22,10.199999809265137,14.399999618530273,9.0,14.399999618530273,428,14.399999618530273,0.0
LIXT,2017-03-23,12.0,12.0,12.0,12.0,33,12.0,0.0
LIXT,2017-03-24,14.399999618530273,14.399999618530273,14.399999618530273,14.399999618530273,83,14.399999618530273,0.0
LIXT,2017-03-27,12.0,12.0,12.0,12.0,18,12.0,0.0
LIXT,2017-03-28,14.399999618530273,14.399999618530273,14.399999618530273,14.399999618530273,25,14.399999618530273,0.0
LIXT,2017-03-29,15.0,16.200000762939453,14.399999618530273,16.200000762939453,50,16.200000762939453,0.0
LIXT,2017-03-30,18.0,18.0,12.0,12.0,230,12.0,0.0
LIXT,2017-03-31,15.0,15.0,15.0,15.0,125,15.0,0.0
LIXT,2017-04-03,15.0,15.0,10.199999809265137,10.199999809265137,1037,10.199999809265137,0.0
LIXT,2017-04-04,10.800000190734863,10.800000190734863,10.800000190734863,10.800000190734863,17,10.800000190734863,0.0
LIXT,2017-04-05,10.800000190734863,10.800000190734863,10.800000190734863,10.800000190734863,117,10.800000190734863,0.0
LIXT,2017-04-06,10.800000190734863,10.800000190734863,10.800000190734863,10.800000190734863,33,10.800000190734863,0.0
LIXT,2017-04-07,10.800000190734863,10.800000190734863,10.800000190734863,10.800000190734863,0,10.800000190734863,0.0
LIXT,2017-04-10,10.800000190734863,10.800000190734863,10.800000190734863,10.800000190734863,0,10.800000190734863,0.0
LIXT,2017-04-11,9.600000381469727,10.800000190734863,9.0,10.800000190734863,255,10.800000190734863,0.0
LIXT,2017-04-12,10.800000190734863,10.800000190734863,10.800000190734863,10.800000190734863,0,10.800000190734863,0.0
LIXT,2017-04-13,10.800000190734863,10.800000190734863,10.800000190734863,10.800000190734863,0,10.800000190734863,0.0
LIXT,2017-04-17,10.800000190734863,10.800000190734863,10.800000190734863,10.800000190734863,0,10.800000190734863,0.0
LIXT,2017-04-18,9.0,9.0,9.0,9.0,33,9.0,0.0
LIXT,2017-04-19,9.0,9.0,9.0,9.0,0,9.0,0.0
LIXT,2017-04-20,9.0,9.0,9.0,9.0,0,9.0,0.0
LIXT,2017-04-21,9.600000381469727,9.600000381469727,8.399999618530273,9.0,415,9.0,0.0
LIXT,2017-04-24,7.800000190734863,7.800000190734863,7.199999809265137,7.199999809265137,205,7.199999809265137,0.0
LIXT,2017-04-25,7.199999809265137,7.199999809265137,6.599999904632568,7.199999809265137,1668,7.199999809265137,0.0
LIXT,2017-04-26,7.199999809265137,7.199999809265137,6.599999904632568,6.599999904632568,428,6.599999904632568,0.0
LIXT,2017-04-27,7.199999809265137,7.199999809265137,7.199999809265137,7.199999809265137,595,7.199999809265137,0.0
LIXT,2017-04-28,7.199999809265137,7.199999809265137,7.199999809265137,7.199999809265137,0,7.199999809265137,0.0
LIXT,2017-05-01,7.800000190734863,7.800000190734863,7.800000190734863,7.800000190734863,58,7.800000190734863,0.0
LIXT,2017-05-02,9.0,9.0,9.0,9.0,17,9.0,0.0
LIXT,2017-05-03,9.0,9.0,9.0,9.0,167,9.0,0.0
LIXT,2017-05-04,9.0,9.0,9.0,9.0,107,9.0,0.0
LIXT,2017-05-05,9.0,10.199999809265137,7.800000190734863,10.199999809265137,395,10.199999809265137,0.0
LIXT,2017-05-08,10.199999809265137,10.199999809265137,10.199999809265137,10.199999809265137,0,10.199999809265137,0.0
LIXT,2017-05-09,10.199999809265137,10.199999809265137,10.199999809265137,10.199999809265137,0,10.199999809265137,0.0
LIXT,2017-05-10,11.399999618530273,11.399999618530273,10.800000190734863,11.399999618530273,233,11.399999618530273,0.0
LIXT,2017-05-11,10.800000190734863,10.800000190734863,10.800000190734863,10.800000190734863,168,10.800000190734863,0.0
LIXT,2017-05-12,10.199999809265137,10.199999809265137,10.199999809265137,10.199999809265137,22,10.199999809265137,0.0
LIXT,2017-05-15,10.199999809265137,10.199999809265137,10.199999809265137,10.199999809265137,535,10.199999809265137,0.0
LIXT,2017-05-16,9.0,10.800000190734863,9.0,10.800000190734863,127,10.800000190734863,0.0
LIXT,2017-05-17,11.399999618530273,11.399999618530273,11.399999618530273,11.399999618530273,93,11.399999618530273,0.0
LIXT,2017-05-18,9.600000381469727,11.399999618530273,9.600000381469727,11.399999618530273,450,11.399999618530273,0.0
LIXT,2017-05-19,9.600000381469727,9.600000381469727,9.600000381469727,9.600000381469727,67,9.600000381469727,0.0
LIXT,2017-05-22,9.600000381469727,9.600000381469727,9.600000381469727,9.600000381469727,0,9.600000381469727,0.0
LIXT,2017-05-23,7.199999809265137,9.600000381469727,7.199999809265137,9.600000381469727,117,9.600000381469727,0.0
LIXT,2017-05-24,12.0,12.0,12.0,12.0,200,12.0,0.0
LIXT,2017-05-25,12.0,12.0,11.399999618530273,12.0,417,12.0,0.0
LIXT,2017-05-26,12.0,12.0,12.0,12.0,113,12.0,0.0
LIXT,2017-05-30,14.399999618530273,14.399999618530273,14.399999618530273,14.399999618530273,13,14.399999618530273,0.0
LIXT,2017-05-31,13.800000190734863,13.800000190734863,10.800000190734863,12.0,453,12.0,0.0
LIXT,2017-06-01,12.0,12.0,12.0,12.0,83,12.0,0.0
LIXT,2017-06-02,10.800000190734863,11.399999618530273,10.800000190734863,10.800000190734863,163,10.800000190734863,0.0
LIXT,2017-06-05,9.0,9.0,9.0,9.0,763,9.0,0.0
LIXT,2017-06-06,10.800000190734863,10.800000190734863,9.0,9.0,118,9.0,0.0
LIXT,2017-06-07,8.399999618530273,9.0,7.199999809265137,9.0,815,9.0,0.0
LIXT,2017-06-08,9.0,9.0,9.0,9.0,0,9.0,0.0
LIXT,2017-06-09,7.199999809265137,8.399999618530273,6.0,8.399999618530273,638,8.399999618530273,0.0
LIXT,2017-06-12,7.199999809265137,7.800000190734863,7.199999809265137,7.199999809265137,2083,7.199999809265137,0.0
LIXT,2017-06-13,7.199999809265137,7.199999809265137,6.599999904632568,7.199999809265137,370,7.199999809265137,0.0
LIXT,2017-06-14,7.199999809265137,7.199999809265137,7.199999809265137,7.199999809265137,0,7.199999809265137,0.0
LIXT,2017-06-15,7.199999809265137,7.199999809265137,7.199999809265137,7.199999809265137,133,7.199999809265137,0.0
LIXT,2017-06-16,7.199999809265137,7.800000190734863,7.199999809265137,7.800000190734863,67,7.800000190734863,0.0
LIXT,2017-06-19,7.800000190734863,8.399999618530273,7.199999809265137,8.399999618530273,433,8.399999618530273,0.0
LIXT,2017-06-20,8.399999618530273,8.399999618530273,8.399999618530273,8.399999618530273,50,8.399999618530273,0.0
LIXT,2017-06-21,8.399999618530273,8.399999618530273,8.399999618530273,8.399999618530273,310,8.399999618530273,0.0
LIXT,2017-06-22,12.0,12.0,8.399999618530273,8.399999618530273,260,8.399999618530273,0.0
LIXT,2017-06-23,8.399999618530273,8.399999618530273,8.399999618530273,8.399999618530273,0,8.399999618530273,0.0
LIXT,2017-06-26,8.399999618530273,8.399999618530273,8.399999618530273,8.399999618530273,0,8.399999618530273,0.0
LIXT,2017-06-27,7.199999809265137,7.199999809265137,7.199999809265137,7.199999809265137,5,7.199999809265137,0.0
LIXT,2017-06-28,7.199999809265137,7.199999809265137,7.199999809265137,7.199999809265137,0,7.199999809265137,0.0
LIXT,2017-06-29,7.800000190734863,7.800000190734863,7.199999809265137,7.199999809265137,7,7.199999809265137,0.0
LIXT,2017-06-30,7.199999809265137,7.199999809265137,7.199999809265137,7.199999809265137,0,7.199999809265137,0.0
LIXT,2017-07-03,7.800000190734863,7.800000190734863,7.800000190734863,7.800000190734863,167,7.800000190734863,0.0
LIXT,2017-07-05,7.199999809265137,7.199999809265137,7.199999809265137,7.199999809265137,217,7.199999809265137,0.0
LIXT,2017-07-06,9.600000381469727,15.0,9.600000381469727,15.0,1460,15.0,0.0
LIXT,2017-07-07,14.399999618530273,14.399999618530273,14.399999618530273,14.399999618530273,8,14.399999618530273,0.0
LIXT,2017-07-10,10.199999809265137,10.199999809265137,10.199999809265137,10.199999809265137,17,10.199999809265137,0.0
LIXT,2017-07-11,12.0,14.399999618530273,12.0,14.399999618530273,58,14.399999618530273,0.0
LIXT,2017-07-12,10.199999809265137,14.399999618530273,7.800000190734863,9.0,952,9.0,0.0
LIXT,2017-07-13,9.0,9.0,9.0,9.0,0,9.0,0.0
LIXT,2017-07-14,9.0,9.0,9.0,9.0,0,9.0,0.0
LIXT,2017-07-17,9.0,9.0,9.0,9.0,0,9.0,0.0
LIXT,2017-07-18,11.399999618530273,11.399999618530273,11.399999618530273,11.399999618530273,25,11.399999618530273,0.0
LIXT,2017-07-19,9.0,9.0,7.800000190734863,7.800000190734863,342,7.800000190734863,0.0
LIXT,2017-07-20,9.0,9.0,9.0,9.0,117,9.0,0.0
LIXT,2017-07-21,7.800000190734863,9.0,7.199999809265137,9.0,1073,9.0,0.0
LIXT,2017-07-24,9.600000381469727,9.600000381469727,9.600000381469727,9.600000381469727,75,9.600000381469727,0.0
LIXT,2017-07-25,10.800000190734863,10.800000190734863,10.800000190734863,10.800000190734863,17,10.800000190734863,0.0
LIXT,2017-07-26,9.600000381469727,9.600000381469727,9.0,9.600000381469727,1467,9.600000381469727,0.0
LIXT,2017-07-27,9.600000381469727,9.600000381469727,9.600000381469727,9.600000381469727,0,9.600000381469727,0.0
LIXT,2017-07-28,10.800000190734863,10.800000190734863,7.800000190734863,7.800000190734863,210,7.800000190734863,0.0
LIXT,2017-07-31,7.800000190734863,7.800000190734863,7.800000190734863,7.800000190734863,0,7.800000190734863,0.0
LIXT,2017-08-01,7.800000190734863,7.800000190734863,7.800000190734863,7.800000190734863,0,7.800000190734863,0.0
LIXT,2017-08-02,10.199999809265137,10.199999809265137,10.199999809265137,10.199999809265137,17,10.199999809265137,0.0
LIXT,2017-08-03,10.199999809265137,10.199999809265137,10.199999809265137,10.199999809265137,0,10.199999809265137,0.0
LIXT,2017-08-04,10.199999809265137,10.199999809265137,10.199999809265137,10.199999809265137,33,10.199999809265137,0.0
LIXT,2017-08-07,10.199999809265137,10.199999809265137,10.199999809265137,10.199999809265137,0,10.199999809265137,0.0
LIXT,2017-08-08,10.199999809265137,10.199999809265137,10.199999809265137,10.199999809265137,0,10.199999809265137,0.0
LIXT,2017-08-09,10.199999809265137,10.199999809265137,10.199999809265137,10.199999809265137,0,10.199999809265137,0.0
LIXT,2017-08-10,8.399999618530273,8.399999618530273,7.199999809265137,8.399999618530273,1432,8.399999618530273,0.0
LIXT,2017-08-11,8.399999618530273,8.399999618530273,8.399999618530273,8.399999618530273,0,8.399999618530273,0.0
LIXT,2017-08-14,8.399999618530273,8.399999618530273,8.399999618530273,8.399999618530273,33,8.399999618530273,0.0
LIXT,2017-08-15,8.399999618530273,8.399999618530273,8.399999618530273,8.399999618530273,0,8.399999618530273,0.0
LIXT,2017-08-16,8.399999618530273,8.399999618530273,8.399999618530273,8.399999618530273,0,8.399999618530273,0.0
LIXT,2017-08-17,8.399999618530273,8.399999618530273,7.800000190734863,7.800000190734863,850,7.800000190734863,0.0
LIXT,2017-08-18,7.199999809265137,7.199999809265137,7.199999809265137,7.199999809265137,3043,7.199999809265137,0.0
LIXT,2017-08-21,7.199999809265137,7.199999809265137,6.599999904632568,7.199999809265137,1002,7.199999809265137,0.0
LIXT,2017-08-22,7.199999809265137,7.199999809265137,7.199999809265137,7.199999809265137,0,7.199999809265137,0.0
LIXT,2017-08-23,6.599999904632568,6.599999904632568,6.0,6.599999904632568,822,6.599999904632568,0.0
LIXT,2017-08-24,6.599999904632568,6.599999904632568,6.0,6.599999904632568,3147,6.599999904632568,0.0
LIXT,2017-08-25,6.599999904632568,6.599999904632568,6.599999904632568,6.599999904632568,0,6.599999904632568,0.0
LIXT,2017-08-28,6.0,6.0,5.400000095367432,5.400000095367432,5,5.400000095367432,0.0
LIXT,2017-08-29,5.400000095367432,5.400000095367432,5.400000095367432,5.400000095367432,0,5.400000095367432,0.0
LIXT,2017-08-30,6.599999904632568,12.0,6.599999904632568,11.399999618530273,2903,11.399999618530273,0.0
LIXT,2017-08-31,7.199999809265137,11.399999618530273,7.199999809265137,10.199999809265137,1100,10.199999809265137,0.0
LIXT,2017-09-01,10.199999809265137,10.199999809265137,10.199999809265137,10.199999809265137,0,10.199999809265137,0.0
LIXT,2017-09-05,7.199999809265137,7.199999809265137,7.199999809265137,7.199999809265137,318,7.199999809265137,0.0
LIXT,2017-09-06,6.0,6.0,6.0,6.0,53,6.0,0.0
LIXT,2017-09-07,6.0,6.0,6.0,6.0,0,6.0,0.0
LIXT,2017-09-08,8.399999618530273,8.399999618530273,8.399999618530273,8.399999618530273,42,8.399999618530273,0.0
LIXT,2017-09-11,8.399999618530273,8.399999618530273,8.399999618530273,8.399999618530273,0,8.399999618530273,0.0
LIXT,2017-09-12,8.399999618530273,8.399999618530273,8.399999618530273,8.399999618530273,0,8.399999618530273,0.0
LIXT,2017-09-13,8.399999618530273,8.399999618530273,8.399999618530273,8.399999618530273,0,8.399999618530273,0.0
LIXT,2017-09-14,8.399999618530273,8.399999618530273,8.399999618530273,8.399999618530273,0,8.399999618530273,0.0
LIXT,2017-09-15,8.399999618530273,8.399999618530273,8.399999618530273,8.399999618530273,0,8.399999618530273,0.0
LIXT,2017-09-18,8.399999618530273,8.399999618530273,8.399999618530273,8.399999618530273,0,8.399999618530273,0.0
LIXT,2017-09-19,8.399999618530273,8.399999618530273,8.399999618530273,8.399999618530273,0,8.399999618530273,0.0
LIXT,2017-09-20,8.399999618530273,8.399999618530273,8.399999618530273,8.399999618530273,0,8.399999618530273,0.0
LIXT,2017-09-21,8.399999618530273,8.399999618530273,8.399999618530273,8.399999618530273,0,8.399999618530273,0.0
LIXT,2017-09-22,8.399999618530273,8.399999618530273,8.399999618530273,8.399999618530273,0,8.399999618530273,0.0
LIXT,2017-09-25,8.399999618530273,8.399999618530273,8.399999618530273,8.399999618530273,0,8.399999618530273,0.0
LIXT,2017-09-26,7.800000190734863,7.800000190734863,7.800000190734863,7.800000190734863,250,7.800000190734863,0.0
LIXT,2017-09-27,7.800000190734863,7.800000190734863,7.800000190734863,7.800000190734863,0,7.800000190734863,0.0
LIXT,2017-09-28,7.800000190734863,7.800000190734863,7.800000190734863,7.800000190734863,0,7.800000190734863,0.0
LIXT,2017-09-29,7.800000190734863,7.800000190734863,7.199999809265137,7.199999809265137,167,7.199999809265137,0.0
LIXT,2017-10-02,7.199999809265137,7.199999809265137,7.199999809265137,7.199999809265137,0,7.199999809265137,0.0
LIXT,2017-10-03,7.199999809265137,7.199999809265137,7.199999809265137,7.199999809265137,167,7.199999809265137,0.0
LIXT,2017-10-04,7.199999809265137,7.199999809265137,7.199999809265137,7.199999809265137,0,7.199999809265137,0.0
LIXT,2017-10-05,7.199999809265137,7.199999809265137,7.199999809265137,7.199999809265137,0,7.199999809265137,0.0
LIXT,2017-10-06,7.199999809265137,7.199999809265137,7.199999809265137,7.199999809265137,0,7.199999809265137,0.0
LIXT,2017-10-09,7.199999809265137,7.199999809265137,7.199999809265137,7.199999809265137,0,7.199999809265137,0.0
LIXT,2017-10-10,7.199999809265137,7.199999809265137,7.199999809265137,7.199999809265137,0,7.199999809265137,0.0
LIXT,2017-10-11,7.199999809265137,7.199999809265137,7.199999809265137,7.199999809265137,138,7.199999809265137,0.0
LIXT,2017-10-12,7.199999809265137,7.199999809265137,7.199999809265137,7.199999809265137,0,7.199999809265137,0.0
LIXT,2017-10-13,7.199999809265137,7.199999809265137,7.199999809265137,7.199999809265137,0,7.199999809265137,0.0
LIXT,2017-10-16,9.0,9.0,9.0,9.0,83,9.0,0.0
LIXT,2017-10-17,9.0,9.0,9.0,9.0,8,9.0,0.0
LIXT,2017-10-18,7.199999809265137,9.0,7.199999809265137,9.0,75,9.0,0.0
LIXT,2017-10-19,9.0,9.0,9.0,9.0,122,9.0,0.0
LIXT,2017-10-20,8.399999618530273,8.399999618530273,7.199999809265137,7.800000190734863,237,7.800000190734863,0.0
LIXT,2017-10-23,9.0,9.0,9.0,9.0,42,9.0,0.0
LIXT,2017-10-24,9.0,9.0,9.0,9.0,0,9.0,0.0
LIXT,2017-10-25,9.0,9.0,9.0,9.0,23,9.0,0.0
LIXT,2017-10-26,9.0,9.0,9.0,9.0,0,9.0,0.0
LIXT,2017-10-27,9.0,9.0,9.0,9.0,0,9.0,0.0
LIXT,2017-10-30,9.0,9.0,9.0,9.0,0,9.0,0.0
LIXT,2017-10-31,7.800000190734863,7.800000190734863,7.800000190734863,7.800000190734863,47,7.800000190734863,0.0
LIXT,2017-11-01,7.800000190734863,7.800000190734863,7.800000190734863,7.800000190734863,0,7.800000190734863,0.0
LIXT,2017-11-02,7.800000190734863,7.800000190734863,7.800000190734863,7.800000190734863,25,7.800000190734863,0.0
LIXT,2017-11-03,7.800000190734863,7.800000190734863,7.800000190734863,7.800000190734863,8,7.800000190734863,0.0
LIXT,2017-11-06,7.800000190734863,7.800000190734863,7.800000190734863,7.800000190734863,0,7.800000190734863,0.0
LIXT,2017-11-07,9.0,9.0,9.0,9.0,17,9.0,0.0
LIXT,2017-11-08,9.0,9.0,9.0,9.0,0,9.0,0.0
LIXT,2017-11-09,9.0,9.0,9.0,9.0,0,9.0,0.0
LIXT,2017-11-10,9.0,9.0,9.0,9.0,167,9.0,0.0
LIXT,2017-11-13,9.0,9.0,9.0,9.0,0,9.0,0.0
LIXT,2017-11-14,8.399999618530273,8.399999618530273,8.399999618530273,8.399999618530273,17,8.399999618530273,0.0
LIXT,2017-11-15,7.800000190734863,7.800000190734863,7.800000190734863,7.800000190734863,17,7.800000190734863,0.0
LIXT,2017-11-16,7.800000190734863,7.800000190734863,7.800000190734863,7.800000190734863,0,7.800000190734863,0.0
LIXT,2017-11-17,7.800000190734863,7.800000190734863,7.800000190734863,7.800000190734863,0,7.800000190734863,0.0
LIXT,2017-11-20,7.800000190734863,7.800000190734863,7.800000190734863,7.800000190734863,33,7.800000190734863,0.0
LIXT,2017-11-21,7.800000190734863,7.800000190734863,7.800000190734863,7.800000190734863,450,7.800000190734863,0.0
LIXT,2017-11-22,7.800000190734863,7.800000190734863,7.800000190734863,7.800000190734863,0,7.800000190734863,0.0
LIXT,2017-11-24,9.0,9.0,9.0,9.0,85,9.0,0.0
LIXT,2017-11-27,7.199999809265137,7.199999809265137,7.199999809265137,7.199999809265137,283,7.199999809265137,0.0
LIXT,2017-11-28,7.199999809265137,7.199999809265137,7.199999809265137,7.199999809265137,0,7.199999809265137,0.0
LIXT,2017-11-29,7.199999809265137,7.199999809265137,7.199999809265137,7.199999809265137,0,7.199999809265137,0.0
LIXT,2017-11-30,7.199999809265137,7.199999809265137,7.199999809265137,7.199999809265137,0,7.199999809265137,0.0
LIXT,2017-12-01,7.199999809265137,7.199999809265137,7.199999809265137,7.199999809265137,0,7.199999809265137,0.0
LIXT,2017-12-04,7.199999809265137,7.199999809265137,7.199999809265137,7.199999809265137,0,7.199999809265137,0.0
LIXT,2017-12-05,7.199999809265137,7.199999809265137,7.199999809265137,7.199999809265137,0,7.199999809265137,0.0
LIXT,2017-12-06,7.199999809265137,7.199999809265137,7.199999809265137,7.199999809265137,0,7.199999809265137,0.0
LIXT,2017-12-07,7.199999809265137,7.199999809265137,7.199999809265137,7.199999809265137,3,7.199999809265137,0.0
LIXT,2017-12-08,7.199999809265137,7.199999809265137,7.199999809265137,7.199999809265137,0,7.199999809265137,0.0
LIXT,2017-12-11,7.199999809265137,7.199999809265137,7.199999809265137,7.199999809265137,0,7.199999809265137,0.0
LIXT,2017-12-12,7.199999809265137,7.199999809265137,7.199999809265137,7.199999809265137,0,7.199999809265137,0.0
LIXT,2017-12-13,7.199999809265137,7.199999809265137,7.199999809265137,7.199999809265137,0,7.199999809265137,0.0
LIXT,2017-12-14,7.199999809265137,7.199999809265137,7.199999809265137,7.199999809265137,0,7.199999809265137,0.0
LIXT,2017-12-15,7.199999809265137,7.199999809265137,7.199999809265137,7.199999809265137,668,7.199999809265137,0.0
LIXT,2017-12-18,9.0,9.0,9.0,9.0,98,9.0,0.0
LIXT,2017-12-19,9.0,9.0,9.0,9.0,0,9.0,0.0
LIXT,2017-12-20,9.0,9.0,9.0,9.0,0,9.0,0.0
LIXT,2017-12-21,9.0,9.0,9.0,9.0,2,9.0,0.0
LIXT,2017-12-22,7.199999809265137,10.199999809265137,7.199999809265137,7.199999809265137,560,7.199999809265137,0.0
LIXT,2017-12-26,7.199999809265137,7.199999809265137,7.199999809265137,7.199999809265137,0,7.199999809265137,0.0
LIXT,2017-12-27,8.399999618530273,8.399999618530273,8.399999618530273,8.399999618530273,15,8.399999618530273,0.0
LIXT,2017-12-28,10.199999809265137,10.199999809265137,10.199999809265137,10.199999809265137,45,10.199999809265137,0.0
LIXT,2017-12-29,10.199999809265137,10.199999809265137,10.199999809265137,10.199999809265137,0,10.199999809265137,0.0
LIXT,2018-01-02,10.199999809265137,10.199999809265137,10.199999809265137,10.199999809265137,0,10.199999809265137,0.0
LIXT,2018-01-03,10.199999809265137,10.199999809265137,10.199999809265137,10.199999809265137,0,10.199999809265137,0.0
LIXT,2018-01-04,10.199999809265137,10.199999809265137,10.199999809265137,10.199999809265137,0,10.199999809265137,0.0
LIXT,2018-01-05,10.199999809265137,10.199999809265137,10.199999809265137,10.199999809265137,0,10.199999809265137,0.0
LIXT,2018-01-08,10.199999809265137,10.199999809265137,10.199999809265137,10.199999809265137,0,10.199999809265137,0.0
LIXT,2018-01-09,10.199999809265137,10.199999809265137,10.199999809265137,10.199999809265137,0,10.199999809265137,0.0
LIXT,2018-01-10,9.600000381469727,9.600000381469727,9.600000381469727,9.600000381469727,5,9.600000381469727,0.0
LIXT,2018-01-11,9.600000381469727,9.600000381469727,9.600000381469727,9.600000381469727,0,9.600000381469727,0.0
LIXT,2018-01-12,9.600000381469727,9.600000381469727,9.600000381469727,9.600000381469727,0,9.600000381469727,0.0
LIXT,2018-01-16,7.800000190734863,7.800000190734863,7.800000190734863,7.800000190734863,97,7.800000190734863,0.0
LIXT,2018-01-17,7.800000190734863,7.800000190734863,7.800000190734863,7.800000190734863,17,7.800000190734863,0.0
LIXT,2018-01-18,7.800000190734863,7.800000190734863,7.800000190734863,7.800000190734863,0,7.800000190734863,0.0
LIXT,2018-01-19,7.800000190734863,7.800000190734863,7.800000190734863,7.800000190734863,0,7.800000190734863,0.0
LIXT,2018-01-22,7.800000190734863,7.800000190734863,7.800000190734863,7.800000190734863,0,7.800000190734863,0.0
LIXT,2018-01-23,7.800000190734863,7.800000190734863,7.800000190734863,7.800000190734863,0,7.800000190734863,0.0
LIXT,2018-01-24,7.800000190734863,7.800000190734863,7.800000190734863,7.800000190734863,0,7.800000190734863,0.0
LIXT,2018-01-25,7.800000190734863,7.800000190734863,7.800000190734863,7.800000190734863,0,7.800000190734863,0.0
LIXT,2018-01-26,7.800000190734863,7.800000190734863,7.800000190734863,7.800000190734863,0,7.800000190734863,0.0
LIXT,2018-01-29,7.800000190734863,7.800000190734863,7.800000190734863,7.800000190734863,0,7.800000190734863,0.0
LIXT,2018-01-30,7.800000190734863,7.800000190734863,7.800000190734863,7.800000190734863,0,7.800000190734863,0.0
LIXT,2018-01-31,7.800000190734863,7.800000190734863,7.800000190734863,7.800000190734863,0,7.800000190734863,0.0
LIXT,2018-02-01,7.800000190734863,7.800000190734863,7.800000190734863,7.800000190734863,0,7.800000190734863,0.0
LIXT,2018-02-02,7.800000190734863,7.800000190734863,7.800000190734863,7.800000190734863,0,7.800000190734863,0.0
LIXT,2018-02-05,7.800000190734863,7.800000190734863,7.800000190734863,7.800000190734863,25,7.800000190734863,0.0
LIXT,2018-02-06,7.800000190734863,7.800000190734863,7.800000190734863,7.800000190734863,0,7.800000190734863,0.0
LIXT,2018-02-07,7.800000190734863,7.800000190734863,7.800000190734863,7.800000190734863,117,7.800000190734863,0.0
LIXT,2018-02-08,7.800000190734863,7.800000190734863,7.800000190734863,7.800000190734863,0,7.800000190734863,0.0
LIXT,2018-02-09,9.0,9.0,9.0,9.0,112,9.0,0.0
LIXT,2018-02-12,7.800000190734863,7.800000190734863,7.800000190734863,7.800000190734863,167,7.800000190734863,0.0
LIXT,2018-02-13,7.800000190734863,7.800000190734863,7.800000190734863,7.800000190734863,0,7.800000190734863,0.0
LIXT,2018-02-14,7.800000190734863,7.800000190734863,7.800000190734863,7.800000190734863,0,7.800000190734863,0.0
LIXT,2018-02-15,7.800000190734863,7.800000190734863,7.800000190734863,7.800000190734863,0,7.800000190734863,0.0
LIXT,2018-02-16,7.800000190734863,7.800000190734863,7.800000190734863,7.800000190734863,0,7.800000190734863,0.0
LIXT,2018-02-20,7.800000190734863,7.800000190734863,7.800000190734863,7.800000190734863,0,7.800000190734863,0.0
LIXT,2018-02-21,7.800000190734863,7.800000190734863,7.800000190734863,7.800000190734863,0,7.800000190734863,0.0
LIXT,2018-02-22,8.399999618530273,9.0,8.399999618530273,9.0,167,9.0,0.0
LIXT,2018-02-23,10.199999809265137,10.199999809265137,8.399999618530273,10.199999809265137,55,10.199999809265137,0.0
LIXT,2018-02-26,8.399999618530273,10.199999809265137,8.399999618530273,10.199999809265137,100,10.199999809265137,0.0
LIXT,2018-02-27,7.800000190734863,7.800000190734863,7.800000190734863,7.800000190734863,100,7.800000190734863,0.0
LIXT,2018-02-28,7.800000190734863,7.800000190734863,7.800000190734863,7.800000190734863,0,7.800000190734863,0.0
LIXT,2018-03-01,7.800000190734863,7.800000190734863,7.800000190734863,7.800000190734863,0,7.800000190734863,0.0
LIXT,2018-03-02,7.800000190734863,7.800000190734863,7.800000190734863,7.800000190734863,0,7.800000190734863,0.0
LIXT,2018-03-05,7.800000190734863,7.800000190734863,7.800000190734863,7.800000190734863,17,7.800000190734863,0.0
LIXT,2018-03-06,7.800000190734863,7.800000190734863,7.800000190734863,7.800000190734863,0,7.800000190734863,0.0
LIXT,2018-03-07,7.800000190734863,7.800000190734863,7.800000190734863,7.800000190734863,0,7.800000190734863,0.0
LIXT,2018-03-08,7.800000190734863,7.800000190734863,7.800000190734863,7.800000190734863,0,7.800000190734863,0.0
LIXT,2018-03-09,7.800000190734863,7.800000190734863,7.800000190734863,7.800000190734863,12,7.800000190734863,0.0
LIXT,2018-03-12,7.800000190734863,7.800000190734863,7.800000190734863,7.800000190734863,0,7.800000190734863,0.0
LIXT,2018-03-13,7.800000190734863,7.800000190734863,7.800000190734863,7.800000190734863,0,7.800000190734863,0.0
LIXT,2018-03-14,7.800000190734863,7.800000190734863,7.800000190734863,7.800000190734863,0,7.800000190734863,0.0
LIXT,2018-03-15,9.0,9.0,9.0,9.0,250,9.0,0.0
LIXT,2018-03-16,9.600000381469727,10.199999809265137,9.600000381469727,10.199999809265137,100,10.199999809265137,0.0
LIXT,2018-03-19,10.199999809265137,10.199999809265137,10.199999809265137,10.199999809265137,0,10.199999809265137,0.0
LIXT,2018-03-20,10.199999809265137,10.199999809265137,10.199999809265137,10.199999809265137,0,10.199999809265137,0.0
LIXT,2018-03-21,9.600000381469727,9.600000381469727,9.600000381469727,9.600000381469727,117,9.600000381469727,0.0
LIXT,2018-03-22,9.600000381469727,9.600000381469727,9.600000381469727,9.600000381469727,83,9.600000381469727,0.0
LIXT,2018-03-23,9.600000381469727,9.600000381469727,9.600000381469727,9.600000381469727,0,9.600000381469727,0.0
LIXT,2018-03-26,9.600000381469727,9.600000381469727,9.600000381469727,9.600000381469727,17,9.600000381469727,0.0
LIXT,2018-03-27,9.0,9.600000381469727,9.0,9.600000381469727,73,9.600000381469727,0.0
LIXT,2018-03-28,9.0,9.0,7.800000190734863,7.800000190734863,18,7.800000190734863,0.0
LIXT,2018-03-29,7.800000190734863,7.800000190734863,7.800000190734863,7.800000190734863,0,7.800000190734863,0.0
LIXT,2018-04-02,9.0,9.0,9.0,9.0,13,9.0,0.0
LIXT,2018-04-03,9.0,9.0,9.0,9.0,0,9.0,0.0
LIXT,2018-04-04,9.0,9.0,9.0,9.0,0,9.0,0.0
LIXT,2018-04-05,9.0,9.0,9.0,9.0,0,9.0,0.0
LIXT,2018-04-06,9.0,9.0,9.0,9.0,83,9.0,0.0
LIXT,2018-04-09,9.0,9.0,9.0,9.0,0,9.0,0.0
LIXT,2018-04-10,9.0,9.0,9.0,9.0,0,9.0,0.0
LIXT,2018-04-11,9.0,9.0,9.0,9.0,0,9.0,0.0
LIXT,2018-04-12,9.0,9.0,9.0,9.0,0,9.0,0.0
LIXT,2018-04-13,9.0,9.0,9.0,9.0,0,9.0,0.0
LIXT,2018-04-16,9.0,9.0,9.0,9.0,67,9.0,0.0
LIXT,2018-04-17,9.0,9.0,9.0,9.0,0,9.0,0.0
LIXT,2018-04-18,9.0,9.0,9.0,9.0,0,9.0,0.0
LIXT,2018-04-19,9.0,9.0,9.0,9.0,0,9.0,0.0
LIXT,2018-04-20,9.0,9.0,9.0,9.0,0,9.0,0.0
LIXT,2018-04-23,9.0,9.0,9.0,9.0,0,9.0,0.0
LIXT,2018-04-24,9.0,9.0,9.0,9.0,0,9.0,0.0
LIXT,2018-04-25,9.0,9.0,9.0,9.0,0,9.0,0.0
LIXT,2018-04-26,9.0,9.0,9.0,9.0,0,9.0,0.0
LIXT,2018-04-27,9.0,9.0,9.0,9.0,0,9.0,0.0
LIXT,2018-04-30,9.600000381469727,9.600000381469727,7.800000190734863,9.0,110,9.0,0.0
LIXT,2018-05-01,7.800000190734863,9.0,7.800000190734863,9.0,360,9.0,0.0
LIXT,2018-05-02,9.0,9.0,9.0,9.0,25,9.0,0.0
LIXT,2018-05-03,9.0,9.0,9.0,9.0,0,9.0,0.0
LIXT,2018-05-04,9.0,9.0,9.0,9.0,0,9.0,0.0
LIXT,2018-05-07,9.0,9.0,7.800000190734863,9.0,272,9.0,0.0
LIXT,2018-05-08,7.800000190734863,9.0,7.800000190734863,9.0,38,9.0,0.0
LIXT,2018-05-09,9.0,9.0,9.0,9.0,0,9.0,0.0
LIXT,2018-05-10,9.0,9.0,9.0,9.0,17,9.0,0.0
LIXT,2018-05-11,9.0,9.0,9.0,9.0,0,9.0,0.0
LIXT,2018-05-14,7.800000190734863,9.0,7.800000190734863,9.0,27,9.0,0.0
LIXT,2018-05-15,10.199999809265137,10.199999809265137,10.199999809265137,10.199999809265137,17,10.199999809265137,0.0
LIXT,2018-05-16,10.199999809265137,10.199999809265137,10.199999809265137,10.199999809265137,0,10.199999809265137,0.0
LIXT,2018-05-17,10.199999809265137,10.199999809265137,10.199999809265137,10.199999809265137,0,10.199999809265137,0.0
LIXT,2018-05-18,10.199999809265137,10.199999809265137,10.199999809265137,10.199999809265137,0,10.199999809265137,0.0
LIXT,2018-05-21,10.199999809265137,10.199999809265137,10.199999809265137,10.199999809265137,33,10.199999809265137,0.0
LIXT,2018-05-22,9.600000381469727,10.199999809265137,9.600000381469727,10.199999809265137,55,10.199999809265137,0.0
LIXT,2018-05-23,10.199999809265137,10.199999809265137,10.199999809265137,10.199999809265137,58,10.199999809265137,0.0
LIXT,2018-05-24,10.199999809265137,10.199999809265137,10.199999809265137,10.199999809265137,0,10.199999809265137,0.0
LIXT,2018-05-25,7.800000190734863,7.800000190734863,7.800000190734863,7.800000190734863,12,7.800000190734863,0.0
LIXT,2018-05-29,7.800000190734863,7.800000190734863,7.800000190734863,7.800000190734863,0,7.800000190734863,0.0
LIXT,2018-05-30,11.399999618530273,11.399999618530273,11.399999618530273,11.399999618530273,17,11.399999618530273,0.0
LIXT,2018-05-31,11.399999618530273,11.399999618530273,11.399999618530273,11.399999618530273,0,11.399999618530273,0.0
LIXT,2018-06-01,11.399999618530273,11.399999618530273,11.399999618530273,11.399999618530273,0,11.399999618530273,0.0
LIXT,2018-06-04,10.800000190734863,11.399999618530273,10.800000190734863,11.399999618530273,662,11.399999618530273,0.0
LIXT,2018-06-05,11.399999618530273,11.399999618530273,11.399999618530273,11.399999618530273,0,11.399999618530273,0.0
LIXT,2018-06-06,9.0,11.399999618530273,9.0,11.399999618530273,103,11.399999618530273,0.0
LIXT,2018-06-07,11.399999618530273,11.399999618530273,11.399999618530273,11.399999618530273,0,11.399999618530273,0.0
LIXT,2018-06-08,11.399999618530273,11.399999618530273,11.399999618530273,11.399999618530273,0,11.399999618530273,0.0
LIXT,2018-06-11,11.399999618530273,11.399999618530273,11.399999618530273,11.399999618530273,0,11.399999618530273,0.0
LIXT,2018-06-12,11.399999618530273,11.399999618530273,11.399999618530273,11.399999618530273,0,11.399999618530273,0.0
LIXT,2018-06-13,11.399999618530273,11.399999618530273,11.399999618530273,11.399999618530273,17,11.399999618530273,0.0
LIXT,2018-06-14,11.399999618530273,11.399999618530273,11.399999618530273,11.399999618530273,33,11.399999618530273,0.0
LIXT,2018-06-15,11.399999618530273,11.399999618530273,11.399999618530273,11.399999618530273,0,11.399999618530273,0.0
LIXT,2018-06-18,11.399999618530273,11.399999618530273,11.399999618530273,11.399999618530273,17,11.399999618530273,0.0
LIXT,2018-06-19,9.600000381469727,11.399999618530273,9.600000381469727,11.399999618530273,247,11.399999618530273,0.0
LIXT,2018-06-20,7.800000190734863,7.800000190734863,7.800000190734863,7.800000190734863,83,7.800000190734863,0.0
LIXT,2018-06-21,9.600000381469727,11.399999618530273,9.600000381469727,11.399999618530273,73,11.399999618530273,0.0
LIXT,2018-06-22,10.800000190734863,15.0,10.800000190734863,15.0,1780,15.0,0.0
LIXT,2018-06-25,15.0,15.0,12.0,12.600000381469727,918,12.600000381469727,0.0
LIXT,2018-06-26,12.600000381469727,15.0,12.600000381469727,15.0,722,15.0,0.0
LIXT,2018-06-27,15.0,15.0,15.0,15.0,77,15.0,0.0
LIXT,2018-06-28,16.799999237060547,16.799999237060547,9.600000381469727,16.799999237060547,242,16.799999237060547,0.0
LIXT,2018-06-29,16.799999237060547,16.799999237060547,13.199999809265137,16.799999237060547,642,16.799999237060547,0.0
LIXT,2018-07-02,16.799999237060547,16.799999237060547,16.799999237060547,16.799999237060547,0,16.799999237060547,0.0
LIXT,2018-07-03,16.799999237060547,16.799999237060547,16.200000762939453,16.799999237060547,70,16.799999237060547,0.0
LIXT,2018-07-05,15.600000381469727,18.0,15.600000381469727,18.0,543,18.0,0.0
LIXT,2018-07-06,18.0,18.0,15.0,15.0,25,15.0,0.0
LIXT,2018-07-09,15.0,18.0,15.0,18.0,133,18.0,0.0
LIXT,2018-07-10,15.0,24.0,15.0,24.0,1020,24.0,0.0
LIXT,2018-07-11,27.0,27.0,16.799999237060547,23.399999618530273,1328,23.399999618530273,0.0
LIXT,2018-07-12,22.799999237060547,23.399999618530273,18.0,18.0,313,18.0,0.0
LIXT,2018-07-13,21.0,22.200000762939453,21.0,21.600000381469727,57,21.600000381469727,0.0
LIXT,2018-07-16,21.600000381469727,21.600000381469727,21.600000381469727,21.600000381469727,153,21.600000381469727,0.0
LIXT,2018-07-17,21.600000381469727,21.600000381469727,16.799999237060547,21.600000381469727,567,21.600000381469727,0.0
LIXT,2018-07-18,21.600000381469727,21.600000381469727,21.600000381469727,21.600000381469727,0,21.600000381469727,0.0
LIXT,2018-07-19,21.600000381469727,21.600000381469727,18.0,21.0,358,21.0,0.0
LIXT,2018-07-20,18.0,19.799999237060547,18.0,19.799999237060547,283,19.799999237060547,0.0
LIXT,2018-07-23,21.0,21.0,21.0,21.0,7,21.0,0.0
LIXT,2018-07-24,18.0,18.0,15.600000381469727,15.600000381469727,225,15.600000381469727,0.0
LIXT,2018-07-25,16.200000762939453,18.0,16.200000762939453,18.0,67,18.0,0.0
LIXT,2018-07-26,18.0,18.0,18.0,18.0,0,18.0,0.0
LIXT,2018-07-27,18.0,18.0,18.0,18.0,0,18.0,0.0
LIXT,2018-07-30,18.0,18.0,18.0,18.0,0,18.0,0.0
LIXT,2018-07-31,18.0,18.0,18.0,18.0,125,18.0,0.0
LIXT,2018-08-01,13.199999809265137,16.799999237060547,13.199999809265137,16.799999237060547,70,16.799999237060547,0.0
LIXT,2018-08-02,16.799999237060547,16.799999237060547,16.799999237060547,16.799999237060547,0,16.799999237060547,0.0
LIXT,2018-08-03,16.799999237060547,16.799999237060547,16.799999237060547,16.799999237060547,328,16.799999237060547,0.0
LIXT,2018-08-06,16.799999237060547,16.799999237060547,16.799999237060547,16.799999237060547,8,16.799999237060547,0.0
LIXT,2018-08-07,16.799999237060547,16.799999237060547,16.799999237060547,16.799999237060547,0,16.799999237060547,0.0
LIXT,2018-08-08,13.199999809265137,16.200000762939453,13.199999809265137,16.200000762939453,193,16.200000762939453,0.0
LIXT,2018-08-09,16.200000762939453,20.399999618530273,16.200000762939453,20.399999618530273,352,20.399999618530273,0.0
LIXT,2018-08-10,20.399999618530273,20.399999618530273,20.399999618530273,20.399999618530273,0,20.399999618530273,0.0
LIXT,2018-08-13,19.200000762939453,21.0,19.200000762939453,21.0,532,21.0,0.0
LIXT,2018-08-14,20.399999618530273,24.0,19.799999237060547,24.0,228,24.0,0.0
LIXT,2018-08-15,24.0,27.0,24.0,25.799999237060547,67,25.799999237060547,0.0
LIXT,2018-08-16,25.799999237060547,28.799999237060547,25.799999237060547,28.799999237060547,458,28.799999237060547,0.0
LIXT,2018-08-17,30.0,30.0,27.600000381469727,28.799999237060547,213,28.799999237060547,0.0
LIXT,2018-08-20,30.0,30.0,30.0,30.0,20,30.0,0.0
LIXT,2018-08-21,30.0,48.0,30.0,48.0,773,48.0,0.0
LIXT,2018-08-22,54.0,110.4000015258789,48.0,60.0,1647,60.0,0.0
LIXT,2018-08-23,60.0,60.0,16.799999237060547,36.0,1905,36.0,0.0
LIXT,2018-08-24,36.599998474121094,42.0,36.599998474121094,42.0,302,42.0,0.0
LIXT,2018-08-27,45.0,48.0,26.399999618530273,35.400001525878906,2327,35.400001525878906,0.0
LIXT,2018-08-28,30.600000381469727,36.0,30.600000381469727,32.400001525878906,317,32.400001525878906,0.0
LIXT,2018-08-29,28.799999237060547,33.0,23.399999618530273,30.600000381469727,632,30.600000381469727,0.0
LIXT,2018-08-30,33.0,33.0,29.399999618530273,33.0,198,33.0,0.0
LIXT,2018-08-31,33.0,36.0,30.0,33.0,1015,33.0,0.0
LIXT,2018-09-04,33.0,36.0,31.799999237060547,36.0,503,36.0,0.0
LIXT,2018-09-05,37.20000076293945,61.20000076293945,36.0,42.0,1000,42.0,0.0
LIXT,2018-09-06,43.20000076293945,87.0,43.20000076293945,51.0,2270,51.0,0.0
LIXT,2018-09-07,60.0,60.0,45.0,57.0,775,57.0,0.0
LIXT,2018-09-10,60.0,72.0,56.400001525878906,57.599998474121094,385,57.599998474121094,0.0
LIXT,2018-09-11,57.599998474121094,57.599998474121094,55.79999923706055,55.79999923706055,102,55.79999923706055,0.0
LIXT,2018-09-12,54.0,54.0,45.0,50.400001525878906,103,50.400001525878906,0.0
LIXT,2018-09-13,51.0,51.0,43.20000076293945,51.0,885,51.0,0.0
LIXT,2018-09-14,51.0,51.0,48.0,48.0,25,48.0,0.0
LIXT,2018-09-17,46.79999923706055,46.79999923706055,39.0,45.0,645,45.0,0.0
LIXT,2018-09-18,45.0,46.79999923706055,45.0,46.79999923706055,283,46.79999923706055,0.0
LIXT,2018-09-19,46.79999923706055,46.79999923706055,46.79999923706055,46.79999923706055,142,46.79999923706055,0.0
LIXT,2018-09-20,46.79999923706055,53.400001525878906,46.79999923706055,53.400001525878906,185,53.400001525878906,0.0
LIXT,2018-09-21,52.79999923706055,52.79999923706055,51.0,51.0,92,51.0,0.0
LIXT,2018-09-24,52.79999923706055,52.79999923706055,39.0,51.0,138,51.0,0.0
LIXT,2018-09-25,52.79999923706055,52.79999923706055,39.0,46.79999923706055,178,46.79999923706055,0.0
LIXT,2018-09-26,50.400001525878906,50.400001525878906,37.20000076293945,37.79999923706055,102,37.79999923706055,0.0
LIXT,2018-09-27,39.0,50.400001525878906,39.0,50.400001525878906,20,50.400001525878906,0.0
LIXT,2018-09-28,42.0,45.0,37.79999923706055,45.0,65,45.0,0.0
LIXT,2018-10-01,44.400001525878906,48.0,44.400001525878906,48.0,58,48.0,0.0
LIXT,2018-10-02,48.0,48.0,48.0,48.0,0,48.0,0.0
LIXT,2018-10-03,48.0,48.0,36.0,48.0,45,48.0,0.0
LIXT,2018-10-04,39.0,47.400001525878906,36.0,47.400001525878906,38,47.400001525878906,0.0
LIXT,2018-10-05,47.400001525878906,48.0,39.0,48.0,165,48.0,0.0
LIXT,2018-10-08,48.0,48.0,48.0,48.0,0,48.0,0.0
LIXT,2018-10-09,45.0,49.79999923706055,45.0,49.79999923706055,112,49.79999923706055,0.0
LIXT,2018-10-10,46.20000076293945,71.4000015258789,46.20000076293945,49.79999923706055,222,49.79999923706055,0.0
LIXT,2018-10-11,49.79999923706055,49.79999923706055,49.79999923706055,49.79999923706055,0,49.79999923706055,0.0
LIXT,2018-10-12,64.80000305175781,64.80000305175781,64.80000305175781,64.80000305175781,2,64.80000305175781,0.0
LIXT,2018-10-15,54.0,54.0,48.0,48.0,92,48.0,0.0
LIXT,2018-10-16,53.400001525878906,54.0,53.400001525878906,54.0,23,54.0,0.0
LIXT,2018-10-17,51.0,54.0,51.0,54.0,200,54.0,0.0
LIXT,2018-10-18,54.0,71.4000015258789,54.0,67.19999694824219,608,67.19999694824219,0.0
LIXT,2018-10-19,70.80000305175781,70.80000305175781,60.0,65.4000015258789,235,65.4000015258789,0.0
LIXT,2018-10-22,65.4000015258789,65.4000015258789,65.4000015258789,65.4000015258789,0,65.4000015258789,0.0
LIXT,2018-10-23,65.4000015258789,65.4000015258789,65.4000015258789,65.4000015258789,0,65.4000015258789,0.0
LIXT,2018-10-24,60.599998474121094,63.0,51.0,63.0,285,63.0,0.0
LIXT,2018-10-25,63.0,63.0,49.20000076293945,60.0,290,60.0,0.0
LIXT,2018-10-26,51.599998474121094,59.400001525878906,51.599998474121094,59.400001525878906,320,59.400001525878906,0.0
LIXT,2018-10-29,59.400001525878906,60.0,52.20000076293945,60.0,698,60.0,0.0
LIXT,2018-10-30,59.400001525878906,59.400001525878906,59.400001525878906,59.400001525878906,2,59.400001525878906,0.0
LIXT,2018-10-31,52.20000076293945,54.599998474121094,48.599998474121094,54.599998474121094,132,54.599998474121094,0.0
LIXT,2018-11-01,60.0,87.0,60.0,78.0,588,78.0,0.0
LIXT,2018-11-02,78.0,78.0,76.80000305175781,76.80000305175781,7,76.80000305175781,0.0
LIXT,2018-11-05,66.0,66.0,57.0,60.0,410,60.0,0.0
LIXT,2018-11-06,60.0,60.0,45.0,54.0,462,54.0,0.0
LIXT,2018-11-07,57.0,60.0,57.0,60.0,90,60.0,0.0
LIXT,2018-11-08,51.0,54.0,51.0,54.0,27,54.0,0.0
LIXT,2018-11-09,54.0,54.0,54.0,54.0,0,54.0,0.0
LIXT,2018-11-12,43.20000076293945,54.0,42.0,42.0,82,42.0,0.0
LIXT,2018-11-13,53.400001525878906,54.0,53.400001525878906,54.0,33,54.0,0.0
LIXT,2018-11-14,54.0,54.0,54.0,54.0,17,54.0,0.0
LIXT,2018-11-15,48.0,48.0,48.0,48.0,8,48.0,0.0
LIXT,2018-11-16,48.0,59.400001525878906,48.0,59.400001525878906,15,59.400001525878906,0.0
LIXT,2018-11-19,54.0,54.0,54.0,54.0,10,54.0,0.0
LIXT,2018-11-20,48.0,53.400001525878906,48.0,53.400001525878906,60,53.400001525878906,0.0
LIXT,2018-11-21,60.0,60.0,48.0,48.0,22,48.0,0.0
LIXT,2018-11-23,52.79999923706055,54.0,52.79999923706055,54.0,32,54.0,0.0
LIXT,2018-11-26,57.0,57.0,57.0,57.0,28,57.0,0.0
LIXT,2018-11-27,57.0,60.0,57.0,57.0,85,57.0,0.0
LIXT,2018-11-28,57.0,57.0,54.0,54.0,10,54.0,0.0
LIXT,2018-11-29,60.0,60.0,60.0,60.0,10,60.0,0.0
LIXT,2018-11-30,55.20000076293945,55.20000076293945,55.20000076293945,55.20000076293945,8,55.20000076293945,0.0
LIXT,2018-12-03,59.400001525878906,59.400001525878906,59.400001525878906,59.400001525878906,18,59.400001525878906,0.0
LIXT,2018-12-04,59.400001525878906,59.400001525878906,45.0,57.0,33,57.0,0.0
LIXT,2018-12-06,48.0,48.0,48.0,48.0,167,48.0,0.0
LIXT,2018-12-07,55.79999923706055,57.0,55.79999923706055,57.0,38,57.0,0.0
LIXT,2018-12-10,57.0,59.400001525878906,57.0,59.400001525878906,30,59.400001525878906,0.0
LIXT,2018-12-11,59.400001525878906,59.400001525878906,48.0,53.400001525878906,45,53.400001525878906,0.0
LIXT,2018-12-12,54.0,60.0,54.0,57.0,423,57.0,0.0
LIXT,2018-12-13,54.0,54.0,51.0,54.0,62,54.0,0.0
LIXT,2018-12-14,57.0,57.0,57.0,57.0,10,57.0,0.0
LIXT,2018-12-17,48.0,55.79999923706055,48.0,55.79999923706055,33,55.79999923706055,0.0
LIXT,2018-12-18,50.400001525878906,57.0,49.20000076293945,57.0,18,57.0,0.0
LIXT,2018-12-19,49.79999923706055,56.400001525878906,49.79999923706055,56.400001525878906,78,56.400001525878906,0.0
LIXT,2018-12-20,54.0,54.0,50.400001525878906,54.0,105,54.0,0.0
LIXT,2018-12-21,54.0,54.0,54.0,54.0,0,54.0,0.0
LIXT,2018-12-24,57.0,57.0,57.0,57.0,8,57.0,0.0
LIXT,2018-12-26,57.0,57.0,57.0,57.0,0,57.0,0.0
LIXT,2018-12-27,50.400001525878906,56.400001525878906,45.0,56.400001525878906,175,56.400001525878906,0.0
LIXT,2018-12-28,57.0,57.0,42.0,48.0,268,48.0,0.0
LIXT,2018-12-31,45.0,55.79999923706055,45.0,55.79999923706055,37,55.79999923706055,0.0
LIXT,2019-01-02,56.400001525878906,56.400001525878906,55.79999923706055,56.400001525878906,27,56.400001525878906,0.0
LIXT,2019-01-03,56.400001525878906,56.400001525878906,56.400001525878906,56.400001525878906,0,56.400001525878906,0.0
LIXT,2019-01-04,56.400001525878906,56.400001525878906,56.400001525878906,56.400001525878906,0,56.400001525878906,0.0
LIXT,2019-01-07,56.400001525878906,56.400001525878906,56.400001525878906,56.400001525878906,0,56.400001525878906,0.0
LIXT,2019-01-08,60.0,60.0,48.599998474121094,59.400001525878906,30,59.400001525878906,0.0
LIXT,2019-01-09,60.0,60.0,60.0,60.0,75,60.0,0.0
LIXT,2019-01-10,60.0,60.0,60.0,60.0,0,60.0,0.0
LIXT,2019-01-11,60.0,60.0,60.0,60.0,5,60.0,0.0
LIXT,2019-01-14,59.400001525878906,59.400001525878906,59.400001525878906,59.400001525878906,8,59.400001525878906,0.0
LIXT,2019-01-15,53.400001525878906,58.79999923706055,53.400001525878906,58.79999923706055,8,58.79999923706055,0.0
LIXT,2019-01-16,58.79999923706055,58.79999923706055,58.79999923706055,58.79999923706055,2,58.79999923706055,0.0
LIXT,2019-01-17,58.79999923706055,58.79999923706055,58.79999923706055,58.79999923706055,0,58.79999923706055,0.0
LIXT,2019-01-18,54.0,58.20000076293945,54.0,58.20000076293945,205,58.20000076293945,0.0
LIXT,2019-01-22,54.0,54.0,43.79999923706055,48.599998474121094,480,48.599998474121094,0.0
LIXT,2019-01-23,49.20000076293945,49.20000076293945,47.400001525878906,48.599998474121094,17,48.599998474121094,0.0
LIXT,2019-01-24,49.79999923706055,54.0,49.79999923706055,54.0,25,54.0,0.0
LIXT,2019-01-25,51.599998474121094,60.0,49.79999923706055,54.0,127,54.0,0.0
LIXT,2019-01-28,51.0,54.0,51.0,54.0,130,54.0,0.0
LIXT,2019-01-29,54.0,54.0,54.0,54.0,8,54.0,0.0
LIXT,2019-01-30,54.0,54.0,54.0,54.0,2,54.0,0.0
LIXT,2019-01-31,54.0,54.0,51.599998474121094,51.599998474121094,107,51.599998474121094,0.0
LIXT,2019-02-01,52.20000076293945,52.20000076293945,51.599998474121094,51.599998474121094,102,51.599998474121094,0.0
LIXT,2019-02-04,51.599998474121094,51.599998474121094,45.0,49.20000076293945,315,49.20000076293945,0.0
LIXT,2019-02-05,49.79999923706055,54.0,48.0,54.0,62,54.0,0.0
LIXT,2019-02-06,54.0,54.0,54.0,54.0,0,54.0,0.0
LIXT,2019-02-07,49.20000076293945,54.0,49.20000076293945,54.0,135,54.0,0.0
LIXT,2019-02-08,54.0,54.0,54.0,54.0,0,54.0,0.0
LIXT,2019-02-11,49.79999923706055,49.79999923706055,49.79999923706055,49.79999923706055,2,49.79999923706055,0.0
LIXT,2019-02-12,49.79999923706055,49.79999923706055,49.79999923706055,49.79999923706055,0,49.79999923706055,0.0
LIXT,2019-02-13,50.400001525878906,51.0,50.400001525878906,51.0,28,51.0,0.0
LIXT,2019-02-14,51.0,51.0,51.0,51.0,0,51.0,0.0
LIXT,2019-02-15,51.599998474121094,51.599998474121094,51.0,51.0,103,51.0,0.0
LIXT,2019-02-19,51.0,51.0,51.0,51.0,100,51.0,0.0
LIXT,2019-02-20,51.0,51.0,51.0,51.0,0,51.0,0.0
LIXT,2019-02-21,51.0,51.0,51.0,51.0,0,51.0,0.0
LIXT,2019-02-22,51.0,51.0,51.0,51.0,0,51.0,0.0
LIXT,2019-02-25,48.599998474121094,48.599998474121094,48.599998474121094,48.599998474121094,10,48.599998474121094,0.0
LIXT,2019-02-26,48.599998474121094,48.599998474121094,48.599998474121094,48.599998474121094,0,48.599998474121094,0.0
LIXT,2019-02-27,48.599998474121094,48.599998474121094,48.599998474121094,48.599998474121094,125,48.599998474121094,0.0
LIXT,2019-02-28,54.0,54.0,54.0,54.0,7,54.0,0.0
LIXT,2019-03-01,54.0,54.0,54.0,54.0,0,54.0,0.0
LIXT,2019-03-04,54.0,54.0,54.0,54.0,2,54.0,0.0
LIXT,2019-03-05,49.20000076293945,49.20000076293945,49.20000076293945,49.20000076293945,2,49.20000076293945,0.0
LIXT,2019-03-06,51.599998474121094,51.599998474121094,51.599998474121094,51.599998474121094,17,51.599998474121094,0.0
LIXT,2019-03-07,54.0,57.0,49.20000076293945,57.0,30,57.0,0.0
LIXT,2019-03-08,49.79999923706055,49.79999923706055,49.79999923706055,49.79999923706055,107,49.79999923706055,0.0
LIXT,2019-03-11,49.79999923706055,49.79999923706055,49.79999923706055,49.79999923706055,0,49.79999923706055,0.0
LIXT,2019-03-12,49.79999923706055,49.79999923706055,49.79999923706055,49.79999923706055,0,49.79999923706055,0.0
LIXT,2019-03-13,48.599998474121094,48.599998474121094,48.599998474121094,48.599998474121094,20,48.599998474121094,0.0
LIXT,2019-03-14,54.0,54.0,54.0,54.0,17,54.0,0.0
LIXT,2019-03-15,54.0,54.0,54.0,54.0,0,54.0,0.0
LIXT,2019-03-18,54.0,54.0,54.0,54.0,0,54.0,0.0
LIXT,2019-03-19,54.0,54.0,54.0,54.0,2,54.0,0.0
LIXT,2019-03-20,54.0,54.0,54.0,54.0,0,54.0,0.0
LIXT,2019-03-21,54.0,54.0,54.0,54.0,2,54.0,0.0
LIXT,2019-03-22,49.20000076293945,54.0,49.20000076293945,54.0,20,54.0,0.0
LIXT,2019-03-25,54.0,54.0,51.0,51.0,105,51.0,0.0
LIXT,2019-03-26,51.0,51.0,51.0,51.0,100,51.0,0.0
LIXT,2019-03-27,49.79999923706055,54.0,49.79999923706055,54.0,250,54.0,0.0
LIXT,2019-03-28,54.0,54.0,54.0,54.0,2,54.0,0.0
LIXT,2019-03-29,54.0,54.0,54.0,54.0,0,54.0,0.0
LIXT,2019-04-01,51.0,54.0,51.0,54.0,122,54.0,0.0
LIXT,2019-04-02,54.0,54.0,54.0,54.0,0,54.0,0.0
LIXT,2019-04-03,56.400001525878906,56.400001525878906,55.79999923706055,56.400001525878906,43,56.400001525878906,0.0
LIXT,2019-04-04,56.400001525878906,56.400001525878906,56.400001525878906,56.400001525878906,0,56.400001525878906,0.0
LIXT,2019-04-05,56.400001525878906,56.400001525878906,56.400001525878906,56.400001525878906,0,56.400001525878906,0.0
LIXT,2019-04-08,51.0,51.0,51.0,51.0,83,51.0,0.0
LIXT,2019-04-09,51.0,51.0,51.0,51.0,0,51.0,0.0
LIXT,2019-04-10,51.0,51.0,51.0,51.0,0,51.0,0.0
LIXT,2019-04-11,51.0,51.0,51.0,51.0,0,51.0,0.0
LIXT,2019-04-12,56.400001525878906,66.0,54.0,63.0,420,63.0,0.0
LIXT,2019-04-15,60.0,60.0,60.0,60.0,18,60.0,0.0
LIXT,2019-04-16,60.0,60.0,51.599998474121094,51.599998474121094,100,51.599998474121094,0.0
LIXT,2019-04-17,52.20000076293945,52.20000076293945,51.599998474121094,51.599998474121094,33,51.599998474121094,0.0
LIXT,2019-04-18,66.0,66.0,61.79999923706055,61.79999923706055,5,61.79999923706055,0.0
LIXT,2019-04-22,63.0,63.0,63.0,63.0,2,63.0,0.0
LIXT,2019-04-23,63.0,63.0,63.0,63.0,0,63.0,0.0
LIXT,2019-04-24,63.0,63.0,48.0,48.0,3,48.0,0.0
LIXT,2019-04-25,65.4000015258789,65.4000015258789,58.20000076293945,58.20000076293945,45,58.20000076293945,0.0
LIXT,2019-04-26,60.599998474121094,60.599998474121094,60.599998474121094,60.599998474121094,7,60.599998474121094,0.0
LIXT,2019-04-29,60.0,60.599998474121094,60.0,60.599998474121094,37,60.599998474121094,0.0
LIXT,2019-04-30,55.20000076293945,55.20000076293945,55.20000076293945,55.20000076293945,33,55.20000076293945,0.0
LIXT,2019-05-01,58.20000076293945,60.599998474121094,57.0,60.599998474121094,40,60.599998474121094,0.0
LIXT,2019-05-02,60.599998474121094,60.599998474121094,60.599998474121094,60.599998474121094,0,60.599998474121094,0.0
LIXT,2019-05-03,60.599998474121094,60.599998474121094,60.599998474121094,60.599998474121094,0,60.599998474121094,0.0
LIXT,2019-05-06,60.599998474121094,60.599998474121094,60.599998474121094,60.599998474121094,0,60.599998474121094,0.0
LIXT,2019-05-07,60.599998474121094,61.20000076293945,43.79999923706055,43.79999923706055,102,43.79999923706055,0.0
LIXT,2019-05-08,54.0,54.0,54.0,54.0,33,54.0,0.0
LIXT,2019-05-09,54.0,54.0,54.0,54.0,0,54.0,0.0
LIXT,2019-05-10,54.0,54.0,54.0,54.0,0,54.0,0.0
LIXT,2019-05-13,54.0,54.0,54.0,54.0,0,54.0,0.0
LIXT,2019-05-14,54.0,54.0,54.0,54.0,13,54.0,0.0
LIXT,2019-05-15,57.0,61.20000076293945,57.0,61.20000076293945,58,61.20000076293945,0.0
LIXT,2019-05-16,65.4000015258789,87.0,65.4000015258789,66.0,232,66.0,0.0
LIXT,2019-05-17,66.0,66.0,66.0,66.0,0,66.0,0.0
LIXT,2019-05-20,60.599998474121094,63.599998474121094,60.599998474121094,63.0,47,63.0,0.0
LIXT,2019-05-21,63.0,63.0,63.0,63.0,0,63.0,0.0
LIXT,2019-05-22,66.0,66.0,54.0,60.0,65,60.0,0.0
LIXT,2019-05-23,70.19999694824219,71.4000015258789,66.5999984741211,66.5999984741211,32,66.5999984741211,0.0
LIXT,2019-05-24,69.0,70.19999694824219,69.0,70.19999694824219,43,70.19999694824219,0.0
LIXT,2019-05-28,63.0,66.0,63.0,66.0,75,66.0,0.0
LIXT,2019-05-29,66.0,66.0,66.0,66.0,0,66.0,0.0
LIXT,2019-05-30,63.0,63.0,60.599998474121094,60.599998474121094,12,60.599998474121094,0.0
LIXT,2019-05-31,60.599998474121094,60.599998474121094,60.599998474121094,60.599998474121094,0,60.599998474121094,0.0
LIXT,2019-06-03,60.599998474121094,60.599998474121094,60.599998474121094,60.599998474121094,0,60.599998474121094,0.0
LIXT,2019-06-04,54.599998474121094,60.0,54.0,60.0,118,60.0,0.0
LIXT,2019-06-05,60.0,60.0,60.0,60.0,0,60.0,0.0
LIXT,2019-06-06,55.20000076293945,55.20000076293945,55.20000076293945,55.20000076293945,193,55.20000076293945,0.0
LIXT,2019-06-07,59.400001525878906,59.400001525878906,59.400001525878906,59.400001525878906,33,59.400001525878906,0.0
LIXT,2019-06-10,54.599998474121094,57.0,54.599998474121094,57.0,202,57.0,0.0
LIXT,2019-06-11,57.0,57.0,57.0,57.0,0,57.0,0.0
LIXT,2019-06-12,60.0,60.0,52.79999923706055,57.0,100,57.0,0.0
LIXT,2019-06-13,57.0,57.0,57.0,57.0,0,57.0,0.0
LIXT,2019-06-14,60.0,60.0,60.0,60.0,97,60.0,0.0
LIXT,2019-06-17,60.599998474121094,60.599998474121094,60.599998474121094,60.599998474121094,12,60.599998474121094,0.0
LIXT,2019-06-18,58.20000076293945,58.20000076293945,57.0,57.0,33,57.0,0.0
LIXT,2019-06-19,57.0,57.0,57.0,57.0,0,57.0,0.0
LIXT,2019-06-20,60.0,60.0,60.0,60.0,2,60.0,0.0
LIXT,2019-06-21,60.0,60.0,60.0,60.0,0,60.0,0.0
LIXT,2019-06-24,60.0,60.0,60.0,60.0,0,60.0,0.0
LIXT,2019-06-25,58.79999923706055,61.20000076293945,57.0,57.0,157,57.0,0.0
LIXT,2019-06-26,57.0,57.0,57.0,57.0,0,57.0,0.0
LIXT,2019-06-27,55.20000076293945,55.20000076293945,55.20000076293945,55.20000076293945,33,55.20000076293945,0.0
LIXT,2019-06-28,55.79999923706055,60.0,55.79999923706055,60.0,58,60.0,0.0
LIXT,2019-07-01,54.0,60.0,54.0,60.0,58,60.0,0.0
LIXT,2019-07-02,60.0,60.0,60.0,60.0,0,60.0,0.0
LIXT,2019-07-03,60.0,60.0,60.0,60.0,0,60.0,0.0
LIXT,2019-07-05,60.0,63.0,60.0,63.0,23,63.0,0.0
LIXT,2019-07-08,63.0,63.0,63.0,63.0,20,63.0,0.0
LIXT,2019-07-09,60.0,60.0,60.0,60.0,17,60.0,0.0
LIXT,2019-07-10,60.0,60.0,60.0,60.0,3,60.0,0.0
LIXT,2019-07-11,60.0,60.0,60.0,60.0,17,60.0,0.0
LIXT,2019-07-12,60.0,60.0,60.0,60.0,0,60.0,0.0
LIXT,2019-07-15,60.0,60.0,60.0,60.0,8,60.0,0.0
LIXT,2019-07-16,52.79999923706055,59.400001525878906,42.0,45.599998474121094,330,45.599998474121094,0.0
LIXT,2019-07-17,49.20000076293945,49.20000076293945,49.20000076293945,49.20000076293945,3,49.20000076293945,0.0
LIXT,2019-07-18,49.20000076293945,59.400001525878906,49.20000076293945,49.20000076293945,57,49.20000076293945,0.0
LIXT,2019-07-19,52.79999923706055,52.79999923706055,51.0,51.0,50,51.0,0.0
LIXT,2019-07-22,58.20000076293945,60.0,58.20000076293945,60.0,17,60.0,0.0
LIXT,2019-07-23,51.0,60.0,51.0,60.0,25,60.0,0.0
LIXT,2019-07-24,60.0,60.0,60.0,60.0,0,60.0,0.0
LIXT,2019-07-25,57.0,60.0,57.0,60.0,25,60.0,0.0
LIXT,2019-07-26,52.79999923706055,63.0,52.79999923706055,60.599998474121094,83,60.599998474121094,0.0
LIXT,2019-07-29,63.0,63.0,63.0,63.0,13,63.0,0.0
LIXT,2019-07-30,60.599998474121094,60.599998474121094,60.599998474121094,60.599998474121094,8,60.599998474121094,0.0
LIXT,2019-07-31,60.599998474121094,60.599998474121094,60.599998474121094,60.599998474121094,8,60.599998474121094,0.0
LIXT,2019-08-01,62.400001525878906,63.0,62.400001525878906,63.0,28,63.0,0.0
LIXT,2019-08-02,62.400001525878906,63.0,62.400001525878906,63.0,28,63.0,0.0
LIXT,2019-08-05,63.0,63.0,62.400001525878906,63.0,12,63.0,0.0
LIXT,2019-08-06,63.0,74.4000015258789,60.599998474121094,66.0,77,66.0,0.0
LIXT,2019-08-07,63.0,74.4000015258789,60.599998474121094,66.0,77,66.0,0.0
LIXT,2019-08-08,60.599998474121094,60.599998474121094,60.599998474121094,60.599998474121094,13,60.599998474121094,0.0
LIXT,2019-08-09,60.599998474121094,66.0,60.599998474121094,60.599998474121094,33,60.599998474121094,0.0
LIXT,2019-08-12,60.599998474121094,66.0,60.599998474121094,66.0,33,66.0,0.0
LIXT,2019-08-13,66.0,66.0,60.599998474121094,66.0,8,66.0,0.0
LIXT,2019-08-14,60.599998474121094,66.0,60.599998474121094,66.0,25,66.0,0.0
LIXT,2019-08-15,60.599998474121094,60.599998474121094,60.599998474121094,60.599998474121094,5,60.599998474121094,0.0
LIXT,2019-08-16,63.0,63.0,63.0,63.0,8,63.0,0.0
LIXT,2019-08-19,63.0,63.0,63.0,63.0,0,63.0,0.0
LIXT,2019-08-20,63.0,65.4000015258789,61.20000076293945,65.4000015258789,93,65.4000015258789,0.0
LIXT,2019-08-21,66.0,66.0,61.20000076293945,66.0,137,66.0,0.0
LIXT,2019-08-22,66.0,81.0,66.0,79.80000305175781,122,79.80000305175781,0.0
LIXT,2019-08-23,81.5999984741211,84.0,78.0,78.0,95,78.0,0.0
LIXT,2019-08-26,76.80000305175781,81.0,76.80000305175781,81.0,75,81.0,0.0
LIXT,2019-08-27,83.4000015258789,83.4000015258789,81.0,81.0,30,81.0,0.0
LIXT,2019-08-28,81.0,81.0,81.0,81.0,0,81.0,0.0
LIXT,2019-08-29,81.0,81.0,81.0,81.0,0,81.0,0.0
LIXT,2019-08-30,81.0,81.0,81.0,81.0,0,81.0,0.0
LIXT,2019-09-03,81.0,81.0,81.0,81.0,0,81.0,0.0
LIXT,2019-09-04,70.80000305175781,81.0,70.80000305175781,81.0,20,81.0,0.0
LIXT,2019-09-05,81.0,81.0,81.0,81.0,0,81.0,0.0
LIXT,2019-09-06,81.0,81.0,71.4000015258789,77.4000015258789,12,77.4000015258789,0.0
LIXT,2019-09-09,75.0,75.0,65.4000015258789,69.5999984741211,28,69.5999984741211,0.0
LIXT,2019-09-10,69.5999984741211,69.5999984741211,69.5999984741211,69.5999984741211,0,69.5999984741211,0.0
LIXT,2019-09-11,69.5999984741211,69.5999984741211,69.5999984741211,69.5999984741211,0,69.5999984741211,0.0
LIXT,2019-09-12,69.0,69.0,69.0,69.0,17,69.0,0.0
LIXT,2019-09-13,70.80000305175781,70.80000305175781,70.80000305175781,70.80000305175781,10,70.80000305175781,0.0
LIXT,2019-09-16,70.80000305175781,70.80000305175781,70.80000305175781,70.80000305175781,0,70.80000305175781,0.0
LIXT,2019-09-17,64.19999694824219,64.19999694824219,63.0,64.19999694824219,63,64.19999694824219,0.0
LIXT,2019-09-18,64.19999694824219,70.19999694824219,64.19999694824219,70.19999694824219,8,70.19999694824219,0.0
LIXT,2019-09-19,64.19999694824219,70.19999694824219,64.19999694824219,70.19999694824219,27,70.19999694824219,0.0
LIXT,2019-09-20,70.19999694824219,70.19999694824219,70.19999694824219,70.19999694824219,0,70.19999694824219,0.0
LIXT,2019-09-23,70.19999694824219,70.19999694824219,70.19999694824219,70.19999694824219,0,70.19999694824219,0.0
LIXT,2019-09-24,66.5999984741211,66.5999984741211,66.5999984741211,66.5999984741211,10,66.5999984741211,0.0
LIXT,2019-09-25,66.0,66.5999984741211,66.0,66.5999984741211,38,66.5999984741211,0.0
LIXT,2019-09-26,66.0,66.0,66.0,66.0,2,66.0,0.0
LIXT,2019-09-27,66.0,66.0,66.0,66.0,0,66.0,0.0
LIXT,2019-09-30,65.4000015258789,81.0,65.4000015258789,81.0,43,81.0,0.0
LIXT,2019-10-01,81.0,81.0,81.0,81.0,2,81.0,0.0
LIXT,2019-10-02,81.0,81.0,81.0,81.0,0,81.0,0.0
LIXT,2019-10-03,81.0,81.0,81.0,81.0,0,81.0,0.0
LIXT,2019-10-04,64.80000305175781,80.4000015258789,64.80000305175781,80.4000015258789,13,80.4000015258789,0.0
LIXT,2019-10-07,80.4000015258789,80.4000015258789,80.4000015258789,80.4000015258789,2,80.4000015258789,0.0
LIXT,2019-10-08,66.5999984741211,81.0,66.5999984741211,74.4000015258789,62,74.4000015258789,0.0
LIXT,2019-10-09,74.4000015258789,74.4000015258789,73.19999694824219,73.19999694824219,17,73.19999694824219,0.0
LIXT,2019-10-10,73.19999694824219,73.19999694824219,73.19999694824219,73.19999694824219,0,73.19999694824219,0.0
LIXT,2019-10-11,70.80000305175781,72.5999984741211,70.80000305175781,72.5999984741211,93,72.5999984741211,0.0
LIXT,2019-10-14,72.5999984741211,72.5999984741211,72.5999984741211,72.5999984741211,2,72.5999984741211,0.0
LIXT,2019-10-15,73.19999694824219,75.0,73.19999694824219,75.0,18,75.0,0.0
LIXT,2019-10-16,68.4000015258789,74.4000015258789,68.4000015258789,74.4000015258789,80,74.4000015258789,0.0
LIXT,2019-10-17,76.80000305175781,76.80000305175781,76.80000305175781,76.80000305175781,3,76.80000305175781,0.0
LIXT,2019-10-18,72.0,72.0,72.0,72.0,20,72.0,0.0
LIXT,2019-10-21,74.4000015258789,75.0,63.0,63.0,203,63.0,0.0
LIXT,2019-10-22,77.4000015258789,77.4000015258789,77.4000015258789,77.4000015258789,3,77.4000015258789,0.0
LIXT,2019-10-23,77.4000015258789,77.4000015258789,77.4000015258789,77.4000015258789,0,77.4000015258789,0.0
LIXT,2019-10-24,74.4000015258789,74.4000015258789,74.4000015258789,74.4000015258789,8,74.4000015258789,0.0
LIXT,2019-10-25,67.19999694824219,72.0,67.19999694824219,72.0,30,72.0,0.0
LIXT,2019-10-28,72.0,72.0,72.0,72.0,0,72.0,0.0
LIXT,2019-10-29,72.0,72.0,72.0,72.0,0,72.0,0.0
LIXT,2019-10-30,72.0,72.0,72.0,72.0,0,72.0,0.0
LIXT,2019-10-31,72.0,72.0,72.0,72.0,0,72.0,0.0
LIXT,2019-11-01,67.19999694824219,72.0,67.19999694824219,72.0,10,72.0,0.0
LIXT,2019-11-04,67.19999694824219,67.19999694824219,63.0,66.0,25,66.0,0.0
LIXT,2019-11-05,66.0,66.0,66.0,66.0,0,66.0,0.0
LIXT,2019-11-06,67.19999694824219,67.19999694824219,63.599998474121094,66.0,28,66.0,0.0
LIXT,2019-11-07,66.0,66.0,63.0,63.0,52,63.0,0.0
LIXT,2019-11-08,61.20000076293945,66.0,60.0,66.0,298,66.0,0.0
LIXT,2019-11-11,66.0,66.0,66.0,66.0,0,66.0,0.0
LIXT,2019-11-12,66.0,66.0,66.0,66.0,0,66.0,0.0
LIXT,2019-11-13,60.0,60.0,47.400001525878906,58.20000076293945,12,58.20000076293945,0.0
LIXT,2019-11-14,59.400001525878906,59.400001525878906,59.400001525878906,59.400001525878906,5,59.400001525878906,0.0
LIXT,2019-11-15,58.79999923706055,61.79999923706055,54.0,60.0,62,60.0,0.0
LIXT,2019-11-18,60.0,60.0,60.0,60.0,0,60.0,0.0
LIXT,2019-11-19,66.0,66.0,60.599998474121094,60.599998474121094,122,60.599998474121094,0.0
LIXT,2019-11-20,60.0,60.0,60.0,60.0,12,60.0,0.0
LIXT,2019-11-21,55.79999923706055,55.79999923706055,55.79999923706055,55.79999923706055,3,55.79999923706055,0.0
LIXT,2019-11-22,55.79999923706055,55.79999923706055,55.79999923706055,55.79999923706055,0,55.79999923706055,0.0
LIXT,2019-11-25,60.0,60.0,49.79999923706055,54.0,97,54.0,0.0
LIXT,2019-11-26,54.0,54.0,54.0,54.0,0,54.0,0.0
LIXT,2019-11-27,54.0,54.0,54.0,54.0,0,54.0,0.0
LIXT,2019-11-29,52.79999923706055,54.0,52.79999923706055,54.0,17,54.0,0.0
LIXT,2019-12-02,54.0,54.0,54.0,54.0,2,54.0,0.0
LIXT,2019-12-03,54.0,54.0,54.0,54.0,0,54.0,0.0
LIXT,2019-12-04,54.0,60.0,54.0,57.0,585,57.0,0.0
LIXT,2019-12-05,57.0,57.0,57.0,57.0,67,57.0,0.0
LIXT,2019-12-06,57.0,57.0,57.0,57.0,0,57.0,0.0
LIXT,2019-12-09,54.0,54.0,54.0,54.0,28,54.0,0.0
LIXT,2019-12-10,54.0,54.0,54.0,54.0,103,54.0,0.0
LIXT,2019-12-11,54.0,54.0,54.0,54.0,0,54.0,0.0
LIXT,2019-12-12,54.0,54.0,54.0,54.0,0,54.0,0.0
LIXT,2019-12-13,54.0,54.0,54.0,54.0,0,54.0,0.0
LIXT,2019-12-16,52.79999923706055,52.79999923706055,46.79999923706055,51.0,185,51.0,0.0
LIXT,2019-12-17,46.20000076293945,46.20000076293945,39.0,45.0,233,45.0,0.0
LIXT,2019-12-18,45.0,48.0,40.79999923706055,45.0,328,45.0,0.0
LIXT,2019-12-19,40.79999923706055,42.0,40.79999923706055,42.0,157,42.0,0.0
LIXT,2019-12-20,46.20000076293945,46.20000076293945,40.20000076293945,42.0,542,42.0,0.0
LIXT,2019-12-23,48.0,48.0,42.0,42.0,72,42.0,0.0
LIXT,2019-12-24,42.0,42.0,40.79999923706055,40.79999923706055,292,40.79999923706055,0.0
LIXT,2019-12-26,41.400001525878906,42.0,40.79999923706055,40.79999923706055,80,40.79999923706055,0.0
LIXT,2019-12-27,38.400001525878906,42.0,38.400001525878906,42.0,72,42.0,0.0
LIXT,2019-12-30,42.0,42.0,36.599998474121094,40.79999923706055,82,40.79999923706055,0.0
LIXT,2019-12-31,39.0,40.79999923706055,39.0,40.79999923706055,17,40.79999923706055,0.0
LIXT,2020-01-02,51.0,51.0,51.0,51.0,8,51.0,0.0
LIXT,2020-01-03,42.0,45.0,42.0,45.0,113,45.0,0.0
LIXT,2020-01-06,45.0,45.0,45.0,45.0,0,45.0,0.0
LIXT,2020-01-07,48.0,48.0,48.0,48.0,12,48.0,0.0
LIXT,2020-01-08,48.0,48.0,48.0,48.0,0,48.0,0.0
LIXT,2020-01-09,45.0,45.0,45.0,45.0,7,45.0,0.0
LIXT,2020-01-10,45.0,45.0,45.0,45.0,0,45.0,0.0
LIXT,2020-01-13,46.20000076293945,46.20000076293945,39.0,41.400001525878906,73,41.400001525878906,0.0
LIXT,2020-01-14,42.0,42.0,36.0,41.400001525878906,37,41.400001525878906,0.0
LIXT,2020-01-15,41.400001525878906,41.400001525878906,41.400001525878906,41.400001525878906,17,41.400001525878906,0.0
LIXT,2020-01-16,33.599998474121094,39.0,33.599998474121094,39.0,172,39.0,0.0
LIXT,2020-01-17,41.400001525878906,43.20000076293945,37.20000076293945,42.0,140,42.0,0.0
LIXT,2020-01-21,42.0,42.0,42.0,42.0,0,42.0,0.0
LIXT,2020-01-22,42.0,42.0,42.0,42.0,0,42.0,0.0
LIXT,2020-01-23,42.0,42.0,42.0,42.0,0,42.0,0.0
LIXT,2020-01-24,39.0,42.0,39.0,42.0,38,42.0,0.0
LIXT,2020-01-27,42.0,42.0,42.0,42.0,0,42.0,0.0
LIXT,2020-01-28,41.400001525878906,41.400001525878906,41.400001525878906,41.400001525878906,23,41.400001525878906,0.0
LIXT,2020-01-29,41.400001525878906,41.400001525878906,41.400001525878906,41.400001525878906,7,41.400001525878906,0.0
LIXT,2020-01-30,54.0,54.0,40.79999923706055,45.0,43,45.0,0.0
LIXT,2020-01-31,45.0,45.0,45.0,45.0,0,45.0,0.0
LIXT,2020-02-03,45.0,45.0,45.0,45.0,0,45.0,0.0
LIXT,2020-02-04,45.0,45.0,45.0,45.0,0,45.0,0.0
LIXT,2020-02-05,45.0,45.0,45.0,45.0,0,45.0,0.0
LIXT,2020-02-06,42.0,45.599998474121094,42.0,45.599998474121094,257,45.599998474121094,0.0
LIXT,2020-02-07,45.0,54.0,45.0,46.20000076293945,367,46.20000076293945,0.0
LIXT,2020-02-10,46.20000076293945,46.20000076293945,46.20000076293945,46.20000076293945,0,46.20000076293945,0.0
LIXT,2020-02-11,46.20000076293945,46.20000076293945,46.20000076293945,46.20000076293945,0,46.20000076293945,0.0
LIXT,2020-02-12,46.20000076293945,46.20000076293945,39.0,46.20000076293945,127,46.20000076293945,0.0
LIXT,2020-02-13,46.20000076293945,60.0,45.599998474121094,58.79999923706055,748,58.79999923706055,0.0
LIXT,2020-02-14,57.0,59.400001525878906,57.0,59.400001525878906,65,59.400001525878906,0.0
LIXT,2020-02-18,60.0,66.0,54.0,60.0,723,60.0,0.0
LIXT,2020-02-19,59.400001525878906,78.0,59.400001525878906,60.0,123,60.0,0.0
LIXT,2020-02-20,60.599998474121094,63.0,58.20000076293945,58.20000076293945,23,58.20000076293945,0.0
LIXT,2020-02-21,60.0,60.0,59.400001525878906,59.400001525878906,185,59.400001525878906,0.0
LIXT,2020-02-24,60.0,60.0,51.599998474121094,51.599998474121094,55,51.599998474121094,0.0
LIXT,2020-02-25,55.20000076293945,55.20000076293945,55.20000076293945,55.20000076293945,50,55.20000076293945,0.0
LIXT,2020-02-26,55.20000076293945,55.20000076293945,55.20000076293945,55.20000076293945,18,55.20000076293945,0.0
LIXT,2020-02-27,55.20000076293945,55.20000076293945,55.20000076293945,55.20000076293945,57,55.20000076293945,0.0
LIXT,2020-02-28,55.20000076293945,55.20000076293945,55.20000076293945,55.20000076293945,0,55.20000076293945,0.0
LIXT,2020-03-02,52.20000076293945,52.20000076293945,51.0,51.0,40,51.0,0.0
LIXT,2020-03-03,51.0,51.0,51.0,51.0,0,51.0,0.0
LIXT,2020-03-04,51.0,51.0,51.0,51.0,0,51.0,0.0
LIXT,2020-03-05,51.0,51.0,51.0,51.0,0,51.0,0.0
LIXT,2020-03-06,40.79999923706055,53.400001525878906,37.20000076293945,53.400001525878906,175,53.400001525878906,0.0
LIXT,2020-03-09,53.400001525878906,53.400001525878906,53.400001525878906,53.400001525878906,0,53.400001525878906,0.0
LIXT,2020-03-10,53.400001525878906,53.400001525878906,53.400001525878906,53.400001525878906,0,53.400001525878906,0.0
LIXT,2020-03-11,53.400001525878906,53.400001525878906,53.400001525878906,53.400001525878906,0,53.400001525878906,0.0
LIXT,2020-03-12,53.400001525878906,53.400001525878906,53.400001525878906,53.400001525878906,0,53.400001525878906,0.0
LIXT,2020-03-13,37.79999923706055,53.400001525878906,37.79999923706055,53.400001525878906,35,53.400001525878906,0.0
LIXT,2020-03-16,53.400001525878906,53.400001525878906,53.400001525878906,53.400001525878906,0,53.400001525878906,0.0
LIXT,2020-03-17,37.79999923706055,50.400001525878906,37.79999923706055,50.400001525878906,8,50.400001525878906,0.0
LIXT,2020-03-18,50.400001525878906,50.400001525878906,50.400001525878906,50.400001525878906,0,50.400001525878906,0.0
LIXT,2020-03-19,49.20000076293945,49.20000076293945,49.20000076293945,49.20000076293945,50,49.20000076293945,0.0
LIXT,2020-03-20,51.0,51.0,45.0,45.0,242,45.0,0.0
LIXT,2020-03-23,45.0,45.0,45.0,45.0,17,45.0,0.0
LIXT,2020-03-24,47.400001525878906,48.0,39.599998474121094,48.0,52,48.0,0.0
LIXT,2020-03-25,51.0,59.400001525878906,51.0,59.400001525878906,30,59.400001525878906,0.0
LIXT,2020-03-26,59.400001525878906,59.400001525878906,59.400001525878906,59.400001525878906,0,59.400001525878906,0.0
LIXT,2020-03-27,59.400001525878906,59.400001525878906,59.400001525878906,59.400001525878906,0,59.400001525878906,0.0
LIXT,2020-03-30,58.79999923706055,58.79999923706055,58.79999923706055,58.79999923706055,73,58.79999923706055,0.0
LIXT,2020-03-31,58.79999923706055,58.79999923706055,40.20000076293945,58.79999923706055,82,58.79999923706055,0.0
LIXT,2020-04-01,58.79999923706055,58.79999923706055,57.599998474121094,57.599998474121094,110,57.599998474121094,0.0
LIXT,2020-04-02,39.599998474121094,48.0,39.599998474121094,48.0,145,48.0,0.0
LIXT,2020-04-03,51.0,59.400001525878906,51.0,59.400001525878906,33,59.400001525878906,0.0
LIXT,2020-04-06,57.599998474121094,57.599998474121094,54.599998474121094,57.599998474121094,130,57.599998474121094,0.0
LIXT,2020-04-07,58.20000076293945,58.20000076293945,58.20000076293945,58.20000076293945,15,58.20000076293945,0.0
LIXT,2020-04-08,57.599998474121094,58.20000076293945,57.599998474121094,58.20000076293945,40,58.20000076293945,0.0
LIXT,2020-04-09,58.20000076293945,58.20000076293945,57.599998474121094,57.599998474121094,13,57.599998474121094,0.0
LIXT,2020-04-13,57.599998474121094,57.599998474121094,57.599998474121094,57.599998474121094,0,57.599998474121094,0.0
LIXT,2020-04-14,58.79999923706055,60.0,58.20000076293945,60.0,52,60.0,0.0
LIXT,2020-04-15,60.0,60.0,60.0,60.0,0,60.0,0.0
LIXT,2020-04-16,60.0,60.0,60.0,60.0,0,60.0,0.0
LIXT,2020-04-17,54.0,54.0,49.79999923706055,54.0,28,54.0,0.0
LIXT,2020-04-20,52.79999923706055,54.0,52.79999923706055,54.0,33,54.0,0.0
LIXT,2020-04-21,54.0,54.0,54.0,54.0,13,54.0,0.0
LIXT,2020-04-22,54.0,54.0,54.0,54.0,27,54.0,0.0
LIXT,2020-04-23,54.0,54.0,54.0,54.0,0,54.0,0.0
LIXT,2020-04-24,54.0,54.0,52.20000076293945,54.0,112,54.0,0.0
LIXT,2020-04-27,54.0,54.0,54.0,54.0,25,54.0,0.0
LIXT,2020-04-28,54.0,54.0,54.0,54.0,0,54.0,0.0
LIXT,2020-04-29,54.0,54.0,49.79999923706055,53.400001525878906,142,53.400001525878906,0.0
LIXT,2020-04-30,53.400001525878906,53.400001525878906,53.400001525878906,53.400001525878906,0,53.400001525878906,0.0
LIXT,2020-05-01,53.400001525878906,53.400001525878906,53.400001525878906,53.400001525878906,13,53.400001525878906,0.0
LIXT,2020-05-04,45.0,53.400001525878906,39.599998474121094,53.400001525878906,75,53.400001525878906,0.0
LIXT,2020-05-05,48.0,53.400001525878906,48.0,53.400001525878906,77,53.400001525878906,0.0
LIXT,2020-05-06,53.400001525878906,53.400001525878906,53.400001525878906,53.400001525878906,0,53.400001525878906,0.0
LIXT,2020-05-07,53.400001525878906,53.400001525878906,53.400001525878906,53.400001525878906,0,53.400001525878906,0.0
LIXT,2020-05-08,48.0,54.0,48.0,54.0,132,54.0,0.0
LIXT,2020-05-11,54.0,54.0,54.0,54.0,0,54.0,0.0
LIXT,2020-05-12,43.20000076293945,54.0,43.20000076293945,54.0,23,54.0,0.0
LIXT,2020-05-13,54.0,54.0,54.0,54.0,0,54.0,0.0
LIXT,2020-05-14,54.0,54.0,54.0,54.0,0,54.0,0.0
LIXT,2020-05-15,54.0,54.0,54.0,54.0,0,54.0,0.0
LIXT,2020-05-18,54.0,54.0,54.0,54.0,0,54.0,0.0
LIXT,2020-05-19,54.0,54.0,54.0,54.0,0,54.0,0.0
LIXT,2020-05-20,54.0,54.0,50.400001525878906,54.0,312,54.0,0.0
LIXT,2020-05-21,54.0,54.0,54.0,54.0,0,54.0,0.0
LIXT,2020-05-22,54.0,54.0,54.0,54.0,0,54.0,0.0
LIXT,2020-05-26,54.0,54.0,54.0,54.0,0,54.0,0.0
LIXT,2020-05-27,54.0,54.0,54.0,54.0,0,54.0,0.0
LIXT,2020-05-28,54.0,54.0,54.0,54.0,0,54.0,0.0
LIXT,2020-05-29,51.0,52.79999923706055,51.0,52.79999923706055,35,52.79999923706055,0.0
LIXT,2020-06-01,52.79999923706055,52.79999923706055,52.79999923706055,52.79999923706055,0,52.79999923706055,0.0
LIXT,2020-06-02,54.0,54.0,54.0,54.0,5,54.0,0.0
LIXT,2020-06-03,54.0,54.0,54.0,54.0,17,54.0,0.0
LIXT,2020-06-04,54.0,54.0,54.0,54.0,0,54.0,0.0
LIXT,2020-06-05,54.0,54.0,54.0,54.0,83,54.0,0.0
LIXT,2020-06-08,54.0,54.0,54.0,54.0,0,54.0,0.0
LIXT,2020-06-09,54.0,54.0,54.0,54.0,0,54.0,0.0
LIXT,2020-06-10,51.0,54.0,51.0,54.0,23,54.0,0.0
LIXT,2020-06-11,54.0,54.0,54.0,54.0,0,54.0,0.0
LIXT,2020-06-12,54.0,54.0,54.0,54.0,0,54.0,0.0
LIXT,2020-06-15,54.0,54.0,48.0,54.0,27,54.0,0.0
LIXT,2020-06-16,54.0,54.0,54.0,54.0,2,54.0,0.0
LIXT,2020-06-17,54.0,54.0,54.0,54.0,0,54.0,0.0
LIXT,2020-06-18,46.20000076293945,51.0,46.20000076293945,51.0,88,51.0,0.0
LIXT,2020-06-19,51.0,51.599998474121094,51.0,51.599998474121094,25,51.599998474121094,0.0
LIXT,2020-06-22,51.599998474121094,51.599998474121094,51.599998474121094,51.599998474121094,0,51.599998474121094,0.0
LIXT,2020-06-23,48.599998474121094,54.0,46.20000076293945,54.0,40,54.0,0.0
LIXT,2020-06-24,54.0,54.0,54.0,54.0,0,54.0,0.0
LIXT,2020-06-25,54.0,54.0,54.0,54.0,0,54.0,0.0
LIXT,2020-06-26,54.0,54.0,54.0,54.0,0,54.0,0.0
LIXT,2020-06-29,54.0,54.0,54.0,54.0,0,54.0,0.0
LIXT,2020-06-30,54.0,54.0,54.0,54.0,0,54.0,0.0
LIXT,2020-07-01,54.0,54.0,54.0,54.0,0,54.0,0.0
LIXT,2020-07-02,54.0,54.0,54.0,54.0,0,54.0,0.0
LIXT,2020-07-06,54.0,54.0,54.0,54.0,0,54.0,0.0
LIXT,2020-07-07,46.20000076293945,54.0,46.20000076293945,54.0,187,54.0,0.0
LIXT,2020-07-08,46.20000076293945,52.79999923706055,46.20000076293945,52.79999923706055,65,52.79999923706055,0.0
LIXT,2020-07-09,52.79999923706055,52.79999923706055,52.79999923706055,52.79999923706055,8,52.79999923706055,0.0
LIXT,2020-07-10,52.79999923706055,52.79999923706055,52.79999923706055,52.79999923706055,17,52.79999923706055,0.0
LIXT,2020-07-13,52.79999923706055,52.79999923706055,52.79999923706055,52.79999923706055,25,52.79999923706055,0.0
LIXT,2020-07-14,46.20000076293945,52.79999923706055,46.20000076293945,52.79999923706055,58,52.79999923706055,0.0
LIXT,2020-07-15,52.79999923706055,52.79999923706055,52.79999923706055,52.79999923706055,17,52.79999923706055,0.0
LIXT,2020-07-16,54.0,54.0,51.0,54.0,50,54.0,0.0
LIXT,2020-07-17,46.20000076293945,51.599998474121094,46.20000076293945,51.599998474121094,63,51.599998474121094,0.0
LIXT,2020-07-20,52.20000076293945,54.0,52.20000076293945,54.0,83,54.0,0.0
LIXT,2020-07-21,54.0,54.0,49.20000076293945,51.0,73,51.0,0.0
LIXT,2020-07-22,53.400001525878906,66.0,53.400001525878906,66.0,170,66.0,0.0
LIXT,2020-07-23,69.0,72.0,67.80000305175781,70.80000305175781,100,70.80000305175781,0.0
LIXT,2020-07-24,71.4000015258789,71.4000015258789,71.4000015258789,71.4000015258789,58,71.4000015258789,0.0
LIXT,2020-07-27,71.4000015258789,71.4000015258789,71.4000015258789,71.4000015258789,0,71.4000015258789,0.0
LIXT,2020-07-28,71.4000015258789,71.4000015258789,71.4000015258789,71.4000015258789,0,71.4000015258789,0.0
LIXT,2020-07-29,70.80000305175781,70.80000305175781,70.80000305175781,70.80000305175781,7,70.80000305175781,0.0
LIXT,2020-07-30,70.80000305175781,70.80000305175781,70.80000305175781,70.80000305175781,8,70.80000305175781,0.0
LIXT,2020-07-31,71.4000015258789,71.4000015258789,69.0,71.4000015258789,50,71.4000015258789,0.0
LIXT,2020-08-03,71.4000015258789,71.4000015258789,71.4000015258789,71.4000015258789,0,71.4000015258789,0.0
LIXT,2020-08-04,71.4000015258789,71.4000015258789,69.0,71.4000015258789,45,71.4000015258789,0.0
LIXT,2020-08-05,71.4000015258789,71.4000015258789,71.4000015258789,71.4000015258789,0,71.4000015258789,0.0
LIXT,2020-08-06,70.19999694824219,71.4000015258789,70.19999694824219,71.4000015258789,13,71.4000015258789,0.0
LIXT,2020-08-07,71.4000015258789,71.4000015258789,71.4000015258789,71.4000015258789,0,71.4000015258789,0.0
LIXT,2020-08-10,69.5999984741211,69.5999984741211,60.599998474121094,69.5999984741211,57,69.5999984741211,0.0
LIXT,2020-08-11,70.80000305175781,71.4000015258789,70.80000305175781,71.4000015258789,17,71.4000015258789,0.0
LIXT,2020-08-12,71.4000015258789,71.4000015258789,71.4000015258789,71.4000015258789,0,71.4000015258789,0.0
LIXT,2020-08-13,71.4000015258789,71.4000015258789,71.4000015258789,71.4000015258789,0,71.4000015258789,0.0
LIXT,2020-08-14,70.80000305175781,70.80000305175781,70.80000305175781,70.80000305175781,2,70.80000305175781,0.0
LIXT,2020-08-17,70.80000305175781,70.80000305175781,70.80000305175781,70.80000305175781,0,70.80000305175781,0.0
LIXT,2020-08-18,70.80000305175781,70.80000305175781,70.80000305175781,70.80000305175781,12,70.80000305175781,0.0
LIXT,2020-08-19,70.80000305175781,70.80000305175781,70.80000305175781,70.80000305175781,5,70.80000305175781,0.0
LIXT,2020-08-20,70.80000305175781,70.80000305175781,70.80000305175781,70.80000305175781,85,70.80000305175781,0.0
LIXT,2020-08-21,70.19999694824219,70.80000305175781,69.0,69.5999984741211,50,69.5999984741211,0.0
LIXT,2020-08-24,67.80000305175781,70.80000305175781,67.80000305175781,70.80000305175781,17,70.80000305175781,0.0
LIXT,2020-08-25,70.19999694824219,70.80000305175781,70.19999694824219,70.80000305175781,87,70.80000305175781,0.0
LIXT,2020-08-26,70.80000305175781,70.80000305175781,70.80000305175781,70.80000305175781,0,70.80000305175781,0.0
LIXT,2020-08-27,67.80000305175781,70.80000305175781,67.80000305175781,70.80000305175781,65,70.80000305175781,0.0
LIXT,2020-08-28,70.80000305175781,70.80000305175781,70.80000305175781,70.80000305175781,0,70.80000305175781,0.0
LIXT,2020-08-31,70.80000305175781,70.80000305175781,70.80000305175781,70.80000305175781,0,70.80000305175781,0.0
LIXT,2020-09-01,70.80000305175781,70.80000305175781,70.80000305175781,70.80000305175781,0,70.80000305175781,0.0
LIXT,2020-09-02,70.80000305175781,70.80000305175781,70.80000305175781,70.80000305175781,0,70.80000305175781,0.0
LIXT,2020-09-03,70.80000305175781,70.80000305175781,70.80000305175781,70.80000305175781,0,70.80000305175781,0.0
LIXT,2020-09-04,70.80000305175781,70.80000305175781,70.80000305175781,70.80000305175781,82,70.80000305175781,0.0
LIXT,2020-09-08,68.4000015258789,72.0,68.4000015258789,72.0,168,72.0,0.0
LIXT,2020-09-09,72.0,72.0,71.4000015258789,72.0,185,72.0,0.0
LIXT,2020-09-10,72.0,78.5999984741211,45.0,66.0,425,66.0,0.0
LIXT,2020-09-11,71.4000015258789,71.4000015258789,70.80000305175781,70.80000305175781,33,70.80000305175781,0.0
LIXT,2020-09-14,70.80000305175781,70.80000305175781,66.0,66.0,20,66.0,0.0
LIXT,2020-09-15,63.0,63.0,60.0,60.0,52,60.0,0.0
LIXT,2020-09-16,54.0,60.0,54.0,60.0,8,60.0,0.0
LIXT,2020-09-17,63.0,71.4000015258789,62.400001525878906,71.4000015258789,40,71.4000015258789,0.0
LIXT,2020-09-18,70.19999694824219,70.19999694824219,70.19999694824219,70.19999694824219,2,70.19999694824219,0.0
LIXT,2020-09-21,69.5999984741211,71.4000015258789,63.0,71.4000015258789,67,71.4000015258789,0.0
LIXT,2020-09-22,70.80000305175781,70.80000305175781,70.80000305175781,70.80000305175781,18,70.80000305175781,0.0
LIXT,2020-09-23,70.80000305175781,70.80000305175781,70.80000305175781,70.80000305175781,0,70.80000305175781,0.0
LIXT,2020-09-24,70.80000305175781,70.80000305175781,70.80000305175781,70.80000305175781,0,70.80000305175781,0.0
LIXT,2020-09-25,70.80000305175781,70.80000305175781,70.80000305175781,70.80000305175781,0,70.80000305175781,0.0
LIXT,2020-09-28,66.0,66.0,56.400001525878906,57.599998474121094,60,57.599998474121094,0.0
LIXT,2020-09-29,70.19999694824219,70.19999694824219,70.19999694824219,70.19999694824219,22,70.19999694824219,0.0
LIXT,2020-09-30,70.19999694824219,70.19999694824219,70.19999694824219,70.19999694824219,0,70.19999694824219,0.0
LIXT,2020-10-01,54.0,54.0,54.0,54.0,10,54.0,0.0
LIXT,2020-10-02,67.19999694824219,70.19999694824219,67.19999694824219,69.0,42,69.0,0.0
LIXT,2020-10-05,54.0,67.19999694824219,54.0,67.19999694824219,5,67.19999694824219,0.0
LIXT,2020-10-06,66.5999984741211,67.80000305175781,64.19999694824219,64.19999694824219,52,64.19999694824219,0.0
LIXT,2020-10-07,67.80000305175781,67.80000305175781,67.80000305175781,67.80000305175781,2,67.80000305175781,0.0
LIXT,2020-10-08,60.599998474121094,60.599998474121094,57.0,57.599998474121094,28,57.599998474121094,0.0
LIXT,2020-10-09,60.599998474121094,69.0,60.599998474121094,69.0,7,69.0,0.0
LIXT,2020-10-12,69.0,69.0,69.0,69.0,0,69.0,0.0
LIXT,2020-10-13,63.0,69.0,63.0,69.0,5,69.0,0.0
LIXT,2020-10-14,69.0,69.0,69.0,69.0,0,69.0,0.0
LIXT,2020-10-15,69.0,70.19999694824219,60.599998474121094,70.19999694824219,7,70.19999694824219,0.0
LIXT,2020-10-16,69.0,70.19999694824219,60.599998474121094,70.19999694824219,2,70.19999694824219,0.0
LIXT,2020-10-19,69.5999984741211,69.5999984741211,69.5999984741211,69.5999984741211,18,69.5999984741211,0.0
LIXT,2020-10-20,69.5999984741211,69.5999984741211,63.0,69.5999984741211,35,69.5999984741211,0.0
LIXT,2020-10-21,69.5999984741211,69.5999984741211,69.5999984741211,69.5999984741211,5,69.5999984741211,0.0
LIXT,2020-10-22,69.5999984741211,69.5999984741211,69.5999984741211,69.5999984741211,10,69.5999984741211,0.0
LIXT,2020-10-23,69.5999984741211,69.5999984741211,69.5999984741211,69.5999984741211,0,69.5999984741211,0.0
LIXT,2020-10-26,69.5999984741211,69.5999984741211,69.5999984741211,69.5999984741211,0,69.5999984741211,0.0
LIXT,2020-10-27,67.19999694824219,67.19999694824219,67.19999694824219,67.19999694824219,17,67.19999694824219,0.0
LIXT,2020-10-28,67.19999694824219,67.19999694824219,67.19999694824219,67.19999694824219,0,67.19999694824219,0.0
LIXT,2020-10-29,67.19999694824219,67.19999694824219,67.19999694824219,67.19999694824219,0,67.19999694824219,0.0
LIXT,2020-10-30,67.19999694824219,67.19999694824219,67.19999694824219,67.19999694824219,0,67.19999694824219,0.0
LIXT,2020-11-02,54.0,60.0,54.0,60.0,137,60.0,0.0
LIXT,2020-11-03,60.0,60.0,60.0,60.0,0,60.0,0.0
LIXT,2020-11-04,60.0,63.0,60.0,63.0,5,63.0,0.0
LIXT,2020-11-05,63.0,68.4000015258789,63.0,68.4000015258789,22,68.4000015258789,0.0
LIXT,2020-11-06,68.4000015258789,68.4000015258789,68.4000015258789,68.4000015258789,5,68.4000015258789,0.0
LIXT,2020-11-09,68.4000015258789,68.4000015258789,68.4000015258789,68.4000015258789,0,68.4000015258789,0.0
LIXT,2020-11-10,68.4000015258789,68.4000015258789,68.4000015258789,68.4000015258789,17,68.4000015258789,0.0
LIXT,2020-11-11,67.80000305175781,67.80000305175781,67.80000305175781,67.80000305175781,67,67.80000305175781,0.0
LIXT,2020-11-12,67.80000305175781,67.80000305175781,67.80000305175781,67.80000305175781,3,67.80000305175781,0.0
LIXT,2020-11-13,54.0,67.80000305175781,54.0,67.80000305175781,25,67.80000305175781,0.0
LIXT,2020-11-16,68.4000015258789,68.4000015258789,54.0,57.0,120,57.0,0.0
LIXT,2020-11-17,66.0,66.0,49.20000076293945,54.0,397,54.0,0.0
LIXT,2020-11-18,66.0,66.0,47.400001525878906,57.0,493,57.0,0.0
LIXT,2020-11-19,59.400001525878906,60.0,48.0,58.79999923706055,192,58.79999923706055,0.0
LIXT,2020-11-20,58.70000076293945,58.70000076293945,58.70000076293945,58.70000076293945,20,58.70000076293945,0.0
LIXT,2020-11-23,58.70000076293945,58.70000076293945,58.70000076293945,58.70000076293945,10,58.70000076293945,0.0
LIXT,2020-11-24,58.70000076293945,58.70000076293945,58.70000076293945,58.70000076293945,30,58.70000076293945,0.0
LIXT,2020-11-25,58.70000076293945,58.70000076293945,58.70000076293945,58.70000076293945,0,58.70000076293945,0.0
LIXT,2020-11-27,38.5,38.5,35.70000076293945,36.5,12510,36.5,0.0
LIXT,2020-11-30,37.400001525878906,38.0,37.400001525878906,37.900001525878906,4500,37.900001525878906,0.0
LIXT,2020-12-01,38.0,38.5,37.0,37.20000076293945,3700,37.20000076293945,0.0
LIXT,2020-12-02,37.79999923706055,37.79999923706055,35.5,36.0,2960,36.0,0.0
LIXT,2020-12-03,37.099998474121094,38.0,37.0,37.79999923706055,4350,37.79999923706055,0.0
LIXT,2020-12-04,37.79999923706055,37.900001525878906,36.70000076293945,36.79999923706055,2490,36.79999923706055,0.0
LIXT,2020-12-07,38.0,38.0,36.5,36.5,2940,36.5,0.0
LIXT,2020-12-08,38.0,38.400001525878906,37.099998474121094,37.29999923706055,4440,37.29999923706055,0.0
LIXT,2020-12-09,37.5,42.29999923706055,36.5,36.5,51600,36.5,0.0
LIXT,2020-12-10,37.900001525878906,38.599998474121094,35.5,35.900001525878906,4730,35.900001525878906,0.0
LIXT,2020-12-11,38.5,38.5,32.5,33.400001525878906,4150,33.400001525878906,0.0
LIXT,2020-12-14,33.29999923706055,34.79999923706055,32.70000076293945,34.29999923706055,3240,34.29999923706055,0.0
LIXT,2020-12-15,35.20000076293945,36.0,32.5,33.0,4910,33.0,0.0
LIXT,2020-12-16,35.400001525878906,35.400001525878906,32.5,32.79999923706055,2470,32.79999923706055,0.0
LIXT,2020-12-17,33.20000076293945,47.900001525878906,32.900001525878906,41.5,197170,41.5,0.0
LIXT,2020-12-18,41.0,50.70000076293945,39.0,43.5,234720,43.5,0.0
LIXT,2020-12-21,44.29999923706055,45.0,36.0,38.20000076293945,55870,38.20000076293945,0.0
LIXT,2020-12-22,37.5,38.0,33.599998474121094,34.400001525878906,28150,34.400001525878906,0.0
LIXT,2020-12-23,34.0,36.099998474121094,33.70000076293945,34.29999923706055,12400,34.29999923706055,0.0
LIXT,2020-12-24,34.0,36.0,33.79999923706055,35.29999923706055,4490,35.29999923706055,0.0
LIXT,2020-12-28,34.5,35.0,32.5,34.70000076293945,10380,34.70000076293945,0.0
LIXT,2020-12-29,34.20000076293945,34.20000076293945,30.0,31.399999618530273,13130,31.399999618530273,0.0
LIXT,2020-12-30,30.899999618530273,31.100000381469727,30.5,30.899999618530273,5780,30.899999618530273,0.0
LIXT,2020-12-31,31.100000381469727,34.400001525878906,31.100000381469727,31.700000762939453,5440,31.700000762939453,0.0
LIXT,2021-01-04,32.5,33.400001525878906,32.0,32.099998474121094,2470,32.099998474121094,0.0
LIXT,2021-01-05,31.700000762939453,34.5,31.700000762939453,32.0,4960,32.0,0.0
LIXT,2021-01-06,33.099998474121094,34.0,31.200000762939453,32.099998474121094,3580,32.099998474121094,0.0
LIXT,2021-01-07,32.79999923706055,33.900001525878906,32.5,33.099998474121094,1540,33.099998474121094,0.0
LIXT,2021-01-08,33.0,33.599998474121094,32.29999923706055,33.0,3460,33.0,0.0
LIXT,2021-01-11,33.0,33.599998474121094,32.5,33.400001525878906,1610,33.400001525878906,0.0
LIXT,2021-01-12,33.5,33.5,32.599998474121094,33.0,1320,33.0,0.0
LIXT,2021-01-13,33.0,33.5,32.29999923706055,32.5,3540,32.5,0.0
LIXT,2021-01-14,33.70000076293945,34.0,31.5,32.599998474121094,6000,32.599998474121094,0.0
LIXT,2021-01-15,34.29999923706055,34.29999923706055,31.399999618530273,31.399999618530273,2650,31.399999618530273,0.0
LIXT,2021-01-19,31.700000762939453,42.400001525878906,31.700000762939453,36.0,49470,36.0,0.0
LIXT,2021-01-20,34.5,36.0,34.0,34.5,3690,34.5,0.0
LIXT,2021-01-21,33.599998474121094,35.0,32.5,34.900001525878906,3880,34.900001525878906,0.0
LIXT,2021-01-22,34.900001525878906,34.900001525878906,33.20000076293945,33.20000076293945,2270,33.20000076293945,0.0
LIXT,2021-01-25,34.400001525878906,34.400001525878906,32.20000076293945,33.29999923706055,3150,33.29999923706055,0.0
LIXT,2021-01-26,34.5,34.5,32.599998474121094,32.70000076293945,3900,32.70000076293945,0.0
LIXT,2021-01-27,32.5,32.70000076293945,31.0,32.29999923706055,4380,32.29999923706055,0.0
LIXT,2021-01-28,31.700000762939453,32.20000076293945,30.799999237060547,31.5,2140,31.5,0.0
LIXT,2021-01-29,31.299999237060547,32.900001525878906,30.5,30.5,3980,30.5,0.0
LIXT,2021-02-01,30.299999237060547,32.29999923706055,30.0,31.899999618530273,2380,31.899999618530273,0.0
LIXT,2021-02-02,31.899999618530273,31.899999618530273,30.600000381469727,31.5,2390,31.5,0.0
LIXT,2021-02-03,31.200000762939453,33.5,31.200000762939453,32.29999923706055,2660,32.29999923706055,0.0
LIXT,2021-02-04,33.20000076293945,34.400001525878906,32.5,33.70000076293945,3540,33.70000076293945,0.0
LIXT,2021-02-05,34.79999923706055,36.5,33.79999923706055,33.79999923706055,4470,33.79999923706055,0.0
LIXT,2021-02-08,36.099998474121094,38.0,35.099998474121094,37.0,6990,37.0,0.0
LIXT,2021-02-09,37.900001525878906,38.099998474121094,35.099998474121094,35.20000076293945,2340,35.20000076293945,0.0
LIXT,2021-02-10,36.0,36.5,33.900001525878906,35.29999923706055,3390,35.29999923706055,0.0
LIXT,2021-02-11,36.0,36.5,34.099998474121094,36.5,1060,36.5,0.0
LIXT,2021-02-12,36.5,37.79999923706055,35.5,36.70000076293945,2330,36.70000076293945,0.0
LIXT,2021-02-16,36.599998474121094,37.5,35.0,37.5,4010,37.5,0.0
LIXT,2021-02-17,38.5,38.900001525878906,36.0,36.29999923706055,4800,36.29999923706055,0.0
LIXT,2021-02-18,36.099998474121094,37.099998474121094,35.79999923706055,35.79999923706055,1200,35.79999923706055,0.0
LIXT,2021-02-19,36.599998474121094,39.79999923706055,35.5,36.20000076293945,2320,36.20000076293945,0.0
LIXT,2021-02-22,37.599998474121094,38.29999923706055,36.099998474121094,37.0,1880,37.0,0.0
LIXT,2021-02-23,36.099998474121094,36.099998474121094,33.70000076293945,34.70000076293945,2640,34.70000076293945,0.0
LIXT,2021-02-24,36.29999923706055,39.5,35.599998474121094,37.79999923706055,7950,37.79999923706055,0.0
LIXT,2021-02-25,39.5,39.5,36.70000076293945,37.70000076293945,9720,37.70000076293945,0.0
LIXT,2021-02-26,66.0,71.9000015258789,51.0,55.79999923706055,5502110,55.79999923706055,0.0
LIXT,2021-03-01,46.20000076293945,47.5,44.099998474121094,44.79999923706055,167030,44.79999923706055,0.0
LIXT,2021-03-02,43.5,45.0,40.599998474121094,40.900001525878906,40060,40.900001525878906,0.0
LIXT,2021-03-03,40.0,40.70000076293945,35.5,36.400001525878906,35340,36.400001525878906,0.0
LIXT,2021-03-04,37.0,39.0,33.5,36.0,17550,36.0,0.0
LIXT,2021-03-05,36.400001525878906,37.099998474121094,33.5,37.099998474121094,17870,37.099998474121094,0.0
LIXT,2021-03-08,37.599998474121094,38.900001525878906,36.79999923706055,38.79999923706055,14180,38.79999923706055,0.0
LIXT,2021-03-09,39.099998474121094,39.5,36.400001525878906,37.599998474121094,13590,37.599998474121094,0.0
LIXT,2021-03-10,37.79999923706055,37.79999923706055,35.0,36.400001525878906,10400,36.400001525878906,0.0
LIXT,2021-03-11,36.099998474121094,39.0,36.0,38.29999923706055,6660,38.29999923706055,0.0
LIXT,2021-03-12,37.400001525878906,47.900001525878906,36.70000076293945,43.70000076293945,150230,43.70000076293945,0.0
LIXT,2021-03-15,44.900001525878906,46.400001525878906,40.0,41.099998474121094,124670,41.099998474121094,0.0
LIXT,2021-03-16,40.0,40.599998474121094,36.0,37.29999923706055,39280,37.29999923706055,0.0
LIXT,2021-03-17,36.0,39.0,36.0,37.599998474121094,21720,37.599998474121094,0.0
LIXT,2021-03-18,38.20000076293945,41.20000076293945,37.099998474121094,39.5,96560,39.5,0.0
LIXT,2021-03-19,38.79999923706055,40.20000076293945,37.599998474121094,37.599998474121094,20720,37.599998474121094,0.0
LIXT,2021-03-22,37.900001525878906,39.099998474121094,37.70000076293945,37.79999923706055,29840,37.79999923706055,0.0
LIXT,2021-03-23,37.79999923706055,40.900001525878906,36.29999923706055,40.599998474121094,85600,40.599998474121094,0.0
LIXT,2021-03-24,39.400001525878906,39.400001525878906,33.0,34.0,58690,34.0,0.0
LIXT,2021-03-25,33.0,34.599998474121094,31.5,33.5,14770,33.5,0.0
LIXT,2021-03-26,33.400001525878906,34.900001525878906,32.29999923706055,33.5,9150,33.5,0.0
LIXT,2021-03-29,33.0,33.0,31.100000381469727,32.20000076293945,8370,32.20000076293945,0.0
LIXT,2021-03-30,32.20000076293945,33.099998474121094,31.100000381469727,32.20000076293945,5290,32.20000076293945,0.0
LIXT,2021-03-31,32.900001525878906,34.0,31.600000381469727,32.900001525878906,3990,32.900001525878906,0.0
LIXT,2021-04-01,33.0,34.0,32.400001525878906,33.099998474121094,5190,33.099998474121094,0.0
LIXT,2021-04-05,33.29999923706055,34.0,32.5,33.20000076293945,5050,33.20000076293945,0.0
LIXT,2021-04-06,36.20000076293945,36.20000076293945,32.79999923706055,33.70000076293945,9110,33.70000076293945,0.0
LIXT,2021-04-07,33.20000076293945,33.29999923706055,32.5,32.599998474121094,2820,32.599998474121094,0.0
LIXT,2021-04-08,32.599998474121094,32.900001525878906,31.600000381469727,32.900001525878906,4730,32.900001525878906,0.0
LIXT,2021-04-09,32.400001525878906,32.70000076293945,31.5,32.0,4220,32.0,0.0
LIXT,2021-04-12,33.20000076293945,33.20000076293945,30.5,31.299999237060547,10970,31.299999237060547,0.0
LIXT,2021-04-13,31.0,31.0,28.399999618530273,29.0,11230,29.0,0.0
LIXT,2021-04-14,29.0,31.700000762939453,28.100000381469727,29.700000762939453,15530,29.700000762939453,0.0
LIXT,2021-04-15,29.399999618530273,29.899999618530273,28.600000381469727,28.700000762939453,5390,28.700000762939453,0.0
LIXT,2021-04-16,28.299999237060547,29.5,25.200000762939453,26.5,8150,26.5,0.0
LIXT,2021-04-19,26.100000381469727,26.200000762939453,23.799999237060547,24.0,7790,24.0,0.0
LIXT,2021-04-20,24.0,25.5,23.600000381469727,23.799999237060547,6000,23.799999237060547,0.0
LIXT,2021-04-21,24.200000762939453,26.299999237060547,23.799999237060547,25.399999618530273,14140,25.399999618530273,0.0
LIXT,2021-04-22,25.5,25.600000381469727,24.200000762939453,24.799999237060547,7290,24.799999237060547,0.0
LIXT,2021-04-23,24.700000762939453,25.600000381469727,24.0,25.600000381469727,2710,25.600000381469727,0.0
LIXT,2021-04-26,25.299999237060547,26.0,24.700000762939453,25.799999237060547,1790,25.799999237060547,0.0
LIXT,2021-04-27,26.200000762939453,26.600000381469727,25.5,25.700000762939453,5590,25.700000762939453,0.0
LIXT,2021-04-28,26.200000762939453,31.299999237060547,26.200000762939453,29.200000762939453,40020,29.200000762939453,0.0
LIXT,2021-04-29,29.100000381469727,29.100000381469727,26.799999237060547,28.899999618530273,17550,28.899999618530273,0.0
LIXT,2021-04-30,28.600000381469727,28.799999237060547,27.100000381469727,27.600000381469727,11130,27.600000381469727,0.0
LIXT,2021-05-03,27.5,27.5,25.899999618530273,25.899999618530273,5510,25.899999618530273,0.0
LIXT,2021-05-04,25.299999237060547,29.600000381469727,25.100000381469727,27.5,19980,27.5,0.0
LIXT,2021-05-05,27.700000762939453,28.899999618530273,26.700000762939453,26.700000762939453,4540,26.700000762939453,0.0
LIXT,2021-05-06,27.399999618530273,28.399999618530273,26.0,28.200000762939453,4670,28.200000762939453,0.0
LIXT,2021-05-07,28.200000762939453,28.799999237060547,27.0,28.200000762939453,10610,28.200000762939453,0.0
LIXT,2021-05-10,28.399999618530273,28.399999618530273,26.5,27.0,2640,27.0,0.0
LIXT,2021-05-11,26.100000381469727,29.0,26.100000381469727,28.0,2670,28.0,0.0
LIXT,2021-05-12,27.700000762939453,28.0,26.899999618530273,26.899999618530273,1300,26.899999618530273,0.0
LIXT,2021-05-13,26.799999237060547,29.200000762939453,25.5,26.0,3020,26.0,0.0
LIXT,2021-05-14,26.0,27.5,25.700000762939453,26.0,1930,26.0,0.0
LIXT,2021-05-17,25.799999237060547,28.5,25.700000762939453,28.100000381469727,5410,28.100000381469727,0.0
LIXT,2021-05-18,27.399999618530273,36.0,26.799999237060547,32.20000076293945,182170,32.20000076293945,0.0
LIXT,2021-05-19,34.599998474121094,37.0,29.299999237060547,31.5,650340,31.5,0.0
LIXT,2021-05-20,30.5,30.700000762939453,26.899999618530273,27.399999618530273,50710,27.399999618530273,0.0
LIXT,2021-05-21,26.799999237060547,28.899999618530273,26.5,28.5,25080,28.5,0.0
LIXT,2021-05-24,27.899999618530273,27.899999618530273,26.200000762939453,26.700000762939453,7320,26.700000762939453,0.0
LIXT,2021-05-25,27.200000762939453,28.899999618530273,26.5,27.299999237060547,33600,27.299999237060547,0.0
LIXT,2021-05-26,26.700000762939453,27.899999618530273,26.700000762939453,27.799999237060547,3440,27.799999237060547,0.0
LIXT,2021-05-27,27.299999237060547,28.700000762939453,27.299999237060547,27.700000762939453,5740,27.700000762939453,0.0
LIXT,2021-05-28,27.399999618530273,28.399999618530273,27.0,27.399999618530273,4850,27.399999618530273,0.0
LIXT,2021-06-01,26.899999618530273,28.700000762939453,26.899999618530273,28.399999618530273,4360,28.399999618530273,0.0
LIXT,2021-06-02,28.200000762939453,29.5,27.600000381469727,28.100000381469727,10120,28.100000381469727,0.0
LIXT,2021-06-03,28.5,29.399999618530273,27.0,29.200000762939453,8840,29.200000762939453,0.0
LIXT,2021-06-04,29.100000381469727,30.0,28.799999237060547,29.200000762939453,4110,29.200000762939453,0.0
LIXT,2021-06-07,29.200000762939453,31.600000381469727,29.0,30.899999618530273,14670,30.899999618530273,0.0
LIXT,2021-06-08,30.899999618530273,31.0,28.799999237060547,29.0,12450,29.0,0.0
LIXT,2021-06-09,30.0,30.399999618530273,28.0,29.799999237060547,5840,29.799999237060547,0.0
LIXT,2021-06-10,30.299999237060547,31.0,28.899999618530273,31.0,14270,31.0,0.0
LIXT,2021-06-11,30.600000381469727,30.600000381469727,29.0,29.399999618530273,4840,29.399999618530273,0.0
LIXT,2021-06-14,30.5,30.600000381469727,29.0,29.899999618530273,5380,29.899999618530273,0.0
LIXT,2021-06-15,30.100000381469727,30.399999618530273,29.0,29.600000381469727,9250,29.600000381469727,0.0
LIXT,2021-06-16,29.200000762939453,30.5,28.899999618530273,30.0,10270,30.0,0.0
LIXT,2021-06-17,29.899999618530273,30.100000381469727,29.0,29.700000762939453,4410,29.700000762939453,0.0
LIXT,2021-06-18,30.0,30.0,28.899999618530273,29.200000762939453,1570,29.200000762939453,0.0
LIXT,2021-06-21,29.200000762939453,29.200000762939453,28.600000381469727,29.0,5010,29.0,0.0
LIXT,2021-06-22,28.299999237060547,29.200000762939453,28.100000381469727,28.899999618530273,2730,28.899999618530273,0.0
LIXT,2021-06-23,28.700000762939453,29.200000762939453,28.299999237060547,28.5,3050,28.5,0.0
LIXT,2021-06-24,27.700000762939453,30.399999618530273,27.5,29.399999618530273,6470,29.399999618530273,0.0
LIXT,2021-06-25,29.200000762939453,29.700000762939453,28.600000381469727,29.100000381469727,1320,29.100000381469727,0.0
LIXT,2021-06-28,28.700000762939453,31.200000762939453,28.700000762939453,30.899999618530273,15410,30.899999618530273,0.0
LIXT,2021-06-29,30.5,31.399999618530273,29.600000381469727,30.600000381469727,2190,30.600000381469727,0.0
LIXT,2021-06-30,30.100000381469727,30.5,29.100000381469727,30.299999237060547,1640,30.299999237060547,0.0
LIXT,2021-07-01,30.0,32.5,30.0,31.299999237060547,13580,31.299999237060547,0.0
LIXT,2021-07-02,31.799999237060547,32.29999923706055,30.299999237060547,32.0,4090,32.0,0.0
LIXT,2021-07-06,32.0,32.0,29.600000381469727,29.600000381469727,2100,29.600000381469727,0.0
LIXT,2021-07-07,30.399999618530273,31.799999237060547,29.0,30.0,7460,30.0,0.0
LIXT,2021-07-08,29.600000381469727,30.899999618530273,29.399999618530273,29.899999618530273,1170,29.899999618530273,0.0
LIXT,2021-07-09,30.5,32.099998474121094,30.0,31.399999618530273,7140,31.399999618530273,0.0
LIXT,2021-07-12,31.700000762939453,32.79999923706055,30.5,32.5,7520,32.5,0.0
LIXT,2021-07-13,33.5,35.70000076293945,30.200000762939453,31.799999237060547,23770,31.799999237060547,0.0
LIXT,2021-07-14,31.399999618530273,32.0,29.600000381469727,29.600000381469727,6400,29.600000381469727,0.0
LIXT,2021-07-15,30.200000762939453,31.799999237060547,29.600000381469727,29.899999618530273,4900,29.899999618530273,0.0
LIXT,2021-07-16,29.700000762939453,31.299999237060547,28.899999618530273,28.899999618530273,20860,28.899999618530273,0.0
LIXT,2021-07-19,28.5,28.600000381469727,26.5,26.799999237060547,6800,26.799999237060547,0.0
LIXT,2021-07-20,27.100000381469727,29.0,26.5,27.0,4180,27.0,0.0
LIXT,2021-07-21,27.100000381469727,28.600000381469727,27.0,28.200000762939453,4090,28.200000762939453,0.0
LIXT,2021-07-22,32.400001525878906,32.400001525878906,27.200000762939453,28.299999237060547,3370,28.299999237060547,0.0
LIXT,2021-07-23,28.600000381469727,29.700000762939453,27.600000381469727,28.0,3170,28.0,0.0
LIXT,2021-07-26,28.100000381469727,29.0,27.100000381469727,27.600000381469727,2070,27.600000381469727,0.0
LIXT,2021-07-27,27.5,27.799999237060547,26.200000762939453,26.299999237060547,1270,26.299999237060547,0.0
LIXT,2021-07-28,27.0,28.100000381469727,26.899999618530273,27.899999618530273,1550,27.899999618530273,0.0
LIXT,2021-07-29,27.600000381469727,28.700000762939453,27.0,28.200000762939453,7600,28.200000762939453,0.0
LIXT,2021-07-30,27.899999618530273,31.0,27.399999618530273,27.5,18990,27.5,0.0
LIXT,2021-08-02,27.600000381469727,30.0,26.899999618530273,28.0,15980,28.0,0.0
LIXT,2021-08-03,33.099998474121094,41.20000076293945,26.299999237060547,28.200000762939453,1768990,28.200000762939453,0.0
LIXT,2021-08-04,26.899999618530273,28.399999618530273,23.200000762939453,24.600000381469727,95820,24.600000381469727,0.0
LIXT,2021-08-05,24.399999618530273,26.299999237060547,24.399999618530273,25.700000762939453,19040,25.700000762939453,0.0
LIXT,2021-08-06,25.5,26.0,23.899999618530273,25.399999618530273,21310,25.399999618530273,0.0
LIXT,2021-08-09,24.799999237060547,25.600000381469727,24.0,25.0,15290,25.0,0.0
LIXT,2021-08-10,25.5,25.899999618530273,24.299999237060547,25.200000762939453,16370,25.200000762939453,0.0
LIXT,2021-08-11,25.200000762939453,26.600000381469727,24.0,24.799999237060547,34730,24.799999237060547,0.0
LIXT,2021-08-12,25.100000381469727,25.799999237060547,24.5,25.0,15900,25.0,0.0
LIXT,2021-08-13,24.899999618530273,24.899999618530273,22.100000381469727,22.399999618530273,7000,22.399999618530273,0.0
LIXT,2021-08-16,22.700000762939453,23.200000762939453,21.5,21.700000762939453,31070,21.700000762939453,0.0
LIXT,2021-08-17,21.700000762939453,23.200000762939453,20.899999618530273,22.200000762939453,17840,22.200000762939453,0.0
LIXT,2021-08-18,21.799999237060547,23.200000762939453,21.700000762939453,22.600000381469727,5160,22.600000381469727,0.0
LIXT,2021-08-19,22.5,22.799999237060547,21.5,22.0,13340,22.0,0.0
LIXT,2021-08-20,22.0,23.600000381469727,21.700000762939453,22.899999618530273,10710,22.899999618530273,0.0
LIXT,2021-08-23,23.299999237060547,24.700000762939453,22.600000381469727,24.200000762939453,40780,24.200000762939453,0.0
LIXT,2021-08-24,24.0,24.200000762939453,22.5,24.100000381469727,20610,24.100000381469727,0.0
LIXT,2021-08-25,23.700000762939453,24.0,22.700000762939453,22.700000762939453,7310,22.700000762939453,0.0
LIXT,2021-08-26,23.0,23.5,21.5,21.799999237060547,7110,21.799999237060547,0.0
LIXT,2021-08-27,21.600000381469727,23.200000762939453,21.600000381469727,22.0,2930,22.0,0.0
LIXT,2021-08-30,22.399999618530273,22.399999618530273,21.799999237060547,22.299999237060547,1650,22.299999237060547,0.0
LIXT,2021-08-31,22.5,24.600000381469727,22.0,24.600000381469727,20260,24.600000381469727,0.0
LIXT,2021-09-01,24.700000762939453,28.899999618530273,23.0,25.600000381469727,60060,25.600000381469727,0.0
LIXT,2021-09-02,25.399999618530273,25.700000762939453,23.600000381469727,24.799999237060547,10420,24.799999237060547,0.0
LIXT,2021-09-03,24.5,24.799999237060547,23.399999618530273,24.299999237060547,2850,24.299999237060547,0.0
LIXT,2021-09-07,24.0,24.200000762939453,22.200000762939453,23.399999618530273,8190,23.399999618530273,0.0
LIXT,2021-09-08,23.0,23.600000381469727,22.100000381469727,23.100000381469727,5780,23.100000381469727,0.0
LIXT,2021-09-09,22.799999237060547,23.600000381469727,22.700000762939453,23.0,1250,23.0,0.0
LIXT,2021-09-10,23.0,23.5,22.600000381469727,23.200000762939453,1380,23.200000762939453,0.0
LIXT,2021-09-13,23.200000762939453,23.299999237060547,22.299999237060547,22.299999237060547,2770,22.299999237060547,0.0
LIXT,2021-09-14,22.399999618530273,22.5,21.799999237060547,21.899999618530273,3930,21.899999618530273,0.0
LIXT,2021-09-15,22.0,22.0,21.0,21.799999237060547,2400,21.799999237060547,0.0
LIXT,2021-09-16,21.100000381469727,22.0,21.0,21.399999618530273,2930,21.399999618530273,0.0
LIXT,2021-09-17,21.700000762939453,21.700000762939453,21.0,21.5,6930,21.5,0.0
LIXT,2021-09-20,20.899999618530273,21.5,20.299999237060547,21.399999618530273,2920,21.399999618530273,0.0
LIXT,2021-09-21,20.5,21.0,19.700000762939453,20.0,16920,20.0,0.0
LIXT,2021-09-22,20.299999237060547,20.799999237060547,19.899999618530273,20.700000762939453,2160,20.700000762939453,0.0
LIXT,2021-09-23,21.0,21.100000381469727,20.600000381469727,21.100000381469727,3140,21.100000381469727,0.0
LIXT,2021-09-24,21.200000762939453,22.0,20.0,21.100000381469727,1850,21.100000381469727,0.0
LIXT,2021-09-27,21.299999237060547,21.899999618530273,20.899999618530273,21.299999237060547,1430,21.299999237060547,0.0
LIXT,2021-09-28,20.799999237060547,21.799999237060547,20.299999237060547,20.299999237060547,1770,20.299999237060547,0.0
LIXT,2021-09-29,20.799999237060547,20.799999237060547,20.0,20.399999618530273,1670,20.399999618530273,0.0
LIXT,2021-09-30,20.299999237060547,21.399999618530273,19.899999618530273,20.799999237060547,15190,20.799999237060547,0.0
LIXT,2021-10-01,21.0,21.5,20.5,20.799999237060547,2610,20.799999237060547,0.0
LIXT,2021-10-04,20.5,20.700000762939453,19.100000381469727,19.600000381469727,4920,19.600000381469727,0.0
LIXT,2021-10-05,19.200000762939453,19.399999618530273,18.399999618530273,18.899999618530273,6040,18.899999618530273,0.0
LIXT,2021-10-06,18.200000762939453,18.700000762939453,17.5,17.5,2540,17.5,0.0
LIXT,2021-10-07,18.200000762939453,19.0,17.899999618530273,18.600000381469727,1600,18.600000381469727,0.0
LIXT,2021-10-08,18.299999237060547,18.600000381469727,17.600000381469727,18.0,1590,18.0,0.0
LIXT,2021-10-11,19.399999618530273,19.600000381469727,18.700000762939453,19.5,3110,19.5,0.0
LIXT,2021-10-12,19.399999618530273,19.700000762939453,18.700000762939453,19.299999237060547,1380,19.299999237060547,0.0
LIXT,2021-10-13,20.0,20.100000381469727,17.700000762939453,17.799999237060547,11030,17.799999237060547,0.0
LIXT,2021-10-14,17.899999618530273,18.299999237060547,17.600000381469727,18.100000381469727,2480,18.100000381469727,0.0
LIXT,2021-10-15,18.0,18.799999237060547,17.899999618530273,18.700000762939453,4730,18.700000762939453,0.0
LIXT,2021-10-18,19.0,19.200000762939453,18.100000381469727,18.5,2600,18.5,0.0
LIXT,2021-10-19,18.5,19.200000762939453,18.0,19.100000381469727,1160,19.100000381469727,0.0
LIXT,2021-10-20,19.200000762939453,19.5,18.0,18.100000381469727,2940,18.100000381469727,0.0
LIXT,2021-10-21,18.200000762939453,19.399999618530273,18.200000762939453,18.600000381469727,2630,18.600000381469727,0.0
LIXT,2021-10-22,18.5,19.600000381469727,18.5,18.700000762939453,730,18.700000762939453,0.0
LIXT,2021-10-25,19.0,19.0,18.0,18.600000381469727,2320,18.600000381469727,0.0
LIXT,2021-10-26,18.200000762939453,19.799999237060547,18.200000762939453,19.299999237060547,3260,19.299999237060547,0.0
LIXT,2021-10-27,19.100000381469727,20.700000762939453,19.100000381469727,20.100000381469727,4790,20.100000381469727,0.0
LIXT,2021-10-28,20.0,20.5,20.0,20.0,1510,20.0,0.0
LIXT,2021-10-29,20.0,20.100000381469727,18.5,18.799999237060547,3290,18.799999237060547,0.0
LIXT,2021-11-01,19.5,20.200000762939453,19.5,19.899999618530273,1540,19.899999618530273,0.0
LIXT,2021-11-02,19.600000381469727,21.299999237060547,18.799999237060547,20.600000381469727,7030,20.600000381469727,0.0
LIXT,2021-11-03,20.600000381469727,20.600000381469727,19.799999237060547,20.100000381469727,2930,20.100000381469727,0.0
LIXT,2021-11-04,20.5,21.0,20.100000381469727,20.600000381469727,3050,20.600000381469727,0.0
LIXT,2021-11-05,20.899999618530273,21.0,19.899999618530273,20.299999237060547,1570,20.299999237060547,0.0
LIXT,2021-11-08,19.5,20.600000381469727,18.899999618530273,20.600000381469727,2170,20.600000381469727,0.0
LIXT,2021-11-09,20.200000762939453,20.299999237060547,19.5,19.600000381469727,1630,19.600000381469727,0.0
LIXT,2021-11-10,19.100000381469727,20.299999237060547,18.899999618530273,19.100000381469727,1220,19.100000381469727,0.0
LIXT,2021-11-11,19.100000381469727,19.399999618530273,18.5,18.5,1780,18.5,0.0
LIXT,2021-11-12,18.5,19.0,18.0,18.299999237060547,2110,18.299999237060547,0.0
LIXT,2021-11-15,18.100000381469727,18.799999237060547,18.100000381469727,18.100000381469727,1580,18.100000381469727,0.0
LIXT,2021-11-16,18.100000381469727,18.399999618530273,17.600000381469727,18.100000381469727,1380,18.100000381469727,0.0
LIXT,2021-11-17,17.899999618530273,18.100000381469727,17.399999618530273,17.399999618530273,4320,17.399999618530273,0.0
LIXT,2021-11-18,17.5,17.5,16.700000762939453,17.200000762939453,2520,17.200000762939453,0.0
LIXT,2021-11-19,17.5,18.100000381469727,17.0,17.200000762939453,1400,17.200000762939453,0.0
LIXT,2021-11-22,17.200000762939453,17.799999237060547,16.299999237060547,16.600000381469727,4190,16.600000381469727,0.0
LIXT,2021-11-23,16.700000762939453,16.799999237060547,15.600000381469727,16.299999237060547,3800,16.299999237060547,0.0
LIXT,2021-11-24,16.0,16.700000762939453,16.0,16.299999237060547,2180,16.299999237060547,0.0
LIXT,2021-11-26,16.100000381469727,16.700000762939453,16.100000381469727,16.600000381469727,620,16.600000381469727,0.0
LIXT,2021-11-29,16.200000762939453,16.899999618530273,16.0,16.0,1690,16.0,0.0
LIXT,2021-11-30,16.100000381469727,16.799999237060547,16.100000381469727,16.299999237060547,2720,16.299999237060547,0.0
LIXT,2021-12-01,16.299999237060547,16.299999237060547,14.399999618530273,14.600000381469727,3900,14.600000381469727,0.0
LIXT,2021-12-02,14.699999809265137,14.699999809265137,13.5,14.0,3990,14.0,0.0
LIXT,2021-12-03,14.399999618530273,14.5,12.199999809265137,12.199999809265137,3910,12.199999809265137,0.0
LIXT,2021-12-06,12.100000381469727,13.699999809265137,12.100000381469727,12.899999618530273,10670,12.899999618530273,0.0
LIXT,2021-12-07,12.300000190734863,15.5,12.300000190734863,14.100000381469727,10040,14.100000381469727,0.0
LIXT,2021-12-08,13.600000381469727,18.200000762939453,13.5,15.199999809265137,56970,15.199999809265137,0.0
LIXT,2021-12-09,15.0,17.0,13.399999618530273,15.0,13520,15.0,0.0
LIXT,2021-12-10,15.0,15.5,15.0,15.0,2320,15.0,0.0
LIXT,2021-12-13,14.899999618530273,14.899999618530273,13.300000190734863,13.300000190734863,4580,13.300000190734863,0.0
LIXT,2021-12-14,13.300000190734863,14.0,12.5,12.699999809265137,4350,12.699999809265137,0.0
LIXT,2021-12-15,12.300000190734863,14.800000190734863,11.100000381469727,13.899999618530273,6940,13.899999618530273,0.0
LIXT,2021-12-16,14.899999618530273,15.199999809265137,12.300000190734863,13.800000190734863,27960,13.800000190734863,0.0
LIXT,2021-12-17,14.0,14.5,12.899999618530273,13.199999809265137,6780,13.199999809265137,0.0
LIXT,2021-12-20,12.800000190734863,12.800000190734863,12.100000381469727,12.5,3410,12.5,0.0
LIXT,2021-12-21,12.300000190734863,13.5,12.300000190734863,12.5,10360,12.5,0.0
LIXT,2021-12-22,12.800000190734863,13.5,12.199999809265137,12.5,8790,12.5,0.0
LIXT,2021-12-23,12.300000190734863,13.5,12.199999809265137,12.399999618530273,6680,12.399999618530273,0.0
LIXT,2021-12-27,12.5,12.899999618530273,12.399999618530273,12.399999618530273,3810,12.399999618530273,0.0
LIXT,2021-12-28,12.5,12.699999809265137,11.899999618530273,11.899999618530273,13600,11.899999618530273,0.0
LIXT,2021-12-29,12.0,12.100000381469727,11.300000190734863,11.699999809265137,5390,11.699999809265137,0.0
LIXT,2021-12-30,11.5,12.600000381469727,11.100000381469727,11.5,10790,11.5,0.0
LIXT,2021-12-31,11.300000190734863,12.399999618530273,11.100000381469727,11.899999618530273,14390,11.899999618530273,0.0
LIXT,2022-01-03,12.0,13.100000381469727,11.600000381469727,13.0,3150,13.0,0.0
LIXT,2022-01-04,13.0,13.899999618530273,12.699999809265137,13.5,3500,13.5,0.0
LIXT,2022-01-05,30.100000381469727,31.0,21.100000381469727,22.100000381469727,12358790,22.100000381469727,0.0
LIXT,2022-01-06,19.700000762939453,24.0,19.0,22.200000762939453,509030,22.200000762939453,0.0
LIXT,2022-01-07,20.0,21.799999237060547,19.600000381469727,21.399999618530273,112930,21.399999618530273,0.0
LIXT,2022-01-10,20.799999237060547,25.600000381469727,20.5,25.0,267300,25.0,0.0
LIXT,2022-01-11,22.799999237060547,27.299999237060547,22.200000762939453,23.0,102390,23.0,0.0
LIXT,2022-01-12,22.700000762939453,23.200000762939453,20.5,21.5,92610,21.5,0.0
LIXT,2022-01-13,21.100000381469727,23.100000381469727,20.799999237060547,20.799999237060547,30710,20.799999237060547,0.0
LIXT,2022-01-14,20.700000762939453,21.0,19.0,19.600000381469727,22590,19.600000381469727,0.0
LIXT,2022-01-18,19.0,19.5,18.200000762939453,18.399999618530273,10600,18.399999618530273,0.0
LIXT,2022-01-19,18.0,18.5,16.799999237060547,18.0,17500,18.0,0.0
LIXT,2022-01-20,17.600000381469727,20.799999237060547,17.600000381469727,19.100000381469727,19500,19.100000381469727,0.0
LIXT,2022-01-21,19.100000381469727,19.899999618530273,18.0,18.700000762939453,10630,18.700000762939453,0.0
LIXT,2022-01-24,18.0,18.600000381469727,16.299999237060547,18.200000762939453,6760,18.200000762939453,0.0
LIXT,2022-01-25,17.700000762939453,19.0,17.700000762939453,18.600000381469727,4360,18.600000381469727,0.0
LIXT,2022-01-26,18.700000762939453,20.700000762939453,18.600000381469727,19.200000762939453,11790,19.200000762939453,0.0
LIXT,2022-01-27,19.0,20.200000762939453,17.200000762939453,17.5,6240,17.5,0.0
LIXT,2022-01-28,17.200000762939453,19.700000762939453,16.5,17.5,17380,17.5,0.0
LIXT,2022-01-31,17.5,19.399999618530273,17.200000762939453,19.399999618530273,2390,19.399999618530273,0.0
LIXT,2022-02-01,19.5,20.5,19.399999618530273,20.0,3060,20.0,0.0
LIXT,2022-02-02,20.299999237060547,20.299999237060547,18.600000381469727,18.799999237060547,2390,18.799999237060547,0.0
LIXT,2022-02-03,18.5,19.0,17.5,18.700000762939453,2780,18.700000762939453,0.0
LIXT,2022-02-04,18.899999618530273,20.0,18.299999237060547,19.5,2110,19.5,0.0
LIXT,2022-02-07,19.899999618530273,20.0,19.5,19.899999618530273,2050,19.899999618530273,0.0
LIXT,2022-02-08,19.600000381469727,19.700000762939453,18.799999237060547,18.799999237060547,1130,18.799999237060547,0.0
LIXT,2022-02-09,18.799999237060547,20.100000381469727,18.799999237060547,19.600000381469727,4320,19.600000381469727,0.0
LIXT,2022-02-10,19.200000762939453,20.0,18.600000381469727,19.299999237060547,2550,19.299999237060547,0.0
LIXT,2022-02-11,18.700000762939453,20.0,18.399999618530273,18.600000381469727,2270,18.600000381469727,0.0
LIXT,2022-02-14,18.299999237060547,18.899999618530273,16.399999618530273,16.399999618530273,3370,16.399999618530273,0.0
LIXT,2022-02-15,16.299999237060547,16.899999618530273,15.600000381469727,16.299999237060547,3800,16.299999237060547,0.0
LIXT,2022-02-16,16.0,17.299999237060547,15.600000381469727,15.800000190734863,1980,15.800000190734863,0.0
LIXT,2022-02-17,15.300000190734863,16.399999618530273,14.800000190734863,15.100000381469727,2190,15.100000381469727,0.0
LIXT,2022-02-18,14.800000190734863,15.399999618530273,14.300000190734863,15.300000190734863,2170,15.300000190734863,0.0
LIXT,2022-02-22,14.5,17.5,14.5,14.600000381469727,2610,14.600000381469727,0.0
LIXT,2022-02-23,18.0,18.0,13.300000190734863,13.399999618530273,5300,13.399999618530273,0.0
LIXT,2022-02-24,13.100000381469727,14.5,12.100000381469727,13.600000381469727,4350,13.600000381469727,0.0
LIXT,2022-02-25,14.0,15.600000381469727,14.0,15.0,3650,15.0,0.0
LIXT,2022-02-28,17.700000762939453,17.700000762939453,13.699999809265137,14.199999809265137,4560,14.199999809265137,0.0
LIXT,2022-03-01,13.699999809265137,14.5,13.199999809265137,13.300000190734863,4590,13.300000190734863,0.0
LIXT,2022-03-02,13.399999618530273,14.899999618530273,13.399999618530273,14.100000381469727,2320,14.100000381469727,0.0
LIXT,2022-03-03,13.800000190734863,16.799999237060547,13.5,15.0,21090,15.0,0.0
LIXT,2022-03-04,14.699999809265137,15.0,13.5,13.5,2260,13.5,0.0
LIXT,2022-03-07,14.699999809265137,14.699999809265137,12.0,13.600000381469727,9690,13.600000381469727,0.0
LIXT,2022-03-08,13.300000190734863,13.600000381469727,12.0,12.300000190734863,6190,12.300000190734863,0.0
LIXT,2022-03-09,12.300000190734863,13.5,12.300000190734863,12.800000190734863,2660,12.800000190734863,0.0
LIXT,2022-03-10,12.600000381469727,12.899999618530273,12.100000381469727,12.199999809265137,1180,12.199999809265137,0.0
LIXT,2022-03-11,12.600000381469727,12.600000381469727,11.399999618530273,11.399999618530273,2510,11.399999618530273,0.0
LIXT,2022-03-14,13.100000381469727,13.100000381469727,11.100000381469727,11.699999809265137,3860,11.699999809265137,0.0
LIXT,2022-03-15,11.300000190734863,11.800000190734863,11.0,11.0,1960,11.0,0.0
LIXT,2022-03-16,13.199999809265137,13.199999809265137,11.399999618530273,12.100000381469727,4330,12.100000381469727,0.0
LIXT,2022-03-17,11.699999809265137,12.5,11.0,11.699999809265137,3760,11.699999809265137,0.0
LIXT,2022-03-18,11.899999618530273,13.0,11.600000381469727,12.800000190734863,3390,12.800000190734863,0.0
LIXT,2022-03-21,13.699999809265137,16.899999618530273,12.800000190734863,15.600000381469727,42560,15.600000381469727,0.0
LIXT,2022-03-22,15.899999618530273,15.899999618530273,12.899999618530273,13.5,9230,13.5,0.0
LIXT,2022-03-23,13.5,13.699999809265137,12.199999809265137,12.800000190734863,9420,12.800000190734863,0.0
LIXT,2022-03-24,14.199999809265137,14.199999809265137,12.800000190734863,13.399999618530273,3610,13.399999618530273,0.0
LIXT,2022-03-25,13.399999618530273,13.399999618530273,12.899999618530273,13.100000381469727,2050,13.100000381469727,0.0
LIXT,2022-03-28,12.100000381469727,13.199999809265137,12.100000381469727,12.300000190734863,4000,12.300000190734863,0.0
LIXT,2022-03-29,12.300000190734863,12.899999618530273,12.100000381469727,12.199999809265137,3750,12.199999809265137,0.0
LIXT,2022-03-30,12.199999809265137,12.5,12.0,12.300000190734863,2000,12.300000190734863,0.0
LIXT,2022-03-31,12.199999809265137,12.300000190734863,12.100000381469727,12.300000190734863,880,12.300000190734863,0.0
LIXT,2022-04-01,12.100000381469727,12.300000190734863,12.0,12.0,1010,12.0,0.0
LIXT,2022-04-04,11.600000381469727,12.199999809265137,11.600000381469727,12.199999809265137,1580,12.199999809265137,0.0
LIXT,2022-04-05,12.199999809265137,12.199999809265137,11.699999809265137,11.699999809265137,1980,11.699999809265137,0.0
LIXT,2022-04-06,11.600000381469727,11.600000381469727,11.199999809265137,11.300000190734863,4780,11.300000190734863,0.0
LIXT,2022-04-07,11.300000190734863,12.100000381469727,11.300000190734863,12.0,1070,12.0,0.0
LIXT,2022-04-08,11.300000190734863,11.5,11.0,11.199999809265137,3080,11.199999809265137,0.0
LIXT,2022-04-11,12.399999618530273,12.399999618530273,10.800000190734863,11.0,2780,11.0,0.0
LIXT,2022-04-12,25.0,49.5,17.799999237060547,18.399999618530273,18312090,18.399999618530273,0.0
LIXT,2022-04-13,18.700000762939453,20.700000762939453,16.799999237060547,19.600000381469727,1072620,19.600000381469727,0.0
LIXT,2022-04-14,19.0,19.299999237060547,15.600000381469727,15.699999809265137,239370,15.699999809265137,0.0
LIXT,2022-04-18,14.600000381469727,14.800000190734863,13.0,13.300000190734863,173310,13.300000190734863,0.0
LIXT,2022-04-19,13.0,13.699999809265137,12.399999618530273,13.399999618530273,206500,13.399999618530273,0.0
LIXT,2022-04-20,13.199999809265137,13.199999809265137,12.100000381469727,12.300000190734863,94290,12.300000190734863,0.0
LIXT,2022-04-21,12.0,12.899999618530273,11.100000381469727,12.0,79270,12.0,0.0
LIXT,2022-04-22,12.100000381469727,12.300000190734863,11.600000381469727,12.0,40480,12.0,0.0
LIXT,2022-04-25,11.5,11.800000190734863,11.199999809265137,11.600000381469727,42070,11.600000381469727,0.0
LIXT,2022-04-26,11.5,12.600000381469727,11.100000381469727,11.800000190734863,165480,11.800000190734863,0.0
LIXT,2022-04-27,11.199999809265137,11.699999809265137,11.199999809265137,11.399999618530273,39720,11.399999618530273,0.0
LIXT,2022-04-28,11.199999809265137,12.800000190734863,11.199999809265137,11.800000190734863,294650,11.800000190734863,0.0
LIXT,2022-04-29,11.399999618530273,12.300000190734863,11.399999618530273,11.800000190734863,96440,11.800000190734863,0.0
LIXT,2022-05-02,11.5,14.100000381469727,11.399999618530273,13.800000190734863,318770,13.800000190734863,0.0
LIXT,2022-05-03,14.199999809265137,14.600000381469727,12.199999809265137,13.399999618530273,257360,13.399999618530273,0.0
LIXT,2022-05-04,13.399999618530273,14.5,12.600000381469727,14.199999809265137,173520,14.199999809265137,0.0
LIXT,2022-05-05,14.199999809265137,17.299999237060547,14.0,15.899999618530273,594670,15.899999618530273,0.0
LIXT,2022-05-06,15.5,15.800000190734863,13.399999618530273,13.600000381469727,158890,13.600000381469727,0.0
LIXT,2022-05-09,13.5,15.899999618530273,13.199999809265137,13.600000381469727,206450,13.600000381469727,0.0
LIXT,2022-05-10,13.300000190734863,13.600000381469727,11.300000190734863,11.800000190734863,109010,11.800000190734863,0.0
LIXT,2022-05-11,11.600000381469727,11.600000381469727,9.100000381469727,9.300000190734863,104970,9.300000190734863,0.0
LIXT,2022-05-12,9.399999618530273,10.300000190734863,9.199999809265137,9.199999809265137,35840,9.199999809265137,0.0
LIXT,2022-05-13,9.199999809265137,9.899999618530273,9.199999809265137,9.5,16330,9.5,0.0
LIXT,2022-05-16,8.699999809265137,9.399999618530273,8.600000381469727,8.699999809265137,20150,8.699999809265137,0.0
LIXT,2022-05-17,9.199999809265137,9.399999618530273,8.600000381469727,9.0,12570,9.0,0.0
LIXT,2022-05-18,8.899999618530273,9.199999809265137,8.399999618530273,8.5,22280,8.5,0.0
LIXT,2022-05-19,8.300000190734863,8.5,7.699999809265137,8.199999809265137,17470,8.199999809265137,0.0
LIXT,2022-05-20,8.199999809265137,8.399999618530273,7.900000095367432,8.300000190734863,18040,8.300000190734863,0.0
LIXT,2022-05-23,8.300000190734863,8.899999618530273,7.699999809265137,8.0,58660,8.0,0.0
LIXT,2022-05-24,7.900000095367432,8.399999618530273,7.199999809265137,7.699999809265137,30970,7.699999809265137,0.0
LIXT,2022-05-25,7.699999809265137,8.300000190734863,7.199999809265137,7.900000095367432,13350,7.900000095367432,0.0
LIXT,2022-05-26,7.800000190734863,8.199999809265137,7.5,7.699999809265137,17350,7.699999809265137,0.0
LIXT,2022-05-27,7.900000095367432,7.900000095367432,7.5,7.599999904632568,8090,7.599999904632568,0.0
LIXT,2022-05-31,7.699999809265137,7.800000190734863,7.300000190734863,7.5,9070,7.5,0.0
LIXT,2022-06-01,7.5,7.800000190734863,7.400000095367432,7.800000190734863,23400,7.800000190734863,0.0
LIXT,2022-06-02,7.800000190734863,8.399999618530273,7.5,8.300000190734863,10040,8.300000190734863,0.0
LIXT,2022-06-03,8.5,8.800000190734863,8.199999809265137,8.300000190734863,21510,8.300000190734863,0.0
LIXT,2022-06-06,8.699999809265137,8.699999809265137,8.0,8.300000190734863,7280,8.300000190734863,0.0
LIXT,2022-06-07,8.199999809265137,8.5,7.699999809265137,8.199999809265137,8930,8.199999809265137,0.0
LIXT,2022-06-08,8.300000190734863,9.0,7.599999904632568,8.199999809265137,20030,8.199999809265137,0.0
LIXT,2022-06-09,8.0,8.399999618530273,8.0,8.199999809265137,3900,8.199999809265137,0.0
LIXT,2022-06-10,8.100000381469727,8.199999809265137,7.400000095367432,7.599999904632568,12960,7.599999904632568,0.0
LIXT,2022-06-13,7.900000095367432,7.900000095367432,6.599999904632568,7.199999809265137,14240,7.199999809265137,0.0
LIXT,2022-06-14,7.0,7.300000190734863,6.900000095367432,7.0,4720,7.0,0.0
LIXT,2022-06-15,6.900000095367432,7.5,6.900000095367432,7.300000190734863,4110,7.300000190734863,0.0
LIXT,2022-06-16,7.199999809265137,8.300000190734863,7.199999809265137,7.599999904632568,4800,7.599999904632568,0.0
LIXT,2022-06-17,8.100000381469727,8.100000381469727,7.400000095367432,7.400000095367432,11380,7.400000095367432,0.0
LIXT,2022-06-21,7.199999809265137,7.800000190734863,7.199999809265137,7.599999904632568,5650,7.599999904632568,0.0
LIXT,2022-06-22,7.800000190734863,7.900000095367432,7.699999809265137,7.699999809265137,4980,7.699999809265137,0.0
LIXT,2022-06-23,7.599999904632568,8.100000381469727,7.599999904632568,7.900000095367432,7490,7.900000095367432,0.0
LIXT,2022-06-24,7.900000095367432,8.199999809265137,7.900000095367432,8.0,17240,8.0,0.0
LIXT,2022-06-27,8.0,8.100000381469727,7.5,7.599999904632568,9160,7.599999904632568,0.0
LIXT,2022-06-28,7.599999904632568,7.699999809265137,7.5,7.5,7630,7.5,0.0
LIXT,2022-06-29,7.400000095367432,7.5,7.0,7.300000190734863,7310,7.300000190734863,0.0
LIXT,2022-06-30,7.0,7.599999904632568,7.0,7.400000095367432,5030,7.400000095367432,0.0
LIXT,2022-07-01,7.199999809265137,7.699999809265137,7.199999809265137,7.400000095367432,3730,7.400000095367432,0.0
LIXT,2022-07-05,7.199999809265137,7.900000095367432,7.199999809265137,7.199999809265137,3930,7.199999809265137,0.0
LIXT,2022-07-06,7.400000095367432,7.699999809265137,7.400000095367432,7.400000095367432,3580,7.400000095367432,0.0
LIXT,2022-07-07,7.099999904632568,7.699999809265137,7.099999904632568,7.5,5990,7.5,0.0
LIXT,2022-07-08,7.400000095367432,8.0,7.400000095367432,7.599999904632568,8670,7.599999904632568,0.0
LIXT,2022-07-11,7.599999904632568,8.0,7.599999904632568,7.900000095367432,5350,7.900000095367432,0.0
LIXT,2022-07-12,7.699999809265137,8.300000190734863,7.699999809265137,8.199999809265137,2030,8.199999809265137,0.0
LIXT,2022-07-13,7.800000190734863,8.399999618530273,7.800000190734863,8.199999809265137,3180,8.199999809265137,0.0
LIXT,2022-07-14,8.199999809265137,8.5,8.0,8.0,4590,8.0,0.0
LIXT,2022-07-15,8.0,8.300000190734863,8.0,8.199999809265137,670,8.199999809265137,0.0
LIXT,2022-07-18,7.900000095367432,8.5,7.800000190734863,7.800000190734863,2550,7.800000190734863,0.0
LIXT,2022-07-19,7.800000190734863,8.199999809265137,7.800000190734863,8.100000381469727,1040,8.100000381469727,0.0
LIXT,2022-07-20,7.900000095367432,8.399999618530273,7.900000095367432,8.199999809265137,4550,8.199999809265137,0.0
LIXT,2022-07-21,8.399999618530273,8.399999618530273,7.900000095367432,8.199999809265137,1170,8.199999809265137,0.0
LIXT,2022-07-22,8.100000381469727,8.399999618530273,8.100000381469727,8.399999618530273,4050,8.399999618530273,0.0
LIXT,2022-07-25,8.100000381469727,8.199999809265137,7.800000190734863,8.0,2710,8.0,0.0
LIXT,2022-07-26,7.900000095367432,8.399999618530273,7.5,7.900000095367432,1930,7.900000095367432,0.0
LIXT,2022-07-27,7.699999809265137,8.199999809265137,7.599999904632568,7.800000190734863,6550,7.800000190734863,0.0
LIXT,2022-07-28,7.800000190734863,7.800000190734863,7.5,7.5,6740,7.5,0.0
LIXT,2022-07-29,7.199999809265137,7.800000190734863,7.0,7.5,10680,7.5,0.0
LIXT,2022-08-01,7.5,7.699999809265137,7.300000190734863,7.599999904632568,5820,7.599999904632568,0.0
LIXT,2022-08-02,7.5,7.900000095367432,7.400000095367432,7.699999809265137,7400,7.699999809265137,0.0
LIXT,2022-08-03,7.599999904632568,8.300000190734863,7.199999809265137,8.100000381469727,12660,8.100000381469727,0.0
LIXT,2022-08-04,8.100000381469727,8.300000190734863,7.800000190734863,8.0,1920,8.0,0.0
LIXT,2022-08-05,8.199999809265137,8.300000190734863,8.0,8.300000190734863,2060,8.300000190734863,0.0
LIXT,2022-08-08,8.300000190734863,9.100000381469727,8.0,8.899999618530273,14260,8.899999618530273,0.0
LIXT,2022-08-09,8.899999618530273,11.300000190734863,8.100000381469727,8.399999618530273,336100,8.399999618530273,0.0
LIXT,2022-08-10,8.5,8.600000381469727,8.0,8.399999618530273,20060,8.399999618530273,0.0
LIXT,2022-08-11,8.100000381469727,8.199999809265137,7.0,7.5,62370,7.5,0.0
LIXT,2022-08-12,7.599999904632568,8.300000190734863,7.5,8.100000381469727,19900,8.100000381469727,0.0
LIXT,2022-08-15,7.800000190734863,8.300000190734863,7.599999904632568,8.100000381469727,11620,8.100000381469727,0.0
LIXT,2022-08-16,7.900000095367432,8.100000381469727,7.699999809265137,8.0,13760,8.0,0.0
LIXT,2022-08-17,8.0,8.300000190734863,7.800000190734863,8.100000381469727,5940,8.100000381469727,0.0
LIXT,2022-08-18,7.800000190734863,8.5,7.800000190734863,8.199999809265137,11270,8.199999809265137,0.0
LIXT,2022-08-19,8.300000190734863,8.300000190734863,7.400000095367432,7.599999904632568,10500,7.599999904632568,0.0
LIXT,2022-08-22,7.800000190734863,7.800000190734863,7.5,7.699999809265137,1310,7.699999809265137,0.0
LIXT,2022-08-23,7.800000190734863,8.199999809265137,7.800000190734863,7.900000095367432,5740,7.900000095367432,0.0
LIXT,2022-08-24,8.5,8.5,7.5,7.599999904632568,2040,7.599999904632568,0.0
LIXT,2022-08-25,7.900000095367432,8.100000381469727,7.699999809265137,8.0,2520,8.0,0.0
LIXT,2022-08-26,8.0,8.0,7.5,7.699999809265137,1920,7.699999809265137,0.0
LIXT,2022-08-29,7.599999904632568,8.0,7.300000190734863,7.699999809265137,3640,7.699999809265137,0.0
LIXT,2022-08-30,7.400000095367432,7.699999809265137,7.099999904632568,7.300000190734863,3260,7.300000190734863,0.0
LIXT,2022-08-31,7.099999904632568,7.800000190734863,7.099999904632568,7.800000190734863,4250,7.800000190734863,0.0
LIXT,2022-09-01,7.099999904632568,8.899999618530273,7.099999904632568,8.199999809265137,33930,8.199999809265137,0.0
LIXT,2022-09-02,8.0,8.0,7.800000190734863,7.800000190734863,740,7.800000190734863,0.0
LIXT,2022-09-06,7.5,8.0,7.400000095367432,7.400000095367432,3700,7.400000095367432,0.0
LIXT,2022-09-07,8.100000381469727,8.100000381469727,7.0,7.0,6460,7.0,0.0
LIXT,2022-09-08,7.199999809265137,7.5,7.199999809265137,7.400000095367432,1070,7.400000095367432,0.0
LIXT,2022-09-09,7.099999904632568,7.400000095367432,7.099999904632568,7.199999809265137,2130,7.199999809265137,0.0
LIXT,2022-09-12,7.300000190734863,7.400000095367432,7.099999904632568,7.099999904632568,970,7.099999904632568,0.0
LIXT,2022-09-13,7.199999809265137,7.5,6.800000190734863,7.5,2950,7.5,0.0
LIXT,2022-09-14,6.699999809265137,7.400000095367432,6.699999809265137,7.0,4490,7.0,0.0
LIXT,2022-09-15,6.900000095367432,7.199999809265137,6.900000095367432,7.099999904632568,1310,7.099999904632568,0.0
LIXT,2022-09-16,7.099999904632568,7.099999904632568,6.599999904632568,7.0,3980,7.0,0.0
LIXT,2022-09-19,6.599999904632568,6.800000190734863,6.300000190734863,6.400000095367432,5750,6.400000095367432,0.0
LIXT,2022-09-20,6.300000190734863,6.400000095367432,6.099999904632568,6.199999809265137,3660,6.199999809265137,0.0
LIXT,2022-09-21,6.199999809265137,6.300000190734863,5.699999809265137,6.0,4950,6.0,0.0
LIXT,2022-09-22,6.0,6.0,5.400000095367432,5.5,8360,5.5,0.0
LIXT,2022-09-23,5.199999809265137,5.400000095367432,4.300000190734863,5.0,10220,5.0,0.0
LIXT,2022-09-26,5.5,6.099999904632568,5.400000095367432,5.900000095367432,8830,5.900000095367432,0.0
LIXT,2022-09-27,5.699999809265137,6.0,5.400000095367432,5.699999809265137,1230,5.699999809265137,0.0
LIXT,2022-09-28,5.5,5.599999904632568,5.400000095367432,5.400000095367432,1160,5.400000095367432,0.0
LIXT,2022-09-29,5.400000095367432,5.5,5.400000095367432,5.5,1000,5.5,0.0
LIXT,2022-09-30,5.400000095367432,6.0,5.400000095367432,5.599999904632568,990,5.599999904632568,0.0
LIXT,2022-10-03,6.0,6.0,5.599999904632568,5.699999809265137,990,5.699999809265137,0.0
LIXT,2022-10-04,6.099999904632568,6.099999904632568,5.5,5.699999809265137,2310,5.699999809265137,0.0
LIXT,2022-10-05,5.699999809265137,6.0,5.599999904632568,5.599999904632568,630,5.599999904632568,0.0
LIXT,2022-10-06,5.599999904632568,6.199999809265137,5.400000095367432,6.0,890,6.0,0.0
LIXT,2022-10-07,6.0,6.0,5.5,5.699999809265137,660,5.699999809265137,0.0
LIXT,2022-10-10,5.699999809265137,6.0,5.599999904632568,6.0,1980,6.0,0.0
LIXT,2022-10-11,5.599999904632568,5.800000190734863,5.400000095367432,5.400000095367432,1710,5.400000095367432,0.0
LIXT,2022-10-12,5.5,5.599999904632568,5.099999904632568,5.199999809265137,770,5.199999809265137,0.0
LIXT,2022-10-13,5.199999809265137,5.400000095367432,5.099999904632568,5.099999904632568,1340,5.099999904632568,0.0
LIXT,2022-10-14,5.099999904632568,5.199999809265137,5.099999904632568,5.199999809265137,1400,5.199999809265137,0.0
LIXT,2022-10-17,5.199999809265137,5.400000095367432,4.5,5.400000095367432,2810,5.400000095367432,0.0
LIXT,2022-10-18,5.199999809265137,5.800000190734863,5.099999904632568,5.199999809265137,1050,5.199999809265137,0.0
LIXT,2022-10-19,4.800000190734863,5.5,4.800000190734863,5.0,1510,5.0,0.0
LIXT,2022-10-20,5.300000190734863,6.0,5.300000190734863,5.599999904632568,4010,5.599999904632568,0.0
LIXT,2022-10-21,5.599999904632568,5.599999904632568,5.199999809265137,5.199999809265137,860,5.199999809265137,0.0
LIXT,2022-10-24,5.400000095367432,5.400000095367432,5.0,5.0,720,5.0,0.0
LIXT,2022-10-25,5.599999904632568,5.599999904632568,5.0,5.400000095367432,1100,5.400000095367432,0.0
LIXT,2022-10-26,5.5,5.5,5.0,5.0,420,5.0,0.0
LIXT,2022-10-27,4.800000190734863,5.400000095367432,4.800000190734863,5.099999904632568,810,5.099999904632568,0.0
LIXT,2022-10-28,5.199999809265137,5.400000095367432,4.699999809265137,5.199999809265137,1390,5.199999809265137,0.0
LIXT,2022-10-31,5.0,5.5,4.699999809265137,5.0,1880,5.0,0.0
LIXT,2022-11-01,5.300000190734863,5.300000190734863,4.800000190734863,4.800000190734863,250,4.800000190734863,0.0
LIXT,2022-11-02,4.800000190734863,5.5,4.800000190734863,5.199999809265137,660,5.199999809265137,0.0
LIXT,2022-11-03,4.900000095367432,5.400000095367432,4.800000190734863,5.099999904632568,1470,5.099999904632568,0.0
LIXT,2022-11-04,4.800000190734863,5.099999904632568,4.800000190734863,5.0,850,5.0,0.0
LIXT,2022-11-07,5.099999904632568,5.400000095367432,4.900000095367432,5.199999809265137,720,5.199999809265137,0.0
LIXT,2022-11-08,5.0,5.400000095367432,4.599999904632568,4.900000095367432,1590,4.900000095367432,0.0
LIXT,2022-11-09,5.0,5.199999809265137,4.5,5.0,2390,5.0,0.0
LIXT,2022-11-10,5.0,5.400000095367432,4.599999904632568,5.199999809265137,2160,5.199999809265137,0.0
LIXT,2022-11-11,4.800000190734863,5.199999809265137,4.800000190734863,5.0,2610,5.0,0.0
LIXT,2022-11-14,5.099999904632568,6.099999904632568,5.0,5.599999904632568,16900,5.599999904632568,0.0
LIXT,2022-11-15,5.599999904632568,6.0,5.300000190734863,5.5,1470,5.5,0.0
LIXT,2022-11-16,6.0,6.0,5.300000190734863,5.400000095367432,1290,5.400000095367432,0.0
LIXT,2022-11-17,5.400000095367432,5.699999809265137,5.300000190734863,5.400000095367432,1610,5.400000095367432,0.0
LIXT,2022-11-18,5.5,5.800000190734863,5.400000095367432,5.800000190734863,3460,5.800000190734863,0.0
LIXT,2022-11-21,5.699999809265137,6.099999904632568,5.599999904632568,5.599999904632568,5720,5.599999904632568,0.0
LIXT,2022-11-22,5.599999904632568,5.900000095367432,5.300000190734863,5.699999809265137,3750,5.699999809265137,0.0
LIXT,2022-11-23,5.800000190734863,6.0,5.599999904632568,5.699999809265137,1520,5.699999809265137,0.0
LIXT,2022-11-25,5.599999904632568,6.0,5.599999904632568,5.900000095367432,670,5.900000095367432,0.0
LIXT,2022-11-28,5.800000190734863,6.300000190734863,5.800000190734863,6.099999904632568,7410,6.099999904632568,0.0
LIXT,2022-11-29,5.800000190734863,6.699999809265137,5.800000190734863,6.699999809265137,4150,6.699999809265137,0.0
LIXT,2022-11-30,7.0,7.900000095367432,7.0,7.699999809265137,11770,7.699999809265137,0.0
LIXT,2022-12-01,7.800000190734863,7.800000190734863,7.5,7.5,1610,7.5,0.0
LIXT,2022-12-02,7.5,7.699999809265137,7.5,7.699999809265137,2330,7.699999809265137,0.0
LIXT,2022-12-05,7.699999809265137,7.900000095367432,7.5,7.699999809265137,630,7.699999809265137,0.0
LIXT,2022-12-06,7.5,7.599999904632568,6.900000095367432,6.900000095367432,4410,6.900000095367432,0.0
LIXT,2022-12-07,6.699999809265137,7.0,6.699999809265137,7.0,2720,7.0,0.0
LIXT,2022-12-08,6.900000095367432,7.099999904632568,6.699999809265137,6.800000190734863,450,6.800000190734863,0.0
LIXT,2022-12-09,6.699999809265137,6.699999809265137,5.900000095367432,6.199999809265137,3750,6.199999809265137,0.0
LIXT,2022-12-12,6.099999904632568,6.300000190734863,6.0,6.099999904632568,2270,6.099999904632568,0.0
LIXT,2022-12-13,6.300000190734863,6.300000190734863,5.0,5.0,10120,5.0,0.0
LIXT,2022-12-14,5.199999809265137,5.5,4.800000190734863,5.0,7560,5.0,0.0
LIXT,2022-12-15,5.0,5.5,5.0,5.400000095367432,3390,5.400000095367432,0.0
LIXT,2022-12-16,5.5,6.0,5.199999809265137,6.0,1220,6.0,0.0
LIXT,2022-12-19,6.199999809265137,6.199999809265137,4.900000095367432,4.900000095367432,1410,4.900000095367432,0.0
LIXT,2022-12-20,6.0,6.0,5.099999904632568,5.199999809265137,2380,5.199999809265137,0.0
LIXT,2022-12-21,5.099999904632568,5.5,5.099999904632568,5.099999904632568,1530,5.099999904632568,0.0
LIXT,2022-12-22,5.199999809265137,5.199999809265137,4.900000095367432,5.099999904632568,210,5.099999904632568,0.0
LIXT,2022-12-23,5.400000095367432,5.400000095367432,4.699999809265137,5.0,1500,5.0,0.0
LIXT,2022-12-27,5.300000190734863,5.300000190734863,4.599999904632568,4.900000095367432,4450,4.900000095367432,0.0
LIXT,2022-12-28,5.199999809265137,5.199999809265137,4.699999809265137,4.800000190734863,2290,4.800000190734863,0.0
LIXT,2022-12-29,4.800000190734863,5.099999904632568,4.599999904632568,4.800000190734863,5840,4.800000190734863,0.0
LIXT,2022-12-30,4.800000190734863,5.099999904632568,4.699999809265137,5.099999904632568,4870,5.099999904632568,0.0
LIXT,2023-01-03,4.800000190734863,5.099999904632568,4.800000190734863,5.099999904632568,590,5.099999904632568,0.0
LIXT,2023-01-04,5.099999904632568,7.0,4.900000095367432,5.699999809265137,20670,5.699999809265137,0.0
LIXT,2023-01-05,5.699999809265137,6.0,5.199999809265137,5.199999809265137,4330,5.199999809265137,0.0
LIXT,2023-01-06,5.800000190734863,5.900000095367432,5.400000095367432,5.400000095367432,10440,5.400000095367432,0.0
LIXT,2023-01-09,5.400000095367432,5.800000190734863,5.199999809265137,5.599999904632568,1330,5.599999904632568,0.0
LIXT,2023-01-10,5.300000190734863,5.400000095367432,5.199999809265137,5.300000190734863,6150,5.300000190734863,0.0
LIXT,2023-01-11,5.800000190734863,5.800000190734863,5.5,5.699999809265137,2370,5.699999809265137,0.0
LIXT,2023-01-12,5.699999809265137,5.699999809265137,5.300000190734863,5.400000095367432,1650,5.400000095367432,0.0
LIXT,2023-01-13,5.199999809265137,6.0,5.199999809265137,5.699999809265137,2410,5.699999809265137,0.0
LIXT,2023-01-17,5.699999809265137,5.900000095367432,5.599999904632568,5.599999904632568,1290,5.599999904632568,0.0
LIXT,2023-01-18,5.599999904632568,6.0,5.599999904632568,6.0,1960,6.0,0.0
LIXT,2023-01-19,5.900000095367432,6.0,5.699999809265137,6.0,820,6.0,0.0
LIXT,2023-01-20,5.699999809265137,7.5,5.699999809265137,7.099999904632568,29170,7.099999904632568,0.0
LIXT,2023-01-23,7.099999904632568,7.199999809265137,6.599999904632568,6.599999904632568,2220,6.599999904632568,0.0
LIXT,2023-01-24,6.699999809265137,7.099999904632568,6.0,6.800000190734863,4640,6.800000190734863,0.0
LIXT,2023-01-25,6.5,7.300000190734863,6.5,7.099999904632568,13090,7.099999904632568,0.0
LIXT,2023-01-26,6.900000095367432,7.599999904632568,6.900000095367432,7.400000095367432,11030,7.400000095367432,0.0
LIXT,2023-01-27,7.699999809265137,7.699999809265137,7.199999809265137,7.300000190734863,4620,7.300000190734863,0.0
LIXT,2023-01-30,7.5,7.699999809265137,7.300000190734863,7.599999904632568,1450,7.599999904632568,0.0
LIXT,2023-01-31,7.699999809265137,8.0,7.5,7.900000095367432,5670,7.900000095367432,0.0
LIXT,2023-02-01,7.900000095367432,7.900000095367432,7.300000190734863,7.5,7390,7.5,0.0
LIXT,2023-02-02,7.5,7.900000095367432,7.400000095367432,7.699999809265137,3270,7.699999809265137,0.0
LIXT,2023-02-03,7.800000190734863,8.5,7.599999904632568,7.900000095367432,6830,7.900000095367432,0.0
LIXT,2023-02-06,8.5,8.699999809265137,7.900000095367432,8.100000381469727,18620,8.100000381469727,0.0
LIXT,2023-02-07,8.0,27.0,8.0,18.899999618530273,5020750,18.899999618530273,0.0
LIXT,2023-02-08,13.600000381469727,14.899999618530273,11.600000381469727,12.600000381469727,650340,12.600000381469727,0.0
LIXT,2023-02-09,11.699999809265137,12.600000381469727,10.100000381469727,10.899999618530273,232630,10.899999618530273,0.0
LIXT,2023-02-10,11.399999618530273,16.399999618530273,11.199999809265137,12.0,1202890,12.0,0.0
LIXT,2023-02-13,10.5,11.100000381469727,9.300000190734863,10.699999809265137,149050,10.699999809265137,0.0
LIXT,2023-02-14,10.100000381469727,13.800000190734863,10.0,11.800000190734863,297390,11.800000190734863,0.0
LIXT,2023-02-15,10.699999809265137,12.0,10.699999809265137,11.600000381469727,71070,11.600000381469727,0.0
LIXT,2023-02-16,11.300000190734863,11.899999618530273,10.100000381469727,11.699999809265137,47000,11.699999809265137,0.0
LIXT,2023-02-17,11.300000190734863,12.899999618530273,10.800000190734863,11.300000190734863,62170,11.300000190734863,0.0
LIXT,2023-02-21,10.800000190734863,11.0,10.100000381469727,10.600000381469727,35980,10.600000381469727,0.0
LIXT,2023-02-22,10.399999618530273,11.0,9.800000190734863,10.0,19880,10.0,0.0
LIXT,2023-02-23,9.899999618530273,10.100000381469727,8.5,8.899999618530273,49280,8.899999618530273,0.0
LIXT,2023-02-24,8.699999809265137,8.899999618530273,8.199999809265137,8.399999618530273,17670,8.399999618530273,0.0
LIXT,2023-02-27,8.300000190734863,8.899999618530273,8.300000190734863,8.699999809265137,16200,8.699999809265137,0.0
LIXT,2023-02-28,8.5,9.199999809265137,8.399999618530273,9.100000381469727,22860,9.100000381469727,0.0
LIXT,2023-03-01,8.5,8.899999618530273,7.900000095367432,8.199999809265137,19530,8.199999809265137,0.0
LIXT,2023-03-02,8.100000381469727,9.699999809265137,8.0,9.0,53690,9.0,0.0
LIXT,2023-03-03,8.800000190734863,8.899999618530273,8.199999809265137,8.300000190734863,12450,8.300000190734863,0.0
LIXT,2023-03-06,8.199999809265137,8.5,7.599999904632568,7.800000190734863,7390,7.800000190734863,0.0
LIXT,2023-03-07,7.599999904632568,8.199999809265137,7.599999904632568,8.100000381469727,12970,8.100000381469727,0.0
LIXT,2023-03-08,7.699999809265137,8.100000381469727,7.599999904632568,7.900000095367432,8150,7.900000095367432,0.0
LIXT,2023-03-09,7.800000190734863,8.0,7.599999904632568,7.699999809265137,10010,7.699999809265137,0.0
LIXT,2023-03-10,7.5,7.599999904632568,7.099999904632568,7.199999809265137,6810,7.199999809265137,0.0
LIXT,2023-03-13,7.300000190734863,7.599999904632568,7.0,7.099999904632568,4410,7.099999904632568,0.0
LIXT,2023-03-14,7.0,7.400000095367432,6.599999904632568,7.0,6060,7.0,0.0
LIXT,2023-03-15,6.699999809265137,7.0,6.699999809265137,6.800000190734863,3760,6.800000190734863,0.0
LIXT,2023-03-16,6.800000190734863,7.300000190734863,6.0,6.699999809265137,10100,6.699999809265137,0.0
LIXT,2023-03-17,6.699999809265137,8.0,6.400000095367432,6.400000095367432,19720,6.400000095367432,0.0
LIXT,2023-03-20,6.699999809265137,7.0,6.599999904632568,6.800000190734863,3490,6.800000190734863,0.0
LIXT,2023-03-21,6.5,8.0,6.5,7.699999809265137,14930,7.699999809265137,0.0
LIXT,2023-03-22,7.5,8.0,7.5,7.5,3170,7.5,0.0
LIXT,2023-03-23,7.5,8.0,7.099999904632568,7.699999809265137,3870,7.699999809265137,0.0
LIXT,2023-03-24,7.400000095367432,9.300000190734863,7.400000095367432,8.5,10860,8.5,0.0
LIXT,2023-03-27,8.5,8.600000381469727,8.100000381469727,8.399999618530273,4200,8.399999618530273,0.0
LIXT,2023-03-28,8.600000381469727,8.600000381469727,7.5,7.900000095367432,3490,7.900000095367432,0.0
LIXT,2023-03-29,8.100000381469727,8.300000190734863,7.599999904632568,8.199999809265137,5110,8.199999809265137,0.0
LIXT,2023-03-30,8.0,8.300000190734863,7.900000095367432,8.199999809265137,3810,8.199999809265137,0.0
LIXT,2023-03-31,8.100000381469727,8.300000190734863,7.900000095367432,8.300000190734863,4110,8.300000190734863,0.0
LIXT,2023-04-03,8.199999809265137,8.899999618530273,8.199999809265137,8.5,10270,8.5,0.0
LIXT,2023-04-04,8.300000190734863,9.399999618530273,8.300000190734863,9.100000381469727,8180,9.100000381469727,0.0
LIXT,2023-04-05,9.5,9.600000381469727,8.899999618530273,9.199999809265137,8920,9.199999809265137,0.0
LIXT,2023-04-06,9.5,9.5,9.100000381469727,9.199999809265137,8970,9.199999809265137,0.0
LIXT,2023-04-10,9.5,9.5,9.0,9.100000381469727,5680,9.100000381469727,0.0
LIXT,2023-04-11,9.300000190734863,9.300000190734863,8.199999809265137,8.5,9610,8.5,0.0
LIXT,2023-04-12,8.0,8.0,6.400000095367432,6.900000095367432,40850,6.900000095367432,0.0
LIXT,2023-04-13,7.0,7.0,6.5,6.699999809265137,19200,6.699999809265137,0.0
LIXT,2023-04-14,6.5,6.599999904632568,6.099999904632568,6.300000190734863,11490,6.300000190734863,0.0
LIXT,2023-04-17,6.800000190734863,7.0,6.599999904632568,6.800000190734863,6230,6.800000190734863,0.0
LIXT,2023-04-18,6.599999904632568,6.900000095367432,6.400000095367432,6.800000190734863,3850,6.800000190734863,0.0
LIXT,2023-04-19,6.699999809265137,6.800000190734863,6.300000190734863,6.599999904632568,3650,6.599999904632568,0.0
LIXT,2023-04-20,6.5,6.699999809265137,6.300000190734863,6.5,5490,6.5,0.0
LIXT,2023-04-21,6.699999809265137,6.699999809265137,6.199999809265137,6.599999904632568,3010,6.599999904632568,0.0
LIXT,2023-04-24,6.300000190734863,6.699999809265137,6.099999904632568,6.300000190734863,7960,6.300000190734863,0.0
LIXT,2023-04-25,6.199999809265137,6.199999809265137,6.099999904632568,6.099999904632568,2480,6.099999904632568,0.0
LIXT,2023-04-26,6.099999904632568,6.099999904632568,5.099999904632568,5.699999809265137,11470,5.699999809265137,0.0
LIXT,2023-04-27,5.699999809265137,6.0,5.300000190734863,5.5,6460,5.5,0.0
LIXT,2023-04-28,5.699999809265137,5.699999809265137,5.0,5.599999904632568,4140,5.599999904632568,0.0
LIXT,2023-05-01,5.300000190734863,6.099999904632568,5.300000190734863,5.599999904632568,1430,5.599999904632568,0.0
LIXT,2023-05-02,5.599999904632568,6.0,5.599999904632568,5.599999904632568,4850,5.599999904632568,0.0
LIXT,2023-05-03,6.0,6.0,4.699999809265137,5.5,8310,5.5,0.0
LIXT,2023-05-04,6.0,6.0,5.099999904632568,5.5,7620,5.5,0.0
LIXT,2023-05-05,5.5,5.699999809265137,5.5,5.699999809265137,2470,5.699999809265137,0.0
LIXT,2023-05-08,5.5,5.800000190734863,5.099999904632568,5.400000095367432,11110,5.400000095367432,0.0
LIXT,2023-05-09,5.199999809265137,5.800000190734863,5.199999809265137,5.599999904632568,1140,5.599999904632568,0.0
LIXT,2023-05-10,5.400000095367432,6.5,5.400000095367432,6.099999904632568,26780,6.099999904632568,0.0
LIXT,2023-05-11,6.300000190734863,6.800000190734863,6.0,6.5,14370,6.5,0.0
LIXT,2023-05-12,6.5,6.5,5.800000190734863,6.400000095367432,4370,6.400000095367432,0.0
LIXT,2023-05-15,6.400000095367432,6.900000095367432,6.0,6.599999904632568,2270,6.599999904632568,0.0
LIXT,2023-05-16,6.300000190734863,6.699999809265137,6.0,6.5,1520,6.5,0.0
LIXT,2023-05-17,6.699999809265137,6.800000190734863,6.099999904632568,6.5,2030,6.5,0.0
LIXT,2023-05-18,6.5,6.599999904632568,5.800000190734863,6.599999904632568,8070,6.599999904632568,0.0
LIXT,2023-05-19,6.699999809265137,6.699999809265137,5.900000095367432,6.0,2880,6.0,0.0
LIXT,2023-05-22,6.0,6.599999904632568,6.0,6.5,3690,6.5,0.0
LIXT,2023-05-23,7.0,7.0,6.300000190734863,6.5,2900,6.5,0.0
LIXT,2023-05-24,6.599999904632568,7.0,6.099999904632568,7.0,2490,7.0,0.0
LIXT,2023-05-25,6.699999809265137,6.900000095367432,6.0,6.800000190734863,4040,6.800000190734863,0.0
LIXT,2023-05-26,6.800000190734863,7.099999904632568,6.199999809265137,7.099999904632568,1470,7.099999904632568,0.0
LIXT,2023-05-30,6.699999809265137,7.199999809265137,6.300000190734863,6.800000190734863,30910,6.800000190734863,0.0
LIXT,2023-05-31,6.5,6.900000095367432,5.599999904632568,6.900000095367432,13980,6.900000095367432,0.0
LIXT,2023-06-01,6.699999809265137,6.800000190734863,6.400000095367432,6.599999904632568,2990,6.599999904632568,0.0
LIXT,2023-06-02,6.400000095367432,7.400000095367432,5.699999809265137,6.699999809265137,46130,6.699999809265137,0.0
LIXT,2023-06-05,6.610000133514404,6.760000228881836,5.53000020980835,6.630000114440918,63400,6.630000114440918,0.1
LIXT,2023-06-06,6.170000076293945,6.659999847412109,6.0,6.139999866485596,16800,6.139999866485596,0.0
LIXT,2023-06-07,6.139999866485596,6.139999866485596,5.550000190734863,5.559999942779541,18000,5.559999942779541,0.0
LIXT,2023-06-08,5.679999828338623,5.849999904632568,5.320000171661377,5.53000020980835,12200,5.53000020980835,0.0
LIXT,2023-06-09,5.360000133514404,5.789999961853027,4.909999847412109,5.190000057220459,27200,5.190000057220459,0.0
LIXT,2023-06-12,5.420000076293945,5.429999828338623,5.090000152587891,5.119999885559082,9500,5.119999885559082,0.0
LIXT,2023-06-13,5.25,5.300000190734863,5.0,5.139999866485596,4000,5.139999866485596,0.0
LIXT,2023-06-14,5.429999828338623,5.429999828338623,4.96999979019165,4.96999979019165,6400,4.96999979019165,0.0
LIXT,2023-06-15,4.96999979019165,4.96999979019165,4.619999885559082,4.75,19400,4.75,0.0
LIXT,2023-06-16,4.849999904632568,5.920000076293945,4.760000228881836,5.909999847412109,40000,5.909999847412109,0.0
LIXT,2023-06-20,5.949999809265137,7.179999828338623,5.309999942779541,5.630000114440918,139500,5.630000114440918,0.0
LIXT,2023-06-21,5.380000114440918,5.409999847412109,5.019999980926514,5.070000171661377,20100,5.070000171661377,0.0
LIXT,2023-06-22,4.909999847412109,5.309999942779541,4.909999847412109,5.309999942779541,11500,5.309999942779541,0.0
LIXT,2023-06-23,5.230000019073486,5.230000019073486,5.179999828338623,5.179999828338623,800,5.179999828338623,0.0
LIXT,2023-06-26,5.070000171661377,5.329999923706055,5.070000171661377,5.199999809265137,5300,5.199999809265137,0.0
LIXT,2023-06-27,5.159999847412109,7.0,4.840000152587891,6.010000228881836,305400,6.010000228881836,0.0
LIXT,2023-06-28,5.710000038146973,6.139999866485596,5.429999828338623,5.679999828338623,29800,5.679999828338623,0.0
LIXT,2023-06-29,5.650000095367432,5.880000114440918,5.619999885559082,5.789999961853027,11400,5.789999961853027,0.0
LIXT,2023-06-30,5.699999809265137,6.309999942779541,5.309999942779541,5.880000114440918,14700,5.880000114440918,0.0
LIXT,2023-07-03,5.78000020980835,5.78000020980835,5.440000057220459,5.550000190734863,5000,5.550000190734863,0.0
LIXT,2023-07-05,5.510000228881836,5.510000228881836,5.380000114440918,5.429999828338623,4100,5.429999828338623,0.0
LIXT,2023-07-06,5.460000038146973,5.53000020980835,5.300000190734863,5.309999942779541,4700,5.309999942779541,0.0
LIXT,2023-07-07,5.309999942779541,5.440000057220459,5.059999942779541,5.090000152587891,10500,5.090000152587891,0.0
LIXT,2023-07-10,5.179999828338623,5.579999923706055,5.179999828338623,5.210000038146973,11400,5.210000038146973,0.0
LIXT,2023-07-11,5.150000095367432,6.199999809265137,5.119999885559082,5.449999809265137,166200,5.449999809265137,0.0
LIXT,2023-07-12,5.449999809265137,5.699999809265137,5.21999979019165,5.21999979019165,37900,5.21999979019165,0.0
LIXT,2023-07-13,5.289999961853027,5.5,5.289999961853027,5.489999771118164,7700,5.489999771118164,0.0
LIXT,2023-07-14,5.260000228881836,6.579999923706055,5.260000228881836,5.429999828338623,190600,5.429999828338623,0.0
LIXT,2023-07-17,6.300000190734863,9.5,5.320000171661377,7.53000020980835,4450000,7.53000020980835,0.0
LIXT,2023-07-18,5.409999847412109,6.150000095367432,5.0,5.159999847412109,429800,5.159999847412109,0.0
LIXT,2023-07-19,5.050000190734863,5.090000152587891,4.730000019073486,4.940000057220459,146700,4.940000057220459,0.0
LIXT,2023-07-20,4.940000057220459,4.940000057220459,4.440000057220459,4.559999942779541,82800,4.559999942779541,0.0
LIXT,2023-07-21,4.489999771118164,4.710000038146973,4.050000190734863,4.199999809265137,81900,4.199999809265137,0.0
LIXT,2023-07-24,4.269999980926514,4.389999866485596,3.9000000953674316,4.059999942779541,56700,4.059999942779541,0.0
LIXT,2023-07-25,3.9700000286102295,4.159999847412109,3.819999933242798,3.9100000858306885,42700,3.9100000858306885,0.0
LIXT,2023-07-26,3.8499999046325684,4.090000152587891,3.5,3.869999885559082,266300,3.869999885559082,0.0
LIXT,2023-07-27,4.5,4.730000019073486,3.609999895095825,3.680000066757202,530800,3.680000066757202,0.0
LIXT,2023-07-28,3.640000104904175,3.640000104904175,3.2300000190734863,3.4600000381469727,117300,3.4600000381469727,0.0
LIXT,2023-07-31,3.4800000190734863,3.609999895095825,3.369999885559082,3.5199999809265137,50300,3.5199999809265137,0.0
LIXT,2023-08-01,3.430000066757202,3.809999942779541,3.299999952316284,3.440000057220459,137300,3.440000057220459,0.0
LIXT,2023-08-02,3.3399999141693115,3.450000047683716,3.200000047683716,3.2300000190734863,61400,3.2300000190734863,0.0
LIXT,2023-08-03,3.240000009536743,3.4200000762939453,3.1700000762939453,3.2200000286102295,76700,3.2200000286102295,0.0
LIXT,2023-08-04,3.180000066757202,3.5,3.109999895095825,3.200000047683716,102500,3.200000047683716,0.0
LIXT,2023-08-07,3.119999885559082,3.2899999618530273,2.9000000953674316,3.059999942779541,105200,3.059999942779541,0.0
LIXT,2023-08-08,3.0999999046325684,3.1500000953674316,2.799999952316284,2.9000000953674316,100600,2.9000000953674316,0.0
LIXT,2023-08-09,2.9700000286102295,2.9700000286102295,2.5399999618530273,2.619999885559082,76800,2.619999885559082,0.0
LIXT,2023-08-10,2.619999885559082,2.6500000953674316,2.25,2.3399999141693115,225400,2.3399999141693115,0.0
LIXT,2023-08-11,2.4100000858306885,2.5299999713897705,2.3499999046325684,2.5199999809265137,69000,2.5199999809265137,0.0
LIXT,2023-08-14,2.440000057220459,2.5999999046325684,2.440000057220459,2.549999952316284,28700,2.549999952316284,0.0
LIXT,2023-08-15,2.5999999046325684,2.5999999046325684,2.4200000762939453,2.5,26200,2.5,0.0
LIXT,2023-08-16,2.430000066757202,2.509999990463257,2.369999885559082,2.430000066757202,17300,2.430000066757202,0.0
LIXT,2023-08-17,2.440000057220459,2.509999990463257,2.4200000762939453,2.509999990463257,14100,2.509999990463257,0.0
LIXT,2023-08-18,2.4600000381469727,2.549999952316284,2.450000047683716,2.4700000286102295,17800,2.4700000286102295,0.0
LIXT,2023-08-21,2.450000047683716,2.549999952316284,2.450000047683716,2.5199999809265137,12100,2.5199999809265137,0.0
LIXT,2023-08-22,2.549999952316284,2.549999952316284,2.4100000858306885,2.4200000762939453,19200,2.4200000762939453,0.0
LIXT,2023-08-23,2.440000057220459,2.450000047683716,2.359999895095825,2.430000066757202,13800,2.430000066757202,0.0
LIXT,2023-08-24,2.440000057220459,2.440000057220459,2.259999990463257,2.299999952316284,26100,2.299999952316284,0.0
LIXT,2023-08-25,2.299999952316284,2.3499999046325684,2.25,2.3399999141693115,10400,2.3399999141693115,0.0
LIXT,2023-08-28,2.3499999046325684,2.4000000953674316,2.3299999237060547,2.3499999046325684,11600,2.3499999046325684,0.0
LIXT,2023-08-29,2.369999885559082,2.4600000381469727,2.3399999141693115,2.430000066757202,14900,2.430000066757202,0.0
LIXT,2023-08-30,2.3499999046325684,2.450000047683716,2.3499999046325684,2.450000047683716,7000,2.450000047683716,0.0
LIXT,2023-08-31,2.450000047683716,2.630000114440918,2.4100000858306885,2.509999990463257,27700,2.509999990463257,0.0
LIXT,2023-09-01,2.490000009536743,2.740000009536743,2.4600000381469727,2.509999990463257,44800,2.509999990463257,0.0
LIXT,2023-09-05,2.5299999713897705,2.5299999713897705,2.4200000762939453,2.4200000762939453,15400,2.4200000762939453,0.0
LIXT,2023-09-06,2.4800000190734863,2.4800000190734863,2.309999942779541,2.390000104904175,30300,2.390000104904175,0.0
LIXT,2023-09-07,2.4100000858306885,2.4100000858306885,2.369999885559082,2.390000104904175,3700,2.390000104904175,0.0
LIXT,2023-09-08,2.3499999046325684,2.4000000953674316,2.2200000286102295,2.240000009536743,16800,2.240000009536743,0.0
LIXT,2023-09-11,2.2100000381469727,2.25,2.0299999713897705,2.0899999141693115,34400,2.0899999141693115,0.0
LIXT,2023-09-12,2.109999895095825,2.1500000953674316,2.0999999046325684,2.1500000953674316,3800,2.1500000953674316,0.0
LIXT,2023-09-13,2.109999895095825,2.200000047683716,2.109999895095825,2.200000047683716,22800,2.200000047683716,0.0
LIXT,2023-09-14,2.2300000190734863,2.3299999237060547,2.180000066757202,2.25,25200,2.25,0.0
LIXT,2023-09-15,2.200000047683716,2.2300000190734863,2.119999885559082,2.119999885559082,21700,2.119999885559082,0.0
LIXT,2023-09-18,2.1500000953674316,2.1500000953674316,1.75,1.8700000047683716,49700,1.8700000047683716,0.0
LIXT,2023-09-19,1.9299999475479126,1.9299999475479126,1.5800000429153442,1.75,48200,1.75,0.0
LIXT,2023-09-20,2.0799999237060547,2.25,1.809999942779541,1.9500000476837158,198100,1.9500000476837158,0.0
LIXT,2023-09-21,1.8300000429153442,1.9500000476837158,1.7799999713897705,1.7899999618530273,25000,1.7899999618530273,0.0
LIXT,2023-09-22,1.7899999618530273,1.8700000047683716,1.7799999713897705,1.8600000143051147,5400,1.8600000143051147,0.0
LIXT,2023-09-25,1.940000057220459,1.9500000476837158,1.809999942779541,1.9500000476837158,16400,1.9500000476837158,0.0
LIXT,2023-09-26,1.8899999856948853,1.9800000190734863,1.8799999952316284,1.9500000476837158,7300,1.9500000476837158,0.0
LIXT,2023-09-27,1.9700000286102295,2.3399999141693115,1.940000057220459,2.190000057220459,31800,2.190000057220459,0.0
LIXT,2023-09-28,2.0,2.2200000286102295,2.0,2.0,18600,2.0,0.0
LIXT,2023-09-29,2.0299999713897705,2.490000009536743,2.0299999713897705,2.450000047683716,45200,2.450000047683716,0.0
LIXT,2023-10-02,2.359999895095825,2.5899999141693115,2.2100000381469727,2.4700000286102295,37300,2.4700000286102295,0.0
LIXT,2023-10-03,2.4200000762939453,2.740000009536743,2.390000104904175,2.740000009536743,43700,2.740000009536743,0.0
LIXT,2023-10-04,2.869999885559082,2.869999885559082,2.4100000858306885,2.4800000190734863,69900,2.4800000190734863,0.0
LIXT,2023-10-05,2.5199999809265137,2.5399999618530273,2.430000066757202,2.4600000381469727,10500,2.4600000381469727,0.0
LIXT,2023-10-06,2.4100000858306885,2.950000047683716,2.4100000858306885,2.75,46000,2.75,0.0
LIXT,2023-10-09,2.8399999141693115,2.9200000762939453,2.690000057220459,2.740000009536743,10700,2.740000009536743,0.0
LIXT,2023-10-10,2.7100000381469727,2.859999895095825,2.5299999713897705,2.680000066757202,12500,2.680000066757202,0.0
LIXT,2023-10-11,2.7899999618530273,2.799999952316284,2.619999885559082,2.759999990463257,27600,2.759999990463257,0.0
LIXT,2023-10-12,2.7699999809265137,2.8299999237060547,2.6500000953674316,2.6600000858306885,12600,2.6600000858306885,0.0
LIXT,2023-10-13,2.609999895095825,2.609999895095825,2.369999885559082,2.4000000953674316,20800,2.4000000953674316,0.0
LIXT,2023-10-16,2.440000057220459,2.680000066757202,2.4000000953674316,2.630000114440918,36300,2.630000114440918,0.0
LIXT,2023-10-17,2.880000114440918,2.9000000953674316,2.569999933242798,2.6600000858306885,15100,2.6600000858306885,0.0
LIXT,2023-10-18,2.7899999618530273,2.819999933242798,2.4800000190734863,2.4800000190734863,9900,2.4800000190734863,0.0
LIXT,2023-10-19,2.759999990463257,2.759999990463257,2.390000104904175,2.4600000381469727,4900,2.4600000381469727,0.0
LIXT,2023-10-20,2.3499999046325684,2.609999895095825,2.299999952316284,2.369999885559082,8500,2.369999885559082,0.0
LIXT,2023-10-23,2.2899999618530273,2.3499999046325684,2.130000114440918,2.140000104904175,4300,2.140000104904175,0.0
LIXT,2023-10-24,2.059999942779541,2.2100000381469727,2.049999952316284,2.0899999141693115,3500,2.0899999141693115,0.0
LIXT,2023-10-25,1.9299999475479126,2.1600000858306885,1.9299999475479126,2.059999942779541,15500,2.059999942779541,0.0
LIXT,2023-10-26,2.1600000858306885,2.5899999141693115,2.109999895095825,2.4100000858306885,35600,2.4100000858306885,0.0
LIXT,2023-10-27,2.440000057220459,2.5199999809265137,2.3399999141693115,2.430000066757202,5500,2.430000066757202,0.0
LIXT,2023-10-30,2.5299999713897705,2.6700000762939453,2.450000047683716,2.4800000190734863,7300,2.4800000190734863,0.0
LIXT,2023-10-31,2.5799999237060547,2.5799999237060547,2.4000000953674316,2.4700000286102295,3600,2.4700000286102295,0.0
LIXT,2023-11-01,2.5899999141693115,2.8499999046325684,2.5299999713897705,2.7100000381469727,8900,2.7100000381469727,0.0
LIXT,2023-11-02,2.7699999809265137,2.890000104904175,2.7100000381469727,2.7699999809265137,13800,2.7699999809265137,0.0
LIXT,2023-11-03,3.1500000953674316,3.200000047683716,2.8499999046325684,3.0,706800,3.0,0.0
LIXT,2023-11-06,3.200000047683716,3.4800000190734863,3.009999990463257,3.299999952316284,331400,3.299999952316284,0.0
LIXT,2023-11-07,3.200000047683716,3.25,2.9600000381469727,3.130000114440918,108500,3.130000114440918,0.0
LIXT,2023-11-08,2.990000009536743,3.0299999713897705,2.6600000858306885,2.799999952316284,67200,2.799999952316284,0.0
LIXT,2023-11-09,2.6600000858306885,2.890000104904175,2.6600000858306885,2.8299999237060547,43100,2.8299999237060547,0.0
LIXT,2023-11-10,2.8399999141693115,2.880000114440918,2.6600000858306885,2.75,30700,2.75,0.0
LIXT,2023-11-13,2.680000066757202,2.990000009536743,2.680000066757202,2.819999933242798,66200,2.819999933242798,0.0
LIXT,2023-11-14,2.8299999237060547,3.0,2.7200000286102295,2.9700000286102295,22300,2.9700000286102295,0.0
LIXT,2023-11-15,2.8399999141693115,3.0199999809265137,2.8399999141693115,2.9000000953674316,35000,2.9000000953674316,0.0
LIXT,2023-11-16,2.8299999237060547,3.049999952316284,2.799999952316284,3.0,15200,3.0,0.0
LIXT,2023-11-17,2.930000066757202,3.069999933242798,2.9100000858306885,3.0,24500,3.0,0.0
LIXT,2023-11-20,2.9700000286102295,3.2200000286102295,2.950000047683716,2.9600000381469727,25200,2.9600000381469727,0.0
LIXT,2023-11-21,2.950000047683716,3.0799999237060547,2.740000009536743,2.859999895095825,18400,2.859999895095825,0.0
LIXT,2023-11-22,2.869999885559082,3.0299999713897705,2.869999885559082,2.9800000190734863,15900,2.9800000190734863,0.0
LIXT,2023-11-24,2.9600000381469727,3.1500000953674316,2.950000047683716,2.9600000381469727,7600,2.9600000381469727,0.0
LIXT,2023-11-27,3.0,4.420000076293945,2.950000047683716,3.0999999046325684,793600,3.0999999046325684,0.0
LIXT,2023-11-28,3.0399999618530273,3.0999999046325684,2.8299999237060547,2.950000047683716,27800,2.950000047683716,0.0
LIXT,2023-11-29,2.990000009536743,2.990000009536743,2.5199999809265137,2.609999895095825,44000,2.609999895095825,0.0
LIXT,2023-11-30,2.559999942779541,2.6500000953674316,2.319999933242798,2.3299999237060547,15100,2.3299999237060547,0.0
LIXT,2023-12-01,2.4800000190734863,2.4800000190734863,2.319999933242798,2.4100000858306885,8600,2.4100000858306885,0.0
LIXT,2023-12-04,2.509999990463257,2.5999999046325684,2.4000000953674316,2.4000000953674316,5100,2.4000000953674316,0.0
LIXT,2023-12-05,2.430000066757202,2.430000066757202,2.3499999046325684,2.369999885559082,4200,2.369999885559082,0.0
LIXT,2023-12-06,2.3399999141693115,2.369999885559082,2.2300000190734863,2.240000009536743,14200,2.240000009536743,0.0
LIXT,2023-12-07,2.3299999237060547,2.3299999237060547,2.119999885559082,2.1700000762939453,6300,2.1700000762939453,0.0
LIXT,2023-12-08,2.1500000953674316,2.240000009536743,2.049999952316284,2.0999999046325684,5600,2.0999999046325684,0.0
LIXT,2023-12-11,2.049999952316284,2.059999942779541,1.899999976158142,1.9199999570846558,19000,1.9199999570846558,0.0
LIXT,2023-12-12,1.9299999475479126,2.1700000762939453,1.9299999475479126,2.0899999141693115,4800,2.0899999141693115,0.0
LIXT,2023-12-13,2.109999895095825,2.109999895095825,2.009999990463257,2.009999990463257,4500,2.009999990463257,0.0
LIXT,2023-12-14,2.049999952316284,2.1600000858306885,1.9500000476837158,2.1500000953674316,9800,2.1500000953674316,0.0
LIXT,2023-12-15,2.1600000858306885,2.190000057220459,2.049999952316284,2.109999895095825,3800,2.109999895095825,0.0
LIXT,2023-12-18,2.0299999713897705,2.1500000953674316,2.0299999713897705,2.1500000953674316,2700,2.1500000953674316,0.0
LIXT,2023-12-19,2.180000066757202,2.2300000190734863,2.180000066757202,2.190000057220459,7200,2.190000057220459,0.0
LIXT,2023-12-20,2.0899999141693115,2.2200000286102295,2.0899999141693115,2.0999999046325684,5400,2.0999999046325684,0.0
LIXT,2023-12-21,2.0399999618530273,2.2300000190734863,2.0399999618530273,2.2200000286102295,7800,2.2200000286102295,0.0
LIXT,2023-12-22,2.049999952316284,2.450000047683716,2.049999952316284,2.2300000190734863,13100,2.2300000190734863,0.0
LIXT,2023-12-26,2.319999933242798,2.319999933242798,2.0999999046325684,2.2100000381469727,5600,2.2100000381469727,0.0
LIXT,2023-12-27,2.309999942779541,2.3399999141693115,2.180000066757202,2.2699999809265137,10100,2.2699999809265137,0.0
LIXT,2023-12-28,2.240000009536743,2.390000104904175,2.240000009536743,2.3499999046325684,9300,2.3499999046325684,0.0
LIXT,2023-12-29,2.2899999618530273,2.380000114440918,2.2699999809265137,2.3499999046325684,5000,2.3499999046325684,0.0
LIXT,2024-01-02,2.4200000762939453,2.4200000762939453,2.2699999809265137,2.2899999618530273,2600,2.2899999618530273,0.0
LIXT,2024-01-03,2.309999942779541,2.309999942779541,2.140000104904175,2.259999990463257,8600,2.259999990463257,0.0
LIXT,2024-01-04,2.309999942779541,2.309999942779541,2.119999885559082,2.2899999618530273,3200,2.2899999618530273,0.0
LIXT,2024-01-05,2.1700000762939453,2.2699999809265137,2.0999999046325684,2.25,7300,2.25,0.0
LIXT,2024-01-08,2.200000047683716,2.2100000381469727,2.200000047683716,2.2100000381469727,1300,2.2100000381469727,0.0
LIXT,2024-01-09,2.25,2.25,2.180000066757202,2.2200000286102295,8500,2.2200000286102295,0.0
LIXT,2024-01-10,2.1700000762939453,2.1700000762939453,2.0799999237060547,2.0799999237060547,6900,2.0799999237060547,0.0
LIXT,2024-01-11,2.0999999046325684,2.2300000190734863,2.0199999809265137,2.059999942779541,8000,2.059999942779541,0.0
LIXT,2024-01-12,2.059999942779541,2.059999942779541,1.940000057220459,1.940000057220459,2100,1.940000057220459,0.0
LIXT,2024-01-16,1.899999976158142,1.9600000381469727,1.7999999523162842,1.7999999523162842,16200,1.7999999523162842,0.0
LIXT,2024-01-17,1.9800000190734863,1.9800000190734863,1.7400000095367432,1.7799999713897705,10400,1.7799999713897705,0.0
LIXT,2024-01-18,1.8300000429153442,1.8300000429153442,1.7300000190734863,1.7300000190734863,2600,1.7300000190734863,0.0
LIXT,2024-01-19,1.75,2.240000009536743,1.690000057220459,2.1500000953674316,50000,2.1500000953674316,0.0
LIXT,2024-01-22,2.200000047683716,2.3499999046325684,2.049999952316284,2.140000104904175,20700,2.140000104904175,0.0
LIXT,2024-01-23,2.140000104904175,2.1500000953674316,2.109999895095825,2.1500000953674316,3800,2.1500000953674316,0.0
LIXT,2024-01-24,2.1600000858306885,2.240000009536743,1.8600000143051147,1.8600000143051147,38300,1.8600000143051147,0.0
LIXT,2024-01-25,1.8700000047683716,2.140000104904175,1.8700000047683716,2.069999933242798,6600,2.069999933242798,0.0
LIXT,2024-01-26,2.130000114440918,2.1700000762939453,1.909999966621399,1.9900000095367432,21500,1.9900000095367432,0.0
LIXT,2024-01-29,2.3299999237060547,2.430000066757202,2.069999933242798,2.1500000953674316,38400,2.1500000953674316,0.0
LIXT,2024-01-30,2.1600000858306885,2.200000047683716,2.0899999141693115,2.119999885559082,3600,2.119999885559082,0.0
LIXT,2024-01-31,2.0899999141693115,2.0999999046325684,2.0,2.0999999046325684,5100,2.0999999046325684,0.0
LIXT,2024-02-01,2.109999895095825,2.1500000953674316,1.9500000476837158,2.119999885559082,12700,2.119999885559082,0.0
LIXT,2024-02-02,2.109999895095825,2.119999885559082,2.049999952316284,2.049999952316284,4500,2.049999952316284,0.0
LIXT,2024-02-05,2.119999885559082,2.2200000286102295,2.0199999809265137,2.0199999809265137,6900,2.0199999809265137,0.0
LIXT,2024-02-06,2.0799999237060547,2.1700000762939453,2.0799999237060547,2.0899999141693115,1500,2.0899999141693115,0.0
LIXT,2024-02-07,2.1600000858306885,2.1700000762939453,2.059999942779541,2.109999895095825,3100,2.109999895095825,0.0
LIXT,2024-02-08,2.180000066757202,2.180000066757202,2.0,2.059999942779541,13200,2.059999942779541,0.0
LIXT,2024-02-09,2.109999895095825,2.4000000953674316,2.109999895095825,2.309999942779541,25400,2.309999942779541,0.0
LIXT,2024-02-12,2.4100000858306885,2.7799999713897705,2.4100000858306885,2.5999999046325684,26400,2.5999999046325684,0.0
LIXT,2024-02-13,2.549999952316284,2.7300000190734863,2.3499999046325684,2.7300000190734863,6100,2.7300000190734863,0.0
LIXT,2024-02-14,2.819999933242798,2.8399999141693115,2.6600000858306885,2.6700000762939453,10300,2.6700000762939453,0.0
LIXT,2024-02-15,2.7899999618530273,2.7899999618530273,2.7200000286102295,2.7200000286102295,6500,2.7200000286102295,0.0
LIXT,2024-02-16,2.819999933242798,2.819999933242798,2.319999933242798,2.7899999618530273,23700,2.7899999618530273,0.0
LIXT,2024-02-20,2.759999990463257,2.7699999809265137,2.630000114440918,2.680000066757202,5300,2.680000066757202,0.0
LIXT,2024-02-21,2.690000057220459,2.75,2.319999933242798,2.319999933242798,14400,2.319999933242798,0.0
LIXT,2024-02-22,2.3499999046325684,2.369999885559082,2.3499999046325684,2.369999885559082,5100,2.369999885559082,0.0
LIXT,2024-02-23,2.369999885559082,2.380000114440918,2.2200000286102295,2.2200000286102295,4900,2.2200000286102295,0.0
LIXT,2024-02-26,2.130000114440918,2.450000047683716,1.899999976158142,2.2100000381469727,1571700,2.2100000381469727,0.0
LIXT,2024-02-27,2.2799999713897705,2.819999933242798,2.200000047683716,2.6700000762939453,116000,2.6700000762939453,0.0
LIXT,2024-02-28,2.549999952316284,2.740000009536743,2.3499999046325684,2.700000047683716,54900,2.700000047683716,0.0
LIXT,2024-02-29,2.7200000286102295,2.7200000286102295,2.509999990463257,2.5999999046325684,18600,2.5999999046325684,0.0
LIXT,2024-03-01,2.7200000286102295,2.7200000286102295,2.4200000762939453,2.4200000762939453,17200,2.4200000762939453,0.0
LIXT,2024-03-04,2.5,2.549999952316284,2.4600000381469727,2.4700000286102295,2700,2.4700000286102295,0.0
LIXT,2024-03-05,2.5,2.5299999713897705,2.390000104904175,2.4600000381469727,6300,2.4600000381469727,0.0
LIXT,2024-03-06,2.4600000381469727,2.490000009536743,2.4000000953674316,2.4200000762939453,1100,2.4200000762939453,0.0
LIXT,2024-03-07,2.450000047683716,2.549999952316284,2.4000000953674316,2.5399999618530273,14100,2.5399999618530273,0.0
LIXT,2024-03-08,2.5399999618530273,2.5999999046325684,2.430000066757202,2.430000066757202,6800,2.430000066757202,0.0
LIXT,2024-03-11,2.4100000858306885,2.509999990463257,2.25,2.509999990463257,17100,2.509999990463257,0.0
LIXT,2024-03-12,2.369999885559082,2.609999895095825,2.240000009536743,2.359999895095825,52800,2.359999895095825,0.0
LIXT,2024-03-13,2.4700000286102295,2.5299999713897705,2.380000114440918,2.380000114440918,2700,2.380000114440918,0.0
LIXT,2024-03-14,2.430000066757202,2.430000066757202,2.25,2.2699999809265137,5400,2.2699999809265137,0.0
LIXT,2024-03-15,2.3299999237060547,2.569999933242798,2.299999952316284,2.309999942779541,3400,2.309999942779541,0.0
LIXT,2024-03-18,2.4200000762939453,2.450000047683716,2.299999952316284,2.450000047683716,2900,2.450000047683716,0.0
LIXT,2024-03-19,2.390000104904175,2.390000104904175,2.299999952316284,2.299999952316284,1500,2.299999952316284,0.0
LIXT,2024-03-20,2.259999990463257,2.309999942779541,2.240000009536743,2.309999942779541,2000,2.309999942779541,0.0
LIXT,2024-03-21,2.259999990463257,2.309999942779541,2.1600000858306885,2.309999942779541,6100,2.309999942779541,0.0
LIXT,2024-03-22,2.2899999618530273,2.2899999618530273,2.200000047683716,2.200000047683716,1600,2.200000047683716,0.0
LIXT,2024-03-25,2.259999990463257,2.259999990463257,2.259999990463257,2.259999990463257,700,2.259999990463257,0.0
LIXT,2024-03-26,2.259999990463257,2.259999990463257,2.259999990463257,2.259999990463257,400,2.259999990463257,0.0
LIXT,2024-03-27,3.990000009536743,4.400000095367432,3.049999952316284,3.5199999809265137,30986300,3.5199999809265137,0.0
LIXT,2024-03-28,3.509999990463257,3.7899999618530273,3.1500000953674316,3.380000114440918,881300,3.380000114440918,0.0
LIXT,2024-04-01,3.2699999809265137,3.5999999046325684,2.9000000953674316,3.569999933242798,332500,3.569999933242798,0.0
LIXT,2024-04-02,3.5,3.869999885559082,3.0,3.700000047683716,292000,3.700000047683716,0.0
LIXT,2024-04-03,3.4000000953674316,3.799999952316284,3.0999999046325684,3.0999999046325684,126200,3.0999999046325684,0.0
LIXT,2024-04-04,3.1500000953674316,3.569999933242798,3.1500000953674316,3.4200000762939453,56800,3.4200000762939453,0.0
LIXT,2024-04-05,3.2100000381469727,3.4600000381469727,3.180000066757202,3.200000047683716,54800,3.200000047683716,0.0
LIXT,2024-04-08,3.3499999046325684,3.740000009536743,3.119999885559082,3.309999942779541,236000,3.309999942779541,0.0
LIXT,2024-04-09,3.3399999141693115,3.6500000953674316,3.1700000762939453,3.309999942779541,136900,3.309999942779541,0.0
LIXT,2024-04-10,3.309999942779541,3.5,3.2899999618530273,3.359999895095825,60000,3.359999895095825,0.0
LIXT,2024-04-11,3.4600000381469727,3.509999990463257,3.3299999237060547,3.380000114440918,17500,3.380000114440918,0.0
LIXT,2024-04-12,3.4100000858306885,3.5,3.299999952316284,3.4800000190734863,17400,3.4800000190734863,0.0
LIXT,2024-04-15,3.4200000762939453,3.4800000190734863,3.2799999713897705,3.299999952316284,18900,3.299999952316284,0.0
LIXT,2024-04-16,3.3499999046325684,3.5299999713897705,3.3499999046325684,3.5,22100,3.5,0.0
LIXT,2024-04-17,3.4700000286102295,3.5,3.25,3.3299999237060547,12500,3.3299999237060547,0.0
LIXT,2024-04-18,3.4800000190734863,3.4800000190734863,3.3499999046325684,3.3499999046325684,18300,3.3499999046325684,0.0
LIXT,2024-04-19,3.4600000381469727,3.5399999618530273,3.3299999237060547,3.4700000286102295,11000,3.4700000286102295,0.0
LIXT,2024-04-22,3.5399999618530273,3.5899999141693115,3.3499999046325684,3.3499999046325684,21800,3.3499999046325684,0.0
LIXT,2024-04-23,3.299999952316284,3.5399999618530273,3.109999895095825,3.2200000286102295,40500,3.2200000286102295,0.0
LIXT,2024-04-24,3.359999895095825,3.569999933242798,3.2100000381469727,3.2799999713897705,16100,3.2799999713897705,0.0
LIXT,2024-04-25,3.259999990463257,3.4000000953674316,3.0999999046325684,3.2200000286102295,14900,3.2200000286102295,0.0
LIXT,2024-04-26,3.3299999237060547,3.3299999237060547,3.190000057220459,3.259999990463257,4200,3.259999990463257,0.0
LIXT,2024-04-29,3.240000009536743,3.240000009536743,3.0999999046325684,3.140000104904175,6100,3.140000104904175,0.0
LIXT,2024-04-30,3.200000047683716,3.259999990463257,2.759999990463257,2.759999990463257,18700,2.759999990463257,0.0
LIXT,2024-05-01,2.890000104904175,2.9200000762939453,2.8499999046325684,2.880000114440918,7400,2.880000114440918,0.0
LIXT,2024-05-02,2.940000057220459,2.940000057220459,2.8399999141693115,2.880000114440918,8700,2.880000114440918,0.0
LIXT,2024-05-03,3.0,3.0,2.869999885559082,2.890000104904175,10200,2.890000104904175,0.0
LIXT,2024-05-06,2.930000066757202,3.049999952316284,2.930000066757202,2.9600000381469727,11900,2.9600000381469727,0.0
LIXT,2024-05-07,2.990000009536743,3.0399999618530273,2.7899999618530273,2.7899999618530273,6100,2.7899999618530273,0.0
LIXT,2024-05-08,2.809999942779541,2.9200000762939453,2.75,2.7699999809265137,6100,2.7699999809265137,0.0
LIXT,2024-05-09,2.740000009536743,2.75,2.630000114440918,2.7200000286102295,18700,2.7200000286102295,0.0
LIXT,2024-05-10,2.75,2.819999933242798,2.4800000190734863,2.559999942779541,13500,2.559999942779541,0.0
LIXT,2024-05-13,2.75,2.7799999713897705,2.6700000762939453,2.6700000762939453,3800,2.6700000762939453,0.0
LIXT,2024-05-14,2.890000104904175,2.890000104904175,2.619999885559082,2.640000104904175,12500,2.640000104904175,0.0
LIXT,2024-05-15,2.75,2.75,2.25,2.2899999618530273,63500,2.2899999618530273,0.0
LIXT,2024-05-16,2.4000000953674316,2.440000057220459,2.359999895095825,2.380000114440918,11100,2.380000114440918,0.0
LIXT,2024-05-17,2.609999895095825,2.609999895095825,2.359999895095825,2.4600000381469727,7500,2.4600000381469727,0.0
LIXT,2024-05-20,2.450000047683716,2.559999942779541,2.3499999046325684,2.3499999046325684,5400,2.3499999046325684,0.0
LIXT,2024-05-21,2.5999999046325684,2.609999895095825,2.450000047683716,2.490000009536743,4900,2.490000009536743,0.0
LIXT,2024-05-22,2.549999952316284,2.569999933242798,2.430000066757202,2.430000066757202,6000,2.430000066757202,0.0
LIXT,2024-05-23,2.430000066757202,2.509999990463257,2.359999895095825,2.390000104904175,2100,2.390000104904175,0.0
LIXT,2024-05-24,2.490000009536743,2.490000009536743,2.3499999046325684,2.430000066757202,1500,2.430000066757202,0.0
LIXT,2024-05-28,2.380000114440918,2.4700000286102295,2.309999942779541,2.309999942779541,1900,2.309999942779541,0.0
LIXT,2024-05-29,2.3499999046325684,2.359999895095825,2.25,2.2799999713897705,7800,2.2799999713897705,0.0
LIXT,2024-05-30,2.25,2.440000057220459,2.25,2.3299999237060547,1900,2.3299999237060547,0.0
LIXT,2024-05-31,2.4100000858306885,2.4100000858306885,2.259999990463257,2.3399999141693115,2700,2.3399999141693115,0.0
LIXT,2024-06-03,2.4200000762939453,2.740000009536743,2.299999952316284,2.490000009536743,71900,2.490000009536743,0.0
LIXT,2024-06-04,2.4800000190734863,2.5199999809265137,2.4200000762939453,2.5199999809265137,12000,2.5199999809265137,0.0
LIXT,2024-06-05,2.549999952316284,2.549999952316284,2.430000066757202,2.5299999713897705,7600,2.5299999713897705,0.0
LIXT,2024-06-06,2.559999942779541,2.680000066757202,2.369999885559082,2.559999942779541,329500,2.559999942779541,0.0
LIXT,2024-06-07,2.4200000762939453,2.509999990463257,2.109999895095825,2.109999895095825,35500,2.109999895095825,0.0
LIXT,2024-06-10,2.25,2.5999999046325684,2.049999952316284,2.4200000762939453,47300,2.4200000762939453,0.0
LIXT,2024-06-11,2.450000047683716,2.450000047683716,2.299999952316284,2.4200000762939453,7800,2.4200000762939453,0.0
LIXT,2024-06-12,2.509999990463257,2.6500000953674316,2.509999990463257,2.559999942779541,6000,2.559999942779541,0.0
LIXT,2024-06-13,2.609999895095825,2.609999895095825,2.5199999809265137,2.5199999809265137,3700,2.5199999809265137,0.0
LIXT,2024-06-14,2.5999999046325684,3.5,2.369999885559082,2.450000047683716,1148800,2.450000047683716,0.0
LIXT,2024-06-17,2.440000057220459,2.5899999141693115,2.390000104904175,2.4800000190734863,39000,2.4800000190734863,0.0
LIXT,2024-06-18,2.5299999713897705,2.619999885559082,2.4200000762939453,2.4700000286102295,11000,2.4700000286102295,0.0
LIXT,2024-06-20,2.490000009536743,2.5899999141693115,2.4200000762939453,2.490000009536743,5000,2.490000009536743,0.0
LIXT,2024-06-21,2.5,2.5399999618530273,2.490000009536743,2.5399999618530273,13100,2.5399999618530273,0.0
LIXT,2024-06-24,2.5,2.549999952316284,2.4700000286102295,2.5,6300,2.5,0.0
LIXT,2024-06-25,2.6700000762939453,2.690000057220459,2.5899999141693115,2.609999895095825,6600,2.609999895095825,0.0
LIXT,2024-06-26,2.690000057220459,2.690000057220459,2.3399999141693115,2.390000104904175,8500,2.390000104904175,0.0
LIXT,2024-06-27,2.380000114440918,2.4800000190734863,2.369999885559082,2.369999885559082,23200,2.369999885559082,0.0
LIXT,2024-06-28,2.430000066757202,2.440000057220459,2.3299999237060547,2.369999885559082,6100,2.369999885559082,0.0
LIXT,2024-07-01,2.4000000953674316,2.490000009536743,2.3299999237060547,2.390000104904175,4700,2.390000104904175,0.0
LIXT,2024-07-02,2.4000000953674316,2.4000000953674316,2.3499999046325684,2.3499999046325684,5500,2.3499999046325684,0.0
LIXT,2024-07-03,2.4000000953674316,2.4000000953674316,2.319999933242798,2.319999933242798,400,2.319999933242798,0.0
LIXT,2024-07-05,2.359999895095825,2.369999885559082,2.1600000858306885,2.200000047683716,15000,2.200000047683716,0.0
LIXT,2024-07-08,2.259999990463257,2.299999952316284,2.259999990463257,2.299999952316284,6700,2.299999952316284,0.0
LIXT,2024-07-09,2.309999942779541,2.3399999141693115,2.25,2.25,1500,2.25,0.0
LIXT,2024-07-10,2.3499999046325684,2.4000000953674316,2.259999990463257,2.259999990463257,4700,2.259999990463257,0.0
LIXT,2024-07-11,2.2699999809265137,2.4700000286102295,2.2699999809265137,2.369999885559082,1000,2.369999885559082,0.0
LIXT,2024-07-12,2.390000104904175,2.450000047683716,2.319999933242798,2.380000114440918,2300,2.380000114440918,0.0
LIXT,2024-07-15,2.380000114440918,2.4100000858306885,2.3399999141693115,2.4100000858306885,2300,2.4100000858306885,0.0
LIXT,2024-07-16,2.450000047683716,2.450000047683716,2.309999942779541,2.369999885559082,4000,2.369999885559082,0.0
LIXT,2024-07-17,2.4000000953674316,2.4000000953674316,2.2899999618530273,2.3499999046325684,6300,2.3499999046325684,0.0
LIXT,2024-07-18,2.7200000286102295,2.7200000286102295,2.4700000286102295,2.5299999713897705,39400,2.5299999713897705,0.0
LIXT,2024-07-19,2.490000009536743,2.5299999713897705,2.390000104904175,2.390000104904175,6400,2.390000104904175,0.0
LIXT,2024-07-22,2.380000114440918,2.380000114440918,2.309999942779541,2.309999942779541,600,2.309999942779541,0.0
LIXT,2024-07-23,2.319999933242798,2.5799999237060547,2.319999933242798,2.3399999141693115,9900,2.3399999141693115,0.0
LIXT,2024-07-24,2.5299999713897705,2.5299999713897705,2.390000104904175,2.390000104904175,2400,2.390000104904175,0.0
LIXT,2024-07-25,2.4000000953674316,2.4000000953674316,2.4000000953674316,2.4000000953674316,500,2.4000000953674316,0.0
LIXT,2024-07-26,2.3299999237060547,2.450000047683716,2.2799999713897705,2.319999933242798,9100,2.319999933242798,0.0
LIXT,2024-07-29,2.369999885559082,2.369999885559082,2.1700000762939453,2.190000057220459,6500,2.190000057220459,0.0
LIXT,2024-07-30,2.3399999141693115,2.3399999141693115,2.1500000953674316,2.200000047683716,2200,2.200000047683716,0.0
LIXT,2024-07-31,2.200000047683716,2.25,2.1600000858306885,2.1600000858306885,2700,2.1600000858306885,0.0
LIXT,2024-08-01,2.2100000381469727,2.25,2.2100000381469727,2.2200000286102295,1700,2.2200000286102295,0.0
LIXT,2024-08-02,2.25,2.4000000953674316,2.200000047683716,2.2300000190734863,4600,2.2300000190734863,0.0
LIXT,2024-08-05,2.2100000381469727,2.2699999809265137,2.180000066757202,2.180000066757202,4500,2.180000066757202,0.0
LIXT,2024-08-06,2.190000057220459,2.190000057220459,2.190000057220459,2.190000057220459,1200,2.190000057220459,0.0
LIXT,2024-08-07,2.2100000381469727,2.2100000381469727,2.059999942779541,2.059999942779541,4500,2.059999942779541,0.0
LIXT,2024-08-08,2.1600000858306885,2.1600000858306885,2.1600000858306885,2.1600000858306885,600,2.1600000858306885,0.0
LIXT,2024-08-09,2.1700000762939453,2.180000066757202,2.1600000858306885,2.180000066757202,900,2.180000066757202,0.0
LIXT,2024-08-12,2.2100000381469727,2.2100000381469727,2.119999885559082,2.119999885559082,3300,2.119999885559082,0.0
LIXT,2024-08-13,2.0999999046325684,2.0999999046325684,2.0999999046325684,2.0999999046325684,1000,2.0999999046325684,0.0
LIXT,2024-08-14,2.0999999046325684,2.0999999046325684,2.0999999046325684,2.0999999046325684,300,2.0999999046325684,0.0
LIXT,2024-08-15,2.0799999237060547,2.0799999237060547,1.9800000190734863,2.0299999713897705,9800,2.0299999713897705,0.0
LIXT,2024-08-16,2.0,2.0399999618530273,1.9500000476837158,2.0,5000,2.0,0.0
LIXT,2024-08-19,2.190000057220459,2.3299999237060547,2.009999990463257,2.009999990463257,10400,2.009999990463257,0.0
LIXT,2024-08-20,2.049999952316284,2.0799999237060547,2.0199999809265137,2.0199999809265137,3000,2.0199999809265137,0.0
LIXT,2024-08-21,2.0199999809265137,2.0899999141693115,1.690000057220459,1.8300000429153442,51900,1.8300000429153442,0.0
LIXT,2024-08-22,1.8700000047683716,1.8700000047683716,1.75,1.7999999523162842,13600,1.7999999523162842,0.0
LIXT,2024-08-23,1.7999999523162842,1.7999999523162842,1.7899999618530273,1.7999999523162842,6100,1.7999999523162842,0.0
LIXT,2024-08-26,1.899999976158142,2.0999999046325684,1.590000033378601,2.0,1446900,2.0,0.0
LIXT,2024-08-27,1.5499999523162842,1.9199999570846558,1.5499999523162842,1.8799999952316284,54900,1.8799999952316284,0.0
LIXT,2024-08-28,1.8300000429153442,1.8600000143051147,1.6100000143051147,1.649999976158142,41000,1.649999976158142,0.0
LIXT,2024-08-29,1.7000000476837158,1.809999942779541,1.6399999856948853,1.7999999523162842,6000,1.7999999523162842,0.0
LIXT,2024-08-30,1.8300000429153442,1.840000033378601,1.7799999713897705,1.7799999713897705,8200,1.7799999713897705,0.0
LIXT,2024-09-03,1.8600000143051147,1.8600000143051147,1.7999999523162842,1.8300000429153442,15600,1.8300000429153442,0.0
LIXT,2024-09-04,1.75,1.9900000095367432,1.6699999570846558,1.9199999570846558,1188600,1.9199999570846558,0.0
LIXT,2024-09-05,1.8799999952316284,2.069999933242798,1.8200000524520874,2.049999952316284,108500,2.049999952316284,0.0
LIXT,2024-09-06,2.049999952316284,2.049999952316284,1.8799999952316284,1.9500000476837158,37500,1.9500000476837158,0.0
LIXT,2024-09-09,1.940000057220459,1.9500000476837158,1.899999976158142,1.940000057220459,9000,1.940000057220459,0.0
LIXT,2024-09-10,1.9500000476837158,1.9500000476837158,1.8799999952316284,1.9199999570846558,2700,1.9199999570846558,0.0
LIXT,2024-09-11,1.9600000381469727,2.009999990463257,1.9199999570846558,1.9299999475479126,10100,1.9299999475479126,0.0
LIXT,2024-09-12,1.940000057220459,2.0,1.940000057220459,2.0,3600,2.0,0.0
LIXT,2024-09-13,1.9600000381469727,2.0299999713897705,1.9600000381469727,1.9900000095367432,5000,1.9900000095367432,0.0
LIXT,2024-09-16,2.049999952316284,2.049999952316284,2.0,2.0399999618530273,2300,2.0399999618530273,0.0
LIXT,2024-09-17,1.9700000286102295,2.1600000858306885,1.9700000286102295,2.140000104904175,23300,2.140000104904175,0.0
LIXT,2024-09-18,2.1500000953674316,2.1500000953674316,1.9900000095367432,2.0,14800,2.0,0.0
LIXT,2024-09-19,1.9900000095367432,2.0899999141693115,1.7999999523162842,1.840000033378601,34700,1.840000033378601,0.0
LIXT,2024-09-20,1.8799999952316284,1.9199999570846558,1.840000033378601,1.8799999952316284,12100,1.8799999952316284,0.0
LIXT,2024-09-23,1.9600000381469727,2.0,1.840000033378601,1.840000033378601,3700,1.840000033378601,0.0
LIXT,2024-09-24,1.850000023841858,1.850000023841858,1.7999999523162842,1.809999942779541,4500,1.809999942779541,0.0
LIXT,2024-09-25,1.7899999618530273,1.8899999856948853,1.7899999618530273,1.8300000429153442,1900,1.8300000429153442,0.0
LIXT,2024-09-26,1.940000057220459,1.9800000190734863,1.8600000143051147,1.8600000143051147,6800,1.8600000143051147,0.0
LIXT,2024-09-27,1.8799999952316284,1.9700000286102295,1.8600000143051147,1.909999966621399,11200,1.909999966621399,0.0
LIXT,2024-09-30,1.9600000381469727,1.9600000381469727,1.8600000143051147,1.8700000047683716,4600,1.8700000047683716,0.0
LIXT,2024-10-01,1.9700000286102295,1.9700000286102295,1.850000023841858,1.8700000047683716,6900,1.8700000047683716,0.0
LIXT,2024-10-02,1.909999966621399,1.909999966621399,1.8300000429153442,1.8899999856948853,2300,1.8899999856948853,0.0
LIXT,2024-10-03,1.899999976158142,1.899999976158142,1.7899999618530273,1.7999999523162842,7800,1.7999999523162842,0.0
LIXT,2024-10-04,1.7699999809265137,1.9500000476837158,1.7699999809265137,1.850000023841858,4500,1.850000023841858,0.0
LIXT,2024-10-07,1.8899999856948853,1.8899999856948853,1.7899999618530273,1.8200000524520874,4400,1.8200000524520874,0.0
LIXT,2024-10-08,1.850000023841858,1.940000057220459,1.7000000476837158,1.7799999713897705,7600,1.7799999713897705,0.0
LIXT,2024-10-09,1.7799999713897705,1.840000033378601,1.7699999809265137,1.7799999713897705,4800,1.7799999713897705,0.0
LIXT,2024-10-10,1.7799999713897705,1.850000023841858,1.7799999713897705,1.8200000524520874,1700,1.8200000524520874,0.0
LIXT,2024-10-11,1.909999966621399,1.909999966621399,1.8600000143051147,1.8600000143051147,1700,1.8600000143051147,0.0
LIXT,2024-10-14,1.809999942779541,1.809999942779541,1.7200000286102295,1.7699999809265137,4900,1.7699999809265137,0.0
LIXT,2024-10-15,1.809999942779541,1.809999942779541,1.7599999904632568,1.7999999523162842,2000,1.7999999523162842,0.0
LIXT,2024-10-16,1.8799999952316284,1.8799999952316284,1.7599999904632568,1.7599999904632568,8500,1.7599999904632568,0.0
LIXT,2024-10-17,1.9199999570846558,1.9199999570846558,1.8799999952316284,1.899999976158142,2100,1.899999976158142,0.0
LIXT,2024-10-18,1.909999966621399,1.9600000381469727,1.8899999856948853,1.8899999856948853,2100,1.8899999856948853,0.0
LIXT,2024-10-21,1.8899999856948853,1.9600000381469727,1.840000033378601,1.9199999570846558,6800,1.9199999570846558,0.0
LIXT,2024-10-22,1.9199999570846558,2.130000114440918,1.9199999570846558,2.0,23400,2.0,0.0
LIXT,2024-10-23,1.9600000381469727,1.9600000381469727,1.8300000429153442,1.9199999570846558,9900,1.9199999570846558,0.0
LIXT,2024-10-24,1.8799999952316284,1.8799999952316284,1.600000023841858,1.600000023841858,44400,1.600000023841858,0.0
LIXT,2024-10-25,1.690000057220459,1.690000057220459,1.600000023841858,1.600000023841858,14400,1.600000023841858,0.0
LIXT,2024-10-28,1.600000023841858,1.600000023841858,1.309999942779541,1.309999942779541,692300,1.309999942779541,0.0
LIXT,2024-10-29,2.1600000858306885,2.390000104904175,1.75,2.0799999237060547,32930600,2.0799999237060547,0.0
LIXT,2024-10-30,2.0399999618530273,2.259999990463257,1.850000023841858,2.130000114440918,1177300,2.130000114440918,0.0
LIXT,2024-10-31,2.0799999237060547,2.2300000190734863,2.0799999237060547,2.109999895095825,280900,2.109999895095825,0.0
LIXT,2024-11-01,2.0899999141693115,2.240000009536743,1.9600000381469727,2.0199999809265137,122100,2.0199999809265137,0.0
LIXT,2024-11-04,1.899999976158142,2.059999942779541,1.7400000095367432,1.9500000476837158,90400,1.9500000476837158,0.0
LIXT,2024-11-05,1.7899999618530273,1.9800000190734863,1.75,1.8899999856948853,52800,1.8899999856948853,0.0
LIXT,2024-11-06,1.8899999856948853,1.8899999856948853,1.7400000095367432,1.809999942779541,48700,1.809999942779541,0.0
LIXT,2024-11-07,1.7400000095367432,1.7699999809265137,1.5499999523162842,1.600000023841858,89100,1.600000023841858,0.0
LIXT,2024-11-08,1.649999976158142,1.8700000047683716,1.649999976158142,1.690000057220459,38300,1.690000057220459,0.0
LIXT,2024-11-11,1.7599999904632568,1.7899999618530273,1.600000023841858,1.649999976158142,31100,1.649999976158142,0.0
LIXT,2024-11-12,1.590000033378601,1.7599999904632568,1.590000033378601,1.6799999475479126,54700,1.6799999475479126,0.0
LIXT,2024-11-13,1.649999976158142,1.7400000095367432,1.6399999856948853,1.6399999856948853,13800,1.6399999856948853,0.0
LIXT,2024-11-14,1.6399999856948853,1.6399999856948853,1.559999942779541,1.600000023841858,18700,1.600000023841858,0.0
LIXT,2024-11-15,1.590000033378601,1.7300000190734863,1.590000033378601,1.6200000047683716,15500,1.6200000047683716,0.0
LIXT,2024-11-18,1.659999966621399,1.659999966621399,1.5099999904632568,1.590000033378601,19100,1.590000033378601,0.0
LIXT,2024-11-19,1.590000033378601,1.590000033378601,1.4700000286102295,1.5299999713897705,14200,1.5299999713897705,0.0
LIXT,2024-11-20,1.600000023841858,1.6200000047683716,1.4700000286102295,1.4900000095367432,20000,1.4900000095367432,0.0
LIXT,2024-11-21,1.4800000190734863,1.600000023841858,1.4500000476837158,1.5199999809265137,27800,1.5199999809265137,0.0
LIXT,2024-11-22,1.590000033378601,1.7899999618530273,1.5700000524520874,1.6299999952316284,28300,1.6299999952316284,0.0
LIXT,2024-11-25,1.6299999952316284,2.190000057220459,1.6299999952316284,2.069999933242798,111800,2.069999933242798,0.0
LIXT,2024-11-26,2.0199999809265137,2.25,1.9800000190734863,2.059999942779541,29000,2.059999942779541,0.0
LIXT,2024-11-27,2.0399999618530273,2.2100000381469727,2.0399999618530273,2.1700000762939453,12800,2.1700000762939453,0.0
LIXT,2024-11-29,2.190000057220459,2.3499999046325684,2.109999895095825,2.2300000190734863,22000,2.2300000190734863,0.0
LIXT,2024-12-02,2.1700000762939453,2.2100000381469727,2.1500000953674316,2.1500000953674316,14700,2.1500000953674316,0.0
LIXT,2024-12-03,2.190000057220459,2.2100000381469727,2.059999942779541,2.059999942779541,12900,2.059999942779541,0.0
LIXT,2024-12-04,2.109999895095825,2.109999895095825,1.9900000095367432,2.0,5300,2.0,0.0
LIXT,2024-12-05,2.059999942779541,2.059999942779541,1.9600000381469727,1.9800000190734863,16700,1.9800000190734863,0.0
LIXT,2024-12-06,2.0299999713897705,2.1500000953674316,1.8700000047683716,1.9299999475479126,8700,1.9299999475479126,0.0
LIXT,2024-12-09,1.9500000476837158,2.109999895095825,1.909999966621399,1.9700000286102295,4400,1.9700000286102295,0.0
LIXT,2024-12-10,1.9800000190734863,2.0199999809265137,1.8200000524520874,1.840000033378601,11600,1.840000033378601,0.0
LIXT,2024-12-11,1.9199999570846558,1.9700000286102295,1.8600000143051147,1.9500000476837158,12600,1.9500000476837158,0.0
LIXT,2024-12-12,1.9700000286102295,1.9800000190734863,1.850000023841858,1.909999966621399,14000,1.909999966621399,0.0
LIXT,2024-12-13,1.9500000476837158,2.0,1.9500000476837158,1.9900000095367432,1300,1.9900000095367432,0.0
LIXT,2024-12-16,2.059999942779541,2.0999999046325684,1.9900000095367432,2.0999999046325684,5600,2.0999999046325684,0.0
LIXT,2024-12-17,2.059999942779541,2.6500000953674316,1.9900000095367432,2.380000114440918,250900,2.380000114440918,0.0
LIXT,2024-12-18,2.240000009536743,2.240000009536743,1.7999999523162842,1.909999966621399,58800,1.909999966621399,0.0
LIXT,2024-12-19,1.8899999856948853,1.940000057220459,1.7999999523162842,1.909999966621399,19400,1.909999966621399,0.0
LIXT,2024-12-20,1.9500000476837158,2.140000104904175,1.850000023841858,1.9800000190734863,7200,1.9800000190734863,0.0
LIXT,2024-12-23,2.0,2.140000104904175,2.0,2.0899999141693115,6600,2.0899999141693115,0.0
LIXT,2024-12-24,2.0999999046325684,2.0999999046325684,1.9500000476837158,2.0899999141693115,2800,2.0899999141693115,0.0
LIXT,2024-12-26,1.899999976158142,2.0199999809265137,1.899999976158142,1.9800000190734863,3200,1.9800000190734863,0.0
LIXT,2024-12-27,2.0,2.109999895095825,1.9199999570846558,2.0,5800,2.0,0.0
LIXT,2024-12-30,1.9500000476837158,2.009999990463257,1.909999966621399,2.0,5300,2.0,0.0
LIXT,2024-12-31,1.9199999570846558,2.3299999237060547,1.909999966621399,2.0299999713897705,38000,2.0299999713897705,0.0
LIXT,2025-01-02,2.0,2.490000009536743,1.9800000190734863,2.2200000286102295,23000,2.2200000286102295,0.0
LIXT,2025-01-03,2.3399999141693115,2.630000114440918,2.2300000190734863,2.3299999237060547,76600,2.3299999237060547,0.0
LIXT,2025-01-06,2.4700000286102295,2.5399999618530273,2.2799999713897705,2.4000000953674316,44600,2.4000000953674316,0.0
LIXT,2025-01-07,2.369999885559082,2.4100000858306885,2.319999933242798,2.4000000953674316,5300,2.4000000953674316,0.0
LIXT,2025-01-08,2.369999885559082,2.380000114440918,2.180000066757202,2.299999952316284,13800,2.299999952316284,0.0
LIXT,2025-01-10,2.3499999046325684,2.680000066757202,2.25,2.5899999141693115,26800,2.5899999141693115,0.0
LIXT,2025-01-13,2.5899999141693115,2.5899999141693115,2.4000000953674316,2.4100000858306885,20100,2.4100000858306885,0.0
LIXT,2025-01-14,2.450000047683716,2.5,2.4100000858306885,2.5,9600,2.5,0.0
LIXT,2025-01-15,2.4100000858306885,2.490000009536743,2.25,2.450000047683716,6600,2.450000047683716,0.0
LIXT,2025-01-16,2.4600000381469727,2.4600000381469727,2.4100000858306885,2.4100000858306885,2400,2.4100000858306885,0.0
LIXT,2025-01-17,2.3299999237060547,2.3299999237060547,2.3299999237060547,2.3299999237060547,900,2.3299999237060547,0.0
LIXT,2025-01-21,2.3299999237060547,2.380000114440918,2.2699999809265137,2.380000114440918,9800,2.380000114440918,0.0
LIXT,2025-01-22,2.4100000858306885,2.4100000858306885,2.3499999046325684,2.390000104904175,4700,2.390000104904175,0.0
LIXT,2025-01-23,2.509999990463257,2.509999990463257,2.4000000953674316,2.450000047683716,10800,2.450000047683716,0.0
LIXT,2025-01-24,2.369999885559082,2.450000047683716,2.309999942779541,2.4000000953674316,5400,2.4000000953674316,0.0
LIXT,2025-01-27,2.4600000381469727,2.4700000286102295,2.359999895095825,2.369999885559082,8000,2.369999885559082,0.0
LIXT,2025-01-28,2.4100000858306885,2.4600000381469727,2.3299999237060547,2.4600000381469727,6000,2.4600000381469727,0.0
LIXT,2025-01-29,2.4700000286102295,2.490000009536743,2.4600000381469727,2.4600000381469727,2100,2.4600000381469727,0.0
LIXT,2025-01-30,2.4800000190734863,2.4800000190734863,2.4200000762939453,2.4800000190734863,3800,2.4800000190734863,0.0
LIXT,2025-01-31,2.490000009536743,2.490000009536743,2.4700000286102295,2.4700000286102295,2800,2.4700000286102295,0.0
LIXT,2025-02-03,2.3399999141693115,2.7899999618530273,2.3399999141693115,2.740000009536743,84500,2.740000009536743,0.0
LIXT,2025-02-04,2.8499999046325684,3.0,2.759999990463257,2.880000114440918,35900,2.880000114440918,0.0
LIXT,2025-02-05,2.890000104904175,2.890000104904175,2.430000066757202,2.509999990463257,45200,2.509999990463257,0.0
LIXT,2025-02-06,2.6700000762939453,2.8399999141693115,2.640000104904175,2.799999952316284,4600,2.799999952316284,0.0
LIXT,2025-02-07,2.7899999618530273,2.8399999141693115,2.4600000381469727,2.4600000381469727,18400,2.4600000381469727,0.0
LIXT,2025-02-10,2.6700000762939453,2.6700000762939453,2.2799999713897705,2.2799999713897705,593000,2.2799999713897705,0.0
LIXT,2025-02-11,1.9199999570846558,1.9700000286102295,1.4700000286102295,1.9299999475479126,1794400,1.9299999475479126,0.0
LIXT,2025-02-12,1.6299999952316284,1.7799999713897705,1.6100000143051147,1.7000000476837158,70900,1.7000000476837158,0.0
LIXT,2025-02-13,1.6799999475479126,1.6799999475479126,1.3600000143051147,1.399999976158142,146300,1.399999976158142,0.0
LIXT,2025-02-14,1.409999966621399,1.4900000095367432,1.350000023841858,1.4500000476837158,93700,1.4500000476837158,0.0
LIXT,2025-02-18,1.4800000190734863,1.4900000095367432,1.399999976158142,1.4299999475479126,51300,1.4299999475479126,0.0
LIXT,2025-02-19,1.440000057220459,1.4500000476837158,1.409999966621399,1.409999966621399,30400,1.409999966621399,0.0
LIXT,2025-02-20,1.3700000047683716,1.3799999952316284,1.2699999809265137,1.3600000143051147,77800,1.3600000143051147,0.0
LIXT,2025-02-21,1.3899999856948853,1.3899999856948853,1.25,1.2699999809265137,46200,1.2699999809265137,0.0
LIXT,2025-02-24,1.25,1.3600000143051147,1.25,1.3200000524520874,32400,1.3200000524520874,0.0
LIXT,2025-02-25,1.440000057220459,1.5499999523162842,1.350000023841858,1.5199999809265137,33600,1.5199999809265137,0.0
LIXT,2025-02-26,1.4900000095367432,1.4900000095367432,1.350000023841858,1.3799999952316284,18300,1.3799999952316284,0.0
LIXT,2025-02-27,1.409999966621399,1.4700000286102295,1.3799999952316284,1.399999976158142,15600,1.399999976158142,0.0
LIXT,2025-02-28,1.3899999856948853,1.3899999856948853,1.2599999904632568,1.2999999523162842,38400,1.2999999523162842,0.0
LIXT,2025-03-03,1.3300000429153442,1.3300000429153442,1.2100000381469727,1.2100000381469727,33300,1.2100000381469727,0.0
LIXT,2025-03-04,1.2200000286102295,1.2200000286102295,1.159999966621399,1.2100000381469727,14500,1.2100000381469727,0.0
LIXT,2025-03-05,1.2200000286102295,1.2699999809265137,1.159999966621399,1.2000000476837158,20300,1.2000000476837158,0.0
LIXT,2025-03-06,1.2100000381469727,1.2300000190734863,1.1799999475479126,1.2100000381469727,9400,1.2100000381469727,0.0
LIXT,2025-03-07,1.190000057220459,1.2100000381469727,1.1699999570846558,1.2000000476837158,13200,1.2000000476837158,0.0
LIXT,2025-03-10,1.190000057220459,1.2200000286102295,1.159999966621399,1.1699999570846558,17100,1.1699999570846558,0.0
LIXT,2025-03-11,1.1799999475479126,1.1799999475479126,1.0800000429153442,1.090000033378601,17300,1.090000033378601,0.0
LIXT,2025-03-12,1.1100000143051147,1.1200000047683716,1.0199999809265137,1.1100000143051147,30800,1.1100000143051147,0.0
LIXT,2025-03-13,1.149999976158142,1.2699999809265137,1.149999976158142,1.2000000476837158,59900,1.2000000476837158,0.0
LIXT,2025-03-14,1.2000000476837158,1.2899999618530273,1.059999942779541,1.2100000381469727,26200,1.2100000381469727,0.0
LIXT,2025-03-17,1.2100000381469727,1.2400000095367432,1.2100000381469727,1.2200000286102295,12000,1.2200000286102295,0.0
LIXT,2025-03-18,1.190000057220459,1.2899999618530273,1.149999976158142,1.2000000476837158,10900,1.2000000476837158,0.0
LIXT,2025-03-19,1.2100000381469727,1.2799999713897705,1.2100000381469727,1.2200000286102295,4300,1.2200000286102295,0.0
LIXT,2025-03-20,1.2899999618530273,1.4299999475479126,1.2899999618530273,1.309999942779541,20900,1.309999942779541,0.0
LIXT,2025-03-21,1.309999942779541,1.3300000429153442,1.2699999809265137,1.2999999523162842,18000,1.2999999523162842,0.0
LIXT,2025-03-24,1.3700000047683716,1.4199999570846558,1.25,1.340000033378601,128500,1.340000033378601,0.0
LIXT,2025-03-25,1.2799999713897705,1.4299999475479126,1.25,1.350000023841858,188200,1.350000023841858,0.0
LIXT,2025-03-26,1.2799999713897705,1.340000033378601,1.2100000381469727,1.2200000286102295,32400,1.2200000286102295,0.0
LIXT,2025-03-27,1.2200000286102295,1.2599999904632568,1.2100000381469727,1.25,6700,1.25,0.0
LIXT,2025-03-28,1.2100000381469727,1.309999942779541,1.2100000381469727,1.2699999809265137,8700,1.2699999809265137,0.0
LIXT,2025-03-31,1.2400000095367432,1.2599999904632568,1.2100000381469727,1.2100000381469727,4600,1.2100000381469727,0.0
LIXT,2025-04-01,1.2000000476837158,1.2100000381469727,1.1799999475479126,1.2000000476837158,4100,1.2000000476837158,0.0
LIXT,2025-04-02,1.2100000381469727,1.2899999618530273,1.1699999570846558,1.2200000286102295,17000,1.2200000286102295,0.0
LIXT,2025-04-03,1.190000057220459,1.190000057220459,1.1699999570846558,1.190000057220459,3400,1.190000057220459,0.0
LIXT,2025-04-04,1.1799999475479126,1.2200000286102295,1.1699999570846558,1.2200000286102295,3200,1.2200000286102295,0.0
LIXT,2025-04-07,1.1699999570846558,1.190000057220459,1.100000023841858,1.100000023841858,4700,1.100000023841858,0.0
LIXT,2025-04-08,1.1299999952316284,1.3200000524520874,1.100000023841858,1.100000023841858,7600,1.100000023841858,0.0
LIXT,2025-04-09,1.1100000143051147,1.309999942779541,1.1100000143051147,1.190000057220459,6900,1.190000057220459,0.0
LIXT,2025-04-10,1.190000057220459,1.2400000095367432,1.1299999952316284,1.1299999952316284,8600,1.1299999952316284,0.0
LIXT,2025-04-11,1.149999976158142,1.25,1.149999976158142,1.2100000381469727,6200,1.2100000381469727,0.0
LIXT,2025-04-14,1.2599999904632568,1.2599999904632568,1.190000057220459,1.190000057220459,1100,1.190000057220459,0.0
LIXT,2025-04-15,1.2000000476837158,1.2999999523162842,1.159999966621399,1.2400000095367432,4500,1.2400000095367432,0.0
LIXT,2025-04-16,1.2400000095367432,1.2799999713897705,1.2200000286102295,1.2300000190734863,3800,1.2300000190734863,0.0
LIXT,2025-04-17,1.2200000286102295,1.2200000286102295,1.1299999952316284,1.1299999952316284,500,1.1299999952316284,0.0
LIXT,2025-04-21,1.1799999475479126,1.2400000095367432,1.1299999952316284,1.2400000095367432,6100,1.2400000095367432,0.0
LIXT,2025-04-22,1.1799999475479126,1.2300000190734863,1.100000023841858,1.1699999570846558,18700,1.1699999570846558,0.0
LIXT,2025-04-23,1.1699999570846558,1.350000023841858,1.1699999570846558,1.2999999523162842,32700,1.2999999523162842,0.0
LIXT,2025-04-24,1.2999999523162842,1.5,1.2200000286102295,1.2599999904632568,22200,1.2599999904632568,0.0
LIXT,2025-04-25,1.2599999904632568,1.309999942779541,1.2400000095367432,1.2799999713897705,1900,1.2799999713897705,0.0
LIXT,2025-04-28,1.309999942779541,1.3700000047683716,1.2799999713897705,1.3200000524520874,7000,1.3200000524520874,0.0
LIXT,2025-04-29,1.340000033378601,1.340000033378601,1.2799999713897705,1.2899999618530273,7800,1.2899999618530273,0.0
LIXT,2025-04-30,1.2799999713897705,1.2899999618530273,1.2400000095367432,1.2599999904632568,2600,1.2599999904632568,0.0
LIXT,2025-05-01,1.2599999904632568,1.3200000524520874,1.2599999904632568,1.2599999904632568,2200,1.2599999904632568,0.0
LIXT,2025-05-02,1.2599999904632568,1.2599999904632568,1.1399999856948853,1.25,9200,1.25,0.0
LIXT,2025-05-05,1.25,1.2799999713897705,1.25,1.2599999904632568,2500,1.2599999904632568,0.0
LIXT,2025-05-06,1.2899999618530273,1.309999942779541,1.149999976158142,1.1799999475479126,9100,1.1799999475479126,0.0
LIXT,2025-05-07,1.190000057220459,1.2799999713897705,1.149999976158142,1.1699999570846558,6400,1.1699999570846558,0.0
LIXT,2025-05-08,1.2100000381469727,1.2300000190734863,1.2100000381469727,1.2100000381469727,4200,1.2100000381469727,0.0
LIXT,2025-05-09,1.2300000190734863,1.2799999713897705,1.2100000381469727,1.2200000286102295,10900,1.2200000286102295,0.0
LIXT,2025-05-12,1.2799999713897705,1.2999999523162842,1.2799999713897705,1.2799999713897705,6300,1.2799999713897705,0.0
LIXT,2025-05-13,1.2699999809265137,1.6200000047683716,1.2699999809265137,1.409999966621399,160300,1.409999966621399,0.0
LIXT,2025-05-14,1.4500000476837158,1.5,1.4199999570846558,1.4900000095367432,8000,1.4900000095367432,0.0
LIXT,2025-05-15,1.5199999809265137,1.5199999809265137,1.2599999904632568,1.440000057220459,19700,1.440000057220459,0.0
LIXT,2025-05-16,1.440000057220459,1.5199999809265137,1.3600000143051147,1.3799999952316284,15900,1.3799999952316284,0.0
LIXT,2025-05-19,1.350000023841858,1.4600000381469727,1.2999999523162842,1.2999999523162842,20200,1.2999999523162842,0.0
LIXT,2025-05-20,1.2999999523162842,1.309999942779541,1.2799999713897705,1.309999942779541,2600,1.309999942779541,0.0
LIXT,2025-05-21,1.309999942779541,1.3600000143051147,1.309999942779541,1.340000033378601,3500,1.340000033378601,0.0
LIXT,2025-05-22,1.2799999713897705,1.2899999618530273,1.2599999904632568,1.2599999904632568,1900,1.2599999904632568,0.0
LIXT,2025-05-23,1.2599999904632568,1.3300000429153442,1.2599999904632568,1.3200000524520874,20100,1.3200000524520874,0.0
LIXT,2025-05-27,1.399999976158142,1.409999966621399,1.2899999618530273,1.3300000429153442,17000,1.3300000429153442,0.0
LIXT,2025-05-28,1.340000033378601,1.3899999856948853,1.25,1.340000033378601,15900,1.340000033378601,0.0
LIXT,2025-05-29,1.340000033378601,1.340000033378601,1.2000000476837158,1.25,12600,1.25,0.0
LIXT,2025-05-30,1.25,1.25,1.159999966621399,1.1699999570846558,9300,1.1699999570846558,0.0
LIXT,2025-06-02,1.1799999475479126,1.4800000190734863,1.1699999570846558,1.409999966621399,55100,1.409999966621399,0.0
LIXT,2025-06-03,1.4199999570846558,1.4800000190734863,1.309999942779541,1.409999966621399,21100,1.409999966621399,0.0
LIXT,2025-06-04,1.3700000047683716,1.4700000286102295,1.3600000143051147,1.3899999856948853,27700,1.3899999856948853,0.0
LIXT,2025-06-05,1.4900000095367432,1.4900000095367432,1.3700000047683716,1.3799999952316284,11400,1.3799999952316284,0.0
LIXT,2025-06-06,1.340000033378601,1.3700000047683716,1.3200000524520874,1.3300000429153442,3200,1.3300000429153442,0.0
LIXT,2025-06-09,1.340000033378601,1.340000033378601,1.149999976158142,1.25,87800,1.25,0.0
LIXT,2025-06-10,1.2799999713897705,1.3600000143051147,1.2599999904632568,1.309999942779541,13300,1.309999942779541,0.0
LIXT,2025-06-11,1.309999942779541,1.3200000524520874,1.2300000190734863,1.2300000190734863,7000,1.2300000190734863,0.0
LIXT,2025-06-12,1.2599999904632568,1.309999942779541,1.25,1.309999942779541,4100,1.309999942779541,0.0
LIXT,2025-06-13,1.2699999809265137,1.2699999809265137,0.9800000190734863,1.1399999856948853,90800,1.1399999856948853,0.0
LIXT,2025-06-16,1.1299999952316284,1.149999976158142,1.1100000143051147,1.1100000143051147,8000,1.1100000143051147,0.0
LIXT,2025-06-17,1.1100000143051147,1.1299999952316284,1.0800000429153442,1.1100000143051147,244200,1.1100000143051147,0.0
LIXT,2025-06-18,1.1100000143051147,1.1100000143051147,0.6399999856948853,0.8299999833106995,347600,0.8299999833106995,0.0
LIXT,2025-06-20,0.8299999833106995,0.8500000238418579,0.75,0.7799999713897705,84000,0.7799999713897705,0.0
LIXT,2025-06-23,0.75,0.7900000214576721,0.75,0.7900000214576721,25100,0.7900000214576721,0.0
LIXT,2025-06-24,0.7799999713897705,0.9300000071525574,0.7599999904632568,0.8700000047683716,321100,0.8700000047683716,0.0
LIXT,2025-06-25,0.8899999856948853,0.8999999761581421,0.7599999904632568,0.7799999713897705,208400,0.7799999713897705,0.0
LIXT,2025-06-26,0.7599999904632568,0.7799999713897705,0.699999988079071,0.7699999809265137,50300,0.7699999809265137,0.0
LIXT,2025-06-27,0.7799999713897705,0.7799999713897705,0.699999988079071,0.7099999785423279,23100,0.7099999785423279,0.0
LIXT,2025-06-30,0.699999988079071,0.9100000262260437,0.6800000071525574,0.9100000262260437,236000,0.9100000262260437,0.0
LIXT,2025-07-01,1.0299999713897705,1.5399999618530273,0.8999999761581421,1.1799999475479126,12688300,1.1799999475479126,0.0
LIXT,2025-07-02,1.309999942779541,2.4200000762939453,1.2799999713897705,2.0199999809265137,38082200,2.0199999809265137,0.0
LIXT,2025-07-03,3.0199999809265137,4.25,2.440000057220459,2.8299999237060547,64133000,2.8299999237060547,0.0
LIXT,2025-07-07,2.5,2.6500000953674316,2.0199999809265137,2.240000009536743,2277700,2.240000009536743,0.0
LIXT,2025-07-08,2.359999895095825,2.7300000190734863,2.299999952316284,2.5299999713897705,1482500,2.5299999713897705,0.0
LIXT,2025-07-09,2.5399999618530273,2.990000009536743,2.5199999809265137,2.75,1259000,2.75,0.0
LIXT,2025-07-10,2.75,4.329999923706055,2.7100000381469727,4.21999979019165,1974400,4.21999979019165,0.0
LIXT,2025-07-11,3.859999895095825,4.449999809265137,3.619999885559082,3.9700000286102295,831700,3.9700000286102295,0.0
LIXT,2025-07-14,4.150000095367432,4.150000095367432,3.130000114440918,3.299999952316284,573800,3.299999952316284,0.0
LIXT,2025-07-15,3.299999952316284,4.199999809265137,3.299999952316284,3.7100000381469727,569700,3.7100000381469727,0.0
LIXT,2025-07-16,3.0999999046325684,3.740000009536743,2.75,3.7200000286102295,1031500,3.7200000286102295,0.0
LIXT,2025-07-17,3.8499999046325684,3.990000009536743,3.450000047683716,3.7799999713897705,243000,3.7799999713897705,0.0
LIXT,2025-07-18,3.75,4.349999904632568,3.700000047683716,4.059999942779541,258700,4.059999942779541,0.0
LIXT,2025-07-21,4.090000152587891,4.139999866485596,3.819999933242798,3.9200000762939453,134100,3.9200000762939453,0.0
LIXT,2025-07-22,3.950000047683716,4.329999923706055,3.8299999237060547,4.25,163600,4.25,0.0
LIXT,2025-07-23,4.400000095367432,4.480000019073486,3.950000047683716,4.150000095367432,186600,4.150000095367432,0.0
LIXT,2025-07-24,4.119999885559082,4.320000171661377,4.050000190734863,4.289999961853027,175100,4.289999961853027,0.0
LIXT,2025-07-25,4.199999809265137,4.349999904632568,3.9000000953674316,4.110000133514404,147700,4.110000133514404,0.0
LIXT,2025-07-28,4.03000020980835,4.269999980926514,4.0,4.070000171661377,83300,4.070000171661377,0.0
LIXT,2025-07-29,3.990000009536743,4.099999904632568,3.7799999713897705,3.8299999237060547,161600,3.8299999237060547,0.0
LIXT,2025-07-30,3.7799999713897705,3.9000000953674316,3.630000114440918,3.7300000190734863,111000,3.7300000190734863,0.0
LIXT,2025-07-31,3.6600000858306885,3.9700000286102295,3.6600000858306885,3.9700000286102295,126900,3.9700000286102295,0.0
LIXT,2025-08-01,3.9800000190734863,4.880000114440918,3.809999942779541,4.869999885559082,294200,4.869999885559082,0.0
LIXT,2025-08-04,4.860000133514404,5.139999866485596,4.639999866485596,4.860000133514404,193900,4.860000133514404,0.0
LIXT,2025-08-05,4.800000190734863,4.800000190734863,4.239999771118164,4.380000114440918,102700,4.380000114440918,0.0
LIXT,2025-08-06,4.300000190734863,4.5,4.199999809265137,4.480000019073486,91600,4.480000019073486,0.0
LIXT,2025-08-07,4.480000019073486,4.920000076293945,4.340000152587891,4.880000114440918,115100,4.880000114440918,0.0
LIXT,2025-08-08,4.78000020980835,4.940000057220459,4.420000076293945,4.829999923706055,81000,4.829999923706055,0.0
LIXT,2025-08-11,4.789999961853027,5.059999942779541,4.5,4.980000019073486,117100,4.980000019073486,0.0
LIXT,2025-08-12,4.849999904632568,4.889999866485596,4.670000076293945,4.849999904632568,73900,4.849999904632568,0.0
LIXT,2025-08-13,4.75,4.900000095367432,3.380000114440918,4.059999942779541,478600,4.059999942779541,0.0
LIXT,2025-08-14,4.010000228881836,4.090000152587891,3.809999942779541,3.9000000953674316,88200,3.9000000953674316,0.0
LIXT,2025-08-15,3.8299999237060547,3.8399999141693115,3.4800000190734863,3.5899999141693115,101000,3.5899999141693115,0.0
LIXT,2025-08-18,3.5199999809265137,4.039999961853027,3.309999942779541,3.819999933242798,126800,3.819999933242798,0.0
LIXT,2025-08-19,3.740000009536743,3.9800000190734863,3.390000104904175,3.4800000190734863,122400,3.4800000190734863,0.0
LIXT,2025-08-20,3.700000047683716,3.809999942779541,3.130000114440918,3.5199999809265137,157500,3.5199999809265137,0.0
LIXT,2025-08-21,3.450000047683716,3.6700000762939453,3.25,3.309999942779541,63100,3.309999942779541,0.0
LIXT,2025-08-22,3.2899999618530273,3.7899999618530273,3.0799999237060547,3.4100000858306885,131000,3.4100000858306885,0.0
LIXT,2025-08-25,3.390000104904175,3.5399999618530273,3.2200000286102295,3.2899999618530273,127900,3.2899999618530273,0.0
LIXT,2025-08-26,3.259999990463257,3.5899999141693115,3.200000047683716,3.440000057220459,74700,3.440000057220459,0.0
LIXT,2025-08-27,3.4200000762939453,3.5,3.359999895095825,3.4200000762939453,19600,3.4200000762939453,0.0
LIXT,2025-08-28,3.4200000762939453,3.950000047683716,3.359999895095825,3.9200000762939453,94300,3.9200000762939453,0.0
LIXT,2025-08-29,3.9000000953674316,4.599999904632568,3.880000114440918,4.449999809265137,219600,4.449999809265137,0.0
LIXT,2025-09-02,4.230000019073486,4.400000095367432,4.019999980926514,4.139999866485596,57200,4.139999866485596,0.0
LIXT,2025-09-03,4.150000095367432,4.630000114440918,4.059999942779541,4.619999885559082,118100,4.619999885559082,0.0
LIXT,2025-09-04,4.849999904632568,4.849999904632568,4.309999942779541,4.46999979019165,91800,4.46999979019165,0.0
LIXT,2025-09-05,4.53000020980835,4.800000190734863,4.400000095367432,4.570000171661377,94400,4.570000171661377,0.0
LIXT,2025-09-08,4.579999923706055,4.78000020980835,4.329999923706055,4.329999923706055,59800,4.329999923706055,0.0
LIXT,2025-09-09,4.28000020980835,5.110000133514404,4.28000020980835,4.800000190734863,167900,4.800000190734863,0.0
LIXT,2025-09-10,4.599999904632568,5.519999980926514,4.599999904632568,4.960000038146973,624500,4.960000038146973,0.0
LIXT,2025-09-11,5.070000171661377,5.650000095367432,4.920000076293945,5.269999980926514,556200,5.269999980926514,0.0
LIXT,2025-09-12,5.110000133514404,6.260000228881836,5.099999904632568,6.010000228881836,330200,6.010000228881836,0.0
LIXT,2025-09-15,6.0,6.090000152587891,5.440000057220459,5.699999809265137,209000,5.699999809265137,0.0
LIXT,2025-09-16,5.650000095367432,6.0,5.400000095367432,5.630000114440918,154100,5.630000114440918,0.0
LIXT,2025-09-17,5.539999961853027,5.829999923706055,5.539999961853027,5.630000114440918,37600,5.630000114440918,0.0
LIXT,2025-09-18,5.599999904632568,5.690000057220459,5.420000076293945,5.420000076293945,50100,5.420000076293945,0.0
LIXT,2025-09-19,5.440000057220459,5.599999904632568,5.119999885559082,5.449999809265137,136400,5.449999809265137,0.0
LIXT,2025-09-22,5.340000152587891,5.5,5.090000152587891,5.420000076293945,103700,5.420000076293945,0.0
LIXT,2025-09-23,5.570000171661377,5.679999828338623,5.130000114440918,5.21999979019165,77800,5.21999979019165,0.0
LIXT,2025-09-24,5.21999979019165,5.429999828338623,5.119999885559082,5.340000152587891,86600,5.340000152587891,0.0
LIXT,2025-09-25,5.28000020980835,5.340000152587891,4.800000190734863,5.25,110300,5.25,0.0
LIXT,2025-09-26,5.300000190734863,5.96999979019165,5.0,5.059999942779541,373400,5.059999942779541,0.0
LIXT,2025-09-29,5.079999923706055,5.199999809265137,4.849999904632568,5.190000057220459,73200,5.190000057220459,0.0
