symbol,date,open,high,low,close,volume,adjclose,dividends,splits
TECK,2002-07-18,4.184999942779541,4.184999942779541,4.184999942779541,4.184999942779541,1600,3.0517640113830566,0.0,0.0
TECK,2002-07-19,4.005000114440918,4.005000114440918,3.875,4.005000114440918,12800,2.9205057621002197,0.0,0.0
TECK,2002-07-22,3.950000047683716,3.950000047683716,3.734999895095825,3.734999895095825,3400,2.7236175537109375,0.0,0.0
TECK,2002-07-23,3.319999933242798,3.359999895095825,3.319999933242798,3.319999933242798,1600,2.420992374420166,0.0,0.0
TECK,2002-07-24,3.200000047683716,3.2200000286102295,3.184999942779541,3.200000047683716,14400,2.333487033843994,0.0,0.0
TECK,2002-07-25,3.200000047683716,3.200000047683716,3.200000047683716,3.200000047683716,0,2.333487033843994,0.0,0.0
TECK,2002-07-26,3.5,3.575000047683716,3.5,3.5,800,2.5522522926330566,0.0,0.0
TECK,2002-07-29,3.759999990463257,3.759999990463257,3.640000104904175,3.7200000286102295,1800,2.712679147720337,0.0,0.0
TECK,2002-07-30,3.7200000286102295,3.7200000286102295,3.7200000286102295,3.7200000286102295,0,2.712679147720337,0.0,0.0
TECK,2002-07-31,3.7200000286102295,3.7200000286102295,3.7200000286102295,3.7200000286102295,0,2.712679147720337,0.0,0.0
TECK,2002-08-01,3.5299999713897705,3.5299999713897705,3.490000009536743,3.5299999713897705,25000,2.574127674102783,0.0,0.0
TECK,2002-08-02,3.4600000381469727,3.4749999046325684,3.4600000381469727,3.4600000381469727,1200,2.523083448410034,0.0,0.0
TECK,2002-08-05,4.184999942779541,4.184999942779541,4.184999942779541,4.184999942779541,1600,3.0517640113830566,0.0,0.0
TECK,2002-08-06,3.25,3.25,3.25,3.25,200,2.369947910308838,0.0,0.0
TECK,2002-08-07,3.3299999237060547,3.3299999237060547,3.3299999237060547,3.3299999237060547,2000,2.4282853603363037,0.0,0.0
TECK,2002-08-08,3.3299999237060547,3.3299999237060547,3.3299999237060547,3.3299999237060547,0,2.4282853603363037,0.0,0.0
TECK,2002-08-09,3.3299999237060547,3.3299999237060547,3.3299999237060547,3.3299999237060547,0,2.4282853603363037,0.0,0.0
TECK,2002-08-12,3.4749999046325684,3.4749999046325684,3.325000047683716,3.325000047683716,2400,2.4246389865875244,0.0,0.0
TECK,2002-08-13,3.359999895095825,3.359999895095825,3.359999895095825,3.359999895095825,400,2.4501616954803467,0.0,0.0
TECK,2002-08-14,3.359999895095825,3.359999895095825,3.359999895095825,3.359999895095825,0,2.4501616954803467,0.0,0.0
TECK,2002-08-15,3.359999895095825,3.359999895095825,3.359999895095825,3.359999895095825,0,2.4501616954803467,0.0,0.0
TECK,2002-08-16,3.359999895095825,3.359999895095825,3.359999895095825,3.359999895095825,0,2.4501616954803467,0.0,0.0
TECK,2002-08-19,3.434999942779541,3.434999942779541,3.424999952316284,3.434999942779541,8000,2.5048534870147705,0.0,0.0
TECK,2002-08-20,3.674999952316284,3.674999952316284,3.674999952316284,3.674999952316284,800,2.6798641681671143,0.0,0.0
TECK,2002-08-21,3.694999933242798,3.694999933242798,3.694999933242798,3.694999933242798,1600,2.6944479942321777,0.0,0.0
TECK,2002-08-22,3.694999933242798,3.694999933242798,3.694999933242798,3.694999933242798,0,2.6944479942321777,0.0,0.0
TECK,2002-08-23,3.690000057220459,3.690000057220459,3.6600000858306885,3.6600000858306885,400,2.668926239013672,0.0,0.0
TECK,2002-08-26,3.6600000858306885,3.6600000858306885,3.6600000858306885,3.6600000858306885,0,2.668926239013672,0.0,0.0
TECK,2002-08-27,3.509999990463257,3.509999990463257,3.509999990463257,3.509999990463257,6200,2.559544086456299,0.0,0.0
TECK,2002-08-28,3.509999990463257,3.509999990463257,3.509999990463257,3.509999990463257,0,2.559544086456299,0.0,0.0
TECK,2002-08-29,3.440000057220459,3.440000057220459,3.440000057220459,3.440000057220459,200,2.5084991455078125,0.0,0.0
TECK,2002-08-30,3.3499999046325684,3.3499999046325684,3.3499999046325684,3.3499999046325684,400,2.4428696632385254,0.0,0.0
TECK,2002-09-03,3.3499999046325684,3.3499999046325684,3.3499999046325684,3.3499999046325684,0,2.4428696632385254,0.0,0.0
TECK,2002-09-04,3.309999942779541,3.309999942779541,3.309999942779541,3.309999942779541,800,2.4137015342712402,0.0,0.0
TECK,2002-09-05,3.309999942779541,3.309999942779541,3.309999942779541,3.309999942779541,0,2.4137015342712402,0.0,0.0
TECK,2002-09-06,3.309999942779541,3.309999942779541,3.309999942779541,3.309999942779541,0,2.4137015342712402,0.0,0.0
TECK,2002-09-09,3.309999942779541,3.309999942779541,3.309999942779541,3.309999942779541,0,2.4137015342712402,0.0,0.0
TECK,2002-09-10,3.240000009536743,3.240000009536743,3.240000009536743,3.240000009536743,1200,2.3626558780670166,0.0,0.0
TECK,2002-09-11,3.240000009536743,3.240000009536743,3.240000009536743,3.240000009536743,0,2.3626558780670166,0.0,0.0
TECK,2002-09-12,3.5199999809265137,3.5199999809265137,3.5199999809265137,3.5199999809265137,1200,2.566835880279541,0.0,0.0
TECK,2002-09-13,3.4700000286102295,3.4700000286102295,3.4700000286102295,3.4700000286102295,400,2.5303750038146973,0.0,0.0
TECK,2002-09-16,3.5250000953674316,3.5250000953674316,3.5250000953674316,3.5250000953674316,6000,2.5704824924468994,0.0,0.0
TECK,2002-09-17,3.2750000953674316,3.505000114440918,3.2750000953674316,3.505000114440918,16800,2.5558979511260986,0.0,0.0
TECK,2002-09-18,3.505000114440918,3.505000114440918,3.505000114440918,3.505000114440918,0,2.5558979511260986,0.0,0.0
TECK,2002-09-19,3.424999952316284,3.424999952316284,3.424999952316284,3.424999952316284,200,2.4975597858428955,0.0,0.0
TECK,2002-09-20,3.3350000381469727,3.3350000381469727,3.3350000381469727,3.3350000381469727,1400,2.431931734085083,0.0,0.0
TECK,2002-09-23,3.3350000381469727,3.3350000381469727,3.3350000381469727,3.3350000381469727,0,2.431931734085083,0.0,0.0
TECK,2002-09-24,3.1600000858306885,3.1600000858306885,3.1600000858306885,3.1600000858306885,20000,2.304318904876709,0.0,0.0
TECK,2002-09-25,3.1600000858306885,3.1600000858306885,3.1600000858306885,3.1600000858306885,0,2.304318904876709,0.0,0.0
TECK,2002-09-26,3.3399999141693115,3.3399999141693115,3.3399999141693115,3.3399999141693115,1000,2.435577869415283,0.0,0.0
TECK,2002-09-27,3.2850000858306885,3.325000047683716,3.2850000858306885,3.2850000858306885,400,2.39547061920166,0.0,0.0
TECK,2002-09-30,3.2100000381469727,3.299999952316284,3.2100000381469727,3.299999952316284,1000,2.4064087867736816,0.0,0.0
TECK,2002-10-01,3.299999952316284,3.299999952316284,3.299999952316284,3.299999952316284,0,2.4064087867736816,0.0,0.0
TECK,2002-10-02,3.299999952316284,3.299999952316284,3.299999952316284,3.299999952316284,0,2.4064087867736816,0.0,0.0
TECK,2002-10-03,3.299999952316284,3.299999952316284,3.299999952316284,3.299999952316284,0,2.4064087867736816,0.0,0.0
TECK,2002-10-04,3.299999952316284,3.299999952316284,3.299999952316284,3.299999952316284,0,2.4064087867736816,0.0,0.0
TECK,2002-10-07,3.299999952316284,3.299999952316284,3.299999952316284,3.299999952316284,0,2.4064087867736816,0.0,0.0
TECK,2002-10-08,3.2100000381469727,3.2100000381469727,3.2100000381469727,3.2100000381469727,2000,2.3407797813415527,0.0,0.0
TECK,2002-10-09,3.184999942779541,3.184999942779541,3.184999942779541,3.184999942779541,800,2.3225491046905518,0.0,0.0
TECK,2002-10-10,3.184999942779541,3.184999942779541,3.184999942779541,3.184999942779541,0,2.3225491046905518,0.0,0.0
TECK,2002-10-11,3.184999942779541,3.184999942779541,3.184999942779541,3.184999942779541,0,2.3225491046905518,0.0,0.0
TECK,2002-10-14,3.184999942779541,3.184999942779541,3.184999942779541,3.184999942779541,0,2.3225491046905518,0.0,0.0
TECK,2002-10-15,3.184999942779541,3.184999942779541,3.184999942779541,3.184999942779541,0,2.3225491046905518,0.0,0.0
TECK,2002-10-16,3.184999942779541,3.184999942779541,3.184999942779541,3.184999942779541,0,2.3225491046905518,0.0,0.0
TECK,2002-10-17,3.184999942779541,3.184999942779541,3.184999942779541,3.184999942779541,0,2.3225491046905518,0.0,0.0
TECK,2002-10-18,3.640000104904175,3.6500000953674316,3.640000104904175,3.6500000953674316,800,2.661633253097534,0.0,0.0
TECK,2002-10-21,3.7950000762939453,3.7950000762939453,3.7950000762939453,3.7950000762939453,2200,2.7673697471618652,0.0,0.0
TECK,2002-10-22,3.5899999141693115,3.5899999141693115,3.559999942779541,3.5899999141693115,6000,2.617880344390869,0.0,0.0
TECK,2002-10-23,3.5899999141693115,3.5899999141693115,3.5899999141693115,3.5899999141693115,0,2.617880344390869,0.0,0.0
TECK,2002-10-24,3.5899999141693115,3.5899999141693115,3.5899999141693115,3.5899999141693115,0,2.617880344390869,0.0,0.0
TECK,2002-10-25,3.5899999141693115,3.5899999141693115,3.5899999141693115,3.5899999141693115,0,2.617880344390869,0.0,0.0
TECK,2002-10-28,3.5899999141693115,3.5899999141693115,3.5899999141693115,3.5899999141693115,0,2.617880344390869,0.0,0.0
TECK,2002-10-29,3.5899999141693115,3.5899999141693115,3.5899999141693115,3.5899999141693115,0,2.617880344390869,0.0,0.0
TECK,2002-10-30,3.5899999141693115,3.5899999141693115,3.5899999141693115,3.5899999141693115,800,2.617880344390869,0.0,0.0
TECK,2002-10-31,3.5899999141693115,3.5899999141693115,3.5899999141693115,3.5899999141693115,0,2.617880344390869,0.0,0.0
TECK,2002-11-01,3.434999942779541,3.434999942779541,3.434999942779541,3.434999942779541,200,2.5048534870147705,0.0,0.0
TECK,2002-11-04,3.4749999046325684,3.4749999046325684,3.4749999046325684,3.4749999046325684,400,2.534022092819214,0.0,0.0
TECK,2002-11-05,3.4749999046325684,3.4749999046325684,3.4749999046325684,3.4749999046325684,0,2.534022092819214,0.0,0.0
TECK,2002-11-06,3.4749999046325684,3.4749999046325684,3.4749999046325684,3.4749999046325684,0,2.534022092819214,0.0,0.0
TECK,2002-11-07,3.4749999046325684,3.4749999046325684,3.4749999046325684,3.4749999046325684,0,2.534022092819214,0.0,0.0
TECK,2002-11-08,3.625,3.6449999809265137,3.625,3.625,4200,2.6434030532836914,0.0,0.0
TECK,2002-11-11,3.625,3.625,3.625,3.625,0,2.6434030532836914,0.0,0.0
TECK,2002-11-12,3.549999952316284,3.549999952316284,3.549999952316284,3.549999952316284,4000,2.588712215423584,0.0,0.0
TECK,2002-11-13,3.549999952316284,3.549999952316284,3.549999952316284,3.549999952316284,0,2.588712215423584,0.0,0.0
TECK,2002-11-14,3.5,3.5,3.5,3.5,200,2.5522522926330566,0.0,0.0
TECK,2002-11-15,3.450000047683716,3.825000047683716,3.450000047683716,3.450000047683716,4800,2.5157907009124756,0.0,0.0
TECK,2002-11-18,3.4100000858306885,3.4100000858306885,3.4100000858306885,3.4100000858306885,1600,2.486623525619507,0.0,0.0
TECK,2002-11-19,3.390000104904175,3.390000104904175,3.390000104904175,3.390000104904175,6600,2.472038984298706,0.0,0.0
TECK,2002-11-20,3.4149999618530273,3.4149999618530273,3.4149999618530273,3.4149999618530273,1600,2.4902682304382324,0.0,0.0
TECK,2002-11-21,3.5350000858306885,3.5350000858306885,3.4000000953674316,3.5350000858306885,1400,2.5777745246887207,0.0,0.0
TECK,2002-11-22,3.549999952316284,3.549999952316284,3.549999952316284,3.549999952316284,1600,2.588712215423584,0.0,0.0
TECK,2002-11-25,3.549999952316284,3.549999952316284,3.549999952316284,3.549999952316284,0,2.588712215423584,0.0,0.0
TECK,2002-11-26,3.549999952316284,3.549999952316284,3.549999952316284,3.549999952316284,0,2.588712215423584,0.0,0.0
TECK,2002-11-27,3.490000009536743,3.490000009536743,3.490000009536743,3.490000009536743,200,2.544959783554077,0.0,0.0
TECK,2002-11-29,3.490000009536743,3.490000009536743,3.490000009536743,3.490000009536743,0,2.544959783554077,0.0,0.0
TECK,2002-12-02,3.490000009536743,3.490000009536743,3.490000009536743,3.490000009536743,0,2.544959783554077,0.0,0.0
TECK,2002-12-03,3.569999933242798,3.569999933242798,3.569999933242798,3.569999933242798,400,2.603297233581543,0.0,0.0
TECK,2002-12-04,3.569999933242798,3.569999933242798,3.569999933242798,3.569999933242798,0,2.603297233581543,0.0,0.0
TECK,2002-12-05,3.7750000953674316,3.7750000953674316,3.7100000381469727,3.7100000381469727,2400,2.7053864002227783,0.0,0.0
TECK,2002-12-06,3.6649999618530273,3.7049999237060547,3.6649999618530273,3.6649999618530273,8200,2.672571897506714,0.0,0.0
TECK,2002-12-09,3.6649999618530273,3.6649999618530273,3.6649999618530273,3.6649999618530273,0,2.672571897506714,0.0,0.0
TECK,2002-12-10,3.5850000381469727,3.5850000381469727,3.515000104904175,3.5850000381469727,1000,2.6142354011535645,0.0,0.0
TECK,2002-12-11,3.5299999713897705,3.5299999713897705,3.5299999713897705,3.5299999713897705,1200,2.574127674102783,0.0,0.0
TECK,2002-12-12,3.5250000953674316,3.5250000953674316,3.5250000953674316,3.5250000953674316,800,2.5704824924468994,0.0,0.0
TECK,2002-12-13,3.625,3.625,3.625,3.625,9400,2.6434030532836914,0.0,0.0
TECK,2002-12-16,3.625,3.625,3.625,3.625,0,2.6434030532836914,0.0,0.0
TECK,2002-12-17,3.7300000190734863,3.7300000190734863,3.690000057220459,3.690000057220459,5000,2.6908020973205566,0.0,0.0
TECK,2002-12-18,3.7750000953674316,3.7750000953674316,3.7750000953674316,3.7750000953674316,400,2.75278639793396,0.0,0.0
TECK,2002-12-19,3.690000057220459,3.690000057220459,3.690000057220459,3.690000057220459,2000,2.6908020973205566,0.0,0.0
TECK,2002-12-20,3.625,3.625,3.569999933242798,3.625,5200,2.6434030532836914,0.0,0.0
TECK,2002-12-23,3.555000066757202,3.5899999141693115,3.555000066757202,3.5899999141693115,10800,2.617880344390869,0.0,0.0
TECK,2002-12-24,3.5899999141693115,3.5899999141693115,3.5899999141693115,3.5899999141693115,0,2.617880344390869,0.0,0.0
TECK,2002-12-26,3.5899999141693115,3.5899999141693115,3.5899999141693115,3.5899999141693115,0,2.617880344390869,0.0,0.0
TECK,2002-12-27,3.734999895095825,3.734999895095825,3.6700000762939453,3.734999895095825,2200,2.7236175537109375,0.0,0.0
TECK,2002-12-30,3.734999895095825,3.734999895095825,3.734999895095825,3.734999895095825,0,2.7236175537109375,0.0,0.0
TECK,2002-12-31,3.559999942779541,3.684999942779541,3.559999942779541,3.559999942779541,1600,2.5960044860839844,0.0,0.0
TECK,2003-01-02,3.759999990463257,3.759999990463257,3.759999990463257,3.759999990463257,2000,2.741847276687622,0.0,0.0
TECK,2003-01-03,3.759999990463257,3.759999990463257,3.759999990463257,3.759999990463257,0,2.741847276687622,0.0,0.0
TECK,2003-01-06,3.7950000762939453,3.7950000762939453,3.7950000762939453,3.7950000762939453,400,2.7673697471618652,0.0,0.0
TECK,2003-01-07,3.7950000762939453,3.7950000762939453,3.7950000762939453,3.7950000762939453,0,2.7673697471618652,0.0,0.0
TECK,2003-01-08,3.7950000762939453,3.7950000762939453,3.7950000762939453,3.7950000762939453,0,2.7673697471618652,0.0,0.0
TECK,2003-01-09,3.809999942779541,3.809999942779541,3.809999942779541,3.809999942779541,4000,2.7783079147338867,0.0,0.0
TECK,2003-01-10,3.809999942779541,3.809999942779541,3.809999942779541,3.809999942779541,0,2.7783079147338867,0.0,0.0
TECK,2003-01-13,3.9100000858306885,4.099999904632568,3.9100000858306885,4.099999904632568,4600,2.9897797107696533,0.0,0.0
TECK,2003-01-14,4.159999847412109,4.159999847412109,4.159999847412109,4.159999847412109,6400,3.0335323810577393,0.0,0.0
TECK,2003-01-15,4.275000095367432,4.275000095367432,4.224999904632568,4.275000095367432,2400,3.1173930168151855,0.0,0.0
TECK,2003-01-16,4.215000152587891,4.215000152587891,4.215000152587891,4.215000152587891,2400,3.0736401081085205,0.0,0.0
TECK,2003-01-17,4.0,4.0,4.0,4.0,1400,2.9168593883514404,0.0,0.0
TECK,2003-01-21,4.0,4.0,4.0,4.0,0,2.9168593883514404,0.0,0.0
TECK,2003-01-22,3.9649999141693115,3.9649999141693115,3.9649999141693115,3.9649999141693115,400,2.891336441040039,0.0,0.0
TECK,2003-01-23,3.9649999141693115,3.990000009536743,3.9649999141693115,3.9649999141693115,2400,2.891336441040039,0.0,0.0
TECK,2003-01-24,4.199999809265137,4.199999809265137,4.199999809265137,4.199999809265137,2000,3.0627012252807617,0.0,0.0
TECK,2003-01-27,4.110000133514404,4.110000133514404,4.054999828338623,4.110000133514404,400,2.997073173522949,0.0,0.0
TECK,2003-01-28,4.110000133514404,4.110000133514404,4.110000133514404,4.110000133514404,0,2.997073173522949,0.0,0.0
TECK,2003-01-29,4.110000133514404,4.110000133514404,4.110000133514404,4.110000133514404,0,2.997073173522949,0.0,0.0
TECK,2003-01-30,4.110000133514404,4.110000133514404,4.110000133514404,4.110000133514404,0,2.997073173522949,0.0,0.0
TECK,2003-01-31,3.9800000190734863,3.9800000190734863,3.9800000190734863,3.9800000190734863,8000,2.9022743701934814,0.0,0.0
TECK,2003-02-03,4.159999847412109,4.159999847412109,4.0,4.059999942779541,8800,2.9606120586395264,0.0,0.0
TECK,2003-02-04,3.9800000190734863,3.9800000190734863,3.9800000190734863,3.9800000190734863,1000,2.9022743701934814,0.0,0.0
TECK,2003-02-05,3.9800000190734863,3.9800000190734863,3.9800000190734863,3.9800000190734863,0,2.9022743701934814,0.0,0.0
TECK,2003-02-06,3.9800000190734863,3.9800000190734863,3.9800000190734863,3.9800000190734863,0,2.9022743701934814,0.0,0.0
TECK,2003-02-07,3.9800000190734863,3.9800000190734863,3.9800000190734863,3.9800000190734863,1400,2.9022743701934814,0.0,0.0
TECK,2003-02-10,3.9749999046325684,3.9749999046325684,3.9749999046325684,3.9749999046325684,800,2.8986284732818604,0.0,0.0
TECK,2003-02-11,4.045000076293945,4.045000076293945,4.039999961853027,4.039999961853027,3000,2.9460272789001465,0.0,0.0
TECK,2003-02-12,4.019999980926514,4.019999980926514,4.019999980926514,4.019999980926514,4000,2.931443691253662,0.0,0.0
TECK,2003-02-13,4.019999980926514,4.019999980926514,4.019999980926514,4.019999980926514,0,2.931443691253662,0.0,0.0
TECK,2003-02-14,4.019999980926514,4.019999980926514,4.019999980926514,4.019999980926514,0,2.931443691253662,0.0,0.0
TECK,2003-02-18,4.019999980926514,4.019999980926514,4.019999980926514,4.019999980926514,0,2.931443691253662,0.0,0.0
TECK,2003-02-19,4.019999980926514,4.019999980926514,4.019999980926514,4.019999980926514,0,2.931443691253662,0.0,0.0
TECK,2003-02-20,4.019999980926514,4.019999980926514,4.019999980926514,4.019999980926514,0,2.931443691253662,0.0,0.0
TECK,2003-02-21,3.9149999618530273,3.9149999618530273,3.9149999618530273,3.9149999618530273,2800,2.8548758029937744,0.0,0.0
TECK,2003-02-24,3.9149999618530273,3.9149999618530273,3.9149999618530273,3.9149999618530273,0,2.8548758029937744,0.0,0.0
TECK,2003-02-25,3.9149999618530273,3.9149999618530273,3.9149999618530273,3.9149999618530273,0,2.8548758029937744,0.0,0.0
TECK,2003-02-26,3.934999942779541,3.934999942779541,3.934999942779541,3.934999942779541,1400,2.869459390640259,0.0,0.0
TECK,2003-02-27,3.934999942779541,3.934999942779541,3.934999942779541,3.934999942779541,0,2.869459390640259,0.0,0.0
TECK,2003-02-28,3.9800000190734863,3.9800000190734863,3.9800000190734863,3.9800000190734863,2000,2.9022743701934814,0.0,0.0
TECK,2003-03-03,3.9749999046325684,3.9749999046325684,3.9749999046325684,3.9749999046325684,200,2.8986284732818604,0.0,0.0
TECK,2003-03-04,3.9000000953674316,3.9000000953674316,3.9000000953674316,3.9000000953674316,200,2.8439383506774902,0.0,0.0
TECK,2003-03-05,3.7799999713897705,3.7799999713897705,3.7799999713897705,3.7799999713897705,2000,2.7564315795898438,0.0,0.0
TECK,2003-03-06,3.7799999713897705,3.7799999713897705,3.7799999713897705,3.7799999713897705,0,2.7564315795898438,0.0,0.0
TECK,2003-03-07,3.7799999713897705,3.7799999713897705,3.7799999713897705,3.7799999713897705,0,2.7564315795898438,0.0,0.0
TECK,2003-03-10,3.7100000381469727,3.7100000381469727,3.7100000381469727,3.7100000381469727,200,2.7053864002227783,0.0,0.0
TECK,2003-03-11,3.734999895095825,3.734999895095825,3.7249999046325684,3.734999895095825,2000,2.7236175537109375,0.0,0.0
TECK,2003-03-12,3.734999895095825,3.734999895095825,3.734999895095825,3.734999895095825,0,2.7236175537109375,0.0,0.0
TECK,2003-03-13,3.734999895095825,3.734999895095825,3.734999895095825,3.734999895095825,0,2.7236175537109375,0.0,0.0
TECK,2003-03-14,3.734999895095825,3.734999895095825,3.734999895095825,3.734999895095825,0,2.7236175537109375,0.0,0.0
TECK,2003-03-17,3.734999895095825,3.734999895095825,3.734999895095825,3.734999895095825,0,2.7236175537109375,0.0,0.0
TECK,2003-03-18,3.734999895095825,3.734999895095825,3.734999895095825,3.734999895095825,0,2.7236175537109375,0.0,0.0
TECK,2003-03-19,3.930000066757202,3.930000066757202,3.930000066757202,3.930000066757202,14400,2.865813970565796,0.0,0.0
TECK,2003-03-20,3.984999895095825,3.984999895095825,3.984999895095825,3.984999895095825,1600,2.905921220779419,0.0,0.0
TECK,2003-03-21,3.8949999809265137,3.8949999809265137,3.8949999809265137,3.8949999809265137,12000,2.840291738510132,0.0,0.0
TECK,2003-03-24,3.8949999809265137,3.8949999809265137,3.8949999809265137,3.8949999809265137,0,2.840291738510132,0.0,0.0
TECK,2003-03-25,3.8949999809265137,3.8949999809265137,3.8949999809265137,3.8949999809265137,0,2.840291738510132,0.0,0.0
TECK,2003-03-26,3.565000057220459,3.565000057220459,3.565000057220459,3.565000057220459,200,2.5996506214141846,0.0,0.0
TECK,2003-03-27,3.565000057220459,3.565000057220459,3.565000057220459,3.565000057220459,0,2.5996506214141846,0.0,0.0
TECK,2003-03-28,3.7149999141693115,3.7149999141693115,3.7149999141693115,3.7149999141693115,200,2.7090327739715576,0.0,0.0
TECK,2003-03-31,3.7049999237060547,3.7049999237060547,3.7049999237060547,3.7049999237060547,200,2.701740264892578,0.0,0.0
TECK,2003-04-01,3.7049999237060547,3.7049999237060547,3.7049999237060547,3.7049999237060547,0,2.701740264892578,0.0,0.0
TECK,2003-04-02,3.744999885559082,3.744999885559082,3.744999885559082,3.744999885559082,200,2.7309083938598633,0.0,0.0
TECK,2003-04-03,3.744999885559082,3.744999885559082,3.744999885559082,3.744999885559082,0,2.7309083938598633,0.0,0.0
TECK,2003-04-04,3.744999885559082,3.744999885559082,3.744999885559082,3.744999885559082,0,2.7309083938598633,0.0,0.0
TECK,2003-04-07,3.744999885559082,3.744999885559082,3.744999885559082,3.744999885559082,0,2.7309083938598633,0.0,0.0
TECK,2003-04-08,3.744999885559082,3.744999885559082,3.744999885559082,3.744999885559082,0,2.7309083938598633,0.0,0.0
TECK,2003-04-09,3.744999885559082,3.744999885559082,3.744999885559082,3.744999885559082,0,2.7309083938598633,0.0,0.0
TECK,2003-04-10,3.744999885559082,3.744999885559082,3.744999885559082,3.744999885559082,0,2.7309083938598633,0.0,0.0
TECK,2003-04-11,3.744999885559082,3.744999885559082,3.744999885559082,3.744999885559082,0,2.7309083938598633,0.0,0.0
TECK,2003-04-14,3.744999885559082,3.744999885559082,3.744999885559082,3.744999885559082,0,2.7309083938598633,0.0,0.0
TECK,2003-04-15,3.674999952316284,3.674999952316284,3.6600000858306885,3.674999952316284,11800,2.6798641681671143,0.0,0.0
TECK,2003-04-16,3.6700000762939453,3.6700000762939453,3.6700000762939453,3.6700000762939453,40000,2.676218032836914,0.0,0.0
TECK,2003-04-17,3.684999942779541,3.684999942779541,3.674999952316284,3.674999952316284,44000,2.6798641681671143,0.0,0.0
TECK,2003-04-21,3.680000066757202,3.680000066757202,3.680000066757202,3.680000066757202,4000,2.683511257171631,0.0,0.0
TECK,2003-04-22,3.7149999141693115,3.7149999141693115,3.694999933242798,3.7100000381469727,20600,2.7053864002227783,0.0,0.0
TECK,2003-04-23,3.6500000953674316,3.6500000953674316,3.6500000953674316,3.6500000953674316,40200,2.661633253097534,0.0,0.0
TECK,2003-04-24,3.565000057220459,3.565000057220459,3.565000057220459,3.565000057220459,40000,2.5996506214141846,0.0,0.0
TECK,2003-04-25,3.5850000381469727,3.5950000286102295,3.5850000381469727,3.5850000381469727,41200,2.6142354011535645,0.0,0.0
TECK,2003-04-28,3.5899999141693115,3.5899999141693115,3.5899999141693115,3.5899999141693115,40000,2.617880344390869,0.0,0.0
TECK,2003-04-29,3.565000057220459,3.565000057220459,3.565000057220459,3.565000057220459,40000,2.5996506214141846,0.0,0.0
TECK,2003-04-30,3.5899999141693115,3.5899999141693115,3.555000066757202,3.555000066757202,47600,2.5923593044281006,0.0,0.0
TECK,2003-05-01,3.615000009536743,3.615000009536743,3.615000009536743,3.615000009536743,40000,2.6361117362976074,0.0,0.0
TECK,2003-05-02,3.640000104904175,3.6600000858306885,3.640000104904175,3.640000104904175,44000,2.6543428897857666,0.0,0.0
TECK,2003-05-05,3.640000104904175,3.640000104904175,3.640000104904175,3.640000104904175,0,2.6543428897857666,0.0,0.0
TECK,2003-05-06,3.640000104904175,3.640000104904175,3.640000104904175,3.640000104904175,0,2.6543428897857666,0.0,0.0
TECK,2003-05-07,3.640000104904175,3.640000104904175,3.640000104904175,3.640000104904175,0,2.6543428897857666,0.0,0.0
TECK,2003-05-08,3.799999952316284,3.799999952316284,3.799999952316284,3.799999952316284,40000,2.7710158824920654,0.0,0.0
TECK,2003-05-09,3.759999990463257,3.759999990463257,3.759999990463257,3.759999990463257,40000,2.741847276687622,0.0,0.0
TECK,2003-05-12,3.7699999809265137,3.7699999809265137,3.7699999809265137,3.7699999809265137,40000,2.7491393089294434,0.0,0.0
TECK,2003-05-13,3.7799999713897705,3.7799999713897705,3.740000009536743,3.740000009536743,40400,2.7272629737854004,0.0,0.0
TECK,2003-05-14,3.819999933242798,3.819999933242798,3.819999933242798,3.819999933242798,80000,2.785600185394287,0.0,0.0
TECK,2003-05-15,3.805000066757202,3.805000066757202,3.805000066757202,3.805000066757202,80000,2.7746615409851074,0.0,0.0
TECK,2003-05-16,3.805000066757202,3.805000066757202,3.805000066757202,3.805000066757202,0,2.7746615409851074,0.0,0.0
TECK,2003-05-19,3.805000066757202,3.805000066757202,3.805000066757202,3.805000066757202,0,2.7746615409851074,0.0,0.0
TECK,2003-05-20,3.8399999141693115,3.8399999141693115,3.8399999141693115,3.8399999141693115,40000,2.800184488296509,0.0,0.0
TECK,2003-05-21,3.7950000762939453,3.7950000762939453,3.7699999809265137,3.7899999618530273,5200,2.763723373413086,0.0,0.0
TECK,2003-05-22,3.7899999618530273,3.7899999618530273,3.7899999618530273,3.7899999618530273,0,2.763723373413086,0.0,0.0
TECK,2003-05-23,3.7899999618530273,3.7899999618530273,3.7899999618530273,3.7899999618530273,0,2.763723373413086,0.0,0.0
TECK,2003-05-27,3.7049999237060547,3.7049999237060547,3.7049999237060547,3.7049999237060547,160000,2.701740264892578,0.0,0.0
TECK,2003-05-28,3.7049999237060547,3.7049999237060547,3.7049999237060547,3.7049999237060547,0,2.701740264892578,0.0,0.0
TECK,2003-05-29,3.765000104904175,3.765000104904175,3.765000104904175,3.765000104904175,1200,2.745493173599243,0.0,0.0
TECK,2003-05-30,3.765000104904175,3.765000104904175,3.765000104904175,3.765000104904175,0,2.745493173599243,0.0,0.0
TECK,2003-06-02,4.025000095367432,4.025000095367432,3.994999885559082,3.994999885559082,2600,2.9132132530212402,0.0,0.0
TECK,2003-06-03,4.079999923706055,4.105000019073486,4.079999923706055,4.105000019073486,100200,2.993427276611328,0.0,0.0
TECK,2003-06-04,4.15500020980835,4.15500020980835,4.15500020980835,4.15500020980835,1000,3.0298869609832764,0.0,0.0
TECK,2003-06-05,4.144999980926514,4.144999980926514,4.105000019073486,4.105000019073486,4400,2.993427276611328,0.0,0.0
TECK,2003-06-06,4.105000019073486,4.105000019073486,4.105000019073486,4.105000019073486,0,2.993427276611328,0.0,0.0
TECK,2003-06-09,4.199999809265137,4.199999809265137,4.199999809265137,4.199999809265137,2000,3.0627012252807617,0.0,0.0
TECK,2003-06-10,4.199999809265137,4.199999809265137,4.199999809265137,4.199999809265137,0,3.0627012252807617,0.0,0.0
TECK,2003-06-11,4.199999809265137,4.199999809265137,4.199999809265137,4.199999809265137,0,3.0627012252807617,0.0,0.0
TECK,2003-06-12,4.199999809265137,4.199999809265137,4.199999809265137,4.199999809265137,0,3.0627012252807617,0.0,0.0
TECK,2003-06-13,4.150000095367432,4.215000152587891,4.150000095367432,4.215000152587891,1800,3.0736401081085205,0.0,0.0
TECK,2003-06-16,4.210000038146973,4.210000038146973,4.210000038146973,4.210000038146973,12000,3.0699944496154785,0.0,0.0
TECK,2003-06-17,4.224999904632568,4.224999904632568,4.184999942779541,4.224999904632568,1200,3.080932855606079,0.0,0.0
TECK,2003-06-18,4.224999904632568,4.224999904632568,4.224999904632568,4.224999904632568,0,3.080932855606079,0.0,0.0
TECK,2003-06-19,4.224999904632568,4.224999904632568,4.224999904632568,4.224999904632568,0,3.080932855606079,0.0,0.0
TECK,2003-06-20,4.224999904632568,4.224999904632568,4.224999904632568,4.224999904632568,0,3.080932855606079,0.0,0.0
TECK,2003-06-23,4.224999904632568,4.224999904632568,4.224999904632568,4.224999904632568,0,3.080932855606079,0.0,0.0
TECK,2003-06-24,4.224999904632568,4.224999904632568,4.224999904632568,4.224999904632568,0,3.080932855606079,0.0,0.0
TECK,2003-06-25,4.224999904632568,4.224999904632568,4.224999904632568,4.224999904632568,0,3.080932855606079,0.0,0.0
TECK,2003-06-26,4.0,4.019999980926514,4.0,4.010000228881836,11200,2.92415189743042,0.0,0.0
TECK,2003-06-27,4.0,4.0,4.0,4.0,400,2.9168593883514404,0.0,0.0
TECK,2003-06-30,4.175000190734863,4.175000190734863,4.175000190734863,4.175000190734863,3600,3.0444719791412354,0.0,0.0
TECK,2003-07-01,4.175000190734863,4.175000190734863,4.175000190734863,4.175000190734863,0,3.0444719791412354,0.0,0.0
TECK,2003-07-02,4.039999961853027,4.039999961853027,4.039999961853027,4.039999961853027,200,2.9460272789001465,0.0,0.0
TECK,2003-07-03,4.039999961853027,4.039999961853027,4.039999961853027,4.039999961853027,0,2.9460272789001465,0.0,0.0
TECK,2003-07-07,4.085000038146973,4.085000038146973,4.059999942779541,4.085000038146973,5000,2.978842258453369,0.0,0.0
TECK,2003-07-08,4.085000038146973,4.085000038146973,4.085000038146973,4.085000038146973,0,2.978842258453369,0.0,0.0
TECK,2003-07-09,4.045000076293945,4.074999809265137,4.045000076293945,4.045000076293945,1043000,2.949674129486084,0.0,0.0
TECK,2003-07-10,4.03000020980835,4.065000057220459,4.03000020980835,4.03000020980835,201600,2.938735008239746,0.0,0.0
TECK,2003-07-11,4.105000019073486,4.105000019073486,4.105000019073486,4.105000019073486,500000,2.993427276611328,0.0,0.0
TECK,2003-07-14,4.21999979019165,4.21999979019165,4.21999979019165,4.21999979019165,1600,3.0772860050201416,0.0,0.0
TECK,2003-07-15,4.119999885559082,4.119999885559082,4.119999885559082,4.119999885559082,4800,3.0043647289276123,0.0,0.0
TECK,2003-07-16,4.190000057220459,4.190000057220459,4.190000057220459,4.190000057220459,2000,3.055410385131836,0.0,0.0
TECK,2003-07-17,4.264999866485596,4.264999866485596,4.224999904632568,4.264999866485596,285800,3.1101019382476807,0.0,0.0
TECK,2003-07-18,4.25,4.25,4.25,4.25,400,3.099163055419922,0.0,0.0
TECK,2003-07-21,4.25,4.25,4.25,4.25,0,3.099163055419922,0.0,0.0
TECK,2003-07-22,4.264999866485596,4.335000038146973,4.264999866485596,4.320000171661377,2200,3.150207757949829,0.0,0.0
TECK,2003-07-23,4.369999885559082,4.369999885559082,4.369999885559082,4.369999885559082,200,3.1866681575775146,0.0,0.0
TECK,2003-07-24,4.559999942779541,4.559999942779541,4.434999942779541,4.46999979019165,24400,3.259589910507202,0.0,0.0
TECK,2003-07-25,4.605000019073486,4.605000019073486,4.550000190734863,4.585000038146973,4200,3.3434486389160156,0.0,0.0
TECK,2003-07-28,4.710000038146973,4.710000038146973,4.690000057220459,4.690000057220459,2400,3.4200167655944824,0.0,0.0
TECK,2003-07-29,4.599999904632568,4.625,4.599999904632568,4.625,2000,3.3726184368133545,0.0,0.0
TECK,2003-07-30,4.644999980926514,4.644999980926514,4.619999885559082,4.644999980926514,1200,3.387202739715576,0.0,0.0
TECK,2003-07-31,4.429999828338623,4.429999828338623,4.429999828338623,4.429999828338623,1000,3.230421543121338,0.0,0.0
TECK,2003-08-01,4.429999828338623,4.429999828338623,4.429999828338623,4.429999828338623,0,3.230421543121338,0.0,0.0
TECK,2003-08-04,4.429999828338623,4.429999828338623,4.429999828338623,4.429999828338623,0,3.230421543121338,0.0,0.0
TECK,2003-08-05,4.590000152587891,4.59499979019165,4.590000152587891,4.590000152587891,2600,3.3470962047576904,0.0,0.0
TECK,2003-08-06,4.5,4.510000228881836,4.5,4.510000228881836,8000,3.2887585163116455,0.0,0.0
TECK,2003-08-07,4.489999771118164,4.489999771118164,4.489999771118164,4.489999771118164,1000,3.274174451828003,0.0,0.0
TECK,2003-08-08,4.474999904632568,4.474999904632568,4.474999904632568,4.474999904632568,400,3.2632365226745605,0.0,0.0
TECK,2003-08-11,4.46999979019165,4.534999847412109,4.46999979019165,4.534999847412109,2600,3.3069889545440674,0.0,0.0
TECK,2003-08-12,4.480000019073486,4.480000019073486,4.349999904632568,4.409999847412109,5600,3.2158377170562744,0.0,0.0
TECK,2003-08-13,4.460000038146973,4.460000038146973,4.380000114440918,4.460000038146973,2800,3.252297878265381,0.0,0.0
TECK,2003-08-14,4.324999809265137,4.324999809265137,4.324999809265137,4.324999809265137,1000,3.1538546085357666,0.0,0.0
TECK,2003-08-15,4.324999809265137,4.324999809265137,4.324999809265137,4.324999809265137,1000,3.1538546085357666,0.0,0.0
TECK,2003-08-18,4.364999771118164,4.364999771118164,4.364999771118164,4.364999771118164,600,3.1830224990844727,0.0,0.0
TECK,2003-08-19,4.565000057220459,4.565000057220459,4.565000057220459,4.565000057220459,2000,3.328864812850952,0.0,0.0
TECK,2003-08-20,4.664999961853027,4.664999961853027,4.539999961853027,4.65500020980835,168000,3.3944945335388184,0.0,0.0
TECK,2003-08-21,4.889999866485596,4.889999866485596,4.764999866485596,4.885000228881836,96600,3.562213659286499,0.0,0.0
TECK,2003-08-22,4.90500020980835,4.90500020980835,4.900000095367432,4.90500020980835,5000,3.576798677444458,0.0,0.0
TECK,2003-08-25,4.84499979019165,4.949999809265137,4.84499979019165,4.84499979019165,2200,3.5330474376678467,0.0,0.0
TECK,2003-08-26,4.675000190734863,4.744999885559082,4.675000190734863,4.744999885559082,5400,3.4601235389709473,0.0,0.0
TECK,2003-08-27,4.75,4.75,4.635000228881836,4.635000228881836,3200,3.379911422729492,0.0,0.0
TECK,2003-08-28,4.635000228881836,4.635000228881836,4.635000228881836,4.635000228881836,0,3.379911422729492,0.0,0.0
TECK,2003-08-29,4.875,4.875,4.875,4.875,1000,3.554922342300415,0.0,0.0
TECK,2003-09-02,4.940000057220459,4.940000057220459,4.909999847412109,4.920000076293945,42400,3.5877373218536377,0.0,0.0
TECK,2003-09-03,4.989999771118164,4.989999771118164,4.989999771118164,4.989999771118164,400,3.6387810707092285,0.0,0.0
TECK,2003-09-04,5.03000020980835,5.03000020980835,5.03000020980835,5.03000020980835,200,3.6679506301879883,0.0,0.0
TECK,2003-09-05,5.059999942779541,5.059999942779541,5.059999942779541,5.059999942779541,100000,3.689826488494873,0.0,0.0
TECK,2003-09-08,5.054999828338623,5.054999828338623,5.0,5.054999828338623,4400,3.68618106842041,0.0,0.0
TECK,2003-09-09,5.150000095367432,5.150000095367432,5.074999809265137,5.150000095367432,100200,3.755455493927002,0.0,0.0
TECK,2003-09-10,5.184999942779541,5.184999942779541,5.150000095367432,5.150000095367432,40400,3.755455493927002,0.0,0.0
TECK,2003-09-11,5.150000095367432,5.150000095367432,5.09499979019165,5.150000095367432,22000,3.755455493927002,0.0,0.0
TECK,2003-09-12,5.239999771118164,5.239999771118164,5.21999979019165,5.21999979019165,24400,3.8065011501312256,0.0,0.0
TECK,2003-09-15,5.130000114440918,5.130000114440918,5.130000114440918,5.130000114440918,40000,3.740870714187622,0.0,0.0
TECK,2003-09-16,5.09499979019165,5.09499979019165,5.03000020980835,5.045000076293945,4600,3.678889036178589,0.0,0.0
TECK,2003-09-17,5.065000057220459,5.065000057220459,5.065000057220459,5.065000057220459,200,3.693472385406494,0.0,0.0
TECK,2003-09-18,5.485000133514404,5.485000133514404,5.28000020980835,5.485000133514404,46000,3.999741554260254,0.0,0.0
TECK,2003-09-19,5.570000171661377,5.570000171661377,5.570000171661377,5.570000171661377,6000,4.061727046966553,0.0,0.0
TECK,2003-09-22,5.5,5.65500020980835,5.5,5.5,44600,4.010680198669434,0.0,0.0
TECK,2003-09-23,5.65500020980835,5.65500020980835,5.5,5.5,44600,4.010680198669434,0.0,0.0
TECK,2003-09-24,5.5,5.5,5.485000133514404,5.5,3000,4.010680198669434,0.0,0.0
TECK,2003-09-25,5.489999771118164,5.489999771118164,5.489999771118164,5.489999771118164,400,4.00338888168335,0.0,0.0
TECK,2003-09-26,5.489999771118164,5.489999771118164,5.489999771118164,5.489999771118164,0,4.00338888168335,0.0,0.0
TECK,2003-09-29,5.239999771118164,5.335000038146973,5.239999771118164,5.335000038146973,2000,3.890359401702881,0.0,0.0
TECK,2003-09-30,5.315000057220459,5.315000057220459,5.315000057220459,5.315000057220459,13000,3.8757760524749756,0.0,0.0
TECK,2003-10-01,5.315000057220459,5.315000057220459,5.315000057220459,5.315000057220459,0,3.8757760524749756,0.0,0.0
TECK,2003-10-02,5.315000057220459,5.315000057220459,5.315000057220459,5.315000057220459,0,3.8757760524749756,0.0,0.0
TECK,2003-10-03,5.585000038146973,5.585000038146973,5.565000057220459,5.585000038146973,10800,4.0726637840271,0.0,0.0
TECK,2003-10-06,6.175000190734863,6.175000190734863,5.614999771118164,5.639999866485596,4600,4.112771034240723,0.0,0.0
TECK,2003-10-07,5.639999866485596,5.639999866485596,5.639999866485596,5.639999866485596,0,4.112771034240723,0.0,0.0
TECK,2003-10-08,5.96999979019165,5.96999979019165,5.945000171661377,5.965000152587891,41200,4.349765777587891,0.0,0.0
TECK,2003-10-09,5.90500020980835,5.90500020980835,5.90500020980835,5.90500020980835,4000,4.306014060974121,0.0,0.0
TECK,2003-10-10,6.019999980926514,6.019999980926514,6.005000114440918,6.005000114440918,2600,4.378934383392334,0.0,0.0
TECK,2003-10-13,6.005000114440918,6.005000114440918,6.005000114440918,6.005000114440918,0,4.378934383392334,0.0,0.0
TECK,2003-10-14,6.005000114440918,6.005000114440918,6.005000114440918,6.005000114440918,0,4.378934383392334,0.0,0.0
TECK,2003-10-15,6.324999809265137,6.324999809265137,6.324999809265137,6.324999809265137,1200,4.6122846603393555,0.0,0.0
TECK,2003-10-16,6.324999809265137,6.324999809265137,6.324999809265137,6.324999809265137,0,4.6122846603393555,0.0,0.0
TECK,2003-10-17,6.125,6.150000095367432,6.125,6.150000095367432,4200,4.484670162200928,0.0,0.0
TECK,2003-10-20,6.150000095367432,6.150000095367432,6.105000019073486,6.105000019073486,9000,4.451854228973389,0.0,0.0
TECK,2003-10-21,6.125,6.125,6.125,6.125,10000,4.466439723968506,0.0,0.0
TECK,2003-10-22,6.070000171661377,6.070000171661377,6.070000171661377,6.070000171661377,3200,4.426333904266357,0.0,0.0
TECK,2003-10-23,5.849999904632568,5.989999771118164,5.849999904632568,5.920000076293945,1400,4.316951751708984,0.0,0.0
TECK,2003-10-24,6.0,6.0,6.0,6.0,600,4.375288009643555,0.0,0.0
TECK,2003-10-27,6.074999809265137,6.074999809265137,5.855000019073486,6.074999809265137,2800,4.429980754852295,0.0,0.0
TECK,2003-10-28,6.215000152587891,6.215000152587891,6.215000152587891,6.215000152587891,4000,4.532069206237793,0.0,0.0
TECK,2003-10-29,6.215000152587891,6.215000152587891,6.215000152587891,6.215000152587891,0,4.532069206237793,0.0,0.0
TECK,2003-10-30,6.480000019073486,6.480000019073486,6.449999809265137,6.449999809265137,6000,4.703435897827148,0.0,0.0
TECK,2003-10-31,6.440000057220459,6.65500020980835,6.440000057220459,6.65500020980835,16000,4.85292387008667,0.0,0.0
TECK,2003-11-03,6.710000038146973,6.710000038146973,6.710000038146973,6.710000038146973,8000,4.893032550811768,0.0,0.0
TECK,2003-11-04,6.5,6.635000228881836,6.5,6.519999980926514,11400,4.754481315612793,0.0,0.0
TECK,2003-11-05,6.570000171661377,6.570000171661377,6.565000057220459,6.570000171661377,21000,4.79094123840332,0.0,0.0
TECK,2003-11-06,6.554999828338623,6.554999828338623,6.5,6.5,600,4.739895820617676,0.0,0.0
TECK,2003-11-07,6.394999980926514,6.420000076293945,6.394999980926514,6.414999961853027,5600,4.67791223526001,0.0,0.0
TECK,2003-11-10,6.414999961853027,6.414999961853027,6.414999961853027,6.414999961853027,0,4.67791223526001,0.0,0.0
TECK,2003-11-11,6.264999866485596,6.264999866485596,6.264999866485596,6.264999866485596,400,4.568530559539795,0.0,0.0
TECK,2003-11-12,6.389999866485596,6.389999866485596,6.389999866485596,6.389999866485596,2000,4.659682750701904,0.0,0.0
TECK,2003-11-13,6.619999885559082,6.619999885559082,6.394999980926514,6.619999885559082,55800,4.8274030685424805,0.0,0.0
TECK,2003-11-14,6.090000152587891,6.735000133514404,6.090000152587891,6.730000019073486,32200,4.907613754272461,0.0,0.0
TECK,2003-11-17,6.614999771118164,6.775000095367432,6.614999771118164,6.614999771118164,32400,4.823752403259277,0.0,0.0
TECK,2003-11-18,6.775000095367432,6.775000095367432,6.625,6.775000095367432,1200,4.940430164337158,0.0,0.0
TECK,2003-11-19,6.775000095367432,6.775000095367432,6.775000095367432,6.775000095367432,0,4.940430164337158,0.0,0.0
TECK,2003-11-20,6.440000057220459,6.545000076293945,6.440000057220459,6.440000057220459,7600,4.69614315032959,0.0,0.0
TECK,2003-11-21,6.440000057220459,6.440000057220459,6.440000057220459,6.440000057220459,0,4.69614315032959,0.0,0.0
TECK,2003-11-24,6.235000133514404,6.235000133514404,6.079999923706055,6.235000133514404,1400,4.546654224395752,0.0,0.0
TECK,2003-11-25,6.235000133514404,6.235000133514404,6.235000133514404,6.235000133514404,0,4.546654224395752,0.0,0.0
TECK,2003-11-26,6.235000133514404,6.235000133514404,6.235000133514404,6.235000133514404,0,4.546654224395752,0.0,0.0
TECK,2003-11-28,6.235000133514404,6.235000133514404,6.235000133514404,6.235000133514404,0,4.546654224395752,0.0,0.0
TECK,2003-12-01,6.864999771118164,6.885000228881836,6.784999847412109,6.864999771118164,247600,5.0060577392578125,0.0,0.0
TECK,2003-12-02,6.84499979019165,6.855000019073486,6.840000152587891,6.84499979019165,18000,4.991474628448486,0.0,0.0
TECK,2003-12-03,7.195000171661377,7.195000171661377,6.800000190734863,7.195000171661377,2600,5.246699333190918,0.0,0.0
TECK,2003-12-04,7.21999979019165,7.235000133514404,7.195000171661377,7.21999979019165,15200,5.2649312019348145,0.0,0.0
TECK,2003-12-05,7.599999904632568,7.599999904632568,7.46999979019165,7.599999904632568,1000,5.542031764984131,0.0,0.0
TECK,2003-12-08,7.585000038146973,7.684999942779541,7.585000038146973,7.585000038146973,3800,5.531093597412109,0.0,0.0
TECK,2003-12-09,7.704999923706055,7.704999923706055,7.695000171661377,7.704999923706055,8600,5.618599891662598,0.0,0.0
TECK,2003-12-10,7.255000114440918,7.454999923706055,7.255000114440918,7.255000114440918,44600,5.290454864501953,0.0,0.0
TECK,2003-12-11,7.150000095367432,7.150000095367432,7.150000095367432,7.150000095367432,20000,5.2138848304748535,0.0,0.0
TECK,2003-12-12,7.349999904632568,7.349999904632568,7.275000095367432,7.349999904632568,800,5.3597283363342285,0.0,0.0
TECK,2003-12-15,7.414999961853027,7.414999961853027,7.324999809265137,7.414999961853027,26800,5.407125473022461,0.0,0.0
TECK,2003-12-16,7.519999980926514,7.519999980926514,7.494999885559082,7.519999980926514,800,5.483694553375244,0.0,0.0
TECK,2003-12-17,7.710000038146973,7.710000038146973,7.53000020980835,7.710000038146973,3800,5.622247695922852,0.0,0.0
TECK,2003-12-18,8.074999809265137,8.074999809265137,7.940000057220459,8.074999809265137,60400,5.8884100914001465,0.0,0.0
TECK,2003-12-19,7.914999961853027,8.0649995803833,7.889999866485596,7.914999961853027,11800,5.771735191345215,0.0,0.0
TECK,2003-12-22,7.925000190734863,8.015000343322754,7.894999980926514,7.925000190734863,54600,5.779026985168457,0.0,0.0
TECK,2003-12-23,7.965000152587891,8.0,7.90500020980835,7.965000152587891,276200,5.808196067810059,0.0,0.0
TECK,2003-12-24,7.965000152587891,7.965000152587891,7.965000152587891,7.965000152587891,0,5.808196067810059,0.0,0.0
TECK,2003-12-26,7.965000152587891,7.965000152587891,7.965000152587891,7.965000152587891,0,5.808196067810059,0.0,0.0
TECK,2003-12-29,8.1899995803833,8.1899995803833,8.1899995803833,8.1899995803833,2000,5.972268581390381,0.0,0.0
TECK,2003-12-30,8.399999618530273,8.470000267028809,8.375,8.399999618530273,4400,6.125402450561523,0.0,0.0
TECK,2003-12-31,8.520000457763672,8.520000457763672,8.475000381469727,8.520000457763672,4600,6.212907791137695,0.0,0.0
TECK,2004-01-02,8.699999809265137,8.699999809265137,8.595000267028809,8.699999809265137,800,6.344169616699219,0.0,0.0
TECK,2004-01-05,8.930000305175781,8.930000305175781,8.930000305175781,8.930000305175781,20000,6.511887550354004,0.0,0.0
TECK,2004-01-06,8.765000343322754,8.904999732971191,8.744999885559082,8.765000343322754,50600,6.391567230224609,0.0,0.0
TECK,2004-01-07,8.125,8.680000305175781,8.125,8.125,4200,5.924868106842041,0.0,0.0
TECK,2004-01-08,8.28499984741211,8.375,8.28499984741211,8.28499984741211,4400,6.0415425300598145,0.0,0.0
TECK,2004-01-09,8.385000228881836,8.385000228881836,8.385000228881836,8.385000228881836,600,6.114465236663818,0.0,0.0
TECK,2004-01-12,8.164999961853027,8.164999961853027,8.050000190734863,8.164999961853027,11000,5.954038143157959,0.0,0.0
TECK,2004-01-13,8.149999618530273,8.149999618530273,8.149999618530273,8.149999618530273,1000,5.943098545074463,0.0,0.0
TECK,2004-01-14,8.020000457763672,8.029999732971191,7.954999923706055,8.020000457763672,6000,5.84830379486084,0.0,0.0
TECK,2004-01-15,7.849999904632568,7.849999904632568,7.849999904632568,7.849999904632568,200,5.72433614730835,0.0,0.0
TECK,2004-01-16,7.925000190734863,7.934999942779541,7.925000190734863,7.925000190734863,400,5.779026985168457,0.0,0.0
TECK,2004-01-20,8.414999961853027,8.414999961853027,8.414999961853027,8.414999961853027,10000,6.136340618133545,0.0,0.0
TECK,2004-01-21,8.414999961853027,8.414999961853027,8.414999961853027,8.414999961853027,0,6.136340618133545,0.0,0.0
TECK,2004-01-22,8.225000381469727,8.265000343322754,8.199999809265137,8.225000381469727,4400,5.997793674468994,0.0,0.0
TECK,2004-01-23,8.079999923706055,8.079999923706055,8.079999923706055,8.079999923706055,10000,5.892054557800293,0.0,0.0
TECK,2004-01-26,7.815000057220459,7.815000057220459,7.775000095367432,7.815000057220459,5000,5.6988139152526855,0.0,0.0
TECK,2004-01-27,7.815000057220459,7.815000057220459,7.815000057220459,7.815000057220459,0,5.6988139152526855,0.0,0.0
TECK,2004-01-28,7.635000228881836,7.635000228881836,7.635000228881836,7.635000228881836,400,5.567554950714111,0.0,0.0
TECK,2004-01-29,7.414999961853027,7.514999866485596,7.414999961853027,7.414999961853027,10400,5.407125473022461,0.0,0.0
TECK,2004-01-30,7.510000228881836,7.559999942779541,7.264999866485596,7.510000228881836,17200,5.476404666900635,0.0,0.0
TECK,2004-02-02,7.579999923706055,7.579999923706055,7.579999923706055,7.579999923706055,400,5.527446746826172,0.0,0.0
TECK,2004-02-03,7.710000038146973,7.710000038146973,7.690000057220459,7.710000038146973,3800,5.622247695922852,0.0,0.0
TECK,2004-02-04,7.945000171661377,8.114999771118164,7.889999866485596,7.945000171661377,67600,5.793612003326416,0.0,0.0
TECK,2004-02-05,7.945000171661377,8.024999618530273,7.945000171661377,7.945000171661377,202400,5.793612003326416,0.0,0.0
TECK,2004-02-06,8.385000228881836,8.385000228881836,8.28499984741211,8.385000228881836,9200,6.114465236663818,0.0,0.0
TECK,2004-02-09,8.479999542236328,8.5,8.449999809265137,8.479999542236328,7800,6.18373966217041,0.0,0.0
TECK,2004-02-10,8.770000457763672,8.770000457763672,8.744999885559082,8.770000457763672,2000,6.395215034484863,0.0,0.0
TECK,2004-02-11,9.03499984741211,9.03499984741211,8.779999732971191,9.03499984741211,4000,6.588456153869629,0.0,0.0
TECK,2004-02-12,9.324999809265137,9.345000267028809,9.260000228881836,9.324999809265137,8800,6.799928188323975,0.0,0.0
TECK,2004-02-13,9.319999694824219,9.319999694824219,9.319999694824219,9.319999694824219,400,6.7962799072265625,0.0,0.0
TECK,2004-02-17,9.395000457763672,9.395000457763672,9.274999618530273,9.395000457763672,14200,6.850972652435303,0.0,0.0
TECK,2004-02-18,9.369999885559082,9.640000343322754,9.354999542236328,9.369999885559082,5400,6.832743167877197,0.0,0.0
TECK,2004-02-19,9.399999618530273,9.40999984741211,9.34000015258789,9.399999618530273,52800,6.854617595672607,0.0,0.0
TECK,2004-02-20,9.274999618530273,9.350000381469727,9.274999618530273,9.274999618530273,18000,6.763466835021973,0.0,0.0
TECK,2004-02-23,9.274999618530273,9.274999618530273,9.274999618530273,9.274999618530273,0,6.763466835021973,0.0,0.0
TECK,2004-02-24,9.295000076293945,9.295000076293945,9.274999618530273,9.295000076293945,3200,6.778051853179932,0.0,0.0
TECK,2004-02-25,9.104999542236328,9.119999885559082,9.09000015258789,9.104999542236328,50000,6.639499187469482,0.0,0.0
TECK,2004-02-26,9.010000228881836,9.010000228881836,9.010000228881836,9.010000228881836,1000,6.570223331451416,0.0,0.0
TECK,2004-02-27,9.329999923706055,9.375,9.289999961853027,9.329999923706055,17600,6.8035736083984375,0.0,0.0
TECK,2004-03-01,9.729999542236328,9.729999542236328,9.510000228881836,9.729999542236328,15600,7.095258712768555,0.0,0.0
TECK,2004-03-02,9.574999809265137,9.574999809265137,9.574999809265137,9.574999809265137,200,6.982229709625244,0.0,0.0
TECK,2004-03-03,9.239999771118164,9.425000190734863,9.225000381469727,9.239999771118164,5600,6.737947463989258,0.0,0.0
TECK,2004-03-04,9.229999542236328,9.229999542236328,9.229999542236328,9.229999542236328,1000,6.73065185546875,0.0,0.0
TECK,2004-03-05,9.779999732971191,9.819999694824219,9.744999885559082,9.779999732971191,118000,7.131718158721924,0.0,0.0
TECK,2004-03-08,9.704999923706055,9.755000114440918,9.680000305175781,9.704999923706055,3400,7.077030181884766,0.0,0.0
TECK,2004-03-09,9.375,9.539999961853027,9.350000381469727,9.375,6200,6.836389541625977,0.0,0.0
TECK,2004-03-10,8.710000038146973,8.71500015258789,8.699999809265137,8.710000038146973,10000,6.351461410522461,0.0,0.0
TECK,2004-03-11,8.710000038146973,8.710000038146973,8.710000038146973,8.710000038146973,0,6.351461410522461,0.0,0.0
TECK,2004-03-12,9.015000343322754,9.015000343322754,8.854999542236328,9.015000343322754,3000,6.5738701820373535,0.0,0.0
TECK,2004-03-15,8.614999771118164,8.994999885559082,8.550000190734863,8.614999771118164,20600,6.2821855545043945,0.0,0.0
TECK,2004-03-16,8.654999732971191,8.835000038146973,8.630000114440918,8.654999732971191,21800,6.3113532066345215,0.0,0.0
TECK,2004-03-17,8.835000038146973,8.835000038146973,8.720000267028809,8.835000038146973,10000,6.44261360168457,0.0,0.0
TECK,2004-03-18,9.0600004196167,9.0600004196167,8.944999694824219,9.0600004196167,14200,6.606686115264893,0.0,0.0
TECK,2004-03-19,9.199999809265137,9.199999809265137,9.199999809265137,9.199999809265137,400,6.708774089813232,0.0,0.0
TECK,2004-03-22,9.055000305175781,9.055000305175781,9.055000305175781,9.055000305175781,10000,6.603041648864746,0.0,0.0
TECK,2004-03-23,9.0600004196167,9.074999809265137,9.039999961853027,9.0600004196167,11200,6.606686115264893,0.0,0.0
TECK,2004-03-24,8.545000076293945,8.59000015258789,8.545000076293945,8.545000076293945,7000,6.231139659881592,0.0,0.0
TECK,2004-03-25,8.619999885559082,8.619999885559082,8.619999885559082,8.619999885559082,1000,6.285828590393066,0.0,0.0
TECK,2004-03-26,8.835000038146973,8.835000038146973,8.835000038146973,8.835000038146973,400,6.44261360168457,0.0,0.0
TECK,2004-03-29,9.145000457763672,9.574999809265137,9.145000457763672,9.145000457763672,6000,6.668670177459717,0.0,0.0
TECK,2004-03-30,9.125,9.125,9.069999694824219,9.125,2400,6.654086112976074,0.0,0.0
TECK,2004-03-31,9.319999694824219,9.329999923706055,9.274999618530273,9.319999694824219,11600,6.7962799072265625,0.0,0.0
TECK,2004-04-01,9.319999694824219,9.479999542236328,9.319999694824219,9.479999542236328,10800,6.912956237792969,0.0,0.0
TECK,2004-04-02,9.479999542236328,9.645000457763672,9.479999542236328,9.645000457763672,40000,7.0332746505737305,0.0,0.0
TECK,2004-04-05,9.645000457763672,9.760000228881836,9.574999809265137,9.574999809265137,4800,6.982229709625244,0.0,0.0
TECK,2004-04-06,9.574999809265137,9.574999809265137,9.460000038146973,9.460000038146973,1200,6.898370742797852,0.0,0.0
TECK,2004-04-07,9.460000038146973,9.460000038146973,9.199999809265137,9.199999809265137,6800,6.708774089813232,0.0,0.0
TECK,2004-04-08,9.199999809265137,9.199999809265137,8.925000190734863,9.09000015258789,3000,6.628559589385986,0.0,0.0
TECK,2004-04-12,9.09000015258789,9.09000015258789,8.970000267028809,8.970000267028809,40000,6.541057109832764,0.0,0.0
TECK,2004-04-13,8.970000267028809,8.970000267028809,8.970000267028809,8.970000267028809,0,6.541057109832764,0.0,0.0
TECK,2004-04-14,8.970000267028809,8.970000267028809,8.399999618530273,8.510000228881836,21600,6.2056169509887695,0.0,0.0
TECK,2004-04-15,8.510000228881836,8.510000228881836,8.289999961853027,8.385000228881836,44800,6.114465236663818,0.0,0.0
TECK,2004-04-16,8.385000228881836,8.6850004196167,8.385000228881836,8.6850004196167,23000,6.333228588104248,0.0,0.0
TECK,2004-04-19,8.6850004196167,8.859999656677246,8.6850004196167,8.859999656677246,2200,6.460843086242676,0.0,0.0
TECK,2004-04-20,8.859999656677246,8.859999656677246,8.399999618530273,8.399999618530273,25000,6.125402450561523,0.0,0.0
TECK,2004-04-21,8.399999618530273,8.399999618530273,8.399999618530273,8.399999618530273,0,6.125402450561523,0.0,0.0
TECK,2004-04-22,8.399999618530273,8.460000038146973,8.3149995803833,8.460000038146973,6400,6.169157981872559,0.0,0.0
TECK,2004-04-23,8.460000038146973,8.460000038146973,8.100000381469727,8.170000076293945,3600,5.957684516906738,0.0,0.0
TECK,2004-04-26,8.170000076293945,8.204999923706055,8.109999656677246,8.204999923706055,42000,5.983206748962402,0.0,0.0
TECK,2004-04-27,8.204999923706055,8.204999923706055,7.894999980926514,7.949999809265137,41000,5.797256946563721,0.0,0.0
TECK,2004-04-28,7.949999809265137,7.949999809265137,7.409999847412109,7.409999847412109,1400,5.403480529785156,0.0,0.0
TECK,2004-04-29,7.409999847412109,7.625,7.409999847412109,7.625,4000,5.560263156890869,0.0,0.0
TECK,2004-04-30,7.625,7.744999885559082,7.485000133514404,7.485000133514404,8600,5.45817232131958,0.0,0.0
TECK,2004-05-03,7.485000133514404,8.010000228881836,7.485000133514404,8.0,9400,5.833718776702881,0.0,0.0
TECK,2004-05-04,8.0,8.024999618530273,7.840000152587891,7.849999904632568,13600,5.72433614730835,0.0,0.0
TECK,2004-05-05,7.849999904632568,7.965000152587891,7.849999904632568,7.965000152587891,4000,5.808196067810059,0.0,0.0
TECK,2004-05-06,7.965000152587891,7.96999979019165,7.965000152587891,7.96999979019165,2000,5.811842441558838,0.0,0.0
TECK,2004-05-07,7.96999979019165,7.96999979019165,7.355000019073486,7.369999885559082,26000,5.374312400817871,0.0,0.0
TECK,2004-05-10,7.369999885559082,7.414999961853027,7.230000019073486,7.414999961853027,5400,5.407125473022461,0.0,0.0
TECK,2004-05-11,7.414999961853027,7.414999961853027,7.414999961853027,7.414999961853027,0,5.407125473022461,0.0,0.0
TECK,2004-05-12,7.414999961853027,7.414999961853027,7.414999961853027,7.414999961853027,0,5.407125473022461,0.0,0.0
TECK,2004-05-13,7.414999961853027,7.849999904632568,7.414999961853027,7.449999809265137,2000,5.432651519775391,0.0,0.0
TECK,2004-05-14,7.449999809265137,7.449999809265137,7.414999961853027,7.414999961853027,20000,5.407125473022461,0.0,0.0
TECK,2004-05-17,7.414999961853027,7.414999961853027,7.414999961853027,7.414999961853027,0,5.407125473022461,0.0,0.0
TECK,2004-05-18,7.414999961853027,7.414999961853027,7.414999961853027,7.414999961853027,0,5.407125473022461,0.0,0.0
TECK,2004-05-19,7.414999961853027,8.0,7.414999961853027,8.0,400,5.833718776702881,0.0,0.0
TECK,2004-05-20,8.0,8.0,8.0,8.0,200,5.833718776702881,0.0,0.0
TECK,2004-05-21,8.0,8.1850004196167,8.0,8.170000076293945,1600,5.957684516906738,0.0,0.0
TECK,2004-05-24,8.170000076293945,8.170000076293945,8.170000076293945,8.170000076293945,0,5.957684516906738,0.0,0.0
TECK,2004-05-25,8.170000076293945,8.345000267028809,5.494999885559082,8.345000267028809,66600,6.085298538208008,0.0,0.0
TECK,2004-05-26,8.345000267028809,8.375,8.265000343322754,8.375,48600,6.107172966003418,0.0,0.0
TECK,2004-05-27,8.375,8.475000381469727,8.375,8.475000381469727,6000,6.18009614944458,0.0,0.0
TECK,2004-05-28,8.475000381469727,8.475000381469727,8.475000381469727,8.475000381469727,0,6.18009614944458,0.0,0.0
TECK,2004-06-01,8.475000381469727,8.505000114440918,8.475000381469727,8.5,1600,6.198326110839844,0.0,0.0
TECK,2004-06-02,8.5,8.5,8.5,8.5,0,6.198326110839844,0.0,0.0
TECK,2004-06-03,8.5,8.574999809265137,8.300000190734863,8.300000190734863,9000,6.052483081817627,0.0,0.0
TECK,2004-06-04,8.300000190734863,8.385000228881836,8.300000190734863,8.369999885559082,6600,6.103528022766113,0.0,0.0
TECK,2004-06-07,8.369999885559082,8.460000038146973,8.369999885559082,8.460000038146973,2000,6.169157981872559,0.0,0.0
TECK,2004-06-08,8.460000038146973,8.460000038146973,8.460000038146973,8.460000038146973,0,6.169157981872559,0.0,0.0
TECK,2004-06-09,8.460000038146973,8.739999771118164,8.460000038146973,8.529999732971191,10600,6.220203876495361,0.0,0.0
TECK,2004-06-10,8.529999732971191,8.529999732971191,8.425000190734863,8.425000190734863,800,6.1436357498168945,0.0,0.0
TECK,2004-06-14,8.425000190734863,8.425000190734863,8.335000038146973,8.335000038146973,1600,6.078007221221924,0.0,0.0
TECK,2004-06-15,8.335000038146973,8.335000038146973,8.335000038146973,8.335000038146973,0,6.078007221221924,0.0,0.0
TECK,2004-06-16,8.335000038146973,8.335000038146973,8.28499984741211,8.3100004196167,4400,6.059773921966553,0.0,0.0
TECK,2004-06-17,8.3100004196167,8.3100004196167,8.3100004196167,8.3100004196167,0,6.059773921966553,0.0,0.0
TECK,2004-06-18,8.3100004196167,8.3100004196167,8.3100004196167,8.3100004196167,0,6.059773921966553,0.0,0.0
TECK,2004-06-21,8.3100004196167,8.3100004196167,8.3100004196167,8.3100004196167,0,6.059773921966553,0.0,0.0
TECK,2004-06-22,8.3100004196167,8.734999656677246,8.3100004196167,8.734999656677246,2000,6.369692802429199,0.0,0.0
TECK,2004-06-23,8.734999656677246,8.9350004196167,8.734999656677246,8.9350004196167,1200,6.515535354614258,0.0,0.0
TECK,2004-06-24,8.9350004196167,8.9350004196167,8.864999771118164,8.864999771118164,200,6.464489936828613,0.0,0.0
TECK,2004-06-25,8.864999771118164,8.864999771118164,8.864999771118164,8.864999771118164,0,6.464489936828613,0.0,0.0
TECK,2004-06-28,8.864999771118164,8.864999771118164,8.864999771118164,8.864999771118164,0,6.464489936828613,0.0,0.0
TECK,2004-06-29,8.885000228881836,8.885000228881836,8.885000228881836,8.885000228881836,2000,6.479073524475098,0.0,0.0
TECK,2004-06-30,9.03499984741211,9.03499984741211,9.010000228881836,9.03499984741211,400,6.588456153869629,0.0,0.0
TECK,2004-07-01,9.03499984741211,9.03499984741211,9.03499984741211,9.03499984741211,0,6.588456153869629,0.0,0.0
TECK,2004-07-02,8.739999771118164,9.0649995803833,8.725000381469727,8.739999771118164,3400,6.373336315155029,0.0,0.0
TECK,2004-07-06,8.739999771118164,8.739999771118164,8.739999771118164,8.739999771118164,0,6.373336315155029,0.0,0.0
TECK,2004-07-07,8.734999656677246,8.734999656677246,8.734999656677246,8.734999656677246,600,6.369692802429199,0.0,0.0
TECK,2004-07-08,8.479999542236328,8.854999542236328,8.479999542236328,8.479999542236328,13800,6.18373966217041,0.0,0.0
TECK,2004-07-09,8.954999923706055,8.954999923706055,8.805000305175781,8.954999923706055,4200,6.530118465423584,0.0,0.0
TECK,2004-07-12,9.100000381469727,9.100000381469727,9.074999809265137,9.100000381469727,800,6.635852813720703,0.0,0.0
TECK,2004-07-13,8.979999542236328,8.979999542236328,8.979999542236328,8.979999542236328,200,6.548348903656006,0.0,0.0
TECK,2004-07-14,8.979999542236328,8.979999542236328,8.979999542236328,8.979999542236328,0,6.548348903656006,0.0,0.0
TECK,2004-07-15,9.154999732971191,9.154999732971191,9.135000228881836,9.154999732971191,800,6.675960540771484,0.0,0.0
TECK,2004-07-16,9.25,9.25,9.25,9.25,600,6.745236873626709,0.0,0.0
TECK,2004-07-19,9.585000038146973,9.585000038146973,9.420000076293945,9.585000038146973,20600,6.9895219802856445,0.0,0.0
TECK,2004-07-20,9.359999656677246,9.569999694824219,9.335000038146973,9.359999656677246,4000,6.8254499435424805,0.0,0.0
TECK,2004-07-21,9.359999656677246,9.395000457763672,9.335000038146973,9.359999656677246,5200,6.8254499435424805,0.0,0.0
TECK,2004-07-22,9.359999656677246,9.359999656677246,9.359999656677246,9.359999656677246,0,6.8254499435424805,0.0,0.0
TECK,2004-07-23,9.359999656677246,9.359999656677246,9.359999656677246,9.359999656677246,0,6.8254499435424805,0.0,0.0
TECK,2004-07-26,8.649999618530273,8.78499984741211,8.649999618530273,8.649999618530273,1000,6.307709217071533,0.0,0.0
TECK,2004-07-27,8.649999618530273,8.649999618530273,8.649999618530273,8.649999618530273,0,6.307709217071533,0.0,0.0
TECK,2004-07-28,8.649999618530273,8.649999618530273,8.649999618530273,8.649999618530273,0,6.307709217071533,0.0,0.0
TECK,2004-07-29,9.024999618530273,9.024999618530273,9.024999618530273,9.024999618530273,800,6.58116340637207,0.0,0.0
TECK,2004-07-30,9.024999618530273,9.024999618530273,9.024999618530273,9.024999618530273,0,6.58116340637207,0.0,0.0
TECK,2004-08-02,9.024999618530273,9.024999618530273,9.024999618530273,9.024999618530273,0,6.58116340637207,0.0,0.0
TECK,2004-08-03,9.375,9.390000343322754,9.220000267028809,9.375,4200,6.836389541625977,0.0,0.0
TECK,2004-08-04,9.375,9.375,9.375,9.375,0,6.836389541625977,0.0,0.0
TECK,2004-08-05,9.375,9.375,9.375,9.375,0,6.836389541625977,0.0,0.0
TECK,2004-08-06,8.824999809265137,8.824999809265137,8.725000381469727,8.824999809265137,4600,6.435319900512695,0.0,0.0
TECK,2004-08-09,8.824999809265137,8.824999809265137,8.824999809265137,8.824999809265137,0,6.435319900512695,0.0,0.0
TECK,2004-08-10,8.824999809265137,8.824999809265137,8.824999809265137,8.824999809265137,0,6.435319900512695,0.0,0.0
TECK,2004-08-11,8.824999809265137,8.824999809265137,8.824999809265137,8.824999809265137,0,6.435319900512695,0.0,0.0
TECK,2004-08-12,8.539999961853027,8.539999961853027,8.539999961853027,8.539999961853027,10000,6.2274956703186035,0.0,0.0
TECK,2004-08-13,8.539999961853027,8.539999961853027,8.539999961853027,8.539999961853027,0,6.2274956703186035,0.0,0.0
TECK,2004-08-16,9.390000343322754,9.390000343322754,9.390000343322754,9.390000343322754,30600,6.847326755523682,0.0,0.0
TECK,2004-08-17,9.649999618530273,9.649999618530273,9.604999542236328,9.649999618530273,4600,7.036924362182617,0.0,0.0
TECK,2004-08-18,9.449999809265137,9.449999809265137,9.425000190734863,9.449999809265137,52000,6.8910813331604,0.0,0.0
TECK,2004-08-19,9.550000190734863,9.550000190734863,9.470000267028809,9.550000190734863,16200,6.964001178741455,0.0,0.0
TECK,2004-08-20,9.585000038146973,9.585000038146973,9.585000038146973,9.585000038146973,800,6.9895219802856445,0.0,0.0
TECK,2004-08-23,9.505000114440918,9.640000343322754,9.489999771118164,9.505000114440918,11000,6.931188106536865,0.0,0.0
TECK,2004-08-24,9.524999618530273,9.524999618530273,9.524999618530273,9.524999618530273,10000,6.945772171020508,0.0,0.0
TECK,2004-08-25,9.649999618530273,9.699999809265137,9.510000228881836,9.649999618530273,28200,7.036924362182617,0.0,0.0
TECK,2004-08-26,9.694999694824219,9.694999694824219,9.640000343322754,9.694999694824219,800,7.069733619689941,0.0,0.0
TECK,2004-08-27,9.694999694824219,9.694999694824219,9.694999694824219,9.694999694824219,0,7.069733619689941,0.0,0.0
TECK,2004-08-30,9.725000381469727,9.725000381469727,9.5649995803833,9.725000381469727,600,7.09161376953125,0.0,0.0
TECK,2004-08-31,9.734999656677246,9.734999656677246,9.65999984741211,9.734999656677246,400,7.098906517028809,0.0,0.0
TECK,2004-09-01,12.5,12.5,9.8149995803833,12.5,29000,9.115185737609863,0.0,0.0
TECK,2004-09-02,9.850000381469727,9.850000381469727,9.835000038146973,9.850000381469727,23400,7.182765960693359,0.0,0.0
TECK,2004-09-03,9.850000381469727,9.850000381469727,9.850000381469727,9.850000381469727,0,7.182765960693359,0.0,0.0
TECK,2004-09-07,9.850000381469727,9.850000381469727,9.850000381469727,9.850000381469727,0,7.182765960693359,0.0,0.0
TECK,2004-09-08,9.8149995803833,9.8149995803833,9.6850004196167,9.8149995803833,3000,7.157241344451904,0.0,0.0
TECK,2004-09-09,9.8149995803833,9.8149995803833,9.8149995803833,9.8149995803833,0,7.157241344451904,0.0,0.0
TECK,2004-09-10,10.015000343322754,10.03499984741211,9.96500015258789,10.015000343322754,252400,7.3030853271484375,0.0,0.0
TECK,2004-09-13,10.0,10.010000228881836,10.0,10.0,60400,7.292147159576416,0.0,0.0
TECK,2004-09-14,10.180000305175781,10.199999809265137,10.03499984741211,10.180000305175781,8200,7.423406600952148,0.0,0.0
TECK,2004-09-15,10.3100004196167,10.329999923706055,10.0649995803833,10.3100004196167,149000,7.5182037353515625,0.0,0.0
TECK,2004-09-16,10.645000457763672,10.645000457763672,10.4350004196167,10.645000457763672,15000,7.762491703033447,0.0,0.0
TECK,2004-09-17,10.53499984741211,10.53499984741211,10.53499984741211,10.53499984741211,5000,7.682277202606201,0.0,0.0
TECK,2004-09-20,10.710000038146973,10.71500015258789,10.710000038146973,10.710000038146973,3400,7.809886932373047,0.0,0.0
TECK,2004-09-21,10.604999542236328,10.914999961853027,10.555000305175781,10.604999542236328,3600,7.733321666717529,0.0,0.0
TECK,2004-09-22,10.604999542236328,10.604999542236328,10.604999542236328,10.604999542236328,400,7.733321666717529,0.0,0.0
TECK,2004-09-23,10.604999542236328,10.604999542236328,10.604999542236328,10.604999542236328,0,7.733321666717529,0.0,0.0
TECK,2004-09-24,10.75,10.800000190734863,10.53499984741211,10.75,194800,7.839059829711914,0.0,0.0
TECK,2004-09-27,10.725000381469727,10.774999618530273,10.725000381469727,10.725000381469727,100200,7.820830345153809,0.0,0.0
TECK,2004-09-28,10.819999694824219,10.819999694824219,10.699999809265137,10.819999694824219,890600,7.890101909637451,0.0,0.0
TECK,2004-09-29,10.789999961853027,10.899999618530273,10.774999618530273,10.789999961853027,246200,7.868226528167725,0.0,0.0
TECK,2004-09-30,10.850000381469727,10.864999771118164,10.800000190734863,10.850000381469727,203600,7.911980628967285,0.0,0.0
TECK,2004-10-01,10.869999885559082,10.869999885559082,10.869999885559082,10.869999885559082,80000,7.926563262939453,0.0,0.0
TECK,2004-10-04,10.949999809265137,11.100000381469727,10.949999809265137,10.949999809265137,155400,7.984902381896973,0.0,0.0
TECK,2004-10-05,10.859999656677246,10.9399995803833,10.760000228881836,10.859999656677246,293600,7.9192728996276855,0.0,0.0
TECK,2004-10-06,11.359999656677246,11.470000267028809,11.260000228881836,11.359999656677246,320400,8.283882141113281,0.0,0.0
TECK,2004-10-07,11.204999923706055,11.40999984741211,11.15999984741211,11.204999923706055,89000,8.17085075378418,0.0,0.0
TECK,2004-10-08,11.524999618530273,11.579999923706055,11.520000457763672,11.524999618530273,150600,8.40420150756836,0.0,0.0
TECK,2004-10-11,11.524999618530273,11.524999618530273,11.524999618530273,11.524999618530273,0,8.40420150756836,0.0,0.0
TECK,2004-10-12,11.125,11.4399995803833,11.104999542236328,11.125,6400,8.112512588500977,0.0,0.0
TECK,2004-10-13,10.675000190734863,10.744999885559082,10.635000228881836,10.675000190734863,35200,7.78436803817749,0.0,0.0
TECK,2004-10-14,10.845000267028809,10.845000267028809,10.845000267028809,10.845000267028809,1000,7.908335208892822,0.0,0.0
TECK,2004-10-15,10.949999809265137,11.029999732971191,10.84000015258789,10.949999809265137,17400,7.984902381896973,0.0,0.0
TECK,2004-10-18,11.335000038146973,11.335000038146973,11.109999656677246,11.335000038146973,24200,8.265647888183594,0.0,0.0
TECK,2004-10-19,11.345000267028809,11.345000267028809,11.345000267028809,11.345000267028809,1200,8.272943496704102,0.0,0.0
TECK,2004-10-20,11.229999542236328,11.229999542236328,11.229999542236328,11.229999542236328,1600,8.189082145690918,0.0,0.0
TECK,2004-10-21,11.0649995803833,11.0649995803833,11.0649995803833,11.0649995803833,600,8.068763732910156,0.0,0.0
TECK,2004-10-22,11.890000343322754,11.90999984741211,11.890000343322754,11.890000343322754,23800,8.670361518859863,0.0,0.0
TECK,2004-10-25,12.135000228881836,12.239999771118164,12.135000228881836,12.135000228881836,97600,8.849021911621094,0.0,0.0
TECK,2004-10-26,11.78499984741211,12.28499984741211,11.78499984741211,11.78499984741211,26600,8.593796730041504,0.0,0.0
TECK,2004-10-27,11.954999923706055,12.0600004196167,11.949999809265137,11.954999923706055,27600,8.717761993408203,0.0,0.0
TECK,2004-10-28,11.670000076293945,11.670000076293945,11.649999618530273,11.670000076293945,20000,8.50993824005127,0.0,0.0
TECK,2004-10-29,11.670000076293945,11.670000076293945,11.670000076293945,11.670000076293945,0,8.50993824005127,0.0,0.0
TECK,2004-11-01,12.109999656677246,12.109999656677246,12.010000228881836,12.109999656677246,20600,8.830789566040039,0.0,0.0
TECK,2004-11-02,12.149999618530273,12.204999923706055,12.085000038146973,12.149999618530273,1600,8.85996150970459,0.0,0.0
TECK,2004-11-03,12.484999656677246,12.484999656677246,12.484999656677246,12.484999656677246,20000,9.104249000549316,0.0,0.0
TECK,2004-11-04,12.6899995803833,12.6899995803833,12.324999809265137,12.6899995803833,12600,9.253735542297363,0.0,0.0
TECK,2004-11-05,12.640000343322754,12.744999885559082,12.640000343322754,12.640000343322754,14600,9.217275619506836,0.0,0.0
TECK,2004-11-08,12.654999732971191,12.654999732971191,12.489999771118164,12.654999732971191,30000,9.228218078613281,0.0,0.0
TECK,2004-11-09,12.914999961853027,13.100000381469727,12.78499984741211,12.914999961853027,26800,9.417810440063477,0.0,0.0
TECK,2004-11-10,12.925000190734863,13.045000076293945,12.885000228881836,12.925000190734863,2600,9.425101280212402,0.0,0.0
TECK,2004-11-11,13.0,13.0,13.0,13.0,1000,9.479791641235352,0.0,0.0
TECK,2004-11-12,13.5,13.510000228881836,13.5,13.5,20200,9.84439754486084,0.0,0.0
TECK,2004-11-15,13.609999656677246,14.024999618530273,13.524999618530273,13.609999656677246,11800,9.924613952636719,0.0,0.0
TECK,2004-11-16,14.109999656677246,14.109999656677246,13.664999961853027,14.109999656677246,13600,10.28922176361084,0.0,0.0
TECK,2004-11-17,14.449999809265137,14.479999542236328,14.425000190734863,14.449999809265137,23800,10.537152290344238,0.0,0.0
TECK,2004-11-18,14.375,14.824999809265137,14.375,14.375,54200,10.482460975646973,0.0,0.0
TECK,2004-11-19,14.579999923706055,14.579999923706055,14.335000038146973,14.579999923706055,2400,10.631953239440918,0.0,0.0
TECK,2004-11-22,14.475000381469727,14.755000114440918,14.46500015258789,14.475000381469727,52600,10.555383682250977,0.0,0.0
TECK,2004-11-23,14.640000343322754,14.699999809265137,14.364999771118164,14.640000343322754,17000,10.675704956054688,0.0,0.0
TECK,2004-11-24,14.829999923706055,14.925000190734863,14.829999923706055,14.829999923706055,9400,10.814250946044922,0.0,0.0
TECK,2004-11-26,15.3149995803833,15.350000381469727,14.960000038146973,15.3149995803833,8600,11.167924880981445,0.0,0.0
TECK,2004-11-29,15.510000228881836,15.774999618530273,15.454999923706055,15.510000228881836,20400,11.310121536254883,0.0,0.0
TECK,2004-11-30,15.170000076293945,15.449999809265137,15.145000457763672,15.170000076293945,12400,11.062187194824219,0.0,0.0
TECK,2004-12-01,14.380000114440918,14.755000114440918,14.380000114440918,14.380000114440918,13800,10.486105918884277,0.0,0.0
TECK,2004-12-02,14.114999771118164,14.274999618530273,13.704999923706055,14.114999771118164,9800,10.292867660522461,0.0,0.0
TECK,2004-12-03,14.039999961853027,14.039999961853027,13.800000190734863,14.039999961853027,8400,10.238176345825195,0.0,0.0
TECK,2004-12-06,13.800000190734863,13.8100004196167,13.800000190734863,13.800000190734863,4400,10.063162803649902,0.0,0.0
TECK,2004-12-07,13.84000015258789,13.925000190734863,13.8100004196167,13.84000015258789,14800,10.092333793640137,0.0,0.0
TECK,2004-12-08,13.305000305175781,13.5,13.055000305175781,13.305000305175781,17000,9.702201843261719,0.0,0.0
TECK,2004-12-09,13.4399995803833,13.4399995803833,13.4399995803833,13.4399995803833,400,9.800646781921387,0.0,0.0
TECK,2004-12-10,13.640000343322754,13.904999732971191,13.640000343322754,13.640000343322754,12800,9.946494102478027,0.0,0.0
TECK,2004-12-13,13.789999961853027,13.789999961853027,13.744999885559082,13.789999961853027,3600,10.055871963500977,0.0,0.0
TECK,2004-12-14,13.9399995803833,14.020000457763672,13.859999656677246,13.9399995803833,15000,10.165252685546875,0.0,0.0
TECK,2004-12-15,14.15999984741211,14.239999771118164,14.050000190734863,14.15999984741211,9800,10.32568073272705,0.0,0.0
TECK,2004-12-16,14.46500015258789,14.489999771118164,14.170000076293945,14.46500015258789,8200,10.548094749450684,0.0,0.0
TECK,2004-12-17,14.635000228881836,14.71500015258789,14.600000381469727,14.635000228881836,10600,10.67205810546875,0.0,0.0
TECK,2004-12-20,15.34000015258789,15.350000381469727,14.850000381469727,15.34000015258789,22400,11.186152458190918,0.0,0.0
TECK,2004-12-21,15.0,15.494999885559082,15.0,15.0,38000,10.938220024108887,0.0,0.0
TECK,2004-12-22,14.8149995803833,15.050000190734863,14.8149995803833,14.8149995803833,3600,10.803317070007324,0.0,0.0
TECK,2004-12-23,14.949999809265137,14.949999809265137,14.78499984741211,14.949999809265137,1200,10.90176010131836,0.0,0.0
TECK,2004-12-27,14.949999809265137,14.949999809265137,14.949999809265137,14.949999809265137,0,10.90176010131836,0.0,0.0
TECK,2004-12-28,14.949999809265137,14.949999809265137,14.949999809265137,14.949999809265137,0,10.90176010131836,0.0,0.0
TECK,2004-12-29,15.194999694824219,15.194999694824219,15.175000190734863,15.194999694824219,1800,11.080419540405273,0.0,0.0
TECK,2004-12-30,15.3149995803833,15.3149995803833,15.154999732971191,15.3149995803833,2800,11.167924880981445,0.0,0.0
TECK,2004-12-31,15.53499984741211,15.53499984741211,15.350000381469727,15.53499984741211,8200,11.328351020812988,0.0,0.0
TECK,2005-01-03,15.53499984741211,15.53499984741211,15.53499984741211,15.53499984741211,0,11.328351020812988,0.0,0.0
TECK,2005-01-04,14.550000190734863,14.595000267028809,14.5,14.550000190734863,19000,10.610075950622559,0.0,0.0
TECK,2005-01-05,13.8149995803833,14.3100004196167,13.8149995803833,13.8149995803833,20200,10.07409954071045,0.0,0.0
TECK,2005-01-06,13.78499984741211,13.789999961853027,13.755000114440918,13.78499984741211,10200,10.052227020263672,0.0,0.0
TECK,2005-01-07,13.390000343322754,13.829999923706055,13.390000343322754,13.390000343322754,19200,9.764185905456543,0.0,0.0
TECK,2005-01-10,13.630000114440918,13.635000228881836,13.5,13.630000114440918,25000,9.939194679260254,0.0,0.0
TECK,2005-01-11,14.020000457763672,14.020000457763672,13.699999809265137,14.020000457763672,40800,10.223591804504395,0.0,0.0
TECK,2005-01-12,14.204999923706055,14.34000015258789,14.204999923706055,14.204999923706055,45400,10.358492851257324,0.0,0.0
TECK,2005-01-13,14.1850004196167,14.324999809265137,14.1850004196167,14.1850004196167,26200,10.343911170959473,0.0,0.0
TECK,2005-01-14,14.71500015258789,14.75,14.109999656677246,14.71500015258789,14800,10.730395317077637,0.0,0.0
TECK,2005-01-18,14.78499984741211,14.8149995803833,14.53499984741211,14.78499984741211,210400,10.781438827514648,0.0,0.0
TECK,2005-01-19,15.125,15.25,14.970000267028809,15.125,21400,11.029372215270996,0.0,0.0
TECK,2005-01-20,14.600000381469727,14.819999694824219,14.600000381469727,14.600000381469727,22800,10.646533012390137,0.0,0.0
TECK,2005-01-21,14.800000190734863,14.800000190734863,14.755000114440918,14.800000190734863,20400,10.792378425598145,0.0,0.0
TECK,2005-01-24,14.710000038146973,14.71500015258789,14.710000038146973,14.710000038146973,5600,10.726747512817383,0.0,0.0
TECK,2005-01-25,14.96500015258789,14.979999542236328,14.9350004196167,14.96500015258789,3000,10.912701606750488,0.0,0.0
TECK,2005-01-26,15.0,15.0,14.975000381469727,15.0,2000,10.938220024108887,0.0,0.0
TECK,2005-01-27,14.649999618530273,14.65999984741211,14.539999961853027,14.649999618530273,12400,10.68299674987793,0.0,0.0
TECK,2005-01-28,15.024999618530273,15.074999809265137,14.845000267028809,15.024999618530273,75400,10.956452369689941,0.0,0.0
TECK,2005-01-31,15.0649995803833,15.140000343322754,15.015000343322754,15.0649995803833,138600,10.98562240600586,0.0,0.0
TECK,2005-02-01,16.09000015258789,16.09000015258789,15.28499984741211,16.09000015258789,4000,11.733064651489258,0.0,0.0
TECK,2005-02-02,16.354999542236328,16.354999542236328,16.049999237060547,16.354999542236328,15600,11.926309585571289,0.0,0.0
TECK,2005-02-03,16.75,16.889999389648438,16.579999923706055,16.75,8600,12.214345932006836,0.0,0.0
TECK,2005-02-04,16.729999542236328,16.78499984741211,16.34000015258789,16.729999542236328,19800,12.199760437011719,0.0,0.0
TECK,2005-02-07,16.239999771118164,16.28499984741211,16.225000381469727,16.239999771118164,3800,11.842448234558105,0.0,0.0
TECK,2005-02-08,16.229999542236328,16.235000610351562,16.229999542236328,16.229999542236328,800,11.835156440734863,0.0,0.0
TECK,2005-02-09,16.100000381469727,16.184999465942383,16.0,16.100000381469727,2200,11.740361213684082,0.0,0.0
TECK,2005-02-10,16.489999771118164,16.559999465942383,16.489999771118164,16.489999771118164,6400,12.024751663208008,0.0,0.0
TECK,2005-02-11,17.530000686645508,17.530000686645508,16.645000457763672,17.530000686645508,241600,12.783134460449219,0.0,0.0
TECK,2005-02-14,17.65999984741211,19.424999237060547,17.625,17.65999984741211,457600,12.877933502197266,0.0,0.0
TECK,2005-02-15,17.545000076293945,17.6200008392334,17.424999237060547,17.545000076293945,12600,12.794072151184082,0.0,0.0
TECK,2005-02-16,17.315000534057617,17.440000534057617,17.315000534057617,17.315000534057617,2000,12.626350402832031,0.0,0.0
TECK,2005-02-17,17.725000381469727,17.725000381469727,17.540000915527344,17.725000381469727,2600,12.925329208374023,0.0,0.0
TECK,2005-02-18,17.475000381469727,17.71500015258789,17.454999923706055,17.475000381469727,33400,12.743025779724121,0.0,0.0
TECK,2005-02-22,18.05500030517578,18.2549991607666,17.864999771118164,18.05500030517578,209600,13.165974617004395,0.0,0.0
TECK,2005-02-23,18.174999237060547,18.235000610351562,17.579999923706055,18.174999237060547,52600,13.2534761428833,0.0,0.0
TECK,2005-02-24,18.735000610351562,18.735000610351562,17.75,18.735000610351562,5200,13.661835670471191,0.0,0.0
TECK,2005-02-25,18.565000534057617,18.915000915527344,18.559999465942383,18.565000534057617,16400,13.53786849975586,0.0,0.0
TECK,2005-02-28,18.860000610351562,18.969999313354492,18.575000762939453,18.860000610351562,6800,13.752988815307617,0.0,0.0
TECK,2005-03-01,18.889999389648438,19.229999542236328,18.860000610351562,18.889999389648438,57800,13.77486515045166,0.0,0.0
TECK,2005-03-02,17.8700008392334,18.434999465942383,17.8700008392334,17.8700008392334,46000,13.031070709228516,0.0,0.0
TECK,2005-03-03,18.100000381469727,18.135000228881836,17.96500015258789,18.100000381469727,8000,13.198790550231934,0.0,0.0
TECK,2005-03-04,18.655000686645508,18.725000381469727,18.299999237060547,18.655000686645508,35000,13.60350227355957,0.0,0.0
TECK,2005-03-07,18.924999237060547,18.979999542236328,18.625,18.924999237060547,22000,13.800382614135742,0.0,0.0
TECK,2005-03-08,19.334999084472656,19.43000030517578,19.06999969482422,19.334999084472656,16200,14.099363327026367,0.0,0.0
TECK,2005-03-09,19.389999389648438,19.489999771118164,19.325000762939453,19.389999389648438,6200,14.139467239379883,0.0,0.0
TECK,2005-03-10,18.280000686645508,18.979999542236328,18.274999618530273,18.280000686645508,67600,13.330047607421875,0.0,0.0
TECK,2005-03-11,18.799999237060547,18.80500030517578,18.420000076293945,18.799999237060547,5000,13.709235191345215,0.0,0.0
TECK,2005-03-14,18.94499969482422,18.989999771118164,18.885000228881836,18.94499969482422,3400,13.81497573852539,0.0,0.0
TECK,2005-03-15,19.2450008392334,19.625,19.2450008392334,19.2450008392334,4400,14.03373908996582,0.0,0.0
TECK,2005-03-16,19.040000915527344,19.2549991607666,19.040000915527344,19.040000915527344,5800,13.884246826171875,0.0,0.0
TECK,2005-03-17,18.985000610351562,19.084999084472656,18.985000610351562,18.985000610351562,15000,13.844139099121094,0.0,0.0
TECK,2005-03-18,19.190000534057617,19.354999542236328,19.049999237060547,19.190000534057617,17000,13.993632316589355,0.0,0.0
TECK,2005-03-21,18.780000686645508,19.059999465942383,18.774999618530273,18.780000686645508,27400,13.694653511047363,0.0,0.0
TECK,2005-03-22,18.614999771118164,18.895000457763672,18.614999771118164,18.614999771118164,18800,13.57433032989502,0.0,0.0
TECK,2005-03-23,17.80500030517578,18.110000610351562,17.655000686645508,17.80500030517578,23200,12.983670234680176,0.0,0.0
TECK,2005-03-24,17.684999465942383,17.774999618530273,17.684999465942383,17.684999465942383,11800,12.89616584777832,0.0,0.0
TECK,2005-03-28,17.260000228881836,17.5,16.950000762939453,17.260000228881836,31800,12.586248397827148,0.0,0.0
TECK,2005-03-29,16.65999984741211,17.53499984741211,16.65999984741211,16.65999984741211,15200,12.14871883392334,0.0,0.0
TECK,2005-03-30,17.459999084472656,17.459999084472656,16.895000457763672,17.459999084472656,52800,12.73208999633789,0.0,0.0
TECK,2005-03-31,18.440000534057617,18.450000762939453,17.674999237060547,18.440000534057617,23600,13.446723937988281,0.0,0.0
TECK,2005-04-01,18.540000915527344,18.81999969482422,18.540000915527344,18.540000915527344,5000,13.519645690917969,0.0,0.0
TECK,2005-04-04,18.68000030517578,18.68000030517578,18.68000030517578,18.68000030517578,400,13.62172794342041,0.0,0.0
TECK,2005-04-05,18.290000915527344,18.350000381469727,18.200000762939453,18.290000915527344,32800,13.337340354919434,0.0,0.0
TECK,2005-04-06,18.7549991607666,18.7549991607666,18.639999389648438,18.7549991607666,1000,13.676424980163574,0.0,0.0
TECK,2005-04-07,18.649999618530273,18.719999313354492,18.649999618530273,18.649999618530273,4600,13.59985637664795,0.0,0.0
TECK,2005-04-08,18.549999237060547,18.764999389648438,18.549999237060547,18.549999237060547,10200,13.526933670043945,0.0,0.0
TECK,2005-04-11,18.530000686645508,18.530000686645508,18.530000686645508,18.530000686645508,200,13.512351989746094,0.0,0.0
TECK,2005-04-12,17.704999923706055,17.895000457763672,17.704999923706055,17.704999923706055,9800,12.910745620727539,0.0,0.0
TECK,2005-04-13,16.674999237060547,17.6200008392334,16.674999237060547,16.674999237060547,16000,12.159655570983887,0.0,0.0
TECK,2005-04-14,15.859999656677246,16.299999237060547,15.649999618530273,15.859999656677246,40200,11.565345764160156,0.0,0.0
TECK,2005-04-15,15.65999984741211,16.15999984741211,15.65999984741211,15.65999984741211,11000,11.419503211975098,0.0,0.0
TECK,2005-04-18,15.904999732971191,16.200000762939453,15.5,15.904999732971191,11600,11.598161697387695,0.0,0.0
TECK,2005-04-19,16.729999542236328,16.729999542236328,16.440000534057617,16.729999542236328,5000,12.199760437011719,0.0,0.0
TECK,2005-04-20,16.55500030517578,16.959999084472656,16.55500030517578,16.55500030517578,39000,12.072151184082031,0.0,0.0
TECK,2005-04-21,16.520000457763672,16.614999771118164,16.405000686645508,16.520000457763672,104200,12.046628952026367,0.0,0.0
TECK,2005-04-22,16.780000686645508,16.860000610351562,16.594999313354492,16.780000686645508,14800,12.236224174499512,0.0,0.0
TECK,2005-04-25,16.985000610351562,16.985000610351562,16.674999237060547,16.985000610351562,1200,12.385713577270508,0.0,0.0
TECK,2005-04-26,16.93000030517578,16.93000030517578,16.565000534057617,16.93000030517578,20200,12.345602989196777,0.0,0.0
TECK,2005-04-27,16.6299991607666,16.6299991607666,16.6299991607666,16.6299991607666,200,12.126838684082031,0.0,0.0
TECK,2005-04-28,15.640000343322754,15.640000343322754,15.585000038146973,15.640000343322754,1200,11.404916763305664,0.0,0.0
TECK,2005-04-29,15.96500015258789,16.09000015258789,15.925000190734863,15.96500015258789,26600,11.641915321350098,0.0,0.0
TECK,2005-05-02,16.584999084472656,16.584999084472656,16.149999618530273,16.584999084472656,1000,12.094026565551758,0.0,0.0
TECK,2005-05-03,16.295000076293945,16.295000076293945,16.2549991607666,16.295000076293945,4000,11.882554054260254,0.0,0.0
TECK,2005-05-04,16.459999084472656,16.459999084472656,16.325000762939453,16.459999084472656,2200,12.002876281738281,0.0,0.0
TECK,2005-05-05,16.31999969482422,16.565000534057617,16.31999969482422,16.31999969482422,1200,11.900786399841309,0.0,0.0
TECK,2005-05-06,16.514999389648438,16.545000076293945,16.350000381469727,16.514999389648438,5000,12.042981147766113,0.0,0.0
TECK,2005-05-09,16.53499984741211,16.600000381469727,16.510000228881836,16.53499984741211,6000,12.057567596435547,0.0,0.0
TECK,2005-05-10,17.024999618530273,17.024999618530273,16.665000915527344,17.024999618530273,1400,12.414881706237793,0.0,0.0
TECK,2005-05-11,16.135000228881836,16.135000228881836,16.135000228881836,16.135000228881836,600,11.76587963104248,0.0,0.0
TECK,2005-05-12,15.399999618530273,15.399999618530273,15.399999618530273,15.399999618530273,200,11.22990608215332,0.0,0.0
TECK,2005-05-13,15.199999809265137,15.375,15.199999809265137,15.199999809265137,21000,11.084063529968262,0.0,0.0
TECK,2005-05-16,14.09000015258789,14.489999771118164,14.09000015258789,14.09000015258789,23400,10.274638175964355,0.0,0.0
TECK,2005-05-17,14.96500015258789,14.96500015258789,14.21500015258789,14.96500015258789,2600,10.912701606750488,0.0,0.0
TECK,2005-05-18,15.484999656677246,15.484999656677246,15.069999694824219,15.484999656677246,2800,11.291890144348145,0.0,0.0
TECK,2005-05-19,15.350000381469727,15.539999961853027,15.225000381469727,15.350000381469727,3400,11.193448066711426,0.0,0.0
TECK,2005-05-20,14.71500015258789,14.71500015258789,14.649999618530273,14.71500015258789,1600,10.730395317077637,0.0,0.0
TECK,2005-05-23,14.774999618530273,14.824999809265137,14.774999618530273,14.774999618530273,2600,10.774149894714355,0.0,0.0
TECK,2005-05-24,15.119999885559082,15.204999923706055,15.119999885559082,15.119999885559082,23000,11.025726318359375,0.0,0.0
TECK,2005-05-25,14.960000038146973,15.0,14.9399995803833,14.960000038146973,12600,10.909051895141602,0.0,0.0
TECK,2005-05-26,15.539999961853027,15.539999961853027,15.295000076293945,15.539999961853027,1400,11.331997871398926,0.0,0.0
TECK,2005-05-27,16.174999237060547,16.174999237060547,15.779999732971191,16.174999237060547,3400,11.795047760009766,0.0,0.0
TECK,2005-05-31,16.174999237060547,16.174999237060547,16.174999237060547,16.174999237060547,0,11.795047760009766,0.0,0.0
TECK,2005-06-01,16.725000381469727,16.725000381469727,16.415000915527344,16.725000381469727,22400,12.196117401123047,0.0,0.0
TECK,2005-06-02,16.739999771118164,16.825000762939453,16.674999237060547,16.739999771118164,5400,12.207056045532227,0.0,0.0
TECK,2005-06-03,17.2549991607666,17.2549991607666,17.19499969482422,17.2549991607666,10800,12.582599639892578,0.0,0.0
TECK,2005-06-06,17.075000762939453,17.459999084472656,17.075000762939453,17.075000762939453,26600,12.45134162902832,0.0,0.0
TECK,2005-06-07,16.889999389648438,17.270000457763672,16.889999389648438,16.889999389648438,90000,12.316439628601074,0.0,0.0
TECK,2005-06-08,16.325000762939453,16.739999771118164,16.325000762939453,16.325000762939453,35200,11.904431343078613,0.0,0.0
TECK,2005-06-09,16.354999542236328,16.354999542236328,16.204999923706055,16.354999542236328,40200,11.926309585571289,0.0,0.0
TECK,2005-06-10,16.594999313354492,16.594999313354492,16.270000457763672,16.594999313354492,40400,12.101322174072266,0.0,0.0
TECK,2005-06-13,16.850000381469727,16.850000381469727,16.5,16.850000381469727,22000,12.287271499633789,0.0,0.0
TECK,2005-06-14,16.545000076293945,16.545000076293945,16.420000076293945,16.545000076293945,41000,12.064858436584473,0.0,0.0
TECK,2005-06-15,16.940000534057617,16.979999542236328,16.940000534057617,16.940000534057617,18200,12.352899551391602,0.0,0.0
TECK,2005-06-16,18.200000762939453,18.200000762939453,17.100000381469727,18.200000762939453,33800,13.271705627441406,0.0,0.0
TECK,2005-06-17,18.239999771118164,18.389999389648438,17.655000686645508,18.239999771118164,53200,13.300880432128906,0.0,0.0
TECK,2005-06-20,17.875,18.239999771118164,17.844999313354492,17.875,24200,13.034717559814453,0.0,0.0
TECK,2005-06-21,17.729999542236328,17.729999542236328,17.725000381469727,17.729999542236328,60000,12.928979873657227,0.0,0.0
TECK,2005-06-22,17.850000381469727,17.8799991607666,17.780000686645508,17.850000381469727,42000,13.016478538513184,0.0,0.0
TECK,2005-06-23,17.424999237060547,17.514999389648438,17.364999771118164,17.424999237060547,42200,12.706567764282227,0.0,0.0
TECK,2005-06-24,16.725000381469727,17.43000030517578,16.725000381469727,16.725000381469727,245600,12.196117401123047,0.0,0.0
TECK,2005-06-27,16.594999313354492,16.725000381469727,16.415000915527344,16.594999313354492,75400,12.101322174072266,0.0,0.0
TECK,2005-06-28,16.875,16.875,16.450000762939453,16.875,12200,12.305499076843262,0.0,0.0
TECK,2005-06-29,16.924999237060547,16.924999237060547,16.71500015258789,16.924999237060547,34600,12.341959953308105,0.0,0.0
TECK,2005-06-30,16.864999771118164,17.114999771118164,16.704999923706055,16.864999771118164,34000,12.298206329345703,0.0,0.0
TECK,2005-07-01,16.864999771118164,16.864999771118164,16.864999771118164,16.864999771118164,0,12.298206329345703,0.0,0.0
TECK,2005-07-05,17.104999542236328,17.104999542236328,16.760000228881836,17.104999542236328,91400,12.47321891784668,0.0,0.0
TECK,2005-07-06,17.834999084472656,17.834999084472656,17.584999084472656,17.834999084472656,20600,13.005549430847168,0.0,0.0
TECK,2005-07-07,17.735000610351562,17.875,17.735000610351562,17.735000610351562,525600,12.93262767791748,0.0,0.0
TECK,2005-07-08,18.270000457763672,18.395000457763672,17.985000610351562,18.270000457763672,38000,13.322752952575684,0.0,0.0
TECK,2005-07-11,18.5,18.899999618530273,18.325000762939453,18.5,51400,13.490473747253418,0.0,0.0
TECK,2005-07-12,19.049999237060547,19.049999237060547,18.9950008392334,19.049999237060547,1800,13.891544342041016,0.0,0.0
TECK,2005-07-13,18.969999313354492,19.024999618530273,18.934999465942383,18.969999313354492,13800,13.83320140838623,0.0,0.0
TECK,2005-07-14,18.469999313354492,19.06999969482422,18.469999313354492,18.469999313354492,1200,13.468598365783691,0.0,0.0
TECK,2005-07-15,18.045000076293945,18.075000762939453,18.045000076293945,18.045000076293945,2600,13.158679008483887,0.0,0.0
TECK,2005-07-18,18.829999923706055,18.829999923706055,18.829999923706055,18.829999923706055,2000,13.731109619140625,0.0,0.0
TECK,2005-07-19,19.0,19.0,18.975000381469727,19.0,1200,13.855081558227539,0.0,0.0
TECK,2005-07-20,19.485000610351562,19.485000610351562,19.135000228881836,19.485000610351562,15200,14.208749771118164,0.0,0.0
TECK,2005-07-21,19.485000610351562,19.485000610351562,19.485000610351562,19.485000610351562,0,14.208749771118164,0.0,0.0
TECK,2005-07-22,19.739999771118164,19.760000228881836,19.700000762939453,19.739999771118164,6200,14.394701957702637,0.0,0.0
TECK,2005-07-25,19.65999984741211,19.709999084472656,19.65999984741211,19.65999984741211,4800,14.336366653442383,0.0,0.0
TECK,2005-07-26,18.959999084472656,19.325000762939453,18.959999084472656,18.959999084472656,20800,13.825912475585938,0.0,0.0
TECK,2005-07-27,18.75,18.75,18.75,18.75,3000,13.672779083251953,0.0,0.0
TECK,2005-07-28,19.280000686645508,19.280000686645508,19.280000686645508,19.280000686645508,1400,14.059261322021484,0.0,0.0
TECK,2005-07-29,19.264999389648438,19.264999389648438,19.049999237060547,19.264999389648438,11400,14.048319816589355,0.0,0.0
TECK,2005-08-01,19.264999389648438,19.264999389648438,19.264999389648438,19.264999389648438,0,14.048319816589355,0.0,0.0
TECK,2005-08-02,19.690000534057617,19.815000534057617,19.690000534057617,19.690000534057617,800,14.358235359191895,0.0,0.0
TECK,2005-08-03,20.2450008392334,20.325000762939453,19.75,20.2450008392334,3800,14.76295280456543,0.0,0.0
TECK,2005-08-04,19.59000015258789,20.235000610351562,19.59000015258789,19.59000015258789,58200,14.285317420959473,0.0,0.0
TECK,2005-08-05,19.145000457763672,19.405000686645508,19.125,19.145000457763672,38800,13.96081829071045,0.0,0.0
TECK,2005-08-08,19.75,19.75,19.5,19.75,31600,14.401988983154297,0.0,0.0
TECK,2005-08-09,19.510000228881836,19.510000228881836,19.510000228881836,19.510000228881836,22000,14.226978302001953,0.0,0.0
TECK,2005-08-10,20.1200008392334,20.1200008392334,19.80500030517578,20.1200008392334,22400,14.671802520751953,0.0,0.0
TECK,2005-08-11,20.3799991607666,20.489999771118164,20.299999237060547,20.3799991607666,3600,14.861398696899414,0.0,0.0
TECK,2005-08-12,20.174999237060547,20.645000457763672,20.139999389648438,20.174999237060547,4000,14.711905479431152,0.0,0.0
TECK,2005-08-15,19.905000686645508,20.235000610351562,19.905000686645508,19.905000686645508,56400,14.51502799987793,0.0,0.0
TECK,2005-08-16,19.844999313354492,19.94499969482422,19.844999313354492,19.844999313354492,49000,14.471271514892578,0.0,0.0
TECK,2005-08-17,19.625,19.625,19.600000381469727,19.625,1600,14.310837745666504,0.0,0.0
TECK,2005-08-18,18.96500015258789,19.405000686645508,18.78499984741211,18.96500015258789,4200,13.829560279846191,0.0,0.0
TECK,2005-08-19,19.170000076293945,19.170000076293945,19.170000076293945,19.170000076293945,200,13.979043960571289,0.0,0.0
TECK,2005-08-22,19.670000076293945,19.940000534057617,19.530000686645508,19.670000076293945,1400,14.343650817871094,0.0,0.0
TECK,2005-08-23,19.5,19.5,19.31999969482422,19.5,46200,14.21968936920166,0.0,0.0
TECK,2005-08-24,19.415000915527344,19.514999389648438,19.40999984741211,19.415000915527344,4200,14.157707214355469,0.0,0.0
TECK,2005-08-25,19.56999969482422,19.635000228881836,19.56999969482422,19.56999969482422,7400,14.270734786987305,0.0,0.0
TECK,2005-08-26,19.56999969482422,19.56999969482422,19.56999969482422,19.56999969482422,0,14.270734786987305,0.0,0.0
TECK,2005-08-29,19.104999542236328,19.104999542236328,19.09000015258789,19.104999542236328,8000,13.931652069091797,0.0,0.0
TECK,2005-08-30,19.44499969482422,19.44499969482422,19.44499969482422,19.44499969482422,200,14.179577827453613,0.0,0.0
TECK,2005-08-31,19.415000915527344,19.69499969482422,19.415000915527344,19.415000915527344,27200,14.157707214355469,0.0,0.0
TECK,2005-09-01,20.375,20.375,20.0,20.375,22800,14.85775089263916,0.0,0.0
TECK,2005-09-02,20.84000015258789,20.84000015258789,20.579999923706055,20.84000015258789,22000,15.196831703186035,0.0,0.0
TECK,2005-09-06,21.31999969482422,21.450000762939453,21.084999084472656,21.31999969482422,7200,15.546860694885254,0.0,0.0
TECK,2005-09-07,21.065000534057617,21.5,20.950000762939453,21.065000534057617,34200,15.360910415649414,0.0,0.0
TECK,2005-09-08,21.325000762939453,21.334999084472656,20.78499984741211,21.325000762939453,6000,15.550505638122559,0.0,0.0
TECK,2005-09-09,21.190000534057617,21.219999313354492,21.094999313354492,21.190000534057617,166800,15.452065467834473,0.0,0.0
TECK,2005-09-12,21.700000762939453,21.700000762939453,21.1299991607666,21.700000762939453,2200,15.82396125793457,0.0,0.0
TECK,2005-09-13,21.649999618530273,21.940000534057617,21.579999923706055,21.649999618530273,49800,15.787503242492676,0.0,0.0
TECK,2005-09-14,21.450000762939453,21.584999084472656,21.274999618530273,21.450000762939453,52400,15.641660690307617,0.0,0.0
TECK,2005-09-15,21.190000534057617,21.6299991607666,21.09000015258789,21.190000534057617,50400,15.452065467834473,0.0,0.0
TECK,2005-09-16,21.700000762939453,21.770000457763672,21.424999237060547,21.700000762939453,28400,15.82396125793457,0.0,0.0
TECK,2005-09-19,22.44499969482422,22.674999237060547,22.084999084472656,22.44499969482422,42800,16.367223739624023,0.0,0.0
TECK,2005-09-20,22.079999923706055,22.739999771118164,22.079999923706055,22.079999923706055,29400,16.101064682006836,0.0,0.0
TECK,2005-09-21,21.8799991607666,22.25,21.8799991607666,21.8799991607666,26200,15.955216407775879,0.0,0.0
TECK,2005-09-22,21.610000610351562,22.06999969482422,21.610000610351562,21.610000610351562,21200,15.758337020874023,0.0,0.0
TECK,2005-09-23,21.700000762939453,21.704999923706055,21.594999313354492,21.700000762939453,1800,15.82396125793457,0.0,0.0
TECK,2005-09-26,22.31999969482422,22.670000076293945,22.170000076293945,22.31999969482422,27200,16.276073455810547,0.0,0.0
TECK,2005-09-27,22.28499984741211,22.30500030517578,22.260000228881836,22.28499984741211,1200,16.250553131103516,0.0,0.0
TECK,2005-09-28,22.65999984741211,22.65999984741211,22.014999389648438,22.65999984741211,40600,16.524003982543945,0.0,0.0
TECK,2005-09-29,22.825000762939453,23.360000610351562,22.825000762939453,22.825000762939453,29600,16.644323348999023,0.0,0.0
TECK,2005-09-30,22.479999542236328,23.0,22.395000457763672,22.479999542236328,52800,16.392749786376953,0.0,0.0
TECK,2005-10-03,22.299999237060547,22.459999084472656,22.145000457763672,22.299999237060547,264400,16.26148796081543,0.0,0.0
TECK,2005-10-04,22.549999237060547,22.559999465942383,21.93000030517578,22.549999237060547,28800,16.44379425048828,0.0,0.0
TECK,2005-10-05,21.46500015258789,22.155000686645508,21.46500015258789,21.46500015258789,22000,15.652596473693848,0.0,0.0
TECK,2005-10-06,20.69499969482422,21.1299991607666,20.6200008392334,20.69499969482422,37000,15.091099739074707,0.0,0.0
TECK,2005-10-07,21.114999771118164,21.114999771118164,20.80500030517578,21.114999771118164,2400,15.397368431091309,0.0,0.0
TECK,2005-10-10,21.114999771118164,21.114999771118164,21.114999771118164,21.114999771118164,0,15.397368431091309,0.0,0.0
TECK,2005-10-11,22.190000534057617,22.600000381469727,21.649999618530273,22.190000534057617,46600,16.181270599365234,0.0,0.0
TECK,2005-10-12,21.6299991607666,22.864999771118164,21.6299991607666,21.6299991607666,27800,15.77291202545166,0.0,0.0
TECK,2005-10-13,20.65999984741211,21.280000686645508,20.25,20.65999984741211,63000,15.065573692321777,0.0,0.0
TECK,2005-10-14,20.489999771118164,20.780000686645508,20.454999923706055,20.489999771118164,30000,14.941612243652344,0.0,0.0
TECK,2005-10-17,21.0,21.075000762939453,20.725000381469727,21.0,30200,15.313505172729492,0.0,0.0
TECK,2005-10-18,20.424999237060547,20.920000076293945,20.405000686645508,20.424999237060547,27400,14.894211769104004,0.0,0.0
TECK,2005-10-19,20.375,20.375,20.0,20.375,42600,14.85775089263916,0.0,0.0
TECK,2005-10-20,20.299999237060547,20.815000534057617,19.65999984741211,20.299999237060547,28800,14.80306339263916,0.0,0.0
TECK,2005-10-21,20.625,20.625,20.059999465942383,20.625,12200,15.040055274963379,0.0,0.0
TECK,2005-10-24,20.854999542236328,20.924999237060547,20.594999313354492,20.854999542236328,15200,15.207773208618164,0.0,0.0
TECK,2005-10-25,21.174999237060547,21.485000610351562,21.174999237060547,21.174999237060547,2600,15.441128730773926,0.0,0.0
TECK,2005-10-26,21.729999542236328,21.93000030517578,21.190000534057617,21.729999542236328,17200,15.845832824707031,0.0,0.0
TECK,2005-10-27,21.645000457763672,21.985000610351562,21.645000457763672,21.645000457763672,4600,15.783857345581055,0.0,0.0
TECK,2005-10-28,20.760000228881836,21.485000610351562,20.6200008392334,20.760000228881836,17800,15.138494491577148,0.0,0.0
TECK,2005-10-31,20.924999237060547,21.045000076293945,20.924999237060547,20.924999237060547,2200,15.258817672729492,0.0,0.0
TECK,2005-11-01,20.9950008392334,21.1200008392334,20.735000610351562,20.9950008392334,22200,15.309863090515137,0.0,0.0
TECK,2005-11-02,21.770000457763672,21.84000015258789,21.6299991607666,21.770000457763672,10400,15.875006675720215,0.0,0.0
TECK,2005-11-03,22.040000915527344,22.09000015258789,21.80500030517578,22.040000915527344,3800,16.071895599365234,0.0,0.0
TECK,2005-11-04,22.040000915527344,22.040000915527344,22.040000915527344,22.040000915527344,0,16.071895599365234,0.0,0.0
TECK,2005-11-07,22.18000030517578,22.270000457763672,21.979999542236328,22.18000030517578,4000,16.17398452758789,0.0,0.0
TECK,2005-11-08,21.850000381469727,22.0,21.850000381469727,21.850000381469727,3200,15.933340072631836,0.0,0.0
TECK,2005-11-09,21.850000381469727,21.850000381469727,21.850000381469727,21.850000381469727,0,15.933340072631836,0.0,0.0
TECK,2005-11-10,21.614999771118164,21.614999771118164,21.575000762939453,21.614999771118164,1000,15.76197338104248,0.0,0.0
TECK,2005-11-11,21.299999237060547,21.309999465942383,21.219999313354492,21.299999237060547,2400,15.532270431518555,0.0,0.0
TECK,2005-11-14,20.989999771118164,20.989999771118164,20.80500030517578,20.989999771118164,5000,15.306221961975098,0.0,0.0
TECK,2005-11-15,20.989999771118164,21.079999923706055,20.864999771118164,20.989999771118164,23600,15.306221961975098,0.0,0.0
TECK,2005-11-16,21.31999969482422,21.31999969482422,20.815000534057617,21.31999969482422,18000,15.546860694885254,0.0,0.0
TECK,2005-11-17,21.549999237060547,21.670000076293945,21.309999465942383,21.549999237060547,32200,15.714579582214355,0.0,0.0
TECK,2005-11-18,21.440000534057617,21.635000228881836,21.200000762939453,21.440000534057617,29200,15.634366989135742,0.0,0.0
TECK,2005-11-21,22.375,22.389999389648438,21.905000686645508,22.375,5000,16.316179275512695,0.0,0.0
TECK,2005-11-22,22.69499969482422,22.69499969482422,22.350000381469727,22.69499969482422,4000,16.549531936645508,0.0,0.0
TECK,2005-11-23,23.165000915527344,23.165000915527344,22.274999618530273,23.165000915527344,74200,16.89225959777832,0.0,0.0
TECK,2005-11-25,22.950000762939453,22.950000762939453,22.8799991607666,22.950000762939453,3200,16.735475540161133,0.0,0.0
TECK,2005-11-28,23.19499969482422,23.225000381469727,23.09000015258789,23.19499969482422,25200,16.914138793945312,0.0,0.0
TECK,2005-11-29,23.190000534057617,23.295000076293945,23.114999771118164,23.190000534057617,2000,16.91048812866211,0.0,0.0
TECK,2005-11-30,23.020000457763672,23.155000686645508,22.78499984741211,23.020000457763672,800,16.78652572631836,0.0,0.0
TECK,2005-12-01,23.725000381469727,23.725000381469727,23.299999237060547,23.725000381469727,4800,17.300626754760742,0.0,0.0
TECK,2005-12-02,24.075000762939453,24.200000762939453,23.850000381469727,24.075000762939453,8800,17.555845260620117,0.0,0.0
TECK,2005-12-05,24.844999313354492,25.040000915527344,24.385000228881836,24.844999313354492,13800,18.117338180541992,0.0,0.0
TECK,2005-12-06,25.079999923706055,25.30500030517578,24.78499984741211,25.079999923706055,24000,18.28870391845703,0.0,0.0
TECK,2005-12-07,24.790000915527344,25.354999542236328,24.774999618530273,24.790000915527344,12400,18.077232360839844,0.0,0.0
TECK,2005-12-08,24.424999237060547,24.6200008392334,24.045000076293945,24.424999237060547,24000,17.81107521057129,0.0,0.0
TECK,2005-12-09,24.69499969482422,24.924999237060547,24.69499969482422,24.69499969482422,7400,18.007959365844727,0.0,0.0
TECK,2005-12-12,24.2549991607666,26.024999618530273,24.165000915527344,24.2549991607666,2400,17.687110900878906,0.0,0.0
TECK,2005-12-13,24.864999771118164,24.899999618530273,24.225000381469727,24.864999771118164,41200,18.131927490234375,0.0,0.0
TECK,2005-12-14,24.53499984741211,24.844999313354492,24.524999618530273,24.53499984741211,16800,17.891284942626953,0.0,0.0
TECK,2005-12-15,24.600000381469727,24.790000915527344,24.385000228881836,24.600000381469727,69800,17.93868064880371,0.0,0.0
TECK,2005-12-16,25.010000228881836,25.34000015258789,24.975000381469727,25.010000228881836,8400,18.237655639648438,0.0,0.0
TECK,2005-12-19,25.040000915527344,25.1200008392334,25.040000915527344,25.040000915527344,1000,18.259538650512695,0.0,0.0
TECK,2005-12-20,24.860000610351562,25.09000015258789,24.860000610351562,24.860000610351562,22000,18.128276824951172,0.0,0.0
TECK,2005-12-21,25.690000534057617,25.690000534057617,24.954999923706055,25.690000534057617,272400,18.7335262298584,0.0,0.0
TECK,2005-12-22,25.520000457763672,25.635000228881836,25.065000534057617,25.520000457763672,78000,18.609561920166016,0.0,0.0
TECK,2005-12-23,25.860000610351562,25.885000228881836,25.475000381469727,25.860000610351562,223800,18.857492446899414,0.0,0.0
TECK,2005-12-27,25.860000610351562,25.860000610351562,25.860000610351562,25.860000610351562,0,18.857492446899414,0.0,0.0
TECK,2005-12-28,26.53499984741211,26.719999313354492,26.024999618530273,26.53499984741211,115200,19.34971046447754,0.0,0.0
TECK,2005-12-29,26.9950008392334,27.049999237060547,26.905000686645508,26.9950008392334,6600,19.685155868530273,0.0,0.0
TECK,2005-12-30,27.114999771118164,27.264999389648438,26.829999923706055,27.114999771118164,9800,19.772653579711914,0.0,0.0
TECK,2006-01-03,26.829999923706055,27.225000381469727,26.600000381469727,26.829999923706055,25000,19.56483268737793,0.0,0.0
TECK,2006-01-04,27.979999542236328,27.979999542236328,27.389999389648438,27.979999542236328,42400,20.40343475341797,0.0,0.0
TECK,2006-01-05,27.19499969482422,28.3700008392334,27.174999237060547,27.19499969482422,46200,19.830997467041016,0.0,0.0
TECK,2006-01-06,27.59000015258789,27.639999389648438,27.065000534057617,27.59000015258789,11600,20.11903190612793,0.0,0.0
TECK,2006-01-09,28.524999618530273,28.6299991607666,27.545000076293945,28.524999618530273,14000,20.800853729248047,0.0,0.0
TECK,2006-01-10,27.415000915527344,28.225000381469727,27.415000915527344,27.415000915527344,11600,19.99142837524414,0.0,0.0
TECK,2006-01-11,27.940000534057617,28.125,27.760000228881836,27.940000534057617,38600,20.37425994873047,0.0,0.0
TECK,2006-01-12,27.614999771118164,27.864999771118164,27.344999313354492,27.614999771118164,13800,20.137269973754883,0.0,0.0
TECK,2006-01-13,27.344999313354492,27.735000610351562,27.344999313354492,27.344999313354492,16200,19.94037628173828,0.0,0.0
TECK,2006-01-17,28.3799991607666,28.545000076293945,27.84000015258789,28.3799991607666,6200,20.695112228393555,0.0,0.0
TECK,2006-01-18,27.53499984741211,28.434999465942383,27.53499984741211,27.53499984741211,21200,20.07892608642578,0.0,0.0
TECK,2006-01-19,29.434999465942383,29.739999771118164,28.075000762939453,29.434999465942383,100400,21.46444320678711,0.0,0.0
TECK,2006-01-20,29.649999618530273,29.850000381469727,29.399999618530273,29.649999618530273,28400,21.621217727661133,0.0,0.0
TECK,2006-01-23,29.774999618530273,30.05500030517578,29.625,29.774999618530273,30200,21.712369918823242,0.0,0.0
TECK,2006-01-24,29.950000762939453,30.200000762939453,29.34000015258789,29.950000762939453,26800,21.839981079101562,0.0,0.0
TECK,2006-01-25,30.690000534057617,31.290000915527344,30.25,30.690000534057617,24600,22.379606246948242,0.0,0.0
TECK,2006-01-26,30.895000457763672,31.450000762939453,30.5,30.895000457763672,10600,22.529094696044922,0.0,0.0
TECK,2006-01-27,31.825000762939453,31.850000381469727,31.290000915527344,31.825000762939453,81000,23.207260131835938,0.0,0.0
TECK,2006-01-30,32.125,32.89500045776367,32.125,32.125,56800,23.4260196685791,0.0,0.0
TECK,2006-01-31,32.48500061035156,32.63999938964844,32.095001220703125,32.48500061035156,59800,23.68854331970215,0.0,0.0
TECK,2006-02-01,32.26499938964844,32.974998474121094,32.119998931884766,32.26499938964844,114800,23.52811622619629,0.0,0.0
TECK,2006-02-02,32.21500015258789,33.415000915527344,32.20000076293945,32.21500015258789,29800,23.491655349731445,0.0,0.0
TECK,2006-02-03,31.5,32.05500030517578,31.209999084472656,31.5,44000,22.970272064208984,0.0,0.0
TECK,2006-02-06,31.625,31.889999389648438,31.19499969482422,31.625,64000,23.06141471862793,0.0,0.0
TECK,2006-02-07,29.899999618530273,31.475000381469727,29.674999237060547,29.899999618530273,68800,21.80352020263672,0.0,0.0
TECK,2006-02-08,30.3799991607666,30.385000228881836,29.549999237060547,30.3799991607666,220400,22.153545379638672,0.0,0.0
TECK,2006-02-09,31.139999389648438,31.219999313354492,30.825000762939453,31.139999389648438,49800,22.707752227783203,0.0,0.0
TECK,2006-02-10,29.165000915527344,31.104999542236328,28.834999084472656,29.165000915527344,61200,21.26755142211914,0.0,0.0
TECK,2006-02-13,27.565000534057617,28.71500015258789,27.565000534057617,27.565000534057617,50400,20.100805282592773,0.0,0.0
TECK,2006-02-14,28.809999465942383,29.584999084472656,27.809999465942383,28.809999465942383,35800,21.008678436279297,0.0,0.0
TECK,2006-02-15,27.93000030517578,29.350000381469727,27.93000030517578,27.93000030517578,37800,20.36697006225586,0.0,0.0
TECK,2006-02-16,28.950000762939453,28.96500015258789,28.030000686645508,28.950000762939453,48200,21.110767364501953,0.0,0.0
TECK,2006-02-17,30.360000610351562,30.56999969482422,29.424999237060547,30.360000610351562,97200,22.138957977294922,0.0,0.0
TECK,2006-02-21,31.78499984741211,32.310001373291016,31.719999313354492,31.78499984741211,32600,23.178091049194336,0.0,0.0
TECK,2006-02-22,31.2549991607666,31.684999465942383,31.149999618530273,31.2549991607666,48400,22.791608810424805,0.0,0.0
TECK,2006-02-23,30.760000228881836,31.264999389648438,30.690000534057617,30.760000228881836,12400,22.43064308166504,0.0,0.0
TECK,2006-02-24,30.889999389648438,31.020000457763672,30.485000610351562,30.889999389648438,13800,22.525449752807617,0.0,0.0
TECK,2006-02-27,30.68000030517578,31.325000762939453,30.489999771118164,30.68000030517578,32200,22.372304916381836,0.0,0.0
TECK,2006-02-28,31.024999618530273,31.40999984741211,30.8700008392334,31.024999618530273,21200,22.62388801574707,0.0,0.0
TECK,2006-03-01,32.1349983215332,32.19499969482422,31.024999618530273,32.1349983215332,35400,23.433319091796875,0.0,0.0
TECK,2006-03-02,32.98500061035156,33.22999954223633,32.494998931884766,32.98500061035156,5800,24.053150177001953,0.0,0.0
TECK,2006-03-03,33.540000915527344,34.76499938964844,32.8849983215332,33.540000915527344,11600,24.457860946655273,0.0,0.0
TECK,2006-03-06,32.3849983215332,33.625,32.17499923706055,32.3849983215332,31200,23.615617752075195,0.0,0.0
TECK,2006-03-07,30.950000762939453,31.834999084472656,30.950000762939453,30.950000762939453,15400,22.56920051574707,0.0,0.0
TECK,2006-03-08,30.045000076293945,30.385000228881836,29.989999771118164,30.045000076293945,41200,21.90925407409668,0.0,0.0
TECK,2006-03-09,30.475000381469727,30.729999542236328,30.364999771118164,30.475000381469727,6400,22.222827911376953,0.0,0.0
TECK,2006-03-10,30.405000686645508,30.704999923706055,29.94499969482422,30.405000686645508,18800,22.17177391052246,0.0,0.0
TECK,2006-03-13,30.114999771118164,30.149999618530273,29.899999618530273,30.114999771118164,9200,21.960302352905273,0.0,0.0
TECK,2006-03-14,30.209999084472656,30.350000381469727,29.84000015258789,30.209999084472656,35600,22.029579162597656,0.0,0.0
TECK,2006-03-15,31.735000610351562,31.854999542236328,30.684999465942383,31.735000610351562,47000,23.141632080078125,0.0,0.0
TECK,2006-03-16,31.575000762939453,32.290000915527344,31.575000762939453,31.575000762939453,219000,23.024959564208984,0.0,0.0
TECK,2006-03-17,31.594999313354492,32.32500076293945,31.540000915527344,31.594999313354492,19600,23.0395450592041,0.0,0.0
TECK,2006-03-20,32.23500061035156,32.23500061035156,31.825000762939453,32.23500061035156,34200,23.50623893737793,0.0,0.0
TECK,2006-03-21,31.875,32.185001373291016,31.700000762939453,31.875,24600,23.24372100830078,0.0,0.0
TECK,2006-03-22,31.450000762939453,31.735000610351562,31.385000228881836,31.450000762939453,19600,22.933807373046875,0.0,0.0
TECK,2006-03-23,32.209999084472656,32.31999969482422,31.469999313354492,32.209999084472656,44000,23.488012313842773,0.0,0.0
TECK,2006-03-24,33.04499816894531,33.05500030517578,32.375,33.04499816894531,37400,24.096908569335938,0.0,0.0
TECK,2006-03-27,32.47999954223633,38.375,32.375,32.47999954223633,22400,23.68489646911621,0.0,0.0
TECK,2006-03-28,31.94499969482422,32.724998474121094,31.844999313354492,31.94499969482422,24000,23.29476547241211,0.0,0.0
TECK,2006-03-29,32.244998931884766,32.31999969482422,31.770000457763672,32.244998931884766,22000,23.513532638549805,0.0,0.0
TECK,2006-03-30,33.15999984741211,33.40999984741211,32.81999969482422,33.15999984741211,15600,24.180757522583008,0.0,0.0
TECK,2006-03-31,32.290000915527344,32.52000045776367,32.040000915527344,32.290000915527344,29200,23.54634666442871,0.0,0.0
TECK,2006-04-03,33.095001220703125,33.400001525878906,33.05500030517578,33.095001220703125,29800,24.133363723754883,0.0,0.0
TECK,2006-04-04,33.41999816894531,33.724998474121094,32.970001220703125,33.41999816894531,19000,24.370357513427734,0.0,0.0
TECK,2006-04-05,34.65999984741211,34.65999984741211,34.220001220703125,34.65999984741211,43600,25.274587631225586,0.0,0.0
TECK,2006-04-06,36.3650016784668,36.459999084472656,34.8849983215332,36.3650016784668,34000,26.51788902282715,0.0,0.0
TECK,2006-04-07,35.564998626708984,36.5,35.349998474121094,35.564998626708984,18000,25.93451690673828,0.0,0.0
TECK,2006-04-10,37.505001068115234,37.71500015258789,36.39500045776367,37.505001068115234,41600,27.349191665649414,0.0,0.0
TECK,2006-04-11,36.185001373291016,38.334999084472656,36.11000061035156,36.185001373291016,15400,26.386638641357422,0.0,0.0
TECK,2006-04-12,36.20000076293945,36.744998931884766,35.904998779296875,36.20000076293945,12800,26.397581100463867,0.0,0.0
TECK,2006-04-13,35.779998779296875,36.16999816894531,35.33000183105469,35.779998779296875,13000,26.09130096435547,0.0,0.0
TECK,2006-04-17,35.994998931884766,36.81999969482422,35.994998931884766,35.994998931884766,37800,26.24808692932129,0.0,0.0
TECK,2006-04-18,37.875,38.095001220703125,36.775001525878906,37.875,16000,27.619022369384766,0.0,0.0
TECK,2006-04-19,37.84000015258789,38.20000076293945,37.39500045776367,37.84000015258789,30200,27.593482971191406,0.0,0.0
TECK,2006-04-20,36.650001525878906,37.51499938964844,36.23500061035156,36.650001525878906,47400,26.725717544555664,0.0,0.0
TECK,2006-04-21,36.79999923706055,37.3849983215332,36.599998474121094,36.79999923706055,30600,26.83509635925293,0.0,0.0
TECK,2006-04-24,35.974998474121094,36.630001068115234,35.709999084472656,35.974998474121094,33200,26.23349952697754,0.0,0.0
TECK,2006-04-25,35.560001373291016,36.58000183105469,35.224998474121094,35.560001373291016,13000,25.930879592895508,0.0,0.0
TECK,2006-04-26,35.5099983215332,35.96500015258789,35.404998779296875,35.5099983215332,28400,25.894412994384766,0.0,0.0
TECK,2006-04-27,34.349998474121094,35.099998474121094,34.09000015258789,34.349998474121094,35400,25.04853057861328,0.0,0.0
TECK,2006-04-28,34.345001220703125,35.5,34.345001220703125,34.345001220703125,22400,25.044885635375977,0.0,0.0
TECK,2006-05-01,35.04999923706055,35.43000030517578,34.900001525878906,35.04999923706055,33800,25.558977127075195,0.0,0.0
TECK,2006-05-02,35.099998474121094,35.689998626708984,34.994998931884766,35.099998474121094,37200,25.595439910888672,0.0,0.0
TECK,2006-05-03,34.58000183105469,35.57500076293945,34.3650016784668,34.58000183105469,26000,25.21624755859375,0.0,0.0
TECK,2006-05-04,35.470001220703125,35.779998779296875,34.79499816894531,35.470001220703125,9600,25.86525535583496,0.0,0.0
TECK,2006-05-05,35.95500183105469,36.125,35.189998626708984,35.95500183105469,17000,26.218917846679688,0.0,0.0
TECK,2006-05-08,34.41999816894531,36.14500045776367,33.625,34.41999816894531,49200,25.099573135375977,0.0,0.0
TECK,2006-05-09,35.150001525878906,35.95500183105469,34.875,35.150001525878906,32000,25.631900787353516,0.0,0.0
TECK,2006-05-10,34.400001525878906,35.314998626708984,34.20000076293945,34.400001525878906,329200,25.084989547729492,0.0,0.0
TECK,2006-05-11,32.959999084472656,34.869998931884766,32.959999084472656,32.959999084472656,321400,24.0349178314209,0.0,0.0
TECK,2006-05-12,32.70000076293945,33.32500076293945,32.2599983215332,32.70000076293945,14600,23.84532356262207,0.0,0.0
TECK,2006-05-15,31.19499969482422,31.850000381469727,30.475000381469727,31.19499969482422,127200,22.747852325439453,0.0,0.0
TECK,2006-05-16,31.5,32.040000915527344,31.0049991607666,31.5,12200,22.970272064208984,0.0,0.0
TECK,2006-05-17,30.264999389648438,32.275001525878906,29.90999984741211,30.264999389648438,31600,22.069684982299805,0.0,0.0
TECK,2006-05-18,29.875,30.53499984741211,29.559999465942383,29.875,43000,21.785287857055664,0.0,0.0
TECK,2006-05-19,29.325000762939453,29.594999313354492,28.559999465942383,29.325000762939453,76200,21.38422393798828,0.0,0.0
TECK,2006-05-22,29.325000762939453,29.325000762939453,29.325000762939453,29.325000762939453,0,21.38422393798828,0.0,0.0
TECK,2006-05-23,29.239999771118164,29.94499969482422,29.239999771118164,29.239999771118164,32600,21.32223892211914,0.0,0.0
TECK,2006-05-24,28.809999465942383,28.8700008392334,27.940000534057617,28.809999465942383,153600,21.008678436279297,0.0,0.0
TECK,2006-05-25,30.575000762939453,30.575000762939453,29.385000228881836,30.575000762939453,67600,22.295738220214844,0.0,0.0
TECK,2006-05-26,32.1349983215332,32.1349983215332,30.65999984741211,32.1349983215332,68800,23.433319091796875,0.0,0.0
TECK,2006-05-30,32.34000015258789,32.709999084472656,32.13999938964844,32.34000015258789,18800,23.58280372619629,0.0,0.0
TECK,2006-05-31,31.975000381469727,32.400001525878906,31.975000381469727,31.975000381469727,20200,23.316640853881836,0.0,0.0
TECK,2006-06-01,31.170000076293945,31.350000381469727,30.829999923706055,31.170000076293945,15200,22.729629516601562,0.0,0.0
TECK,2006-06-02,30.735000610351562,31.479999542236328,30.649999618530273,30.735000610351562,21800,22.412410736083984,0.0,0.0
TECK,2006-06-05,29.604999542236328,30.774999618530273,29.375,29.604999542236328,23000,21.58839988708496,0.0,0.0
TECK,2006-06-06,28.760000228881836,29.600000381469727,28.56999969482422,28.760000228881836,18800,20.972211837768555,0.0,0.0
TECK,2006-06-07,29.1299991607666,29.979999542236328,28.5,29.1299991607666,22400,21.242021560668945,0.0,0.0
TECK,2006-06-08,28.540000915527344,28.825000762939453,27.350000381469727,28.540000915527344,26000,20.811786651611328,0.0,0.0
TECK,2006-06-09,29.385000228881836,29.479999542236328,28.395000457763672,29.385000228881836,13000,21.427974700927734,0.0,0.0
TECK,2006-06-12,27.575000762939453,29.46500015258789,27.43000030517578,27.575000762939453,18200,20.10810089111328,0.0,0.0
TECK,2006-06-13,26.104999542236328,27.299999237060547,26.100000381469727,26.104999542236328,28200,19.03615379333496,0.0,0.0
TECK,2006-06-14,26.665000915527344,26.979999542236328,26.010000228881836,26.665000915527344,34200,19.44451141357422,0.0,0.0
TECK,2006-06-15,28.434999465942383,28.524999618530273,27.334999084472656,28.434999465942383,35800,20.7352237701416,0.0,0.0
TECK,2006-06-16,27.729999542236328,27.96500015258789,27.399999618530273,27.729999542236328,11200,20.221120834350586,0.0,0.0
TECK,2006-06-19,27.329999923706055,29.610000610351562,27.315000534057617,27.329999923706055,12600,19.929439544677734,0.0,0.0
TECK,2006-06-20,27.440000534057617,27.950000762939453,27.25,27.440000534057617,10400,20.009653091430664,0.0,0.0
TECK,2006-06-21,28.209999084472656,28.584999084472656,28.174999237060547,28.209999084472656,8800,20.571142196655273,0.0,0.0
TECK,2006-06-22,28.329999923706055,28.6200008392334,28.03499984741211,28.329999923706055,10000,20.658649444580078,0.0,0.0
TECK,2006-06-23,27.860000610351562,28.135000228881836,27.774999618530273,27.860000610351562,11800,20.315929412841797,0.0,0.0
TECK,2006-06-26,29.19499969482422,30.155000686645508,29.19499969482422,29.19499969482422,15800,21.289419174194336,0.0,0.0
TECK,2006-06-27,28.19499969482422,29.420000076293945,28.19499969482422,28.19499969482422,9200,20.560211181640625,0.0,0.0
TECK,2006-06-28,27.65999984741211,28.100000381469727,27.424999237060547,27.65999984741211,9600,20.170082092285156,0.0,0.0
TECK,2006-06-29,28.100000381469727,29.719999313354492,28.100000381469727,29.5,189200,21.5118350982666,0.0,0.0
TECK,2006-06-30,29.774999618530273,30.06999969482422,29.665000915527344,29.8799991607666,90200,21.7889404296875,0.0,0.0
TECK,2006-07-03,30.21500015258789,30.940000534057617,30.125,30.899999618530273,114200,22.532737731933594,0.0,0.0
TECK,2006-07-05,30.450000762939453,30.540000915527344,29.549999237060547,30.184999465942383,163400,22.0113468170166,0.0,0.0
TECK,2006-07-06,29.959999084472656,30.614999771118164,29.875,30.5,379800,22.241052627563477,0.0,0.0
TECK,2006-07-07,30.325000762939453,31.325000762939453,30.25,30.940000534057617,186200,22.561906814575195,0.0,0.0
TECK,2006-07-10,30.549999237060547,31.209999084472656,30.489999771118164,31.135000228881836,119200,22.704103469848633,0.0,0.0
TECK,2006-07-11,31.040000915527344,31.959999084472656,31.040000915527344,31.125,268000,22.696813583374023,0.0,0.0
TECK,2006-07-12,31.25,31.559999465942383,30.645000457763672,30.760000228881836,191600,22.43064308166504,0.0,0.0
TECK,2006-07-13,30.6299991607666,30.6299991607666,29.690000534057617,30.014999389648438,57200,21.887378692626953,0.0,0.0
TECK,2006-07-14,30.31999969482422,30.34000015258789,29.334999084472656,29.774999618530273,61600,21.712369918823242,0.0,0.0
TECK,2006-07-17,29.670000076293945,30.235000610351562,29.5,29.625,77400,21.602983474731445,0.0,0.0
TECK,2006-07-18,29.700000762939453,30.235000610351562,29.700000762939453,30.170000076293945,92400,22.000410079956055,0.0,0.0
TECK,2006-07-19,29.920000076293945,31.084999084472656,29.114999771118164,31.084999084472656,203600,22.667640686035156,0.0,0.0
TECK,2006-07-20,31.084999084472656,31.184999465942383,29.709999084472656,30.059999465942383,57800,21.92019271850586,0.0,0.0
TECK,2006-07-21,30.155000686645508,30.329999923706055,28.780000686645508,28.780000686645508,70000,20.986797332763672,0.0,0.0
TECK,2006-07-24,28.625,29.21500015258789,27.81999969482422,29.075000762939453,152800,21.20192527770996,0.0,0.0
TECK,2006-07-25,29.614999771118164,31.19499969482422,29.53499984741211,30.790000915527344,151600,22.45252227783203,0.0,0.0
TECK,2006-07-26,30.934999465942383,31.950000762939453,30.450000762939453,31.684999465942383,127400,23.105165481567383,0.0,0.0
TECK,2006-07-27,32.099998474121094,32.56999969482422,31.670000076293945,32.064998626708984,49000,23.382272720336914,0.0,0.0
TECK,2006-07-28,32.060001373291016,32.869998931884766,31.655000686645508,32.435001373291016,58800,23.652080535888672,0.0,0.0
TECK,2006-07-31,32.06999969482422,33.2599983215332,31.989999771118164,33.060001373291016,198600,24.107837677001953,0.0,0.0
TECK,2006-08-01,33.18000030517578,33.915000915527344,33.130001068115234,33.915000915527344,156200,24.731311798095703,0.0,0.0
TECK,2006-08-02,34.45500183105469,36.150001525878906,33.82500076293945,35.7599983215332,604000,26.076719284057617,0.0,0.0
TECK,2006-08-03,35.33000183105469,35.64500045776367,35.279998779296875,35.525001525878906,159600,25.905351638793945,0.0,0.0
TECK,2006-08-04,35.85499954223633,36.244998931884766,35.439998626708984,35.88999938964844,268800,26.171520233154297,0.0,0.0
TECK,2006-08-07,35.88999938964844,35.88999938964844,35.5,35.650001525878906,43600,25.996505737304688,0.0,0.0
TECK,2006-08-08,35.98500061035156,36.084999084472656,34.459999084472656,34.64500045776367,911200,25.263647079467773,0.0,0.0
TECK,2006-08-09,34.5,34.529998779296875,33.029998779296875,33.029998779296875,848800,24.085962295532227,0.0,0.0
TECK,2006-08-10,32.65999984741211,33.900001525878906,32.310001373291016,33.900001525878906,490400,24.72038459777832,0.0,0.0
TECK,2006-08-11,35.334999084472656,35.64500045776367,34.73500061035156,35.220001220703125,669600,25.682941436767578,0.0,0.0
TECK,2006-08-14,35.005001068115234,35.45000076293945,34.29999923706055,34.97999954223633,416600,25.507932662963867,0.0,0.0
TECK,2006-08-15,35.279998779296875,35.95000076293945,35.0,35.60499954223633,186200,25.963695526123047,0.0,0.0
TECK,2006-08-16,36.45500183105469,37.025001525878906,36.39500045776367,36.689998626708984,349000,26.754886627197266,0.0,0.0
TECK,2006-08-17,36.375,36.875,35.04999923706055,35.80500030517578,378600,26.109527587890625,0.0,0.0
TECK,2006-08-18,35.900001525878906,36.165000915527344,35.0099983215332,35.95500183105469,171800,26.218917846679688,0.0,0.0
TECK,2006-08-21,36.150001525878906,36.650001525878906,35.75,36.345001220703125,232200,26.503314971923828,0.0,0.0
TECK,2006-08-22,36.314998626708984,36.33000183105469,35.849998474121094,36.15999984741211,547600,26.368398666381836,0.0,0.0
TECK,2006-08-23,36.14500045776367,36.18000030517578,34.5099983215332,34.77000045776367,297000,25.354785919189453,0.0,0.0
TECK,2006-08-24,34.63999938964844,34.720001220703125,33.58000183105469,33.63999938964844,162200,24.530780792236328,0.0,0.0
TECK,2006-08-25,33.76499938964844,34.51499938964844,33.744998931884766,33.93000030517578,110800,24.742259979248047,0.0,0.0
TECK,2006-08-28,33.970001220703125,34.47999954223633,33.93000030517578,34.189998626708984,83800,24.931842803955078,0.0,0.0
TECK,2006-08-29,34.220001220703125,34.220001220703125,32.904998779296875,33.38999938964844,155600,24.34847640991211,0.0,0.0
TECK,2006-08-30,33.459999084472656,33.65999984741211,32.95500183105469,33.380001068115234,228600,24.34119415283203,0.0,0.0
TECK,2006-08-31,33.55500030517578,33.75,33.0099983215332,33.40999984741211,700000,24.363073348999023,0.0,0.0
TECK,2006-09-01,33.599998474121094,34.0,33.334999084472656,33.72999954223633,96400,24.596412658691406,0.0,0.0
TECK,2006-09-05,33.85499954223633,35.459999084472656,33.82500076293945,35.34000015258789,334000,25.77045440673828,0.0,0.0
TECK,2006-09-06,35.1349983215332,35.650001525878906,34.755001068115234,35.05500030517578,246400,25.562625885009766,0.0,0.0
TECK,2006-09-07,34.810001373291016,34.810001373291016,33.599998474121094,34.22999954223633,290000,24.96101951599121,0.0,0.0
TECK,2006-09-08,33.875,33.900001525878906,33.375,33.55500030517578,184000,24.46880340576172,0.0,0.0
TECK,2006-09-11,32.91999816894531,32.91999816894531,30.795000076293945,31.06999969482422,459000,22.656702041625977,0.0,0.0
TECK,2006-09-12,31.450000762939453,32.0,30.899999618530273,30.989999771118164,184200,22.598365783691406,0.0,0.0
TECK,2006-09-13,30.989999771118164,31.770000457763672,30.010000228881836,31.190000534057617,302200,22.744211196899414,0.0,0.0
TECK,2006-09-14,31.25,31.760000228881836,30.165000915527344,31.020000457763672,206600,22.620243072509766,0.0,0.0
TECK,2006-09-15,31.065000534057617,31.219999313354492,29.65999984741211,29.864999771118164,398600,21.777992248535156,0.0,0.0
TECK,2006-09-18,29.825000762939453,30.8700008392334,29.799999237060547,30.594999313354492,160200,22.310325622558594,0.0,0.0
TECK,2006-09-19,30.104999542236328,30.905000686645508,30.104999542236328,30.625,204200,22.332202911376953,0.0,0.0
TECK,2006-09-20,30.719999313354492,31.200000762939453,30.329999923706055,30.415000915527344,321000,22.17906951904297,0.0,0.0
TECK,2006-09-21,30.635000228881836,31.065000534057617,29.94499969482422,30.03499984741211,101600,21.90196418762207,0.0,0.0
TECK,2006-09-22,30.565000534057617,30.829999923706055,30.049999237060547,30.299999237060547,108800,22.09520721435547,0.0,0.0
TECK,2006-09-25,29.604999542236328,29.729999542236328,28.760000228881836,29.075000762939453,267800,21.20192527770996,0.0,0.0
TECK,2006-09-26,29.125,30.5,29.06999969482422,30.15999984741211,151000,21.993114471435547,0.0,0.0
TECK,2006-09-27,30.0,31.889999389648438,29.704999923706055,31.549999237060547,308800,23.006725311279297,0.0,0.0
TECK,2006-09-28,31.700000762939453,32.67499923706055,31.674999237060547,32.1349983215332,228600,23.433319091796875,0.0,0.0
TECK,2006-09-29,31.645000457763672,31.895000457763672,31.229999542236328,31.2450008392334,270000,22.78431510925293,0.0,0.0
TECK,2006-10-02,31.780000686645508,32.834999084472656,31.020000457763672,31.225000381469727,175200,22.76972770690918,0.0,0.0
TECK,2006-10-03,30.90999984741211,30.90999984741211,29.809999465942383,30.075000762939453,168600,21.931137084960938,0.0,0.0
TECK,2006-10-04,30.0049991607666,30.385000228881836,28.829999923706055,30.155000686645508,195400,21.989471435546875,0.0,0.0
TECK,2006-10-05,30.479999542236328,31.780000686645508,30.479999542236328,31.639999389648438,146400,23.07235336303711,0.0,0.0
TECK,2006-10-06,31.674999237060547,32.474998474121094,31.3799991607666,31.530000686645508,141000,22.992137908935547,0.0,0.0
TECK,2006-10-09,31.875,32.404998779296875,31.655000686645508,32.26499938964844,53600,23.52811622619629,0.0,0.0
TECK,2006-10-10,32.0,32.72999954223633,31.18000030517578,32.2599983215332,246000,23.52446746826172,0.0,0.0
TECK,2006-10-11,31.850000381469727,33.09000015258789,31.674999237060547,32.435001373291016,172000,23.652080535888672,0.0,0.0
TECK,2006-10-12,32.435001373291016,33.30500030517578,32.435001373291016,33.07500076293945,405000,24.118778228759766,0.0,0.0
TECK,2006-10-13,33.400001525878906,34.47999954223633,33.400001525878906,34.27000045776367,152800,24.99019432067871,0.0,0.0
TECK,2006-10-16,35.43000030517578,35.89500045776367,34.82500076293945,35.20000076293945,183400,25.668359756469727,0.0,0.0
TECK,2006-10-17,34.974998474121094,35.5099983215332,34.494998931884766,35.11000061035156,162600,25.602725982666016,0.0,0.0
TECK,2006-10-18,35.41999816894531,35.51499938964844,34.95000076293945,35.16999816894531,141600,25.646474838256836,0.0,0.0
TECK,2006-10-19,35.244998931884766,35.779998779296875,34.77000045776367,35.07500076293945,168200,25.57720947265625,0.0,0.0
TECK,2006-10-20,35.42499923706055,36.18000030517578,35.369998931884766,35.95500183105469,229000,26.218917846679688,0.0,0.0
TECK,2006-10-23,35.5,36.025001525878906,35.1150016784668,36.02000045776367,177000,26.266311645507812,0.0,0.0
TECK,2006-10-24,35.654998779296875,36.345001220703125,35.525001525878906,36.20500183105469,252200,26.401220321655273,0.0,0.0
TECK,2006-10-25,36.209999084472656,37.51499938964844,36.08000183105469,37.51499938964844,377000,27.356494903564453,0.0,0.0
TECK,2006-10-26,37.05500030517578,37.849998474121094,37.05500030517578,37.849998474121094,308000,27.600765228271484,0.0,0.0
TECK,2006-10-27,37.88999938964844,38.564998626708984,37.400001525878906,38.45000076293945,284200,28.038307189941406,0.0,0.0
TECK,2006-10-30,37.755001068115234,37.78499984741211,36.94499969482422,37.11000061035156,205000,27.061155319213867,0.0,0.0
TECK,2006-10-31,36.41999816894531,37.400001525878906,36.25,36.845001220703125,258400,26.867921829223633,0.0,0.0
TECK,2006-11-01,36.880001068115234,37.0,35.125,35.27000045776367,242200,25.719409942626953,0.0,0.0
TECK,2006-11-02,35.404998779296875,36.19499969482422,35.25,35.7400016784668,244000,26.06214141845703,0.0,0.0
TECK,2006-11-03,36.20000076293945,37.5099983215332,36.03499984741211,37.224998474121094,158800,27.1450252532959,0.0,0.0
TECK,2006-11-06,37.154998779296875,38.66999816894531,37.099998474121094,38.095001220703125,325800,27.779434204101562,0.0,0.0
TECK,2006-11-07,38.6349983215332,39.0,38.459999084472656,38.64500045776367,223600,28.180496215820312,0.0,0.0
TECK,2006-11-08,38.08000183105469,38.94499969482422,37.94499969482422,38.25,205800,27.892459869384766,0.0,0.0
TECK,2006-11-09,38.56999969482422,38.95000076293945,38.290000915527344,38.709999084472656,428600,28.227907180786133,0.0,0.0
TECK,2006-11-10,38.46500015258789,38.46500015258789,37.53499984741211,37.689998626708984,465200,27.484100341796875,0.0,0.0
TECK,2006-11-13,36.34000015258789,36.36000061035156,35.5099983215332,35.9900016784668,847000,26.244436264038086,0.0,0.0
TECK,2006-11-14,35.915000915527344,35.974998474121094,34.40999984741211,34.63999938964844,601400,25.259998321533203,0.0,0.0
TECK,2006-11-15,34.57500076293945,35.48500061035156,34.48500061035156,35.125,766000,25.613666534423828,0.0,0.0
TECK,2006-11-16,35.3650016784668,36.119998931884766,34.935001373291016,35.060001373291016,286600,25.566268920898438,0.0,0.0
TECK,2006-11-17,34.25,34.47999954223633,34.11000061035156,34.314998626708984,577000,25.023008346557617,0.0,0.0
TECK,2006-11-20,35.57500076293945,35.755001068115234,34.3650016784668,34.630001068115234,504800,25.252700805664062,0.0,0.0
TECK,2006-11-21,34.915000915527344,36.275001525878906,34.75,35.845001220703125,488000,26.138700485229492,0.0,0.0
TECK,2006-11-22,36.290000915527344,37.470001220703125,35.935001373291016,37.05500030517578,438400,27.021055221557617,0.0,0.0
TECK,2006-11-24,37.47999954223633,38.60499954223633,37.40999984741211,38.099998474121094,388400,27.78308868408203,0.0,0.0
TECK,2006-11-27,38.41999816894531,38.41999816894531,37.025001525878906,37.404998779296875,283400,27.276277542114258,0.0,0.0
TECK,2006-11-28,36.94499969482422,37.42499923706055,36.505001068115234,36.70500183105469,311200,26.76582908630371,0.0,0.0
TECK,2006-11-29,36.709999084472656,37.56999969482422,36.51499938964844,37.494998931884766,239000,27.34190559387207,0.0,0.0
TECK,2006-11-30,38.03499984741211,38.060001373291016,37.01499938964844,37.474998474121094,607800,27.327316284179688,0.0,0.0
TECK,2006-12-01,37.39500045776367,37.93000030517578,36.959999084472656,37.79499816894531,351800,27.5606746673584,0.0,0.0
TECK,2006-12-04,37.935001373291016,39.130001068115234,37.935001373291016,39.130001068115234,385400,28.53417205810547,0.0,0.0
TECK,2006-12-05,39.154998779296875,40.04999923706055,39.025001525878906,39.72999954223633,409400,28.971704483032227,0.0,0.0
TECK,2006-12-06,39.56999969482422,39.755001068115234,38.92499923706055,39.19499969482422,356400,28.581565856933594,0.0,0.0
TECK,2006-12-07,38.95000076293945,39.349998474121094,38.33000183105469,38.564998626708984,272400,28.122163772583008,0.0,0.0
TECK,2006-12-08,38.369998931884766,38.849998474121094,37.5,37.88999938964844,383200,27.62995147705078,0.0,0.0
TECK,2006-12-11,37.869998931884766,39.310001373291016,37.869998931884766,39.244998931884766,410400,28.618040084838867,0.0,0.0
TECK,2006-12-12,38.9900016784668,39.625,38.72999954223633,39.119998931884766,373000,28.526872634887695,0.0,0.0
TECK,2006-12-13,39.224998474121094,39.78499984741211,38.88999938964844,39.65999984741211,327600,28.920652389526367,0.0,0.0
TECK,2006-12-14,39.48500061035156,40.994998931884766,39.48500061035156,40.42499923706055,477400,29.47850799560547,0.0,0.0
TECK,2006-12-15,40.900001525878906,41.029998779296875,39.19499969482422,39.34000015258789,334800,28.687301635742188,0.0,0.0
TECK,2006-12-18,39.275001525878906,39.58000183105469,38.66999816894531,38.935001373291016,326400,28.391990661621094,0.0,0.0
TECK,2006-12-19,38.47999954223633,39.17499923706055,38.095001220703125,39.01499938964844,289200,28.450305938720703,0.0,0.0
TECK,2006-12-20,38.875,39.02000045776367,37.76499938964844,37.974998474121094,434800,27.69192886352539,0.0,0.0
TECK,2006-12-21,37.84000015258789,37.86000061035156,35.875,36.349998474121094,685000,26.5069522857666,0.0,0.0
TECK,2006-12-22,36.20500183105469,36.599998474121094,35.60499954223633,36.005001068115234,290800,26.25537872314453,0.0,0.0
TECK,2006-12-26,36.029998779296875,36.474998474121094,36.025001525878906,36.45000076293945,66600,26.579883575439453,0.0,0.0
TECK,2006-12-27,36.625,37.70000076293945,36.39500045776367,37.625,208800,27.436708450317383,0.0,0.0
TECK,2006-12-28,37.43000030517578,37.744998931884766,37.10499954223633,37.28499984741211,161800,27.188770294189453,0.0,0.0
TECK,2006-12-29,37.540000915527344,37.89500045776367,36.970001220703125,37.67499923706055,178400,27.473173141479492,0.0,0.0
TECK,2007-01-03,36.0,36.0,34.20500183105469,34.625,680800,25.249067306518555,0.0,0.0
TECK,2007-01-04,34.42499923706055,34.599998474121094,33.290000915527344,33.43000030517578,585600,24.377641677856445,0.0,0.0
TECK,2007-01-05,33.26499938964844,33.709999084472656,32.939998626708984,33.2599983215332,391800,24.253677368164062,0.0,0.0
TECK,2007-01-08,33.6150016784668,34.119998931884766,33.404998779296875,33.94499969482422,374600,24.75319480895996,0.0,0.0
TECK,2007-01-09,33.525001525878906,33.59000015258789,32.755001068115234,32.935001373291016,788600,24.016687393188477,0.0,0.0
TECK,2007-01-10,32.6349983215332,34.11000061035156,32.6349983215332,33.994998931884766,382000,24.789649963378906,0.0,0.0
TECK,2007-01-11,33.69499969482422,34.630001068115234,33.69499969482422,34.4900016784668,340600,25.150623321533203,0.0,0.0
TECK,2007-01-12,34.83000183105469,35.3849983215332,34.66999816894531,35.27000045776367,303000,25.719409942626953,0.0,0.0
TECK,2007-01-16,34.93000030517578,34.98500061035156,33.849998474121094,33.849998474121094,296400,24.68391990661621,0.0,0.0
TECK,2007-01-17,34.130001068115234,34.875,33.67499923706055,34.755001068115234,272800,25.343860626220703,0.0,0.0
TECK,2007-01-18,34.970001220703125,35.27000045776367,33.7599983215332,34.060001373291016,252600,24.837055206298828,0.0,0.0
TECK,2007-01-19,34.21500015258789,34.70500183105469,34.0,34.564998626708984,302000,25.205305099487305,0.0,0.0
TECK,2007-01-22,34.834999084472656,35.07500076293945,34.28499984741211,34.689998626708984,191600,25.296457290649414,0.0,0.0
TECK,2007-01-23,35.02000045776367,36.19499969482422,34.900001525878906,36.07500076293945,350400,26.306419372558594,0.0,0.0
TECK,2007-01-24,36.275001525878906,37.130001068115234,35.7599983215332,36.970001220703125,422800,26.959064483642578,0.0,0.0
TECK,2007-01-25,37.28499984741211,37.435001373291016,36.0,36.14500045776367,933800,26.35747528076172,0.0,0.0
TECK,2007-01-26,36.29999923706055,36.814998626708984,35.78499984741211,36.470001220703125,320800,26.594457626342773,0.0,0.0
TECK,2007-01-29,35.86000061035156,36.05500030517578,35.654998779296875,35.724998474121094,826400,26.05120277404785,0.0,0.0
TECK,2007-01-30,35.880001068115234,36.61000061035156,35.775001525878906,36.400001525878906,703400,26.543411254882812,0.0,0.0
TECK,2007-01-31,36.05500030517578,37.13999938964844,35.98500061035156,36.91999816894531,699200,26.922607421875,0.0,0.0
TECK,2007-02-01,37.34000015258789,37.6150016784668,37.17499923706055,37.474998474121094,292600,27.327316284179688,0.0,0.0
TECK,2007-02-02,36.71500015258789,36.71500015258789,35.51499938964844,35.685001373291016,504200,26.02202796936035,0.0,0.0
TECK,2007-02-05,35.584999084472656,35.8849983215332,35.35499954223633,35.619998931884766,207800,25.97463035583496,0.0,0.0
TECK,2007-02-06,35.959999084472656,36.220001220703125,35.540000915527344,36.119998931884766,381400,26.339231491088867,0.0,0.0
TECK,2007-02-07,35.77000045776367,36.310001373291016,35.165000915527344,35.59000015258789,224000,25.952743530273438,0.0,0.0
TECK,2007-02-08,34.81999969482422,35.375,34.150001525878906,35.32500076293945,393400,25.759511947631836,0.0,0.0
TECK,2007-02-09,35.63999938964844,35.98500061035156,34.81999969482422,35.23500061035156,520800,25.693880081176758,0.0,0.0
TECK,2007-02-12,35.46500015258789,35.625,34.70500183105469,35.165000915527344,298600,25.642831802368164,0.0,0.0
TECK,2007-02-13,36.35499954223633,37.1150016784668,35.755001068115234,37.1150016784668,964600,27.064815521240234,0.0,0.0
TECK,2007-02-14,37.31999969482422,37.77000045776367,36.7599983215332,36.80500030517578,694600,26.838748931884766,0.0,0.0
TECK,2007-02-15,37.29999923706055,37.869998931884766,37.17499923706055,37.599998474121094,648600,27.41847038269043,0.0,0.0
TECK,2007-02-16,37.6150016784668,37.81999969482422,37.255001068115234,37.81999969482422,414400,27.57889747619629,0.0,0.0
TECK,2007-02-20,36.84000015258789,37.244998931884766,36.73500061035156,37.025001525878906,464200,26.999176025390625,0.0,0.0
TECK,2007-02-21,37.06999969482422,37.650001525878906,36.290000915527344,37.56999969482422,882200,27.396602630615234,0.0,0.0
TECK,2007-02-22,37.96500015258789,38.08000183105469,37.040000915527344,37.625,618400,27.436708450317383,0.0,0.0
TECK,2007-02-23,37.95000076293945,37.95000076293945,36.75,37.040000915527344,707800,27.010114669799805,0.0,0.0
TECK,2007-02-26,37.06999969482422,37.10499954223633,36.5,36.8849983215332,536400,26.897085189819336,0.0,0.0
TECK,2007-02-27,35.63999938964844,36.34000015258789,35.25,35.29499816894531,727800,25.73763656616211,0.0,0.0
TECK,2007-02-28,35.185001373291016,35.28499984741211,34.27000045776367,35.224998474121094,709600,25.68657684326172,0.0,0.0
TECK,2007-03-01,34.33000183105469,35.20500183105469,33.96500015258789,35.01499938964844,668600,25.5334529876709,0.0,0.0
TECK,2007-03-02,34.625,35.0,34.005001068115234,34.060001373291016,898800,24.837055206298828,0.0,0.0
TECK,2007-03-05,33.0,33.68000030517578,32.724998474121094,33.05500030517578,757400,24.104196548461914,0.0,0.0
TECK,2007-03-06,34.03499984741211,34.15999984741211,33.154998779296875,33.709999084472656,779200,24.581825256347656,0.0,0.0
TECK,2007-03-07,33.720001220703125,34.369998931884766,33.5,33.970001220703125,793600,24.771427154541016,0.0,0.0
TECK,2007-03-08,34.25,35.09000015258789,33.68000030517578,33.70500183105469,772800,24.578184127807617,0.0,0.0
TECK,2007-03-09,33.95500183105469,34.40999984741211,33.38999938964844,34.04999923706055,401400,24.829763412475586,0.0,0.0
TECK,2007-03-12,34.119998931884766,34.525001525878906,33.95500183105469,34.345001220703125,265200,25.044885635375977,0.0,0.0
TECK,2007-03-13,34.20000076293945,34.5099983215332,33.54499816894531,33.67499923706055,469200,24.556310653686523,0.0,0.0
TECK,2007-03-14,33.685001373291016,33.72999954223633,32.1150016784668,33.154998779296875,690200,24.1771240234375,0.0,0.0
TECK,2007-03-15,33.3650016784668,33.61000061035156,32.97999954223633,33.2599983215332,478200,24.253677368164062,0.0,0.0
TECK,2007-03-16,33.35499954223633,33.525001525878906,32.48500061035156,32.81999969482422,456600,23.93282699584961,0.0,0.0
TECK,2007-03-19,33.15999984741211,33.2400016784668,32.689998626708984,32.875,352600,23.972930908203125,0.0,0.0
TECK,2007-03-20,33.04999923706055,33.42499923706055,32.57500076293945,32.65999984741211,448800,23.816152572631836,0.0,0.0
TECK,2007-03-21,32.80500030517578,33.709999084472656,32.654998779296875,33.685001373291016,657200,24.563600540161133,0.0,0.0
TECK,2007-03-22,33.86000061035156,34.619998931884766,33.81999969482422,34.470001220703125,711000,25.13603401184082,0.0,0.0
TECK,2007-03-23,34.525001525878906,34.619998931884766,33.9900016784668,34.505001068115234,504600,25.161561965942383,0.0,0.0
TECK,2007-03-26,34.974998474121094,35.834999084472656,34.724998474121094,35.80500030517578,766800,26.109527587890625,0.0,0.0
TECK,2007-03-27,35.6150016784668,35.875,35.375,35.55500030517578,573600,25.927234649658203,0.0,0.0
TECK,2007-03-28,35.55500030517578,35.88999938964844,35.38999938964844,35.39500045776367,310200,25.8105525970459,0.0,0.0
TECK,2007-03-29,35.71500015258789,35.994998931884766,34.755001068115234,35.07500076293945,405400,25.57720947265625,0.0,0.0
TECK,2007-03-30,35.19499969482422,35.4900016784668,34.65999984741211,34.79999923706055,298400,25.376678466796875,0.0,0.0
TECK,2007-04-02,34.86000061035156,35.474998474121094,34.744998931884766,35.40999984741211,253400,25.821491241455078,0.0,0.0
TECK,2007-04-03,35.564998626708984,36.48500061035156,35.36000061035156,36.06999969482422,514800,26.302776336669922,0.0,0.0
TECK,2007-04-04,36.21500015258789,36.314998626708984,35.404998779296875,36.30500030517578,628400,26.47414207458496,0.0,0.0
TECK,2007-04-05,36.209999084472656,36.55500030517578,36.064998626708984,36.064998626708984,426800,26.299135208129883,0.0,0.0
TECK,2007-04-09,36.2400016784668,37.099998474121094,36.1150016784668,36.875,984600,26.889801025390625,0.0,0.0
TECK,2007-04-10,37.34000015258789,37.41999816894531,36.5,36.71500015258789,643600,26.77312469482422,0.0,0.0
TECK,2007-04-11,37.10499954223633,37.2599983215332,36.435001373291016,36.540000915527344,601400,26.645505905151367,0.0,0.0
TECK,2007-04-12,36.6349983215332,36.65999984741211,36.15999984741211,36.31999969482422,371400,26.485082626342773,0.0,0.0
TECK,2007-04-13,36.41999816894531,37.45000076293945,36.2599983215332,37.29999923706055,411800,27.1997127532959,0.0,0.0
TECK,2007-04-16,37.61000061035156,39.279998779296875,37.47999954223633,39.22999954223633,1029200,28.60708999633789,0.0,0.0
TECK,2007-04-17,39.4900016784668,39.4900016784668,38.45000076293945,39.09000015258789,873000,28.505002975463867,0.0,0.0
TECK,2007-04-18,38.86000061035156,38.93000030517578,38.14500045776367,38.82500076293945,590800,28.311756134033203,0.0,0.0
TECK,2007-04-19,37.85499954223633,38.1349983215332,37.459999084472656,37.994998931884766,673600,27.706520080566406,0.0,0.0
TECK,2007-04-20,38.5,38.84000015258789,37.95000076293945,38.03499984741211,471800,27.735681533813477,0.0,0.0
TECK,2007-04-23,37.880001068115234,38.220001220703125,37.439998626708984,37.724998474121094,520800,27.509626388549805,0.0,0.0
TECK,2007-04-24,37.59000015258789,38.755001068115234,37.494998931884766,38.3650016784668,658600,27.976320266723633,0.0,0.0
TECK,2007-04-25,38.709999084472656,39.255001068115234,38.43000030517578,39.18000030517578,576000,28.570634841918945,0.0,0.0
TECK,2007-04-26,38.83000183105469,39.20500183105469,38.15999984741211,38.15999984741211,702000,27.82683753967285,0.0,0.0
TECK,2007-04-27,38.0,38.375,37.70000076293945,38.224998474121094,408000,27.874235153198242,0.0,0.0
TECK,2007-04-30,38.654998779296875,38.939998626708984,37.959999084472656,38.01499938964844,504600,27.721097946166992,0.0,0.0
TECK,2007-05-01,38.005001068115234,38.5099983215332,37.79499816894531,38.14500045776367,358400,27.815881729125977,0.0,0.0
TECK,2007-05-02,38.11000061035156,39.3849983215332,38.025001525878906,39.2599983215332,672000,28.628965377807617,0.0,0.0
TECK,2007-05-03,39.939998626708984,40.209999084472656,38.130001068115234,40.125,1174000,29.259746551513672,0.0,0.0
TECK,2007-05-04,40.78499984741211,41.06999969482422,40.275001525878906,40.939998626708984,614000,29.854049682617188,0.0,0.0
TECK,2007-05-07,41.685001373291016,42.03499984741211,41.005001068115234,41.10499954223633,436600,29.9743595123291,0.0,0.0
TECK,2007-05-08,40.54999923706055,40.68000030517578,40.06999969482422,40.61000061035156,471400,29.613412857055664,0.0,0.0
TECK,2007-05-09,40.85499954223633,41.939998626708984,40.82500076293945,41.53499984741211,503600,30.28793716430664,0.0,0.0
TECK,2007-05-10,41.80500030517578,41.849998474121094,40.94499969482422,41.244998931884766,419000,30.07645606994629,0.0,0.0
TECK,2007-05-11,41.099998474121094,42.689998626708984,41.099998474121094,42.63999938964844,486400,31.093721389770508,0.0,2.0
TECK,2007-05-14,42.849998474121094,43.79999923706055,40.599998474121094,40.810001373291016,602800,29.759252548217773,0.0,0.0
TECK,2007-05-15,40.95000076293945,41.790000915527344,40.70000076293945,41.29999923706055,370900,30.11656379699707,0.0,0.0
TECK,2007-05-16,41.209999084472656,41.209999084472656,40.04999923706055,40.72999954223633,329600,29.70092010498047,0.0,0.0
TECK,2007-05-17,40.220001220703125,40.59000015258789,39.4900016784668,40.4900016784668,410900,29.52590560913086,0.0,0.0
TECK,2007-05-18,40.7599983215332,41.369998931884766,40.34000015258789,41.369998931884766,397200,30.16761016845703,0.0,0.0
TECK,2007-05-21,41.599998474121094,42.2400016784668,41.459999084472656,41.709999084472656,200800,30.415546417236328,0.0,0.0
TECK,2007-05-22,39.810001373291016,41.75,39.810001373291016,40.25,402400,29.350902557373047,0.0,0.0
TECK,2007-05-23,40.630001068115234,40.779998779296875,39.900001525878906,40.06999969482422,497400,29.219640731811523,0.0,0.0
TECK,2007-05-24,40.150001525878906,40.150001525878906,38.29999923706055,38.689998626708984,902400,28.213315963745117,0.0,0.0
TECK,2007-05-25,39.599998474121094,40.11000061035156,39.279998779296875,40.06999969482422,319700,29.219640731811523,0.0,0.0
TECK,2007-05-29,41.36000061035156,41.38999938964844,40.5099983215332,40.70000076293945,379500,29.679039001464844,0.0,0.0
TECK,2007-05-30,39.88999938964844,41.880001068115234,39.16999816894531,41.59000015258789,759200,30.328039169311523,0.0,0.0
TECK,2007-05-31,41.9900016784668,42.689998626708984,41.9900016784668,42.2400016784668,536600,30.802043914794922,0.0,0.0
TECK,2007-06-01,42.7599983215332,42.970001220703125,42.38999938964844,42.70000076293945,830200,31.13747215270996,0.0,0.0
TECK,2007-06-04,42.349998474121094,42.56999969482422,41.84000015258789,42.5,377200,30.99163818359375,0.0,0.0
TECK,2007-06-05,42.18000030517578,43.83000183105469,42.13999938964844,43.5,476700,31.720844268798828,0.0,0.0
TECK,2007-06-06,43.0,43.4900016784668,42.54999923706055,42.900001525878906,541200,31.283321380615234,0.0,0.0
TECK,2007-06-07,42.540000915527344,43.04999923706055,41.310001373291016,41.779998779296875,539500,30.46658706665039,0.0,0.0
TECK,2007-06-08,41.279998779296875,43.18000030517578,41.119998931884766,42.84000015258789,721300,31.239547729492188,0.0,0.0
TECK,2007-06-11,43.43000030517578,44.33000183105469,42.959999084472656,44.189998626708984,708800,32.22400665283203,0.0,0.0
TECK,2007-06-12,43.279998779296875,44.09000015258789,43.029998779296875,43.13999938964844,519500,31.458316802978516,0.0,0.0
TECK,2007-06-13,43.70000076293945,45.0,43.61000061035156,44.869998931884766,590200,32.71985626220703,0.0,0.0
TECK,2007-06-14,45.18000030517578,46.08000183105469,45.16999816894531,45.81999969482422,677500,33.4126091003418,0.0,0.0
TECK,2007-06-15,46.33000183105469,46.90999984741211,46.099998474121094,46.4900016784668,411700,33.90120315551758,0.0,0.0
TECK,2007-06-18,46.43000030517578,46.63999938964844,45.459999084472656,46.5,361800,33.908485412597656,0.0,0.0
TECK,2007-06-19,46.40999984741211,46.70000076293945,45.77000045776367,46.279998779296875,422200,33.7480583190918,0.0,0.0
TECK,2007-06-20,45.900001525878906,46.060001373291016,44.599998474121094,44.849998474121094,549500,33.039390563964844,0.468,0.0
TECK,2007-06-21,44.83000183105469,45.439998626708984,44.130001068115234,45.16999816894531,546800,33.27511978149414,0.0,0.0
TECK,2007-06-22,45.189998626708984,45.189998626708984,44.119998931884766,44.970001220703125,512200,33.12778091430664,0.0,0.0
TECK,2007-06-25,44.439998626708984,44.849998474121094,43.540000915527344,43.540000915527344,499600,32.0743522644043,0.0,0.0
TECK,2007-06-26,44.22999954223633,44.47999954223633,41.9900016784668,42.459999084472656,620100,31.27876091003418,0.0,0.0
TECK,2007-06-27,42.400001525878906,43.58000183105469,41.75,42.95000076293945,701900,31.63973617553711,0.0,0.0
TECK,2007-06-28,44.099998474121094,44.70000076293945,42.13999938964844,42.40999984741211,700100,31.241924285888672,0.0,0.0
TECK,2007-06-29,42.81999969482422,43.349998474121094,41.970001220703125,42.5,598900,31.308231353759766,0.0,0.0
TECK,2007-07-02,43.0,44.459999084472656,43.0,44.459999084472656,479700,32.75209045410156,0.0,0.0
TECK,2007-07-03,43.88999938964844,44.15999984741211,42.27000045776367,43.060001373291016,674400,31.720760345458984,0.0,0.0
TECK,2007-07-05,44.5,44.5,43.4900016784668,44.220001220703125,548700,32.575279235839844,0.0,0.0
TECK,2007-07-06,44.849998474121094,45.31999969482422,44.56999969482422,44.84000015258789,726800,33.03202438354492,0.0,0.0
TECK,2007-07-09,45.18000030517578,45.369998931884766,44.869998931884766,45.08000183105469,470100,33.20881652832031,0.0,0.0
TECK,2007-07-10,44.86000061035156,45.970001220703125,44.599998474121094,45.189998626708984,553900,33.28985595703125,0.0,0.0
TECK,2007-07-11,46.0,46.58000183105469,45.52000045776367,46.439998626708984,1746000,34.210689544677734,0.0,0.0
TECK,2007-07-12,47.54999923706055,49.68000030517578,47.54999923706055,49.58000183105469,1598200,36.523807525634766,0.0,0.0
TECK,2007-07-13,49.5,50.88999938964844,49.20000076293945,49.650001525878906,1454100,36.575382232666016,0.0,0.0
TECK,2007-07-16,49.65999984741211,50.68000030517578,48.5099983215332,48.90999984741211,1359400,36.03024673461914,0.0,0.0
TECK,2007-07-17,48.90999984741211,49.939998626708984,48.5,48.689998626708984,810400,35.8681755065918,0.0,0.0
TECK,2007-07-18,48.40999984741211,48.880001068115234,48.0099983215332,48.65999984741211,1074200,35.84608459472656,0.0,0.0
TECK,2007-07-19,49.16999816894531,49.720001220703125,48.810001373291016,49.63999938964844,721000,36.5680046081543,0.0,0.0
TECK,2007-07-20,49.349998474121094,50.11000061035156,48.91999816894531,49.79999923706055,595800,36.68586349487305,0.0,0.0
TECK,2007-07-23,49.56999969482422,50.220001220703125,49.0,49.72999954223633,559500,36.63432312011719,0.0,0.0
TECK,2007-07-24,49.72999954223633,49.72999954223633,47.59000015258789,48.08000183105469,731600,35.418827056884766,0.0,0.0
TECK,2007-07-25,48.29999923706055,49.0,46.31999969482422,47.439998626708984,930500,34.94734191894531,0.0,0.0
TECK,2007-07-26,45.91999816894531,46.0099983215332,43.150001525878906,44.2599983215332,1521000,32.60476303100586,0.0,0.0
TECK,2007-07-27,44.15999984741211,44.77000045776367,43.119998931884766,43.56999969482422,912700,32.09646224975586,0.0,0.0
TECK,2007-07-30,44.11000061035156,44.40999984741211,43.22999954223633,43.63999938964844,982300,32.148033142089844,0.0,0.0
TECK,2007-07-31,44.41999816894531,45.9900016784668,44.11000061035156,44.400001525878906,1121400,32.707889556884766,0.0,0.0
TECK,2007-08-01,43.91999816894531,44.209999084472656,42.459999084472656,43.52000045776367,858800,32.059627532958984,0.0,0.0
TECK,2007-08-02,44.43000030517578,44.540000915527344,43.279998779296875,44.08000183105469,817300,32.47215270996094,0.0,0.0
TECK,2007-08-03,43.709999084472656,44.04999923706055,42.04999923706055,42.209999084472656,1175300,31.09459686279297,0.0,0.0
TECK,2007-08-06,41.939998626708984,41.939998626708984,39.5,41.75,1049900,30.755720138549805,0.0,0.0
TECK,2007-08-07,42.119998931884766,42.130001068115234,40.38999938964844,41.619998931884766,984100,30.659976959228516,0.0,0.0
TECK,2007-08-08,42.560001373291016,43.34000015258789,42.130001068115234,42.560001373291016,850900,31.352428436279297,0.0,0.0
TECK,2007-08-09,40.81999969482422,41.459999084472656,40.06999969482422,40.349998474121094,1011200,29.724390029907227,0.0,0.0
TECK,2007-08-10,39.939998626708984,40.880001068115234,38.77000045776367,40.83000183105469,862900,30.078001022338867,0.0,0.0
TECK,2007-08-13,41.939998626708984,42.43000030517578,40.959999084472656,41.349998474121094,472700,30.461071014404297,0.0,0.0
TECK,2007-08-14,41.47999954223633,41.84000015258789,39.2400016784668,39.439998626708984,585900,29.05403709411621,0.0,0.0
TECK,2007-08-15,38.599998474121094,39.310001373291016,37.880001068115234,38.08000183105469,897900,28.05217170715332,0.0,0.0
TECK,2007-08-16,37.5,37.560001373291016,35.31999969482422,37.560001373291016,1971300,27.66910743713379,0.0,0.0
TECK,2007-08-17,40.0,41.279998779296875,37.689998626708984,38.77000045776367,1027900,28.560474395751953,0.0,0.0
TECK,2007-08-20,39.2599983215332,39.959999084472656,38.20000076293945,39.150001525878906,947300,28.84040641784668,0.0,0.0
TECK,2007-08-21,39.0099983215332,40.689998626708984,38.279998779296875,40.5099983215332,681100,29.842262268066406,0.0,0.0
TECK,2007-08-22,40.83000183105469,43.029998779296875,40.83000183105469,41.810001373291016,951600,30.799924850463867,0.0,0.0
TECK,2007-08-23,43.36000061035156,43.38999938964844,41.290000915527344,42.189998626708984,809800,31.07986068725586,0.0,0.0
TECK,2007-08-24,42.27000045776367,43.5099983215332,41.77000045776367,43.400001525878906,460100,31.97121810913086,0.0,0.0
TECK,2007-08-27,43.2599983215332,43.630001068115234,42.459999084472656,42.720001220703125,346500,31.47027587890625,0.0,0.0
TECK,2007-08-28,41.75,41.790000915527344,39.77000045776367,40.04999923706055,962400,29.503406524658203,0.0,0.0
TECK,2007-08-29,40.93000030517578,41.34000015258789,40.5,41.150001525878906,571800,30.31372833251953,0.0,0.0
TECK,2007-08-30,40.43000030517578,41.91999816894531,40.279998779296875,41.029998779296875,482700,30.225324630737305,0.0,0.0
TECK,2007-08-31,42.400001525878906,43.029998779296875,41.58000183105469,42.630001068115234,786700,31.40399932861328,0.0,0.0
TECK,2007-09-04,42.04999923706055,42.849998474121094,41.75,42.56999969482422,635800,31.35979461669922,0.0,0.0
TECK,2007-09-05,42.099998474121094,42.65999984741211,41.189998626708984,41.56999969482422,697500,30.623130798339844,0.0,0.0
TECK,2007-09-06,41.849998474121094,42.099998474121094,41.220001220703125,42.040000915527344,661200,30.9693660736084,0.0,0.0
TECK,2007-09-07,41.220001220703125,41.36000061035156,40.119998931884766,40.650001525878906,722100,29.945404052734375,0.0,0.0
TECK,2007-09-10,40.790000915527344,40.880001068115234,39.630001068115234,40.380001068115234,481300,29.74649429321289,0.0,0.0
TECK,2007-09-11,41.119998931884766,41.349998474121094,40.279998779296875,41.33000183105469,693200,30.44632339477539,0.0,0.0
TECK,2007-09-12,41.439998626708984,41.9900016784668,41.25,41.650001525878906,440400,30.68206787109375,0.0,0.0
TECK,2007-09-13,41.779998779296875,43.09000015258789,41.54999923706055,42.4900016784668,519200,31.300857543945312,0.0,0.0
TECK,2007-09-14,42.349998474121094,43.20000076293945,42.349998474121094,42.849998474121094,441400,31.56606674194336,0.0,0.0
TECK,2007-09-17,42.93000030517578,43.41999816894531,42.31999969482422,42.59000015258789,431000,31.374523162841797,0.0,0.0
TECK,2007-09-18,42.900001525878906,45.0,42.7599983215332,44.900001525878906,736800,33.076229095458984,0.0,0.0
TECK,2007-09-19,45.7400016784668,47.06999969482422,45.13999938964844,45.959999084472656,1118400,33.857086181640625,0.0,0.0
TECK,2007-09-20,46.58000183105469,48.75,46.5,48.119998931884766,1350800,35.44827651977539,0.0,0.0
TECK,2007-09-21,48.560001373291016,49.02000045776367,47.81999969482422,48.02000045776367,785500,35.37460708618164,0.0,0.0
TECK,2007-09-24,48.38999938964844,48.709999084472656,47.33000183105469,47.56999969482422,578000,35.04310607910156,0.0,0.0
TECK,2007-09-25,46.380001068115234,47.099998474121094,46.0099983215332,46.70000076293945,611600,34.40221405029297,0.0,0.0
TECK,2007-09-26,47.150001525878906,47.27000045776367,46.36000061035156,47.119998931884766,585700,34.71162796020508,0.0,0.0
TECK,2007-09-27,47.58000183105469,48.349998474121094,47.060001373291016,47.560001373291016,652600,35.03575134277344,0.0,0.0
TECK,2007-09-28,47.970001220703125,48.380001068115234,47.349998474121094,47.709999084472656,595000,35.1462516784668,0.0,0.0
TECK,2007-10-01,47.97999954223633,49.75,47.779998779296875,49.560001373291016,611700,36.50908660888672,0.0,0.0
TECK,2007-10-02,49.36000061035156,49.65999984741211,47.97999954223633,48.7400016784668,444500,35.90500259399414,0.0,0.0
TECK,2007-10-03,48.630001068115234,49.29999923706055,48.09000015258789,48.16999816894531,453900,35.48511505126953,0.0,0.0
TECK,2007-10-04,48.279998779296875,48.689998626708984,47.88999938964844,48.0099983215332,437600,35.367244720458984,0.0,0.0
TECK,2007-10-05,49.119998931884766,51.290000915527344,48.7599983215332,50.459999084472656,947200,37.172061920166016,0.0,0.0
TECK,2007-10-08,50.2599983215332,50.2599983215332,49.2599983215332,49.369998931884766,342300,36.36912155151367,0.0,0.0
TECK,2007-10-09,49.689998626708984,51.66999816894531,48.91999816894531,51.22999954223633,920700,37.73929977416992,0.0,0.0
TECK,2007-10-10,51.70000076293945,52.75,51.220001220703125,52.08000183105469,828400,38.36546325683594,0.0,0.0
TECK,2007-10-11,52.90999984741211,53.79999923706055,51.220001220703125,52.04999923706055,912500,38.3433723449707,0.0,0.0
TECK,2007-10-12,52.470001220703125,52.77000045776367,51.790000915527344,52.61000061035156,513800,38.75590896606445,0.0,0.0
TECK,2007-10-15,52.849998474121094,53.189998626708984,51.290000915527344,51.650001525878906,778300,38.048709869384766,0.0,0.0
TECK,2007-10-16,51.220001220703125,51.220001220703125,48.439998626708984,48.72999954223633,1027300,35.89765548706055,0.0,0.0
TECK,2007-10-17,49.38999938964844,49.400001525878906,47.34000015258789,48.400001525878906,952900,35.6545524597168,0.0,0.0
TECK,2007-10-18,48.099998474121094,49.540000915527344,47.65999984741211,49.06999969482422,848200,36.148101806640625,0.0,0.0
TECK,2007-10-19,50.0099983215332,50.0099983215332,47.86000061035156,48.25,869000,35.544044494628906,0.0,0.0
TECK,2007-10-22,46.75,47.59000015258789,46.560001373291016,47.220001220703125,779600,34.785282135009766,0.0,0.0
TECK,2007-10-23,48.61000061035156,49.209999084472656,48.25,49.20000076293945,583800,36.24387741088867,0.0,0.0
TECK,2007-10-24,48.90999984741211,49.779998779296875,47.869998931884766,49.599998474121094,1007400,36.53853988647461,0.0,0.0
TECK,2007-10-25,50.290000915527344,50.59000015258789,48.380001068115234,49.09000015258789,682400,36.1628532409668,0.0,0.0
TECK,2007-10-26,49.79999923706055,49.79999923706055,49.099998474121094,49.63999938964844,575400,36.5680046081543,0.0,0.0
TECK,2007-10-29,50.0,51.31999969482422,49.97999954223633,51.0,939300,37.56987380981445,0.0,0.0
TECK,2007-10-30,49.66999816894531,49.900001525878906,48.400001525878906,48.459999084472656,923200,35.69874954223633,0.0,0.0
TECK,2007-10-31,49.380001068115234,50.11000061035156,48.709999084472656,50.0,926800,36.833213806152344,0.0,0.0
TECK,2007-11-01,49.33000183105469,49.33000183105469,47.599998474121094,47.97999954223633,634700,35.34515380859375,0.0,0.0
TECK,2007-11-02,49.130001068115234,49.150001525878906,47.939998626708984,48.540000915527344,782600,35.757686614990234,0.0,0.0
TECK,2007-11-05,48.33000183105469,48.33000183105469,45.93000030517578,46.779998779296875,906200,34.46114730834961,0.0,0.0
TECK,2007-11-06,48.310001373291016,49.81999969482422,48.029998779296875,49.68000030517578,693300,36.597469329833984,0.0,0.0
TECK,2007-11-07,48.63999938964844,49.779998779296875,46.91999816894531,47.130001068115234,814600,34.718990325927734,0.0,0.0
TECK,2007-11-08,48.599998474121094,49.2400016784668,45.70000076293945,46.970001220703125,1426700,34.60111618041992,0.0,0.0
TECK,2007-11-09,46.439998626708984,48.22999954223633,46.220001220703125,47.34000015258789,955300,34.873687744140625,0.0,0.0
TECK,2007-11-12,46.52000045776367,46.52000045776367,42.869998931884766,42.900001525878906,1407400,31.602901458740234,0.0,0.0
TECK,2007-11-13,43.380001068115234,44.18000030517578,42.290000915527344,43.5099983215332,1303200,32.05226516723633,0.0,0.0
TECK,2007-11-14,44.02000045776367,45.4900016784668,44.02000045776367,44.52000045776367,817000,32.79629898071289,0.0,0.0
TECK,2007-11-15,44.47999954223633,44.47999954223633,41.380001068115234,41.869998931884766,1252400,30.84412384033203,0.0,0.0
TECK,2007-11-16,42.41999816894531,42.599998474121094,41.20000076293945,42.119998931884766,1045800,31.028295516967773,0.0,0.0
TECK,2007-11-19,41.849998474121094,41.849998474121094,39.66999816894531,39.91999816894531,1307200,29.40763282775879,0.0,0.0
TECK,2007-11-20,40.720001220703125,40.720001220703125,38.59000015258789,39.63999938964844,2170900,29.201364517211914,0.0,0.0
TECK,2007-11-21,39.22999954223633,39.22999954223633,37.15999984741211,37.540000915527344,2353400,27.654375076293945,0.0,0.0
TECK,2007-11-23,37.790000915527344,37.970001220703125,37.290000915527344,37.84000015258789,1108900,27.8753662109375,0.0,0.0
TECK,2007-11-26,38.459999084472656,38.459999084472656,35.84000015258789,36.0,1610100,26.519914627075195,0.0,0.0
TECK,2007-11-27,35.4900016784668,35.4900016784668,33.779998779296875,34.939998626708984,2304100,25.739049911499023,0.0,0.0
TECK,2007-11-28,35.849998474121094,36.709999084472656,34.880001068115234,36.380001068115234,1933800,26.79984474182129,0.0,0.0
TECK,2007-11-29,35.88999938964844,36.029998779296875,34.90999984741211,35.880001068115234,1331600,26.431516647338867,0.0,0.0
TECK,2007-11-30,36.2400016784668,38.33000183105469,36.2400016784668,38.209999084472656,1684700,28.14794158935547,0.0,0.0
TECK,2007-12-03,37.810001373291016,38.08000183105469,36.349998474121094,37.5,1111700,27.624908447265625,0.0,0.0
TECK,2007-12-04,36.84000015258789,36.84000015258789,35.279998779296875,35.4900016784668,1182600,26.144208908081055,0.0,0.0
TECK,2007-12-05,35.72999954223633,36.29999923706055,35.529998779296875,35.86000061035156,1131800,26.416780471801758,0.0,0.0
TECK,2007-12-06,36.099998474121094,37.880001068115234,35.29999923706055,37.650001525878906,1177900,27.73540687561035,0.0,0.0
TECK,2007-12-07,38.060001373291016,39.900001525878906,38.060001373291016,38.93000030517578,1264800,28.678329467773438,0.0,0.0
TECK,2007-12-10,39.9900016784668,39.9900016784668,39.0099983215332,39.18000030517578,745000,28.862504959106445,0.0,0.0
TECK,2007-12-11,39.150001525878906,39.2400016784668,37.029998779296875,37.15999984741211,856600,27.374441146850586,0.0,0.0
TECK,2007-12-12,38.11000061035156,38.369998931884766,37.0,37.54999923706055,1007900,27.661739349365234,0.0,0.0
TECK,2007-12-13,37.459999084472656,37.459999084472656,35.119998931884766,35.630001068115234,1155100,26.247350692749023,0.0,0.0
TECK,2007-12-14,35.5,35.7599983215332,34.290000915527344,35.25,989300,25.967416763305664,0.0,0.0
TECK,2007-12-17,34.90999984741211,35.209999084472656,33.54999923706055,33.77000045776367,1227600,24.87714385986328,0.0,0.0
TECK,2007-12-18,34.5,34.5,33.20000076293945,33.900001525878906,1153200,24.972919464111328,0.0,0.0
TECK,2007-12-19,34.2599983215332,34.27000045776367,33.029998779296875,33.540000915527344,935600,25.08209228515625,0.506,0.0
TECK,2007-12-20,33.68000030517578,34.5,33.20000076293945,33.79999923706055,1086400,25.276533126831055,0.0,0.0
TECK,2007-12-21,33.65999984741211,35.709999084472656,33.650001525878906,35.630001068115234,1936400,26.645063400268555,0.0,0.0
TECK,2007-12-24,36.04999923706055,36.72999954223633,36.040000915527344,36.720001220703125,718700,27.460189819335938,0.0,0.0
TECK,2007-12-26,37.150001525878906,37.33000183105469,36.45000076293945,37.27000045776367,473300,27.87148666381836,0.0,0.0
TECK,2007-12-27,37.099998474121094,37.15999984741211,35.7599983215332,36.47999954223633,1222800,27.280715942382812,0.0,0.0
TECK,2007-12-28,36.369998931884766,37.04999923706055,36.27000045776367,36.810001373291016,775000,27.52749252319336,0.0,0.0
TECK,2007-12-31,36.810001373291016,37.0,35.619998931884766,35.709999084472656,638000,26.704875946044922,0.0,0.0
TECK,2008-01-02,36.2400016784668,36.2599983215332,35.72999954223633,36.2400016784668,703400,27.101232528686523,0.0,0.0
TECK,2008-01-03,36.65999984741211,36.880001068115234,36.0,36.400001525878906,962200,27.220876693725586,0.0,0.0
TECK,2008-01-04,36.529998779296875,36.529998779296875,34.91999816894531,34.95000076293945,1639500,26.13652992248535,0.0,0.0
TECK,2008-01-07,34.66999816894531,35.22999954223633,33.33000183105469,33.970001220703125,1443300,25.40366554260254,0.0,0.0
TECK,2008-01-08,34.25,34.72999954223633,33.91999816894531,34.02000045776367,1163800,25.441059112548828,0.0,0.0
TECK,2008-01-09,33.779998779296875,34.209999084472656,33.58000183105469,33.97999954223633,1281600,25.411148071289062,0.0,0.0
TECK,2008-01-10,33.599998474121094,34.880001068115234,33.38999938964844,34.54999923706055,1148800,25.83740234375,0.0,0.0
TECK,2008-01-11,33.650001525878906,33.79999923706055,33.349998474121094,33.66999816894531,973000,25.179311752319336,0.0,0.0
TECK,2008-01-14,33.779998779296875,34.959999084472656,33.779998779296875,34.70000076293945,769200,25.9495792388916,0.0,0.0
TECK,2008-01-15,34.029998779296875,34.16999816894531,32.959999084472656,33.150001525878906,993400,24.79044532775879,0.0,0.0
TECK,2008-01-16,33.25,33.25,31.15999984741211,32.029998779296875,1898200,23.952882766723633,0.0,0.0
TECK,2008-01-17,32.380001068115234,32.459999084472656,29.889999389648438,30.40999984741211,1723500,22.741403579711914,0.0,0.0
TECK,2008-01-18,30.530000686645508,31.0,28.649999618530273,29.56999969482422,1751200,22.113222122192383,0.0,0.0
TECK,2008-01-22,28.030000686645508,29.940000534057617,27.059999465942383,29.290000915527344,1935000,21.903833389282227,0.0,0.0
TECK,2008-01-23,27.760000228881836,29.6200008392334,27.5,29.56999969482422,2487300,22.113222122192383,0.0,0.0
TECK,2008-01-24,29.739999771118164,31.290000915527344,29.739999771118164,31.06999969482422,1135500,23.23496437072754,0.0,0.0
TECK,2008-01-25,31.860000610351562,32.93000030517578,31.770000457763672,32.5099983215332,2262600,24.31184196472168,0.0,0.0
TECK,2008-01-28,32.54999923706055,33.189998626708984,31.59000015258789,32.7599983215332,892900,24.498790740966797,0.0,0.0
TECK,2008-01-29,33.15999984741211,33.47999954223633,32.54999923706055,33.09000015258789,737500,24.74557113647461,0.0,0.0
TECK,2008-01-30,33.150001525878906,34.689998626708984,32.790000915527344,33.40999984741211,1154000,24.984886169433594,0.0,0.0
TECK,2008-01-31,32.33000183105469,33.4900016784668,32.150001525878906,32.689998626708984,2001500,24.446439743041992,0.0,0.0
TECK,2008-02-01,34.369998931884766,35.650001525878906,33.5,35.18000030517578,1597500,26.308530807495117,0.0,0.0
TECK,2008-02-04,35.83000183105469,38.060001373291016,34.619998931884766,37.2599983215332,2169500,27.8640193939209,0.0,0.0
TECK,2008-02-05,36.529998779296875,36.529998779296875,34.189998626708984,35.900001525878906,2435500,26.846969604492188,0.0,0.0
TECK,2008-02-06,34.95000076293945,35.279998779296875,33.0099983215332,33.400001525878906,1482800,24.97740364074707,0.0,0.0
TECK,2008-02-07,33.38999938964844,34.65999984741211,32.439998626708984,34.369998931884766,1723700,25.702791213989258,0.0,0.0
TECK,2008-02-08,35.119998931884766,35.79999923706055,34.15999984741211,34.810001373291016,1563700,26.031835556030273,0.0,0.0
TECK,2008-02-11,36.5,36.5,34.119998931884766,34.59000015258789,778600,25.8673152923584,0.0,0.0
TECK,2008-02-12,35.4900016784668,35.4900016784668,32.45000076293945,32.77000045776367,1887000,24.506275177001953,0.0,0.0
TECK,2008-02-13,32.619998931884766,34.18000030517578,32.54999923706055,34.04999923706055,864000,25.463491439819336,0.0,0.0
TECK,2008-02-14,34.099998474121094,34.400001525878906,33.290000915527344,33.439998626708984,784700,25.007308959960938,0.0,0.0
TECK,2008-02-15,33.189998626708984,33.619998931884766,32.709999084472656,33.06999969482422,947100,24.730623245239258,0.0,0.0
TECK,2008-02-19,34.130001068115234,35.16999816894531,33.130001068115234,33.9900016784668,1136300,25.41862678527832,0.0,0.0
TECK,2008-02-20,34.310001373291016,36.36000061035156,33.400001525878906,35.75,1191300,26.734804153442383,0.0,0.0
TECK,2008-02-21,36.59000015258789,36.59000015258789,35.18000030517578,35.52000045776367,1223000,26.56279182434082,0.0,0.0
TECK,2008-02-22,35.70000076293945,36.2599983215332,34.61000061035156,36.22999954223633,1048100,27.093753814697266,0.0,0.0
TECK,2008-02-25,36.40999984741211,37.630001068115234,35.68000030517578,37.52000045776367,1435400,28.058441162109375,0.0,0.0
TECK,2008-02-26,37.099998474121094,39.70000076293945,37.099998474121094,39.029998779296875,2413100,29.187664031982422,0.0,0.0
TECK,2008-02-27,39.400001525878906,40.33000183105469,38.619998931884766,39.95000076293945,1661700,29.875661849975586,0.0,0.0
TECK,2008-02-28,40.34000015258789,42.29999923706055,39.279998779296875,42.2400016784668,2414200,31.58819007873535,0.0,0.0
TECK,2008-02-29,41.88999938964844,42.130001068115234,39.560001373291016,39.959999084472656,1804400,29.883140563964844,0.0,0.0
TECK,2008-03-03,40.5099983215332,42.209999084472656,40.5099983215332,41.59000015258789,2138100,31.102096557617188,0.0,0.0
TECK,2008-03-04,41.83000183105469,42.86000061035156,40.25,40.619998931884766,2391500,30.376705169677734,0.0,0.0
TECK,2008-03-05,40.599998474121094,42.439998626708984,40.599998474121094,42.22999954223633,1469200,31.580713272094727,0.0,0.0
TECK,2008-03-06,42.349998474121094,42.63999938964844,41.279998779296875,42.31999969482422,1756200,31.648008346557617,0.0,0.0
TECK,2008-03-07,42.09000015258789,42.75,41.52000045776367,41.97999954223633,1715400,31.393756866455078,0.0,0.0
TECK,2008-03-10,41.25,41.7599983215332,39.0,40.290000915527344,2459900,30.129932403564453,0.0,0.0
TECK,2008-03-11,41.90999984741211,42.84000015258789,40.220001220703125,42.84000015258789,1607800,32.03687286376953,0.0,0.0
TECK,2008-03-12,43.25,43.939998626708984,42.66999816894531,43.40999984741211,1576800,32.46315002441406,0.0,0.0
TECK,2008-03-13,44.2400016784668,44.2400016784668,41.939998626708984,43.5,2431400,32.53044891357422,0.0,0.0
TECK,2008-03-14,43.5,43.970001220703125,42.25,43.20000076293945,2311400,32.30609893798828,0.0,0.0
TECK,2008-03-17,42.5099983215332,42.5099983215332,39.91999816894531,41.060001373291016,2522500,30.705745697021484,0.0,0.0
TECK,2008-03-18,41.619998931884766,42.279998779296875,40.5,41.880001068115234,1503300,31.318967819213867,0.0,0.0
TECK,2008-03-19,40.61000061035156,40.61000061035156,37.43000030517578,37.4900016784668,2506500,28.036014556884766,0.0,0.0
TECK,2008-03-20,37.40999984741211,37.869998931884766,35.16999816894531,37.560001373291016,2233200,28.088361740112305,0.0,0.0
TECK,2008-03-24,38.310001373291016,38.83000183105469,36.91999816894531,38.040000915527344,913000,28.44730567932129,0.0,0.0
TECK,2008-03-25,39.689998626708984,40.0,38.529998779296875,39.599998474121094,1157300,29.613929748535156,0.0,0.0
TECK,2008-03-26,40.290000915527344,41.369998931884766,39.619998931884766,41.150001525878906,993400,30.773059844970703,0.0,0.0
TECK,2008-03-27,40.470001220703125,42.599998474121094,40.470001220703125,41.5099983215332,1516000,31.04228401184082,0.0,0.0
TECK,2008-03-28,41.4900016784668,42.58000183105469,41.369998931884766,42.08000183105469,889600,31.468536376953125,0.0,0.0
TECK,2008-03-31,42.52000045776367,42.52000045776367,40.209999084472656,40.959999084472656,1108300,30.630971908569336,0.0,0.0
TECK,2008-04-01,40.33000183105469,40.720001220703125,39.209999084472656,40.189998626708984,1274700,30.05514907836914,0.0,0.0
TECK,2008-04-02,40.470001220703125,42.09000015258789,40.41999816894531,41.56999969482422,841600,31.087146759033203,0.0,0.0
TECK,2008-04-03,40.970001220703125,43.880001068115234,40.970001220703125,43.560001373291016,1168700,32.57530975341797,0.0,0.0
TECK,2008-04-04,43.7400016784668,45.15999984741211,43.02000045776367,44.869998931884766,1239200,33.554962158203125,0.0,0.0
TECK,2008-04-07,45.9900016784668,47.29999923706055,45.45000076293945,45.900001525878906,2402800,34.32522964477539,0.0,0.0
TECK,2008-04-08,45.720001220703125,47.599998474121094,44.77000045776367,47.47999954223633,1504700,35.50679016113281,0.0,0.0
TECK,2008-04-09,47.45000076293945,47.45000076293945,45.61000061035156,46.04999923706055,1127100,34.437408447265625,0.0,0.0
TECK,2008-04-10,45.77000045776367,47.029998779296875,44.779998779296875,46.86000061035156,1181400,35.04313278198242,0.0,0.0
TECK,2008-04-11,46.91999816894531,46.91999816894531,44.9900016784668,45.52000045776367,1103300,34.04106521606445,0.0,0.0
TECK,2008-04-14,45.9900016784668,45.9900016784668,44.40999984741211,44.79999923706055,912500,33.50264358520508,0.0,0.0
TECK,2008-04-15,44.970001220703125,46.04999923706055,44.86000061035156,45.66999816894531,789200,34.153228759765625,0.0,0.0
TECK,2008-04-16,46.869998931884766,47.88999938964844,46.56999969482422,47.869998931884766,1539400,35.7984504699707,0.0,0.0
TECK,2008-04-17,46.58000183105469,47.34000015258789,45.939998626708984,46.79999923706055,1226400,34.998287200927734,0.0,0.0
TECK,2008-04-18,47.16999816894531,47.77000045776367,45.779998779296875,47.630001068115234,1057800,35.61896896362305,0.0,0.0
TECK,2008-04-21,48.290000915527344,48.290000915527344,46.75,47.790000915527344,969700,35.73863983154297,0.0,0.0
TECK,2008-04-22,48.459999084472656,48.459999084472656,46.61000061035156,47.20000076293945,1139200,35.29740905761719,0.0,0.0
TECK,2008-04-23,46.689998626708984,47.75,46.41999816894531,47.400001525878906,890900,35.44697189331055,0.0,0.0
TECK,2008-04-24,46.91999816894531,46.91999816894531,45.41999816894531,46.63999938964844,1071300,34.878631591796875,0.0,0.0
TECK,2008-04-25,46.70000076293945,46.70000076293945,44.54999923706055,45.470001220703125,1132400,34.00366973876953,0.0,0.0
TECK,2008-04-28,45.66999816894531,46.29999923706055,45.290000915527344,45.40999984741211,693400,33.95880126953125,0.0,0.0
TECK,2008-04-29,44.900001525878906,44.900001525878906,42.529998779296875,42.79999923706055,1197700,32.006980895996094,0.0,0.0
TECK,2008-04-30,42.7400016784668,43.95000076293945,42.7400016784668,43.66999816894531,803500,32.657569885253906,0.0,0.0
TECK,2008-05-01,42.369998931884766,42.869998931884766,41.02000045776367,42.650001525878906,1288700,31.894792556762695,0.0,0.0
TECK,2008-05-02,42.95000076293945,44.22999954223633,42.95000076293945,43.630001068115234,850000,32.6276741027832,0.0,0.0
TECK,2008-05-05,45.02000045776367,46.5,44.93000030517578,46.04999923706055,1204900,34.437408447265625,0.0,0.0
TECK,2008-05-06,45.61000061035156,48.34000015258789,45.439998626708984,48.06999969482422,1028000,35.94802474975586,0.0,0.0
TECK,2008-05-07,48.0,48.290000915527344,47.459999084472656,47.7400016784668,1184400,35.701236724853516,0.0,0.0
TECK,2008-05-08,47.63999938964844,48.400001525878906,46.779998779296875,48.27000045776367,1059600,36.09757995605469,0.0,0.0
TECK,2008-05-09,48.2599983215332,48.2599983215332,47.08000183105469,48.029998779296875,710700,35.91809844970703,0.0,0.0
TECK,2008-05-12,47.529998779296875,47.869998931884766,46.45000076293945,47.790000915527344,647500,35.73863983154297,0.0,0.0
TECK,2008-05-13,47.310001373291016,48.77000045776367,46.560001373291016,48.4900016784668,923200,36.26210021972656,0.0,0.0
TECK,2008-05-14,48.95000076293945,50.099998474121094,48.95000076293945,49.15999984741211,939400,36.763145446777344,0.0,0.0
TECK,2008-05-15,49.7400016784668,51.16999816894531,48.939998626708984,50.18000030517578,1324000,37.52593231201172,0.0,0.0
TECK,2008-05-16,51.02000045776367,51.83000183105469,50.709999084472656,51.709999084472656,743800,38.670101165771484,0.0,0.0
TECK,2008-05-19,51.97999954223633,52.790000915527344,51.27000045776367,51.72999954223633,623100,38.68505859375,0.0,0.0
TECK,2008-05-20,51.290000915527344,52.849998474121094,50.029998779296875,52.459999084472656,1280000,39.2309684753418,0.0,0.0
TECK,2008-05-21,52.72999954223633,53.68000030517578,50.4900016784668,50.66999816894531,1330500,37.89235305786133,0.0,0.0
TECK,2008-05-22,50.369998931884766,51.97999954223633,49.83000183105469,50.29999923706055,1144900,37.61568832397461,0.0,0.0
TECK,2008-05-23,49.869998931884766,51.15999984741211,49.20000076293945,50.290000915527344,719100,37.60818862915039,0.0,0.0
TECK,2008-05-27,49.18000030517578,49.29999923706055,48.02000045776367,48.36000061035156,749700,36.164886474609375,0.0,0.0
TECK,2008-05-28,48.22999954223633,50.45000076293945,47.779998779296875,50.220001220703125,700900,37.55583953857422,0.0,0.0
TECK,2008-05-29,49.470001220703125,49.689998626708984,47.290000915527344,47.91999816894531,1107600,35.835838317871094,0.0,0.0
TECK,2008-05-30,47.91999816894531,49.939998626708984,47.540000915527344,49.54999923706055,823000,37.054805755615234,0.0,0.0
TECK,2008-06-02,48.900001525878906,50.310001373291016,48.720001220703125,50.0099983215332,767700,37.398799896240234,0.0,0.0
TECK,2008-06-03,50.0099983215332,50.650001525878906,48.369998931884766,49.20000076293945,1132900,36.79305648803711,0.0,0.0
TECK,2008-06-04,48.779998779296875,49.20000076293945,47.470001220703125,47.599998474121094,1019600,35.5965461730957,0.0,0.0
TECK,2008-06-05,47.810001373291016,49.20000076293945,47.06999969482422,49.0099983215332,1122900,36.65098190307617,0.0,0.0
TECK,2008-06-06,49.29999923706055,50.36000061035156,48.34000015258789,48.560001373291016,826000,36.314453125,0.0,0.0
TECK,2008-06-09,48.66999816894531,48.86000061035156,47.22999954223633,47.619998931884766,874500,35.61149215698242,0.0,0.0
TECK,2008-06-10,47.25,47.810001373291016,46.119998931884766,46.4900016784668,1052100,34.76644515991211,0.0,0.0
TECK,2008-06-11,46.790000915527344,47.720001220703125,46.459999084472656,47.08000183105469,928000,35.20767593383789,0.0,0.0
TECK,2008-06-12,46.130001068115234,47.15999984741211,45.7599983215332,46.470001220703125,891100,35.11849594116211,0.492,0.0
TECK,2008-06-13,46.40999984741211,47.11000061035156,46.0,46.810001373291016,647100,35.37543869018555,0.0,0.0
TECK,2008-06-16,47.209999084472656,49.459999084472656,47.209999084472656,48.459999084472656,744900,36.62238693237305,0.0,0.0
TECK,2008-06-17,48.65999984741211,49.29999923706055,48.2400016784668,48.47999954223633,616600,36.637489318847656,0.0,0.0
TECK,2008-06-18,48.380001068115234,49.08000183105469,47.5,48.849998474121094,644600,36.917118072509766,0.0,0.0
TECK,2008-06-19,49.0,49.560001373291016,47.86000061035156,48.540000915527344,667900,36.6828498840332,0.0,0.0
TECK,2008-06-20,47.0099983215332,48.619998931884766,46.869998931884766,46.939998626708984,931700,35.47368240356445,0.0,0.0
TECK,2008-06-23,46.75,47.599998474121094,46.45000076293945,47.599998474121094,1130300,35.97245788574219,0.0,0.0
TECK,2008-06-24,47.63999938964844,47.75,46.400001525878906,46.790000915527344,960400,35.360328674316406,0.0,0.0
TECK,2008-06-25,46.81999969482422,47.400001525878906,45.0,46.880001068115234,1096600,35.42832946777344,0.0,0.0
TECK,2008-06-26,46.70000076293945,47.619998931884766,46.70000076293945,47.29999923706055,1045700,35.745750427246094,0.0,0.0
TECK,2008-06-27,47.18000030517578,47.72999954223633,46.72999954223633,47.5,988000,35.89688491821289,0.0,0.0
TECK,2008-06-30,47.279998779296875,48.68000030517578,47.06999969482422,47.95000076293945,916000,36.23696517944336,0.0,0.0
TECK,2008-07-01,47.7599983215332,47.95000076293945,46.290000915527344,47.08000183105469,1142200,35.5794792175293,0.0,0.0
TECK,2008-07-02,47.189998626708984,47.61000061035156,43.630001068115234,44.380001068115234,2008800,33.53902816772461,0.0,0.0
TECK,2008-07-03,44.220001220703125,45.13999938964844,42.52000045776367,44.43000030517578,1301700,33.57681655883789,0.0,0.0
TECK,2008-07-07,43.619998931884766,44.650001525878906,41.84000015258789,42.68000030517578,1642200,32.254295349121094,0.0,0.0
TECK,2008-07-08,42.18000030517578,42.41999816894531,39.369998931884766,40.83000183105469,2211400,30.856212615966797,0.0,0.0
TECK,2008-07-09,41.150001525878906,42.599998474121094,40.83000183105469,41.0,1200400,30.98467445373535,0.0,0.0
TECK,2008-07-10,40.970001220703125,42.84000015258789,40.58000183105469,42.11000061035156,1192500,31.823545455932617,0.0,0.0
TECK,2008-07-11,42.060001373291016,43.459999084472656,41.13999938964844,42.720001220703125,1194700,32.284515380859375,0.0,0.0
TECK,2008-07-14,43.720001220703125,44.38999938964844,42.97999954223633,43.70000076293945,1540400,33.025142669677734,0.0,0.0
TECK,2008-07-15,43.08000183105469,43.36000061035156,40.4900016784668,41.029998779296875,2224500,31.007349014282227,0.0,0.0
TECK,2008-07-16,40.95000076293945,42.5,39.560001373291016,41.29999923706055,1896400,31.211400985717773,0.0,0.0
TECK,2008-07-17,41.47999954223633,41.47999954223633,39.290000915527344,39.88999938964844,1295500,30.145830154418945,0.0,0.0
TECK,2008-07-18,39.88999938964844,41.38999938964844,39.88999938964844,40.02000045776367,1288500,30.244075775146484,0.0,0.0
TECK,2008-07-21,40.58000183105469,41.060001373291016,39.77000045776367,40.619998931884766,1246700,30.697498321533203,0.0,0.0
TECK,2008-07-22,40.619998931884766,40.68000030517578,38.689998626708984,39.83000183105469,1484900,30.10049819946289,0.0,0.0
TECK,2008-07-23,39.959999084472656,40.0,38.439998626708984,38.72999954223633,2203600,29.26919174194336,0.0,0.0
TECK,2008-07-24,38.83000183105469,40.040000915527344,37.52000045776367,38.189998626708984,2718700,28.861103057861328,0.0,0.0
TECK,2008-07-25,37.86000061035156,39.84000015258789,37.86000061035156,39.220001220703125,1201100,29.639493942260742,0.0,0.0
TECK,2008-07-28,39.84000015258789,40.84000015258789,39.31999969482422,39.43000030517578,1153800,29.798194885253906,0.0,0.0
TECK,2008-07-29,37.4900016784668,42.220001220703125,37.369998931884766,41.790000915527344,5529200,31.581707000732422,0.0,0.0
TECK,2008-07-30,41.79999923706055,48.09000015258789,41.79999923706055,47.529998779296875,7366300,35.9195671081543,0.0,0.0
TECK,2008-07-31,46.560001373291016,47.13999938964844,45.380001068115234,45.970001220703125,4474900,34.740638732910156,0.0,0.0
TECK,2008-08-01,45.4900016784668,45.79999923706055,43.529998779296875,43.77000045776367,2695600,33.078041076660156,0.0,0.0
TECK,2008-08-04,43.40999984741211,43.68000030517578,38.59000015258789,40.0,2579800,30.228961944580078,0.0,0.0
TECK,2008-08-05,39.04999923706055,41.9900016784668,38.86000061035156,40.40999984741211,3210400,30.53880500793457,0.0,0.0
TECK,2008-08-06,41.060001373291016,41.77000045776367,40.54999923706055,40.88999938964844,1635500,30.901552200317383,0.0,0.0
TECK,2008-08-07,40.849998474121094,41.869998931884766,40.45000076293945,41.11000061035156,1763000,31.06781005859375,0.0,0.0
TECK,2008-08-08,40.459999084472656,40.459999084472656,37.970001220703125,38.599998474121094,2673000,29.170949935913086,0.0,0.0
TECK,2008-08-11,38.599998474121094,38.65999984741211,35.650001525878906,36.849998474121094,2761400,27.848421096801758,0.0,0.0
TECK,2008-08-12,36.7400016784668,37.400001525878906,36.11000061035156,36.439998626708984,2053300,27.538578033447266,0.0,0.0
TECK,2008-08-13,36.400001525878906,39.56999969482422,36.099998474121094,39.189998626708984,2316900,29.616825103759766,0.0,0.0
TECK,2008-08-14,39.45000076293945,39.45000076293945,37.220001220703125,37.709999084472656,2345700,28.498348236083984,0.0,0.0
TECK,2008-08-15,37.650001525878906,37.650001525878906,36.119998931884766,36.86000061035156,2109700,27.855981826782227,0.0,0.0
TECK,2008-08-18,36.90999984741211,38.130001068115234,36.279998779296875,36.63999938964844,2043700,27.689725875854492,0.0,0.0
TECK,2008-08-19,36.310001373291016,38.5,36.20000076293945,38.04999923706055,2162000,28.75530242919922,0.0,0.0
TECK,2008-08-20,38.40999984741211,40.939998626708984,38.20000076293945,40.2599983215332,2307100,30.425445556640625,0.0,0.0
TECK,2008-08-21,40.369998931884766,42.650001525878906,40.369998931884766,41.84000015258789,2312100,31.619483947753906,0.0,0.0
TECK,2008-08-22,41.060001373291016,41.849998474121094,40.27000045776367,41.119998931884766,1598300,31.075368881225586,0.0,0.0
TECK,2008-08-25,40.93000030517578,41.25,39.029998779296875,39.52000045776367,1662600,29.866212844848633,0.0,0.0
TECK,2008-08-26,39.59000015258789,40.0,38.779998779296875,39.61000061035156,1491400,29.934228897094727,0.0,0.0
TECK,2008-08-27,40.779998779296875,40.88999938964844,39.52000045776367,40.599998474121094,1366500,30.682395935058594,0.0,0.0
TECK,2008-08-28,41.130001068115234,41.58000183105469,40.099998474121094,41.099998474121094,1148600,31.060256958007812,0.0,0.0
TECK,2008-08-29,40.97999954223633,41.7599983215332,40.630001068115234,41.459999084472656,1223900,31.33231544494629,0.0,0.0
TECK,2008-09-02,39.0099983215332,40.779998779296875,38.4900016784668,39.22999954223633,2097600,29.64703941345215,0.0,0.0
TECK,2008-09-03,39.29999923706055,39.4900016784668,37.18000030517578,38.45000076293945,2336500,29.057588577270508,0.0,0.0
TECK,2008-09-04,38.9900016784668,39.0,35.650001525878906,35.970001220703125,2519800,27.183391571044922,0.0,0.0
TECK,2008-09-05,36.16999816894531,37.790000915527344,35.79999923706055,37.599998474121094,2654100,28.41521644592285,0.0,0.0
TECK,2008-09-08,38.16999816894531,38.93000030517578,35.83000183105469,36.150001525878906,2076400,27.319419860839844,0.0,0.0
TECK,2008-09-09,35.619998931884766,35.7599983215332,32.029998779296875,32.060001373291016,3200900,24.228504180908203,0.0,0.0
TECK,2008-09-10,31.940000534057617,33.7400016784668,31.360000610351562,33.119998931884766,2859100,25.02957534790039,0.0,0.0
TECK,2008-09-11,32.220001220703125,33.689998626708984,31.479999542236328,33.27000045776367,2594500,25.142934799194336,0.0,0.0
TECK,2008-09-12,33.279998779296875,36.90999984741211,33.279998779296875,36.709999084472656,2579300,27.742618560791016,0.0,0.0
TECK,2008-09-15,35.7400016784668,35.91999816894531,32.7599983215332,34.4900016784668,3921300,26.064926147460938,0.0,0.0
TECK,2008-09-16,32.540000915527344,33.22999954223633,31.389999389648438,32.97999954223633,6461900,24.92377471923828,0.0,0.0
TECK,2008-09-17,32.36000061035156,34.02000045776367,31.059999465942383,31.8700008392334,7839000,24.084922790527344,0.0,0.0
TECK,2008-09-18,32.380001068115234,36.22999954223633,32.060001373291016,33.2400016784668,4974700,25.120262145996094,0.0,0.0
TECK,2008-09-19,34.0099983215332,36.400001525878906,32.81999969482422,35.959999084472656,3931000,27.175832748413086,0.0,0.0
TECK,2008-09-22,36.0,36.95000076293945,35.459999084472656,35.58000183105469,2170100,26.888662338256836,0.0,0.0
TECK,2008-09-23,34.52000045776367,35.75,33.25,34.189998626708984,2135600,25.838193893432617,0.0,0.0
TECK,2008-09-24,35.189998626708984,35.189998626708984,33.15999984741211,33.560001373291016,1566400,25.362102508544922,0.0,0.0
TECK,2008-09-25,33.18000030517578,34.25,33.029998779296875,33.47999954223633,2541800,25.3016357421875,0.0,0.0
TECK,2008-09-26,33.130001068115234,33.279998779296875,31.739999771118164,32.43000030517578,3653000,24.508129119873047,0.0,0.0
TECK,2008-09-29,30.700000762939453,31.649999618530273,26.06999969482422,27.889999389648438,4980600,21.077138900756836,0.0,0.0
TECK,2008-09-30,29.18000030517578,30.899999618530273,28.510000228881836,29.1200008392334,4212200,22.006690979003906,0.0,0.0
TECK,2008-10-01,28.010000228881836,28.020000457763672,25.809999465942383,26.43000030517578,4204300,19.973787307739258,0.0,0.0
TECK,2008-10-02,25.799999237060547,25.799999237060547,22.149999618530273,22.270000457763672,5048400,16.829978942871094,0.0,0.0
TECK,2008-10-03,22.670000076293945,23.639999389648438,21.139999389648438,21.34000015258789,4092500,16.127147674560547,0.0,0.0
TECK,2008-10-06,19.56999969482422,19.8700008392334,16.520000457763672,19.600000381469727,4993400,14.812187194824219,0.0,0.0
TECK,2008-10-07,20.229999542236328,21.649999618530273,17.829999923706055,17.8700008392334,3170500,13.504789352416992,0.0,0.0
TECK,2008-10-08,16.149999618530273,19.360000610351562,16.149999618530273,18.56999969482422,6712400,14.033795356750488,0.0,0.0
TECK,2008-10-09,19.639999389648438,20.219999313354492,16.0,16.670000076293945,5038500,12.597923278808594,0.0,0.0
TECK,2008-10-10,14.9399995803833,16.59000015258789,13.279999732971191,14.3100004196167,6400200,10.814409255981445,0.0,0.0
TECK,2008-10-13,15.020000457763672,19.719999313354492,15.020000457763672,19.440000534057617,4104300,14.691275596618652,0.0,0.0
TECK,2008-10-14,21.489999771118164,21.489999771118164,15.9399995803833,16.280000686645508,6317200,12.303184509277344,0.0,0.0
TECK,2008-10-15,16.190000534057617,16.190000534057617,12.800000190734863,13.199999809265137,5943800,9.975557327270508,0.0,0.0
TECK,2008-10-16,13.970000267028809,13.970000267028809,11.84000015258789,12.819999694824219,5779200,9.68838119506836,0.0,0.0
TECK,2008-10-17,12.75,14.579999923706055,12.199999809265137,13.710000038146973,5152900,10.360976219177246,0.0,0.0
TECK,2008-10-20,14.210000038146973,15.670000076293945,14.119999885559082,15.520000457763672,3383600,11.728837966918945,0.0,0.0
TECK,2008-10-21,15.1899995803833,15.5,14.039999961853027,14.25,4056800,10.769067764282227,0.0,0.0
TECK,2008-10-22,13.90999984741211,14.279999732971191,10.729999542236328,11.479999542236328,5280300,8.675711631774902,0.0,0.0
TECK,2008-10-23,11.630000114440918,11.859999656677246,9.239999771118164,10.0,7888900,7.5572404861450195,0.0,0.0
TECK,2008-10-24,8.3100004196167,10.100000381469727,8.3100004196167,9.579999923706055,5247400,7.239836692810059,0.0,0.0
TECK,2008-10-27,9.710000038146973,9.880000114440918,8.460000038146973,8.630000114440918,3817900,6.5218987464904785,0.0,0.0
TECK,2008-10-28,9.130000114440918,9.710000038146973,8.329999923706055,9.180000305175781,5553000,6.937546730041504,0.0,0.0
TECK,2008-10-29,9.600000381469727,10.5,9.34000015258789,9.989999771118164,6917100,7.549681186676025,0.0,0.0
TECK,2008-10-30,10.6899995803833,11.289999961853027,9.930000305175781,10.34000015258789,5065300,7.814184188842773,0.0,0.0
TECK,2008-10-31,10.229999542236328,10.369999885559082,9.729999542236328,9.8100004196167,5825400,7.413651466369629,0.0,0.0
TECK,2008-11-03,10.369999885559082,11.220000267028809,10.109999656677246,10.9399995803833,6307500,8.267621040344238,0.0,0.0
TECK,2008-11-04,11.8100004196167,12.729999542236328,11.640000343322754,12.539999961853027,5367300,9.476778030395508,0.0,0.0
TECK,2008-11-05,12.479999542236328,12.479999542236328,10.890000343322754,11.039999961853027,5141300,8.343194007873535,0.0,0.0
TECK,2008-11-06,10.579999923706055,10.960000038146973,9.329999923706055,9.630000114440918,5309900,7.277620315551758,0.0,0.0
TECK,2008-11-07,9.899999618530273,10.199999809265137,9.329999923706055,9.619999885559082,3692400,7.270064830780029,0.0,0.0
TECK,2008-11-10,10.329999923706055,10.539999961853027,9.079999923706055,9.180000305175781,3143500,6.937546730041504,0.0,0.0
TECK,2008-11-11,9.039999961853027,9.100000381469727,7.130000114440918,7.309999942779541,8679900,5.524343490600586,0.0,0.0
TECK,2008-11-12,7.0,7.159999847412109,4.860000133514404,5.28000020980835,14496600,3.9902241230010986,0.0,0.0
TECK,2008-11-13,5.289999961853027,5.849999904632568,4.670000076293945,5.820000171661377,12135500,4.398313999176025,0.0,0.0
TECK,2008-11-14,5.869999885559082,6.019999980926514,5.25,5.25,6424600,3.967550277709961,0.0,0.0
TECK,2008-11-17,5.199999809265137,5.75,4.940000057220459,5.320000171661377,4240100,4.020451545715332,0.0,0.0
TECK,2008-11-18,5.539999961853027,5.699999809265137,4.820000171661377,5.039999961853027,3915800,3.8088479042053223,0.0,0.0
TECK,2008-11-19,4.949999809265137,5.090000152587891,4.119999885559082,4.139999866485596,4445400,3.128696918487549,0.0,0.0
TECK,2008-11-20,4.340000152587891,4.340000152587891,2.5999999046325684,3.1700000762939453,12350500,2.3956453800201416,0.0,0.0
TECK,2008-11-21,3.5,3.7699999809265137,3.25,3.5799999237060547,6416500,2.705491781234741,0.0,0.0
TECK,2008-11-24,4.230000019073486,4.230000019073486,3.609999895095825,3.609999895095825,4306900,2.728163480758667,0.0,0.0
TECK,2008-11-25,3.819999933242798,3.8299999237060547,3.2799999713897705,3.4000000953674316,4922200,2.5694615840911865,0.0,0.0
TECK,2008-11-26,3.5399999618530273,4.389999866485596,3.299999952316284,4.239999771118164,5561600,3.2042689323425293,0.0,0.0
TECK,2008-11-28,4.980000019073486,4.989999771118164,4.53000020980835,4.920000076293945,3087800,3.7181622982025146,0.0,0.0
TECK,2008-12-01,4.710000038146973,4.829999923706055,3.9000000953674316,3.930000066757202,3135100,2.9699950218200684,0.0,0.0
TECK,2008-12-02,4.139999866485596,4.150000095367432,3.759999990463257,3.8499999046325684,4427000,2.909536838531494,0.0,0.0
TECK,2008-12-03,3.759999990463257,4.0,3.3499999046325684,3.440000057220459,4966200,2.599691152572632,0.0,0.0
TECK,2008-12-04,3.5299999713897705,3.700000047683716,3.0999999046325684,3.1500000953674316,3210600,2.380531072616577,0.0,0.0
TECK,2008-12-05,3.0999999046325684,3.190000057220459,2.930000066757202,3.0799999237060547,4155500,2.327629804611206,0.0,0.0
TECK,2008-12-08,3.4200000762939453,3.630000114440918,3.309999942779541,3.4000000953674316,4770100,2.5694615840911865,0.0,0.0
TECK,2008-12-09,3.4000000953674316,3.5999999046325684,3.299999952316284,3.4000000953674316,4973000,2.5694615840911865,0.0,0.0
TECK,2008-12-10,3.630000114440918,4.050000190734863,3.509999990463257,3.880000114440918,6646200,2.9322094917297363,0.0,0.0
TECK,2008-12-11,3.9700000286102295,4.71999979019165,3.930000066757202,4.230000019073486,8277200,3.1967129707336426,0.0,0.0
TECK,2008-12-12,3.859999895095825,4.460000038146973,3.799999952316284,4.429999828338623,4122800,3.3478572368621826,0.0,0.0
TECK,2008-12-15,4.769999980926514,5.230000019073486,4.449999809265137,4.610000133514404,4878900,3.4838876724243164,0.0,0.0
TECK,2008-12-16,4.699999809265137,4.989999771118164,4.579999923706055,4.989999771118164,3465400,3.771061897277832,0.0,0.0
TECK,2008-12-17,4.929999828338623,5.940000057220459,4.900000095367432,5.539999961853027,7867400,4.186708927154541,0.0,0.0
TECK,2008-12-18,5.210000038146973,5.380000114440918,4.340000152587891,4.480000019073486,5811800,3.3856430053710938,0.0,0.0
TECK,2008-12-19,4.369999885559082,4.730000019073486,4.230000019073486,4.699999809265137,4298600,3.5519020557403564,0.0,0.0
TECK,2008-12-22,4.849999904632568,4.849999904632568,4.119999885559082,4.269999980926514,3486700,3.226942300796509,0.0,0.0
TECK,2008-12-23,4.21999979019165,4.480000019073486,4.059999942779541,4.179999828338623,2160500,3.1589255332946777,0.0,0.0
TECK,2008-12-24,4.269999980926514,4.269999980926514,4.079999923706055,4.130000114440918,1057100,3.121140241622925,0.0,0.0
TECK,2008-12-26,4.260000228881836,4.329999923706055,4.0,4.309999942779541,1591100,3.257169246673584,0.0,0.0
TECK,2008-12-29,4.440000057220459,4.75,4.309999942779541,4.71999979019165,3391100,3.5670173168182373,0.0,0.0
TECK,2008-12-30,4.71999979019165,4.980000019073486,4.480000019073486,4.889999866485596,2708900,3.695488452911377,0.0,0.0
TECK,2008-12-31,4.860000133514404,5.050000190734863,4.769999980926514,4.920000076293945,2686500,3.7181622982025146,0.0,0.0
TECK,2009-01-02,4.949999809265137,5.849999904632568,4.940000057220459,5.739999771118164,4892300,4.337855815887451,0.0,0.0
TECK,2009-01-05,5.860000133514404,7.110000133514404,5.849999904632568,6.820000171661377,11082200,5.154038906097412,0.0,0.0
TECK,2009-01-06,7.480000019073486,7.480000019073486,6.570000171661377,6.889999866485596,9352600,5.206936359405518,0.0,0.0
TECK,2009-01-07,6.739999771118164,6.739999771118164,6.179999828338623,6.320000171661377,5791700,4.776175498962402,0.0,0.0
TECK,2009-01-08,6.019999980926514,6.320000171661377,5.699999809265137,6.289999961853027,5954200,4.753503799438477,0.0,0.0
TECK,2009-01-09,6.150000095367432,6.309999942779541,5.860000133514404,5.869999885559082,3641700,4.436100482940674,0.0,0.0
TECK,2009-01-12,5.650000095367432,5.699999809265137,5.170000076293945,5.429999828338623,5225400,4.103580951690674,0.0,0.0
TECK,2009-01-13,5.21999979019165,5.670000076293945,5.179999828338623,5.380000114440918,4369900,4.0657958984375,0.0,0.0
TECK,2009-01-14,5.119999885559082,5.159999847412109,4.579999923706055,4.619999885559082,4814600,3.491446018218994,0.0,0.0
TECK,2009-01-15,4.619999885559082,4.690000057220459,4.019999980926514,4.480000019073486,7671300,3.3856430053710938,0.0,0.0
TECK,2009-01-16,4.989999771118164,4.989999771118164,4.269999980926514,4.670000076293945,4725300,3.5292303562164307,0.0,0.0
TECK,2009-01-20,4.670000076293945,4.840000152587891,4.25,4.349999904632568,3192700,3.287400484085083,0.0,0.0
TECK,2009-01-21,4.510000228881836,4.539999961853027,4.059999942779541,4.5,4382900,3.4007582664489746,0.0,0.0
TECK,2009-01-22,4.320000171661377,4.400000095367432,4.130000114440918,4.190000057220459,2576500,3.1664843559265137,0.0,0.0
TECK,2009-01-23,4.099999904632568,4.730000019073486,4.050000190734863,4.53000020980835,3793100,3.4234299659729004,0.0,0.0
TECK,2009-01-26,4.619999885559082,4.989999771118164,4.5,4.590000152587891,3644800,3.468773365020752,0.0,0.0
TECK,2009-01-27,4.619999885559082,4.800000190734863,4.53000020980835,4.559999942779541,1680500,3.4461021423339844,0.0,0.0
TECK,2009-01-28,4.860000133514404,5.099999904632568,4.760000228881836,4.889999866485596,3436700,3.695488452911377,0.0,0.0
TECK,2009-01-29,4.860000133514404,4.860000133514404,4.230000019073486,4.260000228881836,4166900,3.219383716583252,0.0,0.0
TECK,2009-01-30,4.380000114440918,4.380000114440918,3.7300000190734863,3.819999933242798,6615800,2.8868653774261475,0.0,0.0
TECK,2009-02-02,3.690000057220459,3.940000057220459,3.569999933242798,3.630000114440918,3410200,2.743278741836548,0.0,0.0
TECK,2009-02-03,3.759999990463257,3.799999952316284,3.5199999809265137,3.6600000858306885,3463200,2.7659494876861572,0.0,0.0
TECK,2009-02-04,3.690000057220459,4.070000171661377,3.690000057220459,3.799999952316284,3974700,2.871750831604004,0.0,0.0
TECK,2009-02-05,3.799999952316284,4.110000133514404,3.680000066757202,4.059999942779541,3107400,3.068239688873291,0.0,0.0
TECK,2009-02-06,4.059999942779541,4.690000057220459,4.059999942779541,4.349999904632568,7827700,3.287400484085083,0.0,0.0
TECK,2009-02-09,4.480000019073486,4.75,4.380000114440918,4.5,3454700,3.4007582664489746,0.0,0.0
TECK,2009-02-10,4.570000171661377,4.679999828338623,3.9200000762939453,4.010000228881836,4794000,3.0304532051086426,0.0,0.0
TECK,2009-02-11,4.150000095367432,4.21999979019165,3.9600000381469727,4.019999980926514,3435000,3.038010358810425,0.0,0.0
TECK,2009-02-12,4.019999980926514,4.179999828338623,3.8499999046325684,4.039999961853027,3200300,3.05312442779541,0.0,0.0
TECK,2009-02-13,4.079999923706055,4.179999828338623,3.9800000190734863,4.010000228881836,2531700,3.0304532051086426,0.0,0.0
TECK,2009-02-17,3.640000104904175,3.640000104904175,3.359999895095825,3.4700000286102295,4217100,2.6223623752593994,0.0,0.0
TECK,2009-02-18,3.7899999618530273,3.7899999618530273,3.0999999046325684,3.319999933242798,4047300,2.509003162384033,0.0,0.0
TECK,2009-02-19,3.490000009536743,3.5,3.109999895095825,3.180000066757202,3318100,2.4032020568847656,0.0,0.0
TECK,2009-02-20,3.0999999046325684,3.140000104904175,2.7799999713897705,3.049999952316284,3861500,2.3049581050872803,0.0,0.0
TECK,2009-02-23,3.1500000953674316,3.2300000190734863,2.9600000381469727,3.069999933242798,4015800,2.3200721740722656,0.0,0.0
TECK,2009-02-24,3.1500000953674316,3.259999990463257,2.859999895095825,3.2300000190734863,4104600,2.440988779067993,0.0,0.0
TECK,2009-02-25,3.2300000190734863,3.390000104904175,3.140000104904175,3.25,3183300,2.4561026096343994,0.0,0.0
TECK,2009-02-26,3.359999895095825,3.990000009536743,3.359999895095825,3.5999999046325684,5485600,2.720606565475464,0.0,0.0
TECK,2009-02-27,3.5399999618530273,3.609999895095825,3.3499999046325684,3.450000047683716,2280200,2.6072473526000977,0.0,0.0
TECK,2009-03-02,3.259999990463257,3.2799999713897705,2.9200000762939453,3.049999952316284,4822800,2.3049581050872803,0.0,0.0
TECK,2009-03-03,3.0999999046325684,3.2100000381469727,2.799999952316284,2.940000057220459,3959000,2.221827983856201,0.0,0.0
TECK,2009-03-04,3.1700000762939453,3.2699999809265137,2.930000066757202,2.950000047683716,4169000,2.2293860912323,0.0,0.0
TECK,2009-03-05,2.9600000381469727,2.9600000381469727,2.609999895095825,2.6700000762939453,4345800,2.017782211303711,0.0,0.0
TECK,2009-03-06,2.7899999618530273,3.049999952316284,2.75,3.0299999713897705,5538200,2.2898430824279785,0.0,0.0
TECK,2009-03-09,2.930000066757202,3.140000104904175,2.859999895095825,2.869999885559082,2502300,2.1689279079437256,0.0,0.0
TECK,2009-03-10,3.0399999618530273,3.200000047683716,3.0299999713897705,3.1600000858306885,2166200,2.388087749481201,0.0,0.0
TECK,2009-03-11,3.390000104904175,3.700000047683716,3.309999942779541,3.569999933242798,7824000,2.69793438911438,0.0,0.0
TECK,2009-03-12,3.559999942779541,3.9700000286102295,3.430000066757202,3.9100000858306885,4821500,2.9548802375793457,0.0,0.0
TECK,2009-03-13,4.019999980926514,4.230000019073486,3.7699999809265137,3.930000066757202,5131000,2.9699950218200684,0.0,0.0
TECK,2009-03-16,4.099999904632568,4.340000152587891,3.9000000953674316,4.179999828338623,6337600,3.1589255332946777,0.0,0.0
TECK,2009-03-17,4.079999923706055,4.230000019073486,3.9200000762939453,4.110000133514404,3282600,3.1060256958007812,0.0,0.0
TECK,2009-03-18,4.130000114440918,4.150000095367432,3.8299999237060547,4.079999923706055,6334400,3.0833537578582764,0.0,0.0
TECK,2009-03-19,4.449999809265137,4.880000114440918,4.449999809265137,4.820000171661377,7385600,3.642589807510376,0.0,0.0
TECK,2009-03-20,4.869999885559082,5.119999885559082,4.599999904632568,4.690000057220459,9597400,3.5443451404571533,0.0,0.0
TECK,2009-03-23,5.03000020980835,5.46999979019165,4.989999771118164,5.400000095367432,7663100,4.08090877532959,0.0,0.0
TECK,2009-03-24,5.300000190734863,5.840000152587891,5.03000020980835,5.550000190734863,6344400,4.194267749786377,0.0,0.0
TECK,2009-03-25,5.869999885559082,6.260000228881836,5.670000076293945,5.909999847412109,10175900,4.466327667236328,0.0,0.0
TECK,2009-03-26,6.190000057220459,6.389999866485596,6.119999885559082,6.260000228881836,6998800,4.730832576751709,0.0,0.0
TECK,2009-03-27,6.159999847412109,6.5,5.769999980926514,6.320000171661377,7657800,4.776175498962402,0.0,0.0
TECK,2009-03-30,5.760000228881836,5.829999923706055,5.269999980926514,5.440000057220459,7592000,4.111137866973877,0.0,0.0
TECK,2009-03-31,5.699999809265137,5.809999942779541,5.510000228881836,5.550000190734863,5564800,4.194267749786377,0.0,0.0
TECK,2009-04-01,5.389999866485596,6.230000019073486,5.190000057220459,6.159999847412109,6716800,4.655259609222412,0.0,0.0
TECK,2009-04-02,6.78000020980835,7.019999980926514,6.539999961853027,6.599999904632568,8681300,4.987778663635254,0.0,0.0
TECK,2009-04-03,6.579999923706055,6.980000019073486,6.400000095367432,6.880000114440918,6458500,5.199382305145264,0.0,0.0
TECK,2009-04-06,6.829999923706055,7.139999866485596,6.710000038146973,6.869999885559082,7070200,5.191824436187744,0.0,0.0
TECK,2009-04-07,6.650000095367432,6.789999961853027,6.360000133514404,6.409999847412109,5116800,4.84419059753418,0.0,0.0
TECK,2009-04-08,6.519999980926514,7.139999866485596,6.519999980926514,7.079999923706055,8695500,5.350525856018066,0.0,0.0
TECK,2009-04-09,7.710000038146973,8.119999885559082,7.53000020980835,8.100000381469727,9443400,6.121365070343018,0.0,0.0
TECK,2009-04-13,8.479999542236328,9.140000343322754,8.390000343322754,8.989999771118164,12630800,6.7939581871032715,0.0,0.0
TECK,2009-04-14,9.289999961853027,9.479999542236328,8.569999694824219,8.789999961853027,11637500,6.642813205718994,0.0,0.0
TECK,2009-04-15,8.8100004196167,9.109999656677246,8.4399995803833,8.960000038146973,9324300,6.7712860107421875,0.0,0.0
TECK,2009-04-16,9.020000457763672,9.029999732971191,8.520000457763672,8.84000015258789,9214100,6.680600643157959,0.0,0.0
TECK,2009-04-17,8.729999542236328,8.90999984741211,8.5,8.75,6367300,6.612585544586182,0.0,0.0
TECK,2009-04-20,8.289999961853027,8.289999961853027,7.320000171661377,7.409999847412109,10899600,5.599914073944092,0.0,0.0
TECK,2009-04-21,6.659999847412109,10.25,6.510000228881836,9.970000267028809,20277100,7.534564971923828,0.0,0.0
TECK,2009-04-22,9.479999542236328,10.109999656677246,9.300000190734863,9.770000457763672,11644400,7.383423328399658,0.0,0.0
TECK,2009-04-23,9.65999984741211,9.979999542236328,9.359999656677246,9.789999961853027,8141900,7.398540019989014,0.0,0.0
TECK,2009-04-24,10.0,10.369999885559082,9.90999984741211,10.220000267028809,10502700,7.7235002517700195,0.0,0.0
TECK,2009-04-27,9.8100004196167,10.020000457763672,9.449999809265137,9.5600004196167,7411100,7.224719524383545,0.0,0.0
TECK,2009-04-28,9.260000228881836,9.380000114440918,9.079999923706055,9.140000343322754,6291600,6.907317161560059,0.0,0.0
TECK,2009-04-29,9.479999542236328,10.0600004196167,9.470000267028809,9.960000038146973,7418900,7.527008056640625,0.0,0.0
TECK,2009-04-30,10.449999809265137,10.75,10.210000038146973,10.539999961853027,6865400,7.965329647064209,0.0,0.0
TECK,2009-05-01,10.680000305175781,11.850000381469727,10.600000381469727,11.760000228881836,8677900,8.887311935424805,0.0,0.0
TECK,2009-05-04,12.829999923706055,13.369999885559082,12.380000114440918,13.359999656677246,11396900,10.096473693847656,0.0,0.0
TECK,2009-05-05,13.600000381469727,14.0,12.569999694824219,13.390000343322754,11716100,10.11914348602295,0.0,0.0
TECK,2009-05-06,13.979999542236328,14.270000457763672,13.5,14.039999961853027,9665300,10.610365867614746,0.0,0.0
TECK,2009-05-07,14.4399995803833,14.65999984741211,13.430000305175781,13.699999809265137,9614100,10.353414535522461,0.0,0.0
TECK,2009-05-08,14.210000038146973,14.470000267028809,13.770000457763672,14.380000114440918,6731900,10.8673095703125,0.0,0.0
TECK,2009-05-11,13.649999618530273,14.0,13.3100004196167,13.710000038146973,6622000,10.360976219177246,0.0,0.0
TECK,2009-05-12,14.079999923706055,14.260000228881836,13.09000015258789,13.850000381469727,7960500,10.466777801513672,0.0,0.0
TECK,2009-05-13,13.25,13.25,11.470000267028809,11.479999542236328,12885700,8.675711631774902,0.0,0.0
TECK,2009-05-14,10.979999542236328,12.850000381469727,10.979999542236328,12.5,10397200,9.446548461914062,0.0,0.0
TECK,2009-05-15,12.5600004196167,13.0,11.819999694824219,12.100000381469727,7327200,9.144261360168457,0.0,0.0
TECK,2009-05-18,12.319999694824219,13.649999618530273,12.319999694824219,13.40999984741211,6576900,10.134259223937988,0.0,0.0
TECK,2009-05-19,13.34000015258789,13.770000457763672,12.979999542236328,13.510000228881836,8151200,10.209829330444336,0.0,0.0
TECK,2009-05-20,13.800000190734863,14.449999809265137,13.670000076293945,13.920000076293945,9898300,10.51967716217041,0.0,0.0
TECK,2009-05-21,13.34000015258789,13.630000114440918,13.050000190734863,13.329999923706055,8657200,10.073799133300781,0.0,0.0
TECK,2009-05-22,13.729999542236328,14.390000343322754,13.390000343322754,14.199999809265137,8654700,10.731277465820312,0.0,0.0
TECK,2009-05-26,13.880000114440918,14.369999885559082,13.520000457763672,14.279999732971191,7854100,10.79173755645752,0.0,0.0
TECK,2009-05-27,14.399999618530273,15.229999542236328,14.180000305175781,14.4399995803833,8935200,10.912653923034668,0.0,0.0
TECK,2009-05-28,14.869999885559082,15.130000114440918,14.609999656677246,14.970000267028809,7516300,11.313186645507812,0.0,0.0
TECK,2009-05-29,15.619999885559082,15.859999656677246,15.350000381469727,15.829999923706055,7296500,11.96311092376709,0.0,0.0
TECK,2009-06-01,16.68000030517578,17.3700008392334,16.479999542236328,17.149999618530273,9969700,12.960667610168457,0.0,0.0
TECK,2009-06-02,17.1299991607666,17.799999237060547,16.700000762939453,17.299999237060547,7324100,13.074028015136719,0.0,0.0
TECK,2009-06-03,16.760000228881836,16.84000015258789,15.3100004196167,15.850000381469727,11527500,11.978226661682129,0.0,0.0
TECK,2009-06-04,16.40999984741211,17.360000610351562,16.06999969482422,17.260000228881836,8299600,13.043797492980957,0.0,0.0
TECK,2009-06-05,17.75,17.850000381469727,17.059999465942383,17.530000686645508,8123200,13.247840881347656,0.0,0.0
TECK,2009-06-08,17.0,17.59000015258789,16.479999542236328,17.559999465942383,7441700,13.270514488220215,0.0,0.0
TECK,2009-06-09,17.8799991607666,18.15999984741211,17.610000610351562,17.760000228881836,7356400,13.421656608581543,0.0,0.0
TECK,2009-06-10,18.219999313354492,18.219999313354492,17.549999237060547,18.149999618530273,9324400,13.71639633178711,0.0,0.0
TECK,2009-06-11,18.209999084472656,19.079999923706055,18.010000228881836,18.709999084472656,9217700,14.139594078063965,0.0,0.0
TECK,2009-06-12,18.260000228881836,18.649999618530273,17.799999237060547,18.270000457763672,7171100,13.807079315185547,0.0,0.0
TECK,2009-06-15,17.549999237060547,17.600000381469727,16.700000762939453,17.18000030517578,6888600,12.983335494995117,0.0,0.0
TECK,2009-06-16,17.670000076293945,17.90999984741211,15.960000038146973,16.100000381469727,10630200,12.167157173156738,0.0,0.0
TECK,2009-06-17,15.890000343322754,15.890000343322754,14.479999542236328,15.3100004196167,15828800,11.570136070251465,0.0,0.0
TECK,2009-06-18,15.649999618530273,16.350000381469727,15.270000457763672,16.280000686645508,10863300,12.303184509277344,0.0,0.0
TECK,2009-06-19,16.90999984741211,16.979999542236328,16.260000228881836,16.540000915527344,6756600,12.49967098236084,0.0,0.0
TECK,2009-06-22,15.819999694824219,15.819999694824219,14.550000190734863,14.569999694824219,9103100,11.010897636413574,0.0,0.0
TECK,2009-06-23,14.800000190734863,15.6899995803833,14.649999618530273,15.510000228881836,10613100,11.721280097961426,0.0,0.0
TECK,2009-06-24,16.149999618530273,16.579999923706055,15.920000076293945,16.1200008392334,7171800,12.182269096374512,0.0,0.0
TECK,2009-06-25,14.949999809265137,16.100000381469727,14.84000015258789,15.989999771118164,12425700,12.084031105041504,0.0,0.0
TECK,2009-06-26,15.899999618530273,16.790000915527344,15.899999618530273,16.559999465942383,8755500,12.514787673950195,0.0,0.0
TECK,2009-06-29,16.860000610351562,16.860000610351562,15.930000305175781,16.059999465942383,5258700,12.136924743652344,0.0,0.0
TECK,2009-06-30,16.110000610351562,16.350000381469727,15.539999961853027,15.9399995803833,7144300,12.046241760253906,0.0,0.0
TECK,2009-07-01,16.260000228881836,17.299999237060547,16.260000228881836,16.780000686645508,5600300,12.681051254272461,0.0,0.0
TECK,2009-07-02,16.010000228881836,16.170000076293945,15.619999885559082,16.09000015258789,4803700,12.159598350524902,0.0,0.0
TECK,2009-07-06,16.799999237060547,16.959999084472656,16.260000228881836,16.8799991607666,8666300,12.756620407104492,0.0,0.0
TECK,2009-07-07,16.639999389648438,16.989999771118164,15.920000076293945,16.149999618530273,9997600,12.204944610595703,0.0,0.0
TECK,2009-07-08,15.960000038146973,16.290000915527344,14.739999771118164,15.3100004196167,10187900,11.570136070251465,0.0,0.0
TECK,2009-07-09,15.899999618530273,16.3799991607666,15.680000305175781,15.84000015258789,7669900,11.970666885375977,0.0,0.0
TECK,2009-07-10,15.520000457763672,15.899999618530273,15.130000114440918,15.460000038146973,5443500,11.683492660522461,0.0,0.0
TECK,2009-07-13,15.520000457763672,16.510000228881836,15.029999732971191,16.469999313354492,8704400,12.446773529052734,0.0,0.0
TECK,2009-07-14,17.0,17.200000762939453,16.59000015258789,17.149999618530273,6384900,12.960667610168457,0.0,0.0
TECK,2009-07-15,17.760000228881836,18.68000030517578,17.739999771118164,18.459999084472656,8929100,13.950664520263672,0.0,0.0
TECK,2009-07-16,18.420000076293945,20.1200008392334,18.31999969482422,20.030000686645508,12357500,15.137151718139648,0.0,0.0
TECK,2009-07-17,20.040000915527344,21.34000015258789,20.040000915527344,21.059999465942383,11403800,15.915545463562012,0.0,0.0
TECK,2009-07-20,21.899999618530273,23.06999969482422,21.510000228881836,21.979999542236328,22251000,16.610816955566406,0.0,0.0
TECK,2009-07-21,22.510000228881836,22.709999084472656,20.889999389648438,21.90999984741211,14474000,16.55790901184082,0.0,0.0
TECK,2009-07-22,21.3799991607666,22.780000686645508,21.110000610351562,22.579999923706055,14005000,17.064245223999023,0.0,0.0
TECK,2009-07-23,22.780000686645508,24.139999389648438,22.3799991607666,23.889999389648438,12383900,18.054244995117188,0.0,0.0
TECK,2009-07-24,23.709999084472656,24.809999465942383,23.520000457763672,24.489999771118164,11802100,18.507680892944336,0.0,0.0
TECK,2009-07-27,24.860000610351562,25.18000030517578,24.18000030517578,24.350000381469727,11313300,18.401880264282227,0.0,0.0
TECK,2009-07-28,23.75,24.469999313354492,23.549999237060547,24.350000381469727,9072300,18.401880264282227,0.0,0.0
TECK,2009-07-29,23.709999084472656,23.780000686645508,23.049999237060547,23.299999237060547,8717300,17.608369827270508,0.0,0.0
TECK,2009-07-30,24.149999618530273,25.299999237060547,23.860000610351562,25.010000228881836,9642400,18.900650024414062,0.0,0.0
TECK,2009-07-31,25.5,26.420000076293945,25.239999771118164,26.290000915527344,8360400,19.867979049682617,0.0,0.0
TECK,2009-08-03,27.43000030517578,28.799999237060547,27.299999237060547,28.389999389648438,8708800,21.45500373840332,0.0,0.0
TECK,2009-08-04,27.75,27.969999313354492,26.850000381469727,27.020000457763672,10340200,20.419658660888672,0.0,0.0
TECK,2009-08-05,27.43000030517578,27.780000686645508,26.690000534057617,27.579999923706055,9771900,20.842864990234375,0.0,0.0
TECK,2009-08-06,27.709999084472656,27.920000076293945,25.520000457763672,25.889999389648438,9283700,19.565690994262695,0.0,0.0
TECK,2009-08-07,26.5,26.979999542236328,25.56999969482422,26.75,7535600,20.215618133544922,0.0,0.0
TECK,2009-08-10,26.420000076293945,26.479999542236328,25.229999542236328,25.6200008392334,5597100,19.361650466918945,0.0,0.0
TECK,2009-08-11,25.440000534057617,25.5,24.209999084472656,25.190000534057617,7823200,19.036685943603516,0.0,0.0
TECK,2009-08-12,24.969999313354492,26.600000381469727,24.530000686645508,26.31999969482422,7814800,19.890655517578125,0.0,0.0
TECK,2009-08-13,27.139999389648438,27.530000686645508,26.510000228881836,27.40999984741211,6407400,20.714397430419922,0.0,0.0
TECK,2009-08-14,27.459999084472656,27.459999084472656,26.010000228881836,26.350000381469727,6962900,19.913328170776367,0.0,0.0
TECK,2009-08-17,24.3700008392334,25.229999542236328,23.959999084472656,25.170000076293945,8458100,19.021574020385742,0.0,0.0
TECK,2009-08-18,25.440000534057617,26.020000457763672,25.43000030517578,25.6200008392334,3962600,19.361650466918945,0.0,0.0
TECK,2009-08-19,24.56999969482422,25.670000076293945,24.360000610351562,25.280000686645508,7136800,19.10470199584961,0.0,0.0
TECK,2009-08-20,25.399999618530273,26.280000686645508,25.399999618530273,26.149999618530273,3982200,19.762178421020508,0.0,0.0
TECK,2009-08-21,26.790000915527344,27.0,26.5,26.729999542236328,4518300,20.20050048828125,0.0,0.0
TECK,2009-08-24,27.15999984741211,27.40999984741211,26.100000381469727,26.43000030517578,5977900,19.973787307739258,0.0,0.0
TECK,2009-08-25,26.549999237060547,27.040000915527344,25.56999969482422,25.700000762939453,6400500,19.422101974487305,0.0,0.0
TECK,2009-08-26,25.540000915527344,25.600000381469727,24.790000915527344,25.15999984741211,5650700,19.014015197753906,0.0,0.0
TECK,2009-08-27,24.969999313354492,25.229999542236328,23.920000076293945,25.0,9468000,18.893096923828125,0.0,0.0
TECK,2009-08-28,25.68000030517578,25.920000076293945,25.0,25.200000762939453,4908900,19.044248580932617,0.0,0.0
TECK,2009-08-31,23.950000762939453,24.56999969482422,23.790000915527344,24.059999465942383,5785700,18.18271255493164,0.0,0.0
TECK,2009-09-01,23.8799991607666,24.709999084472656,22.8700008392334,23.139999389648438,7603700,17.487449645996094,0.0,0.0
TECK,2009-09-02,22.489999771118164,23.530000686645508,22.079999923706055,23.229999542236328,5568600,17.555471420288086,0.0,0.0
TECK,2009-09-03,23.8799991607666,24.25,23.420000076293945,23.690000534057617,5214600,17.903099060058594,0.0,0.0
TECK,2009-09-04,23.8799991607666,24.3700008392334,23.6200008392334,24.360000610351562,3851600,18.409435272216797,0.0,0.0
TECK,2009-09-08,25.43000030517578,25.700000762939453,25.190000534057617,25.549999237060547,4786100,19.30874252319336,0.0,0.0
TECK,2009-09-09,25.899999618530273,26.280000686645508,25.309999465942383,25.989999771118164,6348500,19.641265869140625,0.0,0.0
TECK,2009-09-10,25.829999923706055,26.610000610351562,25.68000030517578,26.579999923706055,4825600,20.087142944335938,0.0,0.0
TECK,2009-09-11,26.809999465942383,26.889999389648438,25.799999237060547,26.239999771118164,4999600,19.830198287963867,0.0,0.0
TECK,2009-09-14,25.760000228881836,26.56999969482422,25.459999084472656,26.56999969482422,4163700,20.0795841217041,0.0,0.0
TECK,2009-09-15,26.479999542236328,27.270000457763672,26.420000076293945,27.239999771118164,5432300,20.585918426513672,0.0,0.0
TECK,2009-09-16,27.5,28.209999084472656,27.420000076293945,28.139999389648438,7303000,21.266071319580078,0.0,0.0
TECK,2009-09-17,27.950000762939453,28.559999465942383,27.030000686645508,27.5,6674400,20.78240203857422,0.0,0.0
TECK,2009-09-18,27.639999389648438,27.719999313354492,26.84000015258789,27.100000381469727,4446600,20.48012351989746,0.0,0.0
TECK,2009-09-21,26.3700008392334,27.399999618530273,26.0,27.25,4835600,20.593477249145508,0.0,0.0
TECK,2009-09-22,28.059999465942383,28.579999923706055,27.889999389648438,28.510000228881836,5908400,21.545682907104492,0.0,0.0
TECK,2009-09-23,28.40999984741211,28.950000762939453,27.989999771118164,28.030000686645508,9062000,21.182941436767578,0.0,0.0
TECK,2009-09-24,28.170000076293945,28.389999389648438,26.399999618530273,26.6200008392334,8317500,20.11737060546875,0.0,0.0
TECK,2009-09-25,26.200000762939453,27.31999969482422,25.760000228881836,26.0,5193000,19.648820877075195,0.0,0.0
TECK,2009-09-28,26.170000076293945,27.1299991607666,26.0,27.1299991607666,3658600,20.50279426574707,0.0,0.0
TECK,2009-09-29,27.1299991607666,27.75,27.020000457763672,27.239999771118164,4308300,20.585918426513672,0.0,0.0
TECK,2009-09-30,27.81999969482422,28.399999618530273,26.8799991607666,27.56999969482422,8326200,20.835308074951172,0.0,0.0
TECK,2009-10-01,27.649999618530273,27.770000457763672,26.06999969482422,26.110000610351562,5776700,19.73195457458496,0.0,0.0
TECK,2009-10-02,25.200000762939453,26.739999771118164,24.84000015258789,26.260000228881836,7361000,19.84531593322754,0.0,0.0
TECK,2009-10-05,26.40999984741211,27.110000610351562,26.329999923706055,26.950000762939453,4921700,20.366762161254883,0.0,0.0
TECK,2009-10-06,27.6200008392334,28.40999984741211,27.56999969482422,28.170000076293945,6556200,21.288745880126953,0.0,0.0
TECK,2009-10-07,28.31999969482422,28.690000534057617,28.059999465942383,28.510000228881836,5303900,21.545682907104492,0.0,0.0
TECK,2009-10-08,29.149999618530273,31.43000030517578,29.1200008392334,30.899999618530273,12571700,23.35187339782715,0.0,0.0
TECK,2009-10-09,30.770000457763672,31.68000030517578,30.3799991607666,31.360000610351562,7306600,23.699504852294922,0.0,0.0
TECK,2009-10-12,32.0,33.2400016784668,32.0,32.060001373291016,6378900,24.228504180908203,0.0,0.0
TECK,2009-10-13,32.16999816894531,32.25,31.030000686645508,32.0,6919600,24.18317222595215,0.0,0.0
TECK,2009-10-14,32.7400016784668,33.7599983215332,32.380001068115234,33.470001220703125,6406100,25.294084548950195,0.0,0.0
TECK,2009-10-15,33.09000015258789,33.5,32.45000076293945,32.61000061035156,5126400,24.644163131713867,0.0,0.0
TECK,2009-10-16,32.15999984741211,32.900001525878906,31.739999771118164,32.54999923706055,6089400,24.598817825317383,0.0,0.0
TECK,2009-10-19,32.91999816894531,33.18000030517578,32.619998931884766,32.79999923706055,5937700,24.787742614746094,0.0,0.0
TECK,2009-10-20,32.88999938964844,32.88999938964844,32.04999923706055,32.72999954223633,6432000,24.73484230041504,0.0,0.0
TECK,2009-10-21,32.40999984741211,33.869998931884766,32.38999938964844,32.88999938964844,7467000,24.855758666992188,0.0,0.0
TECK,2009-10-22,32.720001220703125,33.58000183105469,32.29999923706055,33.540000915527344,5521700,25.346975326538086,0.0,0.0
TECK,2009-10-23,33.61000061035156,34.06999969482422,32.880001068115234,33.20000076293945,6627600,25.09004020690918,0.0,0.0
TECK,2009-10-26,33.29999923706055,33.810001373291016,31.799999237060547,32.02000045776367,5915400,24.198284149169922,0.0,0.0
TECK,2009-10-27,31.790000915527344,31.8799991607666,30.5,31.219999313354492,9202600,23.593698501586914,0.0,0.0
TECK,2009-10-28,30.309999465942383,30.360000610351562,27.959999084472656,28.389999389648438,12115100,21.45500373840332,0.0,0.0
TECK,2009-10-29,29.899999618530273,30.860000610351562,29.329999923706055,30.43000030517578,6677800,22.99667739868164,0.0,0.0
TECK,2009-10-30,30.290000915527344,30.709999084472656,28.229999542236328,28.920000076293945,8958700,21.85553741455078,0.0,0.0
TECK,2009-11-02,29.34000015258789,29.6200008392334,28.059999465942383,28.8799991607666,5512600,21.825307846069336,0.0,0.0
TECK,2009-11-03,27.8799991607666,29.510000228881836,27.59000015258789,29.350000381469727,9369400,22.18049430847168,0.0,0.0
TECK,2009-11-04,30.270000457763672,30.899999618530273,29.850000381469727,29.889999389648438,8344700,22.588586807250977,0.0,0.0
TECK,2009-11-05,30.450000762939453,31.540000915527344,29.889999389648438,31.299999237060547,8104400,23.654163360595703,0.0,0.0
TECK,2009-11-06,30.729999542236328,31.850000381469727,30.600000381469727,30.850000381469727,5589500,23.314085006713867,0.0,0.0
TECK,2009-11-09,32.22999954223633,32.70000076293945,31.90999984741211,32.38999938964844,5476800,24.477895736694336,0.0,0.0
TECK,2009-11-10,32.04999923706055,32.900001525878906,31.90999984741211,32.599998474121094,4512700,24.6365966796875,0.0,0.0
TECK,2009-11-11,33.27000045776367,33.45000076293945,32.529998779296875,32.7599983215332,5597900,24.757511138916016,0.0,0.0
TECK,2009-11-12,32.40999984741211,32.849998474121094,30.84000015258789,31.18000030517578,7024600,23.5634765625,0.0,0.0
TECK,2009-11-13,31.459999084472656,32.2400016784668,31.3799991607666,31.93000030517578,6614200,24.13027000427246,0.0,0.0
TECK,2009-11-16,32.56999969482422,33.43000030517578,32.459999084472656,33.40999984741211,6800100,25.24874496459961,0.0,0.0
TECK,2009-11-17,32.95000076293945,34.150001525878906,32.83000183105469,34.150001525878906,6986900,25.807971954345703,0.0,0.0
TECK,2009-11-18,34.29999923706055,34.90999984741211,33.90999984741211,34.849998474121094,7650600,26.336978912353516,0.0,0.0
TECK,2009-11-19,34.310001373291016,35.02000045776367,33.7400016784668,34.869998931884766,8270100,26.352088928222656,0.0,0.0
TECK,2009-11-20,34.13999938964844,34.7400016784668,33.869998931884766,34.619998931884766,6423800,26.163162231445312,0.0,0.0
TECK,2009-11-23,35.849998474121094,36.36000061035156,34.97999954223633,35.29999923706055,5137600,26.67705726623535,0.0,0.0
TECK,2009-11-24,35.11000061035156,35.16999816894531,34.20000076293945,34.4900016784668,4216200,26.064926147460938,0.0,0.0
TECK,2009-11-25,35.0,35.869998931884766,34.70000076293945,35.869998931884766,2960700,27.10781478881836,0.0,0.0
TECK,2009-11-27,33.13999938964844,34.880001068115234,32.79999923706055,34.380001068115234,5263800,25.981794357299805,0.0,0.0
TECK,2009-11-30,34.45000076293945,35.119998931884766,34.22999954223633,34.81999969482422,5206200,26.31431007385254,0.0,0.0
TECK,2009-12-01,35.52000045776367,35.84000015258789,34.7400016784668,35.47999954223633,3452300,26.813087463378906,0.0,0.0
TECK,2009-12-02,35.54999923706055,36.470001220703125,35.349998474121094,36.119998931884766,4387900,27.2967472076416,0.0,0.0
TECK,2009-12-03,35.720001220703125,36.040000915527344,34.900001525878906,35.599998474121094,6544800,26.903770446777344,0.0,0.0
TECK,2009-12-04,36.060001373291016,36.70000076293945,34.310001373291016,34.650001525878906,6800500,26.185836791992188,0.0,0.0
TECK,2009-12-07,34.18000030517578,34.81999969482422,33.880001068115234,33.95000076293945,4955800,25.656824111938477,0.0,0.0
TECK,2009-12-08,33.59000015258789,33.84000015258789,32.380001068115234,32.689998626708984,5978300,24.704612731933594,0.0,0.0
TECK,2009-12-09,33.09000015258789,34.70000076293945,32.83000183105469,34.59000015258789,5734500,26.140491485595703,0.0,0.0
TECK,2009-12-10,35.25,35.84000015258789,34.91999816894531,35.45000076293945,5800700,26.790409088134766,0.0,0.0
TECK,2009-12-11,35.61000061035156,35.88999938964844,35.20000076293945,35.380001068115234,3509900,26.737516403198242,0.0,0.0
TECK,2009-12-14,35.72999954223633,37.189998626708984,35.560001373291016,37.0099983215332,4877200,27.969337463378906,0.0,0.0
TECK,2009-12-15,36.70000076293945,37.0,36.369998931884766,36.56999969482422,2913100,27.636821746826172,0.0,0.0
TECK,2009-12-16,37.09000015258789,37.68000030517578,36.959999084472656,37.31999969482422,4086900,28.2036190032959,0.0,0.0
TECK,2009-12-17,36.25,36.790000915527344,36.04999923706055,36.56999969482422,4367000,27.636821746826172,0.0,0.0
TECK,2009-12-18,36.75,37.18000030517578,36.349998474121094,36.619998931884766,2737100,27.67460823059082,0.0,0.0
TECK,2009-12-21,37.40999984741211,37.720001220703125,37.16999816894531,37.209999084472656,3799100,28.120492935180664,0.0,0.0
TECK,2009-12-22,37.36000061035156,37.790000915527344,37.290000915527344,37.599998474121094,3223000,28.41521644592285,0.0,0.0
TECK,2009-12-23,38.06999969482422,38.18000030517578,37.70000076293945,37.970001220703125,2411800,28.6948299407959,0.0,0.0
TECK,2009-12-24,38.09000015258789,38.31999969482422,37.5099983215332,37.81999969482422,1667500,28.581478118896484,0.0,0.0
TECK,2009-12-28,38.189998626708984,38.45000076293945,37.0099983215332,37.150001525878906,2481800,28.07515525817871,0.0,0.0
TECK,2009-12-29,37.470001220703125,37.970001220703125,37.04999923706055,37.11000061035156,2478300,28.044912338256836,0.0,0.0
TECK,2009-12-30,36.7599983215332,36.779998779296875,35.439998626708984,35.77000045776367,5641800,27.03224754333496,0.0,0.0
TECK,2009-12-31,36.22999954223633,36.400001525878906,34.869998931884766,34.970001220703125,6836300,26.42766761779785,0.0,0.0
TECK,2010-01-04,36.36000061035156,37.54999923706055,36.349998474121094,37.439998626708984,4325000,28.29430389404297,0.0,0.0
TECK,2010-01-05,37.7599983215332,38.66999816894531,37.34000015258789,38.4900016784668,5610200,29.087820053100586,0.0,0.0
TECK,2010-01-06,38.849998474121094,39.349998474121094,38.68000030517578,39.189998626708984,4467200,29.616825103759766,0.0,0.0
TECK,2010-01-07,38.959999084472656,39.5,38.66999816894531,39.20000076293945,3226100,29.624374389648438,0.0,0.0
TECK,2010-01-08,39.0,40.540000915527344,38.970001220703125,40.540000915527344,4395500,30.63705062866211,0.0,0.0
TECK,2010-01-11,41.310001373291016,41.45000076293945,40.5,40.86000061035156,4853000,30.87887954711914,0.0,0.0
TECK,2010-01-12,39.9900016784668,40.279998779296875,38.91999816894531,39.66999816894531,4383900,29.979557037353516,0.0,0.0
TECK,2010-01-13,39.65999984741211,40.310001373291016,39.150001525878906,40.040000915527344,4878300,30.25918197631836,0.0,0.0
TECK,2010-01-14,40.04999923706055,40.56999969482422,39.72999954223633,40.52000045776367,2908700,30.621931076049805,0.0,0.0
TECK,2010-01-15,40.119998931884766,40.33000183105469,39.630001068115234,39.75,4135900,30.04001808166504,0.0,0.0
TECK,2010-01-19,39.81999969482422,40.68000030517578,39.779998779296875,40.5099983215332,2416100,30.614370346069336,0.0,0.0
TECK,2010-01-20,39.38999938964844,39.790000915527344,38.75,39.560001373291016,5217200,29.896438598632812,0.0,0.0
TECK,2010-01-21,39.36000061035156,39.58000183105469,37.34000015258789,37.880001068115234,7447500,28.62682342529297,0.0,0.0
TECK,2010-01-22,37.060001373291016,37.540000915527344,35.59000015258789,36.47999954223633,8629700,27.568817138671875,0.0,0.0
TECK,2010-01-25,36.90999984741211,37.540000915527344,36.81999969482422,37.060001373291016,4283800,28.00713348388672,0.0,0.0
TECK,2010-01-26,35.880001068115234,37.25,35.540000915527344,36.439998626708984,5553200,27.538578033447266,0.0,0.0
TECK,2010-01-27,36.40999984741211,36.630001068115234,33.849998474121094,34.720001220703125,9996800,26.23873519897461,0.0,0.0
TECK,2010-01-28,35.5,35.59000015258789,33.52000045776367,34.68000030517578,5376200,26.208511352539062,0.0,0.0
TECK,2010-01-29,34.900001525878906,35.119998931884766,32.58000183105469,32.81999969482422,8814700,24.8028564453125,0.0,0.0
TECK,2010-02-01,32.9900016784668,34.61000061035156,32.880001068115234,34.529998779296875,4753800,26.095144271850586,0.0,0.0
TECK,2010-02-02,35.290000915527344,35.790000915527344,34.36000061035156,35.630001068115234,4652000,26.92644691467285,0.0,0.0
TECK,2010-02-03,35.16999816894531,35.689998626708984,34.15999984741211,34.63999938964844,4298100,26.17827796936035,0.0,0.0
TECK,2010-02-04,33.7599983215332,33.90999984741211,31.600000381469727,31.719999313354492,8133400,23.97156524658203,0.0,0.0
TECK,2010-02-05,31.229999542236328,31.959999084472656,30.079999923706055,31.959999084472656,11688300,24.152938842773438,0.0,0.0
TECK,2010-02-08,32.47999954223633,34.0,31.950000762939453,32.0099983215332,8642100,24.190723419189453,0.0,0.0
TECK,2010-02-09,33.41999816894531,34.189998626708984,32.84000015258789,33.970001220703125,12601300,25.671945571899414,0.0,0.0
TECK,2010-02-10,34.189998626708984,34.59000015258789,32.970001220703125,33.40999984741211,8781900,25.24874496459961,0.0,0.0
TECK,2010-02-11,33.77000045776367,35.93000030517578,33.650001525878906,35.810001373291016,8797100,27.062477111816406,0.0,0.0
TECK,2010-02-12,34.9900016784668,36.04999923706055,34.650001525878906,35.880001068115234,7355800,27.115385055541992,0.0,0.0
TECK,2010-02-16,37.13999938964844,37.88999938964844,36.97999954223633,37.38999938964844,5716100,28.256505966186523,0.0,0.0
TECK,2010-02-17,37.72999954223633,38.09000015258789,36.880001068115234,37.5099983215332,6034600,28.347206115722656,0.0,0.0
TECK,2010-02-18,37.349998474121094,38.18000030517578,37.029998779296875,38.040000915527344,5446600,28.747730255126953,0.0,0.0
TECK,2010-02-19,37.65999984741211,38.630001068115234,37.59000015258789,38.31999969482422,5910100,28.959346771240234,0.0,0.0
TECK,2010-02-22,38.59000015258789,38.88999938964844,38.040000915527344,38.119998931884766,4113500,28.80819320678711,0.0,0.0
TECK,2010-02-23,37.720001220703125,38.099998474121094,36.08000183105469,36.439998626708984,5771100,27.538578033447266,0.0,0.0
TECK,2010-02-24,36.31999969482422,36.939998626708984,36.029998779296875,36.279998779296875,5559900,27.417665481567383,0.0,0.0
TECK,2010-02-25,34.959999084472656,36.959999084472656,34.47999954223633,36.790000915527344,5358300,27.80308723449707,0.0,0.0
TECK,2010-02-26,37.06999969482422,37.38999938964844,36.38999938964844,36.939998626708984,4251600,27.916444778442383,0.0,0.0
TECK,2010-03-01,37.939998626708984,38.33000183105469,37.54999923706055,38.31999969482422,4937200,28.959346771240234,0.0,0.0
TECK,2010-03-02,38.869998931884766,39.369998931884766,38.61000061035156,38.779998779296875,5955700,29.306961059570312,0.0,0.0
TECK,2010-03-03,39.20000076293945,40.279998779296875,39.15999984741211,39.7400016784668,6044700,30.032474517822266,0.0,0.0
TECK,2010-03-04,40.11000061035156,40.279998779296875,38.93000030517578,39.349998474121094,5029500,29.73774528503418,0.0,0.0
TECK,2010-03-05,40.0099983215332,40.91999816894531,39.900001525878906,40.619998931884766,3914400,30.697498321533203,0.0,0.0
TECK,2010-03-08,41.310001373291016,41.900001525878906,40.400001525878906,40.47999954223633,5651200,30.591711044311523,0.0,0.0
TECK,2010-03-09,39.810001373291016,40.43000030517578,39.529998779296875,39.880001068115234,4980200,30.138259887695312,0.0,0.0
TECK,2010-03-10,40.20000076293945,40.790000915527344,40.0,40.540000915527344,5537600,30.63705062866211,0.0,0.0
TECK,2010-03-11,40.16999816894531,40.470001220703125,39.65999984741211,40.18000030517578,3853500,30.36498260498047,0.0,0.0
TECK,2010-03-12,40.75,40.869998931884766,40.43000030517578,40.70000076293945,3590200,30.757965087890625,0.0,0.0
TECK,2010-03-15,40.36000061035156,40.5,39.31999969482422,40.20000076293945,3074100,30.380098342895508,0.0,0.0
TECK,2010-03-16,40.58000183105469,40.959999084472656,40.34000015258789,40.959999084472656,3740100,30.9544677734375,0.0,0.0
TECK,2010-03-17,41.470001220703125,41.70000076293945,41.2599983215332,41.4900016784668,5153300,31.354984283447266,0.0,0.0
TECK,2010-03-18,41.52000045776367,41.7400016784668,40.31999969482422,40.7599983215332,3352500,30.803312301635742,0.0,0.0
TECK,2010-03-19,39.619998931884766,41.099998474121094,39.38999938964844,39.619998931884766,4866000,29.94178009033203,0.0,0.0
TECK,2010-03-22,38.41999816894531,39.93000030517578,37.939998626708984,39.7599983215332,4759500,30.047584533691406,0.0,0.0
TECK,2010-03-23,40.13999938964844,40.93000030517578,39.83000183105469,40.90999984741211,4192100,30.916658401489258,0.0,0.0
TECK,2010-03-24,40.2400016784668,41.2400016784668,40.130001068115234,40.689998626708984,5016700,30.750411987304688,0.0,0.0
TECK,2010-03-25,41.400001525878906,41.56999969482422,40.02000045776367,40.13999938964844,5552200,30.334762573242188,0.0,0.0
TECK,2010-03-26,40.2599983215332,41.0,39.90999984741211,40.29999923706055,4409900,30.455677032470703,0.0,0.0
TECK,2010-03-29,41.0,42.31999969482422,40.95000076293945,42.31999969482422,5189500,31.98222541809082,0.0,0.0
TECK,2010-03-30,42.599998474121094,43.7599983215332,42.59000015258789,43.29999923706055,6011800,32.722862243652344,0.0,0.0
TECK,2010-03-31,43.47999954223633,44.2400016784668,43.279998779296875,43.560001373291016,4350100,32.91932678222656,0.0,0.0
TECK,2010-04-01,44.47999954223633,45.099998474121094,44.43000030517578,44.97999954223633,4508400,33.99245834350586,0.0,0.0
TECK,2010-04-05,45.90999984741211,46.09000015258789,45.18000030517578,46.04999923706055,3414200,34.80108642578125,0.0,0.0
TECK,2010-04-06,45.790000915527344,46.91999816894531,45.709999084472656,46.630001068115234,3667800,35.23941421508789,0.0,0.0
TECK,2010-04-07,46.310001373291016,46.720001220703125,44.970001220703125,45.22999954223633,5628800,34.181400299072266,0.0,0.0
TECK,2010-04-08,44.43000030517578,45.27000045776367,43.81999969482422,45.130001068115234,4565400,34.1058235168457,0.0,0.0
TECK,2010-04-09,45.459999084472656,46.099998474121094,45.369998931884766,45.93000030517578,3052900,34.71039581298828,0.0,0.0
TECK,2010-04-12,45.599998474121094,46.15999984741211,45.0,45.25,2570200,34.196502685546875,0.0,0.0
TECK,2010-04-13,45.06999969482422,45.130001068115234,44.470001220703125,44.849998474121094,2830300,33.89421463012695,0.0,0.0
TECK,2010-04-14,45.470001220703125,45.7599983215332,44.9900016784668,45.220001220703125,2787100,34.17383575439453,0.0,0.0
TECK,2010-04-15,44.95000076293945,45.400001525878906,44.439998626708984,44.470001220703125,2981700,33.6070442199707,0.0,0.0
TECK,2010-04-16,44.25,44.25,42.08000183105469,42.099998474121094,5691700,31.815980911254883,0.0,0.0
TECK,2010-04-19,41.45000076293945,41.93000030517578,40.52000045776367,41.75,6200500,31.551456451416016,0.0,0.0
TECK,2010-04-20,43.349998474121094,43.47999954223633,41.689998626708984,41.72999954223633,7293300,31.53636360168457,0.0,0.0
TECK,2010-04-21,42.9900016784668,42.9900016784668,41.2599983215332,41.7400016784668,7012800,31.543920516967773,0.0,0.0
TECK,2010-04-22,41.150001525878906,43.9900016784668,40.849998474121094,43.970001220703125,7352500,33.22917556762695,0.0,0.0
TECK,2010-04-23,44.08000183105469,44.61000061035156,43.349998474121094,43.79999923706055,3848900,33.1007080078125,0.0,0.0
TECK,2010-04-26,44.06999969482422,44.439998626708984,43.040000915527344,43.04999923706055,3204700,32.53390884399414,0.0,0.0
TECK,2010-04-27,42.209999084472656,42.25,40.15999984741211,40.349998474121094,6534000,30.493459701538086,0.0,0.0
TECK,2010-04-28,40.900001525878906,41.4900016784668,39.880001068115234,41.029998779296875,5903600,31.007349014282227,0.0,0.0
TECK,2010-04-29,41.650001525878906,41.70000076293945,39.61000061035156,40.380001068115234,5754500,30.516130447387695,0.0,0.0
TECK,2010-04-30,40.72999954223633,40.939998626708984,39.15999984741211,39.220001220703125,4039700,29.639493942260742,0.0,0.0
TECK,2010-05-03,39.619998931884766,39.77000045776367,37.529998779296875,38.40999984741211,6055600,29.027362823486328,0.0,0.0
TECK,2010-05-04,37.290000915527344,37.34000015258789,36.15999984741211,36.43000030517578,8342700,27.531023025512695,0.0,0.0
TECK,2010-05-05,34.540000915527344,37.5,33.599998474121094,36.349998474121094,10237200,27.470565795898438,0.0,0.0
TECK,2010-05-06,36.13999938964844,37.220001220703125,32.29999923706055,34.7599983215332,8960000,26.26896095275879,0.0,0.0
TECK,2010-05-07,34.970001220703125,35.779998779296875,33.43000030517578,34.90999984741211,10180400,26.382328033447266,0.0,0.0
TECK,2010-05-10,37.86000061035156,38.599998474121094,37.470001220703125,38.529998779296875,7039400,29.1180362701416,0.0,0.0
TECK,2010-05-11,37.65999984741211,37.9900016784668,35.5099983215332,35.709999084472656,8703600,26.986900329589844,0.0,0.0
TECK,2010-05-12,36.56999969482422,36.79999923706055,35.2400016784668,36.75,10289300,27.772859573364258,0.0,0.0
TECK,2010-05-13,36.959999084472656,38.0,36.290000915527344,36.41999816894531,5476000,27.52345848083496,0.0,0.0
TECK,2010-05-14,35.630001068115234,35.790000915527344,33.86000061035156,34.16999816894531,8932500,25.82308578491211,0.0,0.0
TECK,2010-05-17,33.79999923706055,33.9900016784668,30.440000534057617,32.099998474121094,13072900,24.258737564086914,0.0,0.0
TECK,2010-05-18,33.470001220703125,34.40999984741211,32.16999816894531,32.349998474121094,10022800,24.447669982910156,0.0,0.0
TECK,2010-05-19,31.25,31.969999313354492,29.719999313354492,31.190000534057617,11149100,23.571029663085938,0.0,0.0
TECK,2010-05-20,29.450000762939453,30.729999542236328,29.100000381469727,29.790000915527344,10524400,22.51302146911621,0.0,0.0
TECK,2010-05-21,29.40999984741211,32.150001525878906,29.1200008392334,31.889999389648438,10333800,24.10003089904785,0.0,0.0
TECK,2010-05-24,32.189998626708984,32.54999923706055,30.920000076293945,30.989999771118164,3721500,23.41988754272461,0.0,0.0
TECK,2010-05-25,29.1200008392334,32.150001525878906,28.670000076293945,32.04999923706055,9661100,24.22095489501953,0.0,0.0
TECK,2010-05-26,33.61000061035156,33.83000183105469,32.16999816894531,32.43000030517578,9004900,24.508129119873047,0.0,0.0
TECK,2010-05-27,33.83000183105469,35.09000015258789,33.63999938964844,35.0,7150900,26.450342178344727,0.0,0.0
TECK,2010-05-28,35.2400016784668,35.41999816894531,33.5,34.02000045776367,4830200,25.709732055664062,0.0,0.0
TECK,2010-06-01,33.65999984741211,34.65999984741211,32.13999938964844,32.15999984741211,5462700,24.3040828704834,0.0,0.0
TECK,2010-06-02,32.630001068115234,34.75,32.369998931884766,34.75,5011300,26.261402130126953,0.0,0.0
TECK,2010-06-03,34.689998626708984,35.099998474121094,32.84000015258789,33.779998779296875,4998200,25.528364181518555,0.0,0.0
TECK,2010-06-04,32.130001068115234,33.2599983215332,30.700000762939453,30.90999984741211,8073500,23.359426498413086,0.0,0.0
TECK,2010-06-07,30.8700008392334,31.31999969482422,29.34000015258789,29.360000610351562,6927200,22.18805503845215,0.0,0.0
TECK,2010-06-08,30.100000381469727,31.280000686645508,29.56999969482422,31.270000457763672,8135800,23.631488800048828,0.0,0.0
TECK,2010-06-09,32.11000061035156,32.47999954223633,30.8799991607666,31.079999923706055,6242800,23.48790168762207,0.0,0.0
TECK,2010-06-10,32.15999984741211,33.349998474121094,32.130001068115234,33.11000061035156,6973500,25.02202033996582,0.0,0.0
TECK,2010-06-11,32.79999923706055,34.0,32.54999923706055,33.810001373291016,4897500,25.5510311126709,0.0,0.0
TECK,2010-06-14,34.709999084472656,35.52000045776367,33.849998474121094,33.93000030517578,5562500,25.789695739746094,0.194,0.0
TECK,2010-06-15,34.68000030517578,35.61000061035156,34.189998626708984,35.61000061035156,4963600,27.0666446685791,0.0,0.0
TECK,2010-06-16,34.9900016784668,35.72999954223633,34.84000015258789,35.189998626708984,4177600,26.747394561767578,0.0,0.0
TECK,2010-06-17,35.45000076293945,35.59000015258789,34.130001068115234,34.529998779296875,4391100,26.24574089050293,0.0,0.0
TECK,2010-06-18,34.18000030517578,35.02000045776367,34.18000030517578,34.77000045776367,2475100,26.428159713745117,0.0,0.0
TECK,2010-06-21,36.2599983215332,37.130001068115234,35.5099983215332,35.810001373291016,5202000,27.218658447265625,0.0,0.0
TECK,2010-06-22,35.7599983215332,36.45000076293945,34.40999984741211,34.619998931884766,4790200,26.31414794921875,0.0,0.0
TECK,2010-06-23,34.0099983215332,34.7599983215332,33.33000183105469,34.40999984741211,5694300,26.1545352935791,0.0,0.0
TECK,2010-06-24,34.119998931884766,34.279998779296875,32.95000076293945,33.099998474121094,5231700,25.158823013305664,0.0,0.0
TECK,2010-06-25,33.310001373291016,34.189998626708984,32.61000061035156,33.91999816894531,5238900,25.782094955444336,0.0,0.0
TECK,2010-06-28,33.619998931884766,33.83000183105469,32.45000076293945,32.529998779296875,5688600,24.725576400756836,0.0,0.0
TECK,2010-06-29,30.149999618530273,30.600000381469727,29.0,30.059999465942383,8633700,22.84816551208496,0.0,0.0
TECK,2010-06-30,30.06999969482422,30.559999465942383,29.399999618530273,29.579999923706055,5585300,22.483322143554688,0.0,0.0
TECK,2010-07-01,29.420000076293945,30.200000762939453,28.3700008392334,30.030000686645508,5157000,22.825363159179688,0.0,0.0
TECK,2010-07-02,30.079999923706055,30.850000381469727,29.200000762939453,29.549999237060547,4400000,22.460521697998047,0.0,0.0
TECK,2010-07-06,30.1200008392334,30.959999084472656,29.56999969482422,30.059999465942383,6709900,22.84816551208496,0.0,0.0
TECK,2010-07-07,30.40999984741211,32.13999938964844,30.1200008392334,32.13999938964844,6558900,24.429141998291016,0.0,0.0
TECK,2010-07-08,33.099998474121094,33.33000183105469,32.06999969482422,33.060001373291016,6291600,25.1284236907959,0.0,0.0
TECK,2010-07-09,33.29999923706055,34.619998931884766,33.189998626708984,34.36000061035156,5893200,26.116525650024414,0.0,0.0
TECK,2010-07-12,34.25,34.58000183105469,33.0,33.18000030517578,4125100,25.219627380371094,0.0,0.0
TECK,2010-07-13,34.349998474121094,34.439998626708984,33.41999816894531,33.720001220703125,4787100,25.630084991455078,0.0,0.0
TECK,2010-07-14,33.630001068115234,34.130001068115234,33.18000030517578,33.439998626708984,3907100,25.417245864868164,0.0,0.0
TECK,2010-07-15,33.34000015258789,33.34000015258789,32.31999969482422,32.91999816894531,4061900,25.02200698852539,0.0,0.0
TECK,2010-07-16,32.47999954223633,32.58000183105469,31.31999969482422,31.639999389648438,6101800,24.049102783203125,0.0,0.0
TECK,2010-07-19,31.68000030517578,32.13999938964844,30.940000534057617,31.31999969482422,3464200,23.80586814880371,0.0,0.0
TECK,2010-07-20,30.950000762939453,32.97999954223633,30.950000762939453,32.779998779296875,6863600,24.91559600830078,0.0,0.0
TECK,2010-07-21,34.0,34.79999923706055,32.91999816894531,33.5099983215332,6911100,25.470455169677734,0.0,0.0
TECK,2010-07-22,34.439998626708984,35.22999954223633,34.33000183105469,35.06999969482422,6207400,26.656192779541016,0.0,0.0
TECK,2010-07-23,34.9900016784668,35.91999816894531,34.72999954223633,35.65999984741211,6591100,27.104642868041992,0.0,0.0
TECK,2010-07-26,36.04999923706055,36.130001068115234,35.349998474121094,35.79999923706055,3577100,27.2110595703125,0.0,0.0
TECK,2010-07-27,36.459999084472656,36.459999084472656,34.2599983215332,34.68000030517578,4614300,26.35976791381836,0.0,0.0
TECK,2010-07-28,33.689998626708984,34.599998474121094,33.31999969482422,34.099998474121094,6103500,25.918907165527344,0.0,0.0
TECK,2010-07-29,34.709999084472656,35.33000183105469,33.880001068115234,34.75,5362100,26.4129638671875,0.0,0.0
TECK,2010-07-30,34.08000183105469,35.27000045776367,34.08000183105469,35.25,4692400,26.793006896972656,0.0,0.0
TECK,2010-08-02,35.720001220703125,37.33000183105469,35.5,36.91999816894531,4854200,28.06235122680664,0.0,0.0
TECK,2010-08-03,36.31999969482422,36.630001068115234,35.959999084472656,36.43000030517578,3861100,27.689905166625977,0.0,0.0
TECK,2010-08-04,36.779998779296875,36.790000915527344,35.900001525878906,36.56999969482422,3156200,27.79631805419922,0.0,0.0
TECK,2010-08-05,36.099998474121094,36.40999984741211,35.209999084472656,35.29999923706055,3521600,26.831008911132812,0.0,0.0
TECK,2010-08-06,34.650001525878906,35.4900016784668,34.31999969482422,34.630001068115234,4323600,26.321754455566406,0.0,0.0
TECK,2010-08-09,35.060001373291016,35.529998779296875,34.849998474121094,35.33000183105469,2453900,26.85382080078125,0.0,0.0
TECK,2010-08-10,34.41999816894531,35.369998931884766,34.20000076293945,34.93000030517578,4247200,26.549781799316406,0.0,0.0
TECK,2010-08-11,33.869998931884766,34.189998626708984,32.900001525878906,33.040000915527344,4447300,25.11322593688965,0.0,0.0
TECK,2010-08-12,32.5,33.150001525878906,32.36000061035156,32.599998474121094,3933100,24.778776168823242,0.0,0.0
TECK,2010-08-13,32.65999984741211,32.93000030517578,31.850000381469727,32.15999984741211,2772500,24.444339752197266,0.0,0.0
TECK,2010-08-16,32.029998779296875,32.779998779296875,31.600000381469727,32.36000061035156,3529600,24.59636116027832,0.0,0.0
TECK,2010-08-17,33.310001373291016,34.88999938964844,33.25,34.790000915527344,6719800,26.443370819091797,0.0,0.0
TECK,2010-08-18,34.7599983215332,35.22999954223633,34.18000030517578,35.0,3212900,26.602985382080078,0.0,0.0
TECK,2010-08-19,34.66999816894531,35.279998779296875,33.06999969482422,33.380001068115234,4856900,25.371644973754883,0.0,0.0
TECK,2010-08-20,32.779998779296875,32.900001525878906,32.400001525878906,32.75,3308200,24.892793655395508,0.0,0.0
TECK,2010-08-23,32.97999954223633,33.2400016784668,32.22999954223633,32.27000045776367,2238600,24.527956008911133,0.0,0.0
TECK,2010-08-24,31.25,31.770000457763672,30.780000686645508,31.020000457763672,4173700,23.577848434448242,0.0,0.0
TECK,2010-08-25,30.59000015258789,31.81999969482422,30.299999237060547,31.75,3897400,24.132705688476562,0.0,0.0
TECK,2010-08-26,32.209999084472656,32.9900016784668,31.68000030517578,31.700000762939453,3195600,24.09470558166504,0.0,0.0
TECK,2010-08-27,32.099998474121094,33.4900016784668,31.549999237060547,33.43000030517578,3998000,25.409650802612305,0.0,0.0
TECK,2010-08-30,33.439998626708984,34.189998626708984,33.099998474121094,33.13999938964844,2841400,25.18922233581543,0.0,0.0
TECK,2010-08-31,33.060001373291016,33.81999969482422,32.56999969482422,33.380001068115234,4703200,25.371644973754883,0.0,0.0
TECK,2010-09-01,34.47999954223633,35.81999969482422,34.380001068115234,35.779998779296875,6251400,27.195850372314453,0.0,0.0
TECK,2010-09-02,35.9900016784668,36.849998474121094,35.5,36.849998474121094,4530000,28.009140014648438,0.0,0.0
TECK,2010-09-03,37.52000045776367,38.349998474121094,37.040000915527344,38.20000076293945,6667100,29.035266876220703,0.0,0.0
TECK,2010-09-07,37.439998626708984,37.65999984741211,36.540000915527344,37.02000045776367,3077100,28.138349533081055,0.0,0.0
TECK,2010-09-08,37.16999816894531,38.61000061035156,37.16999816894531,37.81999969482422,5815300,28.746427536010742,0.0,0.0
TECK,2010-09-09,38.630001068115234,38.7599983215332,36.97999954223633,37.43000030517578,3123400,28.449979782104492,0.0,0.0
TECK,2010-09-10,37.5,38.119998931884766,37.279998779296875,37.900001525878906,2134000,28.80723762512207,0.0,0.0
TECK,2010-09-13,38.79999923706055,39.83000183105469,38.790000915527344,39.560001373291016,3650800,30.06897735595703,0.0,0.0
TECK,2010-09-14,39.29999923706055,39.97999954223633,38.790000915527344,39.529998779296875,3335800,30.046180725097656,0.0,0.0
TECK,2010-09-15,38.9900016784668,39.47999954223633,38.34000015258789,38.709999084472656,2933600,29.42290496826172,0.0,0.0
TECK,2010-09-16,38.619998931884766,39.119998931884766,38.290000915527344,38.45000076293945,2375500,29.225282669067383,0.0,0.0
TECK,2010-09-17,38.599998474121094,38.689998626708984,37.779998779296875,38.119998931884766,3636800,28.974449157714844,0.0,0.0
TECK,2010-09-20,37.970001220703125,38.86000061035156,37.36000061035156,38.0,5275100,28.883241653442383,0.0,0.0
TECK,2010-09-21,37.84000015258789,38.16999816894531,37.09000015258789,38.11000061035156,4496800,28.966846466064453,0.0,0.0
TECK,2010-09-22,38.529998779296875,39.150001525878906,38.290000915527344,38.790000915527344,4446700,29.48369789123535,0.0,0.0
TECK,2010-09-23,37.900001525878906,38.43000030517578,37.47999954223633,37.84000015258789,3457000,28.76162338256836,0.0,0.0
TECK,2010-09-24,39.040000915527344,39.56999969482422,38.79999923706055,39.34000015258789,4094900,29.90175437927246,0.0,0.0
TECK,2010-09-27,39.45000076293945,40.560001373291016,39.310001373291016,40.04999923706055,4006300,30.44141387939453,0.0,0.0
TECK,2010-09-28,39.810001373291016,40.33000183105469,39.150001525878906,40.060001373291016,3533100,30.449007034301758,0.0,0.0
TECK,2010-09-29,40.18000030517578,41.310001373291016,39.970001220703125,40.560001373291016,4295300,30.82906723022461,0.0,0.0
TECK,2010-09-30,41.349998474121094,41.7599983215332,40.470001220703125,41.15999984741211,5139300,31.28511619567871,0.0,0.0
TECK,2010-10-01,42.0,42.54999923706055,41.290000915527344,42.470001220703125,4951100,32.280818939208984,0.0,0.0
TECK,2010-10-04,42.22999954223633,42.34000015258789,41.16999816894531,41.34000015258789,4276200,31.421934127807617,0.0,0.0
TECK,2010-10-05,42.11000061035156,43.63999938964844,41.849998474121094,43.310001373291016,5978300,32.91930389404297,0.0,0.0
TECK,2010-10-06,43.209999084472656,44.310001373291016,43.209999084472656,43.90999984741211,5465300,33.37534713745117,0.0,0.0
TECK,2010-10-07,44.16999816894531,44.16999816894531,42.43000030517578,43.08000183105469,3798100,32.74448013305664,0.0,0.0
TECK,2010-10-08,43.0099983215332,44.630001068115234,42.95000076293945,44.5,4978000,33.823795318603516,0.0,0.0
TECK,2010-10-11,44.65999984741211,45.0,43.70000076293945,44.0099983215332,2022400,33.451351165771484,0.0,0.0
TECK,2010-10-12,43.810001373291016,44.47999954223633,43.0099983215332,44.22999954223633,4518500,33.618568420410156,0.0,0.0
TECK,2010-10-13,45.130001068115234,46.04999923706055,45.099998474121094,45.720001220703125,5140800,34.751094818115234,0.0,0.0
TECK,2010-10-14,46.06999969482422,46.380001068115234,45.619998931884766,46.25,5948100,35.15393829345703,0.0,0.0
TECK,2010-10-15,46.099998474121094,46.290000915527344,45.25,45.43000030517578,4358600,34.53067398071289,0.0,0.0
TECK,2010-10-18,44.90999984741211,45.18000030517578,44.09000015258789,44.310001373291016,4808800,33.67938995361328,0.0,0.0
TECK,2010-10-19,42.70000076293945,43.470001220703125,41.880001068115234,42.529998779296875,5579000,32.3264274597168,0.0,0.0
TECK,2010-10-20,42.75,44.7599983215332,42.63999938964844,44.400001525878906,4877200,33.74778747558594,0.0,0.0
TECK,2010-10-21,44.86000061035156,45.36000061035156,43.75,44.400001525878906,6203300,33.74778747558594,0.0,0.0
TECK,2010-10-22,44.7400016784668,44.88999938964844,44.13999938964844,44.29999923706055,3874100,33.67178726196289,0.0,0.0
TECK,2010-10-25,45.2599983215332,45.790000915527344,44.93000030517578,45.290000915527344,4434200,34.42427444458008,0.0,0.0
TECK,2010-10-26,44.689998626708984,45.5099983215332,44.5099983215332,44.84000015258789,5099300,34.08222198486328,0.0,0.0
TECK,2010-10-27,43.459999084472656,44.11000061035156,42.84000015258789,44.04999923706055,5142800,33.48175811767578,0.0,0.0
TECK,2010-10-28,44.77000045776367,44.95000076293945,43.939998626708984,44.40999984741211,2792200,33.755393981933594,0.0,0.0
TECK,2010-10-29,44.27000045776367,45.09000015258789,44.2400016784668,44.7400016784668,2317500,34.0062141418457,0.0,0.0
TECK,2010-11-01,45.369998931884766,45.68000030517578,44.529998779296875,44.849998474121094,2278700,34.089820861816406,0.0,0.0
TECK,2010-11-02,45.619998931884766,45.619998931884766,45.04999923706055,45.33000183105469,1696300,34.454673767089844,0.0,0.0
TECK,2010-11-03,45.400001525878906,45.81999969482422,44.560001373291016,45.650001525878906,3499400,34.697879791259766,0.0,0.0
TECK,2010-11-04,46.849998474121094,47.86000061035156,46.65999984741211,47.7400016784668,4197100,36.286468505859375,0.0,0.0
TECK,2010-11-05,48.279998779296875,49.81999969482422,48.0,49.720001220703125,4673900,37.79144287109375,0.0,0.0
TECK,2010-11-08,48.88999938964844,50.38999938964844,48.88999938964844,50.150001525878906,2643200,38.118289947509766,0.0,0.0
TECK,2010-11-09,51.119998931884766,51.36000061035156,47.65999984741211,48.08000183105469,4245500,36.54490280151367,0.0,0.0
TECK,2010-11-10,48.400001525878906,48.83000183105469,47.20000076293945,48.349998474121094,4710300,36.750125885009766,0.0,0.0
TECK,2010-11-11,48.16999816894531,50.22999954223633,47.959999084472656,50.189998626708984,4148700,38.148677825927734,0.0,0.0
TECK,2010-11-12,49.2400016784668,49.650001525878906,48.43000030517578,49.119998931884766,4880500,37.33538818359375,0.0,0.0
TECK,2010-11-15,49.380001068115234,49.689998626708984,48.619998931884766,48.97999954223633,3142500,37.228973388671875,0.0,0.0
TECK,2010-11-16,47.68000030517578,47.81999969482422,46.45000076293945,47.06999969482422,6077700,35.7772216796875,0.0,0.0
TECK,2010-11-17,46.68000030517578,48.369998931884766,46.61000061035156,47.52000045776367,3618900,36.1192512512207,0.0,0.0
TECK,2010-11-18,48.77000045776367,49.689998626708984,48.75,49.189998626708984,3673800,37.38859558105469,0.0,0.0
TECK,2010-11-19,48.83000183105469,50.08000183105469,48.56999969482422,50.02000045776367,3811500,38.01947784423828,0.0,0.0
TECK,2010-11-22,49.779998779296875,50.58000183105469,49.29999923706055,50.04999923706055,2845300,38.042259216308594,0.0,0.0
TECK,2010-11-23,48.86000061035156,49.06999969482422,47.56999969482422,47.77000045776367,4590400,36.309268951416016,0.0,0.0
TECK,2010-11-24,48.93000030517578,49.40999984741211,48.540000915527344,49.27000045776367,2429400,37.44940185546875,0.0,0.0
TECK,2010-11-26,47.869998931884766,48.459999084472656,47.7599983215332,47.95000076293945,1773400,36.446083068847656,0.0,0.0
TECK,2010-11-29,48.060001373291016,48.63999938964844,46.880001068115234,48.45000076293945,3910500,36.82613754272461,0.0,0.0
TECK,2010-11-30,47.56999969482422,49.56999969482422,47.40999984741211,49.5,5205700,37.62422561645508,0.0,0.0
TECK,2010-12-01,50.650001525878906,51.77000045776367,50.58000183105469,51.5,5035600,39.14439392089844,0.0,0.0
TECK,2010-12-02,52.040000915527344,54.119998931884766,52.029998779296875,53.790000915527344,4774200,40.88499069213867,0.0,0.0
TECK,2010-12-03,53.470001220703125,54.880001068115234,53.470001220703125,54.72999954223633,3558400,41.599464416503906,0.0,0.0
TECK,2010-12-06,54.7400016784668,56.369998931884766,54.689998626708984,56.209999084472656,4106400,42.72439193725586,0.0,0.0
TECK,2010-12-07,57.779998779296875,58.119998931884766,55.47999954223633,55.5099983215332,6183700,42.192344665527344,0.0,0.0
TECK,2010-12-08,55.470001220703125,56.5,54.560001373291016,55.0,3495700,41.804683685302734,0.0,0.0
TECK,2010-12-09,55.630001068115234,56.0,54.77000045776367,55.11000061035156,3177000,41.888309478759766,0.0,0.0
TECK,2010-12-10,55.349998474121094,57.380001068115234,55.209999084472656,57.31999969482422,2998900,43.568084716796875,0.0,0.0
TECK,2010-12-13,58.380001068115234,58.4900016784668,57.209999084472656,57.27000045776367,3334700,43.75680923461914,0.297,0.0
TECK,2010-12-14,57.0099983215332,57.650001525878906,56.52000045776367,57.470001220703125,3068300,43.90961456298828,0.0,0.0
TECK,2010-12-15,56.869998931884766,57.5,56.08000183105469,56.369998931884766,3267100,43.06917190551758,0.0,0.0
TECK,2010-12-16,56.04999923706055,56.13999938964844,54.75,55.779998779296875,3625400,42.618377685546875,0.0,0.0
TECK,2010-12-17,56.09000015258789,57.90999984741211,55.22999954223633,57.65999984741211,3591500,44.054779052734375,0.0,0.0
TECK,2010-12-20,57.86000061035156,58.38999938964844,56.4900016784668,56.54999923706055,2007700,43.20669174194336,0.0,0.0
TECK,2010-12-21,57.459999084472656,57.81999969482422,56.90999984741211,57.61000061035156,1943100,44.01657485961914,0.0,0.0
TECK,2010-12-22,57.939998626708984,58.0,57.0,57.439998626708984,1649100,43.886688232421875,0.0,0.0
TECK,2010-12-23,57.2599983215332,58.06999969482422,56.849998474121094,57.9900016784668,1972400,44.30691909790039,0.0,0.0
TECK,2010-12-27,57.77000045776367,58.209999084472656,57.11000061035156,58.16999816894531,1171400,44.444454193115234,0.0,0.0
TECK,2010-12-28,58.31999969482422,59.619998931884766,57.959999084472656,59.54999923706055,1724400,45.49883270263672,0.0,0.0
TECK,2010-12-29,59.20000076293945,60.0099983215332,58.95000076293945,59.86000061035156,2401000,45.73567581176758,0.0,0.0
TECK,2010-12-30,60.29999923706055,61.150001525878906,60.16999816894531,60.900001525878906,2158200,46.5302848815918,0.0,0.0
TECK,2010-12-31,61.220001220703125,62.29999923706055,60.599998474121094,61.83000183105469,2113000,47.24085235595703,0.0,0.0
TECK,2011-01-03,63.209999084472656,64.94000244140625,63.0099983215332,63.29999923706055,2886600,48.36399841308594,0.0,0.0
TECK,2011-01-04,63.9900016784668,64.8499984741211,62.029998779296875,62.91999816894531,4131200,48.07365036010742,0.0,0.0
TECK,2011-01-05,62.959999084472656,63.27000045776367,61.5099983215332,63.060001373291016,3255800,48.180625915527344,0.0,0.0
TECK,2011-01-06,63.310001373291016,63.41999816894531,62.130001068115234,62.380001068115234,3215700,47.66107940673828,0.0,0.0
TECK,2011-01-07,62.47999954223633,63.15999984741211,61.43000030517578,62.41999816894531,2707500,47.6916389465332,0.0,0.0
TECK,2011-01-10,61.720001220703125,61.939998626708984,59.779998779296875,60.970001220703125,4264900,46.583770751953125,0.0,0.0
TECK,2011-01-11,62.029998779296875,64.2699966430664,61.70000076293945,63.75,4623500,48.70780944824219,0.0,0.0
TECK,2011-01-12,64.81999969482422,65.37000274658203,63.650001525878906,65.0999984741211,3648500,49.739280700683594,0.0,0.0
TECK,2011-01-13,65.11000061035156,65.27999877929688,63.150001525878906,63.63999938964844,2755100,48.623775482177734,0.0,0.0
TECK,2011-01-14,63.38999938964844,63.439998626708984,62.18000030517578,62.900001525878906,3996300,48.05838394165039,0.0,0.0
TECK,2011-01-18,63.220001220703125,64.58999633789062,63.099998474121094,64.30000305175781,2714700,49.1280403137207,0.0,0.0
TECK,2011-01-19,63.88999938964844,64.0999984741211,62.040000915527344,62.61000061035156,3330800,47.83680725097656,0.0,0.0
TECK,2011-01-20,60.970001220703125,60.97999954223633,59.130001068115234,60.4900016784668,5906900,46.2170295715332,0.0,0.0
TECK,2011-01-21,60.97999954223633,61.7400016784668,58.63999938964844,59.11000061035156,5360000,45.16264724731445,0.0,0.0
TECK,2011-01-24,59.119998931884766,60.369998931884766,58.40999984741211,60.04999923706055,3309200,45.88084411621094,0.0,0.0
TECK,2011-01-25,59.36000061035156,59.56999969482422,58.349998474121094,59.29999923706055,4155200,45.30781555175781,0.0,0.0
TECK,2011-01-26,59.849998474121094,61.279998779296875,59.040000915527344,61.25,4486100,46.797706604003906,0.0,0.0
TECK,2011-01-27,61.54999923706055,61.66999816894531,59.400001525878906,59.47999954223633,4412000,45.445335388183594,0.0,0.0
TECK,2011-01-28,59.189998626708984,59.83000183105469,57.7599983215332,57.900001525878906,3960100,44.23815155029297,0.0,0.0
TECK,2011-01-31,58.27000045776367,60.84000015258789,58.25,60.599998474121094,4853800,46.30108642578125,0.0,0.0
TECK,2011-02-01,61.5,63.689998626708984,61.5,62.90999984741211,4747500,48.06601333618164,0.0,0.0
TECK,2011-02-02,63.2599983215332,64.62000274658203,62.619998931884766,64.41000366210938,3707200,49.21208190917969,0.0,0.0
TECK,2011-02-03,64.56999969482422,64.83000183105469,62.810001373291016,63.43000030517578,4077400,48.46331787109375,0.0,0.0
TECK,2011-02-04,63.97999954223633,64.02999877929688,61.650001525878906,62.5099983215332,3262300,47.76040267944336,0.0,0.0
TECK,2011-02-07,63.619998931884766,64.2300033569336,62.77000045776367,62.79999923706055,2778400,47.98197937011719,0.0,0.0
TECK,2011-02-08,62.33000183105469,63.56999969482422,61.849998474121094,63.560001373291016,2882100,48.562652587890625,0.0,0.0
TECK,2011-02-09,62.119998931884766,62.2400016784668,57.25,58.279998779296875,14582200,44.52849578857422,0.0,0.0
TECK,2011-02-10,57.72999954223633,59.25,57.5,58.68000030517578,5010500,44.83411407470703,0.0,0.0
TECK,2011-02-11,58.869998931884766,59.029998779296875,58.02000045776367,58.810001373291016,3694500,44.933448791503906,0.0,0.0
TECK,2011-02-14,59.470001220703125,59.619998931884766,58.84000015258789,59.459999084472656,3418800,45.430057525634766,0.0,0.0
TECK,2011-02-15,59.4900016784668,59.63999938964844,58.150001525878906,58.58000183105469,2989000,44.7577018737793,0.0,0.0
TECK,2011-02-16,58.779998779296875,59.16999816894531,58.29999923706055,58.369998931884766,2715900,44.597259521484375,0.0,0.0
TECK,2011-02-17,58.400001525878906,58.400001525878906,56.0,56.689998626708984,4957000,43.31365966796875,0.0,0.0
TECK,2011-02-18,56.66999816894531,56.66999816894531,54.459999084472656,55.08000183105469,4627500,42.08355712890625,0.0,0.0
TECK,2011-02-22,53.95000076293945,55.349998474121094,52.13999938964844,52.5099983215332,6434900,40.11994552612305,0.0,0.0
TECK,2011-02-23,51.959999084472656,53.599998474121094,51.849998474121094,52.7400016784668,4965200,40.29569625854492,0.0,0.0
TECK,2011-02-24,53.43000030517578,54.439998626708984,52.31999969482422,53.47999954223633,5497300,40.861083984375,0.0,0.0
TECK,2011-02-25,54.33000183105469,55.41999816894531,53.83000183105469,55.31999969482422,3239800,42.26691818237305,0.0,0.0
TECK,2011-02-28,56.20000076293945,56.66999816894531,54.619998931884766,55.41999816894531,3212700,42.343326568603516,0.0,0.0
TECK,2011-03-01,55.84000015258789,55.849998474121094,54.02000045776367,54.220001220703125,4405200,41.42646789550781,0.0,0.0
TECK,2011-03-02,54.2599983215332,54.86000061035156,53.77000045776367,54.33000183105469,3021000,41.51052474975586,0.0,0.0
TECK,2011-03-03,55.29999923706055,55.54999923706055,54.43000030517578,55.47999954223633,3013700,42.3891716003418,0.0,0.0
TECK,2011-03-04,56.29999923706055,57.119998931884766,55.38999938964844,55.630001068115234,4175700,42.5037841796875,0.0,0.0
TECK,2011-03-07,56.15999984741211,56.630001068115234,53.540000915527344,54.029998779296875,4045400,41.28130340576172,0.0,0.0
TECK,2011-03-08,54.40999984741211,54.470001220703125,52.630001068115234,54.2400016784668,3112700,41.44176483154297,0.0,0.0
TECK,2011-03-09,54.099998474121094,54.36000061035156,52.189998626708984,52.56999969482422,3597800,40.16579818725586,0.0,0.0
TECK,2011-03-10,50.84000015258789,51.31999969482422,50.400001525878906,50.900001525878906,4596900,38.889854431152344,0.0,0.0
TECK,2011-03-11,49.91999816894531,52.849998474121094,49.84000015258789,52.45000076293945,3528800,40.07411193847656,0.0,0.0
TECK,2011-03-14,51.540000915527344,51.65999984741211,49.7599983215332,50.93000030517578,4096600,38.912776947021484,0.0,0.0
TECK,2011-03-15,48.16999816894531,52.779998779296875,47.959999084472656,52.56999969482422,6756200,40.16579818725586,0.0,0.0
TECK,2011-03-16,53.0099983215332,54.40999984741211,50.95000076293945,51.540000915527344,6475300,39.37883758544922,0.0,0.0
TECK,2011-03-17,53.709999084472656,54.56999969482422,52.650001525878906,54.43000030517578,3765300,41.58692169189453,0.0,0.0
TECK,2011-03-18,55.400001525878906,55.91999816894531,53.720001220703125,54.220001220703125,4018100,41.42646789550781,0.0,0.0
TECK,2011-03-21,54.83000183105469,55.2400016784668,53.06999969482422,53.970001220703125,5332300,41.235469818115234,0.0,0.0
TECK,2011-03-22,54.2599983215332,54.27000045776367,52.81999969482422,53.189998626708984,3217300,40.639503479003906,0.0,0.0
TECK,2011-03-23,52.4900016784668,53.119998931884766,51.40999984741211,52.880001068115234,5998400,40.402652740478516,0.0,0.0
TECK,2011-03-24,53.220001220703125,54.849998474121094,52.36000061035156,54.720001220703125,4199000,41.80850601196289,0.0,0.0
TECK,2011-03-25,54.83000183105469,55.119998931884766,53.65999984741211,53.70000076293945,2418800,41.029170989990234,0.0,0.0
TECK,2011-03-28,53.689998626708984,53.709999084472656,52.7400016784668,52.7400016784668,2232200,40.29569625854492,0.0,0.0
TECK,2011-03-29,53.0,53.459999084472656,52.27000045776367,53.279998779296875,1949900,40.708255767822266,0.0,0.0
TECK,2011-03-30,53.7400016784668,54.43000030517578,53.2400016784668,54.25,2179100,41.44940185546875,0.0,0.0
TECK,2011-03-31,54.06999969482422,54.20000076293945,52.70000076293945,53.02000045776367,2787700,40.509613037109375,0.0,0.0
TECK,2011-04-01,53.59000015258789,53.70000076293945,52.650001525878906,53.15999984741211,2179900,40.616580963134766,0.0,0.0
TECK,2011-04-04,53.900001525878906,57.2400016784668,53.86000061035156,56.84000015258789,6392900,43.428260803222656,0.0,0.0
TECK,2011-04-05,56.61000061035156,58.900001525878906,56.310001373291016,58.439998626708984,4239000,44.65074157714844,0.0,0.0
TECK,2011-04-06,59.220001220703125,59.75,57.650001525878906,58.45000076293945,4534500,44.658382415771484,0.0,0.0
TECK,2011-04-07,58.099998474121094,59.119998931884766,57.439998626708984,57.4900016784668,2799600,43.924903869628906,0.0,0.0
TECK,2011-04-08,58.70000076293945,59.099998474121094,56.93000030517578,57.349998474121094,4517100,43.817935943603516,0.0,0.0
TECK,2011-04-11,57.310001373291016,58.27000045776367,55.959999084472656,56.34000015258789,3396300,43.0462532043457,0.0,0.0
TECK,2011-04-12,55.31999969482422,55.459999084472656,53.2400016784668,53.91999816894531,4041700,41.19725799560547,0.0,0.0
TECK,2011-04-13,54.66999816894531,54.79999923706055,52.33000183105469,52.88999938964844,3715700,40.41029739379883,0.0,0.0
TECK,2011-04-14,52.150001525878906,52.7599983215332,52.029998779296875,52.29999923706055,3775100,39.95950698852539,0.0,0.0
TECK,2011-04-15,52.150001525878906,52.380001068115234,51.83000183105469,51.939998626708984,2454800,39.68446350097656,0.0,0.0
TECK,2011-04-18,51.0,51.11000061035156,49.43000030517578,50.68000030517578,3778300,38.721763610839844,0.0,0.0
TECK,2011-04-19,52.599998474121094,54.369998931884766,52.290000915527344,54.029998779296875,5541500,41.28130340576172,0.0,0.0
TECK,2011-04-20,55.5099983215332,55.869998931884766,54.70000076293945,55.20000076293945,3212900,42.17523956298828,0.0,0.0
TECK,2011-04-21,55.84000015258789,57.029998779296875,55.779998779296875,56.43000030517578,2921400,43.115013122558594,0.0,0.0
TECK,2011-04-25,56.91999816894531,57.0,55.4900016784668,55.65999984741211,2327100,42.52669906616211,0.0,0.0
TECK,2011-04-26,55.689998626708984,56.459999084472656,55.119998931884766,55.83000183105469,2007600,42.65658187866211,0.0,0.0
TECK,2011-04-27,55.70000076293945,55.75,53.599998474121094,55.150001525878906,3413000,42.13702392578125,0.0,0.0
TECK,2011-04-28,54.66999816894531,55.099998474121094,53.66999816894531,53.7599983215332,3019400,41.07501220703125,0.0,0.0
TECK,2011-04-29,53.400001525878906,54.459999084472656,53.150001525878906,54.25,2400000,41.44940185546875,0.0,0.0
TECK,2011-05-02,54.68000030517578,56.0,54.06999969482422,54.5,2616100,41.64039993286133,0.0,0.0
TECK,2011-05-03,54.040000915527344,54.400001525878906,52.470001220703125,53.029998779296875,3479800,40.51725769042969,0.0,0.0
TECK,2011-05-04,53.0099983215332,53.0099983215332,50.91999816894531,51.810001373291016,4677700,39.585121154785156,0.0,0.0
TECK,2011-05-05,50.72999954223633,51.689998626708984,49.029998779296875,49.40999984741211,5900900,37.75142288208008,0.0,0.0
TECK,2011-05-06,50.4900016784668,51.06999969482422,49.5099983215332,50.25,4368700,38.39321517944336,0.0,0.0
TECK,2011-05-09,51.09000015258789,51.18000030517578,49.75,50.75,2561100,38.77524185180664,0.0,0.0
TECK,2011-05-10,50.959999084472656,51.08000183105469,49.90999984741211,50.290000915527344,2712600,38.42377853393555,0.0,0.0
TECK,2011-05-11,49.650001525878906,49.650001525878906,47.16999816894531,47.400001525878906,6225500,36.2156982421875,0.0,0.0
TECK,2011-05-12,46.75,48.290000915527344,45.81999969482422,47.5,5700000,36.292091369628906,0.0,0.0
TECK,2011-05-13,47.90999984741211,48.5099983215332,46.18000030517578,46.36000061035156,4805600,35.42108154296875,0.0,0.0
TECK,2011-05-16,45.849998474121094,47.619998931884766,45.2400016784668,46.470001220703125,4746300,35.50513458251953,0.0,0.0
TECK,2011-05-17,46.22999954223633,48.20000076293945,45.84000015258789,48.119998931884766,4565100,36.765811920166016,0.0,0.0
TECK,2011-05-18,48.5,50.400001525878906,48.36000061035156,50.20000076293945,5824900,38.35502624511719,0.0,0.0
TECK,2011-05-19,50.599998474121094,50.7599983215332,49.290000915527344,49.959999084472656,4285100,38.17163848876953,0.0,0.0
TECK,2011-05-20,50.02000045776367,50.439998626708984,48.58000183105469,50.0,3536400,38.20220184326172,0.0,0.0
TECK,2011-05-23,48.20000076293945,48.560001373291016,47.0099983215332,47.90999984741211,2899000,36.6053466796875,0.0,0.0
TECK,2011-05-24,48.540000915527344,49.65999984741211,48.209999084472656,48.459999084472656,3501800,37.02558517456055,0.0,0.0
TECK,2011-05-25,48.459999084472656,49.90999984741211,48.2599983215332,49.47999954223633,2636500,37.80491256713867,0.0,0.0
TECK,2011-05-26,49.13999938964844,50.349998474121094,48.7599983215332,50.20000076293945,3252900,38.35502624511719,0.0,0.0
TECK,2011-05-27,50.79999923706055,52.130001068115234,50.790000915527344,51.619998931884766,3515900,39.43996047973633,0.0,0.0
TECK,2011-05-31,53.150001525878906,53.619998931884766,52.34000015258789,52.56999969482422,3998900,40.16579818725586,0.0,0.0
TECK,2011-06-01,52.189998626708984,52.560001373291016,50.060001373291016,50.349998474121094,3588800,38.4696159362793,0.0,0.0
TECK,2011-06-02,50.2599983215332,50.900001525878906,48.97999954223633,50.599998474121094,3299400,38.66063690185547,0.0,0.0
TECK,2011-06-03,49.0099983215332,51.099998474121094,48.400001525878906,50.4900016784668,3006700,38.57658767700195,0.0,0.0
TECK,2011-06-06,50.27000045776367,50.68000030517578,48.400001525878906,48.720001220703125,2930900,37.22422409057617,0.0,0.0
TECK,2011-06-07,49.290000915527344,49.58000183105469,48.290000915527344,48.34000015258789,2837400,36.933902740478516,0.0,0.0
TECK,2011-06-08,47.9900016784668,48.15999984741211,47.310001373291016,47.59000015258789,3205600,36.36085510253906,0.0,0.0
TECK,2011-06-09,47.63999938964844,48.81999969482422,47.349998474121094,48.63999938964844,1908300,37.16310501098633,0.0,0.0
TECK,2011-06-10,48.08000183105469,48.41999816894531,46.29999923706055,46.56999969482422,3726000,35.5815315246582,0.0,0.0
TECK,2011-06-13,46.68000030517578,47.279998779296875,45.70000076293945,46.0099983215332,3134100,35.38771057128906,0.308,0.0
TECK,2011-06-14,47.2599983215332,48.15999984741211,47.189998626708984,47.650001525878906,2989900,36.64909362792969,0.0,0.0
TECK,2011-06-15,46.79999923706055,47.83000183105469,46.209999084472656,46.349998474121094,4101400,35.64921188354492,0.0,0.0
TECK,2011-06-16,45.97999954223633,46.099998474121094,44.20000076293945,44.45000076293945,5386100,34.1878776550293,0.0,0.0
TECK,2011-06-17,45.79999923706055,45.880001068115234,44.54999923706055,44.61000061035156,5436700,34.31093978881836,0.0,0.0
TECK,2011-06-20,43.970001220703125,44.400001525878906,42.84000015258789,44.0,4298200,33.841758728027344,0.0,0.0
TECK,2011-06-21,44.66999816894531,46.810001373291016,44.290000915527344,46.72999954223633,4727900,35.94148254394531,0.0,0.0
TECK,2011-06-22,45.720001220703125,46.59000015258789,45.349998474121094,45.38999938964844,3349100,34.91085433959961,0.0,0.0
TECK,2011-06-23,44.290000915527344,46.70000076293945,43.880001068115234,46.599998474121094,3898800,35.84149932861328,0.0,0.0
TECK,2011-06-24,47.20000076293945,47.400001525878906,45.880001068115234,46.4900016784668,3250500,35.75690460205078,0.0,0.0
TECK,2011-06-27,45.77000045776367,46.7400016784668,45.68000030517578,46.5,2131300,35.76458740234375,0.0,0.0
TECK,2011-06-28,46.97999954223633,48.45000076293945,46.880001068115234,48.150001525878906,2745300,37.03364562988281,0.0,0.0
TECK,2011-06-29,49.18000030517578,50.5,48.849998474121094,50.029998779296875,4122700,38.4796142578125,0.0,0.0
TECK,2011-06-30,50.599998474121094,51.119998931884766,50.33000183105469,50.7400016784668,2620200,39.02570724487305,0.0,0.0
TECK,2011-07-01,50.81999969482422,52.630001068115234,50.349998474121094,52.25,2976200,40.187076568603516,0.0,0.0
TECK,2011-07-05,53.119998931884766,53.290000915527344,52.25,52.779998779296875,3305100,40.59473419189453,0.0,0.0
TECK,2011-07-06,51.970001220703125,52.810001373291016,51.66999816894531,52.130001068115234,2679500,40.09480285644531,0.0,0.0
TECK,2011-07-07,53.11000061035156,53.459999084472656,52.38999938964844,53.18000030517578,2827500,40.902381896972656,0.0,0.0
TECK,2011-07-08,52.130001068115234,52.70000076293945,51.439998626708984,52.279998779296875,3324000,40.210166931152344,0.0,0.0
TECK,2011-07-11,51.099998474121094,51.5,50.040000915527344,51.41999816894531,3594600,39.54871368408203,0.0,0.0
TECK,2011-07-12,51.040000915527344,51.880001068115234,50.650001525878906,50.779998779296875,3022500,39.05647659301758,0.0,0.0
TECK,2011-07-13,51.720001220703125,52.880001068115234,51.27000045776367,51.86000061035156,3784300,39.887123107910156,0.0,0.0
TECK,2011-07-14,52.25,52.5,50.38999938964844,50.619998931884766,3318000,38.93342208862305,0.0,0.0
TECK,2011-07-15,51.630001068115234,52.459999084472656,51.20000076293945,52.41999816894531,2911500,40.317840576171875,0.0,0.0
TECK,2011-07-18,52.0,52.2400016784668,50.869998931884766,51.22999954223633,2442800,39.402565002441406,0.0,0.0
TECK,2011-07-19,52.31999969482422,53.13999938964844,52.310001373291016,52.75,3043500,40.5716552734375,0.0,0.0
TECK,2011-07-20,53.29999923706055,53.380001068115234,52.31999969482422,52.880001068115234,2655900,40.6716423034668,0.0,0.0
TECK,2011-07-21,53.16999816894531,53.869998931884766,52.400001525878906,53.41999816894531,4166100,41.086978912353516,0.0,0.0
TECK,2011-07-22,53.43000030517578,53.459999084472656,52.5099983215332,52.790000915527344,2131500,40.6024284362793,0.0,0.0
TECK,2011-07-25,52.06999969482422,53.88999938964844,52.04999923706055,53.22999954223633,3244200,40.940853118896484,0.0,0.0
TECK,2011-07-26,53.5099983215332,53.5099983215332,52.56999969482422,52.77000045776367,1993100,40.587039947509766,0.0,0.0
TECK,2011-07-27,52.65999984741211,52.75,49.63999938964844,49.939998626708984,4518400,38.410400390625,0.0,0.0
TECK,2011-07-28,49.81999969482422,51.060001373291016,49.27000045776367,50.150001525878906,2830400,38.571929931640625,0.0,0.0
TECK,2011-07-29,49.720001220703125,50.4900016784668,48.599998474121094,49.439998626708984,3268400,38.02584457397461,0.0,0.0
TECK,2011-08-01,50.97999954223633,51.5,49.709999084472656,50.349998474121094,2781700,38.725746154785156,0.0,0.0
TECK,2011-08-02,49.90999984741211,49.90999984741211,46.72999954223633,46.790000915527344,5008100,35.98762893676758,0.0,0.0
TECK,2011-08-03,47.08000183105469,47.86000061035156,45.65999984741211,47.709999084472656,5244100,36.69523620605469,0.0,0.0
TECK,2011-08-04,46.189998626708984,46.34000015258789,43.52000045776367,43.650001525878906,7323700,33.57257080078125,0.0,0.0
TECK,2011-08-05,44.220001220703125,45.0099983215332,41.0,42.459999084472656,9555900,32.65728759765625,0.0,0.0
TECK,2011-08-08,39.56999969482422,40.529998779296875,37.84000015258789,37.900001525878906,7836800,29.150068283081055,0.0,0.0
TECK,2011-08-09,39.16999816894531,42.060001373291016,38.189998626708984,42.029998779296875,6656700,32.32658004760742,0.0,0.0
TECK,2011-08-10,41.63999938964844,43.5,40.369998931884766,41.54999923706055,7791800,31.95738983154297,0.0,0.0
TECK,2011-08-11,42.40999984741211,43.779998779296875,41.209999084472656,43.31999969482422,5899200,33.31875991821289,0.0,0.0
TECK,2011-08-12,44.150001525878906,44.40999984741211,43.209999084472656,43.459999084472656,3374500,33.42641830444336,0.0,0.0
TECK,2011-08-15,44.27000045776367,44.779998779296875,43.79999923706055,44.61000061035156,3064800,34.31093978881836,0.0,0.0
TECK,2011-08-16,43.88999938964844,44.31999969482422,42.59000015258789,42.880001068115234,3909800,32.980342864990234,0.0,0.0
TECK,2011-08-17,43.40999984741211,44.09000015258789,42.91999816894531,43.20000076293945,2869600,33.22644805908203,0.0,0.0
TECK,2011-08-18,41.2400016784668,41.2400016784668,39.31999969482422,39.83000183105469,6068300,30.634479522705078,0.0,0.0
TECK,2011-08-19,38.970001220703125,41.220001220703125,38.2400016784668,38.349998474121094,4605600,29.496171951293945,0.0,0.0
TECK,2011-08-22,40.130001068115234,40.27000045776367,37.720001220703125,37.880001068115234,3992700,29.134687423706055,0.0,0.0
TECK,2011-08-23,38.45000076293945,40.0,37.75,39.959999084472656,3348500,30.73447608947754,0.0,0.0
TECK,2011-08-24,40.0099983215332,41.310001373291016,39.689998626708984,41.06999969482422,4029300,31.588205337524414,0.0,0.0
TECK,2011-08-25,41.689998626708984,42.08000183105469,39.75,39.90999984741211,2613100,30.69601058959961,0.0,0.0
TECK,2011-08-26,39.25,41.470001220703125,38.630001068115234,41.400001525878906,2908900,31.84202003479004,0.0,0.0
TECK,2011-08-29,42.27000045776367,42.65999984741211,41.65999984741211,42.58000183105469,2632100,32.74958801269531,0.0,0.0
TECK,2011-08-30,42.369998931884766,44.2400016784668,42.34000015258789,43.97999954223633,3477200,33.826377868652344,0.0,0.0
TECK,2011-08-31,44.58000183105469,45.2599983215332,43.650001525878906,44.33000183105469,3687000,34.09556198120117,0.0,0.0
TECK,2011-09-01,44.369998931884766,44.630001068115234,43.68000030517578,43.90999984741211,2882700,33.772525787353516,0.0,0.0
TECK,2011-09-02,41.970001220703125,42.880001068115234,41.52000045776367,42.400001525878906,3086500,32.611148834228516,0.0,0.0
TECK,2011-09-06,40.220001220703125,41.720001220703125,39.650001525878906,41.630001068115234,4714800,32.018924713134766,0.0,0.0
TECK,2011-09-07,42.720001220703125,43.970001220703125,42.529998779296875,43.40999984741211,3182600,33.387977600097656,0.0,0.0
TECK,2011-09-08,42.84000015258789,43.90999984741211,42.599998474121094,43.060001373291016,2957800,33.118778228759766,0.0,0.0
TECK,2011-09-09,42.08000183105469,42.56999969482422,40.470001220703125,40.72999954223633,4499500,31.326702117919922,0.0,0.0
TECK,2011-09-12,39.58000183105469,40.29999923706055,38.400001525878906,39.470001220703125,4046400,30.357603073120117,0.0,0.0
TECK,2011-09-13,39.779998779296875,39.779998779296875,39.0099983215332,39.33000183105469,3294700,30.24992561340332,0.0,0.0
TECK,2011-09-14,39.459999084472656,40.099998474121094,38.619998931884766,39.4900016784668,3289700,30.37298011779785,0.0,0.0
TECK,2011-09-15,40.349998474121094,40.790000915527344,39.790000915527344,40.61000061035156,2605500,31.23439598083496,0.0,0.0
TECK,2011-09-16,40.70000076293945,40.939998626708984,39.84000015258789,39.9900016784668,2065500,30.757553100585938,0.0,0.0
TECK,2011-09-19,38.75,38.77000045776367,37.400001525878906,38.11000061035156,4149600,29.311580657958984,0.0,0.0
TECK,2011-09-20,38.25,38.25,36.220001220703125,36.29999923706055,4914300,27.919452667236328,0.0,0.0
TECK,2011-09-21,35.2599983215332,35.779998779296875,33.84000015258789,33.880001068115234,7320900,26.058155059814453,0.0,0.0
TECK,2011-09-22,31.469999313354492,31.639999389648438,30.0,30.75,6676000,23.650779724121094,0.0,0.0
TECK,2011-09-23,30.170000076293945,30.790000915527344,29.719999313354492,29.950000762939453,5741900,23.035470962524414,0.0,0.0
TECK,2011-09-26,29.979999542236328,30.280000686645508,28.540000915527344,30.219999313354492,4766100,23.243133544921875,0.0,0.0
TECK,2011-09-27,32.790000915527344,33.13999938964844,31.040000915527344,31.479999542236328,6541300,24.212244033813477,0.0,0.0
TECK,2011-09-28,31.510000228881836,31.6200008392334,29.3700008392334,29.399999618530273,4345500,22.612449645996094,0.0,0.0
TECK,2011-09-29,30.34000015258789,30.489999771118164,28.719999313354492,29.649999618530273,6525200,22.80473518371582,0.0,0.0
TECK,2011-09-30,28.520000457763672,29.549999237060547,28.329999923706055,29.190000534057617,5131500,22.450937271118164,0.0,0.0
TECK,2011-10-03,28.479999542236328,29.450000762939453,27.149999618530273,27.18000030517578,6977300,20.904979705810547,0.0,0.0
TECK,2011-10-04,26.40999984741211,29.31999969482422,25.760000228881836,29.270000457763672,8094900,22.512466430664062,0.0,0.0
TECK,2011-10-05,29.780000686645508,32.5,29.149999618530273,32.41999816894531,10949000,24.93522071838379,0.0,0.0
TECK,2011-10-06,33.220001220703125,34.40999984741211,32.93000030517578,33.9900016784668,8309800,26.142763137817383,0.0,0.0
TECK,2011-10-07,34.689998626708984,34.84000015258789,31.989999771118164,32.43000030517578,7404700,24.942916870117188,0.0,0.0
TECK,2011-10-10,33.650001525878906,34.720001220703125,33.650001525878906,34.52000045776367,3954100,26.55040168762207,0.0,0.0
TECK,2011-10-11,33.939998626708984,34.720001220703125,33.130001068115234,34.2599983215332,4023000,26.350431442260742,0.0,0.0
TECK,2011-10-12,35.18000030517578,36.45000076293945,35.18000030517578,35.45000076293945,5791000,27.265689849853516,0.0,0.0
TECK,2011-10-13,35.029998779296875,35.029998779296875,33.72999954223633,34.63999938964844,3940000,26.642696380615234,0.0,0.0
TECK,2011-10-14,36.08000183105469,36.40999984741211,34.939998626708984,36.369998931884766,4732500,27.973289489746094,0.0,0.0
TECK,2011-10-17,36.16999816894531,36.16999816894531,34.290000915527344,34.4900016784668,2858100,26.52733039855957,0.0,0.0
TECK,2011-10-18,33.93000030517578,35.779998779296875,32.90999984741211,35.540000915527344,5213500,27.334918975830078,0.0,0.0
TECK,2011-10-19,35.29999923706055,35.54999923706055,33.16999816894531,33.310001373291016,4082600,25.619754791259766,0.0,0.0
TECK,2011-10-20,33.15999984741211,33.869998931884766,32.40999984741211,33.77000045776367,4911000,25.973548889160156,0.0,0.0
TECK,2011-10-21,34.90999984741211,35.18000030517578,34.0099983215332,34.59000015258789,3680100,26.604236602783203,0.0,0.0
TECK,2011-10-24,35.5,36.849998474121094,35.15999984741211,36.72999954223633,4116700,28.250171661376953,0.0,0.0
TECK,2011-10-25,36.45000076293945,36.63999938964844,35.290000915527344,35.33000183105469,3335000,27.17340660095215,0.0,0.0
TECK,2011-10-26,36.2599983215332,37.34000015258789,35.029998779296875,37.040000915527344,4603300,28.488611221313477,0.0,0.0
TECK,2011-10-27,41.13999938964844,43.04999923706055,39.119998931884766,40.880001068115234,7842700,31.442075729370117,0.0,0.0
TECK,2011-10-28,40.27000045776367,41.9900016784668,39.900001525878906,41.810001373291016,5749900,32.15735626220703,0.0,0.0
TECK,2011-10-31,40.41999816894531,41.369998931884766,40.09000015258789,40.099998474121094,4236700,30.842159271240234,0.0,0.0
TECK,2011-11-01,36.630001068115234,38.45000076293945,35.599998474121094,37.2599983215332,7337100,28.657800674438477,0.0,0.0
TECK,2011-11-02,38.59000015258789,38.849998474121094,37.7400016784668,38.470001220703125,2977500,29.58846664428711,0.0,0.0
TECK,2011-11-03,39.33000183105469,39.5099983215332,37.849998474121094,39.27000045776367,4706700,30.203765869140625,0.0,0.0
TECK,2011-11-04,38.52000045776367,39.470001220703125,38.31999969482422,38.84000015258789,3890300,29.8730411529541,0.0,0.0
TECK,2011-11-07,38.84000015258789,39.29999923706055,37.97999954223633,38.88999938964844,3544000,29.911502838134766,0.0,0.0
TECK,2011-11-08,39.130001068115234,40.150001525878906,39.04999923706055,39.9900016784668,3625600,30.757553100585938,0.0,0.0
TECK,2011-11-09,37.959999084472656,38.869998931884766,36.939998626708984,36.959999084472656,5037100,28.427082061767578,0.0,0.0
TECK,2011-11-10,37.470001220703125,37.939998626708984,36.4900016784668,37.150001525878906,4068200,28.57320785522461,0.0,0.0
TECK,2011-11-11,37.93000030517578,38.880001068115234,37.54999923706055,37.88999938964844,2816000,29.14237403869629,0.0,0.0
TECK,2011-11-14,38.029998779296875,38.13999938964844,36.869998931884766,37.29999923706055,2429800,28.688581466674805,0.0,0.0
TECK,2011-11-15,36.7400016784668,38.27000045776367,36.630001068115234,38.0,3265000,29.226972579956055,0.0,0.0
TECK,2011-11-16,37.4900016784668,37.880001068115234,36.599998474121094,36.689998626708984,2844800,28.219419479370117,0.0,0.0
TECK,2011-11-17,36.7599983215332,36.81999969482422,34.52000045776367,34.84000015258789,4896300,26.796525955200195,0.0,0.0
TECK,2011-11-18,35.290000915527344,35.70000076293945,33.9900016784668,34.150001525878906,3667700,26.265817642211914,0.0,0.0
TECK,2011-11-21,32.5,33.61000061035156,31.920000076293945,33.349998474121094,3581700,25.650514602661133,0.0,0.0
TECK,2011-11-22,33.33000183105469,33.959999084472656,32.9900016784668,33.09000015258789,3100500,25.450536727905273,0.0,0.0
TECK,2011-11-23,32.459999084472656,32.560001373291016,31.270000457763672,31.549999237060547,3650700,24.266080856323242,0.0,0.0
TECK,2011-11-25,31.479999542236328,32.220001220703125,31.229999542236328,31.309999465942383,1420600,24.08148765563965,0.0,0.0
TECK,2011-11-28,33.45000076293945,33.56999969482422,32.5,32.81999969482422,2647300,25.242874145507812,0.0,0.0
TECK,2011-11-29,33.02000045776367,33.599998474121094,32.81999969482422,33.25,2518000,25.57360076904297,0.0,0.0
TECK,2011-11-30,35.47999954223633,36.709999084472656,35.130001068115234,36.4900016784668,5516500,28.06558609008789,0.0,0.0
TECK,2011-12-01,36.77000045776367,37.470001220703125,36.38999938964844,37.209999084472656,3720500,28.619361877441406,0.0,0.0
TECK,2011-12-02,37.79999923706055,38.189998626708984,37.130001068115234,37.220001220703125,3367600,28.627058029174805,0.0,0.0
TECK,2011-12-05,38.02000045776367,38.9900016784668,37.75,38.400001525878906,3499600,29.534643173217773,0.0,0.0
TECK,2011-12-06,38.779998779296875,39.040000915527344,37.63999938964844,38.400001525878906,2724300,29.534643173217773,0.0,0.0
TECK,2011-12-07,38.2400016784668,38.59000015258789,37.5,38.400001525878906,3723200,29.534643173217773,0.0,0.0
TECK,2011-12-08,37.93000030517578,38.0099983215332,36.29999923706055,36.529998779296875,3534600,28.096349716186523,0.0,0.0
TECK,2011-12-09,36.16999816894531,37.61000061035156,36.08000183105469,37.310001373291016,3110300,28.69627571105957,0.0,0.0
TECK,2011-12-12,36.25,36.27000045776367,35.5099983215332,36.099998474121094,2590300,27.765626907348633,0.0,0.0
TECK,2011-12-13,36.099998474121094,36.599998474121094,34.0099983215332,34.29999923706055,3335400,26.670053482055664,0.391,0.0
TECK,2011-12-14,33.45000076293945,34.25,32.849998474121094,33.709999084472656,6214000,26.21129035949707,0.0,0.0
TECK,2011-12-15,34.36000061035156,34.529998779296875,33.11000061035156,33.150001525878906,3463100,25.77586555480957,0.0,0.0
TECK,2011-12-16,33.540000915527344,34.15999984741211,33.2599983215332,33.86000061035156,2674800,26.327932357788086,0.0,0.0
TECK,2011-12-19,33.9900016784668,34.15999984741211,32.779998779296875,32.849998474121094,2702100,25.542598724365234,0.0,0.0
TECK,2011-12-20,33.77000045776367,34.7400016784668,33.77000045776367,34.59000015258789,2949400,26.895544052124023,0.0,0.0
TECK,2011-12-21,34.95000076293945,35.150001525878906,33.9900016784668,34.540000915527344,2649400,26.85667610168457,0.0,0.0
TECK,2011-12-22,34.779998779296875,36.040000915527344,34.7599983215332,35.52000045776367,2809500,27.61867332458496,0.0,0.0
TECK,2011-12-23,36.0,36.18000030517578,35.29999923706055,35.540000915527344,1552100,27.63422203063965,0.0,0.0
TECK,2011-12-27,35.439998626708984,35.7400016784668,34.70000076293945,34.77000045776367,924200,27.035499572753906,0.0,0.0
TECK,2011-12-28,35.09000015258789,35.2599983215332,34.189998626708984,34.310001373291016,1946000,26.677825927734375,0.0,0.0
TECK,2011-12-29,34.209999084472656,34.65999984741211,33.97999954223633,34.459999084472656,1635700,26.794466018676758,0.0,0.0
TECK,2011-12-30,34.5,35.25,34.45000076293945,35.189998626708984,1673300,27.362070083618164,0.0,0.0
TECK,2012-01-03,36.54999923706055,38.13999938964844,36.52000045776367,37.88999938964844,3416700,29.461469650268555,0.0,0.0
TECK,2012-01-04,37.34000015258789,38.5,37.2599983215332,38.33000183105469,2804200,29.803592681884766,0.0,0.0
TECK,2012-01-05,37.81999969482422,38.060001373291016,37.2400016784668,37.720001220703125,2348100,29.329282760620117,0.0,0.0
TECK,2012-01-06,37.970001220703125,38.040000915527344,37.209999084472656,37.310001373291016,1747300,29.01049041748047,0.0,0.0
TECK,2012-01-09,37.04999923706055,37.060001373291016,36.38999938964844,36.810001373291016,2341300,28.6217098236084,0.0,0.0
TECK,2012-01-10,37.939998626708984,38.349998474121094,37.619998931884766,38.04999923706055,2785100,29.585874557495117,0.0,0.0
TECK,2012-01-11,37.77000045776367,38.709999084472656,37.58000183105469,38.59000015258789,1838600,30.005756378173828,0.0,0.0
TECK,2012-01-12,39.0099983215332,39.380001068115234,38.560001373291016,39.2400016784668,2364900,30.51115608215332,0.0,0.0
TECK,2012-01-13,38.470001220703125,38.61000061035156,37.70000076293945,38.459999084472656,2496200,29.904659271240234,0.0,0.0
TECK,2012-01-17,40.04999923706055,40.220001220703125,39.02000045776367,39.290000915527344,2780900,30.550046920776367,0.0,0.0
TECK,2012-01-18,39.130001068115234,40.540000915527344,39.09000015258789,40.470001220703125,2472000,31.467552185058594,0.0,0.0
TECK,2012-01-19,41.04999923706055,42.290000915527344,40.91999816894531,41.72999954223633,3221400,32.447269439697266,0.0,0.0
TECK,2012-01-20,41.54999923706055,41.95000076293945,40.91999816894531,41.31999969482422,3079000,32.12847137451172,0.0,0.0
TECK,2012-01-23,42.18000030517578,42.7599983215332,41.40999984741211,41.599998474121094,2976400,32.34618377685547,0.0,0.0
TECK,2012-01-24,41.119998931884766,41.560001373291016,40.630001068115234,41.2599983215332,1724900,32.081817626953125,0.0,0.0
TECK,2012-01-25,41.040000915527344,42.61000061035156,40.59000015258789,42.33000183105469,3179100,32.91381072998047,0.0,0.0
TECK,2012-01-26,42.93000030517578,43.970001220703125,42.470001220703125,42.7400016784668,3846800,33.23258972167969,0.0,0.0
TECK,2012-01-27,42.2599983215332,43.43000030517578,42.2599983215332,42.88999938964844,2113000,33.349239349365234,0.0,0.0
TECK,2012-01-30,41.81999969482422,42.779998779296875,41.38999938964844,42.529998779296875,2077700,33.06931686401367,0.0,0.0
TECK,2012-01-31,43.27000045776367,43.61000061035156,41.880001068115234,42.31999969482422,2439400,32.906028747558594,0.0,0.0
TECK,2012-02-01,43.06999969482422,43.08000183105469,42.29999923706055,42.34000015258789,1817300,32.92156982421875,0.0,0.0
TECK,2012-02-02,42.4900016784668,43.08000183105469,41.68000030517578,42.630001068115234,3439900,33.14706802368164,0.0,0.0
TECK,2012-02-03,43.02000045776367,43.9900016784668,42.81999969482422,43.68000030517578,2585600,33.9635009765625,0.0,0.0
TECK,2012-02-06,43.13999938964844,43.369998931884766,42.400001525878906,42.689998626708984,2568400,33.1937370300293,0.0,0.0
TECK,2012-02-07,42.689998626708984,42.70000076293945,41.47999954223633,41.84000015258789,2818800,32.53280258178711,0.0,0.0
TECK,2012-02-08,42.279998779296875,42.290000915527344,40.720001220703125,40.869998931884766,3453800,31.778564453125,0.0,0.0
TECK,2012-02-09,41.400001525878906,41.880001068115234,40.59000015258789,40.880001068115234,4107600,31.786348342895508,0.0,0.0
TECK,2012-02-10,40.029998779296875,40.27000045776367,39.060001373291016,40.189998626708984,3833600,31.249839782714844,0.0,0.0
TECK,2012-02-13,40.72999954223633,40.79999923706055,39.099998474121094,39.38999938964844,3178000,30.62779998779297,0.0,0.0
TECK,2012-02-14,39.189998626708984,39.20000076293945,38.130001068115234,38.93000030517578,4749800,30.27012062072754,0.0,0.0
TECK,2012-02-15,39.369998931884766,39.41999816894531,38.220001220703125,38.5099983215332,2368900,29.943544387817383,0.0,0.0
TECK,2012-02-16,38.099998474121094,39.58000183105469,37.869998931884766,39.54999923706055,3238000,30.752201080322266,0.0,0.0
TECK,2012-02-17,39.650001525878906,39.75,38.16999816894531,38.439998626708984,3138500,29.889118194580078,0.0,0.0
TECK,2012-02-21,38.970001220703125,40.02000045776367,38.75,39.54999923706055,2757600,30.752201080322266,0.0,0.0
TECK,2012-02-22,39.5099983215332,40.790000915527344,39.36000061035156,40.529998779296875,3149000,31.51420021057129,0.0,0.0
TECK,2012-02-23,40.54999923706055,41.18000030517578,40.43000030517578,40.790000915527344,3355800,31.71636962890625,0.0,0.0
TECK,2012-02-24,40.529998779296875,41.189998626708984,40.459999084472656,40.619998931884766,2453100,31.584182739257812,0.0,0.0
TECK,2012-02-27,40.220001220703125,40.5,39.599998474121094,40.290000915527344,2099300,31.32759666442871,0.0,0.0
TECK,2012-02-28,40.47999954223633,41.11000061035156,39.97999954223633,41.060001373291016,3954200,31.926313400268555,0.0,0.0
TECK,2012-02-29,41.349998474121094,41.58000183105469,39.810001373291016,39.970001220703125,3458000,31.078777313232422,0.0,0.0
TECK,2012-03-01,40.220001220703125,40.720001220703125,39.849998474121094,40.06999969482422,2900600,31.156539916992188,0.0,0.0
TECK,2012-03-02,40.06999969482422,40.06999969482422,38.65999984741211,38.90999984741211,3255200,30.254566192626953,0.0,0.0
TECK,2012-03-05,38.7599983215332,38.779998779296875,36.43000030517578,36.470001220703125,4876900,28.357351303100586,0.0,0.0
TECK,2012-03-06,35.529998779296875,35.689998626708984,34.7599983215332,35.41999816894531,7005100,27.54090690612793,0.0,0.0
TECK,2012-03-07,35.79999923706055,35.970001220703125,34.779998779296875,35.7599983215332,3354400,27.805274963378906,0.0,0.0
TECK,2012-03-08,36.56999969482422,37.09000015258789,36.290000915527344,36.529998779296875,2822700,28.40399169921875,0.0,0.0
TECK,2012-03-09,36.75,37.25,36.41999816894531,36.849998474121094,2247600,28.652809143066406,0.0,0.0
TECK,2012-03-12,36.630001068115234,37.099998474121094,35.7400016784668,35.75,2608200,27.797502517700195,0.0,0.0
TECK,2012-03-13,36.099998474121094,36.90999984741211,35.88999938964844,36.90999984741211,2863400,28.699464797973633,0.0,0.0
TECK,2012-03-14,36.810001373291016,36.880001068115234,34.9900016784668,35.34000015258789,5164000,27.478713989257812,0.0,0.0
TECK,2012-03-15,35.5,36.06999969482422,35.369998931884766,35.7599983215332,2786800,27.805274963378906,0.0,0.0
TECK,2012-03-16,35.88999938964844,37.41999816894531,35.86000061035156,37.119998931884766,3791400,28.86274528503418,0.0,0.0
TECK,2012-03-19,37.0,37.56999969482422,36.79999923706055,37.09000015258789,1980400,28.839435577392578,0.0,0.0
TECK,2012-03-20,35.97999954223633,36.349998474121094,35.439998626708984,35.959999084472656,2740400,27.96078872680664,0.0,0.0
TECK,2012-03-21,36.13999938964844,36.16999816894531,35.2400016784668,35.9900016784668,2677400,27.9841251373291,0.0,0.0
TECK,2012-03-22,35.06999969482422,35.470001220703125,34.83000183105469,34.91999816894531,2970100,27.152137756347656,0.0,0.0
TECK,2012-03-23,35.16999816894531,35.40999984741211,34.77000045776367,35.119998931884766,4772600,27.307645797729492,0.0,0.0
TECK,2012-03-26,35.720001220703125,36.369998931884766,35.5,36.209999084472656,2207900,28.15518569946289,0.0,0.0
TECK,2012-03-27,36.470001220703125,36.900001525878906,35.869998931884766,35.939998626708984,2304800,27.94524383544922,0.0,0.0
TECK,2012-03-28,35.650001525878906,35.66999816894531,34.439998626708984,34.54999923706055,2941000,26.864456176757812,0.0,0.0
TECK,2012-03-29,34.38999938964844,34.869998931884766,33.61000061035156,34.79999923706055,3308200,27.058835983276367,0.0,0.0
TECK,2012-03-30,35.130001068115234,35.70000076293945,34.84000015258789,35.65999984741211,2464400,27.727523803710938,0.0,0.0
TECK,2012-04-02,35.779998779296875,37.369998931884766,35.31999969482422,36.970001220703125,4237000,28.746116638183594,0.0,0.0
TECK,2012-04-03,37.0099983215332,37.0099983215332,36.119998931884766,36.279998779296875,3403200,28.20960807800293,0.0,0.0
TECK,2012-04-04,35.150001525878906,35.88999938964844,34.779998779296875,35.77000045776367,4535200,27.81305503845215,0.0,0.0
TECK,2012-04-05,35.86000061035156,36.779998779296875,35.15999984741211,35.310001373291016,3397900,27.455387115478516,0.0,0.0
TECK,2012-04-09,34.599998474121094,35.099998474121094,34.2400016784668,34.560001373291016,2255000,26.87221908569336,0.0,0.0
TECK,2012-04-10,34.619998931884766,34.959999084472656,33.7400016784668,34.689998626708984,3873600,26.97329330444336,0.0,0.0
TECK,2012-04-11,35.31999969482422,35.84000015258789,35.04999923706055,35.16999816894531,3501800,27.346525192260742,0.0,0.0
TECK,2012-04-12,35.72999954223633,37.279998779296875,35.58000183105469,37.119998931884766,3766500,28.86274528503418,0.0,0.0
TECK,2012-04-13,36.849998474121094,37.040000915527344,36.2599983215332,36.66999816894531,2653600,28.51285171508789,0.0,0.0
TECK,2012-04-16,36.939998626708984,37.41999816894531,36.09000015258789,36.70000076293945,3149400,28.53617286682129,0.0,0.0
TECK,2012-04-17,37.45000076293945,37.97999954223633,36.779998779296875,37.029998779296875,3432300,28.792774200439453,0.0,0.0
TECK,2012-04-18,36.880001068115234,37.86000061035156,36.779998779296875,37.380001068115234,3074400,29.064918518066406,0.0,0.0
TECK,2012-04-19,37.290000915527344,37.900001525878906,36.68000030517578,37.25,3035100,28.963834762573242,0.0,0.0
TECK,2012-04-20,37.650001525878906,37.900001525878906,36.93000030517578,36.939998626708984,2693900,28.722787857055664,0.0,0.0
TECK,2012-04-23,35.5,36.18000030517578,35.130001068115234,35.689998626708984,4512100,27.7508487701416,0.0,0.0
TECK,2012-04-24,35.900001525878906,37.06999969482422,35.27000045776367,36.29999923706055,3708800,28.22516632080078,0.0,0.0
TECK,2012-04-25,36.72999954223633,37.54999923706055,36.22999954223633,37.459999084472656,3328000,29.127113342285156,0.0,0.0
TECK,2012-04-26,37.369998931884766,37.630001068115234,36.90999984741211,37.2599983215332,2402800,28.971599578857422,0.0,0.0
TECK,2012-04-27,37.47999954223633,37.72999954223633,37.220001220703125,37.560001373291016,2358800,29.204879760742188,0.0,0.0
TECK,2012-04-30,37.130001068115234,37.65999984741211,36.939998626708984,37.33000183105469,2415100,29.026042938232422,0.0,0.0
TECK,2012-05-01,37.459999084472656,38.09000015258789,37.34000015258789,37.709999084472656,1930800,29.32150650024414,0.0,0.0
TECK,2012-05-02,37.369998931884766,37.400001525878906,36.779998779296875,36.880001068115234,1740600,28.6761474609375,0.0,0.0
TECK,2012-05-03,36.95000076293945,37.16999816894531,35.66999816894531,35.709999084472656,4407100,27.76640510559082,0.0,0.0
TECK,2012-05-04,35.369998931884766,35.56999969482422,34.47999954223633,34.91999816894531,3167900,27.152137756347656,0.0,0.0
TECK,2012-05-07,34.27000045776367,34.91999816894531,33.810001373291016,34.599998474121094,3000000,26.903318405151367,0.0,0.0
TECK,2012-05-08,33.95000076293945,34.0099983215332,32.66999816894531,33.560001373291016,4671800,26.094669342041016,0.0,0.0
TECK,2012-05-09,32.58000183105469,33.86000061035156,32.47999954223633,33.25,3447000,25.85362434387207,0.0,0.0
TECK,2012-05-10,33.7599983215332,34.400001525878906,33.18000030517578,33.380001068115234,3194400,25.954700469970703,0.0,0.0
TECK,2012-05-11,33.040000915527344,33.7599983215332,32.79999923706055,32.959999084472656,1938200,25.62813377380371,0.0,0.0
TECK,2012-05-14,32.349998474121094,32.689998626708984,31.59000015258789,31.6200008392334,2568000,24.586214065551758,0.0,0.0
TECK,2012-05-15,31.700000762939453,32.0,30.040000915527344,30.18000030517578,4568200,23.46653938293457,0.0,0.0
TECK,2012-05-16,30.239999771118164,31.030000686645508,29.3799991607666,29.549999237060547,3668900,22.976675033569336,0.0,0.0
TECK,2012-05-17,29.700000762939453,30.299999237060547,29.229999542236328,29.450000762939453,4606600,22.898927688598633,0.0,0.0
TECK,2012-05-18,29.809999465942383,30.139999389648438,28.729999542236328,28.889999389648438,4238900,22.4634952545166,0.0,0.0
TECK,2012-05-21,29.25,29.670000076293945,29.020000457763672,29.530000686645508,4937100,22.961124420166016,0.0,0.0
TECK,2012-05-22,29.850000381469727,30.610000610351562,29.06999969482422,29.3700008392334,5603300,22.83672332763672,0.0,0.0
TECK,2012-05-23,28.829999923706055,30.8700008392334,28.420000076293945,30.75,4932900,23.909744262695312,0.0,0.0
TECK,2012-05-24,31.06999969482422,31.200000762939453,29.760000228881836,30.389999389648438,3137800,23.629819869995117,0.0,0.0
TECK,2012-05-25,30.200000762939453,30.520000457763672,29.940000534057617,30.299999237060547,1833600,23.559846878051758,0.0,0.0
TECK,2012-05-29,30.8799991607666,32.220001220703125,30.8799991607666,31.739999771118164,3571100,24.67952537536621,0.0,0.0
TECK,2012-05-30,30.790000915527344,30.81999969482422,30.299999237060547,30.360000610351562,2851200,23.60650062561035,0.0,0.0
TECK,2012-05-31,30.489999771118164,30.639999389648438,29.149999618530273,29.809999465942383,4095300,23.178844451904297,0.0,0.0
TECK,2012-06-01,28.6299991607666,30.040000915527344,28.6299991607666,29.559999465942383,4296900,22.984453201293945,0.0,0.0
TECK,2012-06-04,29.68000030517578,30.0,28.649999618530273,29.3700008392334,2748800,22.83672332763672,0.0,0.0
TECK,2012-06-05,29.25,30.399999618530273,29.030000686645508,30.270000457763672,2580700,23.536516189575195,0.0,0.0
TECK,2012-06-06,31.399999618530273,31.940000534057617,30.989999771118164,31.479999542236328,3395000,24.477357864379883,0.0,0.0
TECK,2012-06-07,32.650001525878906,33.2599983215332,31.510000228881836,31.610000610351562,3993300,24.57843780517578,0.0,0.0
TECK,2012-06-08,30.889999389648438,31.530000686645508,30.670000076293945,31.260000228881836,2111900,24.306291580200195,0.0,0.0
TECK,2012-06-11,32.380001068115234,32.38999938964844,30.15999984741211,30.25,2817300,23.520967483520508,0.0,0.0
TECK,2012-06-12,30.709999084472656,31.34000015258789,30.399999618530273,30.979999542236328,2428400,24.088571548461914,0.0,0.0
TECK,2012-06-13,30.479999542236328,31.979999542236328,30.309999465942383,31.34000015258789,2517500,24.678373336791992,0.389,0.0
TECK,2012-06-14,31.510000228881836,31.959999084472656,30.90999984741211,31.739999771118164,2193400,24.993350982666016,0.0,0.0
TECK,2012-06-15,31.84000015258789,32.38999938964844,31.6299991607666,32.2599983215332,2463700,25.402814865112305,0.0,0.0
TECK,2012-06-18,31.829999923706055,32.63999938964844,31.829999923706055,32.459999084472656,2222900,25.560304641723633,0.0,0.0
TECK,2012-06-19,32.869998931884766,33.439998626708984,32.709999084472656,33.16999816894531,3116900,26.119382858276367,0.0,0.0
TECK,2012-06-20,33.40999984741211,33.529998779296875,32.369998931884766,32.56999969482422,3290900,25.64691925048828,0.0,0.0
TECK,2012-06-21,32.349998474121094,32.47999954223633,30.56999969482422,30.600000381469727,2094900,24.095666885375977,0.0,0.0
TECK,2012-06-22,31.049999237060547,31.190000534057617,29.84000015258789,30.049999237060547,2327600,23.662572860717773,0.0,0.0
TECK,2012-06-25,29.530000686645508,29.59000015258789,28.860000610351562,28.940000534057617,1977600,22.78852081298828,0.0,0.0
TECK,2012-06-26,29.049999237060547,29.93000030517578,28.860000610351562,29.75,1997800,23.426345825195312,0.0,0.0
TECK,2012-06-27,29.8700008392334,30.049999237060547,29.229999542236328,29.56999969482422,2269000,23.28459930419922,0.0,0.0
TECK,2012-06-28,29.290000915527344,29.399999618530273,28.649999618530273,29.31999969482422,2078800,23.08774757385254,0.0,0.0
TECK,2012-06-29,30.950000762939453,31.299999237060547,30.200000762939453,30.940000534057617,2730800,24.3634033203125,0.0,0.0
TECK,2012-07-02,30.790000915527344,31.100000381469727,30.219999313354492,30.959999084472656,1523800,24.379150390625,0.0,0.0
TECK,2012-07-03,31.450000762939453,32.84000015258789,31.450000762939453,32.58000183105469,2998200,25.65479850769043,0.0,0.0
TECK,2012-07-05,32.459999084472656,33.06999969482422,32.18000030517578,32.5099983215332,2298700,25.599672317504883,0.0,0.0
TECK,2012-07-06,31.760000228881836,31.860000610351562,31.1200008392334,31.34000015258789,2350600,24.678373336791992,0.0,0.0
TECK,2012-07-09,30.950000762939453,31.18000030517578,30.290000915527344,30.440000534057617,2105600,23.96967887878418,0.0,0.0
TECK,2012-07-10,30.739999771118164,31.100000381469727,29.649999618530273,29.90999984741211,2291000,23.552337646484375,0.0,0.0
TECK,2012-07-11,29.829999923706055,30.190000534057617,29.5,29.959999084472656,3067100,23.591705322265625,0.0,0.0
TECK,2012-07-12,29.40999984741211,29.829999923706055,28.729999542236328,29.559999465942383,2422800,23.27672576904297,0.0,0.0
TECK,2012-07-13,29.809999465942383,30.360000610351562,29.719999313354492,30.299999237060547,1302600,23.859437942504883,0.0,0.0
TECK,2012-07-16,30.200000762939453,30.239999771118164,29.649999618530273,29.969999313354492,1289800,23.59957504272461,0.0,0.0
TECK,2012-07-17,30.479999542236328,30.479999542236328,29.530000686645508,30.290000915527344,1700000,23.851564407348633,0.0,0.0
TECK,2012-07-18,30.020000457763672,31.030000686645508,29.920000076293945,30.530000686645508,1962700,24.04054832458496,0.0,0.0
TECK,2012-07-19,31.09000015258789,31.360000610351562,30.690000534057617,30.979999542236328,1834600,24.394887924194336,0.0,0.0
TECK,2012-07-20,30.299999237060547,30.6299991607666,29.989999771118164,30.170000076293945,1532800,23.7570743560791,0.0,0.0
TECK,2012-07-23,29.18000030517578,29.420000076293945,28.6299991607666,29.270000457763672,1446100,23.04837989807129,0.0,0.0
TECK,2012-07-24,29.40999984741211,29.489999771118164,28.350000381469727,28.760000228881836,2481200,22.64677619934082,0.0,0.0
TECK,2012-07-25,28.559999465942383,28.59000015258789,26.40999984741211,26.81999969482422,6397500,21.119144439697266,0.0,0.0
TECK,2012-07-26,27.049999237060547,27.719999313354492,26.979999542236328,27.59000015258789,3127800,21.72547149658203,0.0,0.0
TECK,2012-07-27,27.950000762939453,28.75,27.360000610351562,28.5,3142700,22.442041397094727,0.0,0.0
TECK,2012-07-30,28.709999084472656,28.989999771118164,28.25,28.899999618530273,1500000,22.757015228271484,0.0,0.0
TECK,2012-07-31,28.610000610351562,28.950000762939453,27.950000762939453,28.030000686645508,2182100,22.07194709777832,0.0,0.0
TECK,2012-08-01,28.309999465942383,28.309999465942383,27.549999237060547,27.579999923706055,2272300,21.71759796142578,0.0,0.0
TECK,2012-08-02,27.280000686645508,27.479999542236328,26.6299991607666,26.84000015258789,2724000,21.134897232055664,0.0,0.0
TECK,2012-08-03,27.469999313354492,27.780000686645508,27.18000030517578,27.299999237060547,3671800,21.49710464477539,0.0,0.0
TECK,2012-08-06,27.600000381469727,28.799999237060547,27.440000534057617,28.190000534057617,2424900,22.19793701171875,0.0,0.0
TECK,2012-08-07,28.360000610351562,29.06999969482422,28.31999969482422,28.889999389648438,2441100,22.749143600463867,0.0,0.0
TECK,2012-08-08,28.739999771118164,29.290000915527344,28.579999923706055,28.75,1901800,22.638900756835938,0.0,0.0
TECK,2012-08-09,28.959999084472656,29.989999771118164,28.889999389648438,29.709999084472656,2158200,23.39484405517578,0.0,0.0
TECK,2012-08-10,29.31999969482422,30.579999923706055,29.18000030517578,30.510000228881836,1980100,24.02479362487793,0.0,0.0
TECK,2012-08-13,30.290000915527344,31.110000610351562,29.6200008392334,29.799999237060547,2103700,23.465709686279297,0.0,0.0
TECK,2012-08-14,30.1200008392334,30.190000534057617,28.760000228881836,28.899999618530273,1680400,22.757015228271484,0.0,0.0
TECK,2012-08-15,28.729999542236328,29.100000381469727,28.610000610351562,29.020000457763672,1546000,22.85151481628418,0.0,0.0
TECK,2012-08-16,29.1200008392334,29.899999618530273,28.829999923706055,29.770000457763672,1195500,23.442092895507812,0.0,0.0
TECK,2012-08-17,29.829999923706055,30.010000228881836,29.59000015258789,29.700000762939453,1875700,23.386974334716797,0.0,0.0
TECK,2012-08-20,29.68000030517578,29.709999084472656,29.06999969482422,29.649999618530273,1216500,23.34760284423828,0.0,0.0
TECK,2012-08-21,30.020000457763672,31.0,30.020000457763672,30.209999084472656,1720200,23.788562774658203,0.0,0.0
TECK,2012-08-22,29.8700008392334,30.06999969482422,29.299999237060547,29.969999313354492,1259900,23.59957504272461,0.0,0.0
TECK,2012-08-23,30.06999969482422,30.1299991607666,29.170000076293945,29.260000228881836,1179900,23.040494918823242,0.0,0.0
TECK,2012-08-24,29.100000381469727,29.690000534057617,28.739999771118164,29.209999084472656,2024800,23.001129150390625,0.0,0.0
TECK,2012-08-27,29.34000015258789,29.3700008392334,28.84000015258789,29.139999389648438,1396000,22.946002960205078,0.0,0.0
TECK,2012-08-28,29.229999542236328,29.780000686645508,28.8799991607666,28.8799991607666,1648500,22.741268157958984,0.0,0.0
TECK,2012-08-29,28.90999984741211,28.950000762939453,28.350000381469727,28.799999237060547,1654400,22.678272247314453,0.0,0.0
TECK,2012-08-30,28.399999618530273,28.399999618530273,27.40999984741211,27.450000762939453,2473100,21.6152286529541,0.0,0.0
TECK,2012-08-31,27.790000915527344,27.8700008392334,27.31999969482422,27.700000762939453,2172800,21.812097549438477,0.0,0.0
TECK,2012-09-04,27.719999313354492,27.719999313354492,26.81999969482422,26.959999084472656,2138900,21.22938346862793,0.0,0.0
TECK,2012-09-05,26.8700008392334,26.90999984741211,26.1200008392334,26.739999771118164,2704500,21.05614471435547,0.0,0.0
TECK,2012-09-06,27.200000762939453,27.56999969482422,26.850000381469727,27.459999084472656,2460800,21.62310218811035,0.0,0.0
TECK,2012-09-07,28.110000610351562,30.219999313354492,28.110000610351562,30.18000030517578,5151700,23.764944076538086,0.0,0.0
TECK,2012-09-10,30.040000915527344,30.969999313354492,29.81999969482422,29.8700008392334,2666100,23.52083969116211,0.0,0.0
TECK,2012-09-11,30.1299991607666,31.700000762939453,30.1299991607666,31.549999237060547,3368400,24.843732833862305,0.0,0.0
TECK,2012-09-12,31.860000610351562,32.0,30.8700008392334,31.360000610351562,3232500,24.694124221801758,0.0,0.0
TECK,2012-09-13,31.170000076293945,32.65999984741211,30.770000457763672,32.43000030517578,2684400,25.536678314208984,0.0,0.0
TECK,2012-09-14,33.349998474121094,34.68000030517578,33.29999923706055,34.029998779296875,4818900,26.79659080505371,0.0,0.0
TECK,2012-09-17,33.540000915527344,33.959999084472656,32.38999938964844,32.630001068115234,3017200,25.694168090820312,0.0,0.0
TECK,2012-09-18,32.0,32.66999816894531,31.68000030517578,32.060001373291016,2775700,25.245325088500977,0.0,0.0
TECK,2012-09-19,32.25,32.52000045776367,31.780000686645508,32.150001525878906,2028100,25.316200256347656,0.0,0.0
TECK,2012-09-20,31.100000381469727,31.469999313354492,30.899999618530273,31.3700008392334,2676600,24.70199203491211,0.0,0.0
TECK,2012-09-21,31.84000015258789,31.959999084472656,30.770000457763672,30.780000686645508,2314900,24.23740577697754,0.0,0.0
TECK,2012-09-24,30.229999542236328,30.56999969482422,30.0,30.1200008392334,2304100,23.717693328857422,0.0,0.0
TECK,2012-09-25,30.299999237060547,30.56999969482422,29.3799991607666,29.479999542236328,3059700,23.21373176574707,0.0,0.0
TECK,2012-09-26,29.229999542236328,29.979999542236328,28.809999465942383,29.489999771118164,3948500,23.221607208251953,0.0,0.0
TECK,2012-09-27,29.989999771118164,30.360000610351562,29.610000610351562,29.690000534057617,2892900,23.379098892211914,0.0,0.0
TECK,2012-09-28,29.700000762939453,29.700000762939453,29.010000228881836,29.450000762939453,1823600,23.19011878967285,0.0,0.0
TECK,2012-10-01,29.799999237060547,30.239999771118164,29.43000030517578,29.540000915527344,1861700,23.26097869873047,0.0,0.0
TECK,2012-10-02,29.809999465942383,30.020000457763672,29.34000015258789,29.43000030517578,1529800,23.174362182617188,0.0,0.0
TECK,2012-10-03,29.40999984741211,29.84000015258789,29.389999389648438,29.719999313354492,2185000,23.40271759033203,0.0,0.0
TECK,2012-10-04,29.8799991607666,30.56999969482422,29.8799991607666,30.469999313354492,1912700,23.993301391601562,0.0,0.0
TECK,2012-10-05,31.010000228881836,31.360000610351562,30.479999542236328,30.700000762939453,3793900,24.174413681030273,0.0,0.0
TECK,2012-10-08,30.260000228881836,31.299999237060547,30.020000457763672,30.93000030517578,1699800,24.355520248413086,0.0,0.0
TECK,2012-10-09,30.889999389648438,31.520000457763672,30.8700008392334,31.079999923706055,3256500,24.4736328125,0.0,0.0
TECK,2012-10-10,31.06999969482422,31.219999313354492,30.420000076293945,30.479999542236328,2604900,24.00116729736328,0.0,0.0
TECK,2012-10-11,31.209999084472656,31.6299991607666,30.860000610351562,31.059999465942383,3090300,24.4578914642334,0.0,0.0
TECK,2012-10-12,30.790000915527344,31.170000076293945,30.40999984741211,30.5,2112100,24.016925811767578,0.0,0.0
TECK,2012-10-15,30.489999771118164,31.040000915527344,30.3700008392334,30.8700008392334,2158100,24.308279037475586,0.0,0.0
TECK,2012-10-16,30.90999984741211,31.68000030517578,30.90999984741211,31.479999542236328,2317200,24.788616180419922,0.0,0.0
TECK,2012-10-17,31.729999542236328,32.209999084472656,31.450000762939453,32.08000183105469,2777100,25.261085510253906,0.0,0.0
TECK,2012-10-18,31.920000076293945,32.720001220703125,31.829999923706055,32.5,2639600,25.5918025970459,0.0,0.0
TECK,2012-10-19,32.220001220703125,32.470001220703125,31.510000228881836,31.670000076293945,2586000,24.938228607177734,0.0,0.0
TECK,2012-10-22,31.40999984741211,32.22999954223633,31.209999084472656,31.520000457763672,2424400,24.820114135742188,0.0,0.0
TECK,2012-10-23,30.81999969482422,31.010000228881836,30.350000381469727,30.75,3003400,24.21378517150879,0.0,0.0
TECK,2012-10-24,30.959999084472656,32.36000061035156,30.950000762939453,31.559999465942383,3345200,24.85160255432129,0.0,0.0
TECK,2012-10-25,32.13999938964844,32.220001220703125,31.690000534057617,31.93000030517578,2652100,25.142967224121094,0.0,0.0
TECK,2012-10-26,31.979999542236328,32.15999984741211,31.059999465942383,31.139999389648438,1453600,24.52088737487793,0.0,0.0
TECK,2012-10-31,31.520000457763672,31.940000534057617,31.450000762939453,31.8799991607666,1526200,25.103591918945312,0.0,0.0
TECK,2012-11-01,31.899999618530273,33.689998626708984,31.860000610351562,33.66999816894531,3671600,26.51310157775879,0.0,0.0
TECK,2012-11-02,33.90999984741211,34.2599983215332,33.119998931884766,33.189998626708984,3046700,26.135143280029297,0.0,0.0
TECK,2012-11-05,32.849998474121094,33.439998626708984,32.79999923706055,32.97999954223633,2304000,25.969776153564453,0.0,0.0
TECK,2012-11-06,33.2400016784668,34.22999954223633,33.119998931884766,33.810001373291016,2318000,26.623348236083984,0.0,0.0
TECK,2012-11-07,32.91999816894531,33.279998779296875,32.5099983215332,33.130001068115234,2966300,26.087900161743164,0.0,0.0
TECK,2012-11-08,33.13999938964844,33.400001525878906,32.66999816894531,32.849998474121094,2063900,25.86740493774414,0.0,0.0
TECK,2012-11-09,32.349998474121094,33.36000061035156,32.310001373291016,32.7400016784668,2245700,25.780794143676758,0.0,0.0
TECK,2012-11-12,33.040000915527344,33.08000183105469,32.70000076293945,33.029998779296875,1251500,26.00914764404297,0.0,0.0
TECK,2012-11-13,32.40999984741211,33.209999084472656,32.27000045776367,32.72999954223633,1759800,25.772911071777344,0.0,0.0
TECK,2012-11-14,33.02000045776367,33.09000015258789,32.029998779296875,32.08000183105469,1771900,25.261085510253906,0.0,0.0
TECK,2012-11-15,31.889999389648438,32.189998626708984,31.450000762939453,31.770000457763672,1984700,25.0169677734375,0.0,0.0
TECK,2012-11-16,31.610000610351562,32.08000183105469,31.299999237060547,31.860000610351562,1861900,25.087839126586914,0.0,0.0
TECK,2012-11-19,32.720001220703125,32.72999954223633,32.0,32.2400016784668,2106000,25.387069702148438,0.0,0.0
TECK,2012-11-20,32.220001220703125,32.34000015258789,31.770000457763672,32.119998931884766,1811800,25.292573928833008,0.0,0.0
TECK,2012-11-21,32.189998626708984,32.22999954223633,31.690000534057617,31.829999923706055,940000,25.064218521118164,0.0,0.0
TECK,2012-11-23,32.68000030517578,33.040000915527344,32.47999954223633,32.599998474121094,936200,25.67054557800293,0.0,0.0
TECK,2012-11-26,32.58000183105469,32.720001220703125,32.2400016784668,32.560001373291016,1281900,25.639049530029297,0.0,0.0
TECK,2012-11-27,32.5,32.90999984741211,32.45000076293945,32.459999084472656,1213300,25.560304641723633,0.0,0.0
TECK,2012-11-28,31.979999542236328,32.54999923706055,31.889999389648438,32.380001068115234,1748100,25.497314453125,0.0,0.0
TECK,2012-11-29,32.56999969482422,33.5,32.56999969482422,33.4900016784668,2806900,26.37137222290039,0.0,0.0
TECK,2012-11-30,33.38999938964844,33.810001373291016,33.33000183105469,33.66999816894531,2081800,26.51310157775879,0.0,0.0
TECK,2012-12-03,34.119998931884766,34.41999816894531,33.47999954223633,33.599998474121094,2626200,26.457990646362305,0.0,0.0
TECK,2012-12-04,33.33000183105469,33.81999969482422,33.22999954223633,33.529998779296875,1228400,26.402868270874023,0.0,0.0
TECK,2012-12-05,33.79999923706055,35.130001068115234,33.7400016784668,34.459999084472656,3320900,27.135189056396484,0.0,0.0
TECK,2012-12-06,34.869998931884766,35.369998931884766,34.5,35.2400016784668,2267700,27.749391555786133,0.0,0.0
TECK,2012-12-07,35.310001373291016,35.599998474121094,34.349998474121094,34.849998474121094,3710400,27.442289352416992,0.0,0.0
TECK,2012-12-10,35.189998626708984,35.880001068115234,35.060001373291016,35.75,2304300,28.150981903076172,0.0,0.0
TECK,2012-12-11,35.77000045776367,36.189998626708984,35.529998779296875,35.70000076293945,1773500,28.11161994934082,0.0,0.0
TECK,2012-12-12,35.56999969482422,35.900001525878906,35.22999954223633,35.439998626708984,1996400,28.2623348236084,0.449,0.0
TECK,2012-12-13,35.22999954223633,35.52000045776367,34.2400016784668,35.13999938964844,2201500,28.023096084594727,0.0,0.0
TECK,2012-12-14,35.40999984741211,36.04999923706055,35.29999923706055,35.66999816894531,2868300,28.445743560791016,0.0,0.0
TECK,2012-12-17,35.619998931884766,35.970001220703125,35.36000061035156,35.59000015258789,1445900,28.381956100463867,0.0,0.0
TECK,2012-12-18,35.58000183105469,36.08000183105469,35.5,36.08000183105469,1577100,28.77271842956543,0.0,0.0
TECK,2012-12-19,36.040000915527344,36.790000915527344,36.029998779296875,36.369998931884766,2954500,29.00397300720215,0.0,0.0
TECK,2012-12-20,36.31999969482422,36.4900016784668,35.7599983215332,36.0099983215332,1775700,28.716896057128906,0.0,0.0
TECK,2012-12-21,35.7400016784668,36.25,35.25,36.09000015258789,2269500,28.780689239501953,0.0,0.0
TECK,2012-12-24,35.9900016784668,36.15999984741211,35.689998626708984,35.81999969482422,406100,28.565378189086914,0.0,0.0
TECK,2012-12-26,36.029998779296875,36.290000915527344,35.70000076293945,35.77000045776367,580000,28.525495529174805,0.0,0.0
TECK,2012-12-27,35.709999084472656,35.939998626708984,35.369998931884766,35.72999954223633,1274800,28.493608474731445,0.0,0.0
TECK,2012-12-28,35.529998779296875,35.599998474121094,35.189998626708984,35.220001220703125,1054600,28.08689308166504,0.0,0.0
TECK,2012-12-31,35.16999816894531,36.66999816894531,35.13999938964844,36.349998474121094,1826200,28.9880313873291,0.0,0.0
TECK,2013-01-02,37.59000015258789,38.18000030517578,37.529998779296875,38.02000045776367,2163500,30.319805145263672,0.0,0.0
TECK,2013-01-03,37.88999938964844,37.95000076293945,37.150001525878906,37.38999938964844,1582500,29.81739616394043,0.0,0.0
TECK,2013-01-04,37.310001373291016,37.790000915527344,37.150001525878906,37.7400016784668,1733000,30.09652328491211,0.0,0.0
TECK,2013-01-07,37.41999816894531,37.84000015258789,37.2400016784668,37.619998931884766,1041800,30.00081443786621,0.0,0.0
TECK,2013-01-08,37.310001373291016,37.540000915527344,36.70000076293945,36.709999084472656,1660200,29.275117874145508,0.0,0.0
TECK,2013-01-09,36.90999984741211,37.45000076293945,36.58000183105469,37.310001373291016,1983500,29.75360107421875,0.0,0.0
TECK,2013-01-10,37.79999923706055,38.56999969482422,37.58000183105469,38.36000061035156,2316600,30.5909481048584,0.0,0.0
TECK,2013-01-11,38.11000061035156,38.150001525878906,37.2599983215332,37.540000915527344,1952900,29.937021255493164,0.0,0.0
TECK,2013-01-14,37.880001068115234,38.119998931884766,37.2400016784668,37.33000183105469,1770500,29.769548416137695,0.0,0.0
TECK,2013-01-15,37.09000015258789,37.619998931884766,37.040000915527344,37.59000015258789,1029000,29.97688102722168,0.0,0.0
TECK,2013-01-16,37.22999954223633,37.22999954223633,36.709999084472656,36.83000183105469,1203700,29.370807647705078,0.0,0.0
TECK,2013-01-17,37.040000915527344,37.40999984741211,36.86000061035156,37.2599983215332,1431400,29.713722229003906,0.0,0.0
TECK,2013-01-18,37.31999969482422,37.54999923706055,36.970001220703125,37.45000076293945,967300,29.86524200439453,0.0,0.0
TECK,2013-01-22,37.189998626708984,37.79999923706055,37.18000030517578,37.790000915527344,1875200,30.136384963989258,0.0,0.0
TECK,2013-01-23,37.599998474121094,37.83000183105469,37.34000015258789,37.59000015258789,1109700,29.97688102722168,0.0,0.0
TECK,2013-01-24,37.54999923706055,38.029998779296875,37.36000061035156,37.75,1577600,30.10448455810547,0.0,0.0
TECK,2013-01-25,37.70000076293945,37.79999923706055,36.95000076293945,37.52000045776367,1408400,29.92107391357422,0.0,0.0
TECK,2013-01-28,37.529998779296875,37.779998779296875,36.88999938964844,37.0099983215332,956400,29.514358520507812,0.0,0.0
TECK,2013-01-29,37.08000183105469,37.36000061035156,36.959999084472656,37.189998626708984,974300,29.65790367126465,0.0,0.0
TECK,2013-01-30,37.18000030517578,37.43000030517578,36.380001068115234,36.459999084472656,1500300,29.075742721557617,0.0,0.0
TECK,2013-01-31,36.4900016784668,36.970001220703125,36.43000030517578,36.4900016784668,1573400,29.099674224853516,0.0,0.0
TECK,2013-02-01,36.88999938964844,37.290000915527344,36.61000061035156,37.099998474121094,1476100,29.58613395690918,0.0,0.0
TECK,2013-02-04,36.720001220703125,36.7599983215332,36.16999816894531,36.56999969482422,1302000,29.163471221923828,0.0,0.0
TECK,2013-02-05,36.560001373291016,37.189998626708984,36.560001373291016,36.9900016784668,1466100,29.498414993286133,0.0,0.0
TECK,2013-02-06,36.7599983215332,37.15999984741211,36.7599983215332,36.869998931884766,2195400,29.4027156829834,0.0,0.0
TECK,2013-02-07,36.470001220703125,36.630001068115234,34.27000045776367,34.52000045776367,4605200,27.528661727905273,0.0,0.0
TECK,2013-02-08,34.130001068115234,34.2599983215332,32.959999084472656,33.209999084472656,5183700,26.483972549438477,0.0,0.0
TECK,2013-02-11,33.09000015258789,33.33000183105469,32.79999923706055,33.20000076293945,2070800,26.47599983215332,0.0,0.0
TECK,2013-02-12,33.34000015258789,34.099998474121094,33.029998779296875,33.880001068115234,2141300,27.018281936645508,0.0,0.0
TECK,2013-02-13,33.93000030517578,34.369998931884766,33.439998626708984,33.7400016784668,1559200,26.906639099121094,0.0,0.0
TECK,2013-02-14,33.61000061035156,34.279998779296875,33.45000076293945,34.150001525878906,1722700,27.23359489440918,0.0,0.0
TECK,2013-02-15,34.0,34.0,32.970001220703125,33.09000015258789,1694300,26.38827133178711,0.0,0.0
TECK,2013-02-19,32.65999984741211,32.95000076293945,32.29999923706055,32.400001525878906,2509900,25.83802604675293,0.0,0.0
TECK,2013-02-20,32.189998626708984,32.209999084472656,31.06999969482422,31.149999618530273,2401800,24.841190338134766,0.0,0.0
TECK,2013-02-21,31.010000228881836,31.43000030517578,30.780000686645508,31.09000015258789,3303900,24.79334259033203,0.0,0.0
TECK,2013-02-22,31.209999084472656,31.40999984741211,30.799999237060547,31.100000381469727,1309800,24.801311492919922,0.0,0.0
TECK,2013-02-25,31.1299991607666,31.459999084472656,30.75,30.770000457763672,2297800,24.538148880004883,0.0,0.0
TECK,2013-02-26,30.84000015258789,30.989999771118164,30.280000686645508,30.600000381469727,2451900,24.402584075927734,0.0,0.0
TECK,2013-02-27,30.549999237060547,31.329999923706055,30.420000076293945,31.200000762939453,1699400,24.881061553955078,0.0,0.0
TECK,2013-02-28,31.209999084472656,31.40999984741211,30.729999542236328,30.889999389648438,1514300,24.63384437561035,0.0,0.0
TECK,2013-03-01,30.729999542236328,30.729999542236328,29.940000534057617,30.270000457763672,2274800,24.1394100189209,0.0,0.0
TECK,2013-03-04,30.020000457763672,30.040000915527344,29.34000015258789,29.479999542236328,2306800,23.509408950805664,0.0,0.0
TECK,2013-03-05,29.729999542236328,30.25,29.649999618530273,29.690000534057617,1964500,23.676876068115234,0.0,0.0
TECK,2013-03-06,30.010000228881836,30.670000076293945,29.799999237060547,30.579999923706055,1994700,24.386629104614258,0.0,0.0
TECK,2013-03-07,30.850000381469727,31.389999389648438,30.399999618530273,30.56999969482422,1603500,24.3786563873291,0.0,0.0
TECK,2013-03-08,30.790000915527344,30.90999984741211,30.219999313354492,30.559999465942383,1650700,24.37067985534668,0.0,0.0
TECK,2013-03-11,30.520000457763672,30.670000076293945,30.059999465942383,30.56999969482422,1165600,24.3786563873291,0.0,0.0
TECK,2013-03-12,30.68000030517578,31.31999969482422,30.6299991607666,30.799999237060547,1709900,24.562074661254883,0.0,0.0
TECK,2013-03-13,30.809999465942383,30.90999984741211,29.5,29.530000686645508,2052700,23.549283981323242,0.0,0.0
TECK,2013-03-14,29.6200008392334,29.690000534057617,29.190000534057617,29.5,1801400,23.525360107421875,0.0,0.0
TECK,2013-03-15,29.540000915527344,30.15999984741211,29.469999313354492,29.979999542236328,2396400,23.908145904541016,0.0,0.0
TECK,2013-03-18,29.459999084472656,29.829999923706055,29.100000381469727,29.18000030517578,1552800,23.270177841186523,0.0,0.0
TECK,2013-03-19,29.110000610351562,29.229999542236328,27.299999237060547,27.690000534057617,6589600,22.081947326660156,0.0,0.0
TECK,2013-03-20,28.06999969482422,28.829999923706055,27.719999313354492,28.459999084472656,4280200,22.695995330810547,0.0,0.0
TECK,2013-03-21,28.3700008392334,28.719999313354492,28.079999923706055,28.09000015258789,1970400,22.40093231201172,0.0,0.0
TECK,2013-03-22,28.1299991607666,28.280000686645508,27.75,28.1200008392334,1845400,22.42485237121582,0.0,0.0
TECK,2013-03-25,28.149999618530273,28.350000381469727,27.719999313354492,28.06999969482422,2604700,22.384979248046875,0.0,0.0
TECK,2013-03-26,28.389999389648438,28.610000610351562,28.139999389648438,28.540000915527344,2052800,22.759788513183594,0.0,0.0
TECK,2013-03-27,28.290000915527344,28.610000610351562,28.110000610351562,28.299999237060547,2242000,22.568397521972656,0.0,0.0
TECK,2013-03-28,28.219999313354492,28.389999389648438,28.0,28.15999984741211,1885700,22.456750869750977,0.0,0.0
TECK,2013-04-01,28.190000534057617,28.219999313354492,27.719999313354492,27.829999923706055,1768400,22.19359016418457,0.0,0.0
TECK,2013-04-02,27.920000076293945,28.0,27.299999237060547,27.40999984741211,2109400,21.85865020751953,0.0,0.0
TECK,2013-04-03,27.40999984741211,27.40999984741211,26.510000228881836,26.549999237060547,2853600,21.172828674316406,0.0,0.0
TECK,2013-04-04,26.559999465942383,27.149999618530273,26.309999465942383,26.850000381469727,3817500,21.41206932067871,0.0,0.0
TECK,2013-04-05,26.299999237060547,27.200000762939453,26.040000915527344,27.190000534057617,2797300,21.683208465576172,0.0,0.0
TECK,2013-04-08,27.06999969482422,27.6200008392334,26.8799991607666,27.510000228881836,2669500,21.938392639160156,0.0,0.0
TECK,2013-04-09,27.969999313354492,29.3700008392334,27.90999984741211,28.8799991607666,6776600,23.030929565429688,0.0,0.0
TECK,2013-04-10,28.950000762939453,29.219999313354492,28.530000686645508,28.739999771118164,2849100,22.919281005859375,0.0,0.0
TECK,2013-04-11,28.6299991607666,28.670000076293945,28.100000381469727,28.420000076293945,2680200,22.664091110229492,0.0,0.0
TECK,2013-04-12,27.979999542236328,28.43000030517578,27.540000915527344,27.760000228881836,3006400,22.13776397705078,0.0,0.0
TECK,2013-04-15,26.40999984741211,26.40999984741211,24.559999465942383,25.489999771118164,6632700,20.3275089263916,0.0,0.0
TECK,2013-04-16,26.18000030517578,26.399999618530273,25.65999984741211,26.219999313354492,2799400,20.909656524658203,0.0,0.0
TECK,2013-04-17,25.729999542236328,25.729999542236328,24.610000610351562,24.780000686645508,3884800,19.761306762695312,0.0,0.0
TECK,2013-04-18,25.010000228881836,25.09000015258789,24.219999313354492,24.520000457763672,5829500,19.553958892822266,0.0,0.0
TECK,2013-04-19,24.489999771118164,24.729999542236328,24.059999465942383,24.549999237060547,3511600,19.5778865814209,0.0,0.0
TECK,2013-04-22,24.709999084472656,25.420000076293945,24.3700008392334,25.350000381469727,3512600,20.215864181518555,0.0,0.0
TECK,2013-04-23,25.84000015258789,25.84000015258789,23.479999542236328,24.889999389648438,8184200,19.84902572631836,0.0,0.0
TECK,2013-04-24,25.280000686645508,26.299999237060547,25.280000686645508,26.1200008392334,4817700,20.82991600036621,0.0,0.0
TECK,2013-04-25,26.579999923706055,27.100000381469727,26.229999542236328,26.489999771118164,5175200,21.124982833862305,0.0,0.0
TECK,2013-04-26,26.329999923706055,26.350000381469727,25.530000686645508,25.84000015258789,3372400,20.60662269592285,0.0,0.0
TECK,2013-04-29,26.25,26.459999084472656,25.950000762939453,26.110000610351562,2046500,20.82193374633789,0.0,0.0
TECK,2013-04-30,25.959999084472656,26.579999923706055,25.549999237060547,26.56999969482422,2986400,21.188772201538086,0.0,0.0
TECK,2013-05-01,26.15999984741211,26.729999542236328,25.8799991607666,26.389999389648438,3873200,21.04523468017578,0.0,0.0
TECK,2013-05-02,26.489999771118164,26.700000762939453,26.100000381469727,26.59000015258789,3060000,21.204727172851562,0.0,0.0
TECK,2013-05-03,27.280000686645508,27.899999618530273,27.209999084472656,27.43000030517578,2359400,21.874601364135742,0.0,0.0
TECK,2013-05-06,27.579999923706055,27.75,27.200000762939453,27.639999389648438,1942000,22.042068481445312,0.0,0.0
TECK,2013-05-07,27.5,27.90999984741211,27.440000534057617,27.84000015258789,2131300,22.201566696166992,0.0,0.0
TECK,2013-05-08,28.110000610351562,29.3700008392334,28.06999969482422,29.239999771118164,4108800,23.31801986694336,0.0,0.0
TECK,2013-05-09,29.049999237060547,29.440000534057617,28.760000228881836,28.8700008392334,3027000,23.022960662841797,0.0,0.0
TECK,2013-05-10,28.559999465942383,29.229999542236328,28.25,29.1299991607666,2288600,23.230297088623047,0.0,0.0
TECK,2013-05-13,28.940000534057617,29.010000228881836,28.100000381469727,28.40999984741211,2676100,22.656116485595703,0.0,0.0
TECK,2013-05-14,28.280000686645508,28.280000686645508,27.3700008392334,27.579999923706055,2422800,21.994220733642578,0.0,0.0
TECK,2013-05-15,27.209999084472656,27.700000762939453,26.6299991607666,27.56999969482422,3971100,21.98624610900879,0.0,0.0
TECK,2013-05-16,27.3799991607666,27.90999984741211,27.020000457763672,27.18000030517578,3863700,21.675233840942383,0.0,0.0
TECK,2013-05-17,27.0,27.510000228881836,26.989999771118164,27.219999313354492,2997200,21.707130432128906,0.0,0.0
TECK,2013-05-20,27.229999542236328,28.0,26.93000030517578,27.979999542236328,1554500,22.31321144104004,0.0,0.0
TECK,2013-05-21,27.700000762939453,28.219999313354492,27.360000610351562,27.75,2803800,22.129793167114258,0.0,0.0
TECK,2013-05-22,27.979999542236328,28.959999084472656,27.809999465942383,28.3700008392334,4774100,22.624221801757812,0.0,0.0
TECK,2013-05-23,27.450000762939453,27.6299991607666,26.969999313354492,27.3700008392334,3860300,21.826749801635742,0.0,0.0
TECK,2013-05-24,27.06999969482422,27.56999969482422,27.040000915527344,27.239999771118164,1421500,21.72307777404785,0.0,0.0
TECK,2013-05-28,27.549999237060547,27.579999923706055,27.110000610351562,27.170000076293945,1628000,21.667259216308594,0.0,0.0
TECK,2013-05-29,27.040000915527344,27.239999771118164,26.530000686645508,26.950000762939453,2556600,21.491819381713867,0.0,0.0
TECK,2013-05-30,27.040000915527344,28.0,26.920000076293945,27.729999542236328,2569400,22.11383628845215,0.0,0.0
TECK,2013-05-31,27.440000534057617,27.520000457763672,26.68000030517578,26.690000534057617,2588600,21.284469604492188,0.0,0.0
TECK,2013-06-03,26.760000228881836,26.93000030517578,26.56999969482422,26.8799991607666,2827200,21.43599510192871,0.0,0.0
TECK,2013-06-04,26.760000228881836,27.18000030517578,26.75,26.93000030517578,2576500,21.475866317749023,0.0,0.0
TECK,2013-06-05,26.690000534057617,26.75,26.040000915527344,26.200000762939453,2483600,20.893714904785156,0.0,0.0
TECK,2013-06-06,26.1200008392334,26.389999389648438,25.8700008392334,26.09000015258789,2348500,20.805994033813477,0.0,0.0
TECK,2013-06-07,26.040000915527344,26.079999923706055,25.040000915527344,25.170000076293945,3762400,20.07231903076172,0.0,0.0
TECK,2013-06-10,25.079999923706055,25.149999618530273,24.299999237060547,24.56999969482422,3882800,19.59383773803711,0.0,0.0
TECK,2013-06-11,24.1200008392334,24.709999084472656,23.850000381469727,24.329999923706055,3380400,19.40244483947754,0.0,0.0
TECK,2013-06-12,24.270000457763672,24.329999923706055,23.520000457763672,23.579999923706055,2537200,19.14986801147461,0.439,0.0
TECK,2013-06-13,23.5,24.43000030517578,23.40999984741211,24.34000015258789,3838100,19.76708221435547,0.0,0.0
TECK,2013-06-14,24.360000610351562,24.600000381469727,23.530000686645508,23.530000686645508,2620400,19.10926628112793,0.0,0.0
TECK,2013-06-17,23.799999237060547,24.059999465942383,23.469999313354492,23.469999313354492,2071400,19.0605411529541,0.0,0.0
TECK,2013-06-18,23.360000610351562,23.690000534057617,23.1200008392334,23.56999969482422,1699600,19.14175033569336,0.0,0.0
TECK,2013-06-19,23.360000610351562,23.59000015258789,22.350000381469727,22.399999618530273,3793400,18.191560745239258,0.0,0.0
TECK,2013-06-20,21.360000610351562,22.0,20.920000076293945,21.739999771118164,4710900,17.655563354492188,0.0,0.0
TECK,2013-06-21,21.809999465942383,21.979999542236328,20.81999969482422,21.799999237060547,4017400,17.704296112060547,0.0,0.0
TECK,2013-06-24,21.149999618530273,21.309999465942383,20.200000762939453,20.270000457763672,4005200,16.461746215820312,0.0,0.0
TECK,2013-06-25,20.540000915527344,21.0,20.329999923706055,20.850000381469727,2950400,16.932775497436523,0.0,0.0
TECK,2013-06-26,21.3799991607666,21.56999969482422,20.65999984741211,20.75,3310600,16.851558685302734,0.0,0.0
TECK,2013-06-27,21.059999465942383,21.43000030517578,20.969999313354492,21.270000457763672,2319400,17.27386474609375,0.0,0.0
TECK,2013-06-28,21.139999389648438,21.489999771118164,20.899999618530273,21.3700008392334,2161300,17.355085372924805,0.0,0.0
TECK,2013-07-01,21.610000610351562,21.75,21.290000915527344,21.309999465942383,1525800,17.306346893310547,0.0,0.0
TECK,2013-07-02,21.34000015258789,21.34000015258789,20.280000686645508,20.540000915527344,2866700,16.68101692199707,0.0,0.0
TECK,2013-07-03,20.520000457763672,20.709999084472656,20.309999465942383,20.360000610351562,2002400,16.534833908081055,0.0,0.0
TECK,2013-07-05,20.940000534057617,20.989999771118164,20.06999969482422,20.399999618530273,2356100,16.567319869995117,0.0,0.0
TECK,2013-07-08,20.579999923706055,20.6200008392334,19.979999542236328,20.06999969482422,2878700,16.29931640625,0.0,0.0
TECK,2013-07-09,20.270000457763672,21.3700008392334,20.170000076293945,21.25,4658500,17.25762939453125,0.0,0.0
TECK,2013-07-10,21.350000381469727,21.3799991607666,20.56999969482422,20.780000686645508,2750000,16.875930786132812,0.0,0.0
TECK,2013-07-11,21.770000457763672,22.479999542236328,21.639999389648438,22.420000076293945,2715100,18.207809448242188,0.0,0.0
TECK,2013-07-12,22.3799991607666,22.3799991607666,21.75,21.979999542236328,1867500,17.850479125976562,0.0,0.0
TECK,2013-07-15,22.049999237060547,22.290000915527344,21.940000534057617,22.260000228881836,1090900,18.077871322631836,0.0,0.0
TECK,2013-07-16,22.469999313354492,22.899999618530273,22.360000610351562,22.860000610351562,1858100,18.565139770507812,0.0,0.0
TECK,2013-07-17,22.899999618530273,23.149999618530273,22.690000534057617,22.75,1822900,18.475807189941406,0.0,0.0
TECK,2013-07-18,22.84000015258789,23.270000457763672,22.700000762939453,22.719999313354492,1757700,18.451446533203125,0.0,0.0
TECK,2013-07-19,22.690000534057617,22.969999313354492,22.479999542236328,22.649999618530273,1719000,18.39459800720215,0.0,0.0
TECK,2013-07-22,22.989999771118164,23.25,22.81999969482422,23.15999984741211,1276400,18.80877685546875,0.0,0.0
TECK,2013-07-23,23.40999984741211,23.899999618530273,23.40999984741211,23.690000534057617,2429600,19.239206314086914,0.0,0.0
TECK,2013-07-24,23.729999542236328,23.739999771118164,22.649999618530273,22.950000762939453,1778400,18.638235092163086,0.0,0.0
TECK,2013-07-25,23.190000534057617,24.09000015258789,23.059999465942383,23.809999465942383,4880400,19.336660385131836,0.0,0.0
TECK,2013-07-26,23.530000686645508,24.56999969482422,23.510000228881836,24.440000534057617,2527400,19.84830093383789,0.0,0.0
TECK,2013-07-29,24.350000381469727,24.530000686645508,23.84000015258789,24.030000686645508,2904000,19.51532554626465,0.0,0.0
TECK,2013-07-30,24.100000381469727,24.139999389648438,23.549999237060547,23.65999984741211,2681900,19.21484375,0.0,0.0
TECK,2013-07-31,23.6200008392334,23.8700008392334,23.309999465942383,23.43000030517578,2314700,19.028051376342773,0.0,0.0
TECK,2013-08-01,23.81999969482422,23.93000030517578,23.34000015258789,23.709999084472656,2115900,19.25544548034668,0.0,0.0
TECK,2013-08-02,23.639999389648438,24.139999389648438,23.549999237060547,23.829999923706055,1781600,19.352903366088867,0.0,0.0
TECK,2013-08-05,24.290000915527344,24.479999542236328,23.969999313354492,24.040000915527344,1479000,19.523447036743164,0.0,0.0
TECK,2013-08-06,24.15999984741211,24.25,23.440000534057617,23.59000015258789,1832100,19.157989501953125,0.0,0.0
TECK,2013-08-07,23.389999389648438,23.729999542236328,23.280000686645508,23.450000762939453,1931500,19.044296264648438,0.0,0.0
TECK,2013-08-08,23.889999389648438,25.829999923706055,23.8799991607666,25.479999542236328,4750800,20.692907333374023,0.0,0.0
TECK,2013-08-09,25.600000381469727,26.700000762939453,25.43000030517578,26.540000915527344,4391600,21.55375862121582,0.0,0.0
TECK,2013-08-12,26.700000762939453,27.5,26.65999984741211,27.290000915527344,4435500,22.162851333618164,0.0,0.0
TECK,2013-08-13,27.559999465942383,27.559999465942383,26.59000015258789,26.770000457763672,2830300,21.74055290222168,0.0,0.0
TECK,2013-08-14,26.729999542236328,27.84000015258789,26.559999465942383,27.520000457763672,2790400,22.34964370727539,0.0,0.0
TECK,2013-08-15,27.049999237060547,28.229999542236328,26.889999389648438,28.200000762939453,3488600,22.90188980102539,0.0,0.0
TECK,2013-08-16,28.100000381469727,28.309999465942383,27.530000686645508,27.790000915527344,3106000,22.56891441345215,0.0,0.0
TECK,2013-08-19,27.65999984741211,27.709999084472656,27.1200008392334,27.149999618530273,2117500,22.049158096313477,0.0,0.0
TECK,2013-08-20,26.709999084472656,26.969999313354492,26.399999618530273,26.510000228881836,2514800,21.529396057128906,0.0,0.0
TECK,2013-08-21,26.219999313354492,26.219999313354492,25.049999237060547,25.09000015258789,3296200,20.37618064880371,0.0,0.0
TECK,2013-08-22,25.709999084472656,26.110000610351562,25.510000228881836,26.010000228881836,2738300,21.123332977294922,0.0,0.0
TECK,2013-08-23,25.989999771118164,26.670000076293945,25.809999465942383,26.260000228881836,1900900,21.32636260986328,0.0,0.0
TECK,2013-08-26,26.34000015258789,26.59000015258789,26.020000457763672,26.260000228881836,1222700,21.32636260986328,0.0,0.0
TECK,2013-08-27,25.850000381469727,26.40999984741211,25.530000686645508,25.540000915527344,2318700,20.741636276245117,0.0,0.0
TECK,2013-08-28,25.56999969482422,26.290000915527344,25.389999389648438,25.709999084472656,2262000,20.879697799682617,0.0,0.0
TECK,2013-08-29,25.639999389648438,25.959999084472656,25.25,25.450000762939453,1893600,20.668550491333008,0.0,0.0
TECK,2013-08-30,25.450000762939453,25.6200008392334,25.229999542236328,25.239999771118164,1491900,20.497995376586914,0.0,0.0
TECK,2013-09-03,26.010000228881836,26.40999984741211,25.84000015258789,26.010000228881836,2695900,21.123332977294922,0.0,0.0
TECK,2013-09-04,25.770000457763672,26.309999465942383,25.700000762939453,26.270000457763672,2252300,21.334487915039062,0.0,0.0
TECK,2013-09-05,26.209999084472656,26.479999542236328,26.139999389648438,26.280000686645508,1229100,21.342609405517578,0.0,0.0
TECK,2013-09-06,26.809999465942383,27.290000915527344,26.729999542236328,26.770000457763672,2066700,21.74055290222168,0.0,0.0
TECK,2013-09-09,27.079999923706055,28.329999923706055,26.979999542236328,28.270000457763672,3012600,22.958728790283203,0.0,0.0
TECK,2013-09-10,28.6200008392334,29.110000610351562,28.280000686645508,28.510000228881836,2807300,23.15364646911621,0.0,0.0
TECK,2013-09-11,28.479999542236328,28.690000534057617,27.790000915527344,28.59000015258789,2285900,23.218610763549805,0.0,0.0
TECK,2013-09-12,27.940000534057617,28.020000457763672,27.34000015258789,27.540000915527344,1787100,22.365880966186523,0.0,0.0
TECK,2013-09-13,27.399999618530273,27.420000076293945,26.940000534057617,27.09000015258789,2298500,22.000425338745117,0.0,0.0
TECK,2013-09-16,27.649999618530273,27.739999771118164,27.239999771118164,27.299999237060547,2257600,22.170963287353516,0.0,0.0
TECK,2013-09-17,27.239999771118164,27.799999237060547,27.239999771118164,27.719999313354492,1138900,22.51206398010254,0.0,0.0
TECK,2013-09-18,27.739999771118164,29.079999923706055,27.489999771118164,28.799999237060547,2928800,23.3891544342041,0.0,0.0
TECK,2013-09-19,29.190000534057617,29.219999313354492,28.479999542236328,28.59000015258789,2230000,23.218610763549805,0.0,0.0
TECK,2013-09-20,28.770000457763672,28.790000915527344,27.600000381469727,27.6200008392334,2119500,22.430850982666016,0.0,0.0
TECK,2013-09-23,27.65999984741211,28.0,27.3700008392334,27.43000030517578,1519700,22.27655029296875,0.0,0.0
TECK,2013-09-24,27.360000610351562,27.920000076293945,27.100000381469727,27.3799991607666,1423400,22.235939025878906,0.0,0.0
TECK,2013-09-25,27.6200008392334,28.15999984741211,27.579999923706055,27.719999313354492,1146000,22.51206398010254,0.0,0.0
TECK,2013-09-26,27.93000030517578,28.739999771118164,27.90999984741211,28.399999618530273,1317400,23.06430435180664,0.0,0.0
TECK,2013-09-27,28.1299991607666,28.299999237060547,27.1200008392334,27.280000686645508,1984600,22.154735565185547,0.0,0.0
TECK,2013-09-30,26.850000381469727,27.209999084472656,26.559999465942383,26.84000015258789,1800000,21.79739761352539,0.0,0.0
TECK,2013-10-01,26.719999313354492,26.780000686645508,26.200000762939453,26.600000381469727,2598900,21.60248565673828,0.0,0.0
TECK,2013-10-02,26.450000762939453,27.0,26.31999969482422,26.979999542236328,1244100,21.911090850830078,0.0,0.0
TECK,2013-10-03,26.93000030517578,27.25,26.280000686645508,26.479999542236328,1266300,21.505029678344727,0.0,0.0
TECK,2013-10-04,26.559999465942383,27.25,26.489999771118164,27.06999969482422,1212200,21.984176635742188,0.0,0.0
TECK,2013-10-07,26.540000915527344,27.0,26.469999313354492,26.5,948100,21.521276473999023,0.0,0.0
TECK,2013-10-08,26.479999542236328,26.610000610351562,25.3799991607666,25.6200008392334,2647700,20.806602478027344,0.0,0.0
TECK,2013-10-09,25.540000915527344,25.639999389648438,25.239999771118164,25.440000534057617,1623400,20.660425186157227,0.0,0.0
TECK,2013-10-10,25.979999542236328,25.979999542236328,25.579999923706055,25.739999771118164,1468100,20.904064178466797,0.0,0.0
TECK,2013-10-11,25.780000686645508,26.260000228881836,25.290000915527344,26.25,1752600,21.318239212036133,0.0,0.0
TECK,2013-10-14,26.239999771118164,26.979999542236328,26.059999465942383,26.829999923706055,1600000,21.789274215698242,0.0,0.0
TECK,2013-10-15,26.68000030517578,27.170000076293945,26.270000457763672,26.860000610351562,1398500,21.813631057739258,0.0,0.0
TECK,2013-10-16,26.899999618530273,27.1200008392334,26.600000381469727,27.030000686645508,1170100,21.95170021057129,0.0,0.0
TECK,2013-10-17,27.170000076293945,27.68000030517578,27.030000686645508,27.329999923706055,1631500,22.19533348083496,0.0,0.0
TECK,2013-10-18,27.520000457763672,27.530000686645508,27.190000534057617,27.5,828800,22.333393096923828,0.0,0.0
TECK,2013-10-21,27.649999618530273,27.75,27.309999465942383,27.68000030517578,1950700,22.479578018188477,0.0,0.0
TECK,2013-10-22,28.030000686645508,29.059999465942383,28.030000686645508,28.90999984741211,5013700,23.47848892211914,0.0,0.0
TECK,2013-10-23,28.420000076293945,28.420000076293945,27.59000015258789,28.34000015258789,4197800,23.015581130981445,0.0,0.0
TECK,2013-10-24,28.860000610351562,30.020000457763672,28.81999969482422,29.290000915527344,3677000,23.78709602355957,0.0,0.0
TECK,2013-10-25,29.15999984741211,29.399999618530273,28.6200008392334,28.959999084472656,1852500,23.51909637451172,0.0,0.0
TECK,2013-10-28,28.579999923706055,28.799999237060547,28.25,28.40999984741211,1859000,23.07242774963379,0.0,0.0
TECK,2013-10-29,28.6200008392334,28.65999984741211,28.079999923706055,28.290000915527344,1320400,22.9749755859375,0.0,0.0
TECK,2013-10-30,28.489999771118164,28.670000076293945,27.530000686645508,27.940000534057617,3013400,22.690732955932617,0.0,0.0
TECK,2013-10-31,27.790000915527344,27.829999923706055,26.729999542236328,26.739999771118164,3891900,21.7161808013916,0.0,0.0
TECK,2013-11-01,26.84000015258789,27.15999984741211,26.579999923706055,27.020000457763672,3531800,21.94357681274414,0.0,0.0
TECK,2013-11-04,27.280000686645508,27.469999313354492,26.959999084472656,27.440000534057617,2785800,22.284671783447266,0.0,0.0
TECK,2013-11-05,27.34000015258789,27.510000228881836,26.979999542236328,27.459999084472656,2639500,22.300914764404297,0.0,0.0
TECK,2013-11-06,27.610000610351562,27.950000762939453,27.510000228881836,27.780000686645508,2753700,22.560791015625,0.0,0.0
TECK,2013-11-07,28.010000228881836,28.049999237060547,26.90999984741211,26.959999084472656,2125700,21.894847869873047,0.0,0.0
TECK,2013-11-08,26.700000762939453,27.219999313354492,26.440000534057617,27.110000610351562,1480600,22.01666831970215,0.0,0.0
TECK,2013-11-11,27.06999969482422,27.079999923706055,26.6200008392334,26.850000381469727,1246700,21.80551528930664,0.0,0.0
TECK,2013-11-12,26.84000015258789,26.850000381469727,25.920000076293945,25.969999313354492,2197700,21.090852737426758,0.0,0.0
TECK,2013-11-13,25.649999618530273,26.389999389648438,25.43000030517578,26.149999618530273,2279900,21.237030029296875,0.0,0.0
TECK,2013-11-14,26.15999984741211,26.200000762939453,25.75,26.149999618530273,1040700,21.237030029296875,0.0,0.0
TECK,2013-11-15,26.139999389648438,26.309999465942383,25.920000076293945,26.229999542236328,1388500,21.301998138427734,0.0,0.0
TECK,2013-11-18,26.40999984741211,26.6299991607666,25.969999313354492,26.049999237060547,1869300,21.155818939208984,0.0,0.0
TECK,2013-11-19,26.049999237060547,26.229999542236328,25.729999542236328,25.809999465942383,1448300,20.960905075073242,0.0,0.0
TECK,2013-11-20,26.020000457763672,26.049999237060547,25.420000076293945,25.65999984741211,1716200,20.839086532592773,0.0,0.0
TECK,2013-11-21,25.579999923706055,25.75,25.239999771118164,25.479999542236328,1785800,20.692907333374023,0.0,0.0
TECK,2013-11-22,25.43000030517578,25.5,25.190000534057617,25.209999084472656,1605900,20.4736385345459,0.0,0.0
TECK,2013-11-25,25.1200008392334,25.200000762939453,24.690000534057617,24.739999771118164,1509700,20.091936111450195,0.0,0.0
TECK,2013-11-26,24.6299991607666,24.65999984741211,24.170000076293945,24.229999542236328,2078600,19.677751541137695,0.0,0.0
TECK,2013-11-27,24.31999969482422,24.3799991607666,23.719999313354492,23.829999923706055,2812500,19.352903366088867,0.0,0.0
TECK,2013-11-29,24.540000915527344,24.540000915527344,24.149999618530273,24.209999084472656,1504600,19.661510467529297,0.0,0.0
TECK,2013-12-02,23.959999084472656,24.18000030517578,23.81999969482422,23.899999618530273,1541600,19.409753799438477,0.0,0.0
TECK,2013-12-03,23.829999923706055,24.0,23.600000381469727,23.700000762939453,2143100,19.24732780456543,0.0,0.0
TECK,2013-12-04,23.729999542236328,24.030000686645508,23.540000915527344,23.709999084472656,2000400,19.25544548034668,0.0,0.0
TECK,2013-12-05,23.59000015258789,23.729999542236328,23.450000762939453,23.450000762939453,1794400,19.044296264648438,0.0,0.0
TECK,2013-12-06,23.709999084472656,23.760000228881836,23.31999969482422,23.459999084472656,1583100,19.05242156982422,0.0,0.0
TECK,2013-12-09,23.5,23.799999237060547,23.459999084472656,23.690000534057617,1675900,19.239206314086914,0.0,0.0
TECK,2013-12-10,23.850000381469727,24.149999618530273,23.790000915527344,24.1200008392334,2348600,19.588422775268555,0.0,0.0
TECK,2013-12-11,24.100000381469727,24.100000381469727,23.260000228881836,23.309999465942383,2703000,18.93060302734375,0.0,0.0
TECK,2013-12-12,22.899999618530273,23.079999923706055,22.559999465942383,22.989999771118164,1950700,19.017457962036133,0.425,0.0
TECK,2013-12-13,22.940000534057617,23.170000076293945,22.8799991607666,22.989999771118164,1876000,19.017457962036133,0.0,0.0
TECK,2013-12-16,23.1299991607666,23.34000015258789,23.059999465942383,23.200000762939453,1112500,19.191173553466797,0.0,0.0
TECK,2013-12-17,23.1200008392334,23.170000076293945,22.989999771118164,23.030000686645508,1000800,19.050548553466797,0.0,0.0
TECK,2013-12-18,23.020000457763672,23.399999618530273,22.920000076293945,23.139999389648438,1670500,19.141538619995117,0.0,0.0
TECK,2013-12-19,23.139999389648438,24.06999969482422,23.0,24.049999237060547,2107700,19.894296646118164,0.0,0.0
TECK,2013-12-20,24.049999237060547,24.700000762939453,23.989999771118164,24.670000076293945,3311000,20.40715789794922,0.0,0.0
TECK,2013-12-23,24.889999389648438,24.889999389648438,24.459999084472656,24.649999618530273,1782200,20.390615463256836,0.0,0.0
TECK,2013-12-24,24.6299991607666,25.350000381469727,24.610000610351562,25.25,1485000,20.886940002441406,0.0,0.0
TECK,2013-12-26,25.25,25.739999771118164,25.200000762939453,25.3799991607666,1293400,20.99448013305664,0.0,0.0
TECK,2013-12-27,25.239999771118164,25.6299991607666,25.1299991607666,25.6299991607666,1218400,21.201274871826172,0.0,0.0
TECK,2013-12-30,25.75,25.8799991607666,25.549999237060547,25.65999984741211,1304000,21.226093292236328,0.0,0.0
TECK,2013-12-31,25.65999984741211,26.209999084472656,25.59000015258789,26.010000228881836,1595700,21.515613555908203,0.0,0.0
TECK,2014-01-02,25.790000915527344,26.010000228881836,25.540000915527344,25.84000015258789,1607200,21.37499237060547,0.0,0.0
TECK,2014-01-03,25.8799991607666,26.040000915527344,25.280000686645508,25.299999237060547,1823000,20.928302764892578,0.0,0.0
TECK,2014-01-06,25.229999542236328,25.3700008392334,24.81999969482422,25.110000610351562,1978000,20.77113151550293,0.0,0.0
TECK,2014-01-07,25.149999618530273,25.170000076293945,24.700000762939453,24.700000762939453,1839700,20.431974411010742,0.0,0.0
TECK,2014-01-08,24.68000030517578,24.68000030517578,24.079999923706055,24.360000610351562,2847300,20.150724411010742,0.0,0.0
TECK,2014-01-09,24.079999923706055,24.079999923706055,23.399999618530273,23.690000534057617,3633400,19.59649658203125,0.0,0.0
TECK,2014-01-10,23.719999313354492,24.200000762939453,23.670000076293945,23.770000457763672,1957100,19.662675857543945,0.0,0.0
TECK,2014-01-13,23.81999969482422,24.040000915527344,23.81999969482422,24.0,2179400,19.852935791015625,0.0,0.0
TECK,2014-01-14,24.010000228881836,24.489999771118164,23.899999618530273,24.010000228881836,3074500,19.8612060546875,0.0,0.0
TECK,2014-01-15,24.06999969482422,25.06999969482422,23.93000030517578,24.969999313354492,2775300,20.65532684326172,0.0,0.0
TECK,2014-01-16,24.940000534057617,26.100000381469727,24.940000534057617,26.09000015258789,3233300,21.581796646118164,0.0,0.0
TECK,2014-01-17,26.100000381469727,26.440000534057617,25.829999923706055,26.079999923706055,2115100,21.573522567749023,0.0,0.0
TECK,2014-01-21,26.31999969482422,26.329999923706055,25.610000610351562,25.6299991607666,2608400,21.201274871826172,0.0,0.0
TECK,2014-01-22,25.600000381469727,25.610000610351562,24.719999313354492,24.75,2659000,20.47334098815918,0.0,0.0
TECK,2014-01-23,24.459999084472656,24.899999618530273,24.3799991607666,24.479999542236328,1907100,20.249990463256836,0.0,0.0
TECK,2014-01-24,24.309999465942383,24.329999923706055,23.600000381469727,24.010000228881836,3028400,19.8612060546875,0.0,0.0
TECK,2014-01-27,24.15999984741211,24.450000762939453,23.829999923706055,24.170000076293945,2689600,19.993558883666992,0.0,0.0
TECK,2014-01-28,24.3700008392334,24.940000534057617,24.139999389648438,24.8799991607666,2710100,20.58087158203125,0.0,0.0
TECK,2014-01-29,24.56999969482422,24.8799991607666,24.350000381469727,24.780000686645508,1956300,20.498153686523438,0.0,0.0
TECK,2014-01-30,24.860000610351562,24.8700008392334,24.290000915527344,24.360000610351562,1470800,20.150724411010742,0.0,0.0
TECK,2014-01-31,24.0,24.200000762939453,23.649999618530273,24.020000457763672,1551000,19.869476318359375,0.0,0.0
TECK,2014-02-03,24.1200008392334,24.149999618530273,23.549999237060547,23.65999984741211,3224900,19.57168197631836,0.0,0.0
TECK,2014-02-04,23.75,24.010000228881836,23.579999923706055,23.790000915527344,2060600,19.679216384887695,0.0,0.0
TECK,2014-02-05,23.770000457763672,23.829999923706055,23.520000457763672,23.770000457763672,1177400,19.662675857543945,0.0,0.0
TECK,2014-02-06,23.81999969482422,24.469999313354492,23.6200008392334,24.329999923706055,1472700,20.125913619995117,0.0,0.0
TECK,2014-02-07,24.6299991607666,24.790000915527344,24.31999969482422,24.739999771118164,1785500,20.465063095092773,0.0,0.0
TECK,2014-02-10,24.729999542236328,24.969999313354492,24.59000015258789,24.790000915527344,2070600,20.506431579589844,0.0,0.0
TECK,2014-02-11,24.829999923706055,25.360000610351562,24.739999771118164,25.15999984741211,2299700,20.812496185302734,0.0,0.0
TECK,2014-02-12,25.639999389648438,25.639999389648438,25.1299991607666,25.360000610351562,1871700,20.977933883666992,0.0,0.0
TECK,2014-02-13,24.31999969482422,24.459999084472656,23.610000610351562,23.68000030517578,5162200,19.588232040405273,0.0,0.0
TECK,2014-02-14,23.690000534057617,23.959999084472656,23.420000076293945,23.8799991607666,3511800,19.7536678314209,0.0,0.0
TECK,2014-02-18,24.020000457763672,24.06999969482422,23.600000381469727,23.65999984741211,2478500,19.57168197631836,0.0,0.0
TECK,2014-02-19,23.5,23.719999313354492,23.260000228881836,23.31999969482422,3947800,19.290430068969727,0.0,0.0
TECK,2014-02-20,23.290000915527344,23.5,23.25,23.389999389648438,1995400,19.34833526611328,0.0,0.0
TECK,2014-02-21,23.299999237060547,23.399999618530273,22.799999237060547,23.170000076293945,2939900,19.166353225708008,0.0,0.0
TECK,2014-02-24,23.209999084472656,23.219999313354492,22.510000228881836,22.600000381469727,1899000,18.69485092163086,0.0,0.0
TECK,2014-02-25,22.530000686645508,22.530000686645508,21.940000534057617,22.1299991607666,3418600,18.306055068969727,0.0,0.0
TECK,2014-02-26,22.149999618530273,22.290000915527344,22.040000915527344,22.18000030517578,1957000,18.3474178314209,0.0,0.0
TECK,2014-02-27,22.200000762939453,22.40999984741211,22.09000015258789,22.360000610351562,2221500,18.496318817138672,0.0,0.0
TECK,2014-02-28,22.450000762939453,22.469999313354492,22.209999084472656,22.229999542236328,1475900,18.38878059387207,0.0,0.0
TECK,2014-03-03,22.049999237060547,22.149999618530273,21.700000762939453,21.940000534057617,2053800,18.148887634277344,0.0,0.0
TECK,2014-03-04,22.170000076293945,22.34000015258789,21.969999313354492,22.25,1822600,18.405324935913086,0.0,0.0
TECK,2014-03-05,22.280000686645508,22.290000915527344,22.079999923706055,22.270000457763672,1420000,18.421865463256836,0.0,0.0
TECK,2014-03-06,22.489999771118164,23.25,22.420000076293945,22.989999771118164,2463300,19.017457962036133,0.0,0.0
TECK,2014-03-07,22.799999237060547,22.799999237060547,22.0,22.0,2054600,18.198518753051758,0.0,0.0
TECK,2014-03-10,21.809999465942383,21.860000610351562,21.25,21.450000762939453,2476900,17.743560791015625,0.0,0.0
TECK,2014-03-11,21.520000457763672,21.540000915527344,20.649999618530273,20.700000762939453,2685900,17.123157501220703,0.0,0.0
TECK,2014-03-12,20.56999969482422,21.010000228881836,20.489999771118164,20.940000534057617,2051500,17.321683883666992,0.0,0.0
TECK,2014-03-13,21.06999969482422,21.079999923706055,20.530000686645508,20.530000686645508,1141200,16.982526779174805,0.0,0.0
TECK,2014-03-14,20.559999465942383,20.84000015258789,20.450000762939453,20.6200008392334,1072700,17.05698013305664,0.0,0.0
TECK,2014-03-17,20.799999237060547,21.100000381469727,20.760000228881836,21.010000228881836,1420400,17.379589080810547,0.0,0.0
TECK,2014-03-18,21.020000457763672,21.450000762939453,20.899999618530273,21.1200008392334,1392200,17.470579147338867,0.0,0.0
TECK,2014-03-19,20.790000915527344,20.969999313354492,20.3799991607666,20.520000457763672,1999400,16.974260330200195,0.0,0.0
TECK,2014-03-20,20.200000762939453,20.75,19.989999771118164,20.440000534057617,2280400,16.9080810546875,0.0,0.0
TECK,2014-03-21,20.729999542236328,21.149999618530273,20.600000381469727,21.1200008392334,2608700,17.470579147338867,0.0,0.0
TECK,2014-03-24,21.15999984741211,21.280000686645508,20.780000686645508,20.90999984741211,2460100,17.296873092651367,0.0,0.0
TECK,2014-03-25,21.3700008392334,21.790000915527344,21.34000015258789,21.670000076293945,2371400,17.92554473876953,0.0,0.0
TECK,2014-03-26,21.809999465942383,21.809999465942383,20.979999542236328,21.020000457763672,1718100,17.387863159179688,0.0,0.0
TECK,2014-03-27,21.09000015258789,21.510000228881836,21.06999969482422,21.170000076293945,1457600,17.51194190979004,0.0,0.0
TECK,2014-03-28,21.440000534057617,21.690000534057617,21.43000030517578,21.600000381469727,3352300,17.867639541625977,0.0,0.0
TECK,2014-03-31,21.790000915527344,21.81999969482422,21.510000228881836,21.68000030517578,1644300,17.933820724487305,0.0,0.0
TECK,2014-04-01,21.809999465942383,21.93000030517578,21.579999923706055,21.799999237060547,2192600,18.033084869384766,0.0,0.0
TECK,2014-04-02,21.829999923706055,22.149999618530273,21.780000686645508,22.059999465942383,1354400,18.248153686523438,0.0,0.0
TECK,2014-04-03,21.959999084472656,22.1299991607666,21.719999313354492,22.010000228881836,3028500,18.206789016723633,0.0,0.0
TECK,2014-04-04,22.25,22.649999618530273,22.15999984741211,22.239999771118164,2908000,18.397050857543945,0.0,0.0
TECK,2014-04-07,22.270000457763672,22.709999084472656,22.219999313354492,22.479999542236328,2529700,18.5955867767334,0.0,0.0
TECK,2014-04-08,22.690000534057617,23.899999618530273,22.690000534057617,23.469999313354492,5839100,19.41451644897461,0.0,0.0
TECK,2014-04-09,23.489999771118164,23.600000381469727,22.959999084472656,23.270000457763672,5569100,19.24907875061035,0.0,0.0
TECK,2014-04-10,23.09000015258789,23.15999984741211,22.579999923706055,22.649999618530273,2191400,18.7362060546875,0.0,0.0
TECK,2014-04-11,22.489999771118164,22.850000381469727,22.31999969482422,22.450000762939453,1966400,18.570768356323242,0.0,0.0
TECK,2014-04-14,22.59000015258789,23.06999969482422,22.469999313354492,22.770000457763672,1839900,18.83546257019043,0.0,0.0
TECK,2014-04-15,22.389999389648438,22.719999313354492,21.809999465942383,22.229999542236328,2890800,18.38878059387207,0.0,0.0
TECK,2014-04-16,22.520000457763672,22.59000015258789,22.049999237060547,22.15999984741211,2180100,18.33087921142578,0.0,0.0
TECK,2014-04-17,22.170000076293945,22.260000228881836,21.829999923706055,22.06999969482422,2608100,18.256425857543945,0.0,0.0
TECK,2014-04-21,22.110000610351562,22.1200008392334,21.649999618530273,21.790000915527344,1976800,18.024812698364258,0.0,0.0
TECK,2014-04-22,21.459999084472656,22.309999465942383,21.459999084472656,22.290000915527344,2618200,18.438417434692383,0.0,0.0
TECK,2014-04-23,22.079999923706055,22.489999771118164,22.0,22.420000076293945,2981100,18.545948028564453,0.0,0.0
TECK,2014-04-24,22.610000610351562,22.75,22.389999389648438,22.469999313354492,1700500,18.587308883666992,0.0,0.0
TECK,2014-04-25,22.399999618530273,22.690000534057617,22.200000762939453,22.479999542236328,1582400,18.5955867767334,0.0,0.0
TECK,2014-04-28,22.450000762939453,22.450000762939453,21.920000076293945,22.020000457763672,1559100,18.215068817138672,0.0,0.0
TECK,2014-04-29,22.1299991607666,22.530000686645508,21.969999313354492,22.5,1650400,18.612123489379883,0.0,0.0
TECK,2014-04-30,22.40999984741211,22.860000610351562,22.3700008392334,22.770000457763672,1382500,18.83546257019043,0.0,0.0
TECK,2014-05-01,22.65999984741211,23.6200008392334,22.579999923706055,23.299999237060547,3789900,19.27389144897461,0.0,0.0
TECK,2014-05-02,23.260000228881836,23.40999984741211,22.950000762939453,23.1200008392334,1810600,19.12499237060547,0.0,0.0
TECK,2014-05-05,23.010000228881836,23.030000686645508,22.450000762939453,22.56999969482422,5087400,18.670026779174805,0.0,0.0
TECK,2014-05-06,22.639999389648438,22.760000228881836,22.5,22.59000015258789,3519400,18.686573028564453,0.0,0.0
TECK,2014-05-07,22.65999984741211,22.670000076293945,22.239999771118164,22.309999465942383,2611200,18.454952239990234,0.0,0.0
TECK,2014-05-08,22.31999969482422,22.75,22.270000457763672,22.549999237060547,2006300,18.653488159179688,0.0,0.0
TECK,2014-05-09,22.510000228881836,22.610000610351562,22.280000686645508,22.389999389648438,1651900,18.521127700805664,0.0,0.0
TECK,2014-05-12,22.790000915527344,23.350000381469727,22.780000686645508,23.290000915527344,2899800,19.2656192779541,0.0,0.0
TECK,2014-05-13,23.31999969482422,23.549999237060547,23.040000915527344,23.40999984741211,1536500,19.36488914489746,0.0,0.0
TECK,2014-05-14,23.469999313354492,23.760000228881836,23.15999984741211,23.219999313354492,2640700,19.20771598815918,0.0,0.0
TECK,2014-05-15,23.350000381469727,23.3700008392334,22.780000686645508,22.889999389648438,2507600,18.934738159179688,0.0,0.0
TECK,2014-05-16,22.739999771118164,22.770000457763672,22.43000030517578,22.68000030517578,3126800,18.76102638244629,0.0,0.0
TECK,2014-05-19,22.649999618530273,23.190000534057617,22.6299991607666,23.149999618530273,1345400,19.149803161621094,0.0,0.0
TECK,2014-05-20,22.90999984741211,22.920000076293945,22.350000381469727,22.5,2112700,18.612123489379883,0.0,0.0
TECK,2014-05-21,22.600000381469727,22.709999084472656,22.3799991607666,22.6200008392334,1113400,18.71139144897461,0.0,0.0
TECK,2014-05-22,22.770000457763672,23.030000686645508,22.68000030517578,22.8700008392334,1812100,18.918190002441406,0.0,0.0
TECK,2014-05-23,22.90999984741211,23.350000381469727,22.8700008392334,23.309999465942383,1687400,19.28215980529785,0.0,0.0
TECK,2014-05-27,23.40999984741211,23.479999542236328,23.020000457763672,23.25,1981500,19.232526779174805,0.0,0.0
TECK,2014-05-28,23.100000381469727,23.1200008392334,22.56999969482422,22.56999969482422,2135100,18.670026779174805,0.0,0.0
TECK,2014-05-29,22.690000534057617,22.75,22.469999313354492,22.639999389648438,1179500,18.727930068969727,0.0,0.0
TECK,2014-05-30,22.469999313354492,22.6200008392334,22.09000015258789,22.309999465942383,2417300,18.454952239990234,0.0,0.0
TECK,2014-06-02,22.5,22.559999465942383,22.329999923706055,22.459999084472656,1008600,18.579029083251953,0.0,0.0
TECK,2014-06-03,22.309999465942383,22.309999465942383,22.079999923706055,22.15999984741211,3292900,18.33087921142578,0.0,0.0
TECK,2014-06-04,22.030000686645508,22.040000915527344,21.65999984741211,21.790000915527344,2833900,18.024812698364258,0.0,0.0
TECK,2014-06-05,21.860000610351562,22.1200008392334,21.760000228881836,22.030000686645508,2679100,18.223344802856445,0.0,0.0
TECK,2014-06-06,22.010000228881836,22.06999969482422,21.399999618530273,21.6299991607666,3213100,17.8924560546875,0.0,0.0
TECK,2014-06-09,21.719999313354492,21.809999465942383,21.549999237060547,21.649999618530273,1231300,17.908994674682617,0.0,0.0
TECK,2014-06-10,21.610000610351562,21.829999923706055,21.579999923706055,21.81999969482422,1595200,18.04962730407715,0.0,0.0
TECK,2014-06-11,21.809999465942383,21.860000610351562,21.700000762939453,21.829999923706055,1928900,18.05789566040039,0.0,0.0
TECK,2014-06-12,21.479999542236328,21.530000686645508,21.229999542236328,21.329999923706055,2447800,17.985382080078125,0.414,0.0
TECK,2014-06-13,21.34000015258789,21.530000686645508,21.280000686645508,21.459999084472656,1774400,18.09499740600586,0.0,0.0
TECK,2014-06-16,21.450000762939453,21.600000381469727,21.3700008392334,21.420000076293945,1195700,18.061264038085938,0.0,0.0
TECK,2014-06-17,21.31999969482422,21.459999084472656,21.239999771118164,21.43000030517578,1318900,18.0697021484375,0.0,0.0
TECK,2014-06-18,21.420000076293945,22.1200008392334,21.3700008392334,22.09000015258789,1517500,18.6262149810791,0.0,0.0
TECK,2014-06-19,22.219999313354492,22.6200008392334,22.139999389648438,22.459999084472656,2141400,18.938186645507812,0.0,0.0
TECK,2014-06-20,22.56999969482422,22.56999969482422,22.239999771118164,22.489999771118164,1475400,18.963491439819336,0.0,0.0
TECK,2014-06-23,22.639999389648438,22.8700008392334,22.469999313354492,22.81999969482422,2174700,19.241744995117188,0.0,0.0
TECK,2014-06-24,22.780000686645508,22.920000076293945,22.219999313354492,22.290000915527344,2186200,18.794857025146484,0.0,0.0
TECK,2014-06-25,22.260000228881836,22.579999923706055,21.969999313354492,22.06999969482422,2842800,18.60934829711914,0.0,0.0
TECK,2014-06-26,22.09000015258789,22.200000762939453,21.969999313354492,22.15999984741211,1710200,18.685239791870117,0.0,0.0
TECK,2014-06-27,22.290000915527344,22.549999237060547,22.139999389648438,22.399999618530273,1722000,18.887598037719727,0.0,0.0
TECK,2014-06-30,22.280000686645508,22.8700008392334,22.049999237060547,22.829999923706055,1846200,19.250181198120117,0.0,0.0
TECK,2014-07-01,23.09000015258789,23.700000762939453,23.09000015258789,23.530000686645508,3139600,19.840412139892578,0.0,0.0
TECK,2014-07-02,23.239999771118164,23.860000610351562,23.209999084472656,23.81999969482422,4696500,20.08493995666504,0.0,0.0
TECK,2014-07-03,23.84000015258789,24.469999313354492,23.809999465942383,24.40999984741211,2502000,20.58243179321289,0.0,0.0
TECK,2014-07-07,24.010000228881836,24.6299991607666,23.690000534057617,24.549999237060547,2950800,20.700468063354492,0.0,0.0
TECK,2014-07-08,24.479999542236328,24.739999771118164,24.040000915527344,24.31999969482422,2456500,20.506542205810547,0.0,0.0
TECK,2014-07-09,24.329999923706055,24.6299991607666,24.260000228881836,24.3799991607666,1655500,20.55712890625,0.0,0.0
TECK,2014-07-10,24.049999237060547,24.729999542236328,23.90999984741211,24.389999389648438,2553300,20.56556510925293,0.0,0.0
TECK,2014-07-11,23.93000030517578,24.229999542236328,23.920000076293945,24.15999984741211,1988000,20.37162971496582,0.0,0.0
TECK,2014-07-14,24.280000686645508,24.329999923706055,23.860000610351562,23.989999771118164,1381200,20.228290557861328,0.0,0.0
TECK,2014-07-15,23.969999313354492,24.209999084472656,23.469999313354492,23.600000381469727,1819700,19.89944076538086,0.0,0.0
TECK,2014-07-16,23.809999465942383,24.170000076293945,23.6299991607666,24.110000610351562,1973800,20.32947540283203,0.0,0.0
TECK,2014-07-17,23.90999984741211,24.270000457763672,23.690000534057617,23.780000686645508,1574300,20.05121612548828,0.0,0.0
TECK,2014-07-18,23.729999542236328,23.809999465942383,23.3799991607666,23.520000457763672,1265700,19.83198356628418,0.0,0.0
TECK,2014-07-21,23.520000457763672,23.68000030517578,23.280000686645508,23.65999984741211,1146600,19.950029373168945,0.0,0.0
TECK,2014-07-22,23.8700008392334,23.90999984741211,23.520000457763672,23.690000534057617,1394200,19.975324630737305,0.0,0.0
TECK,2014-07-23,23.690000534057617,23.8799991607666,23.639999389648438,23.8700008392334,2008200,20.127103805541992,0.0,0.0
TECK,2014-07-24,24.299999237060547,25.030000686645508,23.850000381469727,24.149999618530273,3459400,20.363197326660156,0.0,0.0
TECK,2014-07-25,23.950000762939453,23.979999542236328,23.270000457763672,23.43000030517578,2539500,19.75609016418457,0.0,0.0
TECK,2014-07-28,23.510000228881836,23.959999084472656,23.469999313354492,23.899999618530273,1447200,20.15239906311035,0.0,0.0
TECK,2014-07-29,23.979999542236328,24.389999389648438,23.860000610351562,24.25,2463500,20.44751739501953,0.0,0.0
TECK,2014-07-30,24.34000015258789,24.75,24.270000457763672,24.450000762939453,2861400,20.616151809692383,0.0,0.0
TECK,2014-07-31,24.25,24.440000534057617,23.959999084472656,23.959999084472656,2260000,20.202991485595703,0.0,0.0
TECK,2014-08-01,23.850000381469727,24.219999313354492,23.6200008392334,23.770000457763672,2450700,20.04278564453125,0.0,0.0
TECK,2014-08-04,23.8700008392334,24.0,23.670000076293945,23.940000534057617,1430200,20.18612289428711,0.0,0.0
TECK,2014-08-05,23.68000030517578,23.809999465942383,23.469999313354492,23.690000534057617,2172600,19.975324630737305,0.0,0.0
TECK,2014-08-06,23.56999969482422,23.809999465942383,23.459999084472656,23.639999389648438,1477900,19.933170318603516,0.0,0.0
TECK,2014-08-07,23.729999542236328,23.84000015258789,23.1200008392334,23.25,1569100,19.604318618774414,0.0,0.0
TECK,2014-08-08,23.239999771118164,23.40999984741211,23.100000381469727,23.3799991607666,1368200,19.713924407958984,0.0,0.0
TECK,2014-08-11,23.600000381469727,23.809999465942383,23.520000457763672,23.6299991607666,1212400,19.924732208251953,0.0,0.0
TECK,2014-08-12,23.079999923706055,23.420000076293945,23.049999237060547,23.149999618530273,2158900,19.51999855041504,0.0,0.0
TECK,2014-08-13,23.149999618530273,23.18000030517578,22.780000686645508,22.979999542236328,1990000,19.37665367126465,0.0,0.0
TECK,2014-08-14,22.899999618530273,23.040000915527344,22.799999237060547,23.010000228881836,1154600,19.40195083618164,0.0,0.0
TECK,2014-08-15,23.209999084472656,23.229999542236328,22.68000030517578,22.989999771118164,1983300,19.385087966918945,0.0,0.0
TECK,2014-08-18,23.059999465942383,23.18000030517578,22.950000762939453,23.110000610351562,1576500,19.48626708984375,0.0,0.0
TECK,2014-08-19,23.059999465942383,23.260000228881836,22.84000015258789,22.850000381469727,874600,19.26704216003418,0.0,0.0
TECK,2014-08-20,22.899999618530273,23.299999237060547,22.770000457763672,23.260000228881836,1297700,19.61275291442871,0.0,0.0
TECK,2014-08-21,23.229999542236328,23.229999542236328,22.829999923706055,22.850000381469727,1108100,19.26704216003418,0.0,0.0
TECK,2014-08-22,22.8700008392334,22.969999313354492,22.719999313354492,22.899999618530273,1808400,19.309200286865234,0.0,0.0
TECK,2014-08-25,22.959999084472656,22.989999771118164,22.760000228881836,22.8799991607666,810100,19.292343139648438,0.0,0.0
TECK,2014-08-26,22.889999389648438,23.239999771118164,22.8799991607666,23.149999618530273,1246100,19.51999855041504,0.0,0.0
TECK,2014-08-27,23.270000457763672,23.360000610351562,23.0,23.09000015258789,770200,19.469404220581055,0.0,0.0
TECK,2014-08-28,22.969999313354492,23.020000457763672,22.670000076293945,22.729999542236328,1400700,19.165857315063477,0.0,0.0
TECK,2014-08-29,22.770000457763672,22.850000381469727,22.540000915527344,22.739999771118164,1458900,19.174287796020508,0.0,0.0
TECK,2014-09-02,22.559999465942383,22.6299991607666,22.360000610351562,22.3700008392334,1215300,18.862306594848633,0.0,0.0
TECK,2014-09-03,22.540000915527344,22.579999923706055,22.3700008392334,22.399999618530273,1164800,18.887598037719727,0.0,0.0
TECK,2014-09-04,22.469999313354492,22.649999618530273,22.280000686645508,22.290000915527344,1208700,18.794857025146484,0.0,0.0
TECK,2014-09-05,22.299999237060547,22.360000610351562,22.149999618530273,22.34000015258789,702000,18.83700942993164,0.0,0.0
TECK,2014-09-08,22.290000915527344,22.309999465942383,21.969999313354492,21.969999313354492,1196000,18.5250244140625,0.0,0.0
TECK,2014-09-09,21.93000030517578,21.979999542236328,21.59000015258789,21.829999923706055,1518800,18.40697479248047,0.0,0.0
TECK,2014-09-10,21.780000686645508,21.809999465942383,21.229999542236328,21.399999618530273,1440400,18.04440689086914,0.0,0.0
TECK,2014-09-11,21.200000762939453,21.399999618530273,20.979999542236328,21.290000915527344,2115200,17.9516544342041,0.0,0.0
TECK,2014-09-12,21.25,21.510000228881836,21.1299991607666,21.350000381469727,1538800,18.002246856689453,0.0,0.0
TECK,2014-09-15,21.520000457763672,21.520000457763672,20.950000762939453,21.1200008392334,1589900,17.80830955505371,0.0,0.0
TECK,2014-09-16,21.040000915527344,21.6299991607666,20.84000015258789,21.56999969482422,2521400,18.18775177001953,0.0,0.0
TECK,2014-09-17,21.579999923706055,21.739999771118164,21.43000030517578,21.530000686645508,3805100,18.154022216796875,0.0,0.0
TECK,2014-09-18,21.540000915527344,21.559999465942383,21.18000030517578,21.260000228881836,4029300,17.926359176635742,0.0,0.0
TECK,2014-09-19,21.25,21.309999465942383,20.0,20.059999465942383,5674400,16.914522171020508,0.0,0.0
TECK,2014-09-22,19.889999389648438,19.889999389648438,19.290000915527344,19.690000534057617,4438000,16.6025390625,0.0,0.0
TECK,2014-09-23,20.200000762939453,20.229999542236328,19.719999313354492,19.860000610351562,4610300,16.745885848999023,0.0,0.0
TECK,2014-09-24,19.989999771118164,20.049999237060547,19.719999313354492,19.889999389648438,2605200,16.77117919921875,0.0,0.0
TECK,2014-09-25,19.770000457763672,19.770000457763672,19.1200008392334,19.239999771118164,3159800,16.223098754882812,0.0,0.0
TECK,2014-09-26,19.149999618530273,19.309999465942383,18.959999084472656,19.270000457763672,1734600,16.248397827148438,0.0,0.0
TECK,2014-09-29,19.110000610351562,19.15999984741211,18.8799991607666,18.90999984741211,2023400,15.944844245910645,0.0,0.0
TECK,2014-09-30,18.84000015258789,19.209999084472656,18.59000015258789,18.889999389648438,3041500,15.927983283996582,0.0,0.0
TECK,2014-10-01,18.8700008392334,18.959999084472656,18.440000534057617,18.579999923706055,3380400,15.666593551635742,0.0,0.0
TECK,2014-10-02,18.639999389648438,18.649999618530273,17.780000686645508,18.399999618530273,3165700,15.514819145202637,0.0,0.0
TECK,2014-10-03,18.209999084472656,18.219999313354492,17.610000610351562,17.719999313354492,4258100,14.941442489624023,0.0,0.0
TECK,2014-10-06,18.049999237060547,18.110000610351562,17.479999542236328,17.829999923706055,3806500,15.03419303894043,0.0,0.0
TECK,2014-10-07,17.760000228881836,17.899999618530273,16.770000457763672,16.950000762939453,4774600,14.292182922363281,0.0,0.0
TECK,2014-10-08,16.899999618530273,17.440000534057617,16.34000015258789,17.399999618530273,5739700,14.671621322631836,0.0,0.0
TECK,2014-10-09,17.43000030517578,17.43000030517578,16.030000686645508,16.149999618530273,7704300,13.617623329162598,0.0,0.0
TECK,2014-10-10,15.869999885559082,16.649999618530273,15.630000114440918,16.049999237060547,5601000,13.533304214477539,0.0,0.0
TECK,2014-10-13,16.34000015258789,16.889999389648438,16.25,16.260000228881836,5306100,13.71037769317627,0.0,0.0
TECK,2014-10-14,16.469999313354492,16.65999984741211,15.920000076293945,16.15999984741211,5098200,13.626053810119629,0.0,0.0
TECK,2014-10-15,15.869999885559082,16.200000762939453,15.609999656677246,15.930000305175781,4613300,13.432120323181152,0.0,0.0
TECK,2014-10-16,15.350000381469727,15.8100004196167,15.220000267028809,15.529999732971191,4948600,13.094843864440918,0.0,0.0
TECK,2014-10-17,15.729999542236328,15.819999694824219,15.369999885559082,15.649999618530273,4561600,13.196028709411621,0.0,0.0
TECK,2014-10-20,15.520000457763672,15.609999656677246,15.149999618530273,15.510000228881836,2769300,13.077978134155273,0.0,0.0
TECK,2014-10-21,15.739999771118164,16.170000076293945,15.600000381469727,16.079999923706055,3230800,13.558598518371582,0.0,0.0
TECK,2014-10-22,16.190000534057617,16.31999969482422,15.640000343322754,15.670000076293945,3137800,13.212888717651367,0.0,0.0
TECK,2014-10-23,15.84000015258789,16.0,15.640000343322754,15.890000343322754,2747600,13.398391723632812,0.0,0.0
TECK,2014-10-24,15.84000015258789,16.010000228881836,15.710000038146973,15.869999885559082,1512500,13.381531715393066,0.0,0.0
TECK,2014-10-27,15.9399995803833,15.9399995803833,15.350000381469727,15.430000305175781,2404400,13.01052188873291,0.0,0.0
TECK,2014-10-28,15.510000228881836,16.010000228881836,15.470000267028809,15.9399995803833,3103000,13.44055461883545,0.0,0.0
TECK,2014-10-29,16.43000030517578,17.209999084472656,16.09000015258789,16.219999313354492,6838200,13.67664623260498,0.0,0.0
TECK,2014-10-30,16.079999923706055,16.079999923706055,15.579999923706055,15.649999618530273,5208200,13.196028709411621,0.0,0.0
TECK,2014-10-31,15.649999618530273,15.819999694824219,15.300000190734863,15.779999732971191,3134900,13.30563735961914,0.0,0.0
TECK,2014-11-03,15.800000190734863,15.84000015258789,15.489999771118164,15.6899995803833,3012300,13.229755401611328,0.0,0.0
TECK,2014-11-04,15.489999771118164,15.520000457763672,14.899999618530273,14.989999771118164,3790700,12.639517784118652,0.0,0.0
TECK,2014-11-05,15.010000228881836,15.65999984741211,14.75,15.4399995803833,3237700,13.018953323364258,0.0,0.0
TECK,2014-11-06,15.34000015258789,15.539999961853027,15.09000015258789,15.1899995803833,2634700,12.80815315246582,0.0,0.0
TECK,2014-11-07,15.289999961853027,16.6299991607666,15.229999542236328,16.59000015258789,4109700,13.988629341125488,0.0,0.0
TECK,2014-11-10,16.75,16.8700008392334,16.010000228881836,16.100000381469727,3436500,13.57546329498291,0.0,0.0
TECK,2014-11-11,15.920000076293945,16.270000457763672,15.90999984741211,16.110000610351562,1953300,13.583895683288574,0.0,0.0
TECK,2014-11-12,16.100000381469727,16.5,15.9399995803833,16.149999618530273,2693500,13.617623329162598,0.0,0.0
TECK,2014-11-13,16.100000381469727,16.229999542236328,15.489999771118164,15.539999961853027,2608200,13.103273391723633,0.0,0.0
TECK,2014-11-14,15.529999732971191,16.09000015258789,15.4399995803833,16.030000686645508,2620500,13.51644229888916,0.0,0.0
TECK,2014-11-17,15.989999771118164,16.420000076293945,15.75,16.200000762939453,2758700,13.659785270690918,0.0,0.0
TECK,2014-11-18,16.239999771118164,16.420000076293945,16.079999923706055,16.329999923706055,2713500,13.769399642944336,0.0,0.0
TECK,2014-11-19,16.18000030517578,16.260000228881836,15.579999923706055,15.819999694824219,4267100,13.339370727539062,0.0,0.0
TECK,2014-11-20,15.59000015258789,16.18000030517578,15.579999923706055,16.110000610351562,2545500,13.583895683288574,0.0,0.0
TECK,2014-11-21,16.670000076293945,17.8799991607666,16.649999618530273,17.729999542236328,6586100,14.949874877929688,0.0,0.0
TECK,2014-11-24,17.860000610351562,17.860000610351562,16.799999237060547,16.8799991607666,3502700,14.233158111572266,0.0,0.0
TECK,2014-11-25,16.899999618530273,17.170000076293945,16.829999923706055,17.079999923706055,3086800,14.4017972946167,0.0,0.0
TECK,2014-11-26,17.149999618530273,17.15999984741211,16.709999084472656,16.809999465942383,1700300,14.1741304397583,0.0,0.0
TECK,2014-11-28,16.190000534057617,16.229999542236328,15.170000076293945,15.510000228881836,4052800,13.077978134155273,0.0,0.0
TECK,2014-12-01,15.649999618530273,15.649999618530273,14.930000305175781,15.170000076293945,3885900,12.791290283203125,0.0,0.0
TECK,2014-12-02,15.300000190734863,15.710000038146973,15.010000228881836,15.020000457763672,3448600,12.664813041687012,0.0,0.0
TECK,2014-12-03,15.0600004196167,15.6899995803833,14.960000038146973,15.40999984741211,3309000,12.993657112121582,0.0,0.0
TECK,2014-12-04,15.329999923706055,15.449999809265137,14.649999618530273,14.720000267028809,2559800,12.411853790283203,0.0,0.0
TECK,2014-12-05,14.779999732971191,14.869999885559082,14.390000343322754,14.569999694824219,2621100,12.285374641418457,0.0,0.0
TECK,2014-12-08,14.399999618530273,14.59000015258789,13.619999885559082,13.869999885559082,2803200,11.695136070251465,0.0,0.0
TECK,2014-12-09,13.539999961853027,14.34000015258789,13.539999961853027,13.859999656677246,3813300,11.686702728271484,0.0,0.0
TECK,2014-12-10,13.729999542236328,13.770000457763672,12.880000114440918,13.020000457763672,4461100,10.978418350219727,0.0,0.0
TECK,2014-12-11,12.489999771118164,12.8100004196167,11.739999771118164,11.84000015258789,7282000,10.293354034423828,0.392,0.0
TECK,2014-12-12,11.65999984741211,11.779999732971191,11.050000190734863,11.069999694824219,8065000,9.623937606811523,0.0,0.0
TECK,2014-12-15,11.210000038146973,11.460000038146973,11.09000015258789,11.119999885559082,5467500,9.667407989501953,0.0,0.0
TECK,2014-12-16,11.069999694824219,11.609999656677246,11.010000228881836,11.1899995803833,5811400,9.728265762329102,0.0,0.0
TECK,2014-12-17,11.619999885559082,12.479999542236328,11.430000305175781,12.359999656677246,6483400,10.745427131652832,0.0,0.0
TECK,2014-12-18,12.770000457763672,12.930000305175781,12.359999656677246,12.880000114440918,7846000,11.197498321533203,0.0,0.0
TECK,2014-12-19,13.010000228881836,13.34000015258789,12.960000038146973,13.25,5015600,11.519169807434082,0.0,0.0
TECK,2014-12-22,13.130000114440918,13.199999809265137,12.75,12.850000381469727,3507400,11.171418190002441,0.0,0.0
TECK,2014-12-23,12.8100004196167,13.640000343322754,12.760000228881836,13.380000114440918,4213200,11.632187843322754,0.0,0.0
TECK,2014-12-24,13.239999771118164,13.670000076293945,13.130000114440918,13.329999923706055,2642700,11.58871841430664,0.0,0.0
TECK,2014-12-26,13.5,13.699999809265137,13.239999771118164,13.550000190734863,2244100,11.779977798461914,0.0,0.0
TECK,2014-12-29,13.550000190734863,13.880000114440918,13.460000038146973,13.619999885559082,3405800,11.840835571289062,0.0,0.0
TECK,2014-12-30,13.619999885559082,13.949999809265137,13.59000015258789,13.760000228881836,2858900,11.96254825592041,0.0,0.0
TECK,2014-12-31,13.729999542236328,13.8100004196167,13.369999885559082,13.640000343322754,2642200,11.85822582244873,0.0,0.0
TECK,2015-01-02,13.59000015258789,13.8100004196167,13.449999809265137,13.75,3358300,11.953852653503418,0.0,0.0
TECK,2015-01-05,13.539999961853027,13.680000305175781,13.010000228881836,13.260000228881836,5918400,11.527859687805176,0.0,0.0
TECK,2015-01-06,13.260000228881836,13.520000457763672,13.170000076293945,13.180000305175781,4576600,11.45831298828125,0.0,0.0
TECK,2015-01-07,13.25,13.359999656677246,13.069999694824219,13.180000305175781,2723100,11.45831298828125,0.0,0.0
TECK,2015-01-08,13.359999656677246,13.989999771118164,13.279999732971191,13.779999732971191,3512800,11.97992992401123,0.0,0.0
TECK,2015-01-09,13.770000457763672,13.779999732971191,13.529999732971191,13.59000015258789,2138500,11.814754486083984,0.0,0.0
TECK,2015-01-12,13.369999885559082,13.369999885559082,12.84000015258789,13.050000190734863,6547700,11.345293045043945,0.0,0.0
TECK,2015-01-13,12.989999771118164,13.029999732971191,12.079999923706055,12.279999732971191,9166000,10.67587661743164,0.0,0.0
TECK,2015-01-14,10.699999809265137,11.529999732971191,10.449999809265137,11.510000228881836,7770000,10.006464958190918,0.0,0.0
TECK,2015-01-15,11.75,11.770000457763672,11.3100004196167,11.369999885559082,5614900,9.884748458862305,0.0,0.0
TECK,2015-01-16,11.4399995803833,11.930000305175781,11.430000305175781,11.859999656677246,4573300,10.310739517211914,0.0,0.0
TECK,2015-01-20,11.920000076293945,12.170000076293945,11.8100004196167,12.079999923706055,4160000,10.502001762390137,0.0,0.0
TECK,2015-01-21,12.270000457763672,12.930000305175781,12.170000076293945,12.859999656677246,5468000,11.180112838745117,0.0,0.0
TECK,2015-01-22,13.039999961853027,13.079999923706055,12.699999809265137,12.880000114440918,6079500,11.197498321533203,0.0,0.0
TECK,2015-01-23,12.84000015258789,12.84000015258789,12.25,12.470000267028809,4269700,10.841057777404785,0.0,0.0
TECK,2015-01-26,12.430000305175781,12.789999961853027,12.289999961853027,12.729999542236328,3944700,11.067094802856445,0.0,0.0
TECK,2015-01-27,12.359999656677246,12.640000343322754,12.289999961853027,12.609999656677246,4075300,10.96277141571045,0.0,0.0
TECK,2015-01-28,12.550000190734863,12.760000228881836,12.359999656677246,12.40999984741211,4399000,10.788895606994629,0.0,0.0
TECK,2015-01-29,12.449999809265137,12.5,12.199999809265137,12.479999542236328,4602000,10.849754333496094,0.0,0.0
TECK,2015-01-30,12.380000114440918,13.170000076293945,12.1899995803833,12.880000114440918,3766700,11.197498321533203,0.0,0.0
TECK,2015-02-02,13.0600004196167,13.640000343322754,12.899999618530273,13.600000381469727,5182300,11.823445320129395,0.0,0.0
TECK,2015-02-03,14.15999984741211,14.84000015258789,14.149999618530273,14.819999694824219,5418000,12.88408088684082,0.0,0.0
TECK,2015-02-04,14.359999656677246,14.520000457763672,14.130000114440918,14.3100004196167,3980700,12.440698623657227,0.0,0.0
TECK,2015-02-05,14.460000038146973,15.050000190734863,14.390000343322754,14.9399995803833,5511300,12.98840045928955,0.0,0.0
TECK,2015-02-06,14.760000228881836,14.970000267028809,14.350000381469727,14.430000305175781,3695500,12.545026779174805,0.0,0.0
TECK,2015-02-09,14.579999923706055,15.15999984741211,14.539999961853027,14.930000305175781,2980900,12.979710578918457,0.0,0.0
TECK,2015-02-10,14.720000267028809,14.720000267028809,14.109999656677246,14.210000038146973,4273300,12.35376262664795,0.0,0.0
TECK,2015-02-11,14.029999732971191,14.069999694824219,13.510000228881836,13.9399995803833,6779900,12.119036674499512,0.0,0.0
TECK,2015-02-12,14.350000381469727,15.010000228881836,14.279999732971191,14.989999771118164,3934700,13.03187370300293,0.0,0.0
TECK,2015-02-13,15.229999542236328,15.720000267028809,15.15999984741211,15.369999885559082,4548100,13.36223316192627,0.0,0.0
TECK,2015-02-17,15.15999984741211,15.829999923706055,15.15999984741211,15.789999961853027,3502400,13.727371215820312,0.0,0.0
TECK,2015-02-18,15.649999618530273,16.209999084472656,15.609999656677246,16.030000686645508,6713700,13.936019897460938,0.0,0.0
TECK,2015-02-19,15.75,15.880000114440918,15.520000457763672,15.619999885559082,3876100,13.579578399658203,0.0,0.0
TECK,2015-02-20,15.5600004196167,15.670000076293945,15.239999771118164,15.390000343322754,3516100,13.379622459411621,0.0,0.0
TECK,2015-02-23,15.220000267028809,15.279999732971191,14.720000267028809,14.850000381469727,4222300,12.910164833068848,0.0,0.0
TECK,2015-02-24,15.15999984741211,15.5,15.079999923706055,15.390000343322754,3898800,13.379622459411621,0.0,0.0
TECK,2015-02-25,15.4399995803833,15.600000381469727,15.270000457763672,15.550000190734863,2373200,13.518720626831055,0.0,0.0
TECK,2015-02-26,15.739999771118164,15.970000267028809,15.520000457763672,15.569999694824219,3333100,13.53610897064209,0.0,0.0
TECK,2015-02-27,15.739999771118164,16.290000915527344,15.670000076293945,16.079999923706055,4508700,13.979486465454102,0.0,0.0
TECK,2015-03-02,15.9399995803833,16.399999618530273,15.770000457763672,15.90999984741211,3586800,13.831695556640625,0.0,0.0
TECK,2015-03-03,15.869999885559082,16.0,15.630000114440918,15.630000114440918,3173500,13.588272094726562,0.0,0.0
TECK,2015-03-04,15.420000076293945,15.4399995803833,14.739999771118164,15.020000457763672,5619800,13.05795669555664,0.0,0.0
TECK,2015-03-05,15.140000343322754,15.3100004196167,14.819999694824219,15.020000457763672,3437100,13.05795669555664,0.0,0.0
TECK,2015-03-06,14.640000343322754,14.890000343322754,14.260000228881836,14.359999656677246,3996500,12.484169006347656,0.0,0.0
TECK,2015-03-09,14.5,14.539999961853027,14.15999984741211,14.25,1856000,12.388538360595703,0.0,0.0
TECK,2015-03-10,13.850000381469727,14.130000114440918,13.680000305175781,13.75,4168900,11.953852653503418,0.0,0.0
TECK,2015-03-11,13.65999984741211,13.9399995803833,13.539999961853027,13.859999656677246,2369300,12.049481391906738,0.0,0.0
TECK,2015-03-12,14.239999771118164,14.430000305175781,14.079999923706055,14.109999656677246,3068000,12.266826629638672,0.0,0.0
TECK,2015-03-13,13.84000015258789,13.90999984741211,13.3100004196167,13.710000038146973,3567200,11.919076919555664,0.0,0.0
TECK,2015-03-16,13.789999961853027,13.890000343322754,13.470000267028809,13.5600004196167,4241800,11.788675308227539,0.0,0.0
TECK,2015-03-17,13.489999771118164,13.569999694824219,13.199999809265137,13.520000457763672,3480300,11.753898620605469,0.0,0.0
TECK,2015-03-18,13.25,14.220000267028809,13.210000038146973,14.210000038146973,4691100,12.35376262664795,0.0,0.0
TECK,2015-03-19,14.180000305175781,14.180000305175781,13.770000457763672,13.829999923706055,3773800,12.023402214050293,0.0,0.0
TECK,2015-03-20,14.149999618530273,15.149999618530273,14.109999656677246,14.979999542236328,4496000,13.023179054260254,0.0,0.0
TECK,2015-03-23,15.100000381469727,15.890000343322754,15.100000381469727,15.8100004196167,4593700,13.744757652282715,0.0,0.0
TECK,2015-03-24,15.489999771118164,15.760000228881836,15.220000267028809,15.449999809265137,3735600,13.43178653717041,0.0,0.0
TECK,2015-03-25,15.699999809265137,15.850000381469727,14.8100004196167,14.84000015258789,4168700,12.901469230651855,0.0,0.0
TECK,2015-03-26,15.09000015258789,15.199999809265137,14.40999984741211,14.420000076293945,3530300,12.536331176757812,0.0,0.0
TECK,2015-03-27,14.319999694824219,14.319999694824219,13.770000457763672,13.859999656677246,4985300,12.049481391906738,0.0,0.0
TECK,2015-03-30,13.859999656677246,15.869999885559082,13.65999984741211,15.270000457763672,21231700,13.275294303894043,0.0,0.0
TECK,2015-03-31,14.010000228881836,14.34000015258789,13.59000015258789,13.729999542236328,11556500,11.936466217041016,0.0,0.0
TECK,2015-04-01,13.75,13.850000381469727,13.449999809265137,13.449999809265137,5629900,11.693041801452637,0.0,0.0
TECK,2015-04-02,13.25,13.6899995803833,13.25,13.670000076293945,4772100,11.884305000305176,0.0,0.0
TECK,2015-04-06,13.829999923706055,14.0,13.680000305175781,13.949999809265137,3203800,12.127724647521973,0.0,0.0
TECK,2015-04-07,13.779999732971191,14.010000228881836,13.680000305175781,13.899999618530273,3942300,12.084257125854492,0.0,0.0
TECK,2015-04-08,14.119999885559082,14.319999694824219,13.90999984741211,13.989999771118164,3701100,12.162503242492676,0.0,0.0
TECK,2015-04-09,14.039999961853027,14.039999961853027,13.8100004196167,13.960000038146973,4891800,12.136420249938965,0.0,0.0
TECK,2015-04-10,13.970000267028809,14.100000381469727,13.670000076293945,13.75,2266600,11.953852653503418,0.0,0.0
TECK,2015-04-13,13.59000015258789,13.649999618530273,13.149999618530273,13.210000038146973,3508700,11.484394073486328,0.0,0.0
TECK,2015-04-14,13.4399995803833,13.5,13.260000228881836,13.489999771118164,3720800,11.727814674377441,0.0,0.0
TECK,2015-04-15,13.529999732971191,14.029999732971191,13.420000076293945,13.859999656677246,6755800,12.049481391906738,0.0,0.0
TECK,2015-04-16,13.899999618530273,14.029999732971191,13.569999694824219,13.739999771118164,4041300,11.945160865783691,0.0,0.0
TECK,2015-04-17,13.640000343322754,13.800000190734863,13.399999618530273,13.470000267028809,3375200,11.710430145263672,0.0,0.0
TECK,2015-04-20,13.529999732971191,13.84000015258789,13.420000076293945,13.829999923706055,7230000,12.023402214050293,0.0,0.0
TECK,2015-04-21,13.270000457763672,13.470000267028809,12.630000114440918,12.899999618530273,9417100,11.214886665344238,0.0,0.0
TECK,2015-04-22,12.829999923706055,13.039999961853027,12.720000267028809,12.869999885559082,4940400,11.188807487487793,0.0,0.0
TECK,2015-04-23,12.920000076293945,13.5600004196167,12.760000228881836,13.5,6009900,11.73651123046875,0.0,0.0
TECK,2015-04-24,13.65999984741211,14.350000381469727,13.640000343322754,14.329999923706055,6194400,12.458086967468262,0.0,0.0
TECK,2015-04-27,14.279999732971191,14.869999885559082,14.130000114440918,14.619999885559082,4277600,12.710203170776367,0.0,0.0
TECK,2015-04-28,14.59000015258789,15.069999694824219,14.489999771118164,14.930000305175781,6153300,12.979710578918457,0.0,0.0
TECK,2015-04-29,14.699999809265137,15.069999694824219,14.699999809265137,14.890000343322754,4969900,12.94493579864502,0.0,0.0
TECK,2015-04-30,14.579999923706055,15.229999542236328,14.470000267028809,15.180000305175781,4878100,13.19705581665039,0.0,0.0
TECK,2015-05-01,15.270000457763672,15.59000015258789,15.109999656677246,15.5600004196167,3737600,13.527414321899414,0.0,0.0
TECK,2015-05-04,15.619999885559082,15.920000076293945,15.529999732971191,15.770000457763672,3209600,13.709982872009277,0.0,0.0
TECK,2015-05-05,15.90999984741211,16.200000762939453,15.460000038146973,15.489999771118164,4616300,13.466556549072266,0.0,0.0
TECK,2015-05-06,15.520000457763672,15.59000015258789,15.09000015258789,15.199999809265137,2732700,13.214442253112793,0.0,0.0
TECK,2015-05-07,15.079999923706055,15.079999923706055,14.5600004196167,14.869999885559082,4185300,12.9275484085083,0.0,0.0
TECK,2015-05-08,14.859999656677246,15.140000343322754,14.65999984741211,14.960000038146973,2824000,13.005793571472168,0.0,0.0
TECK,2015-05-11,14.970000267028809,15.25,14.359999656677246,14.390000343322754,3366800,12.510250091552734,0.0,0.0
TECK,2015-05-12,14.359999656677246,14.65999984741211,14.1899995803833,14.369999885559082,2867200,12.4928617477417,0.0,0.0
TECK,2015-05-13,14.430000305175781,14.65999984741211,14.029999732971191,14.100000381469727,2963600,12.258132934570312,0.0,0.0
TECK,2015-05-14,14.239999771118164,14.4399995803833,13.829999923706055,13.960000038146973,3175700,12.136420249938965,0.0,0.0
TECK,2015-05-15,13.859999656677246,13.920000076293945,13.670000076293945,13.84000015258789,3337100,12.032095909118652,0.0,0.0
TECK,2015-05-18,13.770000457763672,13.789999961853027,13.369999885559082,13.479999542236328,1943900,11.719122886657715,0.0,0.0
TECK,2015-05-19,13.25,13.289999961853027,12.890000343322754,13.020000457763672,3720400,11.319211959838867,0.0,0.0
TECK,2015-05-20,13.109999656677246,13.220000267028809,12.989999771118164,13.029999732971191,3252000,11.327906608581543,0.0,0.0
TECK,2015-05-21,13.0600004196167,13.130000114440918,12.6899995803833,12.819999694824219,4760200,11.145339965820312,0.0,0.0
TECK,2015-05-22,12.770000457763672,12.850000381469727,12.579999923706055,12.640000343322754,2176300,10.988852500915527,0.0,0.0
TECK,2015-05-26,12.359999656677246,12.489999771118164,11.789999961853027,11.859999656677246,5371900,10.310739517211914,0.0,0.0
TECK,2015-05-27,11.880000114440918,12.109999656677246,11.699999809265137,12.010000228881836,4604100,10.44114875793457,0.0,0.0
TECK,2015-05-28,11.869999885559082,12.149999618530273,11.619999885559082,12.119999885559082,7349700,10.536775588989258,0.0,0.0
TECK,2015-05-29,12.039999961853027,12.170000076293945,11.640000343322754,11.640000343322754,5401300,10.11948013305664,0.0,0.0
TECK,2015-06-01,11.6899995803833,11.6899995803833,11.390000343322754,11.520000457763672,3368500,10.015153884887695,0.0,0.0
TECK,2015-06-02,11.65999984741211,12.569999694824219,11.600000381469727,12.289999961853027,6402100,10.684571266174316,0.0,0.0
TECK,2015-06-03,12.199999809265137,12.399999618530273,11.949999809265137,12.0600004196167,3388300,10.484617233276367,0.0,0.0
TECK,2015-06-04,11.819999694824219,11.90999984741211,11.579999923706055,11.640000343322754,5628400,10.11948013305664,0.0,0.0
TECK,2015-06-05,11.5600004196167,11.960000038146973,11.4399995803833,11.649999618530273,4025500,10.128171920776367,0.0,0.0
TECK,2015-06-08,11.600000381469727,11.720000267028809,11.239999771118164,11.350000381469727,3550400,9.867362022399902,0.0,0.0
TECK,2015-06-09,11.550000190734863,11.90999984741211,11.510000228881836,11.699999809265137,4148200,10.171643257141113,0.0,0.0
TECK,2015-06-10,12.010000228881836,12.289999961853027,11.729999542236328,11.829999923706055,3874500,10.284660339355469,0.0,0.0
TECK,2015-06-11,11.640000343322754,11.640000343322754,11.430000305175781,11.579999923706055,3241400,10.172223091125488,0.122,0.0
TECK,2015-06-12,11.529999732971191,11.579999923706055,11.329999923706055,11.329999923706055,2468900,9.952615737915039,0.0,0.0
TECK,2015-06-15,11.180000305175781,11.289999961853027,11.119999885559082,11.149999618530273,2829700,9.79449462890625,0.0,0.0
TECK,2015-06-16,11.109999656677246,11.109999656677246,10.8100004196167,10.9399995803833,4936100,9.610023498535156,0.0,0.0
TECK,2015-06-17,10.949999809265137,11.1899995803833,10.779999732971191,11.1899995803833,6008400,9.829633712768555,0.0,0.0
TECK,2015-06-18,11.3100004196167,11.399999618530273,10.930000305175781,11.1899995803833,3967100,9.829633712768555,0.0,0.0
TECK,2015-06-19,10.859999656677246,11.119999885559082,10.829999923706055,10.920000076293945,6055600,9.592458724975586,0.0,0.0
TECK,2015-06-22,10.9399995803833,10.989999771118164,10.770000457763672,10.829999923706055,3649000,9.513400077819824,0.0,0.0
TECK,2015-06-23,10.8100004196167,11.260000228881836,10.8100004196167,11.199999809265137,4990600,9.83841609954834,0.0,0.0
TECK,2015-06-24,11.170000076293945,11.520000457763672,11.130000114440918,11.220000267028809,4851800,9.855985641479492,0.0,0.0
TECK,2015-06-25,11.25,11.260000228881836,10.65999984741211,10.670000076293945,5174900,9.372848510742188,0.0,0.0
TECK,2015-06-26,10.630000114440918,10.649999618530273,10.359999656677246,10.569999694824219,5362200,9.285005569458008,0.0,0.0
TECK,2015-06-29,10.3100004196167,10.569999694824219,10.260000228881836,10.369999885559082,5809500,9.109320640563965,0.0,0.0
TECK,2015-06-30,10.420000076293945,10.420000076293945,9.850000381469727,9.90999984741211,5900300,8.705245018005371,0.0,0.0
TECK,2015-07-01,9.979999542236328,9.989999771118164,9.319999694824219,9.399999618530273,5413800,8.257241249084473,0.0,0.0
TECK,2015-07-02,9.710000038146973,9.800000190734863,9.510000228881836,9.600000381469727,5517300,8.432930946350098,0.0,0.0
TECK,2015-07-06,9.329999923706055,9.420000076293945,9.130000114440918,9.390000343322754,3903400,8.248457908630371,0.0,0.0
TECK,2015-07-07,9.15999984741211,9.680000305175781,8.75,9.670000076293945,12564600,8.494420051574707,0.0,0.0
TECK,2015-07-08,9.550000190734863,9.65999984741211,8.930000305175781,9.010000228881836,7314800,7.914654731750488,0.0,0.0
TECK,2015-07-09,9.3100004196167,9.4399995803833,8.930000305175781,8.949999809265137,6851500,7.861949443817139,0.0,0.0
TECK,2015-07-10,9.3100004196167,9.359999656677246,8.789999961853027,8.890000343322754,5105300,7.809243679046631,0.0,0.0
TECK,2015-07-13,8.920000076293945,9.539999961853027,8.800000190734863,9.510000228881836,5704200,8.353869438171387,0.0,0.0
TECK,2015-07-14,9.460000038146973,9.819999694824219,9.239999771118164,9.460000038146973,6316100,8.309950828552246,0.0,0.0
TECK,2015-07-15,9.5,9.609999656677246,9.130000114440918,9.270000457763672,6148800,8.143048286437988,0.0,0.0
TECK,2015-07-16,9.34000015258789,9.350000381469727,9.039999961853027,9.050000190734863,2819000,7.949789524078369,0.0,0.0
TECK,2015-07-17,8.979999542236328,9.010000228881836,8.539999961853027,8.680000305175781,4125700,7.62477445602417,0.0,0.0
TECK,2015-07-20,8.59000015258789,8.600000381469727,8.100000381469727,8.170000076293945,5290200,7.176774501800537,0.0,0.0
TECK,2015-07-21,8.239999771118164,8.630000114440918,8.220000267028809,8.25,5298000,7.247048377990723,0.0,0.0
TECK,2015-07-22,8.09000015258789,8.119999885559082,7.820000171661377,7.96999979019165,6948100,7.0010881423950195,0.0,0.0
TECK,2015-07-23,8.40999984741211,8.520000457763672,7.179999828338623,7.579999923706055,9904400,6.658499717712402,0.0,0.0
TECK,2015-07-24,7.480000019073486,7.489999771118164,7.039999961853027,7.090000152587891,9369000,6.22806978225708,0.0,0.0
TECK,2015-07-27,6.960000038146973,7.269999980926514,6.71999979019165,6.730000019073486,9271400,5.91183614730835,0.0,0.0
TECK,2015-07-28,6.920000076293945,7.449999809265137,6.849999904632568,7.320000171661377,8066300,6.430107593536377,0.0,0.0
TECK,2015-07-29,7.369999885559082,7.510000228881836,7.150000095367432,7.46999979019165,7282200,6.5618743896484375,0.0,0.0
TECK,2015-07-30,7.420000076293945,7.489999771118164,7.050000190734863,7.170000076293945,6119000,6.298344612121582,0.0,0.0
TECK,2015-07-31,7.28000020980835,7.449999809265137,7.239999771118164,7.340000152587891,4724100,6.447678565979004,0.0,0.0
TECK,2015-08-03,7.289999961853027,7.289999961853027,6.920000076293945,7.0,6304500,6.149011135101318,0.0,0.0
TECK,2015-08-04,7.139999866485596,7.260000228881836,6.900000095367432,7.059999942779541,4257500,6.201717853546143,0.0,0.0
TECK,2015-08-05,7.239999771118164,7.409999847412109,6.900000095367432,7.010000228881836,6853000,6.15779447555542,0.0,0.0
TECK,2015-08-06,6.96999979019165,7.400000095367432,6.909999847412109,7.380000114440918,5879900,6.482815265655518,0.0,0.0
TECK,2015-08-07,7.28000020980835,7.559999942779541,7.079999923706055,7.130000114440918,8033200,6.26320743560791,0.0,0.0
TECK,2015-08-10,7.190000057220459,7.829999923706055,7.090000152587891,7.78000020980835,5888800,6.834187030792236,0.0,0.0
TECK,2015-08-11,7.400000095367432,7.400000095367432,7.039999961853027,7.170000076293945,6819200,6.298344612121582,0.0,0.0
TECK,2015-08-12,7.159999847412109,7.340000152587891,6.989999771118164,7.329999923706055,6425200,6.438892841339111,0.0,0.0
TECK,2015-08-13,7.239999771118164,7.289999961853027,6.929999828338623,7.059999942779541,4872900,6.201717853546143,0.0,0.0
TECK,2015-08-14,7.059999942779541,7.179999828338623,6.920000076293945,7.0,3835200,6.149011135101318,0.0,0.0
TECK,2015-08-17,6.96999979019165,7.0,6.800000190734863,6.96999979019165,4786200,6.12265682220459,0.0,0.0
TECK,2015-08-18,6.75,6.769999980926514,6.360000133514404,6.449999809265137,7723200,5.66587495803833,0.0,0.0
TECK,2015-08-19,6.28000020980835,6.53000020980835,6.230000019073486,6.489999771118164,6950900,5.701010227203369,0.0,0.0
TECK,2015-08-20,6.610000133514404,6.739999771118164,6.420000076293945,6.510000228881836,4924500,5.7185797691345215,0.0,0.0
TECK,2015-08-21,6.46999979019165,6.550000190734863,6.230000019073486,6.289999961853027,4545700,5.525325298309326,0.0,0.0
TECK,2015-08-24,5.5,6.269999980926514,5.320000171661377,5.829999923706055,6011900,5.121246337890625,0.0,0.0
TECK,2015-08-25,6.369999885559082,6.420000076293945,5.630000114440918,5.699999809265137,5935900,5.00705099105835,0.0,0.0
TECK,2015-08-26,5.829999923706055,5.849999904632568,5.369999885559082,5.519999980926514,7732200,4.848935127258301,0.0,0.0
TECK,2015-08-27,5.78000020980835,6.869999885559082,5.760000228881836,6.860000133514404,14389100,6.02603006362915,0.0,0.0
TECK,2015-08-28,6.690000057220459,7.510000228881836,6.670000076293945,7.079999923706055,9623700,6.2192864418029785,0.0,0.0
TECK,2015-08-31,6.949999809265137,7.260000228881836,6.619999885559082,7.170000076293945,6329500,6.298344612121582,0.0,0.0
TECK,2015-09-01,6.710000038146973,6.960000038146973,6.400000095367432,6.510000228881836,5577900,5.7185797691345215,0.0,0.0
TECK,2015-09-02,6.710000038146973,6.710000038146973,6.309999942779541,6.650000095367432,4759500,5.8415608406066895,0.0,0.0
TECK,2015-09-03,6.78000020980835,7.199999809265137,6.650000095367432,6.809999942779541,6679900,5.9821085929870605,0.0,0.0
TECK,2015-09-04,6.579999923706055,6.650000095367432,6.119999885559082,6.159999847412109,5700000,5.411130428314209,0.0,0.0
TECK,2015-09-08,6.599999904632568,6.840000152587891,6.460000038146973,6.53000020980835,5866400,5.736148357391357,0.0,0.0
TECK,2015-09-09,6.829999923706055,7.070000171661377,6.710000038146973,6.900000095367432,10862900,6.0611677169799805,0.0,0.0
TECK,2015-09-10,6.869999885559082,7.0,6.650000095367432,6.710000038146973,10203700,5.894266605377197,0.0,0.0
TECK,2015-09-11,6.619999885559082,6.769999980926514,6.389999866485596,6.539999961853027,8203500,5.744935035705566,0.0,0.0
TECK,2015-09-14,6.480000019073486,6.53000020980835,6.260000228881836,6.369999885559082,6015800,5.595600605010986,0.0,0.0
TECK,2015-09-15,6.260000228881836,6.5,6.25,6.420000076293945,3570800,5.639522552490234,0.0,0.0
TECK,2015-09-16,6.579999923706055,6.739999771118164,6.5,6.650000095367432,5699600,5.8415608406066895,0.0,0.0
TECK,2015-09-17,6.53000020980835,6.75,6.460000038146973,6.630000114440918,7952900,5.8239922523498535,0.0,0.0
TECK,2015-09-18,6.619999885559082,6.619999885559082,6.059999942779541,6.150000095367432,9327200,5.402346611022949,0.0,0.0
TECK,2015-09-21,6.179999828338623,6.190000057220459,5.75,5.809999942779541,9436500,5.103679180145264,0.0,0.0
TECK,2015-09-22,5.480000019073486,5.480000019073486,5.21999979019165,5.369999885559082,14222200,4.717169761657715,0.0,0.0
TECK,2015-09-23,5.409999847412109,5.46999979019165,5.130000114440918,5.170000076293945,7024500,4.5414838790893555,0.0,0.0
TECK,2015-09-24,5.130000114440918,5.179999828338623,4.800000190734863,5.130000114440918,13221700,4.506346702575684,0.0,0.0
TECK,2015-09-25,5.159999847412109,5.190000057220459,4.78000020980835,4.880000114440918,7737700,4.286741733551025,0.0,0.0
TECK,2015-09-28,4.699999809265137,4.699999809265137,4.389999866485596,4.440000057220459,14375500,3.900228977203369,0.0,0.0
TECK,2015-09-29,4.539999961853027,4.730000019073486,4.440000057220459,4.710000038146973,7503000,4.137405872344971,0.0,0.0
TECK,2015-09-30,4.829999923706055,4.920000076293945,4.590000152587891,4.800000190734863,8717400,4.216465473175049,0.0,0.0
TECK,2015-10-01,4.920000076293945,5.090000152587891,4.5,4.599999904632568,9003400,4.040778160095215,0.0,0.0
TECK,2015-10-02,4.670000076293945,5.119999885559082,4.590000152587891,5.099999904632568,8831400,4.479992389678955,0.0,0.0
TECK,2015-10-05,5.429999828338623,5.78000020980835,5.340000152587891,5.630000114440918,11777300,4.94556188583374,0.0,0.0
TECK,2015-10-06,5.75,6.150000095367432,5.619999885559082,5.949999809265137,10299200,5.226660251617432,0.0,0.0
TECK,2015-10-07,6.559999942779541,7.269999980926514,6.53000020980835,6.789999961853027,23323700,5.964540004730225,0.0,0.0
TECK,2015-10-08,6.71999979019165,7.369999885559082,6.619999885559082,7.309999942779541,14345500,6.421324729919434,0.0,0.0
TECK,2015-10-09,7.989999771118164,8.289999961853027,7.400000095367432,7.460000038146973,18146800,6.553088665008545,0.0,0.0
TECK,2015-10-12,7.599999904632568,7.630000114440918,6.710000038146973,6.820000171661377,7114700,5.990893840789795,0.0,0.0
TECK,2015-10-13,6.699999809265137,6.900000095367432,6.550000190734863,6.710000038146973,6829500,5.894266605377197,0.0,0.0
TECK,2015-10-14,6.75,7.0,6.630000114440918,6.71999979019165,8572800,5.903050422668457,0.0,0.0
TECK,2015-10-15,6.679999828338623,6.849999904632568,6.570000171661377,6.78000020980835,8854800,5.955756187438965,0.0,0.0
TECK,2015-10-16,6.760000228881836,6.789999961853027,6.269999980926514,6.480000019073486,6939100,5.692225933074951,0.0,0.0
TECK,2015-10-19,6.199999809265137,6.349999904632568,5.96999979019165,6.199999809265137,7798700,5.446267127990723,0.0,0.0
TECK,2015-10-20,6.150000095367432,6.309999942779541,6.110000133514404,6.210000038146973,8038300,5.455051422119141,0.0,0.0
TECK,2015-10-21,6.119999885559082,6.400000095367432,5.960000038146973,6.380000114440918,10817200,5.604385852813721,0.0,0.0
TECK,2015-10-22,6.449999809265137,6.860000133514404,6.380000114440918,6.730000019073486,12897400,5.91183614730835,0.0,0.0
TECK,2015-10-23,6.849999904632568,7.010000228881836,6.570000171661377,6.78000020980835,8462600,5.955756187438965,0.0,0.0
TECK,2015-10-26,6.829999923706055,6.909999847412109,6.550000190734863,6.590000152587891,4972600,5.788854122161865,0.0,0.0
TECK,2015-10-27,6.449999809265137,6.46999979019165,6.010000228881836,6.050000190734863,7269600,5.314503192901611,0.0,0.0
TECK,2015-10-28,5.980000019073486,6.409999847412109,5.909999847412109,6.039999961853027,10321300,5.305719375610352,0.0,0.0
TECK,2015-10-29,5.929999828338623,6.099999904632568,5.590000152587891,5.630000114440918,8920200,4.94556188583374,0.0,0.0
TECK,2015-10-30,5.690000057220459,6.010000228881836,5.539999961853027,5.869999885559082,6613000,5.156384468078613,0.0,0.0
TECK,2015-11-02,5.800000190734863,5.909999847412109,5.610000133514404,5.78000020980835,9031100,5.077327728271484,0.0,0.0
TECK,2015-11-03,5.730000019073486,6.360000133514404,5.679999828338623,6.199999809265137,12656100,5.446267127990723,0.0,0.0
TECK,2015-11-04,6.349999904632568,6.5,5.71999979019165,5.800000190734863,12414100,5.094894886016846,0.0,0.0
TECK,2015-11-05,5.710000038146973,5.710000038146973,5.28000020980835,5.550000190734863,10533900,4.875288009643555,0.0,0.0
TECK,2015-11-06,5.360000133514404,5.409999847412109,5.159999847412109,5.389999866485596,6291000,4.734738349914551,0.0,0.0
TECK,2015-11-09,5.369999885559082,5.409999847412109,5.130000114440918,5.25,4345400,4.611759662628174,0.0,0.0
TECK,2015-11-10,5.170000076293945,5.199999809265137,5.010000228881836,5.099999904632568,4998500,4.479992389678955,0.0,0.0
TECK,2015-11-11,5.130000114440918,5.130000114440918,4.650000095367432,4.739999771118164,10330700,4.163758277893066,0.0,0.0
TECK,2015-11-12,4.550000190734863,4.860000133514404,4.519999980926514,4.71999979019165,10603500,4.146190166473389,0.0,0.0
TECK,2015-11-13,4.739999771118164,4.769999980926514,4.510000228881836,4.610000133514404,6498900,4.049562454223633,0.0,0.0
TECK,2015-11-16,4.610000133514404,4.699999809265137,4.449999809265137,4.659999847412109,8521400,4.093483924865723,0.0,0.0
TECK,2015-11-17,4.699999809265137,4.710000038146973,4.489999771118164,4.679999828338623,7063700,4.111052513122559,0.0,0.0
TECK,2015-11-18,4.760000228881836,4.989999771118164,4.539999961853027,4.730000019073486,10802600,4.154975414276123,0.0,0.0
TECK,2015-11-19,4.730000019073486,4.809999942779541,4.5,4.559999942779541,10774800,4.005641460418701,0.0,0.0
TECK,2015-11-20,4.639999866485596,4.739999771118164,4.320000171661377,4.349999904632568,12296000,3.821169853210449,0.0,0.0
TECK,2015-11-23,4.239999771118164,4.420000076293945,4.130000114440918,4.139999866485596,7039800,3.636699914932251,0.0,0.0
TECK,2015-11-24,4.179999828338623,4.329999923706055,4.150000095367432,4.230000019073486,10557600,3.7157604694366455,0.0,0.0
TECK,2015-11-25,4.210000038146973,4.289999961853027,4.059999942779541,4.159999847412109,6623200,3.654269218444824,0.0,0.0
TECK,2015-11-27,4.190000057220459,4.210000038146973,4.03000020980835,4.070000171661377,2967200,3.5752103328704834,0.0,0.0
TECK,2015-11-30,4.110000133514404,4.260000228881836,4.050000190734863,4.25,6612400,3.7333288192749023,0.0,0.0
TECK,2015-12-01,4.28000020980835,4.289999961853027,4.130000114440918,4.170000076293945,6340700,3.663053512573242,0.0,0.0
TECK,2015-12-02,4.119999885559082,4.150000095367432,3.9000000953674316,3.930000066757202,4898200,3.4522299766540527,0.0,0.0
TECK,2015-12-03,3.950000047683716,4.110000133514404,3.930000066757202,4.070000171661377,5617100,3.5752103328704834,0.0,0.0
TECK,2015-12-04,4.010000228881836,4.190000057220459,3.940000057220459,4.110000133514404,5937100,3.6103477478027344,0.0,0.0
TECK,2015-12-07,4.019999980926514,4.019999980926514,3.690000057220459,3.700000047683716,5530400,3.250192165374756,0.0,0.0
TECK,2015-12-08,3.5799999237060547,3.630000114440918,3.490000009536743,3.509999990463257,5732600,3.0832905769348145,0.0,0.0
TECK,2015-12-09,3.609999895095825,3.7899999618530273,3.5899999141693115,3.680000066757202,6778000,3.2326226234436035,0.0,0.0
TECK,2015-12-10,3.680000066757202,3.859999895095825,3.619999885559082,3.7799999713897705,6199900,3.3541903495788574,0.037,0.0
TECK,2015-12-11,3.6700000762939453,3.75,3.5,3.5199999809265137,8434400,3.123478889465332,0.0,0.0
TECK,2015-12-14,3.5199999809265137,3.5399999618530273,3.259999990463257,3.319999933242798,6238400,2.9460079669952393,0.0,0.0
TECK,2015-12-15,3.390000104904175,3.5,3.2799999713897705,3.2799999713897705,5195200,2.9105145931243896,0.0,0.0
TECK,2015-12-16,3.319999933242798,3.440000057220459,3.2899999618530273,3.359999895095825,7307800,2.981502056121826,0.0,0.0
TECK,2015-12-17,3.240000009536743,3.2699999809265137,3.0399999618530273,3.109999895095825,12629800,2.759664535522461,0.0,0.0
TECK,2015-12-18,3.1700000762939453,3.4200000762939453,3.1500000953674316,3.2899999618530273,12118700,2.919387102127075,0.0,0.0
TECK,2015-12-21,3.390000104904175,3.6500000953674316,3.2799999713897705,3.4100000858306885,6803300,3.0258700847625732,0.0,0.0
TECK,2015-12-22,3.369999885559082,3.6500000953674316,3.369999885559082,3.619999885559082,5006300,3.2122135162353516,0.0,0.0
TECK,2015-12-23,3.759999990463257,4.139999866485596,3.759999990463257,3.990000009536743,12320900,3.540534019470215,0.0,0.0
TECK,2015-12-24,4.119999885559082,4.119999885559082,3.940000057220459,4.070000171661377,1999800,3.6115221977233887,0.0,0.0
TECK,2015-12-28,3.9700000286102295,3.9800000190734863,3.809999942779541,3.819999933242798,4266100,3.3896844387054443,0.0,0.0
TECK,2015-12-29,3.9800000190734863,4.039999961853027,3.8499999046325684,3.9000000953674316,3262000,3.460672378540039,0.0,0.0
TECK,2015-12-30,3.7799999713897705,3.9100000858306885,3.759999990463257,3.809999942779541,1616500,3.380810499191284,0.0,0.0
TECK,2015-12-31,3.8299999237060547,3.890000104904175,3.759999990463257,3.859999895095825,3251400,3.425177812576294,0.0,0.0
TECK,2016-01-04,3.6600000858306885,3.740000009536743,3.509999990463257,3.630000114440918,4555200,3.221088171005249,0.0,0.0
TECK,2016-01-05,3.6500000953674316,3.8299999237060547,3.619999885559082,3.7699999809265137,6835900,3.3453168869018555,0.0,0.0
TECK,2016-01-06,3.609999895095825,3.680000066757202,3.4800000190734863,3.490000009536743,9185600,3.096858263015747,0.0,0.0
TECK,2016-01-07,3.3399999141693115,3.490000009536743,3.1600000858306885,3.200000047683716,9870300,2.8395259380340576,0.0,0.0
TECK,2016-01-08,3.3299999237060547,3.3299999237060547,3.1500000953674316,3.1600000858306885,7922900,2.8040313720703125,0.0,0.0
TECK,2016-01-11,3.2300000190734863,3.240000009536743,2.869999885559082,2.950000047683716,12289400,2.6176881790161133,0.0,0.0
TECK,2016-01-12,3.009999990463257,3.049999952316284,2.6500000953674316,2.7200000286102295,13954700,2.413597345352173,0.0,0.0
TECK,2016-01-13,2.8399999141693115,2.9000000953674316,2.559999942779541,2.6600000858306885,8118700,2.360356330871582,0.0,0.0
TECK,2016-01-14,2.640000104904175,3.0799999237060547,2.609999895095825,3.009999990463257,13107700,2.670929193496704,0.0,0.0
TECK,2016-01-15,2.75,3.109999895095825,2.6700000762939453,3.0999999046325684,11017700,2.75079083442688,0.0,0.0
TECK,2016-01-19,3.259999990463257,3.5299999713897705,3.1500000953674316,3.4200000762939453,12844900,3.034743309020996,0.0,0.0
TECK,2016-01-20,3.25,3.630000114440918,3.0999999046325684,3.630000114440918,16393300,3.221088171005249,0.0,0.0
TECK,2016-01-21,3.6500000953674316,3.859999895095825,3.5,3.75,8367900,3.327569007873535,0.0,0.0
TECK,2016-01-22,3.940000057220459,4.130000114440918,3.619999885559082,3.7200000286102295,7850400,3.3009495735168457,0.0,0.0
TECK,2016-01-25,3.6700000762939453,3.700000047683716,3.3499999046325684,3.3499999046325684,5692300,2.9726288318634033,0.0,0.0
TECK,2016-01-26,3.509999990463257,3.700000047683716,3.4000000953674316,3.640000104904175,5664700,3.2299609184265137,0.0,0.0
TECK,2016-01-27,3.619999885559082,3.690000057220459,3.380000114440918,3.4600000381469727,8208300,3.0702381134033203,0.0,0.0
TECK,2016-01-28,3.680000066757202,3.7200000286102295,3.4200000762939453,3.559999942779541,6156200,3.158972978591919,0.0,0.0
TECK,2016-01-29,3.549999952316284,3.7300000190734863,3.5399999618530273,3.7300000190734863,4842700,3.3098223209381104,0.0,0.0
TECK,2016-02-01,3.690000057220459,3.700000047683716,3.509999990463257,3.630000114440918,7209600,3.221088171005249,0.0,0.0
TECK,2016-02-02,3.5199999809265137,3.549999952316284,3.4000000953674316,3.4600000381469727,3740300,3.0702381134033203,0.0,0.0
TECK,2016-02-03,3.559999942779541,3.819999933242798,3.3499999046325684,3.799999952316284,7656600,3.371936798095703,0.0,0.0
TECK,2016-02-04,3.9200000762939453,4.489999771118164,3.9100000858306885,4.320000171661377,12604400,3.833361864089966,0.0,0.0
TECK,2016-02-05,4.170000076293945,4.46999979019165,4.130000114440918,4.300000190734863,6714400,3.815612554550171,0.0,0.0
TECK,2016-02-08,4.28000020980835,4.579999923706055,4.110000133514404,4.269999980926514,5815700,3.788994073867798,0.0,0.0
TECK,2016-02-09,4.150000095367432,4.179999828338623,3.9000000953674316,3.990000009536743,3728500,3.540534019470215,0.0,0.0
TECK,2016-02-10,4.03000020980835,4.300000190734863,3.880000114440918,3.9100000858306885,6115400,3.469545841217041,0.0,0.0
TECK,2016-02-11,3.950000047683716,3.950000047683716,3.549999952316284,3.690000057220459,9544400,3.2743289470672607,0.0,0.0
TECK,2016-02-12,3.880000114440918,4.679999828338623,3.869999885559082,4.679999828338623,14040900,4.152807235717773,0.0,0.0
TECK,2016-02-16,4.739999771118164,5.119999885559082,4.420000076293945,5.070000171661377,10512500,4.498874664306641,0.0,0.0
TECK,2016-02-17,5.309999942779541,6.409999847412109,5.25,6.130000114440918,15291500,5.439466953277588,0.0,0.0
TECK,2016-02-18,6.050000190734863,6.130000114440918,5.599999904632568,6.03000020980835,11502700,5.350732326507568,0.0,0.0
TECK,2016-02-19,5.78000020980835,6.070000171661377,5.710000038146973,5.949999809265137,6818200,5.279744625091553,0.0,0.0
TECK,2016-02-22,6.260000228881836,7.25,6.25,6.840000152587891,19484200,6.069486618041992,0.0,0.0
TECK,2016-02-23,6.590000152587891,6.800000190734863,5.960000038146973,6.019999980926514,12854000,5.341858386993408,0.0,0.0
TECK,2016-02-24,5.570000171661377,5.800000190734863,5.170000076293945,5.599999904632568,15165800,4.969170093536377,0.0,0.0
TECK,2016-02-25,5.550000190734863,5.760000228881836,5.389999866485596,5.679999828338623,5154600,5.040158748626709,0.0,0.0
TECK,2016-02-26,6.059999942779541,6.300000190734863,5.619999885559082,5.659999847412109,8918300,5.022411823272705,0.0,0.0
TECK,2016-02-29,5.769999980926514,5.920000076293945,5.610000133514404,5.789999961853027,7277600,5.137768268585205,0.0,0.0
TECK,2016-03-01,5.989999771118164,6.019999980926514,5.769999980926514,5.960000038146973,7938000,5.288616180419922,0.0,0.0
TECK,2016-03-02,6.010000228881836,7.119999885559082,5.980000019073486,7.119999885559082,17794200,6.317945957183838,0.0,0.0
TECK,2016-03-03,7.039999961853027,7.440000057220459,6.960000038146973,7.289999961853027,11175000,6.4687957763671875,0.0,0.0
TECK,2016-03-04,7.53000020980835,8.210000038146973,7.480000019073486,7.710000038146973,16248600,6.841483116149902,0.0,0.0
TECK,2016-03-07,7.769999980926514,8.40999984741211,7.75,8.09000015258789,15469600,7.178676128387451,0.0,0.0
TECK,2016-03-08,7.679999828338623,7.800000190734863,6.949999809265137,7.400000095367432,8543400,6.566405296325684,0.0,0.0
TECK,2016-03-09,7.650000095367432,7.75,7.179999828338623,7.639999866485596,4351500,6.779368877410889,0.0,0.0
TECK,2016-03-10,7.579999923706055,7.710000038146973,7.090000152587891,7.400000095367432,9891200,6.566405296325684,0.0,0.0
TECK,2016-03-11,7.670000076293945,7.880000114440918,7.409999847412109,7.449999809265137,7162600,6.610771656036377,0.0,0.0
TECK,2016-03-14,7.340000152587891,7.639999866485596,7.239999771118164,7.489999771118164,6086100,6.646264553070068,0.0,0.0
TECK,2016-03-15,7.150000095367432,7.210000038146973,6.869999885559082,7.0,7086900,6.211462497711182,0.0,0.0
TECK,2016-03-16,6.909999847412109,7.599999904632568,6.889999866485596,7.510000228881836,10720000,6.664013862609863,0.0,0.0
TECK,2016-03-17,7.829999923706055,8.930000305175781,7.820000171661377,8.90999984741211,15140100,7.906304359436035,0.0,0.0
TECK,2016-03-18,9.0,9.25,8.229999542236328,8.470000267028809,8812700,7.515871047973633,0.0,0.0
TECK,2016-03-21,8.380000114440918,8.779999732971191,8.220000267028809,8.430000305175781,5426600,7.480378150939941,0.0,0.0
TECK,2016-03-22,8.319999694824219,8.680000305175781,8.25,8.539999961853027,5847800,7.577988147735596,0.0,0.0
TECK,2016-03-23,8.270000457763672,8.380000114440918,7.260000228881836,7.289999961853027,8662500,6.4687957763671875,0.0,0.0
TECK,2016-03-24,6.760000228881836,7.409999847412109,6.550000190734863,7.360000133514404,9120200,6.530910015106201,0.0,0.0
TECK,2016-03-28,7.449999809265137,7.550000190734863,6.949999809265137,7.389999866485596,4915700,6.557529926300049,0.0,0.0
TECK,2016-03-29,7.150000095367432,7.46999979019165,6.860000133514404,7.369999885559082,6143600,6.539782524108887,0.0,0.0
TECK,2016-03-30,7.489999771118164,8.050000190734863,7.489999771118164,7.820000171661377,9624800,6.939091682434082,0.0,0.0
TECK,2016-03-31,7.75,7.96999979019165,7.590000152587891,7.610000133514404,5302300,6.752748012542725,0.0,0.0
TECK,2016-04-01,7.400000095367432,7.800000190734863,7.260000228881836,7.78000020980835,8042600,6.903598785400391,0.0,0.0
TECK,2016-04-04,7.760000228881836,7.860000133514404,7.230000019073486,7.329999923706055,5402000,6.504289150238037,0.0,0.0
TECK,2016-04-05,7.150000095367432,7.539999961853027,7.099999904632568,7.489999771118164,4764600,6.646264553070068,0.0,0.0
TECK,2016-04-06,7.489999771118164,7.869999885559082,7.269999980926514,7.75,5322200,6.876976490020752,0.0,0.0
TECK,2016-04-07,7.519999980926514,7.659999847412109,6.880000114440918,6.920000076293945,13189600,6.140476226806641,0.0,0.0
TECK,2016-04-08,7.269999980926514,7.5,7.110000133514404,7.329999923706055,5092300,6.504289150238037,0.0,0.0
TECK,2016-04-11,7.489999771118164,8.050000190734863,7.460000038146973,8.0,8962000,7.098814010620117,0.0,0.0
TECK,2016-04-12,8.130000114440918,8.989999771118164,8.100000381469727,8.6899995803833,16821600,7.711089134216309,0.0,0.0
TECK,2016-04-13,8.960000038146973,9.0,8.520000457763672,8.5600004196167,10368900,7.595732688903809,0.0,0.0
TECK,2016-04-14,8.699999809265137,8.720000267028809,8.329999923706055,8.520000457763672,10575700,7.560238838195801,0.0,0.0
TECK,2016-04-15,8.270000457763672,8.5600004196167,7.929999828338623,8.5,11603400,7.542492389678955,0.0,0.0
TECK,2016-04-18,8.09000015258789,10.010000228881836,8.09000015258789,9.619999885559082,19803200,8.536321640014648,0.0,0.0
TECK,2016-04-19,9.859999656677246,10.600000381469727,9.789999961853027,10.569999694824219,19090000,9.37930965423584,0.0,0.0
TECK,2016-04-20,10.40999984741211,11.75,10.319999694824219,11.0,27216800,9.760868072509766,0.0,0.0
TECK,2016-04-21,11.1899995803833,11.40999984741211,10.489999771118164,10.510000228881836,19276600,9.326069831848145,0.0,0.0
TECK,2016-04-22,10.609999656677246,10.890000343322754,10.3100004196167,10.399999618530273,11180000,9.228459358215332,0.0,0.0
TECK,2016-04-25,10.25,10.470000267028809,10.149999618530273,10.279999732971191,10554800,9.121979713439941,0.0,0.0
TECK,2016-04-26,10.880000114440918,11.039999961853027,10.4399995803833,10.850000381469727,18778700,9.627767562866211,0.0,0.0
TECK,2016-04-27,10.890000343322754,11.300000190734863,10.829999923706055,11.289999961853027,15622200,10.018200874328613,0.0,0.0
TECK,2016-04-28,11.420000076293945,11.729999542236328,11.119999885559082,11.15999984741211,12307700,9.902848243713379,0.0,0.0
TECK,2016-04-29,11.539999961853027,12.529999732971191,11.529999732971191,12.25,17097800,10.870061874389648,0.0,0.0
TECK,2016-05-02,12.470000267028809,12.510000228881836,11.789999961853027,12.140000343322754,13842200,10.772451400756836,0.0,0.0
TECK,2016-05-03,11.65999984741211,11.729999542236328,11.210000038146973,11.289999961853027,13909300,10.018200874328613,0.0,0.0
TECK,2016-05-04,10.9399995803833,11.4399995803833,10.680000305175781,10.6899995803833,11050000,9.485793113708496,0.0,0.0
TECK,2016-05-05,11.050000190734863,11.119999885559082,10.109999656677246,10.289999961853027,15741700,9.130851745605469,0.0,0.0
TECK,2016-05-06,10.140000343322754,10.800000190734863,10.100000381469727,10.460000038146973,11062000,9.281700134277344,0.0,0.0
TECK,2016-05-09,9.90999984741211,9.90999984741211,9.079999923706055,9.25,12074600,8.208003044128418,0.0,0.0
TECK,2016-05-10,9.329999923706055,9.800000190734863,9.239999771118164,9.520000457763672,8579600,8.447592735290527,0.0,0.0
TECK,2016-05-11,9.8100004196167,10.109999656677246,9.65999984741211,9.789999961853027,10319400,8.687174797058105,0.0,0.0
TECK,2016-05-12,10.020000457763672,10.020000457763672,9.460000038146973,9.710000038146973,10652400,8.61618709564209,0.0,0.0
TECK,2016-05-13,9.5,9.720000267028809,9.220000267028809,9.420000076293945,15180100,8.358855247497559,0.0,0.0
TECK,2016-05-16,9.680000305175781,10.1899995803833,9.680000305175781,10.029999732971191,15442700,8.900138854980469,0.0,0.0
TECK,2016-05-17,10.079999923706055,10.5600004196167,9.920000076293945,10.149999618530273,13300500,9.006623268127441,0.0,0.0
TECK,2016-05-18,9.789999961853027,10.100000381469727,9.300000190734863,9.390000343322754,11887500,8.332234382629395,0.0,0.0
TECK,2016-05-19,9.170000076293945,9.829999923706055,9.0600004196167,9.6899995803833,11822200,8.598442077636719,0.0,0.0
TECK,2016-05-20,9.970000267028809,10.170000076293945,9.739999771118164,9.850000381469727,8881900,8.7404146194458,0.0,0.0
TECK,2016-05-23,9.609999656677246,9.800000190734863,9.329999923706055,9.789999961853027,8605300,8.687174797058105,0.0,0.0
TECK,2016-05-24,9.890000343322754,9.9399995803833,9.199999809265137,9.270000457763672,7103400,8.225753784179688,0.0,0.0
TECK,2016-05-25,9.479999542236328,9.850000381469727,9.399999618530273,9.720000267028809,9504800,8.625059127807617,0.0,0.0
TECK,2016-05-26,10.069999694824219,10.170000076293945,9.569999694824219,9.65999984741211,7483800,8.571820259094238,0.0,0.0
TECK,2016-05-27,9.630000114440918,9.699999809265137,9.260000228881836,9.529999732971191,5786200,8.456464767456055,0.0,0.0
TECK,2016-05-31,9.520000457763672,9.9399995803833,9.520000457763672,9.630000114440918,7563000,8.545195579528809,0.0,0.0
TECK,2016-06-01,9.630000114440918,9.739999771118164,9.199999809265137,9.649999618530273,7520800,8.562945365905762,0.0,0.0
TECK,2016-06-02,9.449999809265137,9.90999984741211,9.369999885559082,9.850000381469727,9190700,8.7404146194458,0.0,0.0
TECK,2016-06-03,10.130000114440918,10.770000457763672,10.130000114440918,10.699999809265137,16867600,9.494664192199707,0.0,0.0
TECK,2016-06-06,10.989999771118164,11.65999984741211,10.9399995803833,11.600000381469727,12412400,10.293282508850098,0.0,0.0
TECK,2016-06-07,11.279999732971191,11.930000305175781,11.270000457763672,11.59000015258789,10461300,10.284408569335938,0.0,0.0
TECK,2016-06-08,12.100000381469727,12.460000038146973,12.039999961853027,12.350000381469727,11214900,10.958795547485352,0.0,0.0
TECK,2016-06-09,11.949999809265137,12.079999923706055,11.670000076293945,11.920000076293945,7034000,10.577232360839844,0.0,0.0
TECK,2016-06-10,11.520000457763672,11.699999809265137,11.229999542236328,11.399999618530273,7966700,10.115812301635742,0.0,0.0
TECK,2016-06-13,11.279999732971191,11.949999809265137,11.270000457763672,11.529999732971191,8024600,10.266287803649902,0.039,0.0
TECK,2016-06-14,11.399999618530273,11.550000190734863,10.609999656677246,11.010000228881836,8622600,9.803284645080566,0.0,0.0
TECK,2016-06-15,11.279999732971191,11.779999732971191,11.260000228881836,11.520000457763672,7959100,10.257387161254883,0.0,0.0
TECK,2016-06-16,11.140000343322754,11.510000228881836,10.949999809265137,11.479999542236328,7008100,10.22176742553711,0.0,0.0
TECK,2016-06-17,11.670000076293945,12.010000228881836,11.609999656677246,11.9399995803833,7572400,10.631353378295898,0.0,0.0
TECK,2016-06-20,12.3100004196167,12.59000015258789,12.260000228881836,12.359999656677246,5907100,11.005318641662598,0.0,0.0
TECK,2016-06-21,12.210000038146973,12.420000076293945,11.960000038146973,12.3100004196167,8001600,10.960798263549805,0.0,0.0
TECK,2016-06-22,12.5,12.600000381469727,12.100000381469727,12.3100004196167,6403400,10.960798263549805,0.0,0.0
TECK,2016-06-23,12.579999923706055,12.84000015258789,12.380000114440918,12.779999732971191,5767100,11.379287719726562,0.0,0.0
TECK,2016-06-24,11.600000381469727,12.289999961853027,11.4399995803833,11.789999961853027,7928900,10.49779224395752,0.0,0.0
TECK,2016-06-27,11.649999618530273,12.050000190734863,11.039999961853027,11.40999984741211,8678800,10.159440994262695,0.0,0.0
TECK,2016-06-28,11.859999656677246,12.09000015258789,11.390000343322754,11.800000190734863,9735800,10.506697654724121,0.0,0.0
TECK,2016-06-29,12.119999885559082,12.699999809265137,12.020000457763672,12.550000190734863,9712100,11.1744966506958,0.0,0.0
TECK,2016-06-30,12.649999618530273,13.199999809265137,12.529999732971191,13.170000076293945,9439800,11.726543426513672,0.0,0.0
TECK,2016-07-01,13.149999618530273,14.449999809265137,13.130000114440918,14.380000114440918,10315300,12.803923606872559,0.0,0.0
TECK,2016-07-05,13.65999984741211,13.779999732971191,13.140000343322754,13.300000190734863,9428300,11.842294692993164,0.0,0.0
TECK,2016-07-06,13.100000381469727,13.479999542236328,12.899999618530273,13.449999809265137,6903400,11.975852966308594,0.0,0.0
TECK,2016-07-07,13.539999961853027,13.850000381469727,13.039999961853027,13.220000267028809,6059900,11.771062850952148,0.0,0.0
TECK,2016-07-08,13.430000305175781,13.720000267028809,13.149999618530273,13.550000190734863,5719400,12.06489372253418,0.0,0.0
TECK,2016-07-11,13.789999961853027,14.210000038146973,13.739999771118164,13.84000015258789,4709900,12.323108673095703,0.0,0.0
TECK,2016-07-12,14.3100004196167,14.510000228881836,14.130000114440918,14.25,9709400,12.688172340393066,0.0,0.0
TECK,2016-07-13,14.34000015258789,14.449999809265137,14.010000228881836,14.289999961853027,8588900,12.723788261413574,0.0,0.0
TECK,2016-07-14,14.40999984741211,14.550000190734863,14.229999542236328,14.380000114440918,3819000,12.803923606872559,0.0,0.0
TECK,2016-07-15,14.369999885559082,14.489999771118164,14.069999694824219,14.369999885559082,3751900,12.79502010345459,0.0,0.0
TECK,2016-07-18,14.15999984741211,14.380000114440918,13.9399995803833,14.380000114440918,4007400,12.803923606872559,0.0,0.0
TECK,2016-07-19,14.15999984741211,14.199999809265137,13.369999885559082,13.420000076293945,10906200,11.949141502380371,0.0,0.0
TECK,2016-07-20,13.039999961853027,13.399999618530273,12.619999885559082,13.210000038146973,9365000,11.76215648651123,0.0,0.0
TECK,2016-07-21,13.34000015258789,13.930000305175781,13.34000015258789,13.720000267028809,4588900,12.216259002685547,0.0,0.0
TECK,2016-07-22,13.65999984741211,13.760000228881836,13.279999732971191,13.579999923706055,3712200,12.091604232788086,0.0,0.0
TECK,2016-07-25,13.449999809265137,13.5,13.010000228881836,13.479999542236328,7381500,12.002564430236816,0.0,0.0
TECK,2016-07-26,13.40999984741211,14.15999984741211,13.199999809265137,14.079999923706055,8208300,12.536802291870117,0.0,0.0
TECK,2016-07-27,14.270000457763672,14.449999809265137,13.970000267028809,14.369999885559082,10393200,12.79502010345459,0.0,0.0
TECK,2016-07-28,14.699999809265137,15.460000038146973,14.59000015258789,15.319999694824219,13017700,13.640897750854492,0.0,0.0
TECK,2016-07-29,15.170000076293945,15.970000267028809,15.079999923706055,15.930000305175781,7838300,14.184040069580078,0.0,0.0
TECK,2016-08-01,15.579999923706055,15.729999542236328,15.149999618530273,15.199999809265137,6013600,13.534049034118652,0.0,0.0
TECK,2016-08-02,15.369999885559082,15.649999618530273,15.020000457763672,15.289999961853027,6553300,13.61418628692627,0.0,0.0
TECK,2016-08-03,15.15999984741211,15.640000343322754,14.8100004196167,15.579999923706055,5561000,13.872398376464844,0.0,0.0
TECK,2016-08-04,15.479999542236328,15.859999656677246,15.470000267028809,15.640000343322754,3950100,13.925824165344238,0.0,0.0
TECK,2016-08-05,15.579999923706055,15.9399995803833,15.380000114440918,15.899999618530273,5181900,14.157328605651855,0.0,0.0
TECK,2016-08-08,15.970000267028809,16.940000534057617,15.949999809265137,16.34000015258789,6339300,14.549103736877441,0.0,0.0
TECK,2016-08-09,16.440000534057617,16.6299991607666,16.059999465942383,16.09000015258789,3758500,14.326505661010742,0.0,0.0
TECK,2016-08-10,16.579999923706055,16.59000015258789,16.0,16.139999389648438,4373600,14.37102222442627,0.0,0.0
TECK,2016-08-11,16.219999313354492,16.540000915527344,16.170000076293945,16.420000076293945,3218500,14.62033462524414,0.0,0.0
TECK,2016-08-12,16.139999389648438,16.229999542236328,15.59000015258789,15.770000457763672,6272300,14.04157543182373,0.0,0.0
TECK,2016-08-15,15.899999618530273,16.270000457763672,15.880000114440918,16.149999618530273,4134800,14.379929542541504,0.0,0.0
TECK,2016-08-16,16.31999969482422,16.479999542236328,16.170000076293945,16.280000686645508,6398600,14.495677947998047,0.0,0.0
TECK,2016-08-17,16.110000610351562,16.190000534057617,15.75,16.06999969482422,6648800,14.308695793151855,0.0,0.0
TECK,2016-08-18,16.34000015258789,16.520000457763672,16.229999542236328,16.5,8014300,14.691567420959473,0.0,0.0
TECK,2016-08-19,16.139999389648438,16.190000534057617,15.670000076293945,15.800000190734863,7014900,14.068288803100586,0.0,0.0
TECK,2016-08-22,15.399999618530273,16.079999923706055,15.050000190734863,16.030000686645508,6347300,14.273080825805664,0.0,0.0
TECK,2016-08-23,16.190000534057617,16.440000534057617,16.079999923706055,16.229999542236328,6623300,14.45115852355957,0.0,0.0
TECK,2016-08-24,16.139999389648438,16.270000457763672,15.670000076293945,15.760000228881836,5996800,14.032672882080078,0.0,0.0
TECK,2016-08-25,15.649999618530273,16.440000534057617,15.569999694824219,16.440000534057617,6831700,14.638142585754395,0.0,0.0
TECK,2016-08-26,16.6200008392334,17.010000228881836,15.949999809265137,15.979999542236328,8498300,14.228559494018555,0.0,0.0
TECK,2016-08-29,15.920000076293945,17.290000915527344,15.850000381469727,17.229999542236328,8812100,15.341562271118164,0.0,0.0
TECK,2016-08-30,17.1299991607666,17.200000762939453,16.549999237060547,16.709999084472656,7798700,14.878548622131348,0.0,0.0
TECK,2016-08-31,16.459999084472656,16.729999542236328,16.1299991607666,16.260000228881836,5510900,14.47787094116211,0.0,0.0
TECK,2016-09-01,16.350000381469727,16.670000076293945,16.06999969482422,16.530000686645508,7254200,14.718279838562012,0.0,0.0
TECK,2016-09-02,16.889999389648438,17.43000030517578,16.84000015258789,16.989999771118164,6961500,15.127861022949219,0.0,0.0
TECK,2016-09-06,17.25,17.899999618530273,17.239999771118164,17.889999389648438,7701300,15.929219245910645,0.0,0.0
TECK,2016-09-07,17.510000228881836,17.729999542236328,16.8700008392334,17.1200008392334,11700300,15.243613243103027,0.0,0.0
TECK,2016-09-08,17.110000610351562,17.350000381469727,16.729999542236328,16.959999084472656,7885200,15.101147651672363,0.0,0.0
TECK,2016-09-09,16.760000228881836,16.8799991607666,16.020000457763672,16.190000534057617,8745900,14.415546417236328,0.0,0.0
TECK,2016-09-12,15.670000076293945,16.809999465942383,15.579999923706055,16.670000076293945,8550500,14.842935562133789,0.0,0.0
TECK,2016-09-13,16.299999237060547,16.610000610351562,15.850000381469727,16.149999618530273,8425000,14.379929542541504,0.0,0.0
TECK,2016-09-14,16.479999542236328,17.31999969482422,16.440000534057617,17.270000457763672,13280400,15.37717056274414,0.0,0.0
TECK,2016-09-15,17.719999313354492,18.5,17.420000076293945,18.239999771118164,12286700,16.24085807800293,0.0,0.0
TECK,2016-09-16,18.030000686645508,18.34000015258789,17.84000015258789,18.260000228881836,6850900,16.2586669921875,0.0,0.0
TECK,2016-09-19,18.600000381469727,18.84000015258789,17.809999465942383,17.940000534057617,9250700,15.973737716674805,0.0,0.0
TECK,2016-09-20,18.049999237060547,18.219999313354492,17.739999771118164,17.899999618530273,5062500,15.938122749328613,0.0,0.0
TECK,2016-09-21,18.020000457763672,18.5,17.739999771118164,18.440000534057617,7738000,16.41893768310547,0.0,0.0
TECK,2016-09-22,18.799999237060547,19.079999923706055,17.020000457763672,17.030000686645508,22166200,15.163477897644043,0.0,0.0
TECK,2016-09-23,17.34000015258789,18.309999465942383,17.190000534057617,18.18000030517578,16814600,16.18743133544922,0.0,0.0
TECK,2016-09-26,18.219999313354492,18.690000534057617,18.079999923706055,18.489999771118164,7684600,16.463459014892578,0.0,0.0
TECK,2016-09-27,18.18000030517578,18.520000457763672,17.81999969482422,18.309999465942383,6625600,16.303184509277344,0.0,0.0
TECK,2016-09-28,18.68000030517578,19.010000228881836,18.030000686645508,18.8799991607666,8950800,16.810712814331055,0.0,0.0
TECK,2016-09-29,18.90999984741211,19.030000686645508,18.450000762939453,18.700000762939453,6581800,16.65044403076172,0.0,0.0
TECK,2016-09-30,18.950000762939453,18.959999084472656,18.010000228881836,18.030000686645508,10778200,16.053876876831055,0.0,0.0
TECK,2016-10-03,18.170000076293945,18.3700008392334,17.709999084472656,17.989999771118164,6822000,16.018264770507812,0.0,0.0
TECK,2016-10-04,17.959999084472656,18.1200008392334,16.950000762939453,17.110000610351562,8261600,15.234705924987793,0.0,0.0
TECK,2016-10-05,17.3700008392334,18.170000076293945,17.280000686645508,17.809999465942383,9250200,15.857989311218262,0.0,0.0
TECK,2016-10-06,17.6200008392334,17.950000762939453,16.959999084472656,17.170000076293945,9438000,15.288132667541504,0.0,0.0
TECK,2016-10-07,17.610000610351562,17.8700008392334,17.079999923706055,17.479999542236328,7255500,15.56415843963623,0.0,0.0
TECK,2016-10-10,17.739999771118164,18.729999542236328,17.700000762939453,18.6200008392334,5713800,16.579212188720703,0.0,0.0
TECK,2016-10-11,18.3799991607666,18.649999618530273,18.079999923706055,18.34000015258789,6226900,16.329896926879883,0.0,0.0
TECK,2016-10-12,18.43000030517578,18.8799991607666,18.270000457763672,18.639999389648438,6785900,16.597021102905273,0.0,0.0
TECK,2016-10-13,18.149999618530273,18.299999237060547,17.56999969482422,18.110000610351562,8005300,16.12510871887207,0.0,0.0
TECK,2016-10-14,18.68000030517578,18.899999618530273,18.389999389648438,18.770000457763672,10987300,16.712766647338867,0.0,0.0
TECK,2016-10-17,19.260000228881836,19.75,19.170000076293945,19.450000762939453,11072200,17.31824493408203,0.0,0.0
TECK,2016-10-18,19.940000534057617,20.81999969482422,19.8700008392334,20.649999618530273,11034800,18.386716842651367,0.0,0.0
TECK,2016-10-19,20.760000228881836,20.84000015258789,19.940000534057617,20.239999771118164,17461000,18.02165985107422,0.0,0.0
TECK,2016-10-20,20.0,20.3700008392334,19.860000610351562,20.329999923706055,6717500,18.10179328918457,0.0,0.0
TECK,2016-10-21,20.209999084472656,20.59000015258789,20.06999969482422,20.5,6553800,18.253158569335938,0.0,0.0
TECK,2016-10-24,20.729999542236328,20.979999542236328,20.1299991607666,20.5,6912700,18.253158569335938,0.0,0.0
TECK,2016-10-25,20.979999542236328,21.690000534057617,20.6299991607666,21.079999923706055,8717100,18.769590377807617,0.0,0.0
TECK,2016-10-26,20.860000610351562,21.309999465942383,20.75,21.020000457763672,6653000,18.716167449951172,0.0,0.0
TECK,2016-10-27,21.43000030517578,21.520000457763672,19.75,20.889999389648438,10749500,18.600414276123047,0.0,0.0
TECK,2016-10-28,21.0,21.360000610351562,20.940000534057617,21.06999969482422,6007400,18.760683059692383,0.0,0.0
TECK,2016-10-31,21.219999313354492,21.709999084472656,21.06999969482422,21.579999923706055,5925200,19.21479034423828,0.0,0.0
TECK,2016-11-01,21.989999771118164,22.1299991607666,21.440000534057617,21.649999618530273,5834100,19.277114868164062,0.0,0.0
TECK,2016-11-02,21.530000686645508,21.719999313354492,20.600000381469727,20.6200008392334,8766100,18.36000633239746,0.0,0.0
TECK,2016-11-03,20.81999969482422,21.5,20.75,21.110000610351562,6251100,18.796300888061523,0.0,0.0
TECK,2016-11-04,20.8700008392334,21.350000381469727,20.520000457763672,21.030000686645508,6938000,18.72507095336914,0.0,0.0
TECK,2016-11-07,21.809999465942383,21.889999389648438,21.530000686645508,21.68000030517578,6022900,19.3038330078125,0.0,0.0
TECK,2016-11-08,21.770000457763672,22.530000686645508,21.6200008392334,22.350000381469727,6304100,19.9003963470459,0.0,0.0
TECK,2016-11-09,22.690000534057617,22.979999542236328,21.760000228881836,22.329999923706055,9528200,19.88258934020996,0.0,0.0
TECK,2016-11-10,22.729999542236328,22.829999923706055,21.81999969482422,22.229999542236328,10658100,19.793550491333008,0.0,0.0
TECK,2016-11-11,22.530000686645508,22.639999389648438,21.0,22.59000015258789,14855000,20.114086151123047,0.0,0.0
TECK,2016-11-14,22.75,22.950000762939453,22.229999542236328,22.8700008392334,6654400,20.363407135009766,0.0,0.0
TECK,2016-11-15,22.530000686645508,23.270000457763672,22.010000228881836,23.149999618530273,8305500,20.61272430419922,0.0,0.0
TECK,2016-11-16,22.829999923706055,23.450000762939453,22.780000686645508,23.399999618530273,6550300,20.835308074951172,0.0,0.0
TECK,2016-11-17,23.81999969482422,24.0,23.079999923706055,23.31999969482422,9635300,20.764076232910156,0.0,0.0
TECK,2016-11-18,22.959999084472656,23.020000457763672,22.309999465942383,22.770000457763672,7876200,20.274362564086914,0.0,0.0
TECK,2016-11-21,23.59000015258789,23.860000610351562,23.440000534057617,23.850000381469727,7307300,21.235994338989258,0.0,0.0
TECK,2016-11-22,24.190000534057617,25.6200008392334,24.139999389648438,25.530000686645508,9377500,22.73186492919922,0.0,0.0
TECK,2016-11-23,25.360000610351562,26.209999084472656,24.690000534057617,25.8799991607666,7515700,23.043500900268555,0.0,0.0
TECK,2016-11-25,25.790000915527344,25.950000762939453,25.399999618530273,25.690000534057617,2480800,22.874326705932617,0.0,0.0
TECK,2016-11-28,25.75,26.600000381469727,25.75,25.81999969482422,6810000,22.990083694458008,0.0,0.0
TECK,2016-11-29,25.209999084472656,25.56999969482422,24.8700008392334,25.200000762939453,6898800,22.438034057617188,0.0,0.0
TECK,2016-11-30,25.709999084472656,25.979999542236328,25.239999771118164,25.34000015258789,5859600,22.56269073486328,0.0,0.0
TECK,2016-12-01,25.31999969482422,25.440000534057617,24.3799991607666,24.489999771118164,6952000,21.805845260620117,0.0,0.0
TECK,2016-12-02,24.06999969482422,25.450000762939453,23.950000762939453,25.360000610351562,5001000,22.580493927001953,0.0,0.0
TECK,2016-12-05,26.049999237060547,26.110000610351562,25.510000228881836,25.959999084472656,2701900,23.114728927612305,0.0,0.0
TECK,2016-12-06,25.639999389648438,25.850000381469727,25.170000076293945,25.479999542236328,3017800,22.68734359741211,0.0,0.0
TECK,2016-12-07,25.59000015258789,25.65999984741211,24.799999237060547,25.110000610351562,6246800,22.357898712158203,0.0,0.0
TECK,2016-12-08,25.290000915527344,25.3799991607666,23.700000762939453,23.950000762939453,7057200,21.325027465820312,0.0,0.0
TECK,2016-12-09,23.510000228881836,23.510000228881836,22.219999313354492,22.329999923706055,9216500,19.88258934020996,0.0,0.0
TECK,2016-12-12,22.84000015258789,23.329999923706055,22.559999465942383,22.950000762939453,6748200,20.43463706970215,0.0,0.0
TECK,2016-12-13,23.079999923706055,23.200000762939453,21.489999771118164,21.850000381469727,9965900,19.487464904785156,0.038,0.0
TECK,2016-12-14,21.719999313354492,22.209999084472656,21.18000030517578,21.290000915527344,7530800,18.988014221191406,0.0,0.0
TECK,2016-12-15,20.90999984741211,22.030000686645508,20.709999084472656,21.670000076293945,5612800,19.326929092407227,0.0,0.0
TECK,2016-12-16,21.670000076293945,21.729999542236328,20.389999389648438,20.440000534057617,6153300,18.229921340942383,0.0,0.0
TECK,2016-12-19,20.229999542236328,20.690000534057617,20.1299991607666,20.559999465942383,4858800,18.336950302124023,0.0,0.0
TECK,2016-12-20,20.889999389648438,21.84000015258789,20.799999237060547,21.530000686645508,4901100,19.202068328857422,0.0,0.0
TECK,2016-12-21,21.540000915527344,21.610000610351562,20.989999771118164,21.079999923706055,3303000,18.80072021484375,0.0,0.0
TECK,2016-12-22,20.739999771118164,21.219999313354492,20.489999771118164,20.709999084472656,3997000,18.470727920532227,0.0,0.0
TECK,2016-12-23,20.489999771118164,20.770000457763672,20.420000076293945,20.530000686645508,2709700,18.3101863861084,0.0,0.0
TECK,2016-12-27,20.770000457763672,21.360000610351562,20.760000228881836,21.010000228881836,1923400,18.73828887939453,0.0,0.0
TECK,2016-12-28,21.100000381469727,21.209999084472656,20.65999984741211,20.860000610351562,3084100,18.604507446289062,0.0,0.0
TECK,2016-12-29,20.959999084472656,21.0,20.200000762939453,20.31999969482422,3356400,18.122894287109375,0.0,0.0
TECK,2016-12-30,20.489999771118164,20.579999923706055,20.0,20.030000686645508,2999300,17.8642520904541,0.0,0.0
TECK,2017-01-03,20.520000457763672,20.68000030517578,20.030000686645508,20.18000030517578,4061800,17.998031616210938,0.0,0.0
TECK,2017-01-04,20.510000228881836,20.700000762939453,19.899999618530273,20.6299991607666,6571900,18.399375915527344,0.0,0.0
TECK,2017-01-05,20.579999923706055,21.700000762939453,20.479999542236328,21.559999465942383,5913400,19.22882080078125,0.0,0.0
TECK,2017-01-06,21.440000534057617,21.540000915527344,20.6200008392334,21.030000686645508,5601100,18.756128311157227,0.0,0.0
TECK,2017-01-09,21.030000686645508,21.25,20.75,20.780000686645508,3911600,18.533161163330078,0.0,0.0
TECK,2017-01-10,21.649999618530273,22.510000228881836,21.579999923706055,22.40999984741211,6509300,19.986907958984375,0.0,0.0
TECK,2017-01-11,22.690000534057617,24.049999237060547,22.690000534057617,23.979999542236328,10834900,21.38715171813965,0.0,0.0
TECK,2017-01-12,24.440000534057617,24.68000030517578,23.649999618530273,24.049999237060547,6738000,21.449588775634766,0.0,0.0
TECK,2017-01-13,23.8799991607666,24.90999984741211,23.649999618530273,24.690000534057617,5395400,22.020387649536133,0.0,0.0
TECK,2017-01-17,24.520000457763672,24.530000686645508,23.610000610351562,23.610000610351562,5939200,21.057161331176758,0.0,0.0
TECK,2017-01-18,23.459999084472656,24.209999084472656,23.459999084472656,23.709999084472656,4054900,21.1463565826416,0.0,0.0
TECK,2017-01-19,23.469999313354492,23.809999465942383,23.219999313354492,23.520000457763672,3421500,20.976898193359375,0.0,0.0
TECK,2017-01-20,23.440000534057617,23.899999618530273,23.399999618530273,23.579999923706055,3675200,21.030405044555664,0.0,0.0
TECK,2017-01-23,24.030000686645508,24.450000762939453,23.799999237060547,24.1299991607666,4263700,21.520938873291016,0.0,0.0
TECK,2017-01-24,24.600000381469727,26.229999542236328,24.520000457763672,25.93000030517578,7537200,23.12630844116211,0.0,0.0
TECK,2017-01-25,25.540000915527344,26.350000381469727,25.520000457763672,26.25,5107000,23.41170883178711,0.0,0.0
TECK,2017-01-26,26.110000610351562,26.459999084472656,25.309999465942383,25.489999771118164,4112600,22.733884811401367,0.0,0.0
TECK,2017-01-27,25.360000610351562,25.610000610351562,25.15999984741211,25.209999084472656,3376800,22.484161376953125,0.0,0.0
TECK,2017-01-30,25.18000030517578,25.200000762939453,24.1299991607666,24.290000915527344,4760600,21.66364288330078,0.0,0.0
TECK,2017-01-31,24.940000534057617,25.229999542236328,24.3700008392334,24.540000915527344,3934600,21.886608123779297,0.0,0.0
TECK,2017-02-01,24.700000762939453,25.43000030517578,24.549999237060547,25.360000610351562,3397500,22.617944717407227,0.0,0.0
TECK,2017-02-02,25.399999618530273,26.020000457763672,25.239999771118164,25.260000228881836,3591900,22.52875328063965,0.0,0.0
TECK,2017-02-03,24.989999771118164,24.989999771118164,24.229999542236328,24.239999771118164,3811400,21.61903953552246,0.0,0.0
TECK,2017-02-06,24.280000686645508,24.459999084472656,23.850000381469727,24.25,3585400,21.627962112426758,0.0,0.0
TECK,2017-02-07,24.229999542236328,24.559999465942383,23.780000686645508,23.860000610351562,3612600,21.28013038635254,0.0,0.0
TECK,2017-02-08,23.950000762939453,24.049999237060547,23.100000381469727,23.530000686645508,4239400,20.985815048217773,0.0,0.0
TECK,2017-02-09,23.530000686645508,23.75,23.200000762939453,23.450000762939453,4690600,20.91446304321289,0.0,0.0
TECK,2017-02-10,24.200000762939453,24.93000030517578,24.100000381469727,24.899999618530273,5332200,22.207679748535156,0.0,0.0
TECK,2017-02-13,25.3799991607666,26.110000610351562,25.34000015258789,25.459999084472656,6861400,22.70713233947754,0.0,0.0
TECK,2017-02-14,25.239999771118164,25.329999923706055,24.520000457763672,25.09000015258789,6898900,22.37713623046875,0.0,0.0
TECK,2017-02-15,24.559999465942383,24.559999465942383,22.43000030517578,22.440000534057617,18384300,20.013668060302734,0.0,0.0
TECK,2017-02-16,22.469999313354492,22.479999542236328,20.68000030517578,21.190000534057617,12553800,18.898822784423828,0.0,0.0
TECK,2017-02-17,21.0,21.6200008392334,20.670000076293945,21.34000015258789,7914000,19.03260612487793,0.0,0.0
TECK,2017-02-21,21.989999771118164,22.34000015258789,21.520000457763672,22.149999618530273,10322100,19.755027770996094,0.0,0.0
TECK,2017-02-22,21.950000762939453,22.030000686645508,21.219999313354492,21.510000228881836,5184300,19.184226989746094,0.0,0.0
TECK,2017-02-23,21.829999923706055,22.010000228881836,20.780000686645508,20.809999465942383,5907800,18.55990982055664,0.0,0.0
TECK,2017-02-24,20.520000457763672,21.030000686645508,20.43000030517578,20.719999313354492,5045800,18.479644775390625,0.0,0.0
TECK,2017-02-27,20.670000076293945,20.690000534057617,19.690000534057617,20.059999465942383,9084100,17.891006469726562,0.0,0.0
TECK,2017-02-28,19.700000762939453,20.540000915527344,19.690000534057617,20.010000228881836,6659600,17.846416473388672,0.0,0.0
TECK,2017-03-01,20.549999237060547,21.43000030517578,20.489999771118164,21.06999969482422,8424100,18.791799545288086,0.0,0.0
TECK,2017-03-02,20.809999465942383,21.0,20.18000030517578,20.260000228881836,6477500,18.06938362121582,0.0,0.0
TECK,2017-03-03,20.489999771118164,20.510000228881836,19.860000610351562,20.389999389648438,6470700,18.185327529907227,0.0,0.0
TECK,2017-03-06,19.93000030517578,19.979999542236328,19.43000030517578,19.8700008392334,5906900,17.7215576171875,0.0,0.0
TECK,2017-03-07,19.799999237060547,20.1200008392334,19.469999313354492,20.049999237060547,5869900,17.882083892822266,0.0,0.0
TECK,2017-03-08,20.0,20.170000076293945,19.559999465942383,19.68000030517578,5404100,17.552091598510742,0.0,0.0
TECK,2017-03-09,19.43000030517578,19.829999923706055,19.200000762939453,19.520000457763672,4704300,17.40939712524414,0.0,0.0
TECK,2017-03-10,19.829999923706055,20.020000457763672,19.639999389648438,19.8700008392334,5811200,17.7215576171875,0.0,0.0
TECK,2017-03-13,20.200000762939453,20.809999465942383,20.100000381469727,20.469999313354492,4280400,18.256675720214844,0.0,0.0
TECK,2017-03-14,20.010000228881836,20.280000686645508,19.75,20.06999969482422,4088900,17.89992904663086,0.0,0.0
TECK,2017-03-15,20.420000076293945,21.489999771118164,20.280000686645508,21.270000457763672,5245300,18.970182418823242,0.0,0.0
TECK,2017-03-16,21.670000076293945,22.200000762939453,21.6200008392334,21.6200008392334,5623400,19.282333374023438,0.0,0.0
TECK,2017-03-17,21.670000076293945,21.90999984741211,21.170000076293945,21.170000076293945,4293600,18.880985260009766,0.0,0.0
TECK,2017-03-20,21.010000228881836,21.469999313354492,21.0,21.40999984741211,3333400,19.09503746032715,0.0,0.0
TECK,2017-03-21,21.59000015258789,22.079999923706055,20.420000076293945,20.440000534057617,6734100,18.229921340942383,0.0,0.0
TECK,2017-03-22,20.540000915527344,21.530000686645508,20.459999084472656,21.350000381469727,5993300,19.041521072387695,0.0,0.0
TECK,2017-03-23,21.3700008392334,21.3799991607666,20.75,21.06999969482422,3510000,18.791799545288086,0.0,0.0
TECK,2017-03-24,20.950000762939453,21.260000228881836,20.950000762939453,21.100000381469727,3379700,18.818559646606445,0.0,0.0
TECK,2017-03-27,20.530000686645508,22.049999237060547,20.3799991607666,21.969999313354492,7717600,19.594493865966797,0.0,0.0
TECK,2017-03-28,22.079999923706055,22.31999969482422,21.65999984741211,21.68000030517578,5872700,19.335845947265625,0.0,0.0
TECK,2017-03-29,21.540000915527344,22.459999084472656,21.3700008392334,22.139999389648438,3653900,19.746105194091797,0.0,0.0
TECK,2017-03-30,22.43000030517578,22.520000457763672,21.950000762939453,22.290000915527344,3209300,19.879884719848633,0.0,0.0
TECK,2017-03-31,22.1299991607666,22.18000030517578,21.809999465942383,21.899999618530273,3167600,19.53205680847168,0.0,0.0
TECK,2017-04-03,22.700000762939453,23.209999084472656,22.389999389648438,22.920000076293945,9115900,20.441768646240234,0.0,0.0
TECK,2017-04-04,22.959999084472656,23.459999084472656,22.809999465942383,23.239999771118164,6204100,20.727169036865234,0.0,0.0
TECK,2017-04-05,23.729999542236328,23.920000076293945,23.1299991607666,23.170000076293945,6307400,20.66473388671875,0.0,0.0
TECK,2017-04-06,23.510000228881836,23.979999542236328,23.360000610351562,23.829999923706055,4999300,21.253376007080078,0.0,0.0
TECK,2017-04-07,23.520000457763672,24.040000915527344,23.43000030517578,23.520000457763672,4291700,20.976898193359375,0.0,0.0
TECK,2017-04-10,23.610000610351562,24.06999969482422,23.610000610351562,23.950000762939453,2935300,21.360397338867188,0.0,0.0
TECK,2017-04-11,24.010000228881836,24.059999465942383,23.25,23.649999618530273,4237800,21.09284019470215,0.0,0.0
TECK,2017-04-12,23.290000915527344,23.520000457763672,22.100000381469727,22.31999969482422,6518300,19.906646728515625,0.0,0.0
TECK,2017-04-13,22.549999237060547,22.600000381469727,21.959999084472656,22.0,4271000,19.621244430541992,0.0,0.0
TECK,2017-04-17,22.260000228881836,22.549999237060547,22.170000076293945,22.389999389648438,4595800,19.969072341918945,0.0,0.0
TECK,2017-04-18,21.780000686645508,21.899999618530273,21.139999389648438,21.510000228881836,8591700,19.184226989746094,0.0,0.0
TECK,2017-04-19,21.670000076293945,21.770000457763672,21.110000610351562,21.200000762939453,4328800,18.90774917602539,0.0,0.0
TECK,2017-04-20,21.479999542236328,21.709999084472656,21.290000915527344,21.579999923706055,5071900,19.24665641784668,0.0,0.0
TECK,2017-04-21,21.6299991607666,22.0,21.469999313354492,21.790000915527344,9330800,19.43395233154297,0.0,0.0
TECK,2017-04-24,22.09000015258789,22.34000015258789,21.90999984741211,21.959999084472656,4485300,19.5855712890625,0.0,0.0
TECK,2017-04-25,21.059999465942383,21.299999237060547,20.3799991607666,21.260000228881836,14881100,18.961254119873047,0.0,0.0
TECK,2017-04-26,20.780000686645508,21.979999542236328,20.760000228881836,21.309999465942383,4975200,19.005849838256836,0.0,0.0
TECK,2017-04-27,21.1299991607666,21.219999313354492,20.25,20.670000076293945,7598000,18.43505096435547,0.0,0.0
TECK,2017-04-28,20.760000228881836,21.049999237060547,20.670000076293945,20.739999771118164,4104100,18.497482299804688,0.0,0.0
TECK,2017-05-01,20.729999542236328,20.93000030517578,20.540000915527344,20.8700008392334,2482800,18.613428115844727,0.0,0.0
TECK,2017-05-02,20.719999313354492,20.829999923706055,20.489999771118164,20.6200008392334,2908000,18.39045524597168,0.0,0.0
TECK,2017-05-03,20.239999771118164,20.239999771118164,19.329999923706055,19.450000762939453,6603000,17.346965789794922,0.0,0.0
TECK,2017-05-04,19.020000457763672,19.110000610351562,18.09000015258789,18.149999618530273,9690000,16.187528610229492,0.0,0.0
TECK,2017-05-05,18.25,18.59000015258789,18.149999618530273,18.540000915527344,7120100,16.535354614257812,0.0,0.0
TECK,2017-05-08,18.200000762939453,18.360000610351562,17.90999984741211,18.270000457763672,4103800,16.294553756713867,0.0,0.0
TECK,2017-05-09,18.440000534057617,18.770000457763672,18.020000457763672,18.110000610351562,3916600,16.151851654052734,0.0,0.0
TECK,2017-05-10,18.299999237060547,18.40999984741211,18.06999969482422,18.200000762939453,3522500,16.232120513916016,0.0,0.0
TECK,2017-05-11,18.239999771118164,18.309999465942383,17.969999313354492,18.110000610351562,4392500,16.151851654052734,0.0,0.0
TECK,2017-05-12,18.389999389648438,18.690000534057617,18.31999969482422,18.440000534057617,4527300,16.446170806884766,0.0,0.0
TECK,2017-05-15,18.790000915527344,18.860000610351562,18.399999618530273,18.510000228881836,3573400,16.508607864379883,0.0,0.0
TECK,2017-05-16,18.709999084472656,18.950000762939453,18.56999969482422,18.780000686645508,4113800,16.749406814575195,0.0,0.0
TECK,2017-05-17,18.5,18.690000534057617,18.049999237060547,18.049999237060547,3688300,16.098337173461914,0.0,0.0
TECK,2017-05-18,17.780000686645508,18.3700008392334,17.43000030517578,18.049999237060547,4607900,16.098337173461914,0.0,0.0
TECK,2017-05-19,18.229999542236328,18.809999465942383,18.219999313354492,18.690000534057617,3046600,16.669137954711914,0.0,0.0
TECK,2017-05-22,18.81999969482422,19.299999237060547,18.739999771118164,19.260000228881836,3187400,17.177501678466797,0.0,0.0
TECK,2017-05-23,19.18000030517578,19.190000534057617,18.610000610351562,18.739999771118164,3492000,16.713729858398438,0.0,0.0
TECK,2017-05-24,18.530000686645508,18.809999465942383,18.3700008392334,18.510000228881836,3504100,16.508607864379883,0.0,0.0
TECK,2017-05-25,18.479999542236328,18.969999313354492,18.3799991607666,18.559999465942383,2918400,16.553194046020508,0.0,0.0
TECK,2017-05-26,18.5,18.81999969482422,18.469999313354492,18.709999084472656,2700500,16.68697166442871,0.0,0.0
TECK,2017-05-30,18.799999237060547,18.889999389648438,18.600000381469727,18.799999237060547,3060100,16.767244338989258,0.0,0.0
TECK,2017-05-31,18.639999389648438,18.649999618530273,17.6299991607666,17.860000610351562,7872500,15.928888320922852,0.0,0.0
TECK,2017-06-01,17.81999969482422,18.110000610351562,17.719999313354492,17.989999771118164,3626200,16.044832229614258,0.0,0.0
TECK,2017-06-02,17.829999923706055,17.8799991607666,17.229999542236328,17.469999313354492,3963700,15.5810546875,0.0,0.0
TECK,2017-06-05,17.31999969482422,17.610000610351562,17.110000610351562,17.440000534057617,3140300,15.554300308227539,0.0,0.0
TECK,2017-06-06,17.3799991607666,18.0,17.260000228881836,17.969999313354492,3755700,16.02698516845703,0.0,0.0
TECK,2017-06-07,17.940000534057617,18.020000457763672,17.360000610351562,17.510000228881836,3059200,15.616726875305176,0.0,0.0
TECK,2017-06-08,17.530000686645508,18.219999313354492,17.520000457763672,18.139999389648438,3664100,16.17860984802246,0.0,0.0
TECK,2017-06-09,17.709999084472656,18.280000686645508,17.700000762939453,17.940000534057617,5036500,16.000228881835938,0.0,0.0
TECK,2017-06-12,17.889999389648438,18.420000076293945,17.760000228881836,17.760000228881836,3866400,15.839694023132324,0.0,0.0
TECK,2017-06-13,17.5,17.770000457763672,17.399999618530273,17.6299991607666,2388700,15.790434837341309,0.075,0.0
TECK,2017-06-14,17.700000762939453,17.780000686645508,16.760000228881836,16.950000762939453,6329700,15.181387901306152,0.0,0.0
TECK,2017-06-15,16.6200008392334,16.850000381469727,16.059999465942383,16.280000686645508,4233600,14.58129596710205,0.0,0.0
TECK,2017-06-16,16.059999465942383,16.100000381469727,14.5600004196167,14.9399995803833,13754900,13.381117820739746,0.0,0.0
TECK,2017-06-19,15.109999656677246,15.609999656677246,15.109999656677246,15.430000305175781,7608800,13.819990158081055,0.0,0.0
TECK,2017-06-20,15.289999961853027,15.369999885559082,14.850000381469727,14.970000267028809,5190500,13.407987594604492,0.0,0.0
TECK,2017-06-21,15.09000015258789,15.390000343322754,14.930000305175781,15.300000190734863,8527600,13.703554153442383,0.0,0.0
TECK,2017-06-22,15.420000076293945,16.3700008392334,15.420000076293945,15.880000114440918,7801600,14.22303295135498,0.0,0.0
TECK,2017-06-23,16.06999969482422,16.670000076293945,15.680000305175781,16.549999237060547,6943000,14.823125839233398,0.0,0.0
TECK,2017-06-26,16.799999237060547,16.950000762939453,16.329999923706055,16.510000228881836,4628900,14.787299156188965,0.0,0.0
TECK,2017-06-27,16.889999389648438,17.0,16.520000457763672,16.520000457763672,4106500,14.79625415802002,0.0,0.0
TECK,2017-06-28,16.84000015258789,17.34000015258789,16.81999969482422,17.229999542236328,4233200,15.432177543640137,0.0,0.0
TECK,2017-06-29,17.639999389648438,17.93000030517578,16.729999542236328,17.280000686645508,6385400,15.476958274841309,0.0,0.0
TECK,2017-06-30,17.469999313354492,17.600000381469727,16.780000686645508,17.329999923706055,4269200,15.521737098693848,0.0,0.0
TECK,2017-07-03,17.450000762939453,17.68000030517578,17.399999618530273,17.579999923706055,1612600,15.745654106140137,0.0,0.0
TECK,2017-07-05,17.520000457763672,17.770000457763672,17.200000762939453,17.68000030517578,4280500,15.835216522216797,0.0,0.0
TECK,2017-07-06,17.860000610351562,18.020000457763672,17.520000457763672,17.889999389648438,4099100,16.02330207824707,0.0,0.0
TECK,2017-07-07,17.979999542236328,17.979999542236328,17.6299991607666,17.670000076293945,3343400,15.826261520385742,0.0,0.0
TECK,2017-07-10,17.549999237060547,18.450000762939453,17.31999969482422,18.360000610351562,3455300,16.444263458251953,0.0,0.0
TECK,2017-07-11,18.459999084472656,19.0,18.270000457763672,18.969999313354492,6287000,16.990619659423828,0.0,0.0
TECK,2017-07-12,19.25,19.600000381469727,18.75,18.899999618530273,4479700,16.927913665771484,0.0,0.0
TECK,2017-07-13,18.850000381469727,19.209999084472656,18.739999771118164,19.1299991607666,2557000,17.1339168548584,0.0,0.0
TECK,2017-07-14,19.239999771118164,19.440000534057617,19.06999969482422,19.299999237060547,2699700,17.286184310913086,0.0,0.0
TECK,2017-07-17,19.549999237060547,19.649999618530273,19.280000686645508,19.360000610351562,3425100,17.339921951293945,0.0,0.0
TECK,2017-07-18,19.43000030517578,19.5,19.040000915527344,19.3799991607666,2817100,17.357839584350586,0.0,0.0
TECK,2017-07-19,19.360000610351562,19.75,19.209999084472656,19.40999984741211,4518000,17.384702682495117,0.0,0.0
TECK,2017-07-20,19.209999084472656,19.649999618530273,19.1200008392334,19.270000457763672,3126400,17.259307861328125,0.0,0.0
TECK,2017-07-21,19.360000610351562,19.579999923706055,19.149999618530273,19.469999313354492,6326100,17.438440322875977,0.0,0.0
TECK,2017-07-24,19.540000915527344,19.780000686645508,19.420000076293945,19.690000534057617,3597800,17.635486602783203,0.0,0.0
TECK,2017-07-25,20.1200008392334,20.850000381469727,20.1200008392334,20.59000015258789,5272800,18.441585540771484,0.0,0.0
TECK,2017-07-26,20.81999969482422,21.280000686645508,20.489999771118164,21.09000015258789,8397700,18.889402389526367,0.0,0.0
TECK,2017-07-27,21.420000076293945,21.81999969482422,20.6200008392334,21.25,6605400,19.03271484375,0.0,0.0
TECK,2017-07-28,21.18000030517578,21.299999237060547,20.979999542236328,21.209999084472656,3106100,18.996889114379883,0.0,0.0
TECK,2017-07-31,21.440000534057617,21.770000457763672,21.350000381469727,21.690000534057617,3706400,19.426799774169922,0.0,0.0
TECK,2017-08-01,21.639999389648438,21.799999237060547,21.459999084472656,21.56999969482422,2576400,19.319324493408203,0.0,0.0
TECK,2017-08-02,21.489999771118164,22.0,21.290000915527344,21.979999542236328,3559700,19.686542510986328,0.0,0.0
TECK,2017-08-03,21.84000015258789,22.0,21.450000762939453,21.68000030517578,3090000,19.4178466796875,0.0,0.0
TECK,2017-08-04,21.719999313354492,22.469999313354492,21.700000762939453,22.34000015258789,4026600,20.008981704711914,0.0,0.0
TECK,2017-08-07,22.65999984741211,22.93000030517578,22.530000686645508,22.770000457763672,2964800,20.394113540649414,0.0,0.0
TECK,2017-08-08,22.530000686645508,22.979999542236328,22.440000534057617,22.950000762939453,4710300,20.55533218383789,0.0,0.0
TECK,2017-08-09,22.75,22.899999618530273,22.389999389648438,22.690000534057617,3614400,20.322460174560547,0.0,0.0
TECK,2017-08-10,22.350000381469727,22.729999542236328,22.190000534057617,22.239999771118164,3490800,19.91941261291504,0.0,0.0
TECK,2017-08-11,21.700000762939453,22.229999542236328,21.700000762939453,22.18000030517578,3479000,19.86566925048828,0.0,0.0
TECK,2017-08-14,22.190000534057617,22.489999771118164,22.110000610351562,22.31999969482422,2978600,19.99106788635254,0.0,0.0
TECK,2017-08-15,22.229999542236328,22.350000381469727,22.030000686645508,22.209999084472656,2652000,19.89254379272461,0.0,0.0
TECK,2017-08-16,22.770000457763672,23.56999969482422,22.700000762939453,23.549999237060547,5752800,21.092721939086914,0.0,0.0
TECK,2017-08-17,23.200000762939453,23.489999771118164,23.059999465942383,23.09000015258789,4113300,20.680721282958984,0.0,0.0
TECK,2017-08-18,23.420000076293945,23.540000915527344,23.209999084472656,23.299999237060547,2351400,20.868812561035156,0.0,0.0
TECK,2017-08-21,23.579999923706055,24.0,23.510000228881836,23.780000686645508,3948600,21.298728942871094,0.0,0.0
TECK,2017-08-22,24.040000915527344,24.149999618530273,23.8700008392334,24.030000686645508,2543400,21.522640228271484,0.0,0.0
TECK,2017-08-23,23.850000381469727,24.479999542236328,23.770000457763672,24.40999984741211,2956000,21.86298942565918,0.0,0.0
TECK,2017-08-24,24.3799991607666,24.579999923706055,24.1299991607666,24.3799991607666,2653600,21.836116790771484,0.0,0.0
TECK,2017-08-25,24.68000030517578,24.799999237060547,24.34000015258789,24.65999984741211,3096500,22.086904525756836,0.0,0.0
TECK,2017-08-28,24.829999923706055,25.09000015258789,24.799999237060547,25.020000457763672,2285600,22.409343719482422,0.0,0.0
TECK,2017-08-29,24.850000381469727,25.260000228881836,24.579999923706055,25.229999542236328,3443200,22.59743309020996,0.0,0.0
TECK,2017-08-30,25.020000457763672,25.360000610351562,24.8700008392334,24.889999389648438,3528000,22.292905807495117,0.0,0.0
TECK,2017-08-31,25.049999237060547,25.200000762939453,24.799999237060547,24.93000030517578,4192000,22.328731536865234,0.0,0.0
TECK,2017-09-01,25.1299991607666,25.670000076293945,24.989999771118164,25.459999084472656,3762800,22.803430557250977,0.0,0.0
TECK,2017-09-05,24.360000610351562,24.760000228881836,23.520000457763672,23.799999237060547,17387800,21.316640853881836,0.0,0.0
TECK,2017-09-06,23.850000381469727,24.440000534057617,23.780000686645508,24.200000762939453,9980800,21.674903869628906,0.0,0.0
TECK,2017-09-07,24.510000228881836,24.6200008392334,24.079999923706055,24.600000381469727,5986800,22.03316307067871,0.0,0.0
TECK,2017-09-08,24.219999313354492,24.270000457763672,22.90999984741211,23.239999771118164,8412300,20.81507110595703,0.0,0.0
TECK,2017-09-11,23.170000076293945,23.649999618530273,23.15999984741211,23.350000381469727,4635400,20.913589477539062,0.0,0.0
TECK,2017-09-12,23.25,23.440000534057617,22.889999389648438,23.18000030517578,4624800,20.76133155822754,0.0,0.0
TECK,2017-09-13,22.760000228881836,22.899999618530273,21.8700008392334,21.959999084472656,8241800,19.66863250732422,0.0,0.0
TECK,2017-09-14,21.549999237060547,21.649999618530273,21.149999618530273,21.56999969482422,8997700,19.35546112060547,0.041,0.0
TECK,2017-09-15,21.559999465942383,21.649999618530273,21.010000228881836,21.059999465942383,7352500,18.897823333740234,0.0,0.0
TECK,2017-09-18,21.100000381469727,21.600000381469727,21.0,21.40999984741211,6375100,19.21188735961914,0.0,0.0
TECK,2017-09-19,21.43000030517578,22.040000915527344,21.34000015258789,21.860000610351562,6853300,19.615692138671875,0.0,0.0
TECK,2017-09-20,22.079999923706055,22.200000762939453,21.56999969482422,21.799999237060547,7179600,19.561847686767578,0.0,0.0
TECK,2017-09-21,21.459999084472656,21.989999771118164,21.190000534057617,21.809999465942383,5956600,19.570816040039062,0.0,0.0
TECK,2017-09-22,21.600000381469727,21.979999542236328,21.579999923706055,21.959999084472656,5666300,19.70542335510254,0.0,0.0
TECK,2017-09-25,21.93000030517578,21.93000030517578,21.110000610351562,21.239999771118164,4740400,19.059341430664062,0.0,0.0
TECK,2017-09-26,21.15999984741211,21.520000457763672,21.059999465942383,21.110000610351562,5972100,18.942689895629883,0.0,0.0
TECK,2017-09-27,21.219999313354492,21.459999084472656,21.059999465942383,21.239999771118164,3197900,19.059341430664062,0.0,0.0
TECK,2017-09-28,21.200000762939453,21.399999618530273,20.850000381469727,21.3700008392334,4535000,19.175992965698242,0.0,0.0
TECK,2017-09-29,21.350000381469727,21.440000534057617,21.020000457763672,21.09000015258789,3129400,18.924741744995117,0.0,0.0
TECK,2017-10-02,21.110000610351562,21.690000534057617,21.06999969482422,21.65999984741211,4032100,19.436222076416016,0.0,0.0
TECK,2017-10-03,21.809999465942383,22.43000030517578,21.549999237060547,22.43000030517578,7088400,20.12717056274414,0.0,0.0
TECK,2017-10-04,22.520000457763672,22.600000381469727,22.139999389648438,22.219999313354492,3807600,19.9387264251709,0.0,0.0
TECK,2017-10-05,22.6299991607666,23.34000015258789,22.610000610351562,23.010000228881836,6442300,20.64761734008789,0.0,0.0
TECK,2017-10-06,22.90999984741211,23.110000610351562,22.719999313354492,22.969999313354492,3069100,20.611724853515625,0.0,0.0
TECK,2017-10-09,23.030000686645508,23.030000686645508,21.969999313354492,22.139999389648438,4126300,19.866939544677734,0.0,0.0
TECK,2017-10-10,22.40999984741211,22.709999084472656,22.34000015258789,22.469999313354492,3572900,20.16305923461914,0.0,0.0
TECK,2017-10-11,22.549999237060547,22.850000381469727,22.40999984741211,22.780000686645508,3338000,20.441232681274414,0.0,0.0
TECK,2017-10-12,22.75,23.06999969482422,22.709999084472656,22.850000381469727,3171900,20.504045486450195,0.0,0.0
TECK,2017-10-13,23.34000015258789,23.59000015258789,22.850000381469727,22.93000030517578,4621900,20.575828552246094,0.0,0.0
TECK,2017-10-16,23.579999923706055,23.670000076293945,22.920000076293945,23.0,5311400,20.638647079467773,0.0,0.0
TECK,2017-10-17,22.84000015258789,22.84000015258789,22.3799991607666,22.479999542236328,3626400,20.172035217285156,0.0,0.0
TECK,2017-10-18,22.459999084472656,22.56999969482422,21.920000076293945,22.15999984741211,4676300,19.884883880615234,0.0,0.0
TECK,2017-10-19,21.899999618530273,22.350000381469727,21.690000534057617,22.290000915527344,4912400,20.001535415649414,0.0,0.0
TECK,2017-10-20,22.360000610351562,22.93000030517578,22.270000457763672,22.739999771118164,5472200,20.405345916748047,0.0,0.0
TECK,2017-10-23,22.6299991607666,23.06999969482422,22.549999237060547,22.93000030517578,5138100,20.575828552246094,0.0,0.0
TECK,2017-10-24,23.030000686645508,23.43000030517578,22.940000534057617,23.3799991607666,4888800,20.97962760925293,0.0,0.0
TECK,2017-10-25,23.190000534057617,23.260000228881836,22.729999542236328,22.8799991607666,6187600,20.530963897705078,0.0,0.0
TECK,2017-10-26,22.25,22.280000686645508,20.65999984741211,20.84000015258789,17219500,18.700410842895508,0.0,0.0
TECK,2017-10-27,20.3700008392334,20.959999084472656,20.059999465942383,20.860000610351562,7540400,18.718355178833008,0.0,0.0
TECK,2017-10-30,20.889999389648438,21.260000228881836,20.59000015258789,20.760000228881836,5121300,18.628620147705078,0.0,0.0
TECK,2017-10-31,20.5,20.700000762939453,20.360000610351562,20.440000534057617,3751600,18.341476440429688,0.0,0.0
TECK,2017-11-01,21.020000457763672,21.350000381469727,20.850000381469727,21.100000381469727,7048000,18.933712005615234,0.0,0.0
TECK,2017-11-02,21.010000228881836,21.290000915527344,20.8799991607666,20.979999542236328,3711600,18.826040267944336,0.0,0.0
TECK,2017-11-03,20.93000030517578,20.93000030517578,20.579999923706055,20.84000015258789,3402000,18.700410842895508,0.0,0.0
TECK,2017-11-06,21.079999923706055,21.59000015258789,20.8799991607666,21.459999084472656,3978600,19.256755828857422,0.0,0.0
TECK,2017-11-07,21.299999237060547,21.559999465942383,21.229999542236328,21.469999313354492,2496900,19.265729904174805,0.0,0.0
TECK,2017-11-08,21.610000610351562,21.969999313354492,21.600000381469727,21.84000015258789,3686300,19.597742080688477,0.0,0.0
TECK,2017-11-09,21.530000686645508,21.6299991607666,21.270000457763672,21.450000762939453,2449800,19.247783660888672,0.0,0.0
TECK,2017-11-10,21.510000228881836,21.670000076293945,21.360000610351562,21.530000686645508,2461200,19.31957244873047,0.0,0.0
TECK,2017-11-13,21.389999389648438,22.229999542236328,21.389999389648438,21.84000015258789,3440000,19.597742080688477,0.0,0.0
TECK,2017-11-14,21.610000610351562,21.700000762939453,21.1200008392334,21.200000762939453,3557600,19.02345085144043,0.0,0.0
TECK,2017-11-15,20.90999984741211,21.25,20.420000076293945,21.209999084472656,2582400,19.032419204711914,0.0,0.0
TECK,2017-11-16,21.389999389648438,21.610000610351562,21.15999984741211,21.219999313354492,4426700,19.041393280029297,0.0,0.0
TECK,2017-11-17,21.420000076293945,22.1200008392334,21.34000015258789,21.93000030517578,5169800,19.67850112915039,0.0,0.0
TECK,2017-11-20,21.889999389648438,22.229999542236328,21.770000457763672,22.09000015258789,2720200,19.822072982788086,0.0,0.0
TECK,2017-11-21,22.25,22.639999389648438,22.209999084472656,22.420000076293945,2993400,20.118192672729492,0.0,0.0
TECK,2017-11-22,22.690000534057617,23.260000228881836,22.59000015258789,23.049999237060547,3860800,20.683513641357422,0.0,0.0
TECK,2017-11-24,23.270000457763672,23.610000610351562,23.260000228881836,23.479999542236328,1855500,21.069364547729492,0.0,0.0
TECK,2017-11-27,23.270000457763672,23.309999465942383,22.829999923706055,22.959999084472656,3065600,20.602752685546875,0.0,0.0
TECK,2017-11-28,22.600000381469727,23.020000457763672,22.3700008392334,22.8799991607666,2650400,20.530963897705078,0.0,0.0
TECK,2017-11-29,22.799999237060547,22.889999389648438,22.360000610351562,22.670000076293945,3481600,20.342527389526367,0.0,0.0
TECK,2017-11-30,22.479999542236328,23.309999465942383,22.459999084472656,22.979999542236328,4572500,20.620697021484375,0.0,0.0
TECK,2017-12-01,23.3799991607666,23.5,22.799999237060547,23.309999465942383,4292600,20.91682243347168,0.0,0.0
TECK,2017-12-04,22.940000534057617,23.899999618530273,22.940000534057617,23.530000686645508,4402500,21.114233016967773,0.0,0.0
TECK,2017-12-05,22.760000228881836,23.170000076293945,22.5,22.850000381469727,5495100,20.504045486450195,0.0,0.0
TECK,2017-12-06,22.979999542236328,23.399999618530273,22.780000686645508,22.790000915527344,4539300,20.450204849243164,0.0,0.0
TECK,2017-12-07,22.639999389648438,22.950000762939453,22.579999923706055,22.770000457763672,3710700,20.43225860595703,0.0,0.0
TECK,2017-12-08,23.100000381469727,23.459999084472656,22.979999542236328,23.0,3422100,20.638647079467773,0.0,0.0
TECK,2017-12-11,23.209999084472656,23.469999313354492,23.15999984741211,23.270000457763672,2669900,20.880924224853516,0.0,0.0
TECK,2017-12-12,23.329999923706055,23.65999984741211,23.260000228881836,23.420000076293945,3166900,21.015525817871094,0.0,0.0
TECK,2017-12-13,23.459999084472656,24.040000915527344,23.3700008392334,23.90999984741211,7123100,21.455219268798828,0.0,0.0
TECK,2017-12-14,23.65999984741211,23.90999984741211,23.399999618530273,23.40999984741211,3022100,21.319522857666016,0.351,0.0
TECK,2017-12-15,23.719999313354492,24.100000381469727,23.540000915527344,23.81999969482422,4479300,21.692909240722656,0.0,0.0
TECK,2017-12-18,23.889999389648438,24.270000457763672,23.860000610351562,24.139999389648438,4927900,21.98434066772461,0.0,0.0
TECK,2017-12-19,24.149999618530273,24.5,23.959999084472656,24.0,4392100,21.85683822631836,0.0,0.0
TECK,2017-12-20,24.5,24.790000915527344,24.200000762939453,24.729999542236328,4152000,22.521648406982422,0.0,0.0
TECK,2017-12-21,24.889999389648438,25.350000381469727,24.829999923706055,25.219999313354492,3426200,22.967899322509766,0.0,0.0
TECK,2017-12-22,25.18000030517578,25.559999465942383,25.100000381469727,25.40999984741211,2588300,23.140928268432617,0.0,0.0
TECK,2017-12-26,25.399999618530273,26.079999923706055,25.360000610351562,26.0,3215400,23.678237915039062,0.0,0.0
TECK,2017-12-27,26.0,26.43000030517578,25.899999618530273,26.3700008392334,3685000,24.015199661254883,0.0,0.0
TECK,2017-12-28,26.670000076293945,26.81999969482422,26.18000030517578,26.610000610351562,3264600,24.233768463134766,0.0,0.0
TECK,2017-12-29,26.670000076293945,26.700000762939453,25.920000076293945,26.170000076293945,2354200,23.833065032958984,0.0,0.0
TECK,2018-01-02,26.309999465942383,26.989999771118164,26.25,26.93000030517578,4510400,24.525196075439453,0.0,0.0
TECK,2018-01-03,26.950000762939453,27.0,26.479999542236328,26.59000015258789,4350100,24.21555519104004,0.0,0.0
TECK,2018-01-04,26.829999923706055,27.190000534057617,26.760000228881836,27.110000610351562,3990900,24.689119338989258,0.0,0.0
TECK,2018-01-05,27.100000381469727,27.450000762939453,26.93000030517578,27.329999923706055,4499900,24.88947296142578,0.0,0.0
TECK,2018-01-08,27.3700008392334,28.600000381469727,27.350000381469727,28.59000015258789,6621700,26.036958694458008,0.0,0.0
TECK,2018-01-09,28.709999084472656,28.8700008392334,28.15999984741211,28.510000228881836,5765800,25.964099884033203,0.0,0.0
TECK,2018-01-10,28.510000228881836,29.149999618530273,28.450000762939453,29.100000381469727,4620900,26.50141716003418,0.0,0.0
TECK,2018-01-11,29.729999542236328,30.290000915527344,29.329999923706055,30.229999542236328,4895200,27.5305118560791,0.0,0.0
TECK,2018-01-12,30.229999542236328,30.790000915527344,30.100000381469727,30.639999389648438,4840500,27.903894424438477,0.0,0.0
TECK,2018-01-16,30.190000534057617,30.309999465942383,29.670000076293945,29.780000686645508,6065800,27.120698928833008,0.0,0.0
TECK,2018-01-17,29.700000762939453,29.90999984741211,29.479999542236328,29.8700008392334,4355700,27.202655792236328,0.0,0.0
TECK,2018-01-18,29.8799991607666,29.8799991607666,29.09000015258789,29.239999771118164,4187400,26.62891387939453,0.0,0.0
TECK,2018-01-19,29.18000030517578,29.719999313354492,29.110000610351562,29.43000030517578,3419700,26.80194854736328,0.0,0.0
TECK,2018-01-22,29.360000610351562,29.469999313354492,28.3799991607666,29.110000610351562,5032200,26.51051902770996,0.0,0.0
TECK,2018-01-23,28.530000686645508,28.65999984741211,27.770000457763672,28.56999969482422,4805700,26.018747329711914,0.0,0.0
TECK,2018-01-24,29.020000457763672,29.399999618530273,28.799999237060547,29.110000610351562,4399800,26.51051902770996,0.0,0.0
TECK,2018-01-25,29.450000762939453,29.760000228881836,28.709999084472656,29.09000015258789,3800900,26.492311477661133,0.0,0.0
TECK,2018-01-26,29.149999618530273,29.489999771118164,28.950000762939453,29.360000610351562,2121600,26.738201141357422,0.0,0.0
TECK,2018-01-29,29.450000762939453,29.969999313354492,29.18000030517578,29.3700008392334,2919400,26.747304916381836,0.0,0.0
TECK,2018-01-30,29.25,29.610000610351562,28.889999389648438,29.18000030517578,3162000,26.574275970458984,0.0,0.0
TECK,2018-01-31,29.3700008392334,29.479999542236328,28.860000610351562,29.049999237060547,3639400,26.455883026123047,0.0,0.0
TECK,2018-02-01,28.860000610351562,30.290000915527344,28.770000457763672,29.940000534057617,3791000,27.266408920288086,0.0,0.0
TECK,2018-02-02,29.43000030517578,29.790000915527344,28.260000228881836,28.329999923706055,4226800,25.800172805786133,0.0,0.0
TECK,2018-02-05,28.110000610351562,29.290000915527344,27.3700008392334,27.6200008392334,4279200,25.153575897216797,0.0,0.0
TECK,2018-02-06,27.0,28.899999618530273,26.559999465942383,28.719999313354492,5625700,26.15534782409668,0.0,0.0
TECK,2018-02-07,28.610000610351562,28.649999618530273,27.459999084472656,27.600000381469727,4357800,25.135366439819336,0.0,0.0
TECK,2018-02-08,27.549999237060547,27.920000076293945,26.389999389648438,26.389999389648438,5587500,24.033416748046875,0.0,0.0
TECK,2018-02-09,26.5,27.850000381469727,26.5,27.700000762939453,6450000,25.2264347076416,0.0,0.0
TECK,2018-02-12,28.18000030517578,29.049999237060547,27.899999618530273,28.489999771118164,5940000,25.94588279724121,0.0,0.0
TECK,2018-02-13,28.540000915527344,30.0,28.489999771118164,29.6299991607666,6133300,26.984085083007812,0.0,0.0
TECK,2018-02-14,28.09000015258789,30.719999313354492,28.06999969482422,30.389999389648438,9595000,27.67622184753418,0.0,0.0
TECK,2018-02-15,30.709999084472656,30.799999237060547,29.829999923706055,30.329999923706055,3816700,27.6215763092041,0.0,0.0
TECK,2018-02-16,29.81999969482422,30.469999313354492,29.540000915527344,29.75,2707000,27.09337615966797,0.0,0.0
TECK,2018-02-20,28.989999771118164,29.56999969482422,28.739999771118164,28.959999084472656,3759800,26.373918533325195,0.0,0.0
TECK,2018-02-21,28.8799991607666,29.729999542236328,28.8799991607666,29.079999923706055,2796300,26.483203887939453,0.0,0.0
TECK,2018-02-22,29.280000686645508,29.829999923706055,29.170000076293945,29.200000762939453,2208700,26.59248924255371,0.0,0.0
TECK,2018-02-23,29.299999237060547,29.670000076293945,28.81999969482422,29.530000686645508,2538000,26.893014907836914,0.0,0.0
TECK,2018-02-26,29.760000228881836,30.010000228881836,29.239999771118164,29.68000030517578,2056400,27.029619216918945,0.0,0.0
TECK,2018-02-27,29.34000015258789,29.610000610351562,28.860000610351562,29.3799991607666,3596700,26.756410598754883,0.0,0.0
TECK,2018-02-28,29.260000228881836,29.469999313354492,28.579999923706055,28.579999923706055,2673700,26.027847290039062,0.0,0.0
TECK,2018-03-01,28.649999618530273,28.790000915527344,27.959999084472656,28.520000457763672,3257800,25.973215103149414,0.0,0.0
TECK,2018-03-02,28.0,28.3700008392334,27.6299991607666,28.270000457763672,3108100,25.74553680419922,0.0,0.0
TECK,2018-03-05,27.809999465942383,27.979999542236328,27.450000762939453,27.93000030517578,3208400,25.435897827148438,0.0,0.0
TECK,2018-03-06,28.399999618530273,28.809999465942383,28.110000610351562,28.450000762939453,2169100,25.909460067749023,0.0,0.0
TECK,2018-03-07,28.110000610351562,28.510000228881836,28.079999923706055,28.25,2808700,25.72731590270996,0.0,0.0
TECK,2018-03-08,28.040000915527344,28.06999969482422,26.399999618530273,26.780000686645508,4606500,24.388593673706055,0.0,0.0
TECK,2018-03-09,26.979999542236328,27.219999313354492,26.25,26.440000534057617,3106300,24.078954696655273,0.0,0.0
TECK,2018-03-12,26.450000762939453,26.709999084472656,26.280000686645508,26.579999923706055,1982700,24.206445693969727,0.0,0.0
TECK,2018-03-13,26.93000030517578,27.31999969482422,26.760000228881836,27.0,2391400,24.588937759399414,0.0,0.0
TECK,2018-03-14,27.579999923706055,27.719999313354492,27.190000534057617,27.40999984741211,2071500,24.99843978881836,0.039,0.0
TECK,2018-03-15,27.290000915527344,27.520000457763672,26.920000076293945,27.200000762939453,1703100,24.806915283203125,0.0,0.0
TECK,2018-03-16,27.190000534057617,27.760000228881836,27.100000381469727,27.360000610351562,1800300,24.95284080505371,0.0,0.0
TECK,2018-03-19,27.149999618530273,27.31999969482422,26.18000030517578,26.479999542236328,2999100,24.15026092529297,0.0,0.0
TECK,2018-03-20,26.469999313354492,26.8799991607666,26.34000015258789,26.510000228881836,2334600,24.17762565612793,0.0,0.0
TECK,2018-03-21,26.559999465942383,27.440000534057617,26.510000228881836,27.280000686645508,2844100,24.879878997802734,0.0,0.0
TECK,2018-03-22,26.770000457763672,26.969999313354492,26.030000686645508,26.059999465942383,1924000,23.767213821411133,0.0,0.0
TECK,2018-03-23,26.229999542236328,26.399999618530273,25.440000534057617,25.489999771118164,2912100,23.24736213684082,0.0,0.0
TECK,2018-03-26,25.770000457763672,25.940000534057617,25.469999313354492,25.84000015258789,2352200,23.56656837463379,0.0,0.0
TECK,2018-03-27,26.09000015258789,26.270000457763672,25.139999389648438,25.280000686645508,2609300,23.055837631225586,0.0,0.0
TECK,2018-03-28,25.15999984741211,25.25,24.489999771118164,24.579999923706055,2836000,22.417421340942383,0.0,0.0
TECK,2018-03-29,24.979999542236328,25.860000610351562,24.780000686645508,25.760000228881836,3094800,23.493608474731445,0.0,0.0
TECK,2018-04-02,25.93000030517578,26.020000457763672,25.09000015258789,25.420000076293945,1657200,23.18352508544922,0.0,0.0
TECK,2018-04-03,25.559999465942383,26.059999465942383,25.25,25.75,2347900,23.48448944091797,0.0,0.0
TECK,2018-04-04,25.020000457763672,25.979999542236328,24.489999771118164,25.860000610351562,2881800,23.584806442260742,0.0,0.0
TECK,2018-04-05,26.100000381469727,26.799999237060547,26.030000686645508,26.610000610351562,3106100,24.26882553100586,0.0,0.0
TECK,2018-04-06,26.350000381469727,26.760000228881836,26.100000381469727,26.190000534057617,2737500,23.885772705078125,0.0,0.0
TECK,2018-04-09,26.440000534057617,26.6299991607666,26.030000686645508,26.139999389648438,2117200,23.84016990661621,0.0,0.0
TECK,2018-04-10,27.040000915527344,27.489999771118164,26.719999313354492,27.3799991607666,2725200,24.971080780029297,0.0,0.0
TECK,2018-04-11,27.290000915527344,27.65999984741211,26.479999542236328,26.690000534057617,3084200,24.341781616210938,0.0,0.0
TECK,2018-04-12,26.450000762939453,26.459999084472656,25.68000030517578,26.149999618530273,3162800,23.849294662475586,0.0,0.0
TECK,2018-04-13,26.440000534057617,26.770000457763672,26.190000534057617,26.670000076293945,2488500,24.323549270629883,0.0,0.0
TECK,2018-04-16,26.8799991607666,26.920000076293945,25.989999771118164,26.1299991607666,2761600,23.831052780151367,0.0,0.0
TECK,2018-04-17,26.25,26.520000457763672,26.170000076293945,26.299999237060547,2688700,23.986101150512695,0.0,0.0
TECK,2018-04-18,26.90999984741211,27.43000030517578,26.84000015258789,26.979999542236328,3286000,24.60626983642578,0.0,0.0
TECK,2018-04-19,26.989999771118164,27.190000534057617,26.600000381469727,26.649999618530273,2787800,24.305309295654297,0.0,0.0
TECK,2018-04-20,26.65999984741211,26.739999771118164,26.34000015258789,26.649999618530273,2177700,24.305309295654297,0.0,0.0
TECK,2018-04-23,26.299999237060547,26.479999542236328,25.68000030517578,25.729999542236328,5250000,23.466245651245117,0.0,0.0
TECK,2018-04-24,26.520000457763672,27.059999465942383,24.889999389648438,25.56999969482422,5900200,23.32032585144043,0.0,0.0
TECK,2018-04-25,25.329999923706055,25.329999923706055,24.329999923706055,24.790000915527344,4868700,22.60895347595215,0.0,0.0
TECK,2018-04-26,25.040000915527344,25.139999389648438,24.639999389648438,24.850000381469727,2591000,22.663671493530273,0.0,0.0
TECK,2018-04-27,24.65999984741211,25.030000686645508,24.520000457763672,24.610000610351562,2265800,22.444786071777344,0.0,0.0
TECK,2018-04-30,24.75,25.5,24.75,25.1299991607666,3347700,22.919036865234375,0.0,0.0
TECK,2018-05-01,24.989999771118164,25.170000076293945,24.649999618530273,24.959999084472656,1806900,22.763992309570312,0.0,0.0
TECK,2018-05-02,25.280000686645508,25.469999313354492,24.969999313354492,25.020000457763672,2397000,22.818714141845703,0.0,0.0
TECK,2018-05-03,25.219999313354492,25.729999542236328,24.68000030517578,25.540000915527344,3513000,23.292959213256836,0.0,0.0
TECK,2018-05-04,25.34000015258789,26.040000915527344,25.290000915527344,25.850000381469727,2839500,23.5756893157959,0.0,0.0
TECK,2018-05-07,25.90999984741211,26.510000228881836,25.829999923706055,26.020000457763672,3152400,23.73073387145996,0.0,0.0
TECK,2018-05-08,26.0,26.040000915527344,25.31999969482422,25.489999771118164,3823500,23.24736213684082,0.0,0.0
TECK,2018-05-09,25.809999465942383,26.59000015258789,25.799999237060547,26.549999237060547,3538300,24.214099884033203,0.0,0.0
TECK,2018-05-10,26.90999984741211,27.350000381469727,26.90999984741211,27.34000015258789,3369400,24.934598922729492,0.0,0.0
TECK,2018-05-11,27.549999237060547,28.049999237060547,27.389999389648438,27.829999923706055,2359700,25.38149070739746,0.0,0.0
TECK,2018-05-14,28.1299991607666,28.479999542236328,28.020000457763672,28.34000015258789,2154500,25.84661865234375,0.0,0.0
TECK,2018-05-15,27.8700008392334,28.1200008392334,27.6200008392334,28.100000381469727,1371700,25.62773895263672,0.0,0.0
TECK,2018-05-16,28.389999389648438,28.969999313354492,28.350000381469727,28.709999084472656,2297800,26.184062957763672,0.0,0.0
TECK,2018-05-17,28.639999389648438,28.829999923706055,28.360000610351562,28.600000381469727,1925700,26.083740234375,0.0,0.0
TECK,2018-05-18,28.3700008392334,28.489999771118164,28.059999465942383,28.229999542236328,1556900,25.746295928955078,0.0,0.0
TECK,2018-05-21,28.389999389648438,28.610000610351562,28.219999313354492,28.3700008392334,1160700,25.87397575378418,0.0,0.0
TECK,2018-05-22,28.729999542236328,29.040000915527344,28.520000457763672,28.549999237060547,2402200,26.03814125061035,0.0,0.0
TECK,2018-05-23,28.110000610351562,28.139999389648438,27.139999389648438,27.350000381469727,3403400,24.9437198638916,0.0,0.0
TECK,2018-05-24,27.18000030517578,27.639999389648438,27.049999237060547,27.520000457763672,2090400,25.098758697509766,0.0,0.0
TECK,2018-05-25,27.209999084472656,27.219999313354492,26.639999389648438,26.780000686645508,1297600,24.423870086669922,0.0,0.0
TECK,2018-05-29,26.43000030517578,27.110000610351562,26.139999389648438,26.209999084472656,2413600,23.90401268005371,0.0,0.0
TECK,2018-05-30,26.360000610351562,27.299999237060547,26.049999237060547,27.270000457763672,3706200,24.870758056640625,0.0,0.0
TECK,2018-05-31,27.049999237060547,27.40999984741211,26.8799991607666,27.170000076293945,2263000,24.779560089111328,0.0,0.0
TECK,2018-06-01,27.510000228881836,27.610000610351562,26.93000030517578,27.5,2233100,25.080522537231445,0.0,0.0
TECK,2018-06-04,27.719999313354492,27.889999389648438,27.270000457763672,27.450000762939453,1688100,25.034921646118164,0.0,0.0
TECK,2018-06-05,27.549999237060547,28.84000015258789,27.520000457763672,28.760000228881836,3308500,26.22966194152832,0.0,0.0
TECK,2018-06-06,29.290000915527344,29.729999542236328,29.149999618530273,29.389999389648438,2936200,26.804235458374023,0.0,0.0
TECK,2018-06-07,29.440000534057617,30.110000610351562,29.049999237060547,29.479999542236328,3872700,26.886320114135742,0.0,0.0
TECK,2018-06-08,29.540000915527344,29.600000381469727,28.969999313354492,29.489999771118164,2234200,26.89544105529785,0.0,0.0
TECK,2018-06-11,29.530000686645508,29.8799991607666,29.420000076293945,29.56999969482422,1674900,26.968402862548828,0.0,0.0
TECK,2018-06-12,29.479999542236328,29.59000015258789,28.90999984741211,29.309999465942383,1726100,26.731281280517578,0.0,0.0
TECK,2018-06-13,29.399999618530273,29.579999923706055,29.190000534057617,29.270000457763672,1250300,26.69478988647461,0.0,0.0
TECK,2018-06-14,29.229999542236328,29.229999542236328,28.260000228881836,28.600000381469727,2439600,26.118539810180664,0.039,0.0
TECK,2018-06-15,27.950000762939453,28.149999618530273,26.43000030517578,26.920000076293945,5234100,24.584306716918945,0.0,0.0
TECK,2018-06-18,26.420000076293945,26.989999771118164,26.3700008392334,26.649999618530273,3551200,24.337736129760742,0.0,0.0
TECK,2018-06-19,25.860000610351562,26.34000015258789,25.25,26.309999465942383,2860000,24.027233123779297,0.0,0.0
TECK,2018-06-20,26.530000686645508,26.670000076293945,26.200000762939453,26.40999984741211,1785300,24.118560791015625,0.0,0.0
TECK,2018-06-21,26.190000534057617,26.190000534057617,25.729999542236328,25.950000762939453,1906100,23.698469161987305,0.0,0.0
TECK,2018-06-22,26.31999969482422,26.56999969482422,25.979999542236328,26.040000915527344,2871500,23.780658721923828,0.0,0.0
TECK,2018-06-25,25.520000457763672,25.6299991607666,24.290000915527344,24.770000457763672,3867400,22.620847702026367,0.0,0.0
TECK,2018-06-26,24.84000015258789,25.100000381469727,24.489999771118164,25.0,2022800,22.830896377563477,0.0,0.0
TECK,2018-06-27,25.079999923706055,25.25,24.75,24.8799991607666,2956000,22.7213077545166,0.0,0.0
TECK,2018-06-28,24.739999771118164,24.920000076293945,24.030000686645508,24.65999984741211,2693300,22.52039337158203,0.0,0.0
TECK,2018-06-29,25.040000915527344,25.489999771118164,25.0,25.450000762939453,2250000,23.241851806640625,0.0,0.0
TECK,2018-07-02,25.020000457763672,25.020000457763672,24.25,24.600000381469727,1845000,22.465600967407227,0.0,0.0
TECK,2018-07-03,25.219999313354492,25.360000610351562,24.270000457763672,24.350000381469727,2465300,22.237295150756836,0.0,0.0
TECK,2018-07-05,24.559999465942383,24.799999237060547,24.40999984741211,24.770000457763672,2133000,22.620847702026367,0.0,0.0
TECK,2018-07-06,24.579999923706055,25.09000015258789,24.479999542236328,25.020000457763672,2812000,22.849157333374023,0.0,0.0
TECK,2018-07-09,25.3700008392334,25.68000030517578,25.280000686645508,25.520000457763672,2327900,23.305774688720703,0.0,0.0
TECK,2018-07-10,25.3799991607666,25.450000762939453,25.059999465942383,25.360000610351562,2377900,23.15966033935547,0.0,0.0
TECK,2018-07-11,24.350000381469727,24.530000686645508,23.950000762939453,24.059999465942383,4466400,21.97245216369629,0.0,0.0
TECK,2018-07-12,24.389999389648438,24.56999969482422,24.010000228881836,24.559999465942383,2568500,22.42906951904297,0.0,0.0
TECK,2018-07-13,24.3700008392334,24.700000762939453,24.329999923706055,24.6299991607666,2186900,22.492998123168945,0.0,0.0
TECK,2018-07-16,24.450000762939453,24.479999542236328,24.06999969482422,24.31999969482422,2543600,22.20989227294922,0.0,0.0
TECK,2018-07-17,24.280000686645508,24.530000686645508,24.15999984741211,24.459999084472656,1200900,22.33774757385254,0.0,0.0
TECK,2018-07-18,24.540000915527344,25.18000030517578,24.290000915527344,25.040000915527344,3385500,22.86742401123047,0.0,0.0
TECK,2018-07-19,24.450000762939453,24.450000762939453,24.010000228881836,24.170000076293945,3114100,22.072912216186523,0.0,0.0
TECK,2018-07-20,24.440000534057617,24.59000015258789,24.280000686645508,24.389999389648438,2020800,22.273820877075195,0.0,0.0
TECK,2018-07-23,24.450000762939453,24.59000015258789,24.18000030517578,24.479999542236328,3024400,22.35601043701172,0.0,0.0
TECK,2018-07-24,25.3700008392334,25.780000686645508,24.75,24.8799991607666,3020400,22.7213077545166,0.0,0.0
TECK,2018-07-25,25.010000228881836,25.149999618530273,24.40999984741211,25.010000228881836,3841800,22.840023040771484,0.0,0.0
TECK,2018-07-26,25.100000381469727,26.31999969482422,24.75,26.149999618530273,5457200,23.881114959716797,0.0,0.0
TECK,2018-07-27,26.229999542236328,26.399999618530273,25.81999969482422,25.93000030517578,2733200,23.680200576782227,0.0,0.0
TECK,2018-07-30,26.079999923706055,26.079999923706055,25.329999923706055,25.350000381469727,1882400,23.150527954101562,0.0,0.0
TECK,2018-07-31,25.530000686645508,26.18000030517578,25.420000076293945,26.030000686645508,2421200,23.771528244018555,0.0,0.0
TECK,2018-08-01,25.530000686645508,25.540000915527344,24.889999389648438,24.889999389648438,2640100,22.730436325073242,0.0,0.0
TECK,2018-08-02,24.479999542236328,24.860000610351562,24.209999084472656,24.84000015258789,2323100,22.68477439880371,0.0,0.0
TECK,2018-08-03,24.799999237060547,25.139999389648438,24.670000076293945,24.860000610351562,2129400,22.70304298400879,0.0,0.0
TECK,2018-08-06,24.450000762939453,24.799999237060547,24.31999969482422,24.559999465942383,830300,22.42906951904297,0.0,0.0
TECK,2018-08-07,25.18000030517578,25.610000610351562,24.690000534057617,24.729999542236328,2016800,22.584320068359375,0.0,0.0
TECK,2018-08-08,24.850000381469727,25.139999389648438,24.610000610351562,25.040000915527344,1097800,22.86742401123047,0.0,0.0
TECK,2018-08-09,25.15999984741211,25.229999542236328,24.850000381469727,24.899999618530273,1229000,22.73957061767578,0.0,0.0
TECK,2018-08-10,24.389999389648438,24.6200008392334,24.239999771118164,24.329999923706055,1577500,22.219024658203125,0.0,0.0
TECK,2018-08-13,24.450000762939453,24.729999542236328,23.84000015258789,23.950000762939453,1666600,21.871994018554688,0.0,0.0
TECK,2018-08-14,24.09000015258789,24.1200008392334,23.520000457763672,23.850000381469727,1445100,21.780672073364258,0.0,0.0
TECK,2018-08-15,23.149999618530273,23.15999984741211,21.6299991607666,22.170000076293945,3212400,20.246431350708008,0.0,0.0
TECK,2018-08-16,22.600000381469727,22.760000228881836,22.309999465942383,22.43000030517578,2166800,20.483882904052734,0.0,0.0
TECK,2018-08-17,22.489999771118164,22.780000686645508,22.219999313354492,22.780000686645508,2032300,20.803510665893555,0.0,0.0
TECK,2018-08-20,22.950000762939453,23.1200008392334,22.639999389648438,22.739999771118164,3069100,20.766983032226562,0.0,0.0
TECK,2018-08-21,22.690000534057617,23.049999237060547,22.600000381469727,22.6299991607666,1820300,20.66652488708496,0.0,0.0
TECK,2018-08-22,22.809999465942383,23.15999984741211,22.709999084472656,23.1200008392334,1526700,21.114013671875,0.0,0.0
TECK,2018-08-23,22.729999542236328,22.81999969482422,22.329999923706055,22.450000762939453,1576100,20.50214195251465,0.0,0.0
TECK,2018-08-24,22.780000686645508,23.030000686645508,22.600000381469727,22.850000381469727,1832600,20.867441177368164,0.0,0.0
TECK,2018-08-27,22.899999618530273,23.850000381469727,22.860000610351562,23.729999542236328,1631100,21.671085357666016,0.0,0.0
TECK,2018-08-28,24.139999389648438,24.639999389648438,23.90999984741211,23.940000534057617,1818600,21.862869262695312,0.0,0.0
TECK,2018-08-29,23.969999313354492,24.010000228881836,23.6299991607666,23.780000686645508,1682900,21.71674919128418,0.0,0.0
TECK,2018-08-30,23.510000228881836,23.639999389648438,23.040000915527344,23.170000076293945,1625100,21.159671783447266,0.0,0.0
TECK,2018-08-31,22.940000534057617,23.079999923706055,22.65999984741211,22.739999771118164,2170800,20.766983032226562,0.0,0.0
TECK,2018-09-04,21.809999465942383,22.329999923706055,21.790000915527344,22.290000915527344,3435400,20.35602378845215,0.0,0.0
TECK,2018-09-05,22.260000228881836,22.309999465942383,21.780000686645508,22.25,1588200,20.319499969482422,0.0,0.0
TECK,2018-09-06,22.25,22.790000915527344,22.030000686645508,22.1299991607666,1534200,20.20990753173828,0.0,0.0
TECK,2018-09-07,21.8700008392334,22.09000015258789,21.520000457763672,21.920000076293945,1809000,20.01812744140625,0.0,0.0
TECK,2018-09-10,21.899999618530273,22.25,21.780000686645508,21.84000015258789,1504500,19.945068359375,0.0,0.0
TECK,2018-09-11,21.59000015258789,22.079999923706055,21.229999542236328,22.049999237060547,3177700,20.1368465423584,0.0,0.0
TECK,2018-09-12,22.31999969482422,23.110000610351562,22.079999923706055,22.93000030517578,3555000,20.94049835205078,0.0,0.0
TECK,2018-09-13,23.280000686645508,23.389999389648438,22.780000686645508,23.170000076293945,3188700,21.19479751586914,0.038,0.0
TECK,2018-09-14,23.260000228881836,23.770000457763672,23.200000762939453,23.450000762939453,2519400,21.450931549072266,0.0,0.0
TECK,2018-09-17,23.489999771118164,23.84000015258789,23.420000076293945,23.6200008392334,1777100,21.606435775756836,0.0,0.0
TECK,2018-09-18,23.989999771118164,24.469999313354492,23.700000762939453,24.360000610351562,2551200,22.28335189819336,0.0,0.0
TECK,2018-09-19,24.780000686645508,25.100000381469727,24.579999923706055,24.690000534057617,2682000,22.58521842956543,0.0,0.0
TECK,2018-09-20,25.190000534057617,25.3799991607666,24.65999984741211,25.079999923706055,2847400,22.94196891784668,0.0,0.0
TECK,2018-09-21,25.219999313354492,25.81999969482422,25.149999618530273,25.549999237060547,2817200,23.37190055847168,0.0,0.0
TECK,2018-09-24,25.690000534057617,25.790000915527344,24.670000076293945,24.700000762939453,2982600,22.5943660736084,0.0,0.0
TECK,2018-09-25,25.030000686645508,25.200000762939453,24.520000457763672,24.709999084472656,2589100,22.603513717651367,0.0,0.0
TECK,2018-09-26,24.06999969482422,24.670000076293945,23.979999542236328,24.079999923706055,3057400,22.02721405029297,0.0,0.0
TECK,2018-09-27,23.84000015258789,24.229999542236328,23.389999389648438,23.979999542236328,2675000,21.935747146606445,0.0,0.0
TECK,2018-09-28,24.15999984741211,24.6200008392334,24.030000686645508,24.100000381469727,3278700,22.04551124572754,0.0,0.0
TECK,2018-10-01,24.350000381469727,25.010000228881836,24.329999923706055,24.920000076293945,2974000,22.79560661315918,0.0,0.0
TECK,2018-10-02,24.959999084472656,25.329999923706055,24.34000015258789,24.399999618530273,3529600,22.319934844970703,0.0,0.0
TECK,2018-10-03,24.489999771118164,24.739999771118164,24.18000030517578,24.329999923706055,3507500,22.25590705871582,0.0,0.0
TECK,2018-10-04,24.479999542236328,24.510000228881836,23.40999984741211,23.559999465942383,3086300,21.55154800415039,0.0,0.0
TECK,2018-10-05,23.40999984741211,24.09000015258789,23.190000534057617,24.020000457763672,4416800,21.972341537475586,0.0,0.0
TECK,2018-10-08,23.760000228881836,24.18000030517578,23.389999389648438,23.899999618530273,1896100,21.862564086914062,0.0,0.0
TECK,2018-10-09,24.0,24.1200008392334,23.190000534057617,23.780000686645508,2493800,21.75279998779297,0.0,0.0
TECK,2018-10-10,23.68000030517578,23.68000030517578,22.3799991607666,22.540000915527344,4811900,20.618505477905273,0.0,0.0
TECK,2018-10-11,22.399999618530273,23.690000534057617,22.100000381469727,23.459999084472656,5056500,21.46007537841797,0.0,0.0
TECK,2018-10-12,23.899999618530273,24.079999923706055,23.06999969482422,23.229999542236328,3481900,21.249677658081055,0.0,0.0
TECK,2018-10-15,23.6200008392334,24.09000015258789,23.459999084472656,23.65999984741211,3916200,21.643022537231445,0.0,0.0
TECK,2018-10-16,23.809999465942383,24.34000015258789,23.549999237060547,24.299999237060547,2414800,22.22846794128418,0.0,0.0
TECK,2018-10-17,24.260000228881836,24.290000915527344,23.68000030517578,23.81999969482422,1807900,21.78938102722168,0.0,0.0
TECK,2018-10-18,23.540000915527344,23.8700008392334,23.360000610351562,23.469999313354492,3122400,21.469221115112305,0.0,0.0
TECK,2018-10-19,23.530000686645508,23.760000228881836,23.25,23.350000381469727,2276600,21.359453201293945,0.0,0.0
TECK,2018-10-22,23.40999984741211,23.639999389648438,22.969999313354492,23.510000228881836,2452400,21.50581169128418,0.0,0.0
TECK,2018-10-23,22.93000030517578,23.059999465942383,21.719999313354492,21.950000762939453,5130800,20.078794479370117,0.0,0.0
TECK,2018-10-24,21.93000030517578,22.270000457763672,20.510000228881836,20.549999237060547,4646900,18.798145294189453,0.0,0.0
TECK,2018-10-25,20.3799991607666,20.3799991607666,18.860000610351562,19.020000457763672,8444700,17.39857292175293,0.0,0.0
TECK,2018-10-26,18.65999984741211,19.15999984741211,18.170000076293945,18.90999984741211,3981200,17.297950744628906,0.0,0.0
TECK,2018-10-29,19.1200008392334,19.5,18.3700008392334,18.68000030517578,3464200,17.087556838989258,0.0,0.0
TECK,2018-10-30,18.549999237060547,19.260000228881836,18.31999969482422,19.25,3818700,17.608970642089844,0.0,0.0
TECK,2018-10-31,19.450000762939453,20.690000534057617,19.420000076293945,20.670000076293945,5983900,18.907915115356445,0.0,0.0
TECK,2018-11-01,20.93000030517578,21.530000686645508,20.5,21.350000381469727,4315300,19.529945373535156,0.0,0.0
TECK,2018-11-02,21.90999984741211,21.90999984741211,20.809999465942383,21.229999542236328,3971200,19.42017364501953,0.0,0.0
TECK,2018-11-05,21.450000762939453,21.700000762939453,20.93000030517578,21.15999984741211,1948900,19.35614585876465,0.0,0.0
TECK,2018-11-06,21.049999237060547,21.440000534057617,20.75,21.059999465942383,2327000,19.264673233032227,0.0,0.0
TECK,2018-11-07,21.350000381469727,21.799999237060547,21.170000076293945,21.729999542236328,2646800,19.877552032470703,0.0,0.0
TECK,2018-11-08,21.6200008392334,21.75,20.860000610351562,21.110000610351562,2798700,19.310407638549805,0.0,0.0
TECK,2018-11-09,20.350000381469727,21.010000228881836,19.920000076293945,20.829999923706055,4012400,19.054275512695312,0.0,0.0
TECK,2018-11-12,20.8799991607666,21.020000457763672,20.399999618530273,20.6200008392334,2866200,18.862180709838867,0.0,0.0
TECK,2018-11-13,20.520000457763672,21.489999771118164,20.5,20.760000228881836,2429200,18.990245819091797,0.0,0.0
TECK,2018-11-14,20.6299991607666,21.520000457763672,20.6299991607666,21.1299991607666,2998200,19.328699111938477,0.0,0.0
TECK,2018-11-15,21.219999313354492,22.3799991607666,20.90999984741211,22.040000915527344,4609200,20.161123275756836,0.0,0.0
TECK,2018-11-16,22.1299991607666,22.299999237060547,21.520000457763672,21.93000030517578,2403600,20.060504913330078,0.0,0.0
TECK,2018-11-19,21.93000030517578,21.989999771118164,21.299999237060547,21.489999771118164,1955900,19.658008575439453,0.0,0.0
TECK,2018-11-20,20.90999984741211,20.959999084472656,20.030000686645508,20.459999084472656,2775600,18.7158203125,0.0,0.0
TECK,2018-11-21,20.729999542236328,21.260000228881836,20.700000762939453,20.979999542236328,2309700,19.19149398803711,0.0,0.0
TECK,2018-11-23,20.479999542236328,20.540000915527344,19.8799991607666,20.190000534057617,1103100,18.46883201599121,0.0,0.0
TECK,2018-11-26,20.15999984741211,20.43000030517578,19.989999771118164,20.049999237060547,2211800,18.340770721435547,0.0,0.0
TECK,2018-11-27,19.690000534057617,19.690000534057617,18.739999771118164,19.40999984741211,5712400,17.755332946777344,0.0,0.0
TECK,2018-11-28,19.469999313354492,20.600000381469727,19.329999923706055,20.56999969482422,3399400,18.81644630432129,0.0,0.0
TECK,2018-11-29,20.459999084472656,20.760000228881836,20.0,20.09000015258789,3216000,18.37735939025879,0.0,0.0
TECK,2018-11-30,19.780000686645508,20.420000076293945,19.700000762939453,20.299999237060547,2442100,18.569461822509766,0.0,0.0
TECK,2018-12-03,21.15999984741211,21.700000762939453,20.75,21.350000381469727,3577200,19.529945373535156,0.0,0.0
TECK,2018-12-04,21.860000610351562,22.25,21.56999969482422,21.719999313354492,4397100,19.868406295776367,0.0,0.0
TECK,2018-12-06,21.700000762939453,21.81999969482422,20.899999618530273,21.389999389648438,4640200,19.566537857055664,0.0,0.0
TECK,2018-12-07,21.850000381469727,22.479999542236328,21.40999984741211,21.450000762939453,3352800,19.621423721313477,0.0,0.0
TECK,2018-12-10,21.43000030517578,21.760000228881836,20.520000457763672,21.030000686645508,3285500,19.23723030090332,0.0,0.0
TECK,2018-12-11,21.729999542236328,22.219999313354492,21.440000534057617,21.889999389648438,3452800,20.02391242980957,0.0,0.0
TECK,2018-12-12,22.170000076293945,22.809999465942383,22.170000076293945,22.3700008392334,3120600,20.46299934387207,0.0,0.0
TECK,2018-12-13,22.709999084472656,22.739999771118164,22.350000381469727,22.65999984741211,3016900,20.728273391723633,0.0,0.0
TECK,2018-12-14,22.209999084472656,22.709999084472656,22.0,22.260000228881836,2384400,20.36237144470215,0.0,0.0
TECK,2018-12-17,22.360000610351562,22.399999618530273,21.549999237060547,21.65999984741211,3272100,19.813522338867188,0.0,0.0
TECK,2018-12-18,21.93000030517578,22.270000457763672,21.479999542236328,21.639999389648438,2938100,19.79522705078125,0.0,0.0
TECK,2018-12-19,21.93000030517578,22.43000030517578,20.610000610351562,20.81999969482422,3724000,19.04513168334961,0.0,0.0
TECK,2018-12-20,20.989999771118164,21.350000381469727,20.479999542236328,21.09000015258789,2670700,19.2921142578125,0.0,0.0
TECK,2018-12-21,21.209999084472656,21.440000534057617,20.59000015258789,20.780000686645508,2642900,19.008541107177734,0.0,0.0
TECK,2018-12-24,20.56999969482422,20.959999084472656,20.5,20.530000686645508,1196300,18.779848098754883,0.0,0.0
TECK,2018-12-26,20.5,21.700000762939453,20.229999542236328,21.649999618530273,2118400,19.804372787475586,0.0,0.0
TECK,2018-12-27,21.0,21.729999542236328,20.860000610351562,21.649999618530273,1926000,19.804372787475586,0.0,0.0
TECK,2018-12-28,21.829999923706055,21.950000762939453,21.020000457763672,21.079999923706055,2588800,19.282960891723633,0.0,0.0
TECK,2018-12-31,21.25,21.600000381469727,20.950000762939453,21.540000915527344,1692100,19.703754425048828,0.0,0.0
TECK,2019-01-02,20.809999465942383,21.190000534057617,20.520000457763672,21.030000686645508,2141900,19.23723030090332,0.0,0.0
TECK,2019-01-03,20.940000534057617,21.040000915527344,19.809999465942383,19.84000015258789,2409500,18.148672103881836,0.0,0.0
TECK,2019-01-04,20.59000015258789,21.170000076293945,20.34000015258789,21.0,2953400,19.209781646728516,0.0,0.0
TECK,2019-01-07,21.290000915527344,21.3700008392334,20.969999313354492,21.139999389648438,1581900,19.337846755981445,0.0,0.0
TECK,2019-01-08,21.450000762939453,22.3700008392334,21.399999618530273,22.040000915527344,3125500,20.161123275756836,0.0,0.0
TECK,2019-01-09,22.360000610351562,23.1299991607666,22.270000457763672,22.889999389648438,3200400,20.938663482666016,0.0,0.0
TECK,2019-01-10,22.459999084472656,22.93000030517578,22.309999465942383,22.799999237060547,2788500,20.85633659362793,0.0,0.0
TECK,2019-01-11,22.719999313354492,23.0,22.3799991607666,22.770000457763672,2257100,20.82889747619629,0.0,0.0
TECK,2019-01-14,22.6299991607666,23.020000457763672,22.479999542236328,22.690000534057617,1620900,20.75571632385254,0.0,0.0
TECK,2019-01-15,22.809999465942383,23.040000915527344,22.389999389648438,22.6200008392334,1916700,20.691686630249023,0.0,0.0
TECK,2019-01-16,22.56999969482422,22.799999237060547,22.270000457763672,22.6200008392334,1684600,20.691686630249023,0.0,0.0
TECK,2019-01-17,22.290000915527344,23.209999084472656,22.100000381469727,22.969999313354492,2214300,21.011844635009766,0.0,0.0
TECK,2019-01-18,23.149999618530273,23.3799991607666,22.920000076293945,23.09000015258789,3946000,21.121618270874023,0.0,0.0
TECK,2019-01-22,22.739999771118164,22.81999969482422,22.170000076293945,22.34000015258789,2122700,20.435550689697266,0.0,0.0
TECK,2019-01-23,22.3700008392334,22.639999389648438,21.950000762939453,22.040000915527344,2918600,20.161123275756836,0.0,0.0
TECK,2019-01-24,22.15999984741211,22.389999389648438,21.969999313354492,22.200000762939453,3213800,20.3074893951416,0.0,0.0
TECK,2019-01-25,22.700000762939453,23.299999237060547,22.399999618530273,22.93000030517578,4980900,20.97525978088379,0.0,0.0
TECK,2019-01-28,22.700000762939453,22.780000686645508,22.459999084472656,22.770000457763672,1763500,20.82889747619629,0.0,0.0
TECK,2019-01-29,23.06999969482422,23.420000076293945,22.93000030517578,23.299999237060547,1828900,21.31371307373047,0.0,0.0
TECK,2019-01-30,23.729999542236328,24.139999389648438,23.25,24.100000381469727,4277300,22.04551124572754,0.0,0.0
TECK,2019-01-31,24.139999389648438,24.610000610351562,24.049999237060547,24.360000610351562,2928300,22.28335189819336,0.0,0.0
TECK,2019-02-01,23.309999465942383,24.020000457763672,23.270000457763672,23.530000686645508,3804400,21.524110794067383,0.0,0.0
TECK,2019-02-04,23.270000457763672,23.799999237060547,23.049999237060547,23.68000030517578,2264800,21.661319732666016,0.0,0.0
TECK,2019-02-05,23.760000228881836,24.049999237060547,23.68000030517578,23.90999984741211,1872400,21.87171745300293,0.0,0.0
TECK,2019-02-06,23.709999084472656,24.09000015258789,23.56999969482422,23.700000762939453,1781300,21.679616928100586,0.0,0.0
TECK,2019-02-07,23.59000015258789,23.690000534057617,23.209999084472656,23.450000762939453,2622900,21.450931549072266,0.0,0.0
TECK,2019-02-08,23.31999969482422,23.450000762939453,22.940000534057617,23.09000015258789,4882600,21.121618270874023,0.0,0.0
TECK,2019-02-11,22.889999389648438,23.09000015258789,22.18000030517578,22.5,3556900,20.5819149017334,0.0,0.0
TECK,2019-02-12,22.65999984741211,22.959999084472656,22.31999969482422,22.790000915527344,3364600,20.847192764282227,0.0,0.0
TECK,2019-02-13,22.520000457763672,22.75,21.399999618530273,21.530000686645508,6491800,19.69460678100586,0.0,0.0
TECK,2019-02-14,21.309999465942383,21.670000076293945,21.299999237060547,21.540000915527344,4146200,19.703754425048828,0.0,0.0
TECK,2019-02-15,21.899999618530273,22.010000228881836,21.639999389648438,21.649999618530273,3778000,19.804372787475586,0.0,0.0
TECK,2019-02-19,21.649999618530273,22.100000381469727,21.6200008392334,22.0,2417300,20.12453842163086,0.0,0.0
TECK,2019-02-20,22.149999618530273,23.399999618530273,21.979999542236328,23.1299991607666,7095200,21.158201217651367,0.0,0.0
TECK,2019-02-21,22.81999969482422,23.0,22.479999542236328,22.649999618530273,3757300,20.719125747680664,0.0,0.0
TECK,2019-02-22,23.079999923706055,23.790000915527344,22.899999618530273,23.75,4049300,21.725353240966797,0.0,0.0
TECK,2019-02-25,23.799999237060547,23.829999923706055,23.299999237060547,23.34000015258789,2472000,21.35030174255371,0.0,0.0
TECK,2019-02-26,23.299999237060547,23.440000534057617,23.079999923706055,23.25,1775700,21.26797103881836,0.0,0.0
TECK,2019-02-27,23.329999923706055,23.3799991607666,22.850000381469727,22.8700008392334,2189700,20.920373916625977,0.0,0.0
TECK,2019-02-28,22.799999237060547,22.84000015258789,22.40999984741211,22.440000534057617,2130100,20.527029037475586,0.0,0.0
TECK,2019-03-01,22.600000381469727,22.690000534057617,21.899999618530273,21.979999542236328,3011800,20.106245040893555,0.0,0.0
TECK,2019-03-04,22.020000457763672,22.309999465942383,21.729999542236328,21.979999542236328,2100800,20.106245040893555,0.0,0.0
TECK,2019-03-05,22.09000015258789,22.190000534057617,21.889999389648438,22.1299991607666,1559900,20.24345588684082,0.0,0.0
TECK,2019-03-06,22.200000762939453,22.739999771118164,22.200000762939453,22.3700008392334,2519400,20.46299934387207,0.0,0.0
TECK,2019-03-07,22.309999465942383,22.329999923706055,21.81999969482422,22.09000015258789,2503900,20.20686149597168,0.0,0.0
TECK,2019-03-08,21.84000015258789,21.8700008392334,21.389999389648438,21.579999923706055,1890400,19.74034309387207,0.0,0.0
TECK,2019-03-11,21.670000076293945,21.799999237060547,21.540000915527344,21.719999313354492,1267900,19.868406295776367,0.0,0.0
TECK,2019-03-12,21.850000381469727,22.270000457763672,21.780000686645508,22.200000762939453,1857200,20.3074893951416,0.0,0.0
TECK,2019-03-13,22.360000610351562,22.40999984741211,22.020000457763672,22.309999465942383,1773800,20.40810775756836,0.0,0.0
TECK,2019-03-14,22.010000228881836,22.09000015258789,21.6200008392334,21.649999618530273,1625300,19.838159561157227,0.038,0.0
TECK,2019-03-15,21.6299991607666,21.68000030517578,21.459999084472656,21.549999237060547,1594000,19.746532440185547,0.0,0.0
TECK,2019-03-18,21.68000030517578,22.049999237060547,21.6299991607666,22.040000915527344,2270700,20.195520401000977,0.0,0.0
TECK,2019-03-19,22.3799991607666,22.899999618530273,22.309999465942383,22.389999389648438,2079100,20.5162353515625,0.0,0.0
TECK,2019-03-20,22.270000457763672,22.799999237060547,22.06999969482422,22.729999542236328,2489600,20.827777862548828,0.0,0.0
TECK,2019-03-21,22.59000015258789,23.389999389648438,22.540000915527344,23.280000686645508,3121000,21.331756591796875,0.0,0.0
TECK,2019-03-22,22.899999618530273,23.110000610351562,22.399999618530273,22.530000686645508,2295700,20.644521713256836,0.0,0.0
TECK,2019-03-25,22.610000610351562,23.020000457763672,22.34000015258789,22.40999984741211,2913100,20.534557342529297,0.0,0.0
TECK,2019-03-26,22.579999923706055,23.270000457763672,22.579999923706055,23.030000686645508,2973500,21.102678298950195,0.0,0.0
TECK,2019-03-27,23.06999969482422,23.200000762939453,22.68000030517578,22.950000762939453,2342700,21.029369354248047,0.0,0.0
TECK,2019-03-28,22.93000030517578,23.270000457763672,22.809999465942383,23.0,2184800,21.075185775756836,0.0,0.0
TECK,2019-03-29,23.420000076293945,23.5,23.110000610351562,23.18000030517578,1783300,21.2401180267334,0.0,0.0
TECK,2019-04-01,23.719999313354492,24.06999969482422,23.530000686645508,23.6200008392334,2680600,21.643301010131836,0.0,0.0
TECK,2019-04-02,23.700000762939453,23.700000762939453,23.229999542236328,23.559999465942383,3727800,21.588319778442383,0.0,0.0
TECK,2019-04-03,23.850000381469727,24.020000457763672,22.799999237060547,22.8700008392334,5760700,20.956069946289062,0.0,0.0
TECK,2019-04-04,22.850000381469727,23.729999542236328,22.709999084472656,23.709999084472656,5127400,21.725765228271484,0.0,0.0
TECK,2019-04-05,23.850000381469727,24.1299991607666,23.6299991607666,24.049999237060547,3528100,22.037315368652344,0.0,0.0
TECK,2019-04-08,24.290000915527344,24.75,24.190000534057617,24.75,2890500,22.678735733032227,0.0,0.0
TECK,2019-04-09,24.940000534057617,25.0,24.040000915527344,24.18000030517578,2899900,22.156431198120117,0.0,0.0
TECK,2019-04-10,24.420000076293945,24.649999618530273,24.34000015258789,24.540000915527344,1963600,22.486312866210938,0.0,0.0
TECK,2019-04-11,24.34000015258789,24.5,24.1200008392334,24.420000076293945,1862100,22.37635040283203,0.0,0.0
TECK,2019-04-12,24.829999923706055,25.299999237060547,24.75,25.209999084472656,3553300,23.100236892700195,0.0,0.0
TECK,2019-04-15,25.170000076293945,25.170000076293945,23.84000015258789,24.739999771118164,2792500,22.66956901550293,0.0,0.0
TECK,2019-04-16,24.649999618530273,25.010000228881836,24.299999237060547,24.829999923706055,3995000,22.752037048339844,0.0,0.0
TECK,2019-04-17,25.100000381469727,25.75,25.059999465942383,25.239999771118164,3276800,23.127723693847656,0.0,0.0
TECK,2019-04-18,25.100000381469727,25.239999771118164,24.639999389648438,24.829999923706055,2089500,22.752037048339844,0.0,0.0
TECK,2019-04-22,24.889999389648438,24.889999389648438,24.399999618530273,24.600000381469727,2626700,22.541288375854492,0.0,0.0
TECK,2019-04-23,24.90999984741211,25.450000762939453,24.549999237060547,24.549999237060547,5321500,22.495468139648438,0.0,0.0
TECK,2019-04-24,24.5,24.5,23.649999618530273,23.729999542236328,3282400,21.74409294128418,0.0,0.0
TECK,2019-04-25,23.600000381469727,23.600000381469727,22.920000076293945,23.0,3692400,21.075185775756836,0.0,0.0
TECK,2019-04-26,23.100000381469727,23.65999984741211,23.06999969482422,23.65999984741211,2310100,21.679946899414062,0.0,0.0
TECK,2019-04-29,23.549999237060547,23.709999084472656,23.309999465942383,23.649999618530273,1584700,21.670785903930664,0.0,0.0
TECK,2019-04-30,23.549999237060547,23.690000534057617,23.25,23.649999618530273,2817800,21.670785903930664,0.0,0.0
TECK,2019-05-01,23.520000457763672,23.600000381469727,22.360000610351562,22.3799991607666,6635700,20.507068634033203,0.0,0.0
TECK,2019-05-02,22.309999465942383,22.420000076293945,22.0,22.110000610351562,3266600,20.259668350219727,0.0,0.0
TECK,2019-05-03,22.399999618530273,23.010000228881836,22.31999969482422,22.989999771118164,2681700,21.06601905822754,0.0,0.0
TECK,2019-05-06,22.18000030517578,22.5,22.1200008392334,22.489999771118164,2422000,20.607868194580078,0.0,0.0
TECK,2019-05-07,22.229999542236328,22.280000686645508,21.75,21.899999618530273,3017800,20.06723976135254,0.0,0.0
TECK,2019-05-08,21.690000534057617,22.110000610351562,21.600000381469727,21.959999084472656,1878200,20.122220993041992,0.0,0.0
TECK,2019-05-09,21.6299991607666,22.010000228881836,21.56999969482422,21.780000686645508,1939300,19.9572811126709,0.0,0.0
TECK,2019-05-10,21.860000610351562,22.049999237060547,21.520000457763672,21.950000762939453,2380800,20.113052368164062,0.0,0.0
TECK,2019-05-13,21.440000534057617,21.489999771118164,20.610000610351562,20.8700008392334,3810100,19.123441696166992,0.0,0.0
TECK,2019-05-14,21.049999237060547,21.100000381469727,20.780000686645508,21.010000228881836,1820700,19.251724243164062,0.0,0.0
TECK,2019-05-15,20.780000686645508,21.34000015258789,20.760000228881836,21.09000015258789,2066600,19.325029373168945,0.0,0.0
TECK,2019-05-16,21.389999389648438,21.389999389648438,20.920000076293945,21.110000610351562,2513800,19.343351364135742,0.0,0.0
TECK,2019-05-17,20.920000076293945,20.969999313354492,20.31999969482422,20.420000076293945,2992000,18.711103439331055,0.0,0.0
TECK,2019-05-20,20.190000534057617,20.399999618530273,20.1200008392334,20.25,1804200,18.555326461791992,0.0,0.0
TECK,2019-05-21,20.350000381469727,20.770000457763672,20.350000381469727,20.6200008392334,2533700,18.894365310668945,0.0,0.0
TECK,2019-05-22,20.5,20.520000457763672,20.100000381469727,20.25,1261900,18.555326461791992,0.0,0.0
TECK,2019-05-23,19.899999618530273,19.93000030517578,19.399999618530273,19.610000610351562,3286700,17.968891143798828,0.0,0.0
TECK,2019-05-24,19.860000610351562,20.049999237060547,19.530000686645508,19.809999465942383,1607700,18.152149200439453,0.0,0.0
TECK,2019-05-28,20.15999984741211,20.360000610351562,19.969999313354492,20.100000381469727,2439300,18.417877197265625,0.0,0.0
TECK,2019-05-29,19.75,20.1200008392334,19.690000534057617,20.030000686645508,1387900,18.353736877441406,0.0,0.0
TECK,2019-05-30,20.09000015258789,20.09000015258789,19.700000762939453,19.780000686645508,1737800,18.124658584594727,0.0,0.0
TECK,2019-05-31,19.59000015258789,20.459999084472656,19.459999084472656,20.309999465942383,3936900,18.610301971435547,0.0,0.0
TECK,2019-06-03,20.40999984741211,20.790000915527344,20.15999984741211,20.780000686645508,2895900,19.040969848632812,0.0,0.0
TECK,2019-06-04,21.010000228881836,21.450000762939453,20.8700008392334,21.420000076293945,2681800,19.627408981323242,0.0,0.0
TECK,2019-06-05,21.520000457763672,21.530000686645508,21.040000915527344,21.25,2011200,19.471637725830078,0.0,0.0
TECK,2019-06-06,21.299999237060547,21.399999618530273,21.020000457763672,21.209999084472656,1337700,19.434986114501953,0.0,0.0
TECK,2019-06-07,21.309999465942383,21.540000915527344,21.1299991607666,21.360000610351562,1535000,19.57243537902832,0.0,0.0
TECK,2019-06-10,21.450000762939453,21.610000610351562,21.389999389648438,21.43000030517578,915600,19.63657569885254,0.0,0.0
TECK,2019-06-11,22.06999969482422,22.6200008392334,22.020000457763672,22.420000076293945,3086200,20.54372215270996,0.0,0.0
TECK,2019-06-12,22.239999771118164,22.290000915527344,21.790000915527344,22.040000915527344,2320200,20.195520401000977,0.0,0.0
TECK,2019-06-13,22.270000457763672,22.290000915527344,21.729999542236328,21.809999465942383,2064000,20.01837730407715,0.037,0.0
TECK,2019-06-14,21.65999984741211,21.889999389648438,21.290000915527344,21.709999084472656,1081800,19.926591873168945,0.0,0.0
TECK,2019-06-17,21.690000534057617,21.959999084472656,21.40999984741211,21.8700008392334,1954600,20.07345199584961,0.0,0.0
TECK,2019-06-18,22.139999389648438,23.010000228881836,22.06999969482422,22.780000686645508,2399600,20.9086971282959,0.0,0.0
TECK,2019-06-19,22.65999984741211,22.780000686645508,22.350000381469727,22.530000686645508,2664800,20.679235458374023,0.0,0.0
TECK,2019-06-20,23.06999969482422,23.239999771118164,22.760000228881836,22.860000610351562,2840400,20.982126235961914,0.0,0.0
TECK,2019-06-21,22.829999923706055,22.850000381469727,22.350000381469727,22.579999923706055,2636000,20.725120544433594,0.0,0.0
TECK,2019-06-24,22.68000030517578,22.920000076293945,22.579999923706055,22.829999923706055,2353300,20.95458984375,0.0,0.0
TECK,2019-06-25,22.8700008392334,23.059999465942383,22.68000030517578,22.75,2647200,20.881160736083984,0.0,0.0
TECK,2019-06-26,22.8799991607666,22.93000030517578,22.559999465942383,22.559999465942383,2068900,20.706769943237305,0.0,0.0
TECK,2019-06-27,22.709999084472656,22.90999984741211,22.5,22.81999969482422,2869000,20.94541358947754,0.0,0.0
TECK,2019-06-28,22.84000015258789,23.06999969482422,22.75,23.059999465942383,3148500,21.165695190429688,0.0,0.0
TECK,2019-07-01,23.200000762939453,23.299999237060547,22.860000610351562,23.020000457763672,1834800,21.128990173339844,0.0,0.0
TECK,2019-07-02,22.979999542236328,23.079999923706055,22.43000030517578,22.940000534057617,4029900,21.055553436279297,0.0,0.0
TECK,2019-07-03,22.940000534057617,23.09000015258789,22.25,22.329999923706055,2265400,20.495664596557617,0.0,0.0
TECK,2019-07-05,22.040000915527344,22.190000534057617,21.860000610351562,22.079999923706055,2099800,20.26620101928711,0.0,0.0
TECK,2019-07-08,22.0,22.040000915527344,21.700000762939453,21.719999313354492,1823300,19.935773849487305,0.0,0.0
TECK,2019-07-09,21.510000228881836,21.510000228881836,21.209999084472656,21.3700008392334,1574500,19.614521026611328,0.0,0.0
TECK,2019-07-10,21.610000610351562,21.739999771118164,21.34000015258789,21.5,1633600,19.73384666442871,0.0,0.0
TECK,2019-07-11,21.34000015258789,21.559999465942383,21.040000915527344,21.559999465942383,2231600,19.788917541503906,0.0,0.0
TECK,2019-07-12,21.510000228881836,21.75,21.40999984741211,21.68000030517578,1815200,19.899059295654297,0.0,0.0
TECK,2019-07-15,21.90999984741211,22.1200008392334,21.649999618530273,21.790000915527344,1886500,20.000024795532227,0.0,0.0
TECK,2019-07-16,21.719999313354492,22.239999771118164,21.59000015258789,22.030000686645508,2139400,20.22031021118164,0.0,0.0
TECK,2019-07-17,22.170000076293945,22.270000457763672,21.739999771118164,22.229999542236328,2181200,20.403879165649414,0.0,0.0
TECK,2019-07-18,22.040000915527344,22.280000686645508,21.790000915527344,22.010000228881836,1950400,20.201950073242188,0.0,0.0
TECK,2019-07-19,22.190000534057617,22.65999984741211,21.93000030517578,22.200000762939453,2963800,20.3763427734375,0.0,0.0
TECK,2019-07-22,22.049999237060547,22.34000015258789,22.049999237060547,22.209999084472656,2342500,20.385520935058594,0.0,0.0
TECK,2019-07-23,22.229999542236328,22.700000762939453,22.219999313354492,22.670000076293945,2589200,20.807737350463867,0.0,0.0
TECK,2019-07-24,22.389999389648438,22.940000534057617,22.350000381469727,22.81999969482422,3960900,20.94541358947754,0.0,0.0
TECK,2019-07-25,22.610000610351562,23.1299991607666,21.270000457763672,21.610000610351562,5587100,19.834808349609375,0.0,0.0
TECK,2019-07-26,21.559999465942383,21.56999969482422,21.149999618530273,21.299999237060547,2969200,19.550270080566406,0.0,0.0
TECK,2019-07-29,21.3799991607666,21.43000030517578,21.049999237060547,21.239999771118164,2614900,19.49519920349121,0.0,0.0
TECK,2019-07-30,21.18000030517578,21.229999542236328,20.520000457763672,21.06999969482422,2919700,19.339168548583984,0.0,0.0
TECK,2019-07-31,20.90999984741211,21.059999465942383,20.40999984741211,20.489999771118164,2819000,18.806812286376953,0.0,0.0
TECK,2019-08-01,20.059999465942383,20.100000381469727,19.06999969482422,19.170000076293945,4121200,17.595243453979492,0.0,0.0
TECK,2019-08-02,19.049999237060547,19.049999237060547,18.350000381469727,18.559999465942383,3626200,17.035354614257812,0.0,0.0
TECK,2019-08-05,18.110000610351562,18.1299991607666,17.68000030517578,17.90999984741211,2737900,16.43875503540039,0.0,0.0
TECK,2019-08-06,18.059999465942383,18.170000076293945,17.420000076293945,17.690000534057617,3484500,16.236825942993164,0.0,0.0
TECK,2019-08-07,17.3700008392334,17.729999542236328,17.110000610351562,17.610000610351562,3342400,16.163394927978516,0.0,0.0
TECK,2019-08-08,17.84000015258789,18.100000381469727,17.6200008392334,17.950000762939453,2984900,16.4754638671875,0.0,0.0
TECK,2019-08-09,17.790000915527344,17.790000915527344,16.799999237060547,16.84000015258789,3608300,15.456647872924805,0.0,0.0
TECK,2019-08-12,16.760000228881836,17.09000015258789,16.520000457763672,16.8799991607666,2732700,15.493364334106445,0.0,0.0
TECK,2019-08-13,16.780000686645508,17.479999542236328,16.75,17.450000762939453,3650900,16.01654052734375,0.0,0.0
TECK,2019-08-14,17.020000457763672,17.040000915527344,16.610000610351562,16.670000076293945,2376400,15.300613403320312,0.0,0.0
TECK,2019-08-15,16.770000457763672,16.770000457763672,16.43000030517578,16.6200008392334,2616200,15.254720687866211,0.0,0.0
TECK,2019-08-16,16.549999237060547,16.739999771118164,16.43000030517578,16.549999237060547,2652600,15.190470695495605,0.0,0.0
TECK,2019-08-19,16.75,16.899999618530273,16.43000030517578,16.719999313354492,2039100,15.346505165100098,0.0,0.0
TECK,2019-08-20,16.59000015258789,16.649999618530273,16.389999389648438,16.5,2020100,15.14457893371582,0.0,0.0
TECK,2019-08-21,16.5,16.6200008392334,16.360000610351562,16.389999389648438,2076400,15.043614387512207,0.0,0.0
TECK,2019-08-22,16.450000762939453,16.600000381469727,16.299999237060547,16.350000381469727,1945700,15.006898880004883,0.0,0.0
TECK,2019-08-23,16.280000686645508,16.81999969482422,16.18000030517578,16.229999542236328,2350900,14.896759986877441,0.0,0.0
TECK,2019-08-26,16.3700008392334,16.780000686645508,16.329999923706055,16.639999389648438,2218000,15.273077011108398,0.0,0.0
TECK,2019-08-27,16.579999923706055,16.719999313354492,16.510000228881836,16.540000915527344,1894700,15.181294441223145,0.0,0.0
TECK,2019-08-28,16.530000686645508,16.760000228881836,16.479999542236328,16.600000381469727,2529500,15.236364364624023,0.0,0.0
TECK,2019-08-29,16.829999923706055,17.149999618530273,16.6200008392334,16.84000015258789,1990800,15.456647872924805,0.0,0.0
TECK,2019-08-30,17.059999465942383,17.219999313354492,16.780000686645508,17.030000686645508,2178100,15.631041526794434,0.0,0.0
TECK,2019-09-03,16.8799991607666,16.90999984741211,16.65999984741211,16.829999923706055,1455600,15.447464942932129,0.0,0.0
TECK,2019-09-04,17.229999542236328,17.34000015258789,16.989999771118164,17.229999542236328,3734800,15.814614295959473,0.0,0.0
TECK,2019-09-05,17.56999969482422,17.899999618530273,17.56999969482422,17.709999084472656,1671000,16.25518226623535,0.0,0.0
TECK,2019-09-06,17.709999084472656,17.770000457763672,17.420000076293945,17.510000228881836,1832200,16.07160758972168,0.0,0.0
TECK,2019-09-09,17.549999237060547,17.889999389648438,17.3700008392334,17.8700008392334,2238000,16.402034759521484,0.0,0.0
TECK,2019-09-10,18.0,18.440000534057617,17.959999084472656,18.3799991607666,2706600,16.870141983032227,0.0,0.0
TECK,2019-09-11,18.600000381469727,18.790000915527344,18.200000762939453,18.780000686645508,2273000,17.237285614013672,0.0,0.0
TECK,2019-09-12,18.790000915527344,19.09000015258789,18.450000762939453,18.959999084472656,2591300,17.437782287597656,0.038,0.0
TECK,2019-09-13,19.329999923706055,19.440000534057617,19.020000457763672,19.100000381469727,2753400,17.56654167175293,0.0,0.0
TECK,2019-09-16,19.25,19.399999618530273,18.700000762939453,18.75,2325100,17.244644165039062,0.0,0.0
TECK,2019-09-17,18.450000762939453,18.90999984741211,18.059999465942383,18.739999771118164,2288900,17.235441207885742,0.0,0.0
TECK,2019-09-18,18.639999389648438,18.690000534057617,17.690000534057617,17.93000030517578,3167300,16.490474700927734,0.0,0.0
TECK,2019-09-19,17.829999923706055,18.059999465942383,17.559999465942383,17.75,3984900,16.324932098388672,0.0,0.0
TECK,2019-09-20,17.639999389648438,17.760000228881836,17.34000015258789,17.34000015258789,3485900,15.94784164428711,0.0,0.0
TECK,2019-09-23,17.079999923706055,17.079999923706055,16.739999771118164,17.06999969482422,2600300,15.69952392578125,0.0,0.0
TECK,2019-09-24,16.809999465942383,16.920000076293945,16.40999984741211,16.479999542236328,2771700,15.15689468383789,0.0,0.0
TECK,2019-09-25,16.229999542236328,16.6299991607666,16.139999389648438,16.489999771118164,3358600,15.166089057922363,0.0,0.0
TECK,2019-09-26,16.450000762939453,16.479999542236328,15.899999618530273,16.06999969482422,3784200,14.779806137084961,0.0,0.0
TECK,2019-09-27,16.1200008392334,16.399999618530273,16.059999465942383,16.3700008392334,3404800,15.055724143981934,0.0,0.0
TECK,2019-09-30,16.239999771118164,16.450000762939453,16.190000534057617,16.229999542236328,2141300,14.92696475982666,0.0,0.0
TECK,2019-10-01,16.190000534057617,16.34000015258789,15.300000190734863,15.420000076293945,3291700,14.181994438171387,0.0,0.0
TECK,2019-10-02,15.239999771118164,15.359999656677246,14.970000267028809,15.149999618530273,3113200,13.933670997619629,0.0,0.0
TECK,2019-10-03,14.90999984741211,15.729999542236328,14.890000343322754,15.5,5001800,14.255569458007812,0.0,0.0
TECK,2019-10-04,15.470000267028809,15.779999732971191,15.470000267028809,15.630000114440918,2443400,14.375133514404297,0.0,0.0
TECK,2019-10-07,15.609999656677246,15.609999656677246,15.170000076293945,15.25,2031700,14.025639533996582,0.0,0.0
TECK,2019-10-08,15.09000015258789,15.09000015258789,14.729999542236328,14.770000457763672,2106800,13.584179878234863,0.0,0.0
TECK,2019-10-09,14.899999618530273,14.989999771118164,14.510000228881836,14.850000381469727,2565800,13.657755851745605,0.0,0.0
TECK,2019-10-10,15.100000381469727,15.970000267028809,15.100000381469727,15.859999656677246,4094000,14.586668014526367,0.0,0.0
TECK,2019-10-11,16.40999984741211,16.950000762939453,16.309999465942383,16.760000228881836,5873800,15.414414405822754,0.0,0.0
TECK,2019-10-14,16.3799991607666,16.600000381469727,16.110000610351562,16.520000457763672,1578400,15.193678855895996,0.0,0.0
TECK,2019-10-15,16.260000228881836,16.520000457763672,15.979999542236328,16.149999618530273,2832500,14.853384971618652,0.0,0.0
TECK,2019-10-16,16.100000381469727,16.440000534057617,16.049999237060547,16.34000015258789,2187700,15.028131484985352,0.0,0.0
TECK,2019-10-17,16.479999542236328,16.940000534057617,16.350000381469727,16.3700008392334,1917700,15.055724143981934,0.0,0.0
TECK,2019-10-18,16.559999465942383,16.790000915527344,16.420000076293945,16.489999771118164,2593600,15.166089057922363,0.0,0.0
TECK,2019-10-21,16.799999237060547,16.899999618530273,16.3799991607666,16.399999618530273,1950900,15.0833158493042,0.0,0.0
TECK,2019-10-22,16.329999923706055,16.59000015258789,16.030000686645508,16.479999542236328,2656800,15.15689468383789,0.0,0.0
TECK,2019-10-23,16.549999237060547,16.899999618530273,16.18000030517578,16.889999389648438,4495300,15.53397274017334,0.0,0.0
TECK,2019-10-24,17.31999969482422,17.600000381469727,15.819999694824219,16.040000915527344,4784400,14.752216339111328,0.0,0.0
TECK,2019-10-25,15.930000305175781,16.799999237060547,15.899999618530273,16.690000534057617,3395700,15.350030899047852,0.0,0.0
TECK,2019-10-28,16.790000915527344,17.149999618530273,16.790000915527344,17.030000686645508,2899400,15.662734985351562,0.0,0.0
TECK,2019-10-29,16.940000534057617,17.110000610351562,16.75,16.969999313354492,3170500,15.607548713684082,0.0,0.0
TECK,2019-10-30,16.739999771118164,16.850000381469727,16.100000381469727,16.3799991607666,2923100,15.064916610717773,0.0,0.0
TECK,2019-10-31,16.18000030517578,16.239999771118164,15.640000343322754,15.829999923706055,3758000,14.559076309204102,0.0,0.0
TECK,2019-11-01,16.0,16.239999771118164,15.75,16.1200008392334,5574500,14.825794219970703,0.0,0.0
TECK,2019-11-04,16.420000076293945,16.530000686645508,16.139999389648438,16.3799991607666,2640300,15.064916610717773,0.0,0.0
TECK,2019-11-05,16.610000610351562,17.5,16.559999465942383,17.34000015258789,4649100,15.94784164428711,0.0,0.0
TECK,2019-11-06,17.329999923706055,17.360000610351562,16.81999969482422,16.8799991607666,2664000,15.52477741241455,0.0,0.0
TECK,2019-11-07,17.170000076293945,17.530000686645508,17.139999389648438,17.270000457763672,4466200,15.883463859558105,0.0,0.0
TECK,2019-11-08,17.06999969482422,17.549999237060547,16.8799991607666,16.989999771118164,2328400,15.625945091247559,0.0,0.0
TECK,2019-11-11,16.68000030517578,16.90999984741211,16.56999969482422,16.770000457763672,2117400,15.423609733581543,0.0,0.0
TECK,2019-11-12,16.780000686645508,17.100000381469727,16.5,16.549999237060547,2725200,15.221268653869629,0.0,0.0
TECK,2019-11-13,15.989999771118164,16.239999771118164,15.850000381469727,15.920000076293945,2831500,14.641850471496582,0.0,0.0
TECK,2019-11-14,15.90999984741211,15.949999809265137,15.729999542236328,15.869999885559082,2593200,14.595864295959473,0.0,0.0
TECK,2019-11-15,15.970000267028809,16.440000534057617,15.9399995803833,16.389999389648438,2412600,15.074116706848145,0.0,0.0
TECK,2019-11-18,16.239999771118164,16.239999771118164,15.789999961853027,16.020000457763672,2910800,14.733821868896484,0.0,0.0
TECK,2019-11-19,16.149999618530273,16.309999465942383,15.960000038146973,16.1299991607666,1885200,14.834990501403809,0.0,0.0
TECK,2019-11-20,15.949999809265137,16.229999542236328,15.670000076293945,15.899999618530273,3225000,14.623456954956055,0.0,0.0
TECK,2019-11-21,15.720000267028809,15.8100004196167,15.5,15.6899995803833,2800600,14.430316925048828,0.0,0.0
TECK,2019-11-22,15.869999885559082,16.09000015258789,15.710000038146973,15.729999542236328,3678400,14.467103004455566,0.0,0.0
TECK,2019-11-25,15.899999618530273,16.030000686645508,15.760000228881836,15.899999618530273,3863400,14.623456954956055,0.0,0.0
TECK,2019-11-26,15.859999656677246,15.9399995803833,15.680000305175781,15.8100004196167,1731900,14.540681838989258,0.0,0.0
TECK,2019-11-27,15.800000190734863,15.949999809265137,15.6899995803833,15.8100004196167,2317900,14.540681838989258,0.0,0.0
TECK,2019-11-29,15.6899995803833,15.75,15.5,15.699999809265137,1228600,14.439515113830566,0.0,0.0
TECK,2019-12-02,15.6899995803833,15.829999923706055,15.479999542236328,15.479999542236328,3076300,14.237176895141602,0.0,0.0
TECK,2019-12-03,15.260000228881836,15.329999923706055,14.960000038146973,14.970000267028809,2751800,13.768122673034668,0.0,0.0
TECK,2019-12-04,15.210000038146973,15.960000038146973,15.180000305175781,15.829999923706055,4738800,14.559076309204102,0.0,0.0
TECK,2019-12-05,15.899999618530273,15.979999542236328,15.619999885559082,15.720000267028809,2466900,14.457906723022461,0.0,0.0
TECK,2019-12-06,15.869999885559082,16.25,15.789999961853027,16.020000457763672,3051600,14.733821868896484,0.0,0.0
TECK,2019-12-09,15.960000038146973,15.970000267028809,15.6899995803833,15.739999771118164,2858900,14.476304054260254,0.0,0.0
TECK,2019-12-10,15.75,15.829999923706055,15.640000343322754,15.739999771118164,1858900,14.476304054260254,0.0,0.0
TECK,2019-12-11,15.850000381469727,16.270000457763672,15.829999923706055,16.15999984741211,3546500,14.862582206726074,0.0,0.0
TECK,2019-12-12,16.040000915527344,16.760000228881836,16.020000457763672,16.739999771118164,3709100,15.432306289672852,0.038,0.0
TECK,2019-12-13,16.75,17.270000457763672,16.520000457763672,16.81999969482422,6741700,15.506052017211914,0.0,0.0
TECK,2019-12-16,17.350000381469727,17.479999542236328,17.110000610351562,17.239999771118164,5658200,15.8932466506958,0.0,0.0
TECK,2019-12-17,17.34000015258789,17.459999084472656,17.139999389648438,17.270000457763672,3005900,15.920897483825684,0.0,0.0
TECK,2019-12-18,17.239999771118164,17.280000686645508,17.010000228881836,17.190000534057617,2623500,15.847152709960938,0.0,0.0
TECK,2019-12-19,17.170000076293945,17.229999542236328,16.989999771118164,17.100000381469727,2350400,15.76418685913086,0.0,0.0
TECK,2019-12-20,17.079999923706055,17.440000534057617,16.829999923706055,16.899999618530273,4708500,15.579802513122559,0.0,0.0
TECK,2019-12-23,16.899999618530273,17.280000686645508,16.860000610351562,17.260000228881836,3242600,15.911681175231934,0.0,0.0
TECK,2019-12-24,17.34000015258789,17.459999084472656,17.209999084472656,17.260000228881836,2053400,15.911681175231934,0.0,0.0
TECK,2019-12-26,17.34000015258789,17.739999771118164,17.299999237060547,17.649999618530273,1830600,16.271217346191406,0.0,0.0
TECK,2019-12-27,17.610000610351562,17.729999542236328,17.329999923706055,17.40999984741211,1878300,16.04996681213379,0.0,0.0
TECK,2019-12-30,17.479999542236328,17.520000457763672,17.270000457763672,17.350000381469727,2274700,15.994651794433594,0.0,0.0
TECK,2019-12-31,17.299999237060547,17.450000762939453,17.25,17.3700008392334,2372400,16.013093948364258,0.0,0.0
TECK,2020-01-02,17.6299991607666,17.770000457763672,17.450000762939453,17.540000915527344,3316800,16.169809341430664,0.0,0.0
TECK,2020-01-03,17.239999771118164,17.290000915527344,16.8799991607666,16.940000534057617,2850400,15.616683006286621,0.0,0.0
TECK,2020-01-06,16.799999237060547,16.850000381469727,16.6299991607666,16.709999084472656,2239500,15.404644012451172,0.0,0.0
TECK,2020-01-07,16.649999618530273,16.780000686645508,16.600000381469727,16.700000762939453,2645700,15.395430564880371,0.0,0.0
TECK,2020-01-08,16.770000457763672,16.770000457763672,16.079999923706055,16.1200008392334,4305500,14.860740661621094,0.0,0.0
TECK,2020-01-09,16.1200008392334,16.1299991607666,15.529999732971191,15.59000015258789,3076200,14.372140884399414,0.0,0.0
TECK,2020-01-10,15.539999961853027,15.960000038146973,15.460000038146973,15.84000015258789,2770300,14.602609634399414,0.0,0.0
TECK,2020-01-13,15.899999618530273,15.90999984741211,15.770000457763672,15.819999694824219,6893600,14.584174156188965,0.0,0.0
TECK,2020-01-14,15.8100004196167,16.299999237060547,15.800000190734863,16.200000762939453,8418900,14.934490203857422,0.0,0.0
TECK,2020-01-15,16.110000610351562,16.309999465942383,16.040000915527344,16.110000610351562,3081900,14.851521492004395,0.0,0.0
TECK,2020-01-16,16.229999542236328,16.290000915527344,15.699999809265137,15.800000190734863,3991200,14.5657377243042,0.0,0.0
TECK,2020-01-17,15.90999984741211,16.239999771118164,15.869999885559082,16.219999313354492,3134800,14.952926635742188,0.0,0.0
TECK,2020-01-21,16.170000076293945,16.200000762939453,15.369999885559082,15.430000305175781,4609300,14.224640846252441,0.0,0.0
TECK,2020-01-22,15.479999542236328,15.539999961853027,15.3100004196167,15.40999984741211,4881600,14.20620059967041,0.0,0.0
TECK,2020-01-23,15.15999984741211,15.220000267028809,14.760000228881836,15.220000267028809,5043000,14.03104305267334,0.0,0.0
TECK,2020-01-24,15.140000343322754,15.140000343322754,14.1899995803833,14.449999809265137,6143100,13.321198463439941,0.0,0.0
TECK,2020-01-27,13.739999771118164,13.8100004196167,13.25,13.319999694824219,6985600,12.27946949005127,0.0,0.0
TECK,2020-01-28,13.449999809265137,13.649999618530273,13.359999656677246,13.489999771118164,6667900,12.436186790466309,0.0,0.0
TECK,2020-01-29,13.510000228881836,13.579999923706055,13.229999542236328,13.479999542236328,3815700,12.42696762084961,0.0,0.0
TECK,2020-01-30,13.289999961853027,13.489999771118164,12.949999809265137,13.489999771118164,4957000,12.436186790466309,0.0,0.0
TECK,2020-01-31,13.15999984741211,13.170000076293945,12.720000267028809,12.90999984741211,6829600,11.901497840881348,0.0,0.0
TECK,2020-02-03,13.029999732971191,13.109999656677246,12.819999694824219,12.949999809265137,4545900,11.938372611999512,0.0,0.0
TECK,2020-02-04,13.420000076293945,13.770000457763672,13.369999885559082,13.640000343322754,5543900,12.574472427368164,0.0,0.0
TECK,2020-02-05,13.960000038146973,14.359999656677246,13.949999809265137,14.289999961853027,4254900,13.173693656921387,0.0,0.0
TECK,2020-02-06,14.399999618530273,14.399999618530273,13.789999961853027,13.84000015258789,4089200,12.758849143981934,0.0,0.0
TECK,2020-02-07,13.609999656677246,13.609999656677246,13.329999923706055,13.359999656677246,3818600,12.316344261169434,0.0,0.0
TECK,2020-02-10,13.25,13.270000457763672,12.930000305175781,13.149999618530273,3261400,12.122747421264648,0.0,0.0
TECK,2020-02-11,13.399999618530273,14.229999542236328,13.399999618530273,13.729999542236328,4543500,12.657439231872559,0.0,0.0
TECK,2020-02-12,14.119999885559082,14.329999923706055,13.90999984741211,14.109999656677246,3246500,13.0077543258667,0.0,0.0
TECK,2020-02-13,13.90999984741211,14.130000114440918,13.75,14.010000228881836,4052400,12.915568351745605,0.0,0.0
TECK,2020-02-14,14.0,14.100000381469727,13.359999656677246,13.460000038146973,4076600,12.40853214263916,0.0,0.0
TECK,2020-02-18,13.300000190734863,13.329999923706055,12.949999809265137,13.039999961853027,4021600,12.021343231201172,0.0,0.0
TECK,2020-02-19,13.0600004196167,13.390000343322754,13.020000457763672,13.350000381469727,4290100,12.30712604522705,0.0,0.0
TECK,2020-02-20,13.260000228881836,13.369999885559082,12.819999694824219,12.890000343322754,5673400,11.88305950164795,0.0,0.0
TECK,2020-02-21,12.5,12.5,10.850000381469727,10.920000076293945,15492000,10.0669527053833,0.0,0.0
TECK,2020-02-24,10.329999923706055,10.75,10.039999961853027,10.579999923706055,7430300,9.753512382507324,0.0,0.0
TECK,2020-02-25,10.619999885559082,10.65999984741211,10.1899995803833,10.34000015258789,7112200,9.532257080078125,0.0,0.0
TECK,2020-02-26,10.40999984741211,10.75,10.239999771118164,10.270000457763672,6425500,9.467728614807129,0.0,0.0
TECK,2020-02-27,9.930000305175781,10.430000305175781,9.6899995803833,10.260000228881836,7747500,9.458507537841797,0.0,0.0
TECK,2020-02-28,9.789999961853027,10.130000114440918,9.670000076293945,10.119999885559082,10847500,9.329445838928223,0.0,0.0
TECK,2020-03-02,10.260000228881836,10.529999732971191,9.600000381469727,10.529999732971191,6993300,9.707415580749512,0.0,0.0
TECK,2020-03-03,10.5600004196167,10.770000457763672,9.90999984741211,9.949999809265137,8690600,9.17272663116455,0.0,0.0
TECK,2020-03-04,10.279999732971191,10.899999618530273,10.210000038146973,10.800000190734863,6471000,9.95632553100586,0.0,0.0
TECK,2020-03-05,10.270000457763672,11.029999732971191,10.220000267028809,10.850000381469727,7454400,10.002422332763672,0.0,0.0
TECK,2020-03-06,10.510000228881836,10.970000267028809,10.430000305175781,10.510000228881836,6968400,9.688982009887695,0.0,0.0
TECK,2020-03-09,9.5600004196167,9.579999923706055,7.849999904632568,8.050000190734863,6502600,7.421149730682373,0.0,0.0
TECK,2020-03-10,8.739999771118164,9.100000381469727,8.319999694824219,8.920000076293945,8477900,8.223187446594238,0.0,0.0
TECK,2020-03-11,8.59000015258789,8.710000038146973,8.050000190734863,8.199999809265137,7758100,7.5594329833984375,0.0,0.0
TECK,2020-03-12,7.559999942779541,8.0600004196167,6.960000038146973,7.380000114440918,8085200,6.833491325378418,0.036,0.0
TECK,2020-03-13,8.210000038146973,8.979999542236328,7.690000057220459,8.949999809265137,7906200,8.287227630615234,0.0,0.0
TECK,2020-03-16,7.619999885559082,8.5,7.400000095367432,8.260000228881836,5495200,7.6483235359191895,0.0,0.0
TECK,2020-03-17,8.300000190734863,8.40999984741211,7.599999904632568,7.800000190734863,6887200,7.222387790679932,0.0,0.0
TECK,2020-03-18,7.139999866485596,7.150000095367432,5.599999904632568,6.119999885559082,8040300,5.6667962074279785,0.0,0.0
TECK,2020-03-19,6.110000133514404,7.400000095367432,5.889999866485596,7.289999961853027,7226800,6.750154972076416,0.0,0.0
TECK,2020-03-20,7.679999828338623,8.229999542236328,6.760000228881836,7.119999885559082,5617800,6.592743873596191,0.0,0.0
TECK,2020-03-23,7.119999885559082,7.239999771118164,6.619999885559082,6.639999866485596,6902600,6.148288726806641,0.0,0.0
TECK,2020-03-24,7.340000152587891,7.940000057220459,6.920000076293945,7.900000095367432,7252200,7.314983367919922,0.0,0.0
TECK,2020-03-25,8.050000190734863,8.34000015258789,7.190000057220459,7.730000019073486,6304400,7.157570838928223,0.0,0.0
TECK,2020-03-26,7.860000133514404,8.069999694824219,7.400000095367432,7.53000020980835,7983800,6.972383499145508,0.0,0.0
TECK,2020-03-27,7.230000019073486,7.300000190734863,6.420000076293945,6.510000228881836,6453600,6.027915954589844,0.0,0.0
TECK,2020-03-30,6.550000190734863,7.0,6.260000228881836,6.909999847412109,4237400,6.3982954025268555,0.0,0.0
TECK,2020-03-31,7.090000152587891,7.630000114440918,6.78000020980835,7.559999942779541,5720800,7.000159740447998,0.0,0.0
TECK,2020-04-01,7.070000171661377,7.730000019073486,6.909999847412109,7.079999923706055,4184000,6.555705547332764,0.0,0.0
TECK,2020-04-02,7.190000057220459,7.809999942779541,7.139999866485596,7.269999980926514,4751800,6.731635570526123,0.0,0.0
TECK,2020-04-03,7.420000076293945,7.480000019073486,6.650000095367432,7.110000133514404,5883100,6.583484649658203,0.0,0.0
TECK,2020-04-06,7.460000038146973,7.840000152587891,7.300000190734863,7.599999904632568,4857600,7.037198543548584,0.0,0.0
TECK,2020-04-07,8.079999923706055,8.399999618530273,7.909999847412109,8.359999656677246,7024500,7.740917682647705,0.0,0.0
TECK,2020-04-08,8.359999656677246,8.4399995803833,7.989999771118164,8.180000305175781,4826600,7.574249744415283,0.0,0.0
TECK,2020-04-09,8.479999542236328,8.479999542236328,7.659999847412109,7.909999847412109,7236700,7.32424259185791,0.0,0.0
TECK,2020-04-13,8.050000190734863,8.359999656677246,7.760000228881836,8.300000190734863,4747400,7.685361862182617,0.0,0.0
TECK,2020-04-14,8.319999694824219,8.989999771118164,8.3100004196167,8.869999885559082,5555700,8.213149070739746,0.0,0.0
TECK,2020-04-15,8.350000381469727,8.350000381469727,7.869999885559082,8.039999961853027,4465000,7.444615364074707,0.0,0.0
TECK,2020-04-16,8.130000114440918,8.180000305175781,7.699999809265137,7.849999904632568,4913400,7.268685817718506,0.0,0.0
TECK,2020-04-17,7.96999979019165,8.15999984741211,7.800000190734863,7.900000095367432,4351600,7.314983367919922,0.0,0.0
TECK,2020-04-20,7.5,7.860000133514404,7.25,7.489999771118164,5716300,6.935344219207764,0.0,0.0
TECK,2020-04-21,7.090000152587891,7.440000057220459,6.789999961853027,7.050000190734863,6771500,6.527927398681641,0.0,0.0
TECK,2020-04-22,7.210000038146973,7.5,7.210000038146973,7.269999980926514,3130400,6.731635570526123,0.0,0.0
TECK,2020-04-23,7.409999847412109,7.579999923706055,7.309999942779541,7.369999885559082,4016800,6.824230670928955,0.0,0.0
TECK,2020-04-24,7.489999771118164,7.610000133514404,7.210000038146973,7.389999866485596,5238500,6.842747688293457,0.0,0.0
TECK,2020-04-27,7.400000095367432,7.460000038146973,6.909999847412109,7.139999866485596,6488500,6.611261367797852,0.0,0.0
TECK,2020-04-28,7.329999923706055,8.15999984741211,7.239999771118164,8.109999656677246,13569900,7.5094313621521,0.0,0.0
TECK,2020-04-29,8.550000190734863,9.020000457763672,8.350000381469727,8.90999984741211,8879400,8.250187873840332,0.0,0.0
TECK,2020-04-30,8.779999732971191,9.119999885559082,8.489999771118164,8.8100004196167,6802900,8.15759563446045,0.0,0.0
TECK,2020-05-01,8.40999984741211,8.84000015258789,8.380000114440918,8.550000190734863,5795800,7.916850566864014,0.0,0.0
TECK,2020-05-04,8.430000305175781,8.800000190734863,8.25,8.779999732971191,7936000,8.129816055297852,0.0,0.0
TECK,2020-05-05,9.029999732971191,9.34000015258789,8.5,8.5600004196167,4859400,7.9261088371276855,0.0,0.0
TECK,2020-05-06,8.65999984741211,8.729999542236328,8.350000381469727,8.510000228881836,4024900,7.8798112869262695,0.0,0.0
TECK,2020-05-07,8.739999771118164,8.869999885559082,8.640000343322754,8.710000038146973,4480100,8.0649995803833,0.0,0.0
TECK,2020-05-08,8.869999885559082,9.170000076293945,8.789999961853027,9.140000343322754,3464900,8.46315860748291,0.0,0.0
TECK,2020-05-11,8.899999618530273,9.050000190734863,8.770000457763672,8.819999694824219,4513400,8.166855812072754,0.0,0.0
TECK,2020-05-12,8.90999984741211,9.069999694824219,8.609999656677246,8.619999885559082,6166900,7.981664657592773,0.0,0.0
TECK,2020-05-13,8.600000381469727,8.609999656677246,8.279999732971191,8.470000267028809,5318300,7.842772960662842,0.0,0.0
TECK,2020-05-14,8.3100004196167,8.529999732971191,7.789999961853027,8.529999732971191,6933500,7.8983283042907715,0.0,0.0
TECK,2020-05-15,8.550000190734863,8.829999923706055,8.3100004196167,8.800000190734863,3674200,8.148334503173828,0.0,0.0
TECK,2020-05-18,9.270000457763672,10.260000228881836,9.239999771118164,9.869999885559082,6294100,9.139098167419434,0.0,0.0
TECK,2020-05-19,9.720000267028809,10.069999694824219,9.630000114440918,9.65999984741211,5360000,8.944649696350098,0.0,0.0
TECK,2020-05-20,10.0,10.0,9.579999923706055,9.75,4900600,9.027984619140625,0.0,0.0
TECK,2020-05-21,9.819999694824219,9.84000015258789,9.289999961853027,9.470000267028809,2634100,8.768719673156738,0.0,0.0
TECK,2020-05-22,9.420000076293945,9.420000076293945,9.09000015258789,9.15999984741211,2571000,8.48167610168457,0.0,0.0
TECK,2020-05-26,9.479999542236328,9.760000228881836,9.270000457763672,9.630000114440918,4226300,8.916872024536133,0.0,0.0
TECK,2020-05-27,9.8100004196167,10.010000228881836,9.34000015258789,9.829999923706055,5126800,9.102060317993164,0.0,0.0
TECK,2020-05-28,9.9399995803833,9.9399995803833,9.579999923706055,9.630000114440918,3097300,8.916872024536133,0.0,0.0
TECK,2020-05-29,9.600000381469727,9.649999618530273,9.229999542236328,9.489999771118164,6693400,8.787238121032715,0.0,0.0
TECK,2020-06-01,9.5600004196167,9.800000190734863,9.390000343322754,9.670000076293945,4499800,8.953910827636719,0.0,0.0
TECK,2020-06-02,9.84000015258789,10.399999618530273,9.720000267028809,10.289999961853027,5681100,9.527997970581055,0.0,0.0
TECK,2020-06-03,10.479999542236328,10.850000381469727,10.4399995803833,10.75,5787500,9.95393180847168,0.0,0.0
TECK,2020-06-04,10.720000267028809,10.920000076293945,10.40999984741211,10.710000038146973,4740300,9.91689395904541,0.0,0.0
TECK,2020-06-05,11.25,12.050000190734863,11.25,11.65999984741211,5330300,10.796545028686523,0.0,0.0
TECK,2020-06-08,12.270000457763672,12.279999732971191,11.680000305175781,12.260000228881836,4761000,11.35211181640625,0.0,0.0
TECK,2020-06-09,11.899999618530273,11.899999618530273,11.3100004196167,11.829999923706055,5082000,10.95395278930664,0.0,0.0
TECK,2020-06-10,11.770000457763672,11.869999885559082,11.220000267028809,11.520000457763672,4976900,10.666911125183105,0.0,0.0
TECK,2020-06-11,10.729999542236328,10.819999694824219,9.859999656677246,9.960000038146973,5279800,9.222434997558594,0.0,0.0
TECK,2020-06-12,10.5600004196167,10.770000457763672,10.149999618530273,10.390000343322754,3681900,9.656464576721191,0.037,0.0
TECK,2020-06-15,9.880000114440918,10.539999961853027,9.609999656677246,10.40999984741211,3551300,9.675050735473633,0.0,0.0
TECK,2020-06-16,10.90999984741211,11.270000457763672,10.329999923706055,10.609999656677246,6441400,9.860931396484375,0.0,0.0
TECK,2020-06-17,10.680000305175781,10.710000038146973,10.34000015258789,10.369999885559082,4793600,9.637874603271484,0.0,0.0
TECK,2020-06-18,10.1899995803833,10.270000457763672,10.029999732971191,10.079999923706055,3132500,9.36834716796875,0.0,0.0
TECK,2020-06-19,10.399999618530273,10.399999618530273,9.90999984741211,10.0,3630000,9.293996810913086,0.0,0.0
TECK,2020-06-22,10.0,10.619999885559082,10.0,10.489999771118164,7183100,9.749402046203613,0.0,0.0
TECK,2020-06-23,10.6899995803833,11.029999732971191,10.600000381469727,10.680000305175781,2870700,9.92599105834961,0.0,0.0
TECK,2020-06-24,10.510000228881836,10.579999923706055,10.140000343322754,10.210000038146973,3811200,9.48917293548584,0.0,0.0
TECK,2020-06-25,10.09000015258789,10.449999809265137,10.039999961853027,10.4399995803833,2157800,9.702932357788086,0.0,0.0
TECK,2020-06-26,10.300000190734863,10.319999694824219,9.5600004196167,9.880000114440918,4103300,9.182470321655273,0.0,0.0
TECK,2020-06-29,9.869999885559082,10.119999885559082,9.739999771118164,9.949999809265137,3134900,9.247528076171875,0.0,0.0
TECK,2020-06-30,9.930000305175781,10.550000190734863,9.84000015258789,10.420000076293945,4274300,9.684347152709961,0.0,0.0
TECK,2020-07-01,10.430000305175781,10.619999885559082,10.0600004196167,10.199999809265137,2549800,9.479875564575195,0.0,0.0
TECK,2020-07-02,10.539999961853027,10.770000457763672,10.34000015258789,10.40999984741211,3385500,9.675050735473633,0.0,0.0
TECK,2020-07-06,10.6899995803833,10.930000305175781,10.579999923706055,10.770000457763672,2972700,10.009634017944336,0.0,0.0
TECK,2020-07-07,10.6899995803833,10.880000114440918,10.489999771118164,10.489999771118164,2515700,9.749402046203613,0.0,0.0
TECK,2020-07-08,10.609999656677246,11.050000190734863,10.520000457763672,10.729999542236328,4819100,9.97245979309082,0.0,0.0
TECK,2020-07-09,10.84000015258789,11.0,10.649999618530273,10.760000228881836,2946700,10.000341415405273,0.0,0.0
TECK,2020-07-10,10.779999732971191,11.020000457763672,10.479999542236328,10.989999771118164,3394200,10.214103698730469,0.0,0.0
TECK,2020-07-13,11.260000228881836,11.84000015258789,11.079999923706055,11.15999984741211,6763000,10.372100830078125,0.0,0.0
TECK,2020-07-14,11.069999694824219,11.180000305175781,10.729999542236328,11.149999618530273,3243500,10.362805366516113,0.0,0.0
TECK,2020-07-15,11.34000015258789,11.420000076293945,10.880000114440918,11.289999961853027,3427800,10.492921829223633,0.0,0.0
TECK,2020-07-16,11.210000038146973,11.390000343322754,11.0600004196167,11.119999885559082,2195800,10.33492660522461,0.0,0.0
TECK,2020-07-17,11.130000114440918,11.399999618530273,11.109999656677246,11.220000267028809,2346100,10.427864074707031,0.0,0.0
TECK,2020-07-20,11.300000190734863,11.420000076293945,11.180000305175781,11.300000190734863,2306000,10.502218246459961,0.0,0.0
TECK,2020-07-21,11.350000381469727,11.5,10.899999618530273,10.960000038146973,4701200,10.1862211227417,0.0,0.0
TECK,2020-07-22,10.970000267028809,11.109999656677246,10.760000228881836,10.84000015258789,5236900,10.074694633483887,0.0,0.0
TECK,2020-07-23,10.989999771118164,11.800000190734863,10.9399995803833,11.5600004196167,5564100,10.743861198425293,0.0,0.0
TECK,2020-07-24,11.579999923706055,11.579999923706055,11.050000190734863,11.170000076293945,4706400,10.381396293640137,0.0,0.0
TECK,2020-07-27,11.220000267028809,11.319999694824219,10.9399995803833,11.109999656677246,4126800,10.325632095336914,0.0,0.0
TECK,2020-07-28,10.960000038146973,11.029999732971191,10.739999771118164,10.850000381469727,2827900,10.083991050720215,0.0,0.0
TECK,2020-07-29,10.890000343322754,10.930000305175781,10.5600004196167,10.859999656677246,3322400,10.093280792236328,0.0,0.0
TECK,2020-07-30,10.649999618530273,10.649999618530273,10.260000228881836,10.319999694824219,2312900,9.59140396118164,0.0,0.0
TECK,2020-07-31,10.300000190734863,10.399999618530273,10.029999732971191,10.130000114440918,3497800,9.41481876373291,0.0,0.0
TECK,2020-08-03,10.199999809265137,10.279999732971191,10.149999618530273,10.210000038146973,1785800,9.48917293548584,0.0,0.0
TECK,2020-08-04,10.1899995803833,10.630000114440918,10.1899995803833,10.529999732971191,2579800,9.786579132080078,0.0,0.0
TECK,2020-08-05,10.9399995803833,11.239999771118164,10.850000381469727,11.180000305175781,3164000,10.390689849853516,0.0,0.0
TECK,2020-08-06,11.220000267028809,11.40999984741211,11.109999656677246,11.369999885559082,2544100,10.567277908325195,0.0,0.0
TECK,2020-08-07,11.210000038146973,11.210000038146973,10.960000038146973,11.09000015258789,2537200,10.30704116821289,0.0,0.0
TECK,2020-08-10,11.199999809265137,11.420000076293945,11.180000305175781,11.420000076293945,1621100,10.61374568939209,0.0,0.0
TECK,2020-08-11,11.59000015258789,11.760000228881836,11.470000267028809,11.529999732971191,3403900,10.715978622436523,0.0,0.0
TECK,2020-08-12,11.75,11.859999656677246,11.4399995803833,11.479999542236328,1782000,10.669507026672363,0.0,0.0
TECK,2020-08-13,11.4399995803833,11.539999961853027,11.229999542236328,11.399999618530273,1853900,10.595154762268066,0.0,0.0
TECK,2020-08-14,11.319999694824219,11.350000381469727,11.140000343322754,11.329999923706055,1238600,10.530099868774414,0.0,0.0
TECK,2020-08-17,11.489999771118164,11.989999771118164,11.460000038146973,11.800000190734863,2185200,10.9669189453125,0.0,0.0
TECK,2020-08-18,11.989999771118164,12.079999923706055,11.699999809265137,11.84000015258789,3275200,11.004093170166016,0.0,0.0
TECK,2020-08-19,11.899999618530273,12.880000114440918,11.84000015258789,12.680000305175781,6225200,11.784788131713867,0.0,0.0
TECK,2020-08-20,12.510000228881836,12.59000015258789,11.670000076293945,11.859999656677246,5833200,11.02267837524414,0.0,0.0
TECK,2020-08-21,11.710000038146973,11.710000038146973,11.34000015258789,11.350000381469727,2925500,10.548687934875488,0.0,0.0
TECK,2020-08-24,11.600000381469727,11.630000114440918,11.359999656677246,11.460000038146973,2924200,10.650919914245605,0.0,0.0
TECK,2020-08-25,11.529999732971191,11.550000190734863,10.899999618530273,11.15999984741211,2881200,10.372100830078125,0.0,0.0
TECK,2020-08-26,11.1899995803833,11.539999961853027,11.15999984741211,11.510000228881836,2844400,10.697394371032715,0.0,0.0
TECK,2020-08-27,11.5600004196167,11.65999984741211,11.170000076293945,11.359999656677246,1797200,10.55798053741455,0.0,0.0
TECK,2020-08-28,11.550000190734863,11.859999656677246,11.4399995803833,11.779999732971191,2590800,10.94832992553711,0.0,0.0
TECK,2020-08-31,11.800000190734863,11.84000015258789,11.5,11.520000457763672,1856200,10.706684112548828,0.0,0.0
TECK,2020-09-01,11.65999984741211,11.920000076293945,11.430000305175781,11.899999618530273,2421800,11.059854507446289,0.0,0.0
TECK,2020-09-02,11.920000076293945,12.029999732971191,11.630000114440918,11.9399995803833,2832000,11.09703254699707,0.0,0.0
TECK,2020-09-03,11.770000457763672,11.800000190734863,11.210000038146973,11.359999656677246,3319700,10.55798053741455,0.0,0.0
TECK,2020-09-04,11.5,11.819999694824219,11.140000343322754,11.770000457763672,3692600,10.939034461975098,0.0,0.0
TECK,2020-09-08,11.34000015258789,11.489999771118164,11.199999809265137,11.319999694824219,3221500,10.520806312561035,0.0,0.0
TECK,2020-09-09,11.40999984741211,11.930000305175781,11.40999984741211,11.739999771118164,3022000,10.911150932312012,0.0,0.0
TECK,2020-09-10,11.8100004196167,11.979999542236328,11.609999656677246,11.729999542236328,3569700,10.901857376098633,0.0,0.0
TECK,2020-09-11,11.979999542236328,13.289999961853027,11.899999618530273,13.0,13402400,12.082195281982422,0.0,0.0
TECK,2020-09-14,13.199999809265137,13.600000381469727,12.75,13.59000015258789,5585200,12.667572975158691,0.038,0.0
TECK,2020-09-15,13.880000114440918,14.130000114440918,13.600000381469727,13.710000038146973,5069800,12.779426574707031,0.0,0.0
TECK,2020-09-16,14.069999694824219,14.630000114440918,13.930000305175781,14.369999885559082,6219200,13.39462947845459,0.0,0.0
TECK,2020-09-17,14.050000190734863,14.970000267028809,13.8100004196167,14.890000343322754,4861400,13.8793306350708,0.0,0.0
TECK,2020-09-18,15.0,15.600000381469727,14.90999984741211,15.40999984741211,7410300,14.364035606384277,0.0,0.0
TECK,2020-09-21,14.529999732971191,14.720000267028809,14.020000457763672,14.25,7398300,13.282773971557617,0.0,0.0
TECK,2020-09-22,14.25,14.6899995803833,14.109999656677246,14.319999694824219,4178100,13.348020553588867,0.0,0.0
TECK,2020-09-23,14.020000457763672,14.170000076293945,13.6899995803833,13.75,5672900,12.816706657409668,0.0,0.0
TECK,2020-09-24,13.550000190734863,14.109999656677246,13.479999542236328,13.90999984741211,7519300,12.965849876403809,0.0,0.0
TECK,2020-09-25,13.729999542236328,14.050000190734863,13.40999984741211,14.039999961853027,3620300,13.08702564239502,0.0,0.0
TECK,2020-09-28,14.5600004196167,14.640000343322754,13.880000114440918,13.970000267028809,3888200,13.021780014038086,0.0,0.0
TECK,2020-09-29,13.949999809265137,13.949999809265137,13.619999885559082,13.84000015258789,3417500,12.90060043334961,0.0,0.0
TECK,2020-09-30,13.970000267028809,14.100000381469727,13.859999656677246,13.920000076293945,2348500,12.975173950195312,0.0,0.0
TECK,2020-10-01,14.020000457763672,14.279999732971191,13.84000015258789,14.0600004196167,5421100,13.105671882629395,0.0,0.0
TECK,2020-10-02,13.65999984741211,14.529999732971191,13.600000381469727,14.260000228881836,4097400,13.292093276977539,0.0,0.0
TECK,2020-10-05,14.380000114440918,14.4399995803833,13.739999771118164,13.930000305175781,5839500,12.984491348266602,0.0,0.0
TECK,2020-10-06,14.050000190734863,14.140000343322754,13.09000015258789,13.229999542236328,6855100,12.332005500793457,0.0,0.0
TECK,2020-10-07,13.5,13.600000381469727,13.180000305175781,13.479999542236328,11235700,12.565035820007324,0.0,0.0
TECK,2020-10-08,13.850000381469727,13.960000038146973,13.550000190734863,13.90999984741211,5859000,12.965849876403809,0.0,0.0
TECK,2020-10-09,14.020000457763672,14.180000305175781,13.770000457763672,13.899999618530273,5494600,12.956528663635254,0.0,0.0
TECK,2020-10-12,14.0,14.020000457763672,13.180000305175781,13.399999618530273,5028200,12.49046802520752,0.0,0.0
TECK,2020-10-13,13.300000190734863,13.489999771118164,13.050000190734863,13.319999694824219,4603600,12.41589641571045,0.0,0.0
TECK,2020-10-14,13.520000457763672,13.9399995803833,13.180000305175781,13.850000381469727,7327800,12.909924507141113,0.0,0.0
TECK,2020-10-15,13.5,13.75,13.390000343322754,13.699999809265137,4149300,12.770103454589844,0.0,0.0
TECK,2020-10-16,13.720000267028809,13.739999771118164,13.470000267028809,13.550000190734863,3088900,12.630285263061523,0.0,0.0
TECK,2020-10-19,13.59000015258789,14.100000381469727,13.520000457763672,13.529999732971191,4583300,12.611642837524414,0.0,0.0
TECK,2020-10-20,13.649999618530273,14.140000343322754,13.649999618530273,13.930000305175781,4062800,12.984491348266602,0.0,0.0
TECK,2020-10-21,13.989999771118164,14.069999694824219,13.720000267028809,13.789999961853027,4869000,12.853995323181152,0.0,0.0
TECK,2020-10-22,13.800000190734863,13.800000190734863,13.399999618530273,13.710000038146973,5291100,12.779426574707031,0.0,0.0
TECK,2020-10-23,13.880000114440918,14.180000305175781,13.75,13.850000381469727,4010400,12.909924507141113,0.0,0.0
TECK,2020-10-26,13.600000381469727,13.8100004196167,13.239999771118164,13.350000381469727,5162800,12.443861961364746,0.0,0.0
TECK,2020-10-27,12.8100004196167,13.199999809265137,12.399999618530273,12.5600004196167,7908300,11.707483291625977,0.0,0.0
TECK,2020-10-28,11.930000305175781,12.470000267028809,11.90999984741211,12.279999732971191,5060700,11.446491241455078,0.0,0.0
TECK,2020-10-29,12.149999618530273,13.0,12.140000343322754,12.819999694824219,4383500,11.949834823608398,0.0,0.0
TECK,2020-10-30,12.739999771118164,13.210000038146973,12.720000267028809,13.140000343322754,4494300,12.248114585876465,0.0,0.0
TECK,2020-11-02,13.420000076293945,13.609999656677246,13.239999771118164,13.550000190734863,2738600,12.630285263061523,0.0,0.0
TECK,2020-11-03,13.850000381469727,13.880000114440918,13.40999984741211,13.479999542236328,3118800,12.565035820007324,0.0,0.0
TECK,2020-11-04,13.300000190734863,13.420000076293945,12.949999809265137,13.119999885559082,3588100,12.229472160339355,0.0,0.0
TECK,2020-11-05,13.350000381469727,13.75,13.350000381469727,13.569999694824219,2499500,12.648927688598633,0.0,0.0
TECK,2020-11-06,13.800000190734863,14.770000457763672,13.800000190734863,14.649999618530273,4739100,13.655620574951172,0.0,0.0
TECK,2020-11-09,15.75,15.920000076293945,14.800000190734863,15.119999885559082,5973900,14.093719482421875,0.0,0.0
TECK,2020-11-10,15.140000343322754,15.25,14.829999923706055,14.890000343322754,3201000,13.8793306350708,0.0,0.0
TECK,2020-11-11,14.920000076293945,15.010000228881836,14.649999618530273,14.949999809265137,2693900,13.935260772705078,0.0,0.0
TECK,2020-11-12,14.710000038146973,14.899999618530273,14.40999984741211,14.510000228881836,3571700,13.525126457214355,0.0,0.0
TECK,2020-11-13,14.65999984741211,15.0600004196167,14.59000015258789,14.680000305175781,3001500,13.683588027954102,0.0,0.0
TECK,2020-11-16,15.0600004196167,15.34000015258789,14.9399995803833,15.270000457763672,4416200,14.233537673950195,0.0,0.0
TECK,2020-11-17,15.0600004196167,15.0600004196167,14.680000305175781,14.829999923706055,3615800,13.823404312133789,0.0,0.0
TECK,2020-11-18,15.050000190734863,15.279999732971191,14.9399995803833,15.020000457763672,3395300,14.000510215759277,0.0,0.0
TECK,2020-11-19,14.899999618530273,15.09000015258789,14.770000457763672,14.829999923706055,3085700,13.823404312133789,0.0,0.0
TECK,2020-11-20,15.050000190734863,15.199999809265137,14.9399995803833,15.0600004196167,3317400,14.037793159484863,0.0,0.0
TECK,2020-11-23,15.300000190734863,15.699999809265137,15.229999542236328,15.359999656677246,4195800,14.317429542541504,0.0,0.0
TECK,2020-11-24,15.6899995803833,15.899999618530273,15.609999656677246,15.8100004196167,5059400,14.73688793182373,0.0,0.0
TECK,2020-11-25,15.75,15.75,15.460000038146973,15.5600004196167,2659800,14.503857612609863,0.0,0.0
TECK,2020-11-27,15.729999542236328,16.34000015258789,15.65999984741211,16.0,4957200,14.913990020751953,0.0,0.0
TECK,2020-11-30,16.229999542236328,16.5,15.800000190734863,15.800000190734863,6015300,14.727567672729492,0.0,0.0
TECK,2020-12-01,16.239999771118164,16.799999237060547,16.18000030517578,16.389999389648438,5774700,15.277517318725586,0.0,0.0
TECK,2020-12-02,16.440000534057617,17.100000381469727,16.209999084472656,16.68000030517578,5358500,15.547835350036621,0.0,0.0
TECK,2020-12-03,16.809999465942383,17.610000610351562,16.770000457763672,17.43000030517578,4875800,16.24692726135254,0.0,0.0
TECK,2020-12-04,17.75,18.84000015258789,17.719999313354492,18.829999923706055,7830300,17.551898956298828,0.0,0.0
TECK,2020-12-07,18.719999313354492,18.780000686645508,18.100000381469727,18.18000030517578,5270700,16.94602394104004,0.0,0.0
TECK,2020-12-08,18.110000610351562,18.280000686645508,17.790000915527344,18.010000228881836,3403900,16.787559509277344,0.0,0.0
TECK,2020-12-09,18.219999313354492,18.31999969482422,17.639999389648438,18.0,4746700,16.778240203857422,0.0,0.0
TECK,2020-12-10,17.959999084472656,18.520000457763672,17.920000076293945,18.3799991607666,3468400,17.132444381713867,0.0,0.0
TECK,2020-12-11,18.110000610351562,18.1299991607666,17.850000381469727,18.020000457763672,2934000,16.79688262939453,0.0,0.0
TECK,2020-12-14,18.219999313354492,18.270000457763672,17.719999313354492,17.729999542236328,2534900,16.562408447265625,0.039,0.0
TECK,2020-12-15,17.93000030517578,18.610000610351562,17.8799991607666,18.59000015258789,7230000,17.365779876708984,0.0,0.0
TECK,2020-12-16,18.610000610351562,18.68000030517578,17.989999771118164,18.389999389648438,4680800,17.178945541381836,0.0,0.0
TECK,2020-12-17,18.610000610351562,18.950000762939453,18.239999771118164,18.299999237060547,3461900,17.094873428344727,0.0,0.0
TECK,2020-12-18,18.190000534057617,18.299999237060547,17.860000610351562,17.8799991607666,2719400,16.702533721923828,0.0,0.0
TECK,2020-12-21,16.959999084472656,18.030000686645508,16.81999969482422,17.93000030517578,3019100,16.749238967895508,0.0,0.0
TECK,2020-12-22,17.780000686645508,17.90999984741211,17.290000915527344,17.34000015258789,2865100,16.19809341430664,0.0,0.0
TECK,2020-12-23,17.549999237060547,17.979999542236328,17.549999237060547,17.81999969482422,1334000,16.646486282348633,0.0,0.0
TECK,2020-12-24,17.940000534057617,17.940000534057617,17.399999618530273,17.530000686645508,1255300,16.375581741333008,0.0,0.0
TECK,2020-12-28,17.780000686645508,17.950000762939453,17.600000381469727,17.6200008392334,1226400,16.459659576416016,0.0,0.0
TECK,2020-12-29,17.65999984741211,17.84000015258789,17.489999771118164,17.639999389648438,1647300,16.47833824157715,0.0,0.0
TECK,2020-12-30,17.670000076293945,18.59000015258789,17.649999618530273,18.440000534057617,2568400,17.22565460205078,0.0,0.0
TECK,2020-12-31,18.40999984741211,18.6299991607666,18.139999389648438,18.149999618530273,2274100,16.95475196838379,0.0,0.0
TECK,2021-01-04,18.6299991607666,19.09000015258789,18.600000381469727,18.969999313354492,5219800,17.720752716064453,0.0,0.0
TECK,2021-01-05,19.100000381469727,19.739999771118164,19.030000686645508,19.559999465942383,7058800,18.271900177001953,0.0,0.0
TECK,2021-01-06,19.68000030517578,20.270000457763672,19.43000030517578,19.610000610351562,6898400,18.318607330322266,0.0,0.0
TECK,2021-01-07,20.209999084472656,20.209999084472656,19.399999618530273,19.850000381469727,3734100,18.54280662536621,0.0,0.0
TECK,2021-01-08,19.90999984741211,19.940000534057617,19.25,19.579999923706055,2927200,18.290576934814453,0.0,0.0
TECK,2021-01-11,18.829999923706055,19.389999389648438,18.700000762939453,19.149999618530273,2143100,17.888900756835938,0.0,0.0
TECK,2021-01-12,19.209999084472656,19.65999984741211,19.079999923706055,19.6200008392334,1775200,18.32794952392578,0.0,0.0
TECK,2021-01-13,19.360000610351562,19.68000030517578,18.950000762939453,19.0,3039000,17.748777389526367,0.0,0.0
TECK,2021-01-14,19.239999771118164,19.829999923706055,19.100000381469727,19.709999084472656,3180800,18.412017822265625,0.0,0.0
TECK,2021-01-15,19.489999771118164,20.0,19.09000015258789,19.6299991607666,5106700,18.33728790283203,0.0,0.0
TECK,2021-01-19,19.920000076293945,21.040000915527344,19.84000015258789,20.920000076293945,5794600,19.542339324951172,0.0,0.0
TECK,2021-01-20,21.200000762939453,21.34000015258789,20.3700008392334,20.770000457763672,3051700,19.4022216796875,0.0,0.0
TECK,2021-01-21,20.8700008392334,21.219999313354492,20.559999465942383,20.579999923706055,3001100,19.2247257232666,0.0,0.0
TECK,2021-01-22,20.0,20.520000457763672,19.8799991607666,20.5,2913100,19.149995803833008,0.0,0.0
TECK,2021-01-25,20.450000762939453,20.559999465942383,19.510000228881836,19.899999618530273,3734900,18.589508056640625,0.0,0.0
TECK,2021-01-26,20.040000915527344,20.239999771118164,19.09000015258789,19.520000457763672,4263000,18.234535217285156,0.0,0.0
TECK,2021-01-27,18.81999969482422,19.15999984741211,18.170000076293945,18.610000610351562,5313000,17.384458541870117,0.0,0.0
TECK,2021-01-28,18.8799991607666,19.3799991607666,18.450000762939453,19.200000762939453,4528500,17.935604095458984,0.0,0.0
TECK,2021-01-29,19.170000076293945,19.200000762939453,18.079999923706055,18.280000686645508,4672600,17.076187133789062,0.0,0.0
TECK,2021-02-01,18.389999389648438,18.81999969482422,18.260000228881836,18.649999618530273,4081100,17.421823501586914,0.0,0.0
TECK,2021-02-02,18.690000534057617,18.719999313354492,18.200000762939453,18.43000030517578,3299500,17.216310501098633,0.0,0.0
TECK,2021-02-03,18.639999389648438,18.639999389648438,18.020000457763672,18.030000686645508,3051800,16.8426570892334,0.0,0.0
TECK,2021-02-04,17.90999984741211,18.200000762939453,17.600000381469727,18.18000030517578,4780300,16.982776641845703,0.0,0.0
TECK,2021-02-05,18.219999313354492,18.670000076293945,18.149999618530273,18.329999923706055,3809500,17.122896194458008,0.0,0.0
TECK,2021-02-08,18.75,19.530000686645508,18.530000686645508,19.420000076293945,4493300,18.14112091064453,0.0,0.0
TECK,2021-02-09,19.3799991607666,19.5,18.90999984741211,19.020000457763672,2844300,17.767459869384766,0.0,0.0
TECK,2021-02-10,19.520000457763672,19.959999084472656,19.260000228881836,19.670000076293945,6111300,18.374652862548828,0.0,0.0
TECK,2021-02-11,19.649999618530273,19.940000534057617,19.440000534057617,19.770000457763672,4092000,18.468069076538086,0.0,0.0
TECK,2021-02-12,19.639999389648438,19.760000228881836,19.350000381469727,19.709999084472656,1544200,18.412017822265625,0.0,0.0
TECK,2021-02-16,20.149999618530273,20.959999084472656,20.149999618530273,20.6299991607666,5858700,19.271432876586914,0.0,0.0
TECK,2021-02-17,20.600000381469727,21.100000381469727,20.25,20.719999313354492,5970200,19.35550880432129,0.0,0.0
TECK,2021-02-18,20.940000534057617,21.469999313354492,20.309999465942383,21.420000076293945,5544800,20.00941276550293,0.0,0.0
TECK,2021-02-19,22.010000228881836,23.149999618530273,21.889999389648438,23.0,8272200,21.485361099243164,0.0,0.0
TECK,2021-02-22,22.84000015258789,23.579999923706055,22.739999771118164,23.25,8937600,21.718896865844727,0.0,0.0
TECK,2021-02-23,22.809999465942383,23.09000015258789,21.889999389648438,23.040000915527344,6395000,21.522729873657227,0.0,0.0
TECK,2021-02-24,23.1200008392334,23.809999465942383,22.649999618530273,23.760000228881836,4836100,22.195310592651367,0.0,0.0
TECK,2021-02-25,23.81999969482422,23.93000030517578,21.670000076293945,21.950000762939453,6545400,20.504507064819336,0.0,0.0
TECK,2021-02-26,21.600000381469727,21.829999923706055,20.610000610351562,20.829999923706055,5840400,19.458261489868164,0.0,0.0
TECK,2021-03-01,21.3700008392334,21.56999969482422,20.84000015258789,21.049999237060547,5159800,19.66377830505371,0.0,0.0
TECK,2021-03-02,20.979999542236328,21.68000030517578,20.709999084472656,21.229999542236328,4446100,19.831924438476562,0.0,0.0
TECK,2021-03-03,21.079999923706055,22.209999084472656,20.950000762939453,21.600000381469727,9061900,20.17755889892578,0.0,0.0
TECK,2021-03-04,21.020000457763672,21.260000228881836,20.15999984741211,20.6299991607666,7247700,19.271432876586914,0.0,0.0
TECK,2021-03-05,21.1299991607666,21.420000076293945,20.219999313354492,21.350000381469727,7441600,19.944021224975586,0.0,0.0
TECK,2021-03-08,21.309999465942383,21.81999969482422,21.010000228881836,21.200000762939453,4846100,19.803897857666016,0.0,0.0
TECK,2021-03-09,21.290000915527344,21.469999313354492,20.59000015258789,20.899999618530273,3655900,19.523651123046875,0.0,0.0
TECK,2021-03-10,20.920000076293945,21.420000076293945,20.5,21.3799991607666,4858800,19.9720458984375,0.0,0.0
TECK,2021-03-11,21.93000030517578,22.81999969482422,21.850000381469727,22.81999969482422,5599900,21.31721305847168,0.0,0.0
TECK,2021-03-12,22.360000610351562,22.690000534057617,22.280000686645508,22.6299991607666,4035500,21.176841735839844,0.04,0.0
TECK,2021-03-15,22.479999542236328,22.56999969482422,21.860000610351562,22.34000015258789,4059100,20.905467987060547,0.0,0.0
TECK,2021-03-16,22.149999618530273,22.600000381469727,21.6299991607666,21.93000030517578,11913200,20.52179718017578,0.0,0.0
TECK,2021-03-17,21.940000534057617,22.059999465942383,21.200000762939453,21.81999969482422,5764800,20.418859481811523,0.0,0.0
TECK,2021-03-18,21.780000686645508,22.610000610351562,21.399999618530273,21.6200008392334,6640600,20.23170280456543,0.0,0.0
TECK,2021-03-19,21.469999313354492,21.549999237060547,20.200000762939453,20.280000686645508,6888100,18.977750778198242,0.0,0.0
TECK,2021-03-22,20.399999618530273,20.649999618530273,20.149999618530273,20.209999084472656,4569000,18.91223907470703,0.0,0.0
TECK,2021-03-23,19.829999923706055,19.989999771118164,18.719999313354492,18.770000457763672,6885200,17.564712524414062,0.0,0.0
TECK,2021-03-24,19.100000381469727,19.34000015258789,18.440000534057617,18.479999542236328,4867800,17.2933292388916,0.0,0.0
TECK,2021-03-25,18.040000915527344,18.1299991607666,17.309999465942383,18.030000686645508,8277500,16.872228622436523,0.0,0.0
TECK,2021-03-26,18.520000457763672,19.110000610351562,18.420000076293945,19.049999237060547,5162200,17.826732635498047,0.0,0.0
TECK,2021-03-29,18.770000457763672,19.540000915527344,18.729999542236328,19.1299991607666,9802100,17.901594161987305,0.0,0.0
TECK,2021-03-30,19.049999237060547,19.459999084472656,18.889999389648438,19.31999969482422,3299700,18.079391479492188,0.0,0.0
TECK,2021-03-31,19.510000228881836,19.639999389648438,18.84000015258789,19.18000030517578,4901900,17.948387145996094,0.0,0.0
TECK,2021-04-01,19.350000381469727,19.59000015258789,19.059999465942383,19.549999237060547,3439400,18.29462242126465,0.0,0.0
TECK,2021-04-05,19.959999084472656,20.40999984741211,19.8700008392334,20.200000762939453,5464100,18.90288543701172,0.0,0.0
TECK,2021-04-06,20.1299991607666,20.479999542236328,19.75,20.18000030517578,4983800,18.884170532226562,0.0,0.0
TECK,2021-04-07,20.229999542236328,20.31999969482422,19.90999984741211,20.1299991607666,2610200,18.837377548217773,0.0,0.0
TECK,2021-04-08,20.149999618530273,20.350000381469727,19.639999389648438,19.790000915527344,5171800,18.519216537475586,0.0,0.0
TECK,2021-04-09,19.799999237060547,19.950000762939453,19.68000030517578,19.81999969482422,1977100,18.547286987304688,0.0,0.0
TECK,2021-04-12,19.850000381469727,19.8700008392334,19.399999618530273,19.459999084472656,2418500,18.21040153503418,0.0,0.0
TECK,2021-04-13,19.59000015258789,19.920000076293945,19.530000686645508,19.790000915527344,2406200,18.519216537475586,0.0,0.0
TECK,2021-04-14,20.149999618530273,21.780000686645508,20.09000015258789,21.690000534057617,7798600,20.29720687866211,0.0,0.0
TECK,2021-04-15,21.950000762939453,22.34000015258789,21.65999984741211,22.299999237060547,5294500,20.86803436279297,0.0,0.0
TECK,2021-04-16,22.489999771118164,22.489999771118164,21.8799991607666,22.229999542236328,3439900,20.802532196044922,0.0,0.0
TECK,2021-04-19,22.350000381469727,22.81999969482422,22.06999969482422,22.450000762939453,3716900,21.008407592773438,0.0,0.0
TECK,2021-04-20,22.299999237060547,22.420000076293945,21.299999237060547,21.360000610351562,3335100,19.9883975982666,0.0,0.0
TECK,2021-04-21,21.149999618530273,21.81999969482422,20.979999542236328,21.75,2612000,20.353355407714844,0.0,0.0
TECK,2021-04-22,21.459999084472656,21.719999313354492,21.229999542236328,21.510000228881836,2439800,20.128765106201172,0.0,0.0
TECK,2021-04-23,21.899999618530273,22.06999969482422,21.68000030517578,21.90999984741211,2552700,20.503082275390625,0.0,0.0
TECK,2021-04-26,22.25,22.75,22.18000030517578,22.559999465942383,6198800,21.11134147644043,0.0,0.0
TECK,2021-04-27,22.43000030517578,22.780000686645508,22.219999313354492,22.420000076293945,5884100,20.980331420898438,0.0,0.0
TECK,2021-04-28,22.209999084472656,22.469999313354492,21.68000030517578,22.3700008392334,5186200,20.93354606628418,0.0,0.0
TECK,2021-04-29,22.65999984741211,22.790000915527344,21.520000457763672,21.93000030517578,4213400,20.52179718017578,0.0,0.0
TECK,2021-04-30,21.56999969482422,22.0,21.030000686645508,21.170000076293945,5868300,19.810598373413086,0.0,0.0
TECK,2021-05-03,21.530000686645508,21.579999923706055,21.0,21.489999771118164,3930300,20.11005210876465,0.0,0.0
TECK,2021-05-04,21.489999771118164,22.450000762939453,21.350000381469727,22.420000076293945,4330900,20.980331420898438,0.0,0.0
TECK,2021-05-05,22.65999984741211,24.190000534057617,22.479999542236328,24.079999923706055,13447600,22.533740997314453,0.0,0.0
TECK,2021-05-06,24.350000381469727,24.709999084472656,23.739999771118164,24.649999618530273,7651200,23.0671329498291,0.0,0.0
TECK,2021-05-07,24.799999237060547,25.649999618530273,24.68000030517578,25.649999618530273,8922300,24.002927780151367,0.0,0.0
TECK,2021-05-10,26.43000030517578,26.719999313354492,25.239999771118164,25.290000915527344,8866000,23.666038513183594,0.0,0.0
TECK,2021-05-11,24.760000228881836,25.59000015258789,24.389999389648438,25.56999969482422,5399700,23.92806053161621,0.0,0.0
TECK,2021-05-12,25.5,25.780000686645508,24.84000015258789,25.09000015258789,6294600,23.4788818359375,0.0,0.0
TECK,2021-05-13,24.75,25.639999389648438,24.030000686645508,24.489999771118164,6823600,22.917407989501953,0.0,0.0
TECK,2021-05-14,24.670000076293945,25.5,24.5,25.469999313354492,6507000,23.834482192993164,0.0,0.0
TECK,2021-05-17,25.549999237060547,26.520000457763672,25.350000381469727,26.25,10417400,24.564390182495117,0.0,0.0
TECK,2021-05-18,26.309999465942383,26.610000610351562,25.65999984741211,26.1299991607666,5287400,24.452098846435547,0.0,0.0
TECK,2021-05-19,25.170000076293945,25.170000076293945,23.25,23.479999542236328,12703200,21.972265243530273,0.0,0.0
TECK,2021-05-20,23.600000381469727,23.65999984741211,22.6200008392334,22.850000381469727,11060400,21.382720947265625,0.0,0.0
TECK,2021-05-21,23.0,23.299999237060547,22.540000915527344,23.09000015258789,9578200,21.607309341430664,0.0,0.0
TECK,2021-05-24,23.09000015258789,23.260000228881836,22.6299991607666,23.049999237060547,3628800,21.569881439208984,0.0,0.0
TECK,2021-05-25,22.969999313354492,23.100000381469727,22.209999084472656,22.299999237060547,7021700,20.86803436279297,0.0,0.0
TECK,2021-05-26,22.850000381469727,23.65999984741211,22.68000030517578,23.479999542236328,6426000,21.972265243530273,0.0,0.0
TECK,2021-05-27,24.0,24.8700008392334,23.770000457763672,24.68000030517578,6620400,23.0952091217041,0.0,0.0
TECK,2021-05-28,24.670000076293945,24.770000457763672,24.219999313354492,24.709999084472656,4342300,23.1232852935791,0.0,0.0
TECK,2021-06-01,25.030000686645508,25.790000915527344,24.8700008392334,25.399999618530273,4215800,23.76897621154785,0.0,0.0
TECK,2021-06-02,25.469999313354492,25.469999313354492,24.84000015258789,24.899999618530273,3099800,23.30108070373535,0.0,0.0
TECK,2021-06-03,24.450000762939453,24.450000762939453,23.760000228881836,23.8700008392334,5954100,22.337228775024414,0.0,0.0
TECK,2021-06-04,24.389999389648438,24.860000610351562,23.93000030517578,24.729999542236328,3688100,23.142000198364258,0.0,0.0
TECK,2021-06-07,24.479999542236328,24.6200008392334,23.829999923706055,23.899999618530273,3991200,22.365293502807617,0.0,0.0
TECK,2021-06-08,23.90999984741211,24.049999237060547,23.440000534057617,23.68000030517578,3929900,22.159421920776367,0.0,0.0
TECK,2021-06-09,23.6200008392334,23.81999969482422,23.350000381469727,23.360000610351562,2832000,21.859975814819336,0.0,0.0
TECK,2021-06-10,23.3799991607666,23.850000381469727,23.25,23.450000762939453,5212400,21.944190979003906,0.0,0.0
TECK,2021-06-11,23.950000762939453,24.190000534057617,23.559999465942383,23.65999984741211,3896000,22.140703201293945,0.0,0.0
TECK,2021-06-14,23.530000686645508,23.59000015258789,22.969999313354492,23.06999969482422,3461400,21.626068115234375,0.041,0.0
TECK,2021-06-15,22.559999465942383,22.670000076293945,21.799999237060547,21.950000762939453,7513300,20.576168060302734,0.0,0.0
TECK,2021-06-16,21.600000381469727,22.100000381469727,21.34000015258789,21.670000076293945,5609000,20.313692092895508,0.0,0.0
TECK,2021-06-17,21.229999542236328,21.43000030517578,20.270000457763672,20.649999618530273,9900500,19.357534408569336,0.0,0.0
TECK,2021-06-18,20.360000610351562,20.81999969482422,20.229999542236328,20.479999542236328,6093100,19.198177337646484,0.0,0.0
TECK,2021-06-21,20.90999984741211,21.350000381469727,20.719999313354492,21.260000228881836,5922300,19.929353713989258,0.0,0.0
TECK,2021-06-22,21.350000381469727,21.8700008392334,21.190000534057617,21.729999542236328,5770100,20.369935989379883,0.0,0.0
TECK,2021-06-23,22.049999237060547,23.010000228881836,21.989999771118164,22.43000030517578,6396200,21.026124954223633,0.0,0.0
TECK,2021-06-24,22.639999389648438,22.8700008392334,22.209999084472656,22.690000534057617,3910400,21.269853591918945,0.0,0.0
TECK,2021-06-25,22.920000076293945,23.149999618530273,22.81999969482422,23.010000228881836,3603400,21.56982421875,0.0,0.0
TECK,2021-06-28,23.049999237060547,23.079999923706055,22.31999969482422,22.579999923706055,3885600,21.166736602783203,0.0,0.0
TECK,2021-06-29,22.68000030517578,23.010000228881836,22.579999923706055,22.649999618530273,2952800,21.232357025146484,0.0,0.0
TECK,2021-06-30,22.649999618530273,23.209999084472656,22.6200008392334,23.040000915527344,3793700,21.597944259643555,0.0,0.0
TECK,2021-07-01,23.309999465942383,23.420000076293945,22.600000381469727,22.790000915527344,2222900,21.36359405517578,0.0,0.0
TECK,2021-07-02,23.06999969482422,23.229999542236328,22.600000381469727,23.18000030517578,2383700,21.729183197021484,0.0,0.0
TECK,2021-07-06,23.5,23.520000457763672,22.020000457763672,22.15999984741211,3444700,20.77302360534668,0.0,0.0
TECK,2021-07-07,22.43000030517578,23.059999465942383,22.299999237060547,22.600000381469727,3620800,21.185487747192383,0.0,0.0
TECK,2021-07-08,21.950000762939453,22.389999389648438,21.440000534057617,22.31999969482422,4014300,20.923009872436523,0.0,0.0
TECK,2021-07-09,22.84000015258789,23.549999237060547,22.799999237060547,23.530000686645508,4117600,22.057279586791992,0.0,0.0
TECK,2021-07-12,23.260000228881836,23.709999084472656,23.020000457763672,23.600000381469727,2407300,22.122896194458008,0.0,0.0
TECK,2021-07-13,23.43000030517578,23.540000915527344,22.81999969482422,22.950000762939453,3106000,21.513586044311523,0.0,0.0
TECK,2021-07-14,23.3700008392334,23.549999237060547,22.5,22.579999923706055,2587600,21.166736602783203,0.0,0.0
TECK,2021-07-15,22.450000762939453,22.90999984741211,22.25,22.420000076293945,3002900,21.016756057739258,0.0,0.0
TECK,2021-07-16,22.329999923706055,22.479999542236328,21.3700008392334,21.5,3874200,20.15433120727539,0.0,0.0
TECK,2021-07-19,20.309999465942383,20.399999618530273,19.770000457763672,20.020000457763672,8093500,18.7669677734375,0.0,0.0
TECK,2021-07-20,20.079999923706055,20.40999984741211,19.670000076293945,20.030000686645508,6449800,18.776342391967773,0.0,0.0
TECK,2021-07-21,20.489999771118164,21.360000610351562,20.43000030517578,21.18000030517578,5086700,19.8543643951416,0.0,0.0
TECK,2021-07-22,21.110000610351562,21.31999969482422,20.729999542236328,21.1200008392334,4148000,19.79811668395996,0.0,0.0
TECK,2021-07-23,21.459999084472656,21.540000915527344,20.860000610351562,20.989999771118164,3332900,19.676252365112305,0.0,0.0
TECK,2021-07-26,21.450000762939453,22.34000015258789,21.40999984741211,21.829999923706055,5587400,20.463680267333984,0.0,0.0
TECK,2021-07-27,21.25,21.790000915527344,20.729999542236328,21.670000076293945,5123600,20.313692092895508,0.0,0.0
TECK,2021-07-28,21.899999618530273,22.690000534057617,21.760000228881836,22.610000610351562,3569300,21.19485855102539,0.0,0.0
TECK,2021-07-29,23.170000076293945,23.510000228881836,22.899999618530273,23.229999542236328,4261200,21.776050567626953,0.0,0.0
TECK,2021-07-30,22.90999984741211,23.209999084472656,22.520000457763672,22.84000015258789,3496800,21.410465240478516,0.0,0.0
TECK,2021-08-02,23.059999465942383,23.270000457763672,22.309999465942383,22.360000610351562,2609000,20.960506439208984,0.0,0.0
TECK,2021-08-03,22.329999923706055,22.440000534057617,21.670000076293945,22.360000610351562,3075500,20.960506439208984,0.0,0.0
TECK,2021-08-04,22.149999618530273,22.329999923706055,21.760000228881836,21.780000686645508,3490500,20.41680908203125,0.0,0.0
TECK,2021-08-05,21.579999923706055,21.989999771118164,21.389999389648438,21.549999237060547,2597100,20.201202392578125,0.0,0.0
TECK,2021-08-06,21.959999084472656,22.1200008392334,21.709999084472656,21.93000030517578,3128100,20.557422637939453,0.0,0.0
TECK,2021-08-09,21.600000381469727,21.780000686645508,21.420000076293945,21.690000534057617,2187800,20.332441329956055,0.0,0.0
TECK,2021-08-10,21.709999084472656,22.93000030517578,21.649999618530273,22.860000610351562,4359500,21.429210662841797,0.0,0.0
TECK,2021-08-11,22.959999084472656,23.56999969482422,22.530000686645508,23.0,3283300,21.56045150756836,0.0,0.0
TECK,2021-08-12,22.739999771118164,22.8700008392334,22.3700008392334,22.809999465942383,2651700,21.382341384887695,0.0,0.0
TECK,2021-08-13,22.940000534057617,23.110000610351562,22.770000457763672,22.84000015258789,2050300,21.410465240478516,0.0,0.0
TECK,2021-08-16,22.399999618530273,22.420000076293945,21.809999465942383,22.280000686645508,3499200,20.885513305664062,0.0,0.0
TECK,2021-08-17,21.799999237060547,21.959999084472656,21.260000228881836,21.5,6973200,20.15433120727539,0.0,0.0
TECK,2021-08-18,21.200000762939453,21.8700008392334,21.09000015258789,21.709999084472656,6156100,20.3511905670166,0.0,0.0
TECK,2021-08-19,20.84000015258789,20.969999313354492,19.6200008392334,19.81999969482422,10419000,18.579483032226562,0.0,0.0
TECK,2021-08-20,19.649999618530273,20.0,19.31999969482422,19.690000534057617,5127200,18.457622528076172,0.0,0.0
TECK,2021-08-23,20.34000015258789,21.040000915527344,20.25,20.989999771118164,5383900,19.676252365112305,0.0,0.0
TECK,2021-08-24,21.399999618530273,21.65999984741211,21.15999984741211,21.18000030517578,3241500,19.8543643951416,0.0,0.0
TECK,2021-08-25,21.18000030517578,21.950000762939453,21.030000686645508,21.760000228881836,3638000,20.39806365966797,0.0,0.0
TECK,2021-08-26,21.760000228881836,22.18000030517578,21.56999969482422,21.760000228881836,3426400,20.39806365966797,0.0,0.0
TECK,2021-08-27,22.0,23.040000915527344,22.0,22.860000610351562,4007600,21.429210662841797,0.0,0.0
TECK,2021-08-30,23.059999465942383,23.100000381469727,22.56999969482422,22.639999389648438,2164300,21.222986221313477,0.0,0.0
TECK,2021-08-31,22.8799991607666,22.959999084472656,22.200000762939453,22.549999237060547,2556800,21.138614654541016,0.0,0.0
TECK,2021-09-01,22.270000457763672,22.989999771118164,22.1200008392334,22.8700008392334,3425300,21.438589096069336,0.0,0.0
TECK,2021-09-02,23.200000762939453,24.100000381469727,23.200000762939453,23.8799991607666,6217700,22.385372161865234,0.0,0.0
TECK,2021-09-03,23.950000762939453,24.75,23.940000534057617,24.6200008392334,4786500,23.079055786132812,0.0,0.0
TECK,2021-09-07,24.579999923706055,25.170000076293945,24.34000015258789,25.049999237060547,5251800,23.482139587402344,0.0,0.0
TECK,2021-09-08,25.049999237060547,25.049999237060547,23.709999084472656,23.809999465942383,6032500,22.319753646850586,0.0,0.0
TECK,2021-09-09,24.0,24.68000030517578,24.0,24.450000762939453,4227200,22.919696807861328,0.0,0.0
TECK,2021-09-10,25.149999618530273,25.68000030517578,24.950000762939453,25.260000228881836,7383700,23.679000854492188,0.0,0.0
TECK,2021-09-13,25.3799991607666,25.579999923706055,24.290000915527344,24.639999389648438,4462400,23.097803115844727,0.0,0.0
TECK,2021-09-14,24.549999237060547,26.6299991607666,23.90999984741211,25.84000015258789,14738000,24.262081146240234,0.04,0.0
TECK,2021-09-15,26.209999084472656,27.079999923706055,26.030000686645508,26.799999237060547,6704000,25.163461685180664,0.0,0.0
TECK,2021-09-16,25.969999313354492,26.110000610351562,25.309999465942383,25.81999969482422,4791100,24.24330711364746,0.0,0.0
TECK,2021-09-17,25.280000686645508,25.350000381469727,24.34000015258789,24.65999984741211,7721000,23.15414047241211,0.0,0.0
TECK,2021-09-20,23.229999542236328,23.989999771118164,22.75,23.969999313354492,8308800,22.50627899169922,0.0,0.0
TECK,2021-09-21,24.34000015258789,24.479999542236328,23.030000686645508,23.190000534057617,7430900,21.77390480041504,0.0,0.0
TECK,2021-09-22,24.59000015258789,25.56999969482422,24.299999237060547,24.68000030517578,7875700,23.17291831970215,0.0,0.0
TECK,2021-09-23,24.799999237060547,25.06999969482422,24.510000228881836,24.770000457763672,4571800,23.257423400878906,0.0,0.0
TECK,2021-09-24,24.329999923706055,24.809999465942383,23.8799991607666,24.780000686645508,5169200,23.266809463500977,0.0,0.0
TECK,2021-09-27,24.780000686645508,25.309999465942383,24.690000534057617,25.190000534057617,5531000,23.651775360107422,0.0,0.0
TECK,2021-09-28,25.219999313354492,25.309999465942383,24.510000228881836,24.860000610351562,4704900,23.341928482055664,0.0,0.0
TECK,2021-09-29,25.350000381469727,25.75,24.799999237060547,24.90999984741211,4375800,23.388872146606445,0.0,0.0
TECK,2021-09-30,24.920000076293945,25.15999984741211,24.530000686645508,24.90999984741211,3262900,23.388872146606445,0.0,0.0
TECK,2021-10-01,25.079999923706055,25.59000015258789,24.709999084472656,25.190000534057617,3501900,23.651775360107422,0.0,0.0
TECK,2021-10-04,25.360000610351562,26.1200008392334,25.360000610351562,25.81999969482422,4541900,24.24330711364746,0.0,0.0
TECK,2021-10-05,26.079999923706055,26.110000610351562,25.520000457763672,25.700000762939453,3614500,24.130630493164062,0.0,0.0
TECK,2021-10-06,25.100000381469727,25.329999923706055,24.110000610351562,24.549999237060547,5625500,23.050859451293945,0.0,0.0
TECK,2021-10-07,24.969999313354492,26.079999923706055,24.940000534057617,26.040000915527344,3812900,24.44986915588379,0.0,0.0
TECK,2021-10-08,26.360000610351562,26.90999984741211,26.270000457763672,26.700000762939453,2913700,25.069568634033203,0.0,0.0
TECK,2021-10-11,28.149999618530273,28.540000915527344,27.440000534057617,27.600000381469727,3895200,25.91460418701172,0.0,0.0
TECK,2021-10-12,27.399999618530273,28.100000381469727,27.18000030517578,28.059999465942383,3623500,26.346519470214844,0.0,0.0
TECK,2021-10-13,28.079999923706055,28.5,27.799999237060547,28.139999389648438,3662800,26.421634674072266,0.0,0.0
TECK,2021-10-14,28.850000381469727,29.0,28.329999923706055,28.3700008392334,3076000,26.637588500976562,0.0,0.0
TECK,2021-10-15,29.040000915527344,29.479999542236328,28.920000076293945,29.239999771118164,5819000,27.454463958740234,0.0,0.0
TECK,2021-10-18,29.049999237060547,29.920000076293945,28.860000610351562,29.8799991607666,5331100,28.055376052856445,0.0,0.0
TECK,2021-10-19,29.43000030517578,29.690000534057617,28.59000015258789,29.100000381469727,5554300,27.323013305664062,0.0,0.0
TECK,2021-10-20,29.010000228881836,29.010000228881836,28.139999389648438,28.6200008392334,5355400,26.872323989868164,0.0,0.0
TECK,2021-10-21,27.940000534057617,28.31999969482422,27.450000762939453,27.8700008392334,3722500,26.168128967285156,0.0,0.0
TECK,2021-10-22,28.0,28.239999771118164,27.31999969482422,27.829999923706055,3032000,26.13056182861328,0.0,0.0
TECK,2021-10-25,28.079999923706055,28.850000381469727,27.959999084472656,28.530000686645508,3667000,26.78782081604004,0.0,0.0
TECK,2021-10-26,28.469999313354492,28.579999923706055,27.989999771118164,28.200000762939453,3079800,26.47797393798828,0.0,0.0
TECK,2021-10-27,28.229999542236328,28.479999542236328,27.209999084472656,27.93000030517578,8043700,26.224456787109375,0.0,0.0
TECK,2021-10-28,28.1299991607666,28.950000762939453,27.670000076293945,28.850000381469727,5799500,27.088281631469727,0.0,0.0
TECK,2021-10-29,28.43000030517578,28.639999389648438,27.670000076293945,27.899999618530273,5887100,26.196290969848633,0.0,0.0
TECK,2021-11-01,28.100000381469727,28.799999237060547,27.75,28.709999084472656,3475000,26.956823348999023,0.0,0.0
TECK,2021-11-02,28.450000762939453,28.600000381469727,27.440000534057617,27.899999618530273,4922000,26.196290969848633,0.0,0.0
TECK,2021-11-03,27.690000534057617,27.690000534057617,27.09000015258789,27.510000228881836,3461900,25.830106735229492,0.0,0.0
TECK,2021-11-04,27.649999618530273,27.860000610351562,27.290000915527344,27.559999465942383,2740900,25.877052307128906,0.0,0.0
TECK,2021-11-05,27.75,27.860000610351562,27.040000915527344,27.09000015258789,2436300,25.435754776000977,0.0,0.0
TECK,2021-11-08,27.610000610351562,28.25,27.229999542236328,27.770000457763672,4230900,26.07422637939453,0.0,0.0
TECK,2021-11-09,27.6299991607666,27.719999313354492,26.84000015258789,27.270000457763672,3122900,25.604759216308594,0.0,0.0
TECK,2021-11-10,27.219999313354492,27.6299991607666,26.489999771118164,26.829999923706055,3713400,25.191627502441406,0.0,0.0
TECK,2021-11-11,27.399999618530273,29.190000534057617,27.329999923706055,28.559999465942383,10035800,26.81598663330078,0.0,0.0
TECK,2021-11-12,28.25,28.8700008392334,28.110000610351562,28.520000457763672,4985400,26.778432846069336,0.0,0.0
TECK,2021-11-15,28.0,28.110000610351562,26.829999923706055,27.450000762939453,8747300,25.773773193359375,0.0,0.0
TECK,2021-11-16,27.290000915527344,27.399999618530273,26.899999618530273,27.15999984741211,5732700,25.501480102539062,0.0,0.0
TECK,2021-11-17,27.149999618530273,27.579999923706055,27.040000915527344,27.079999923706055,6747700,25.42636489868164,0.0,0.0
TECK,2021-11-18,27.0,27.06999969482422,26.100000381469727,26.25,8330200,24.647045135498047,0.0,0.0
TECK,2021-11-19,26.0,26.489999771118164,25.780000686645508,26.100000381469727,4820800,24.506206512451172,0.0,0.0
TECK,2021-11-22,26.15999984741211,27.459999084472656,26.110000610351562,27.059999465942383,3806900,25.407583236694336,0.0,0.0
TECK,2021-11-23,27.149999618530273,27.3700008392334,26.739999771118164,27.309999465942383,3997000,25.642314910888672,0.0,0.0
TECK,2021-11-24,27.34000015258789,27.3700008392334,26.760000228881836,26.959999084472656,3635400,25.313692092895508,0.0,0.0
TECK,2021-11-26,25.420000076293945,26.100000381469727,25.079999923706055,26.030000686645508,4261000,24.44048500061035,0.0,0.0
TECK,2021-11-29,27.059999465942383,27.079999923706055,26.139999389648438,26.549999237060547,3590500,24.928726196289062,0.0,0.0
TECK,2021-11-30,26.520000457763672,26.989999771118164,26.030000686645508,26.489999771118164,4162900,24.872392654418945,0.0,0.0
TECK,2021-12-01,26.81999969482422,27.530000686645508,26.0,26.030000686645508,4206700,24.44048500061035,0.0,0.0
TECK,2021-12-02,26.280000686645508,26.700000762939453,25.700000762939453,26.549999237060547,3535800,24.928726196289062,0.0,0.0
TECK,2021-12-03,26.5,26.799999237060547,25.549999237060547,25.760000228881836,4625700,24.186965942382812,0.0,0.0
TECK,2021-12-06,26.049999237060547,26.780000686645508,25.239999771118164,26.530000686645508,4945100,24.909950256347656,0.0,0.0
TECK,2021-12-07,27.5,28.290000915527344,27.309999465942383,27.729999542236328,5054300,26.036672592163086,0.0,0.0
TECK,2021-12-08,27.75,28.270000457763672,27.579999923706055,27.81999969482422,2518200,26.121171951293945,0.0,0.0
TECK,2021-12-09,27.40999984741211,27.780000686645508,27.209999084472656,27.65999984741211,2352900,25.970945358276367,0.0,0.0
TECK,2021-12-10,27.93000030517578,28.06999969482422,27.09000015258789,27.219999313354492,2096800,25.557815551757812,0.0,0.0
TECK,2021-12-13,27.239999771118164,27.450000762939453,26.579999923706055,26.959999084472656,2459900,25.313692092895508,0.0,0.0
TECK,2021-12-14,26.829999923706055,27.549999237060547,26.829999923706055,26.899999618530273,2932300,25.2939453125,0.039,0.0
TECK,2021-12-15,26.489999771118164,26.850000381469727,25.850000381469727,26.81999969482422,3384700,25.218721389770508,0.0,0.0
TECK,2021-12-16,27.479999542236328,27.8799991607666,27.040000915527344,27.1200008392334,4297600,25.500812530517578,0.0,0.0
TECK,2021-12-17,27.010000228881836,27.43000030517578,26.68000030517578,26.950000762939453,2421800,25.340961456298828,0.0,0.0
TECK,2021-12-20,26.270000457763672,26.489999771118164,25.8700008392334,26.450000762939453,3937100,24.870811462402344,0.0,0.0
TECK,2021-12-21,26.739999771118164,27.399999618530273,26.700000762939453,27.3799991607666,3268600,25.745285034179688,0.0,0.0
TECK,2021-12-22,27.360000610351562,28.100000381469727,27.34000015258789,28.049999237060547,2434200,26.37528419494629,0.0,0.0
TECK,2021-12-23,28.1200008392334,28.469999313354492,28.049999237060547,28.290000915527344,1897200,26.600955963134766,0.0,0.0
TECK,2021-12-27,28.299999237060547,28.770000457763672,28.100000381469727,28.770000457763672,1317800,27.052295684814453,0.0,0.0
TECK,2021-12-28,28.670000076293945,28.950000762939453,28.59000015258789,28.729999542236328,1330300,27.01468276977539,0.0,0.0
TECK,2021-12-29,28.5,28.860000610351562,28.190000534057617,28.600000381469727,1637900,26.892446517944336,0.0,0.0
TECK,2021-12-30,28.739999771118164,29.049999237060547,28.399999618530273,28.43000030517578,2606400,26.732601165771484,0.0,0.0
TECK,2021-12-31,28.399999618530273,28.950000762939453,28.25,28.81999969482422,2105200,27.09931182861328,0.0,0.0
TECK,2022-01-03,28.81999969482422,29.3799991607666,28.65999984741211,29.110000610351562,2110800,27.371999740600586,0.0,0.0
TECK,2022-01-04,29.270000457763672,29.610000610351562,28.989999771118164,29.200000762939453,2526900,27.456623077392578,0.0,0.0
TECK,2022-01-05,29.260000228881836,30.450000762939453,29.260000228881836,29.420000076293945,4573400,27.663488388061523,0.0,0.0
TECK,2022-01-06,29.75,29.989999771118164,28.81999969482422,29.100000381469727,2674800,27.36259651184082,0.0,0.0
TECK,2022-01-07,29.709999084472656,30.440000534057617,29.3700008392334,30.40999984741211,3150200,28.59438133239746,0.0,0.0
TECK,2022-01-10,30.309999465942383,31.219999313354492,30.309999465942383,31.200000762939453,4870400,29.337215423583984,0.0,0.0
TECK,2022-01-11,31.420000076293945,32.459999084472656,31.149999618530273,32.439998626708984,4028600,30.503183364868164,0.0,0.0
TECK,2022-01-12,33.06999969482422,34.25,32.959999084472656,34.18000030517578,10165300,32.1392936706543,0.0,0.0
TECK,2022-01-13,34.20000076293945,34.779998779296875,33.459999084472656,33.63999938964844,6770600,31.63153648376465,0.0,0.0
TECK,2022-01-14,33.2400016784668,34.34000015258789,32.81999969482422,33.97999954223633,4241400,31.95124053955078,0.0,0.0
TECK,2022-01-18,33.900001525878906,34.630001068115234,33.779998779296875,34.15999984741211,5005700,32.12049865722656,0.0,0.0
TECK,2022-01-19,34.689998626708984,35.369998931884766,34.5099983215332,34.560001373291016,4542600,32.496612548828125,0.0,0.0
TECK,2022-01-20,34.849998474121094,35.0,33.22999954223633,33.31999969482422,6236800,31.330642700195312,0.0,0.0
TECK,2022-01-21,33.04999923706055,33.400001525878906,32.2400016784668,32.54999923706055,4625100,30.606613159179688,0.0,0.0
TECK,2022-01-24,31.1299991607666,32.18000030517578,30.540000915527344,32.06999969482422,4729500,30.1552734375,0.0,0.0
TECK,2022-01-25,31.90999984741211,32.59000015258789,31.5,32.349998474121094,4507300,30.418554306030273,0.0,0.0
TECK,2022-01-26,33.220001220703125,33.619998931884766,32.06999969482422,32.63999938964844,6817000,30.691242218017578,0.0,0.0
TECK,2022-01-27,32.81999969482422,33.310001373291016,31.739999771118164,31.889999389648438,4290000,29.986019134521484,0.0,0.0
TECK,2022-01-28,30.979999542236328,31.079999923706055,29.6299991607666,30.709999084472656,9001600,28.8764705657959,0.0,0.0
TECK,2022-01-31,30.56999969482422,30.8799991607666,30.09000015258789,30.8700008392334,3646300,29.026920318603516,0.0,0.0
TECK,2022-02-01,31.510000228881836,32.5099983215332,31.450000762939453,32.4900016784668,5197200,30.550195693969727,0.0,0.0
TECK,2022-02-02,32.5,32.84000015258789,31.950000762939453,32.380001068115234,3425200,30.44676399230957,0.0,0.0
TECK,2022-02-03,32.31999969482422,33.04999923706055,32.0,32.65999984741211,3591500,30.710046768188477,0.0,0.0
TECK,2022-02-04,32.66999816894531,33.400001525878906,32.5,33.22999954223633,3596700,31.24601173400879,0.0,0.0
TECK,2022-02-07,33.5,34.4900016784668,33.060001373291016,34.15999984741211,5090800,32.12049865722656,0.0,0.0
TECK,2022-02-08,34.4900016784668,34.959999084472656,33.95000076293945,34.939998626708984,3969500,32.853912353515625,0.0,0.0
TECK,2022-02-09,35.0,35.9900016784668,34.810001373291016,35.95000076293945,5178800,33.80361557006836,0.0,0.0
TECK,2022-02-10,36.060001373291016,37.22999954223633,35.84000015258789,36.099998474121094,6625200,33.944664001464844,0.0,0.0
TECK,2022-02-11,35.5,36.88999938964844,35.25,36.43000030517578,4217500,34.25496292114258,0.0,0.0
TECK,2022-02-14,36.5,36.70000076293945,35.5099983215332,35.79999923706055,5910600,33.66257095336914,0.0,0.0
TECK,2022-02-15,35.349998474121094,36.099998474121094,34.88999938964844,36.0,3716700,33.85063171386719,0.0,0.0
TECK,2022-02-16,36.27000045776367,37.09000015258789,36.06999969482422,36.220001220703125,3659800,34.0574951171875,0.0,0.0
TECK,2022-02-17,36.04999923706055,36.619998931884766,35.90999984741211,35.97999954223633,2934800,33.831825256347656,0.0,0.0
TECK,2022-02-18,36.15999984741211,36.189998626708984,35.29999923706055,35.4900016784668,3970300,33.3710823059082,0.0,0.0
TECK,2022-02-22,35.91999816894531,36.52000045776367,35.040000915527344,35.529998779296875,5884500,33.40869140625,0.0,0.0
TECK,2022-02-23,35.65999984741211,36.04999923706055,35.279998779296875,35.45000076293945,4383300,33.333473205566406,0.0,0.0
TECK,2022-02-24,34.08000183105469,35.619998931884766,33.54999923706055,34.84000015258789,8902000,32.7598876953125,0.0,0.0
TECK,2022-02-25,35.22999954223633,36.86000061035156,35.099998474121094,36.84000015258789,7730400,34.64048385620117,0.0,0.0
TECK,2022-02-28,36.099998474121094,36.13999938964844,34.97999954223633,35.95000076293945,14832200,33.80361557006836,0.0,0.0
TECK,2022-03-01,36.31999969482422,37.959999084472656,36.02000045776367,36.900001525878906,8001100,34.696895599365234,0.0,0.0
TECK,2022-03-02,37.43000030517578,38.970001220703125,37.15999984741211,38.709999084472656,11199800,36.398826599121094,0.0,0.0
TECK,2022-03-03,38.970001220703125,40.15999984741211,38.459999084472656,40.13999938964844,9336000,37.74345016479492,0.0,0.0
TECK,2022-03-04,39.9900016784668,41.5099983215332,39.54999923706055,41.4900016784668,7135600,39.012855529785156,0.0,0.0
TECK,2022-03-07,41.099998474121094,41.93000030517578,38.79999923706055,39.20000076293945,10479000,36.859580993652344,0.0,0.0
TECK,2022-03-08,38.70000076293945,39.68000030517578,37.81999969482422,38.779998779296875,6670900,36.46465301513672,0.0,0.0
TECK,2022-03-09,38.869998931884766,40.27000045776367,38.209999084472656,40.09000015258789,7231000,37.69644546508789,0.0,0.0
TECK,2022-03-10,40.61000061035156,42.31999969482422,40.43000030517578,42.279998779296875,6698900,39.75568389892578,0.0,0.0
TECK,2022-03-11,41.790000915527344,42.380001068115234,41.470001220703125,41.86000061035156,7465600,39.36075973510742,0.0,0.0
TECK,2022-03-14,40.529998779296875,40.900001525878906,38.029998779296875,38.349998474121094,7555800,36.48743438720703,0.49,0.0
TECK,2022-03-15,37.349998474121094,37.84000015258789,36.59000015258789,37.709999084472656,6919500,35.87852096557617,0.0,0.0
TECK,2022-03-16,38.31999969482422,38.52000045776367,36.720001220703125,37.529998779296875,7980200,35.70726013183594,0.0,0.0
TECK,2022-03-17,37.959999084472656,39.790000915527344,37.86000061035156,39.06999969482422,5157700,37.17247009277344,0.0,0.0
TECK,2022-03-18,38.91999816894531,39.41999816894531,38.79999923706055,38.9900016784668,3441200,37.09635925292969,0.0,0.0
TECK,2022-03-21,39.279998779296875,40.68000030517578,39.189998626708984,40.459999084472656,4421400,38.494956970214844,0.0,0.0
TECK,2022-03-22,40.63999938964844,40.75,38.91999816894531,39.060001373291016,4423100,37.1629524230957,0.0,0.0
TECK,2022-03-23,39.84000015258789,40.400001525878906,39.43000030517578,40.130001068115234,4039400,38.18098449707031,0.0,0.0
TECK,2022-03-24,40.41999816894531,41.5099983215332,40.290000915527344,40.63999938964844,4684700,38.66621398925781,0.0,0.0
TECK,2022-03-25,40.459999084472656,40.630001068115234,39.83000183105469,40.380001068115234,3191000,38.41884231567383,0.0,0.0
TECK,2022-03-28,39.70000076293945,39.9900016784668,38.790000915527344,39.900001525878906,3319600,37.962154388427734,0.0,0.0
TECK,2022-03-29,38.650001525878906,39.369998931884766,37.689998626708984,39.27000045776367,4795400,37.362762451171875,0.0,0.0
TECK,2022-03-30,40.0,41.2599983215332,39.880001068115234,40.880001068115234,5899300,38.89456558227539,0.0,0.0
TECK,2022-03-31,40.7599983215332,41.27000045776367,40.220001220703125,40.38999938964844,5096700,38.42835998535156,0.0,0.0
TECK,2022-04-01,40.779998779296875,43.18000030517578,40.56999969482422,42.189998626708984,7412200,40.14093780517578,0.0,0.0
TECK,2022-04-04,42.630001068115234,42.779998779296875,40.060001373291016,40.939998626708984,5466600,38.9516487121582,0.0,0.0
TECK,2022-04-05,41.189998626708984,41.400001525878906,38.61000061035156,38.619998931884766,6390800,36.74431610107422,0.0,0.0
TECK,2022-04-06,38.75,39.20000076293945,38.11000061035156,38.470001220703125,4931000,36.60160446166992,0.0,0.0
TECK,2022-04-07,38.810001373291016,39.68000030517578,38.31999969482422,39.529998779296875,4210000,37.61012649536133,0.0,0.0
TECK,2022-04-08,39.900001525878906,41.15999984741211,39.779998779296875,41.0,4744700,39.00873565673828,0.0,0.0
TECK,2022-04-11,40.459999084472656,40.59000015258789,38.88999938964844,39.619998931884766,5075500,37.69575881958008,0.0,0.0
TECK,2022-04-12,40.36000061035156,40.97999954223633,39.91999816894531,40.13999938964844,3170400,38.19050216674805,0.0,0.0
TECK,2022-04-13,41.0,43.439998626708984,40.72999954223633,43.27000045776367,7279200,41.168479919433594,0.0,0.0
TECK,2022-04-14,43.0,44.0099983215332,43.0,43.15999984741211,5108900,41.063819885253906,0.0,0.0
TECK,2022-04-18,43.47999954223633,44.93000030517578,43.400001525878906,44.38999938964844,4540500,42.23408508300781,0.0,0.0
TECK,2022-04-19,43.5,44.09000015258789,42.630001068115234,43.18000030517578,4211600,41.08286666870117,0.0,0.0
TECK,2022-04-20,43.0,43.709999084472656,41.869998931884766,43.47999954223633,5075700,41.368282318115234,0.0,0.0
TECK,2022-04-21,43.06999969482422,43.439998626708984,39.5099983215332,40.04999923706055,8041200,38.1048698425293,0.0,0.0
TECK,2022-04-22,39.38999938964844,39.70000076293945,37.029998779296875,37.2400016784668,8212100,35.43134307861328,0.0,0.0
TECK,2022-04-25,36.0,36.099998474121094,34.13999938964844,35.880001068115234,9888800,34.13740539550781,0.0,0.0
TECK,2022-04-26,35.88999938964844,36.27000045776367,34.90999984741211,35.15999984741211,7683100,33.452369689941406,0.0,0.0
TECK,2022-04-27,36.959999084472656,40.02000045776367,36.86000061035156,39.290000915527344,10466800,37.38178634643555,0.0,0.0
TECK,2022-04-28,39.369998931884766,39.47999954223633,38.15999984741211,38.88999938964844,5360100,37.00120544433594,0.0,0.0
TECK,2022-04-29,39.470001220703125,40.65999984741211,39.08000183105469,39.459999084472656,7246200,37.54352569580078,0.0,0.0
TECK,2022-05-02,38.599998474121094,39.4900016784668,38.189998626708984,39.459999084472656,6531400,37.54352569580078,0.0,0.0
TECK,2022-05-03,39.439998626708984,41.189998626708984,39.439998626708984,40.529998779296875,5355300,38.56155014038086,0.0,0.0
TECK,2022-05-04,40.7400016784668,42.75,40.34000015258789,42.72999954223633,6230200,40.65471649169922,0.0,0.0
TECK,2022-05-05,42.33000183105469,42.790000915527344,39.7599983215332,40.810001373291016,7519200,38.827964782714844,0.0,0.0
TECK,2022-05-06,40.5,40.619998931884766,39.08000183105469,39.939998626708984,5359700,38.000221252441406,0.0,0.0
TECK,2022-05-09,38.36000061035156,38.630001068115234,36.31999969482422,36.619998931884766,8470500,34.84145736694336,0.0,0.0
TECK,2022-05-10,37.04999923706055,37.7599983215332,35.63999938964844,36.369998931884766,8141700,34.603599548339844,0.0,0.0
TECK,2022-05-11,37.33000183105469,38.59000015258789,36.880001068115234,37.04999923706055,4012300,35.250579833984375,0.0,0.0
TECK,2022-05-12,35.869998931884766,36.16999816894531,34.88999938964844,35.63999938964844,7205300,33.909053802490234,0.0,0.0
TECK,2022-05-13,36.630001068115234,37.81999969482422,36.20000076293945,37.15999984741211,3936200,35.3552360534668,0.0,0.0
TECK,2022-05-16,37.63999938964844,38.529998779296875,37.61000061035156,38.130001068115234,3619800,36.27812194824219,0.0,0.0
TECK,2022-05-17,39.709999084472656,40.279998779296875,39.47999954223633,40.15999984741211,4195100,38.209537506103516,0.0,0.0
TECK,2022-05-18,40.04999923706055,40.2400016784668,38.88999938964844,39.15999984741211,3974000,37.25809860229492,0.0,0.0
TECK,2022-05-19,39.369998931884766,41.220001220703125,39.09000015258789,40.15999984741211,5391900,38.209537506103516,0.0,0.0
TECK,2022-05-20,40.630001068115234,40.93000030517578,39.40999984741211,40.290000915527344,5567300,38.33321762084961,0.0,0.0
TECK,2022-05-23,41.439998626708984,42.18000030517578,40.68000030517578,41.709999084472656,3882800,39.68425369262695,0.0,0.0
TECK,2022-05-24,41.13999938964844,41.41999816894531,40.439998626708984,41.04999923706055,4162800,39.05630874633789,0.0,0.0
TECK,2022-05-25,40.540000915527344,41.290000915527344,40.22999954223633,40.83000183105469,4334200,38.84699630737305,0.0,0.0
TECK,2022-05-26,40.7599983215332,42.279998779296875,40.7599983215332,42.189998626708984,3630200,40.14093780517578,0.0,0.0
TECK,2022-05-27,42.54999923706055,43.400001525878906,42.369998931884766,43.209999084472656,3723200,41.11140060424805,0.0,0.0
TECK,2022-05-31,43.68000030517578,43.970001220703125,41.400001525878906,41.540000915527344,5899100,39.52251052856445,0.0,0.0
TECK,2022-06-01,42.18000030517578,43.34000015258789,41.68000030517578,42.36000061035156,3540400,40.30268096923828,0.0,0.0
TECK,2022-06-02,42.869998931884766,45.470001220703125,42.869998931884766,44.380001068115234,5065200,42.224578857421875,0.0,0.0
TECK,2022-06-03,43.849998474121094,44.310001373291016,43.310001373291016,43.88999938964844,3055600,41.758365631103516,0.0,0.0
TECK,2022-06-06,44.529998779296875,44.91999816894531,43.40999984741211,44.349998474121094,3644200,42.19603729248047,0.0,0.0
TECK,2022-06-07,44.09000015258789,45.900001525878906,43.599998474121094,45.7400016784668,4904600,43.51852798461914,0.0,0.0
TECK,2022-06-08,45.16999816894531,45.619998931884766,44.290000915527344,44.83000183105469,3787200,42.6527214050293,0.0,0.0
TECK,2022-06-09,44.689998626708984,44.709999084472656,43.65999984741211,43.7599983215332,3148900,41.63469314575195,0.0,0.0
TECK,2022-06-10,42.81999969482422,43.25,41.63999938964844,42.279998779296875,5019600,40.226566314697266,0.0,0.0
TECK,2022-06-13,40.59000015258789,40.84000015258789,38.61000061035156,39.33000183105469,5301400,37.41983413696289,0.0,0.0
TECK,2022-06-14,39.599998474121094,40.54999923706055,39.08000183105469,39.5,4377100,37.674503326416016,0.097,0.0
TECK,2022-06-15,40.380001068115234,40.7400016784668,39.099998474121094,40.2400016784668,3338600,38.38029861450195,0.0,0.0
TECK,2022-06-16,38.88999938964844,39.189998626708984,37.15999984741211,37.65999984741211,6331400,35.91954040527344,0.0,0.0
TECK,2022-06-17,37.209999084472656,37.63999938964844,35.5,36.459999084472656,6509400,34.77499771118164,0.0,0.0
TECK,2022-06-21,38.220001220703125,39.130001068115234,37.7400016784668,37.91999816894531,4193000,36.167518615722656,0.0,0.0
TECK,2022-06-22,35.79999923706055,35.900001525878906,34.220001220703125,34.2400016784668,8043300,32.6575927734375,0.0,0.0
TECK,2022-06-23,32.459999084472656,33.349998474121094,30.700000762939453,31.010000228881836,12204000,29.57686996459961,0.0,0.0
TECK,2022-06-24,31.100000381469727,32.20000076293945,30.559999465942383,31.690000534057617,6671100,30.22544288635254,0.0,0.0
TECK,2022-06-27,32.150001525878906,33.06999969482422,31.760000228881836,32.7400016784668,6568500,31.226919174194336,0.0,0.0
TECK,2022-06-28,33.529998779296875,33.869998931884766,32.59000015258789,33.220001220703125,5927700,31.684736251831055,0.0,0.0
TECK,2022-06-29,33.75,33.849998474121094,31.399999618530273,31.649999618530273,5850200,30.187292098999023,0.0,0.0
TECK,2022-06-30,30.770000457763672,30.780000686645508,29.389999389648438,30.56999969482422,10768300,29.15720558166504,0.0,0.0
TECK,2022-07-01,29.790000915527344,30.030000686645508,27.950000762939453,29.780000686645508,8450400,28.403715133666992,0.0,0.0
TECK,2022-07-05,28.40999984741211,28.56999969482422,27.729999542236328,28.31999969482422,10426600,27.011184692382812,0.0,0.0
TECK,2022-07-06,28.030000686645508,28.34000015258789,26.299999237060547,27.520000457763672,9874000,26.24816131591797,0.0,0.0
TECK,2022-07-07,29.719999313354492,30.709999084472656,28.549999237060547,28.780000686645508,8555700,27.44993019104004,0.0,0.0
TECK,2022-07-08,28.700000762939453,28.93000030517578,27.270000457763672,27.59000015258789,5463800,26.314924240112305,0.0,0.0
TECK,2022-07-11,26.670000076293945,27.06999969482422,26.219999313354492,26.31999969482422,5104700,25.103618621826172,0.0,0.0
TECK,2022-07-12,25.540000915527344,26.799999237060547,25.34000015258789,26.209999084472656,7809000,24.998701095581055,0.0,0.0
TECK,2022-07-13,26.510000228881836,27.079999923706055,25.979999542236328,26.579999923706055,5217100,25.35160255432129,0.0,0.0
TECK,2022-07-14,25.399999618530273,25.760000228881836,24.719999313354492,25.729999542236328,6488900,24.540882110595703,0.0,0.0
TECK,2022-07-15,26.049999237060547,26.93000030517578,25.56999969482422,26.90999984741211,6176900,25.66634750366211,0.0,0.0
TECK,2022-07-18,27.889999389648438,28.15999984741211,26.950000762939453,27.270000457763672,8875300,26.009714126586914,0.0,0.0
TECK,2022-07-19,27.18000030517578,27.8799991607666,26.940000534057617,27.760000228881836,6534500,26.477067947387695,0.0,0.0
TECK,2022-07-20,27.579999923706055,27.65999984741211,26.6200008392334,27.149999618530273,5738100,25.895259857177734,0.0,0.0
TECK,2022-07-21,26.860000610351562,27.15999984741211,25.780000686645508,26.610000610351562,5368900,25.380216598510742,0.0,0.0
TECK,2022-07-22,26.969999313354492,27.389999389648438,25.940000534057617,26.030000686645508,5403400,24.8270206451416,0.0,0.0
TECK,2022-07-25,26.68000030517578,27.139999389648438,26.549999237060547,26.850000381469727,3586800,25.60912322998047,0.0,0.0
TECK,2022-07-26,27.100000381469727,27.3700008392334,26.329999923706055,26.479999542236328,4368600,25.256221771240234,0.0,0.0
TECK,2022-07-27,26.899999618530273,27.229999542236328,25.969999313354492,27.209999084472656,7373600,25.952489852905273,0.0,0.0
TECK,2022-07-28,28.06999969482422,28.559999465942383,26.770000457763672,27.389999389648438,4843300,26.124170303344727,0.0,0.0
TECK,2022-07-29,27.700000762939453,29.459999084472656,27.520000457763672,29.389999389648438,7411100,28.031734466552734,0.0,0.0
TECK,2022-08-01,28.809999465942383,29.1299991607666,28.010000228881836,28.3799991607666,4755400,27.068416595458984,0.0,0.0
TECK,2022-08-02,28.200000762939453,28.959999084472656,27.5,28.06999969482422,5484600,26.772741317749023,0.0,0.0
TECK,2022-08-03,28.270000457763672,28.649999618530273,27.579999923706055,28.040000915527344,4196100,26.74413299560547,0.0,0.0
TECK,2022-08-04,28.170000076293945,29.18000030517578,28.170000076293945,28.75,5761500,27.421316146850586,0.0,0.0
TECK,2022-08-05,28.5,30.18000030517578,28.5,30.1200008392334,6032700,28.727998733520508,0.0,0.0
TECK,2022-08-08,30.690000534057617,31.420000076293945,30.6200008392334,30.920000076293945,6111200,29.491029739379883,0.0,0.0
TECK,2022-08-09,31.260000228881836,31.399999618530273,30.68000030517578,31.110000610351562,4272400,29.6722469329834,0.0,0.0
TECK,2022-08-10,31.709999084472656,32.849998474121094,31.709999084472656,32.369998931884766,5043000,30.874013900756836,0.0,0.0
TECK,2022-08-11,33.029998779296875,34.06999969482422,32.88999938964844,33.15999984741211,4695700,31.627504348754883,0.0,0.0
TECK,2022-08-12,32.900001525878906,34.56999969482422,32.900001525878906,34.349998474121094,5047200,32.76251220703125,0.0,0.0
TECK,2022-08-15,32.939998626708984,33.869998931884766,32.099998474121094,33.709999084472656,4828100,32.15208435058594,0.0,0.0
TECK,2022-08-16,34.40999984741211,35.06999969482422,34.150001525878906,34.59000015258789,3915400,32.99142074584961,0.0,0.0
TECK,2022-08-17,33.88999938964844,34.720001220703125,33.54999923706055,34.189998626708984,4648800,32.60990524291992,0.0,0.0
TECK,2022-08-18,34.65999984741211,34.970001220703125,34.380001068115234,34.61000061035156,4609800,33.010494232177734,0.0,0.0
TECK,2022-08-19,34.04999923706055,34.41999816894531,33.7400016784668,34.02000045776367,2807000,32.4477653503418,0.0,0.0
TECK,2022-08-22,33.59000015258789,34.43000030517578,33.27000045776367,34.099998474121094,4247000,32.52406311035156,0.0,0.0
TECK,2022-08-23,34.61000061035156,36.13999938964844,34.54999923706055,36.06999969482422,3951300,34.40302276611328,0.0,0.0
TECK,2022-08-24,35.47999954223633,35.900001525878906,34.9900016784668,35.59000015258789,4415500,33.9452018737793,0.0,0.0
TECK,2022-08-25,35.9900016784668,36.88999938964844,35.970001220703125,36.75,3349200,35.05159378051758,0.0,0.0
TECK,2022-08-26,37.02000045776367,37.630001068115234,36.20000076293945,36.380001068115234,5730200,34.698692321777344,0.0,0.0
TECK,2022-08-29,35.970001220703125,36.0,35.09000015258789,35.540000915527344,3938300,33.89751434326172,0.0,0.0
TECK,2022-08-30,35.040000915527344,35.099998474121094,33.41999816894531,33.63999938964844,4496600,32.085323333740234,0.0,0.0
TECK,2022-08-31,33.25,34.31999969482422,32.83000183105469,33.849998474121094,2960300,32.285606384277344,0.0,0.0
TECK,2022-09-01,32.959999084472656,33.11000061035156,31.81999969482422,32.16999816894531,4378800,30.683250427246094,0.0,0.0
TECK,2022-09-02,33.16999816894531,33.41999816894531,32.650001525878906,32.75,3424100,31.2364559173584,0.0,0.0
TECK,2022-09-06,33.09000015258789,34.09000015258789,32.97999954223633,33.099998474121094,3287900,31.57027816772461,0.0,0.0
TECK,2022-09-07,32.2599983215332,32.9900016784668,32.13999938964844,32.86000061035156,2815500,31.34137535095215,0.0,0.0
TECK,2022-09-08,33.0,33.369998931884766,32.849998474121094,33.25,3144600,31.71334457397461,0.0,0.0
TECK,2022-09-09,34.2400016784668,34.56999969482422,34.0099983215332,34.5099983215332,3812700,32.91511154174805,0.0,0.0
TECK,2022-09-12,35.2400016784668,35.5099983215332,34.5099983215332,34.810001373291016,3318000,33.20125961303711,0.0,0.0
TECK,2022-09-13,33.630001068115234,34.720001220703125,33.40999984741211,33.77000045776367,3197900,32.209320068359375,0.0,0.0
TECK,2022-09-14,33.47999954223633,33.790000915527344,32.599998474121094,33.650001525878906,4115200,32.1854133605957,0.095,0.0
TECK,2022-09-15,33.16999816894531,33.54999923706055,32.27000045776367,32.349998474121094,4204000,30.941986083984375,0.0,0.0
TECK,2022-09-16,32.0,32.310001373291016,31.399999618530273,32.08000183105469,6050500,30.683740615844727,0.0,0.0
TECK,2022-09-19,31.170000076293945,33.33000183105469,31.030000686645508,33.31999969482422,3538000,31.869768142700195,0.0,0.0
TECK,2022-09-20,32.7599983215332,32.790000915527344,31.84000015258789,32.29999923706055,3686400,30.8941593170166,0.0,0.0
TECK,2022-09-21,32.20000076293945,32.2599983215332,30.420000076293945,30.719999313354492,6538600,29.382930755615234,0.0,0.0
TECK,2022-09-22,31.3700008392334,31.889999389648438,31.030000686645508,31.40999984741211,4448100,30.042898178100586,0.0,0.0
TECK,2022-09-23,29.799999237060547,29.850000381469727,28.829999923706055,29.149999618530273,4596200,27.881263732910156,0.0,0.0
TECK,2022-09-26,28.579999923706055,29.969999313354492,28.40999984741211,28.579999923706055,4481400,27.336069107055664,0.0,0.0
TECK,2022-09-27,29.329999923706055,29.850000381469727,28.899999618530273,29.200000762939453,3722400,27.929092407226562,0.0,0.0
TECK,2022-09-28,29.389999389648438,30.700000762939453,29.079999923706055,30.56999969482422,3867000,29.239459991455078,0.0,0.0
TECK,2022-09-29,30.729999542236328,30.850000381469727,29.75,30.639999389648438,4015300,29.306415557861328,0.0,0.0
TECK,2022-09-30,30.200000762939453,31.290000915527344,29.549999237060547,30.40999984741211,3323700,29.086421966552734,0.0,0.0
TECK,2022-10-03,31.139999389648438,31.940000534057617,31.139999389648438,31.690000534057617,3683500,30.310710906982422,0.0,0.0
TECK,2022-10-04,32.59000015258789,33.52000045776367,32.59000015258789,32.959999084472656,4571300,31.525436401367188,0.0,0.0
TECK,2022-10-05,32.09000015258789,32.900001525878906,31.520000457763672,32.83000183105469,5594700,31.401094436645508,0.0,0.0
TECK,2022-10-06,32.16999816894531,32.77000045776367,31.989999771118164,32.279998779296875,4016700,30.87503433227539,0.0,0.0
TECK,2022-10-07,32.04999923706055,32.849998474121094,31.75,31.959999084472656,4316600,30.568958282470703,0.0,0.0
TECK,2022-10-10,32.27000045776367,33.5,32.099998474121094,32.369998931884766,3664600,30.96111297607422,0.0,0.0
TECK,2022-10-11,31.809999465942383,32.84000015258789,31.6299991607666,31.8700008392334,3031500,30.482881546020508,0.0,0.0
TECK,2022-10-12,31.56999969482422,32.63999938964844,31.360000610351562,32.36000061035156,3614200,30.951553344726562,0.0,0.0
TECK,2022-10-13,31.610000610351562,33.880001068115234,31.280000686645508,33.41999816894531,3678000,31.96541404724121,0.0,0.0
TECK,2022-10-14,33.31999969482422,33.459999084472656,31.780000686645508,31.8799991607666,2133200,30.492441177368164,0.0,0.0
TECK,2022-10-17,32.70000076293945,33.47999954223633,32.70000076293945,32.83000183105469,2380500,31.401094436645508,0.0,0.0
TECK,2022-10-18,33.38999938964844,33.470001220703125,32.13999938964844,32.63999938964844,2119200,31.219364166259766,0.0,0.0
TECK,2022-10-19,32.25,32.83000183105469,32.029998779296875,32.72999954223633,2284900,31.305442810058594,0.0,0.0
TECK,2022-10-20,32.65999984741211,34.20000076293945,32.099998474121094,32.9900016784668,4298100,31.554134368896484,0.0,0.0
TECK,2022-10-21,32.900001525878906,35.349998474121094,32.88999938964844,35.209999084472656,5078500,33.6775016784668,0.0,0.0
TECK,2022-10-24,34.5,34.880001068115234,33.9900016784668,34.27000045776367,3892500,32.778419494628906,0.0,0.0
TECK,2022-10-25,33.84000015258789,34.790000915527344,33.7599983215332,34.439998626708984,2989100,32.941017150878906,0.0,0.0
TECK,2022-10-26,34.88999938964844,36.029998779296875,34.689998626708984,35.75,4306300,34.19400405883789,0.0,0.0
TECK,2022-10-27,34.400001525878906,35.4900016784668,32.93000030517578,33.900001525878906,10100300,32.42452621459961,0.0,0.0
TECK,2022-10-28,33.099998474121094,33.279998779296875,30.889999389648438,31.18000030517578,7454200,29.822908401489258,0.0,0.0
TECK,2022-10-31,30.729999542236328,32.16999816894531,30.40999984741211,30.440000534057617,6117000,29.115116119384766,0.0,0.0
TECK,2022-11-01,31.920000076293945,32.599998474121094,31.209999084472656,31.350000381469727,6028900,29.985511779785156,0.0,0.0
TECK,2022-11-02,31.209999084472656,31.860000610351562,30.389999389648438,30.43000030517578,7447100,29.105552673339844,0.0,0.0
TECK,2022-11-03,29.8799991607666,31.700000762939453,29.75,30.790000915527344,4010500,29.44988441467285,0.0,0.0
TECK,2022-11-04,33.20000076293945,34.61000061035156,32.90999984741211,33.83000183105469,10514100,32.35756301879883,0.0,0.0
TECK,2022-11-07,33.9900016784668,34.04999923706055,32.619998931884766,33.459999084472656,4843800,32.003665924072266,0.0,0.0
TECK,2022-11-08,33.900001525878906,34.84000015258789,33.25,34.34000015258789,3481800,32.845375061035156,0.0,0.0
TECK,2022-11-09,34.290000915527344,34.540000915527344,32.66999816894531,32.68000030517578,3489500,31.257619857788086,0.0,0.0
TECK,2022-11-10,34.189998626708984,34.75,33.84000015258789,34.310001373291016,3280100,32.816680908203125,0.0,0.0
TECK,2022-11-11,35.560001373291016,36.790000915527344,34.91999816894531,35.02000045776367,9757400,33.49577331542969,0.0,0.0
TECK,2022-11-14,34.47999954223633,34.880001068115234,33.790000915527344,34.02000045776367,4724100,32.539302825927734,0.0,0.0
TECK,2022-11-15,34.470001220703125,34.84000015258789,33.849998474121094,34.54999923706055,3550700,33.04623031616211,0.0,0.0
TECK,2022-11-16,34.0,34.33000183105469,33.34000015258789,33.400001525878906,2770800,31.9462833404541,0.0,0.0
TECK,2022-11-17,32.459999084472656,33.0,32.06999969482422,32.900001525878906,2548000,31.468048095703125,0.0,0.0
TECK,2022-11-18,32.779998779296875,33.150001525878906,32.560001373291016,32.84000015258789,2273900,31.410654067993164,0.0,0.0
TECK,2022-11-21,32.189998626708984,32.400001525878906,31.420000076293945,32.31999969482422,2220800,30.913291931152344,0.0,0.0
TECK,2022-11-22,32.83000183105469,33.779998779296875,32.790000915527344,33.4900016784668,2447200,32.032371520996094,0.0,0.0
TECK,2022-11-23,33.130001068115234,34.349998474121094,33.130001068115234,34.33000183105469,2274500,32.83580780029297,0.0,0.0
TECK,2022-11-25,34.2400016784668,34.29999923706055,33.63999938964844,33.959999084472656,1432700,32.481910705566406,0.0,0.0
TECK,2022-11-28,33.43000030517578,33.900001525878906,32.959999084472656,32.97999954223633,1921300,31.544565200805664,0.0,0.0
TECK,2022-11-29,33.970001220703125,35.599998474121094,33.779998779296875,35.33000183105469,3672900,33.79228591918945,0.0,0.0
TECK,2022-11-30,36.209999084472656,37.13999938964844,35.63999938964844,37.09000015258789,5609300,35.475677490234375,0.0,0.0
TECK,2022-12-01,37.63999938964844,38.04999923706055,37.34000015258789,37.75,4453900,36.10695266723633,0.0,0.0
TECK,2022-12-02,37.27000045776367,38.15999984741211,36.91999816894531,37.70000076293945,2942700,36.059139251708984,0.0,0.0
TECK,2022-12-05,38.02000045776367,38.11000061035156,36.099998474121094,36.189998626708984,3697400,34.614845275878906,0.0,0.0
TECK,2022-12-06,36.5099983215332,37.27000045776367,36.310001373291016,36.72999954223633,2961500,35.131351470947266,0.0,0.0
TECK,2022-12-07,36.599998474121094,36.720001220703125,35.91999816894531,36.29999923706055,2852600,34.72005844116211,0.0,0.0
TECK,2022-12-08,38.0,38.61000061035156,37.150001525878906,37.2599983215332,2880000,35.63827896118164,0.0,0.0
TECK,2022-12-09,37.43000030517578,37.650001525878906,36.599998474121094,36.689998626708984,2194900,35.09309005737305,0.0,0.0
TECK,2022-12-12,36.209999084472656,36.849998474121094,36.0,36.779998779296875,1867700,35.179176330566406,0.0,0.0
TECK,2022-12-13,38.09000015258789,38.4900016784668,37.220001220703125,37.5099983215332,2736900,35.87739944458008,0.0,0.0
TECK,2022-12-14,37.2400016784668,38.119998931884766,37.08000183105469,37.70000076293945,2497600,36.14779281616211,0.092,0.0
TECK,2022-12-15,37.15999984741211,37.2599983215332,36.77000045776367,37.119998931884766,2473600,35.59166717529297,0.0,0.0
TECK,2022-12-16,36.84000015258789,37.5,36.4900016784668,37.349998474121094,2949600,35.812198638916016,0.0,0.0
TECK,2022-12-19,37.65999984741211,37.7400016784668,36.029998779296875,36.529998779296875,2818500,35.025962829589844,0.0,0.0
TECK,2022-12-20,36.779998779296875,37.61000061035156,36.779998779296875,37.52000045776367,3374100,35.97520446777344,0.0,0.0
TECK,2022-12-21,38.0099983215332,38.689998626708984,37.90999984741211,38.630001068115234,3104700,37.03950119018555,0.0,0.0
TECK,2022-12-22,38.349998474121094,38.529998779296875,37.20000076293945,37.93000030517578,2206500,36.36832046508789,0.0,0.0
TECK,2022-12-23,38.290000915527344,38.45000076293945,37.79999923706055,38.279998779296875,1479800,36.703914642333984,0.0,0.0
TECK,2022-12-27,38.70000076293945,39.63999938964844,38.66999816894531,39.36000061035156,2230900,37.739444732666016,0.0,0.0
TECK,2022-12-28,39.099998474121094,39.400001525878906,37.91999816894531,38.27000045776367,2797200,36.69432067871094,0.0,0.0
TECK,2022-12-29,38.54999923706055,38.650001525878906,37.900001525878906,38.04999923706055,2862600,36.48337936401367,0.0,0.0
TECK,2022-12-30,38.040000915527344,38.34000015258789,37.54999923706055,37.81999969482422,1434200,36.26284408569336,0.0,0.0
TECK,2023-01-03,37.88999938964844,38.27000045776367,36.459999084472656,36.599998474121094,4485500,35.093074798583984,0.0,0.0
TECK,2023-01-04,36.470001220703125,36.560001373291016,35.2599983215332,36.13999938964844,5226400,34.652015686035156,0.0,0.0
TECK,2023-01-05,36.56999969482422,38.08000183105469,36.0099983215332,37.790000915527344,4275600,36.23408889770508,0.0,0.0
TECK,2023-01-06,38.43000030517578,40.0099983215332,38.310001373291016,39.41999816894531,3912600,37.79697036743164,0.0,0.0
TECK,2023-01-09,40.310001373291016,40.72999954223633,39.45000076293945,39.54999923706055,2946200,37.9216194152832,0.0,0.0
TECK,2023-01-10,39.939998626708984,40.029998779296875,38.7599983215332,39.540000915527344,4306600,37.91202926635742,0.0,0.0
TECK,2023-01-11,39.599998474121094,40.790000915527344,38.959999084472656,40.56999969482422,3940200,38.899627685546875,0.0,0.0
TECK,2023-01-12,41.130001068115234,41.63999938964844,40.36000061035156,41.619998931884766,3077200,39.90638732910156,0.0,0.0
TECK,2023-01-13,41.56999969482422,42.08000183105469,40.880001068115234,42.0099983215332,3013400,40.28033447265625,0.0,0.0
TECK,2023-01-17,40.90999984741211,41.38999938964844,40.439998626708984,40.84000015258789,3160200,39.158504486083984,0.0,0.0
TECK,2023-01-18,41.650001525878906,42.68000030517578,41.060001373291016,41.09000015258789,3256600,39.39821243286133,0.0,0.0
TECK,2023-01-19,40.91999816894531,41.959999084472656,40.689998626708984,41.630001068115234,2761100,39.915977478027344,0.0,0.0
TECK,2023-01-20,42.119998931884766,42.38999938964844,41.70000076293945,42.2599983215332,2249600,40.52003479003906,0.0,0.0
TECK,2023-01-23,42.25,42.5,41.810001373291016,42.369998931884766,1911900,40.62550735473633,0.0,0.0
TECK,2023-01-24,42.349998474121094,42.91999816894531,41.70000076293945,42.720001220703125,1945400,40.96109390258789,0.0,0.0
TECK,2023-01-25,42.290000915527344,42.34000015258789,40.290000915527344,41.33000183105469,5846600,39.62833023071289,0.0,0.0
TECK,2023-01-26,41.54999923706055,41.81999969482422,40.369998931884766,41.650001525878906,2833000,39.935157775878906,0.0,0.0
TECK,2023-01-27,41.470001220703125,41.83000183105469,40.83000183105469,41.34000015258789,2736400,39.63791275024414,0.0,0.0
TECK,2023-01-30,40.91999816894531,41.900001525878906,40.869998931884766,41.34000015258789,2201400,39.63791275024414,0.0,0.0
TECK,2023-01-31,41.40999984741211,43.59000015258789,41.369998931884766,43.29999923706055,6139800,41.5172233581543,0.0,0.0
TECK,2023-02-01,42.869998931884766,44.099998474121094,42.0,43.81999969482422,3886400,42.015804290771484,0.0,0.0
TECK,2023-02-02,43.59000015258789,44.15999984741211,42.189998626708984,42.7599983215332,3486800,40.99944305419922,0.0,0.0
TECK,2023-02-03,42.790000915527344,43.880001068115234,42.439998626708984,42.720001220703125,2812700,40.96109390258789,0.0,0.0
TECK,2023-02-06,42.150001525878906,42.43000030517578,41.33000183105469,41.86000061035156,3478100,40.13651657104492,0.0,0.0
TECK,2023-02-07,42.400001525878906,43.2400016784668,41.75,42.970001220703125,2913500,41.20081329345703,0.0,0.0
TECK,2023-02-08,42.959999084472656,43.52000045776367,42.130001068115234,42.2400016784668,2526200,40.50086975097656,0.0,0.0
TECK,2023-02-09,43.18000030517578,43.61000061035156,41.83000183105469,42.0,4128900,40.270748138427734,0.0,0.0
TECK,2023-02-10,41.970001220703125,42.09000015258789,40.970001220703125,41.130001068115234,2743700,39.43656921386719,0.0,0.0
TECK,2023-02-13,40.959999084472656,41.779998779296875,40.88999938964844,41.61000061035156,1615200,39.89680480957031,0.0,0.0
TECK,2023-02-14,41.25,42.400001525878906,40.849998474121094,42.2599983215332,2516800,40.52003479003906,0.0,0.0
TECK,2023-02-15,41.34000015258789,42.16999816894531,41.13999938964844,42.02000045776367,2429300,40.2899284362793,0.0,0.0
TECK,2023-02-16,44.849998474121094,46.099998474121094,43.29999923706055,43.869998931884766,11720700,42.063751220703125,0.0,0.0
TECK,2023-02-17,43.45000076293945,44.209999084472656,43.119998931884766,44.119998931884766,4744300,42.303462982177734,0.0,0.0
TECK,2023-02-21,46.47999954223633,46.900001525878906,42.75,43.279998779296875,11511200,41.498046875,0.0,0.0
TECK,2023-02-22,42.220001220703125,42.540000915527344,40.90999984741211,42.15999984741211,5808900,40.42416000366211,0.0,0.0
TECK,2023-02-23,41.900001525878906,42.11000061035156,39.970001220703125,40.619998931884766,6909600,38.94756317138672,0.0,0.0
TECK,2023-02-24,39.20000076293945,39.33000183105469,37.959999084472656,38.810001373291016,6772300,37.21208190917969,0.0,0.0
TECK,2023-02-27,38.900001525878906,40.349998474121094,38.7599983215332,40.11000061035156,3725600,38.458560943603516,0.0,0.0
TECK,2023-02-28,40.25,40.75,39.59000015258789,39.91999816894531,4183400,38.27638244628906,0.0,0.0
TECK,2023-03-01,41.15999984741211,42.150001525878906,40.709999084472656,41.83000183105469,5822600,40.10774230957031,0.0,0.0
TECK,2023-03-02,41.150001525878906,41.95000076293945,40.79999923706055,41.779998779296875,3160900,40.0598030090332,0.0,0.0
TECK,2023-03-03,42.130001068115234,42.599998474121094,41.84000015258789,42.58000183105469,3065900,40.826866149902344,0.0,0.0
TECK,2023-03-06,41.900001525878906,42.09000015258789,41.0,41.16999816894531,2917100,39.474918365478516,0.0,0.0
TECK,2023-03-07,40.689998626708984,41.06999969482422,39.119998931884766,39.29999923706055,3891700,37.681907653808594,0.0,0.0
TECK,2023-03-08,39.45000076293945,40.09000015258789,38.7599983215332,39.209999084472656,2627500,37.595611572265625,0.0,0.0
TECK,2023-03-09,39.209999084472656,39.540000915527344,37.68000030517578,37.86000061035156,3777000,36.30119705200195,0.0,0.0
TECK,2023-03-10,38.0,38.349998474121094,36.68000030517578,36.81999969482422,2685900,35.30402374267578,0.0,0.0
TECK,2023-03-13,35.849998474121094,36.56999969482422,35.34000015258789,35.9900016784668,9189100,34.50819396972656,0.0,0.0
TECK,2023-03-14,36.41999816894531,37.16999816894531,35.9900016784668,36.45000076293945,3645400,35.396751403808594,0.455,0.0
TECK,2023-03-15,34.959999084472656,35.22999954223633,32.900001525878906,33.63999938964844,7421500,32.667945861816406,0.0,0.0
TECK,2023-03-16,32.869998931884766,34.25,32.47999954223633,34.209999084472656,5762600,33.22148132324219,0.0,0.0
TECK,2023-03-17,34.209999084472656,34.29999923706055,33.63999938964844,34.20000076293945,4041300,33.21177291870117,0.0,0.0
TECK,2023-03-20,34.709999084472656,35.790000915527344,34.58000183105469,35.290000915527344,3756400,34.2702751159668,0.0,0.0
TECK,2023-03-21,36.040000915527344,36.880001068115234,35.04999923706055,35.31999969482422,4322700,34.29940414428711,0.0,0.0
TECK,2023-03-22,35.36000061035156,35.91999816894531,34.63999938964844,34.720001220703125,2865100,33.71674728393555,0.0,0.0
TECK,2023-03-23,35.310001373291016,35.9900016784668,34.81999969482422,35.20000076293945,2306600,34.1828727722168,0.0,0.0
TECK,2023-03-24,34.33000183105469,35.150001525878906,33.869998931884766,35.09000015258789,2516900,34.07605743408203,0.0,0.0
TECK,2023-03-27,35.119998931884766,35.349998474121094,34.04999923706055,35.099998474121094,3736000,34.085758209228516,0.0,0.0
TECK,2023-03-28,35.369998931884766,36.09000015258789,34.959999084472656,35.2599983215332,2748800,34.24113845825195,0.0,0.0
TECK,2023-03-29,35.849998474121094,36.2599983215332,35.189998626708984,35.599998474121094,3619000,34.57131576538086,0.0,0.0
TECK,2023-03-30,36.369998931884766,36.540000915527344,35.90999984741211,36.189998626708984,2613800,35.14426803588867,0.0,0.0
TECK,2023-03-31,36.11000061035156,36.560001373291016,35.790000915527344,36.5,3220000,35.4453125,0.0,0.0
TECK,2023-04-03,41.11000061035156,43.7599983215332,40.470001220703125,43.650001525878906,21549200,42.388702392578125,0.0,0.0
TECK,2023-04-04,43.72999954223633,44.04999923706055,42.59000015258789,43.349998474121094,9125700,42.09737014770508,0.0,0.0
TECK,2023-04-05,42.54999923706055,42.880001068115234,40.81999969482422,42.22999954223633,9922800,41.009742736816406,0.0,0.0
TECK,2023-04-06,42.400001525878906,44.290000915527344,42.20000076293945,43.970001220703125,9266700,42.699459075927734,0.0,0.0
TECK,2023-04-10,43.36000061035156,43.54999923706055,42.029998779296875,42.77000045776367,5375700,41.53413772583008,0.0,0.0
TECK,2023-04-11,43.0,43.779998779296875,42.84000015258789,43.29999923706055,5539300,42.04881286621094,0.0,0.0
TECK,2023-04-12,43.63999938964844,43.959999084472656,42.95000076293945,43.0,3903300,41.75748825073242,0.0,0.0
TECK,2023-04-13,43.52000045776367,44.630001068115234,43.47999954223633,44.52000045776367,8148100,43.23357009887695,0.0,0.0
TECK,2023-04-14,45.099998474121094,46.560001373291016,44.75,45.220001220703125,6718200,43.91333770751953,0.0,0.0
TECK,2023-04-17,47.029998779296875,49.34000015258789,46.97999954223633,48.650001525878906,17142600,47.24422836303711,0.0,0.0
TECK,2023-04-18,48.400001525878906,48.540000915527344,47.4900016784668,48.099998474121094,5096700,46.710121154785156,0.0,0.0
TECK,2023-04-19,47.75,48.56999969482422,47.619998931884766,47.720001220703125,6070000,46.34110641479492,0.0,0.0
TECK,2023-04-20,47.349998474121094,48.08000183105469,46.25,46.56999969482422,6053700,45.22433090209961,0.0,0.0
TECK,2023-04-21,46.290000915527344,46.38999938964844,44.939998626708984,45.810001373291016,10233500,44.48628616333008,0.0,0.0
TECK,2023-04-24,45.130001068115234,45.630001068115234,44.7400016784668,45.2599983215332,4011200,43.95217514038086,0.0,0.0
TECK,2023-04-25,44.22999954223633,44.529998779296875,43.09000015258789,43.20000076293945,6161600,41.95170593261719,0.0,0.0
TECK,2023-04-26,45.40999984741211,46.25,44.540000915527344,44.95000076293945,11844000,43.65113830566406,0.0,0.0
TECK,2023-04-27,44.43000030517578,45.959999084472656,44.119998931884766,45.689998626708984,5777200,44.3697509765625,0.0,0.0
TECK,2023-04-28,44.81999969482422,46.689998626708984,44.290000915527344,46.599998474121094,4220800,45.253456115722656,0.0,0.0
TECK,2023-05-01,46.56999969482422,47.029998779296875,45.5,45.5099983215332,2013200,44.1949577331543,0.0,0.0
TECK,2023-05-02,44.84000015258789,44.869998931884766,43.720001220703125,44.040000915527344,4071000,42.767433166503906,0.0,0.0
TECK,2023-05-03,44.099998474121094,44.459999084472656,43.31999969482422,43.45000076293945,2455500,42.19448471069336,0.0,0.0
TECK,2023-05-04,43.4900016784668,43.7400016784668,42.31999969482422,42.70000076293945,2697600,41.466156005859375,0.0,0.0
TECK,2023-05-05,43.16999816894531,43.77000045776367,42.65999984741211,43.61000061035156,3228500,42.34986114501953,0.0,0.0
TECK,2023-05-08,44.209999084472656,44.369998931884766,43.52000045776367,44.27000045776367,1845100,42.990787506103516,0.0,0.0
TECK,2023-05-09,43.560001373291016,46.7599983215332,43.369998931884766,45.709999084472656,8218100,44.38917541503906,0.0,0.0
TECK,2023-05-10,46.119998931884766,46.2400016784668,44.380001068115234,44.790000915527344,4078500,43.49576187133789,0.0,0.0
TECK,2023-05-11,43.86000061035156,43.86000061035156,42.349998474121094,42.9900016784668,6363100,41.74777603149414,0.0,0.0
TECK,2023-05-12,43.130001068115234,43.709999084472656,42.83000183105469,43.529998779296875,2994300,42.27217102050781,0.0,0.0
TECK,2023-05-15,44.119998931884766,44.97999954223633,44.0,44.869998931884766,2898700,43.573448181152344,0.0,0.0
TECK,2023-05-16,44.5,45.099998474121094,43.06999969482422,43.220001220703125,3708300,41.971134185791016,0.0,0.0
TECK,2023-05-17,44.349998474121094,44.470001220703125,42.83000183105469,43.029998779296875,5789200,41.78662109375,0.0,0.0
TECK,2023-05-18,42.220001220703125,42.58000183105469,41.90999984741211,42.36000061035156,3938600,41.135982513427734,0.0,0.0
TECK,2023-05-19,42.65999984741211,43.04999923706055,42.220001220703125,42.41999816894531,2592600,41.19424057006836,0.0,0.0
TECK,2023-05-22,42.13999938964844,42.599998474121094,41.93000030517578,42.290000915527344,2459700,41.06800842285156,0.0,0.0
TECK,2023-05-23,42.0,42.150001525878906,40.25,40.369998931884766,5668700,39.20348358154297,0.0,0.0
TECK,2023-05-24,40.29999923706055,40.310001373291016,38.75,38.88999938964844,5396300,37.7662467956543,0.0,0.0
TECK,2023-05-25,38.66999816894531,38.91999816894531,37.40999984741211,37.4900016784668,7865700,36.406700134277344,0.0,0.0
TECK,2023-05-26,38.7400016784668,39.209999084472656,37.630001068115234,38.310001373291016,8302500,37.20301055908203,0.0,0.0
TECK,2023-05-30,38.4900016784668,38.709999084472656,37.58000183105469,38.11000061035156,3831500,37.0087890625,0.0,0.0
TECK,2023-05-31,40.0,40.0,38.0099983215332,39.06999969482422,6513700,37.94104766845703,0.0,0.0
TECK,2023-06-01,39.70000076293945,41.36000061035156,39.2400016784668,40.959999084472656,5971900,39.776432037353516,0.0,0.0
TECK,2023-06-02,42.619998931884766,43.529998779296875,42.04999923706055,43.400001525878906,4888900,42.145931243896484,0.0,0.0
TECK,2023-06-05,42.95000076293945,42.9900016784668,41.290000915527344,41.369998931884766,4680500,40.174583435058594,0.0,0.0
TECK,2023-06-06,41.130001068115234,42.810001373291016,41.08000183105469,42.7400016784668,3380300,41.505001068115234,0.0,0.0
TECK,2023-06-07,43.36000061035156,43.52000045776367,42.599998474121094,42.93000030517578,3798500,41.68950653076172,0.0,0.0
TECK,2023-06-08,43.20000076293945,43.20000076293945,42.22999954223633,42.75,2135800,41.51470947265625,0.0,0.0
TECK,2023-06-09,42.5099983215332,42.84000015258789,42.27000045776367,42.5099983215332,2175500,41.281646728515625,0.0,0.0
TECK,2023-06-12,42.33000183105469,42.709999084472656,41.619998931884766,41.810001373291016,3808900,40.60186767578125,0.0,0.0
TECK,2023-06-13,42.70000076293945,43.72999954223633,42.619998931884766,43.060001373291016,3170700,41.815757751464844,0.0,0.0
TECK,2023-06-14,43.66999816894531,43.900001525878906,42.77000045776367,43.34000015258789,2447000,42.17974090576172,0.094,0.0
TECK,2023-06-15,42.959999084472656,43.900001525878906,42.86000061035156,43.279998779296875,3724300,42.12135314941406,0.0,0.0
TECK,2023-06-16,43.33000183105469,43.56999969482422,41.7599983215332,41.959999084472656,5793500,40.83668518066406,0.0,0.0
TECK,2023-06-20,41.43000030517578,41.70000076293945,40.349998474121094,41.22999954223633,3434600,40.126224517822266,0.0,0.0
TECK,2023-06-21,40.720001220703125,41.52000045776367,40.65999984741211,41.22999954223633,2788100,40.126224517822266,0.0,0.0
TECK,2023-06-22,40.75,41.290000915527344,40.70000076293945,41.09000015258789,3117500,39.98998260498047,0.0,0.0
TECK,2023-06-23,40.06999969482422,40.13999938964844,39.0,39.529998779296875,3752400,38.471744537353516,0.0,0.0
TECK,2023-06-26,39.689998626708984,40.790000915527344,39.56999969482422,40.400001525878906,2257100,39.31845474243164,0.0,0.0
TECK,2023-06-27,40.369998931884766,41.31999969482422,40.16999816894531,41.2599983215332,2314300,40.155426025390625,0.0,0.0
TECK,2023-06-28,40.43000030517578,41.0,40.130001068115234,40.86000061035156,2179200,39.76613235473633,0.0,0.0
TECK,2023-06-29,40.86000061035156,40.970001220703125,40.439998626708984,40.91999816894531,1936600,39.82452392578125,0.0,0.0
TECK,2023-06-30,41.54999923706055,42.36000061035156,41.27000045776367,42.099998474121094,4308700,40.972930908203125,0.0,0.0
TECK,2023-07-03,42.470001220703125,42.84000015258789,42.13999938964844,42.5,962100,41.36222839355469,0.0,0.0
TECK,2023-07-05,41.880001068115234,41.88999938964844,40.720001220703125,40.7400016784668,4149700,39.64934158325195,0.0,0.0
TECK,2023-07-06,40.150001525878906,40.22999954223633,38.68000030517578,39.220001220703125,5603100,38.1700439453125,0.0,0.0
TECK,2023-07-07,39.189998626708984,41.63999938964844,39.189998626708984,41.16999816894531,5782100,40.06783676147461,0.0,0.0
TECK,2023-07-10,40.18000030517578,42.029998779296875,40.04999923706055,41.7599983215332,7665900,40.64203643798828,0.0,0.0
TECK,2023-07-11,41.47999954223633,41.849998474121094,41.380001068115234,41.77000045776367,2791000,40.65177536010742,0.0,0.0
TECK,2023-07-12,42.970001220703125,43.2400016784668,41.97999954223633,42.0099983215332,3286000,40.88534927368164,0.0,0.0
TECK,2023-07-13,42.47999954223633,42.869998931884766,41.91999816894531,42.099998474121094,2646000,40.972930908203125,0.0,0.0
TECK,2023-07-14,42.0,42.16999816894531,41.220001220703125,41.52000045776367,2517600,40.408470153808594,0.0,0.0
TECK,2023-07-17,40.810001373291016,42.060001373291016,40.7599983215332,41.650001525878906,3694100,40.53498840332031,0.0,0.0
TECK,2023-07-18,41.650001525878906,42.34000015258789,41.529998779296875,42.13999938964844,2418200,41.011863708496094,0.0,0.0
TECK,2023-07-19,41.9900016784668,42.36000061035156,41.790000915527344,42.25,1460400,41.118927001953125,0.0,0.0
TECK,2023-07-20,42.77000045776367,42.90999984741211,42.15999984741211,42.209999084472656,2490200,41.079994201660156,0.0,0.0
TECK,2023-07-21,42.2400016784668,42.31999969482422,41.86000061035156,42.029998779296875,2040100,40.90481185913086,0.0,0.0
TECK,2023-07-24,42.02000045776367,43.29999923706055,41.7599983215332,42.83000183105469,2938600,41.68339538574219,0.0,0.0
TECK,2023-07-25,43.54999923706055,44.369998931884766,43.2599983215332,43.63999938964844,3842200,42.47170639038086,0.0,0.0
TECK,2023-07-26,42.84000015258789,42.88999938964844,41.9900016784668,42.13999938964844,3561800,41.011863708496094,0.0,0.0
TECK,2023-07-27,42.5,43.45000076293945,41.689998626708984,42.150001525878906,4324000,41.021602630615234,0.0,0.0
TECK,2023-07-28,43.0,43.91999816894531,42.709999084472656,43.689998626708984,3656300,42.52036666870117,0.0,0.0
TECK,2023-07-31,44.16999816894531,44.88999938964844,43.93000030517578,44.43000030517578,2894500,43.240562438964844,0.0,0.0
TECK,2023-08-01,43.599998474121094,43.689998626708984,42.65999984741211,43.369998931884766,3223400,42.20894241333008,0.0,0.0
TECK,2023-08-02,42.5099983215332,42.599998474121094,41.65999984741211,42.13999938964844,3918900,41.011863708496094,0.0,0.0
TECK,2023-08-03,41.91999816894531,42.439998626708984,41.099998474121094,42.150001525878906,3054700,41.021602630615234,0.0,0.0
TECK,2023-08-04,42.29999923706055,42.45000076293945,41.810001373291016,41.939998626708984,2285400,40.81721878051758,0.0,0.0
TECK,2023-08-07,42.0,42.220001220703125,41.720001220703125,42.040000915527344,1708000,40.91454315185547,0.0,0.0
TECK,2023-08-08,40.9900016784668,42.06999969482422,40.81999969482422,41.83000183105469,2502200,40.71017074584961,0.0,0.0
TECK,2023-08-09,42.09000015258789,42.150001525878906,41.380001068115234,41.5,1978200,40.389007568359375,0.0,0.0
TECK,2023-08-10,42.02000045776367,42.02000045776367,40.279998779296875,40.599998474121094,3697900,39.51308822631836,0.0,0.0
TECK,2023-08-11,40.45000076293945,40.459999084472656,39.560001373291016,40.349998474121094,4073700,39.2697868347168,0.0,0.0
TECK,2023-08-14,39.7599983215332,40.25,39.58000183105469,39.84000015258789,2984400,38.773441314697266,0.0,0.0
TECK,2023-08-15,39.220001220703125,39.43000030517578,37.65999984741211,37.939998626708984,6020500,36.92430114746094,0.0,0.0
TECK,2023-08-16,37.63999938964844,37.849998474121094,37.09000015258789,37.2599983215332,4595800,36.26251220703125,0.0,0.0
TECK,2023-08-17,38.63999938964844,39.36000061035156,38.20000076293945,38.630001068115234,5140100,37.5958366394043,0.0,0.0
TECK,2023-08-18,38.130001068115234,39.380001068115234,37.75,39.09000015258789,4036500,38.043514251708984,0.0,0.0
TECK,2023-08-21,39.15999984741211,39.790000915527344,39.13999938964844,39.54999923706055,2108700,38.491207122802734,0.0,0.0
TECK,2023-08-22,40.02000045776367,40.7599983215332,39.79999923706055,40.38999938964844,3928600,39.3087158203125,0.0,0.0
TECK,2023-08-23,40.529998779296875,41.0099983215332,40.150001525878906,40.709999084472656,1963300,39.620147705078125,0.0,0.0
TECK,2023-08-24,40.099998474121094,40.38999938964844,39.779998779296875,39.84000015258789,2218700,38.773441314697266,0.0,0.0
TECK,2023-08-25,39.95000076293945,40.34000015258789,39.61000061035156,39.970001220703125,2405800,38.899959564208984,0.0,0.0
TECK,2023-08-28,40.40999984741211,40.709999084472656,40.0,40.16999816894531,1451000,39.094600677490234,0.0,0.0
TECK,2023-08-29,40.25,41.220001220703125,39.959999084472656,41.150001525878906,1912100,40.04837417602539,0.0,0.0
TECK,2023-08-30,41.31999969482422,41.72999954223633,41.11000061035156,41.33000183105469,1864800,40.22355270385742,0.0,0.0
TECK,2023-08-31,41.5,41.86000061035156,41.20000076293945,41.31999969482422,2161800,40.21382141113281,0.0,0.0
TECK,2023-09-01,42.220001220703125,42.83000183105469,42.04999923706055,42.5,3187600,41.36222839355469,0.0,0.0
TECK,2023-09-05,42.04999923706055,42.650001525878906,41.790000915527344,41.79999923706055,2641400,40.680965423583984,0.0,0.0
TECK,2023-09-06,41.36000061035156,41.63999938964844,40.790000915527344,41.09000015258789,1937900,39.98998260498047,0.0,0.0
TECK,2023-09-07,40.36000061035156,40.83000183105469,40.08000183105469,40.2599983215332,2293900,39.18219757080078,0.0,0.0
TECK,2023-09-08,40.04999923706055,40.41999816894531,39.939998626708984,40.310001373291016,2863100,39.230857849121094,0.0,0.0
TECK,2023-09-11,41.310001373291016,42.08000183105469,41.189998626708984,42.040000915527344,4177700,40.91454315185547,0.0,0.0
TECK,2023-09-12,42.09000015258789,42.4900016784668,41.93000030517578,41.959999084472656,2710300,40.83668518066406,0.0,0.0
TECK,2023-09-13,42.060001373291016,42.68000030517578,41.93000030517578,42.25,3346600,41.118927001953125,0.0,0.0
TECK,2023-09-14,43.11000061035156,43.95000076293945,42.93000030517578,43.790000915527344,5668700,42.710697174072266,0.092,0.0
TECK,2023-09-15,43.849998474121094,44.45000076293945,43.68000030517578,43.9900016784668,3441200,42.9057731628418,0.0,0.0
TECK,2023-09-18,43.939998626708984,43.95000076293945,42.86000061035156,43.29999923706055,2493900,42.2327766418457,0.0,0.0
TECK,2023-09-19,43.47999954223633,43.599998474121094,42.470001220703125,42.52000045776367,2563700,41.47200012207031,0.0,0.0
TECK,2023-09-20,42.720001220703125,43.150001525878906,41.90999984741211,41.9900016784668,2623500,40.9550666809082,0.0,0.0
TECK,2023-09-21,41.060001373291016,41.189998626708984,39.90999984741211,40.130001068115234,4950500,39.14090347290039,0.0,0.0
TECK,2023-09-22,40.84000015258789,42.099998474121094,39.90999984741211,39.9900016784668,2380600,39.004356384277344,0.0,0.0
TECK,2023-09-25,39.400001525878906,41.09000015258789,39.31999969482422,41.02000045776367,2595800,40.008968353271484,0.0,0.0
TECK,2023-09-26,41.13999938964844,41.34000015258789,40.2400016784668,40.310001373291016,2344500,39.31647872924805,0.0,0.0
TECK,2023-09-27,40.9900016784668,40.9900016784668,40.040000915527344,40.630001068115234,2938200,39.62858581542969,0.0,0.0
TECK,2023-09-28,41.310001373291016,42.650001525878906,41.040000915527344,42.5,3499000,41.45249938964844,0.0,0.0
TECK,2023-09-29,43.0,43.33000183105469,42.630001068115234,43.09000015258789,3645300,42.027950286865234,0.0,0.0
TECK,2023-10-02,42.15999984741211,42.66999816894531,41.38999938964844,41.599998474121094,4542600,40.574676513671875,0.0,0.0
TECK,2023-10-03,40.560001373291016,41.209999084472656,39.880001068115234,39.93000030517578,3574300,38.945838928222656,0.0,0.0
TECK,2023-10-04,39.880001068115234,40.0,38.97999954223633,39.40999984741211,3073800,38.43865203857422,0.0,0.0
TECK,2023-10-05,39.11000061035156,40.099998474121094,38.939998626708984,39.970001220703125,2616500,38.98485565185547,0.0,0.0
TECK,2023-10-06,40.33000183105469,41.34000015258789,40.119998931884766,40.880001068115234,2961100,39.87242126464844,0.0,0.0
TECK,2023-10-09,40.29999923706055,41.119998931884766,40.290000915527344,41.02000045776367,1452700,40.008968353271484,0.0,0.0
TECK,2023-10-10,41.20000076293945,41.91999816894531,41.20000076293945,41.4900016784668,2603500,40.46738815307617,0.0,0.0
TECK,2023-10-11,41.70000076293945,41.849998474121094,40.95000076293945,41.13999938964844,1574400,40.126014709472656,0.0,0.0
TECK,2023-10-12,41.2400016784668,41.2400016784668,38.81999969482422,39.34000015258789,3565400,38.37037658691406,0.0,0.0
TECK,2023-10-13,39.79999923706055,39.91999816894531,38.810001373291016,38.90999984741211,2174000,37.95098114013672,0.0,0.0
TECK,2023-10-16,39.29999923706055,40.47999954223633,39.040000915527344,40.09000015258789,3519400,39.101890563964844,0.0,0.0
TECK,2023-10-17,39.5,41.040000915527344,39.45000076293945,40.959999084472656,3465100,39.9504508972168,0.0,0.0
TECK,2023-10-18,40.459999084472656,41.68000030517578,40.439998626708984,41.029998779296875,2863200,40.01872253417969,0.0,0.0
TECK,2023-10-19,40.86000061035156,41.060001373291016,39.75,39.91999816894531,4224400,38.93608474731445,0.0,0.0
TECK,2023-10-20,39.5,40.02000045776367,39.279998779296875,39.369998931884766,2195000,38.399635314941406,0.0,0.0
TECK,2023-10-23,38.970001220703125,39.290000915527344,38.459999084472656,38.86000061035156,3291900,37.9022102355957,0.0,0.0
TECK,2023-10-24,37.13999938964844,37.470001220703125,35.2599983215332,35.29999923706055,11293500,34.429954528808594,0.0,0.0
TECK,2023-10-25,35.5,36.349998474121094,34.900001525878906,35.16999816894531,6521200,34.30315399169922,0.0,0.0
TECK,2023-10-26,35.029998779296875,36.61000061035156,34.54999923706055,36.130001068115234,3795500,35.239498138427734,0.0,0.0
TECK,2023-10-27,36.709999084472656,36.81999969482422,35.720001220703125,36.130001068115234,2573400,35.239498138427734,0.0,0.0
TECK,2023-10-30,36.709999084472656,36.72999954223633,35.220001220703125,35.43000030517578,3710100,34.55674743652344,0.0,0.0
TECK,2023-10-31,35.349998474121094,35.869998931884766,35.09000015258789,35.34000015258789,3039600,34.46896743774414,0.0,0.0
TECK,2023-11-01,35.400001525878906,35.59000015258789,34.7599983215332,35.459999084472656,2596500,34.58600616455078,0.0,0.0
TECK,2023-11-02,35.959999084472656,37.040000915527344,35.810001373291016,36.90999984741211,2672100,36.00027084350586,0.0,0.0
TECK,2023-11-03,37.27000045776367,37.7400016784668,37.099998474121094,37.22999954223633,3464300,36.3123779296875,0.0,0.0
TECK,2023-11-06,37.43000030517578,37.599998474121094,36.650001525878906,36.84000015258789,1674000,35.9319953918457,0.0,0.0
TECK,2023-11-07,36.06999969482422,36.099998474121094,35.08000183105469,35.36000061035156,2802200,34.488468170166016,0.0,0.0
TECK,2023-11-08,35.290000915527344,35.599998474121094,34.40999984741211,34.47999954223633,3720800,33.630165100097656,0.0,0.0
TECK,2023-11-09,34.849998474121094,35.13999938964844,34.380001068115234,34.45000076293945,2084600,33.60090637207031,0.0,0.0
TECK,2023-11-10,34.810001373291016,35.529998779296875,34.4900016784668,35.369998931884766,1928200,34.498226165771484,0.0,0.0
TECK,2023-11-13,35.61000061035156,36.91999816894531,35.470001220703125,36.45000076293945,2977200,35.55160903930664,0.0,0.0
TECK,2023-11-14,39.11000061035156,39.11000061035156,36.52000045776367,36.630001068115234,13257300,35.7271728515625,0.0,0.0
TECK,2023-11-15,36.619998931884766,36.91999816894531,35.029998779296875,35.599998474121094,9857800,34.72256088256836,0.0,0.0
TECK,2023-11-16,35.5,35.86000061035156,34.560001373291016,35.29999923706055,5325000,34.429954528808594,0.0,0.0
TECK,2023-11-17,35.720001220703125,36.380001068115234,35.4900016784668,36.0,4381000,35.112701416015625,0.0,0.0
TECK,2023-11-20,36.529998779296875,36.93000030517578,35.599998474121094,36.369998931884766,4350800,35.47358322143555,0.0,0.0
TECK,2023-11-21,36.22999954223633,37.2400016784668,35.810001373291016,36.22999954223633,4298100,35.337032318115234,0.0,0.0
TECK,2023-11-22,35.70000076293945,36.380001068115234,35.66999816894531,36.380001068115234,3679800,35.48333740234375,0.0,0.0
TECK,2023-11-24,36.22999954223633,36.900001525878906,36.209999084472656,36.459999084472656,1944600,35.56135940551758,0.0,0.0
TECK,2023-11-27,36.18000030517578,36.18000030517578,35.25,35.619998931884766,3658600,34.7420654296875,0.0,0.0
TECK,2023-11-28,35.95000076293945,36.75,35.599998474121094,36.7400016784668,4238200,35.8344612121582,0.0,0.0
TECK,2023-11-29,36.849998474121094,37.38999938964844,36.54999923706055,37.08000183105469,4150500,36.16608810424805,0.0,0.0
TECK,2023-11-30,37.13999938964844,37.689998626708984,37.08000183105469,37.650001525878906,3212600,36.7220344543457,0.0,0.0
TECK,2023-12-01,37.779998779296875,39.220001220703125,37.779998779296875,38.849998474121094,3614400,37.8924560546875,0.0,0.0
TECK,2023-12-04,37.9900016784668,38.31999969482422,37.380001068115234,37.41999816894531,2992100,36.49769973754883,0.0,0.0
TECK,2023-12-05,37.04999923706055,37.27000045776367,36.52000045776367,36.619998931884766,2853000,35.7174186706543,0.0,0.0
TECK,2023-12-06,37.119998931884766,37.70000076293945,36.59000015258789,36.65999984741211,3213300,35.75643539428711,0.0,0.0
TECK,2023-12-07,37.16999816894531,37.41999816894531,36.79999923706055,37.27000045776367,2716100,36.35139465332031,0.0,0.0
TECK,2023-12-08,37.029998779296875,38.7599983215332,37.029998779296875,38.72999954223633,4190400,37.775413513183594,0.0,0.0
TECK,2023-12-11,38.20000076293945,38.209999084472656,37.470001220703125,37.849998474121094,2939200,36.91709899902344,0.0,0.0
TECK,2023-12-12,37.66999816894531,38.119998931884766,37.400001525878906,38.11000061035156,2766100,37.170692443847656,0.0,0.0
TECK,2023-12-13,38.04999923706055,39.11000061035156,37.209999084472656,39.08000183105469,5192600,38.11678695678711,0.0,0.0
TECK,2023-12-14,40.11000061035156,41.709999084472656,39.88999938964844,41.18000030517578,8468300,40.26083755493164,0.093,0.0
TECK,2023-12-15,40.90999984741211,41.849998474121094,40.77000045776367,41.560001373291016,3319800,40.632354736328125,0.0,0.0
TECK,2023-12-18,41.90999984741211,42.290000915527344,41.369998931884766,41.380001068115234,4064000,40.45637512207031,0.0,0.0
TECK,2023-12-19,41.61000061035156,42.63999938964844,41.56999969482422,42.43000030517578,3014300,41.48293685913086,0.0,0.0
TECK,2023-12-20,42.5,42.630001068115234,41.38999938964844,41.400001525878906,2534200,40.475929260253906,0.0,0.0
TECK,2023-12-21,42.150001525878906,42.52000045776367,41.95000076293945,42.400001525878906,3621400,41.453609466552734,0.0,0.0
TECK,2023-12-22,42.56999969482422,42.75,41.900001525878906,42.08000183105469,2592300,41.1407470703125,0.0,0.0
TECK,2023-12-26,42.13999938964844,42.81999969482422,42.08000183105469,42.599998474121094,1510700,41.64914321899414,0.0,0.0
TECK,2023-12-27,42.52000045776367,42.95000076293945,42.310001373291016,42.70000076293945,1319100,41.746910095214844,0.0,0.0
TECK,2023-12-28,42.4900016784668,43.0,42.45000076293945,42.619998931884766,2565400,41.668697357177734,0.0,0.0
TECK,2023-12-29,42.34000015258789,42.58000183105469,42.08000183105469,42.27000045776367,1531700,41.326507568359375,0.0,0.0
TECK,2024-01-02,41.630001068115234,41.86000061035156,40.84000015258789,40.97999954223633,3128400,40.065303802490234,0.0,0.0
TECK,2024-01-03,40.130001068115234,41.16999816894531,39.779998779296875,40.56999969482422,3229200,39.66445541381836,0.0,0.0
TECK,2024-01-04,40.400001525878906,40.5099983215332,39.630001068115234,40.2400016784668,4054300,39.34182357788086,0.0,0.0
TECK,2024-01-05,39.880001068115234,40.66999816894531,39.7400016784668,40.380001068115234,2361900,39.478694915771484,0.0,0.0
TECK,2024-01-08,39.9900016784668,40.400001525878906,39.279998779296875,40.15999984741211,2964900,39.263607025146484,0.0,0.0
TECK,2024-01-09,39.63999938964844,39.84000015258789,39.0099983215332,39.029998779296875,3766100,38.15883255004883,0.0,0.0
TECK,2024-01-10,38.90999984741211,39.310001373291016,38.5099983215332,38.709999084472656,3122200,37.84596633911133,0.0,0.0
TECK,2024-01-11,39.040000915527344,39.040000915527344,38.08000183105469,38.599998474121094,2622200,37.73842239379883,0.0,0.0
TECK,2024-01-12,39.130001068115234,39.279998779296875,37.9900016784668,38.04999923706055,3516200,37.20070266723633,0.0,0.0
TECK,2024-01-16,37.0,38.18000030517578,36.59000015258789,37.810001373291016,6956200,36.966064453125,0.0,0.0
TECK,2024-01-17,36.7599983215332,37.689998626708984,36.689998626708984,36.93000030517578,3449100,36.10569763183594,0.0,0.0
TECK,2024-01-18,37.29999923706055,37.34000015258789,36.689998626708984,37.290000915527344,3390600,36.45766830444336,0.0,0.0
TECK,2024-01-19,37.529998779296875,38.54999923706055,37.5,38.5099983215332,5157700,37.650428771972656,0.0,0.0
TECK,2024-01-22,38.15999984741211,38.7400016784668,37.91999816894531,38.150001525878906,4177800,37.29846954345703,0.0,0.0
TECK,2024-01-23,39.0,39.38999938964844,38.61000061035156,39.040000915527344,4046100,38.168601989746094,0.0,0.0
TECK,2024-01-24,40.369998931884766,40.900001525878906,39.939998626708984,39.959999084472656,5117100,39.06806564331055,0.0,0.0
TECK,2024-01-25,40.099998474121094,40.599998474121094,39.849998474121094,40.439998626708984,3596300,39.537353515625,0.0,0.0
TECK,2024-01-26,40.47999954223633,40.560001373291016,39.52000045776367,40.209999084472656,1836700,39.31249237060547,0.0,0.0
TECK,2024-01-29,40.15999984741211,40.560001373291016,39.560001373291016,40.54999923706055,2136100,39.6448974609375,0.0,0.0
TECK,2024-01-30,40.16999816894531,40.88999938964844,39.72999954223633,40.52000045776367,2646000,39.61556625366211,0.0,0.0
TECK,2024-01-31,40.439998626708984,40.79999923706055,39.970001220703125,40.0099983215332,2635000,39.1169548034668,0.0,0.0
TECK,2024-02-01,40.220001220703125,40.86000061035156,40.150001525878906,40.369998931884766,2567100,39.468910217285156,0.0,0.0
TECK,2024-02-02,40.0099983215332,40.13999938964844,39.34000015258789,39.709999084472656,3088400,38.82365417480469,0.0,0.0
TECK,2024-02-05,39.02000045776367,39.08000183105469,37.88999938964844,38.4900016784668,2538300,37.630882263183594,0.0,0.0
TECK,2024-02-06,38.72999954223633,39.150001525878906,38.599998474121094,38.70000076293945,4245400,37.8361930847168,0.0,0.0
TECK,2024-02-07,38.779998779296875,38.869998931884766,38.20000076293945,38.43000030517578,2732600,37.57222366333008,0.0,0.0
TECK,2024-02-08,38.31999969482422,38.38999938964844,37.61000061035156,37.939998626708984,3213800,37.0931510925293,0.0,0.0
TECK,2024-02-09,37.66999816894531,37.88999938964844,36.7400016784668,37.0,5082500,36.174137115478516,0.0,0.0
TECK,2024-02-12,37.220001220703125,37.810001373291016,37.15999984741211,37.65999984741211,2887700,36.81940460205078,0.0,0.0
TECK,2024-02-13,37.16999816894531,37.400001525878906,36.5,37.0,2877400,36.174137115478516,0.0,0.0
TECK,2024-02-14,37.15999984741211,37.720001220703125,36.93000030517578,37.689998626708984,2641900,36.84873580932617,0.0,0.0
TECK,2024-02-15,38.040000915527344,38.52000045776367,37.849998474121094,38.25,3007900,37.396236419677734,0.0,0.0
TECK,2024-02-16,38.90999984741211,39.34000015258789,38.61000061035156,38.70000076293945,7876800,37.8361930847168,0.0,0.0
TECK,2024-02-20,38.38999938964844,38.689998626708984,37.369998931884766,37.900001525878906,4025500,37.054046630859375,0.0,0.0
TECK,2024-02-21,38.0099983215332,38.369998931884766,37.70000076293945,38.11000061035156,3346200,37.25936508178711,0.0,0.0
TECK,2024-02-22,39.0,39.97999954223633,38.56999969482422,38.630001068115234,6569800,37.76775360107422,0.0,0.0
TECK,2024-02-23,38.310001373291016,39.66999816894531,38.209999084472656,39.599998474121094,4869900,38.716102600097656,0.0,0.0
TECK,2024-02-26,39.040000915527344,39.52000045776367,38.2599983215332,38.79999923706055,4206500,37.9339599609375,0.0,0.0
TECK,2024-02-27,39.040000915527344,39.040000915527344,38.279998779296875,38.31999969482422,3047800,37.46467208862305,0.0,0.0
TECK,2024-02-28,37.849998474121094,38.08000183105469,37.29999923706055,37.470001220703125,3593400,36.63364791870117,0.0,0.0
TECK,2024-02-29,37.86000061035156,38.66999816894531,37.79999923706055,38.41999816894531,2438900,37.56243896484375,0.0,0.0
TECK,2024-03-01,38.63999938964844,39.369998931884766,38.63999938964844,39.20000076293945,11932400,38.325035095214844,0.0,0.0
TECK,2024-03-04,39.25,39.810001373291016,39.15999984741211,39.38999938964844,3059800,38.51078796386719,0.0,0.0
TECK,2024-03-05,39.220001220703125,39.56999969482422,38.689998626708984,38.70000076293945,1763000,37.8361930847168,0.0,0.0
TECK,2024-03-06,39.439998626708984,39.939998626708984,39.27000045776367,39.540000915527344,2508900,38.65744400024414,0.0,0.0
TECK,2024-03-07,40.25,41.29999923706055,40.18000030517578,41.13999938964844,3377400,40.22172927856445,0.0,0.0
TECK,2024-03-08,41.2599983215332,41.65999984741211,40.81999969482422,41.34000015258789,2664300,40.41726303100586,0.0,0.0
TECK,2024-03-11,41.220001220703125,41.849998474121094,40.95000076293945,41.5099983215332,2281000,40.583473205566406,0.0,0.0
TECK,2024-03-12,41.689998626708984,42.2599983215332,41.15999984741211,42.22999954223633,2858600,41.28739929199219,0.0,0.0
TECK,2024-03-13,42.959999084472656,46.13999938964844,42.95000076293945,45.68000030517578,9462700,44.660396575927734,0.0,0.0
TECK,2024-03-14,45.349998474121094,45.619998931884766,44.380001068115234,44.779998779296875,3979500,43.86979675292969,0.093,0.0
TECK,2024-03-15,45.0,45.310001373291016,44.36000061035156,44.869998931884766,4907800,43.95796585083008,0.0,0.0
TECK,2024-03-18,45.18000030517578,45.369998931884766,44.2599983215332,44.400001525878906,4174300,43.49752426147461,0.0,0.0
TECK,2024-03-19,43.349998474121094,44.029998779296875,43.209999084472656,43.59000015258789,3280000,42.70398712158203,0.0,0.0
TECK,2024-03-20,43.369998931884766,45.130001068115234,43.20000076293945,44.9900016784668,5459300,44.075531005859375,0.0,0.0
TECK,2024-03-21,45.36000061035156,45.5,44.40999984741211,44.7599983215332,4068000,43.85020065307617,0.0,0.0
TECK,2024-03-22,44.09000015258789,44.560001373291016,43.54999923706055,43.599998474121094,2918900,42.71377944946289,0.0,0.0
TECK,2024-03-25,43.54999923706055,44.290000915527344,43.09000015258789,43.15999984741211,2537900,42.2827262878418,0.0,0.0
TECK,2024-03-26,43.47999954223633,43.56999969482422,43.029998779296875,43.08000183105469,1969200,42.20435333251953,0.0,0.0
TECK,2024-03-27,43.06999969482422,43.959999084472656,43.02000045776367,43.91999816894531,3177000,43.02727508544922,0.0,0.0
TECK,2024-03-28,44.31999969482422,46.22999954223633,43.91999816894531,45.779998779296875,6221400,44.84946823120117,0.0,0.0
TECK,2024-04-01,46.38999938964844,47.119998931884766,45.689998626708984,46.2599983215332,5495600,45.31971740722656,0.0,0.0
TECK,2024-04-02,46.5,46.81999969482422,45.77000045776367,46.33000183105469,4550000,45.38829803466797,0.0,0.0
TECK,2024-04-03,46.439998626708984,47.90999984741211,46.349998474121094,47.86000061035156,6367500,46.8871955871582,0.0,0.0
TECK,2024-04-04,48.25,48.5099983215332,46.75,46.91999816894531,4893300,45.9662971496582,0.0,0.0
TECK,2024-04-05,46.79999923706055,46.93000030517578,46.310001373291016,46.72999954223633,3780700,45.78015899658203,0.0,0.0
TECK,2024-04-08,47.619998931884766,47.900001525878906,46.7400016784668,46.959999084472656,3213700,46.00548553466797,0.0,0.0
TECK,2024-04-09,47.810001373291016,49.34000015258789,47.66999816894531,49.13999938964844,5703200,48.14117431640625,0.0,0.0
TECK,2024-04-10,48.119998931884766,50.29999923706055,47.77000045776367,49.380001068115234,6453200,48.37629699707031,0.0,0.0
TECK,2024-04-11,49.290000915527344,49.54999923706055,47.97999954223633,48.56999969482422,4055700,47.582759857177734,0.0,0.0
TECK,2024-04-12,49.459999084472656,50.459999084472656,47.560001373291016,47.900001525878906,4980600,46.92638397216797,0.0,0.0
TECK,2024-04-15,48.75,49.04999923706055,47.40999984741211,47.7599983215332,4178800,46.78922653198242,0.0,0.0
TECK,2024-04-16,46.5,47.58000183105469,45.9900016784668,47.130001068115234,4202700,46.17203903198242,0.0,0.0
TECK,2024-04-17,47.959999084472656,48.869998931884766,47.040000915527344,47.20000076293945,5068200,46.2406120300293,0.0,0.0
TECK,2024-04-18,47.959999084472656,48.380001068115234,47.18000030517578,47.720001220703125,3175700,46.75004577636719,0.0,0.0
TECK,2024-04-19,47.25,47.97999954223633,46.84000015258789,47.130001068115234,3644100,46.17203903198242,0.0,0.0
TECK,2024-04-22,46.130001068115234,46.369998931884766,45.18000030517578,45.86000061035156,6873000,44.92784881591797,0.0,0.0
TECK,2024-04-23,44.630001068115234,45.65999984741211,44.529998779296875,45.529998779296875,4159600,44.60455322265625,0.0,0.0
TECK,2024-04-24,45.599998474121094,46.0099983215332,44.619998931884766,45.439998626708984,3642000,44.516380310058594,0.0,0.0
TECK,2024-04-25,48.689998626708984,49.790000915527344,47.0,49.540000915527344,10821300,48.533050537109375,0.0,0.0
TECK,2024-04-26,50.0,50.93000030517578,49.400001525878906,50.380001068115234,4966000,49.35597229003906,0.0,0.0
TECK,2024-04-29,50.79999923706055,51.650001525878906,50.130001068115234,51.06999969482422,4063400,50.03194808959961,0.0,0.0
TECK,2024-04-30,49.5,50.36000061035156,49.16999816894531,49.189998626708984,3251600,48.19015884399414,0.0,0.0
TECK,2024-05-01,49.130001068115234,49.400001525878906,48.13999938964844,48.40999984741211,3422600,47.42601776123047,0.0,0.0
TECK,2024-05-02,48.18000030517578,49.18000030517578,47.86000061035156,48.45000076293945,3325200,47.46520233154297,0.0,0.0
TECK,2024-05-03,49.41999816894531,50.25,48.900001525878906,49.290000915527344,2689300,48.28812789916992,0.0,0.0
TECK,2024-05-06,50.0,50.45000076293945,49.66999816894531,49.88999938964844,3016300,48.87593460083008,0.0,0.0
TECK,2024-05-07,49.93000030517578,50.5099983215332,49.779998779296875,50.34000015258789,2499000,49.3167839050293,0.0,0.0
TECK,2024-05-08,49.220001220703125,49.65999984741211,48.83000183105469,49.59000015258789,2930600,48.582035064697266,0.0,0.0
TECK,2024-05-09,49.869998931884766,51.650001525878906,49.70000076293945,51.31999969482422,4554000,50.27686309814453,0.0,0.0
TECK,2024-05-10,51.70000076293945,52.45000076293945,51.34000015258789,51.70000076293945,3035400,50.64914321899414,0.0,0.0
TECK,2024-05-13,51.70000076293945,52.0099983215332,51.15999984741211,51.459999084472656,2049200,50.41402053833008,0.0,0.0
TECK,2024-05-14,51.599998474121094,52.7400016784668,51.40999984741211,52.540000915527344,2755900,51.472068786621094,0.0,0.0
TECK,2024-05-15,52.849998474121094,53.029998779296875,51.650001525878906,52.130001068115234,2519800,51.070404052734375,0.0,0.0
TECK,2024-05-16,52.0,52.5,51.599998474121094,51.79999923706055,2672200,50.747108459472656,0.0,0.0
TECK,2024-05-17,52.93000030517578,53.84000015258789,52.58000183105469,53.790000915527344,2952800,52.6966667175293,0.0,0.0
TECK,2024-05-20,54.11000061035156,55.130001068115234,53.7599983215332,54.77000045776367,4005100,53.656742095947266,0.0,0.0
TECK,2024-05-21,54.2599983215332,54.47999954223633,53.310001373291016,53.400001525878906,3057600,52.31459045410156,0.0,0.0
TECK,2024-05-22,51.7400016784668,52.040000915527344,50.290000915527344,50.709999084472656,4991900,49.67926025390625,0.0,0.0
TECK,2024-05-23,50.90999984741211,51.20000076293945,49.959999084472656,50.400001525878906,2349600,49.37556838989258,0.0,0.0
TECK,2024-05-24,51.099998474121094,51.540000915527344,50.630001068115234,51.36000061035156,1792800,50.31605529785156,0.0,0.0
TECK,2024-05-28,52.279998779296875,53.060001373291016,51.880001068115234,52.77000045776367,2351500,51.697391510009766,0.0,0.0
TECK,2024-05-29,51.849998474121094,52.16999816894531,51.439998626708984,51.63999938964844,1979900,50.590362548828125,0.0,0.0
TECK,2024-05-30,50.97999954223633,52.06999969482422,50.7400016784668,51.38999938964844,1696500,50.34543991088867,0.0,0.0
TECK,2024-05-31,51.65999984741211,52.27000045776367,51.02000045776367,52.04999923706055,2881700,50.992027282714844,0.0,0.0
TECK,2024-06-03,52.209999084472656,52.56999969482422,51.2599983215332,51.439998626708984,2151600,50.39442443847656,0.0,0.0
TECK,2024-06-04,50.150001525878906,50.34000015258789,47.38999938964844,48.290000915527344,5352800,47.30845642089844,0.0,0.0
TECK,2024-06-05,48.959999084472656,49.88999938964844,48.66999816894531,49.529998779296875,3995800,48.52324676513672,0.0,0.0
TECK,2024-06-06,49.560001373291016,51.060001373291016,49.38999938964844,51.02000045776367,2757300,49.98296356201172,0.0,0.0
TECK,2024-06-07,49.13999938964844,49.72999954223633,48.9900016784668,49.16999816894531,2968000,48.170562744140625,0.0,0.0
TECK,2024-06-10,49.7599983215332,49.81999969482422,49.220001220703125,49.470001220703125,2485800,48.46446990966797,0.0,0.0
TECK,2024-06-11,48.560001373291016,48.90999984741211,47.86000061035156,48.220001220703125,2630900,47.23987579345703,0.0,0.0
TECK,2024-06-12,49.869998931884766,50.08000183105469,47.810001373291016,47.9900016784668,2563100,47.014556884765625,0.0,0.0
TECK,2024-06-13,47.630001068115234,47.720001220703125,47.099998474121094,47.470001220703125,2480500,46.50511932373047,0.0,0.0
TECK,2024-06-14,47.04999923706055,48.18000030517578,47.04999923706055,47.7599983215332,2188100,46.78922653198242,0.0,0.0
TECK,2024-06-17,47.20000076293945,47.810001373291016,46.150001525878906,47.77000045776367,3775000,46.888362884521484,0.091,0.0
TECK,2024-06-18,47.70000076293945,48.02000045776367,47.31999969482422,47.45000076293945,2342900,46.57426834106445,0.0,0.0
TECK,2024-06-20,47.58000183105469,48.279998779296875,47.41999816894531,48.029998779296875,2935800,47.14356231689453,0.0,0.0
TECK,2024-06-21,47.77000045776367,48.0,46.90999984741211,47.2599983215332,1989300,46.38777542114258,0.0,0.0
TECK,2024-06-24,47.43000030517578,48.65999984741211,47.43000030517578,48.15999984741211,2234100,47.27116775512695,0.0,0.0
TECK,2024-06-25,48.0099983215332,48.220001220703125,47.560001373291016,47.619998931884766,1353400,46.74113845825195,0.0,0.0
TECK,2024-06-26,47.5,48.27000045776367,47.43000030517578,48.2400016784668,1974900,47.34968948364258,0.0,0.0
TECK,2024-06-27,48.45000076293945,48.54999923706055,47.93000030517578,47.9900016784668,1435200,47.104305267333984,0.0,0.0
TECK,2024-06-28,48.97999954223633,49.060001373291016,47.619998931884766,47.900001525878906,1653300,47.01596450805664,0.0,0.0
TECK,2024-07-01,49.0099983215332,49.13999938964844,48.040000915527344,48.150001525878906,1659600,47.2613525390625,0.0,0.0
TECK,2024-07-02,48.0099983215332,48.560001373291016,47.77000045776367,48.540000915527344,1552800,47.64415740966797,0.0,0.0
TECK,2024-07-03,49.5,50.63999938964844,49.45000076293945,50.11000061035156,2215800,49.185176849365234,0.0,0.0
TECK,2024-07-05,51.79999923706055,52.7599983215332,50.41999816894531,50.43000030517578,3508900,49.499271392822266,0.0,0.0
TECK,2024-07-08,49.91999816894531,50.09000015258789,48.599998474121094,48.779998779296875,2575200,47.87971496582031,0.0,0.0
TECK,2024-07-09,48.720001220703125,49.540000915527344,48.25,48.279998779296875,1906900,47.388954162597656,0.0,0.0
TECK,2024-07-10,48.5,50.099998474121094,48.40999984741211,49.66999816894531,4580600,48.7532958984375,0.0,0.0
TECK,2024-07-11,49.91999816894531,50.2400016784668,48.84000015258789,49.5099983215332,4805400,48.59625244140625,0.0,0.0
TECK,2024-07-12,51.459999084472656,51.459999084472656,49.349998474121094,50.779998779296875,6407300,49.842811584472656,0.0,0.0
TECK,2024-07-15,50.619998931884766,51.04999923706055,49.959999084472656,50.0,1786800,49.077205657958984,0.0,0.0
TECK,2024-07-16,49.2400016784668,49.93000030517578,49.02000045776367,49.810001373291016,2893500,48.89071273803711,0.0,0.0
TECK,2024-07-17,49.58000183105469,49.709999084472656,48.2599983215332,48.40999984741211,3569100,47.51655197143555,0.0,0.0
TECK,2024-07-18,48.060001373291016,48.36000061035156,45.720001220703125,45.970001220703125,5118500,45.121585845947266,0.0,0.0
TECK,2024-07-19,45.150001525878906,46.97999954223633,45.06999969482422,46.779998779296875,3368000,45.91663360595703,0.0,0.0
TECK,2024-07-22,46.75,46.779998779296875,45.380001068115234,45.939998626708984,3497400,45.09213638305664,0.0,0.0
TECK,2024-07-23,45.209999084472656,45.97999954223633,44.75,45.79999923706055,4899700,44.95471954345703,0.0,0.0
TECK,2024-07-24,44.75,46.27000045776367,44.22999954223633,45.16999816894531,4262800,44.33634948730469,0.0,0.0
TECK,2024-07-25,44.529998779296875,46.029998779296875,44.400001525878906,45.70000076293945,3004400,44.8565673828125,0.0,0.0
TECK,2024-07-26,46.38999938964844,48.47999954223633,45.900001525878906,47.45000076293945,8553700,46.57426834106445,0.0,0.0
TECK,2024-07-29,47.15999984741211,48.290000915527344,46.41999816894531,47.529998779296875,3577500,46.652793884277344,0.0,0.0
TECK,2024-07-30,47.25,48.33000183105469,47.150001525878906,47.41999816894531,2696400,46.544822692871094,0.0,0.0
TECK,2024-07-31,48.91999816894531,49.650001525878906,48.66999816894531,49.0099983215332,3469900,48.10547637939453,0.0,0.0
TECK,2024-08-01,48.959999084472656,49.150001525878906,46.36000061035156,47.119998931884766,3407200,46.25035858154297,0.0,0.0
TECK,2024-08-02,46.43000030517578,46.470001220703125,44.349998474121094,45.13999938964844,4176600,44.30690383911133,0.0,0.0
TECK,2024-08-05,41.900001525878906,44.689998626708984,41.59000015258789,44.380001068115234,4177500,43.56092834472656,0.0,0.0
TECK,2024-08-06,44.130001068115234,45.619998931884766,43.880001068115234,45.20000076293945,2372900,44.36579513549805,0.0,0.0
TECK,2024-08-07,46.0099983215332,46.29999923706055,43.34000015258789,43.56999969482422,3945600,42.76587677001953,0.0,0.0
TECK,2024-08-08,44.349998474121094,45.15999984741211,44.0,44.90999984741211,2324800,44.081146240234375,0.0,0.0
TECK,2024-08-09,45.0,45.709999084472656,44.91999816894531,45.40999984741211,2140500,44.57191848754883,0.0,0.0
TECK,2024-08-12,45.5099983215332,46.56999969482422,45.5099983215332,46.41999816894531,2787200,45.56327819824219,0.0,0.0
TECK,2024-08-13,46.34000015258789,46.95000076293945,45.68000030517578,46.630001068115234,1844000,45.769405364990234,0.0,0.0
TECK,2024-08-14,46.66999816894531,46.91999816894531,46.11000061035156,46.81999969482422,2181100,45.955894470214844,0.0,0.0
TECK,2024-08-15,47.72999954223633,49.20000076293945,47.689998626708984,49.0099983215332,3720500,48.10547637939453,0.0,0.0
TECK,2024-08-16,48.7400016784668,49.150001525878906,48.220001220703125,48.75,2937300,47.85028076171875,0.0,0.0
TECK,2024-08-19,49.20000076293945,49.58000183105469,48.95000076293945,49.349998474121094,1972500,48.43920135498047,0.0,0.0
TECK,2024-08-20,49.5099983215332,49.66999816894531,48.29999923706055,48.47999954223633,2231800,47.58525848388672,0.0,0.0
TECK,2024-08-21,48.959999084472656,49.290000915527344,48.650001525878906,48.91999816894531,1966900,48.01713943481445,0.0,0.0
TECK,2024-08-22,48.599998474121094,48.650001525878906,47.779998779296875,47.93000030517578,1683800,47.04541015625,0.0,0.0
TECK,2024-08-23,48.38999938964844,49.349998474121094,48.279998779296875,48.88999938964844,1647400,47.987693786621094,0.0,0.0
TECK,2024-08-26,49.45000076293945,49.81999969482422,49.09000015258789,49.220001220703125,1240000,48.31160354614258,0.0,0.0
TECK,2024-08-27,48.939998626708984,49.5099983215332,48.689998626708984,48.86000061035156,1508000,47.958248138427734,0.0,0.0
TECK,2024-08-28,47.5,47.93000030517578,46.939998626708984,47.06999969482422,2078300,46.2012825012207,0.0,0.0
TECK,2024-08-29,47.29999923706055,47.79999923706055,47.18000030517578,47.369998931884766,2004800,46.49574279785156,0.0,0.0
TECK,2024-08-30,47.45000076293945,48.040000915527344,47.099998474121094,47.900001525878906,1163500,47.01596450805664,0.0,0.0
TECK,2024-09-03,46.08000183105469,46.290000915527344,44.380001068115234,44.58000183105469,4404300,43.757240295410156,0.0,0.0
TECK,2024-09-04,44.5,45.81999969482422,44.5,45.08000183105469,3663900,44.248008728027344,0.0,0.0
TECK,2024-09-05,45.72999954223633,46.209999084472656,44.61000061035156,44.709999084472656,2388500,43.88483428955078,0.0,0.0
TECK,2024-09-06,44.41999816894531,45.02000045776367,43.150001525878906,43.4900016784668,3588900,42.68735122680664,0.0,0.0
TECK,2024-09-09,43.779998779296875,44.790000915527344,43.779998779296875,44.22999954223633,2179000,43.4136962890625,0.0,0.0
TECK,2024-09-10,44.02000045776367,44.5099983215332,43.47999954223633,44.25,2483500,43.43332290649414,0.0,0.0
TECK,2024-09-11,44.52000045776367,44.95000076293945,43.40999984741211,44.779998779296875,3336800,43.95354461669922,0.0,0.0
TECK,2024-09-12,45.400001525878906,46.5,45.31999969482422,46.27000045776367,3408800,45.416046142578125,0.0,0.0
TECK,2024-09-13,46.599998474121094,47.11000061035156,46.04999923706055,46.33000183105469,3016600,45.93157958984375,0.46,0.0
TECK,2024-09-16,46.650001525878906,47.13999938964844,46.209999084472656,47.060001373291016,2340900,46.65530014038086,0.0,0.0
TECK,2024-09-17,47.060001373291016,47.33000183105469,46.54999923706055,46.790000915527344,1674400,46.38762283325195,0.0,0.0
TECK,2024-09-18,47.0,48.41999816894531,46.349998474121094,47.099998474121094,2861200,46.694950103759766,0.0,0.0
TECK,2024-09-19,49.0,49.400001525878906,47.9900016784668,48.970001220703125,3652200,48.54887390136719,0.0,0.0
TECK,2024-09-20,49.0,49.189998626708984,48.08000183105469,48.90999984741211,3392600,48.4893913269043,0.0,0.0
TECK,2024-09-23,49.11000061035156,49.93000030517578,49.040000915527344,49.09000015258789,2322100,48.66783905029297,0.0,0.0
TECK,2024-09-24,51.40999984741211,51.59000015258789,50.5099983215332,51.0,4464900,50.56141662597656,0.0,0.0
TECK,2024-09-25,50.93000030517578,51.06999969482422,50.31999969482422,50.58000183105469,2868800,50.1450309753418,0.0,0.0
TECK,2024-09-26,52.0,54.130001068115234,51.880001068115234,53.400001525878906,5720400,52.94078063964844,0.0,0.0
TECK,2024-09-27,53.400001525878906,53.630001068115234,51.959999084472656,52.439998626708984,5233200,51.98902893066406,0.0,0.0
TECK,2024-09-30,51.849998474121094,52.40999984741211,51.540000915527344,52.2400016784668,2947400,51.79075241088867,0.0,0.0
TECK,2024-10-01,52.5,52.630001068115234,51.36000061035156,51.880001068115234,2585100,51.4338493347168,0.0,0.0
TECK,2024-10-02,52.16999816894531,52.97999954223633,51.810001373291016,52.380001068115234,2074300,51.92955017089844,0.0,0.0
TECK,2024-10-03,51.38999938964844,51.779998779296875,51.119998931884766,51.369998931884766,2108000,50.92823028564453,0.0,0.0
TECK,2024-10-04,52.2400016784668,52.369998931884766,51.630001068115234,51.81999969482422,2280900,51.37436294555664,0.0,0.0
TECK,2024-10-07,51.70000076293945,51.79999923706055,50.58000183105469,51.13999938964844,2266000,50.7002067565918,0.0,0.0
TECK,2024-10-08,49.61000061035156,49.81999969482422,48.06999969482422,48.59000015258789,3931500,48.17213821411133,0.0,0.0
TECK,2024-10-09,48.20000076293945,49.61000061035156,47.939998626708984,49.25,2619500,48.82646179199219,0.0,0.0
TECK,2024-10-10,48.9900016784668,50.560001373291016,48.560001373291016,50.400001525878906,3738800,49.966575622558594,0.0,0.0
TECK,2024-10-11,50.619998931884766,51.58000183105469,50.4900016784668,51.20000076293945,5335700,50.75969696044922,0.0,0.0
TECK,2024-10-14,49.56999969482422,51.33000183105469,49.34000015258789,51.0,4447200,50.56141662597656,0.0,0.0
TECK,2024-10-15,50.310001373291016,50.349998474121094,49.150001525878906,49.349998474121094,3101200,48.925601959228516,0.0,0.0
TECK,2024-10-16,49.900001525878906,50.95000076293945,49.689998626708984,50.310001373291016,2857200,49.877349853515625,0.0,0.0
TECK,2024-10-17,50.66999816894531,50.689998626708984,49.939998626708984,50.5,2731100,50.065711975097656,0.0,0.0
TECK,2024-10-18,51.38999938964844,51.47999954223633,50.380001068115234,50.439998626708984,1930900,50.00623321533203,0.0,0.0
TECK,2024-10-21,50.439998626708984,50.720001220703125,48.970001220703125,49.709999084472656,2736300,49.282508850097656,0.0,0.0
TECK,2024-10-22,50.0,50.7400016784668,49.36000061035156,50.31999969482422,2199600,49.88726043701172,0.0,0.0
TECK,2024-10-23,49.369998931884766,49.7400016784668,48.849998474121094,49.54999923706055,2195200,49.12388229370117,0.0,0.0
TECK,2024-10-24,46.36000061035156,47.56999969482422,45.880001068115234,46.810001373291016,9389600,46.407447814941406,0.0,0.0
TECK,2024-10-25,46.41999816894531,47.86000061035156,46.25,47.349998474121094,2922700,46.94280242919922,0.0,0.0
TECK,2024-10-28,47.400001525878906,48.43000030517578,47.380001068115234,47.7400016784668,2087100,47.32945251464844,0.0,0.0
TECK,2024-10-29,47.84000015258789,48.439998626708984,47.599998474121094,47.810001373291016,2127100,47.39884948730469,0.0,0.0
TECK,2024-10-30,47.33000183105469,47.66999816894531,46.83000183105469,47.189998626708984,2205500,46.784175872802734,0.0,0.0
TECK,2024-10-31,47.11000061035156,47.150001525878906,46.22999954223633,46.4900016784668,2283500,46.09020233154297,0.0,0.0
TECK,2024-11-01,47.439998626708984,47.5,46.65999984741211,46.75,1361300,46.347965240478516,0.0,0.0
TECK,2024-11-04,47.22999954223633,47.9900016784668,46.93000030517578,46.93000030517578,2281100,46.52641677856445,0.0,0.0
TECK,2024-11-05,47.709999084472656,49.150001525878906,47.56999969482422,48.790000915527344,3039300,48.37042236328125,0.0,0.0
TECK,2024-11-06,47.689998626708984,49.38999938964844,46.75,49.09000015258789,3736400,48.66783905029297,0.0,0.0
TECK,2024-11-07,51.06999969482422,51.34000015258789,50.380001068115234,51.060001373291016,2604100,50.62089920043945,0.0,0.0
TECK,2024-11-08,48.68000030517578,49.709999084472656,47.75,48.689998626708984,3519700,48.271278381347656,0.0,0.0
TECK,2024-11-11,47.709999084472656,48.119998931884766,47.11000061035156,47.599998474121094,1950500,47.190650939941406,0.0,0.0
TECK,2024-11-12,46.5,46.869998931884766,45.56999969482422,46.43000030517578,3625300,46.03071594238281,0.0,0.0
TECK,2024-11-13,46.290000915527344,46.5,44.790000915527344,44.88999938964844,6343100,44.50395584106445,0.0,0.0
TECK,2024-11-14,44.91999816894531,45.880001068115234,44.650001525878906,45.380001068115234,4129000,44.98974609375,0.0,0.0
TECK,2024-11-15,45.52000045776367,46.130001068115234,44.7599983215332,44.9900016784668,2556000,44.60309982299805,0.0,0.0
TECK,2024-11-18,45.470001220703125,46.5,45.08000183105469,46.16999816894531,2679700,45.77294921875,0.0,0.0
TECK,2024-11-19,46.2400016784668,47.18000030517578,45.90999984741211,47.130001068115234,2417100,46.72469711303711,0.0,0.0
TECK,2024-11-20,47.0,47.41999816894531,46.619998931884766,46.650001525878906,2727300,46.24882507324219,0.0,0.0
TECK,2024-11-21,46.900001525878906,47.43000030517578,46.68000030517578,47.209999084472656,2218700,46.80400466918945,0.0,0.0
TECK,2024-11-22,46.91999816894531,47.209999084472656,46.619998931884766,46.810001373291016,1785700,46.407447814941406,0.0,0.0
TECK,2024-11-25,46.79999923706055,47.400001525878906,46.650001525878906,47.099998474121094,2562900,46.694950103759766,0.0,0.0
TECK,2024-11-26,46.810001373291016,46.90999984741211,46.099998474121094,46.29999923706055,1631700,45.901832580566406,0.0,0.0
TECK,2024-11-27,46.29999923706055,47.13999938964844,46.08000183105469,46.2400016784668,1966700,45.84234619140625,0.0,0.0
TECK,2024-11-29,46.2400016784668,46.959999084472656,46.2400016784668,46.68000030517578,1422400,46.278564453125,0.0,0.0
TECK,2024-12-02,46.58000183105469,46.880001068115234,45.540000915527344,46.130001068115234,2735900,45.73329544067383,0.0,0.0
TECK,2024-12-03,47.5,48.470001220703125,45.90999984741211,46.119998931884766,3589700,45.72338104248047,0.0,0.0
TECK,2024-12-04,46.099998474121094,46.470001220703125,45.75,45.779998779296875,1872000,45.38630294799805,0.0,0.0
TECK,2024-12-05,45.599998474121094,45.97999954223633,45.16999816894531,45.41999816894531,2089600,45.02939987182617,0.0,0.0
TECK,2024-12-06,45.2400016784668,45.4900016784668,44.90999984741211,44.959999084472656,2098500,44.57335662841797,0.0,0.0
TECK,2024-12-09,47.04999923706055,47.86000061035156,46.529998779296875,46.790000915527344,3844600,46.38762283325195,0.0,0.0
TECK,2024-12-10,45.93000030517578,46.40999984741211,45.290000915527344,45.4900016784668,1780400,45.09880065917969,0.0,0.0
TECK,2024-12-11,45.63999938964844,45.959999084472656,45.400001525878906,45.86000061035156,2050700,45.465614318847656,0.0,0.0
TECK,2024-12-12,45.5,45.79999923706055,45.0,45.20000076293945,1554000,44.81129455566406,0.0,0.0
TECK,2024-12-13,44.56999969482422,44.72999954223633,43.619998931884766,44.09000015258789,3021100,43.79610824584961,0.088,0.0
TECK,2024-12-16,43.779998779296875,44.0,42.41999816894531,42.7400016784668,3423100,42.455108642578125,0.0,0.0
TECK,2024-12-17,42.119998931884766,42.439998626708984,41.7599983215332,42.09000015258789,2927900,41.8094367980957,0.0,0.0
TECK,2024-12-18,41.9900016784668,42.09000015258789,39.810001373291016,40.119998931884766,2977700,39.852569580078125,0.0,0.0
TECK,2024-12-19,40.22999954223633,40.66999816894531,39.86000061035156,39.9900016784668,2373400,39.72343826293945,0.0,0.0
TECK,2024-12-20,39.79999923706055,41.33000183105469,39.75,40.939998626708984,3471400,40.6671028137207,0.0,0.0
TECK,2024-12-23,40.65999984741211,41.38999938964844,40.529998779296875,41.25,2260700,40.97503662109375,0.0,0.0
TECK,2024-12-24,41.47999954223633,41.47999954223633,40.83000183105469,41.18000030517578,664500,40.9055061340332,0.0,0.0
TECK,2024-12-26,41.0,41.279998779296875,40.88999938964844,41.11000061035156,1776300,40.83597183227539,0.0,0.0
TECK,2024-12-27,40.72999954223633,41.20000076293945,40.540000915527344,40.810001373291016,1420100,40.53797149658203,0.0,0.0
TECK,2024-12-30,40.5,40.59000015258789,40.040000915527344,40.34000015258789,1890500,40.07110595703125,0.0,0.0
TECK,2024-12-31,40.2400016784668,40.88999938964844,40.189998626708984,40.529998779296875,1474600,40.25983810424805,0.0,0.0
TECK,2025-01-02,41.150001525878906,41.279998779296875,40.63999938964844,40.91999816894531,1292500,40.64723587036133,0.0,0.0
TECK,2025-01-03,41.20000076293945,41.369998931884766,40.439998626708984,40.9900016784668,1546400,40.716773986816406,0.0,0.0
TECK,2025-01-06,42.209999084472656,42.45000076293945,41.369998931884766,41.439998626708984,2543900,41.16376876831055,0.0,0.0
TECK,2025-01-07,41.77000045776367,41.880001068115234,40.91999816894531,41.16999816894531,2041100,40.89556884765625,0.0,0.0
TECK,2025-01-08,40.79999923706055,41.75,40.59000015258789,41.470001220703125,2429700,41.193572998046875,0.0,0.0
TECK,2025-01-10,42.31999969482422,42.459999084472656,41.540000915527344,42.029998779296875,3801600,41.749839782714844,0.0,0.0
TECK,2025-01-13,41.810001373291016,42.86000061035156,41.709999084472656,42.22999954223633,2500200,41.94850158691406,0.0,0.0
TECK,2025-01-14,42.529998779296875,42.81999969482422,42.29999923706055,42.5,2116100,42.216705322265625,0.0,0.0
TECK,2025-01-15,43.220001220703125,43.41999816894531,42.540000915527344,42.779998779296875,1909200,42.49483871459961,0.0,0.0
TECK,2025-01-16,42.79999923706055,42.9900016784668,41.290000915527344,42.36000061035156,5022500,42.07763671875,0.0,0.0
TECK,2025-01-17,42.52000045776367,43.970001220703125,42.29999923706055,43.15999984741211,4108100,42.87230682373047,0.0,0.0
TECK,2025-01-21,43.95000076293945,44.5,43.43000030517578,43.7400016784668,3808500,43.44844436645508,0.0,0.0
TECK,2025-01-22,44.08000183105469,44.13999938964844,42.849998474121094,42.90999984741211,2663500,42.62397003173828,0.0,0.0
TECK,2025-01-23,42.7599983215332,43.5099983215332,42.59000015258789,43.349998474121094,3026400,43.06103515625,0.0,0.0
TECK,2025-01-24,43.939998626708984,44.060001373291016,43.279998779296875,43.36000061035156,2170100,43.07097244262695,0.0,0.0
TECK,2025-01-27,42.66999816894531,42.70000076293945,41.68000030517578,42.439998626708984,3057100,42.157100677490234,0.0,0.0
TECK,2025-01-28,42.349998474121094,42.380001068115234,40.68000030517578,40.849998474121094,3302200,40.57770538330078,0.0,0.0
TECK,2025-01-29,40.959999084472656,41.720001220703125,40.709999084472656,41.150001525878906,3477000,40.87570571899414,0.0,0.0
TECK,2025-01-30,41.63999938964844,42.130001068115234,41.2599983215332,41.709999084472656,2446600,41.43197250366211,0.0,0.0
TECK,2025-01-31,41.5,41.9900016784668,40.790000915527344,40.880001068115234,2198000,40.607505798339844,0.0,0.0
TECK,2025-02-03,39.36000061035156,40.880001068115234,39.04999923706055,40.09000015258789,4119500,39.82276916503906,0.0,0.0
TECK,2025-02-04,40.16999816894531,42.04999923706055,40.16999816894531,41.95000076293945,3175500,41.670372009277344,0.0,0.0
TECK,2025-02-05,41.91999816894531,42.599998474121094,41.65999984741211,42.5,2254100,42.216705322265625,0.0,0.0
TECK,2025-02-06,43.2400016784668,43.400001525878906,42.34000015258789,42.59000015258789,1978500,42.30610656738281,0.0,0.0
TECK,2025-02-07,43.369998931884766,44.31999969482422,42.779998779296875,43.04999923706055,4561200,42.763038635253906,0.0,0.0
TECK,2025-02-10,43.58000183105469,43.880001068115234,42.970001220703125,43.16999816894531,3103700,42.88223648071289,0.0,0.0
TECK,2025-02-11,41.95000076293945,42.36000061035156,41.70000076293945,42.290000915527344,2933600,42.00810623168945,0.0,0.0
TECK,2025-02-12,42.0,43.08000183105469,41.93000030517578,42.939998626708984,2906600,42.65376663208008,0.0,0.0
TECK,2025-02-13,43.15999984741211,43.88999938964844,42.9900016784668,43.86000061035156,2082500,43.5676383972168,0.0,0.0
TECK,2025-02-14,43.970001220703125,44.4900016784668,43.08000183105469,43.08000183105469,2432900,42.792842864990234,0.0,0.0
TECK,2025-02-18,43.220001220703125,43.4900016784668,42.970001220703125,43.11000061035156,2550600,42.8226432800293,0.0,0.0
TECK,2025-02-19,42.97999954223633,42.97999954223633,41.88999938964844,42.70000076293945,3684600,42.415374755859375,0.0,0.0
TECK,2025-02-20,43.619998931884766,44.2400016784668,43.099998474121094,43.36000061035156,3928000,43.07097244262695,0.0,0.0
TECK,2025-02-21,42.849998474121094,43.040000915527344,40.779998779296875,41.130001068115234,4162200,40.855838775634766,0.0,0.0
TECK,2025-02-24,41.25,41.61000061035156,40.56999969482422,40.86000061035156,2745600,40.5876350402832,0.0,0.0
TECK,2025-02-25,41.08000183105469,41.2599983215332,40.119998931884766,40.599998474121094,2817200,40.329368591308594,0.0,0.0
TECK,2025-02-26,41.029998779296875,41.91999816894531,40.900001525878906,41.380001068115234,3884000,41.10417175292969,0.0,0.0
TECK,2025-02-27,41.22999954223633,41.349998474121094,40.15999984741211,40.2599983215332,2435000,39.99163818359375,0.0,0.0
TECK,2025-02-28,39.810001373291016,40.38999938964844,39.529998779296875,40.33000183105469,4241400,40.0611686706543,0.0,0.0
TECK,2025-03-03,41.459999084472656,41.900001525878906,39.130001068115234,39.560001373291016,3490000,39.296302795410156,0.0,0.0
TECK,2025-03-04,39.29999923706055,39.599998474121094,37.75,38.63999938964844,5036100,38.38243103027344,0.0,0.0
TECK,2025-03-05,40.27000045776367,41.630001068115234,39.790000915527344,41.540000915527344,4463700,41.26310348510742,0.0,0.0
TECK,2025-03-06,41.06999969482422,42.54999923706055,40.56999969482422,40.779998779296875,3432800,40.5081672668457,0.0,0.0
TECK,2025-03-07,40.31999969482422,40.599998474121094,38.72999954223633,39.779998779296875,5048400,39.51483154296875,0.0,0.0
TECK,2025-03-10,38.93000030517578,38.93000030517578,36.540000915527344,37.369998931884766,6161500,37.12090301513672,0.0,0.0
TECK,2025-03-11,37.650001525878906,38.779998779296875,37.16999816894531,38.52000045776367,3771500,38.26323699951172,0.0,0.0
TECK,2025-03-12,39.279998779296875,40.540000915527344,39.099998474121094,40.02000045776367,4551100,39.753238677978516,0.0,0.0
TECK,2025-03-13,40.47999954223633,41.79999923706055,40.130001068115234,40.4900016784668,4766200,40.2201042175293,0.0,0.0
TECK,2025-03-14,40.86000061035156,42.18000030517578,40.849998474121094,42.119998931884766,3704100,41.92932891845703,0.087,0.0
TECK,2025-03-17,42.54999923706055,43.08000183105469,42.38999938964844,42.77000045776367,2573300,42.57638931274414,0.0,0.0
TECK,2025-03-18,43.29999923706055,43.29999923706055,41.630001068115234,42.27000045776367,3674700,42.07865524291992,0.0,0.0
TECK,2025-03-19,42.33000183105469,43.13999938964844,42.060001373291016,42.59000015258789,3316900,42.3972053527832,0.0,0.0
TECK,2025-03-20,42.09000015258789,42.959999084472656,41.79999923706055,42.47999954223633,2535300,42.28770065307617,0.0,0.0
TECK,2025-03-21,41.75,41.849998474121094,40.77000045776367,41.470001220703125,3531800,41.28227233886719,0.0,0.0
TECK,2025-03-24,42.310001373291016,42.70000076293945,41.68000030517578,41.90999984741211,3109200,41.72028350830078,0.0,0.0
TECK,2025-03-25,42.599998474121094,42.93000030517578,42.380001068115234,42.72999954223633,2757000,42.53657150268555,0.0,0.0
TECK,2025-03-26,42.68000030517578,42.9900016784668,40.08000183105469,40.119998931884766,5898200,39.938385009765625,0.0,0.0
TECK,2025-03-27,39.2599983215332,39.63999938964844,38.86000061035156,39.31999969482422,3713000,39.142005920410156,0.0,0.0
TECK,2025-03-28,39.0099983215332,39.25,37.150001525878906,37.45000076293945,4462000,37.28047180175781,0.0,0.0
TECK,2025-03-31,36.15999984741211,36.630001068115234,35.13999938964844,36.43000030517578,4155700,36.26509094238281,0.0,0.0
TECK,2025-04-01,36.16999816894531,36.900001525878906,35.720001220703125,36.720001220703125,3876100,36.55377960205078,0.0,0.0
TECK,2025-04-02,36.880001068115234,37.68000030517578,36.400001525878906,37.599998474121094,2718100,37.42979049682617,0.0,0.0
TECK,2025-04-03,35.36000061035156,35.81999969482422,33.81999969482422,34.08000183105469,6735600,33.92573165893555,0.0,0.0
TECK,2025-04-04,31.81999969482422,32.15999984741211,29.260000228881836,29.959999084472656,8959700,29.824377059936523,0.0,0.0
TECK,2025-04-07,28.790000915527344,32.02000045776367,28.350000381469727,30.34000015258789,5631000,30.20265769958496,0.0,0.0
TECK,2025-04-08,32.0,32.599998474121094,28.549999237060547,29.049999237060547,5665500,28.918495178222656,0.0,0.0
TECK,2025-04-09,28.860000610351562,34.36000061035156,28.31999969482422,33.400001525878906,10539400,33.24880599975586,0.0,0.0
TECK,2025-04-10,32.529998779296875,32.7400016784668,30.959999084472656,31.75,5722800,31.60627555847168,0.0,0.0
TECK,2025-04-11,32.38999938964844,33.90999984741211,32.06999969482422,33.599998474121094,5399700,33.447898864746094,0.0,0.0
TECK,2025-04-14,34.099998474121094,34.72999954223633,33.27000045776367,33.72999954223633,3699800,33.57731246948242,0.0,0.0
TECK,2025-04-15,33.810001373291016,34.2400016784668,33.560001373291016,33.81999969482422,2051700,33.66690444946289,0.0,0.0
TECK,2025-04-16,33.63999938964844,33.959999084472656,32.70000076293945,33.45000076293945,4990600,33.29857635498047,0.0,0.0
TECK,2025-04-17,33.5,33.650001525878906,32.4900016784668,32.90999984741211,2714400,32.76102066040039,0.0,0.0
TECK,2025-04-21,33.2400016784668,33.279998779296875,32.15999984741211,32.72999954223633,2670000,32.58183670043945,0.0,0.0
TECK,2025-04-22,33.400001525878906,34.47999954223633,33.099998474121094,33.84000015258789,3636300,33.68681335449219,0.0,0.0
TECK,2025-04-23,35.060001373291016,36.08000183105469,34.529998779296875,34.880001068115234,5116200,34.72210693359375,0.0,0.0
TECK,2025-04-24,35.599998474121094,36.849998474121094,35.560001373291016,36.2400016784668,5020900,36.075950622558594,0.0,0.0
TECK,2025-04-25,35.47999954223633,36.189998626708984,35.290000915527344,35.58000183105469,3668000,35.41893768310547,0.0,0.0
TECK,2025-04-28,35.2400016784668,36.189998626708984,35.08000183105469,35.380001068115234,2032000,35.21984100341797,0.0,0.0
TECK,2025-04-29,35.5,36.11000061035156,35.18000030517578,35.22999954223633,1911400,35.07052230834961,0.0,0.0
TECK,2025-04-30,33.5,34.130001068115234,32.91999816894531,33.9900016784668,5474900,33.83613586425781,0.0,0.0
TECK,2025-05-01,34.11000061035156,34.900001525878906,33.93000030517578,34.20000076293945,2601400,34.04518508911133,0.0,0.0
TECK,2025-05-02,35.09000015258789,35.56999969482422,34.619998931884766,35.470001220703125,3019500,35.3094367980957,0.0,0.0
TECK,2025-05-05,35.2599983215332,35.400001525878906,34.869998931884766,34.88999938964844,2424300,34.732059478759766,0.0,0.0
TECK,2025-05-06,34.77000045776367,35.31999969482422,34.630001068115234,35.099998474121094,2312800,34.94110870361328,0.0,0.0
TECK,2025-05-07,34.70000076293945,35.0,33.58000183105469,33.9900016784668,2929200,33.83613586425781,0.0,0.0
TECK,2025-05-08,34.33000183105469,34.939998626708984,33.93000030517578,34.709999084472656,3356800,34.55287551879883,0.0,0.0
TECK,2025-05-09,35.09000015258789,35.869998931884766,35.02000045776367,35.72999954223633,3074200,35.56825637817383,0.0,0.0
TECK,2025-05-12,37.97999954223633,38.880001068115234,37.439998626708984,37.66999816894531,6514800,37.499473571777344,0.0,0.0
TECK,2025-05-13,37.77000045776367,38.79999923706055,37.77000045776367,37.970001220703125,3793800,37.798118591308594,0.0,0.0
TECK,2025-05-14,37.65999984741211,37.66999816894531,36.91999816894531,37.099998474121094,3424700,36.93205642700195,0.0,0.0
TECK,2025-05-15,36.619998931884766,36.66999816894531,35.83000183105469,36.4900016784668,3630100,36.3248176574707,0.0,0.0
TECK,2025-05-16,36.0,36.29999923706055,34.79999923706055,35.68000030517578,4972600,35.51848220825195,0.0,0.0
TECK,2025-05-19,35.150001525878906,36.029998779296875,35.150001525878906,35.9900016784668,1813000,35.827083587646484,0.0,0.0
TECK,2025-05-20,35.790000915527344,36.20000076293945,35.70000076293945,35.959999084472656,2945100,35.797218322753906,0.0,0.0
TECK,2025-05-21,35.88999938964844,36.22999954223633,35.619998931884766,35.63999938964844,1853700,35.47866439819336,0.0,0.0
TECK,2025-05-22,35.36000061035156,35.75,35.27000045776367,35.470001220703125,1980700,35.3094367980957,0.0,0.0
TECK,2025-05-23,35.150001525878906,36.630001068115234,35.150001525878906,36.599998474121094,2992300,36.43431854248047,0.0,0.0
TECK,2025-05-27,37.97999954223633,38.45000076293945,37.38999938964844,37.86000061035156,4758600,37.68861770629883,0.0,0.0
TECK,2025-05-28,37.52000045776367,37.849998474121094,37.0,37.400001525878906,2601200,37.2307014465332,0.0,0.0
TECK,2025-05-29,37.95000076293945,38.130001068115234,37.47999954223633,37.68000030517578,1876500,37.509429931640625,0.0,0.0
TECK,2025-05-30,37.27000045776367,37.599998474121094,36.540000915527344,37.04999923706055,2433700,36.88228225708008,0.0,0.0
TECK,2025-06-02,37.77000045776367,37.939998626708984,36.41999816894531,36.959999084472656,3861500,36.792686462402344,0.0,0.0
TECK,2025-06-03,36.470001220703125,37.099998474121094,36.209999084472656,37.060001373291016,2406400,36.89223861694336,0.0,0.0
TECK,2025-06-04,37.36000061035156,37.720001220703125,37.0099983215332,37.27000045776367,2047100,37.101287841796875,0.0,0.0
TECK,2025-06-05,38.290000915527344,39.13999938964844,38.150001525878906,38.599998474121094,4244100,38.42526626586914,0.0,0.0
TECK,2025-06-06,38.83000183105469,39.119998931884766,38.5,38.56999969482422,3077200,38.39540100097656,0.0,0.0
TECK,2025-06-09,38.709999084472656,39.380001068115234,38.709999084472656,38.9900016784668,3007800,38.81350326538086,0.0,0.0
TECK,2025-06-10,39.029998779296875,39.22999954223633,38.56999969482422,39.0099983215332,2502300,38.83340835571289,0.0,0.0
TECK,2025-06-11,39.06999969482422,39.06999969482422,38.15999984741211,38.79999923706055,2783800,38.624359130859375,0.0,0.0
TECK,2025-06-12,38.16999816894531,38.849998474121094,37.88999938964844,37.970001220703125,5198300,37.798118591308594,0.0,0.0
TECK,2025-06-13,37.15999984741211,38.88999938964844,37.040000915527344,38.599998474121094,3182800,38.42526626586914,0.0,0.0
TECK,2025-06-16,39.0,39.52000045776367,38.959999084472656,39.119998931884766,2733400,39.03594970703125,0.092,0.0
TECK,2025-06-17,38.97999954223633,39.400001525878906,38.369998931884766,38.4900016784668,2213900,38.40730667114258,0.0,0.0
TECK,2025-06-18,38.470001220703125,38.7599983215332,38.15999984741211,38.2400016784668,2589000,38.15784454345703,0.0,0.0
TECK,2025-06-20,38.529998779296875,38.529998779296875,37.439998626708984,37.45000076293945,2179100,37.369537353515625,0.0,0.0
TECK,2025-06-23,37.08000183105469,38.47999954223633,37.02000045776367,38.209999084472656,2634200,38.12790298461914,0.0,0.0
TECK,2025-06-24,38.279998779296875,38.689998626708984,38.15999984741211,38.54999923706055,3043700,38.4671745300293,0.0,0.0
TECK,2025-06-25,38.529998779296875,38.7599983215332,37.95000076293945,38.25,2649000,38.16781997680664,0.0,0.0
TECK,2025-06-26,39.2400016784668,41.66999816894531,39.13999938964844,41.47999954223633,6055300,41.3908805847168,0.0,0.0
TECK,2025-06-27,41.25,41.33000183105469,40.33000183105469,40.529998779296875,4264000,40.44292068481445,0.0,0.0
TECK,2025-06-30,40.400001525878906,40.970001220703125,40.06999969482422,40.380001068115234,3001200,40.293243408203125,0.0,0.0
TECK,2025-07-01,40.75,41.15999984741211,39.91999816894531,40.29999923706055,2022500,40.21341323852539,0.0,0.0
TECK,2025-07-02,40.83000183105469,42.380001068115234,40.599998474121094,41.709999084472656,4623100,41.620384216308594,0.0,0.0
TECK,2025-07-03,41.70000076293945,41.880001068115234,40.63999938964844,40.81999969482422,1868400,40.732295989990234,0.0,0.0
TECK,2025-07-07,40.36000061035156,40.810001373291016,39.93000030517578,40.279998779296875,2943800,40.193458557128906,0.0,0.0
TECK,2025-07-08,40.650001525878906,41.720001220703125,38.720001220703125,39.119998931884766,10451100,39.03594970703125,0.0,0.0
TECK,2025-07-09,39.099998474121094,39.529998779296875,38.18000030517578,38.439998626708984,4334400,38.3574104309082,0.0,0.0
TECK,2025-07-10,39.310001373291016,39.349998474121094,38.5,38.810001373291016,5157700,38.72661590576172,0.0,0.0
TECK,2025-07-11,38.18000030517578,38.33000183105469,37.41999816894531,38.310001373291016,4451500,38.227691650390625,0.0,0.0
TECK,2025-07-14,38.06999969482422,38.38999938964844,37.79999923706055,38.36000061035156,2245000,38.277584075927734,0.0,0.0
TECK,2025-07-15,38.060001373291016,38.279998779296875,37.119998931884766,37.529998779296875,4719800,37.449363708496094,0.0,0.0
TECK,2025-07-16,37.59000015258789,37.61000061035156,36.45000076293945,37.08000183105469,3731500,37.000335693359375,0.0,0.0
TECK,2025-07-17,36.869998931884766,38.27000045776367,36.869998931884766,38.04999923706055,4359000,37.9682502746582,0.0,0.0
TECK,2025-07-18,38.290000915527344,38.290000915527344,37.41999816894531,37.52000045776367,2476200,37.439388275146484,0.0,0.0
TECK,2025-07-21,38.25,38.5,37.779998779296875,37.970001220703125,4440900,37.888423919677734,0.0,0.0
TECK,2025-07-22,38.22999954223633,38.790000915527344,37.650001525878906,38.790000915527344,4713800,38.706661224365234,0.0,0.0
TECK,2025-07-23,39.18000030517578,39.290000915527344,38.2400016784668,38.59000015258789,5013900,38.50708770751953,0.0,0.0
TECK,2025-07-24,37.040000915527344,37.45000076293945,35.119998931884766,35.119998931884766,12077500,35.0445442199707,0.0,0.0
TECK,2025-07-25,34.66999816894531,34.66999816894531,32.9900016784668,33.0,12645200,32.929100036621094,0.0,0.0
TECK,2025-07-28,32.79999923706055,34.099998474121094,32.61000061035156,33.72999954223633,9070400,33.65753173828125,0.0,0.0
TECK,2025-07-29,33.88999938964844,33.88999938964844,32.65999984741211,33.02000045776367,4980700,32.949058532714844,0.0,0.0
TECK,2025-07-30,32.91999816894531,34.47999954223633,31.469999313354492,32.130001068115234,11534400,32.060970306396484,0.0,0.0
TECK,2025-07-31,31.790000915527344,32.79999923706055,31.600000381469727,32.459999084472656,5335500,32.3902587890625,0.0,0.0
TECK,2025-08-01,32.0,32.33000183105469,31.309999465942383,31.610000610351562,4353400,31.542085647583008,0.0,0.0
TECK,2025-08-04,32.0,32.59000015258789,31.639999389648438,32.5099983215332,2645800,32.44015121459961,0.0,0.0
TECK,2025-08-05,32.5099983215332,32.599998474121094,31.719999313354492,32.59000015258789,2997800,32.519981384277344,0.0,0.0
TECK,2025-08-06,32.75,32.86000061035156,32.22999954223633,32.380001068115234,2638500,32.31043243408203,0.0,0.0
TECK,2025-08-07,33.11000061035156,33.279998779296875,32.779998779296875,33.20000076293945,2704600,33.12866973876953,0.0,0.0
TECK,2025-08-08,33.47999954223633,33.75,33.02000045776367,33.029998779296875,3807700,32.95903396606445,0.0,0.0
TECK,2025-08-11,32.869998931884766,33.130001068115234,31.979999542236328,32.29999923706055,3891900,32.2306022644043,0.0,0.0
TECK,2025-08-12,32.56999969482422,32.79999923706055,32.33000183105469,32.5099983215332,3756400,32.44015121459961,0.0,0.0
TECK,2025-08-13,32.81999969482422,33.06999969482422,32.54999923706055,32.72999954223633,3556800,32.6596794128418,0.0,0.0
TECK,2025-08-14,32.18000030517578,32.40999984741211,31.790000915527344,32.27000045776367,2454800,32.20066833496094,0.0,0.0
TECK,2025-08-15,32.65999984741211,32.65999984741211,32.189998626708984,32.2400016784668,1950600,32.17073440551758,0.0,0.0
TECK,2025-08-18,32.13999938964844,32.13999938964844,31.610000610351562,31.6299991607666,2454800,31.562042236328125,0.0,0.0
TECK,2025-08-19,31.950000762939453,31.979999542236328,31.360000610351562,31.399999618530273,2474800,31.332536697387695,0.0,0.0
TECK,2025-08-20,31.229999542236328,31.440000534057617,30.979999542236328,31.270000457763672,2721200,31.202816009521484,0.0,0.0
TECK,2025-08-21,31.139999389648438,31.770000457763672,31.100000381469727,31.760000228881836,2570000,31.691762924194336,0.0,0.0
TECK,2025-08-22,31.850000381469727,34.060001373291016,31.790000915527344,33.61000061035156,4897500,33.53778839111328,0.0,0.0
TECK,2025-08-25,33.650001525878906,33.9900016784668,33.18000030517578,33.310001373291016,2102300,33.238433837890625,0.0,0.0
TECK,2025-08-26,33.0,33.36000061035156,32.689998626708984,33.27000045776367,3589600,33.19852066040039,0.0,0.0
TECK,2025-08-27,32.86000061035156,32.95000076293945,32.36000061035156,32.93000030517578,2443200,32.859249114990234,0.0,0.0
TECK,2025-08-28,33.2599983215332,33.97999954223633,33.099998474121094,33.77000045776367,3732100,33.697444915771484,0.0,0.0
TECK,2025-08-29,33.900001525878906,34.400001525878906,33.7599983215332,34.189998626708984,2497900,34.11654281616211,0.0,0.0
TECK,2025-09-02,33.75,33.95000076293945,32.849998474121094,33.54999923706055,3738900,33.4779167175293,0.0,0.0
TECK,2025-09-03,34.0,34.90999984741211,33.720001220703125,33.72999954223633,8825500,33.65753173828125,0.0,0.0
TECK,2025-09-04,33.27000045776367,33.380001068115234,31.68000030517578,32.77000045776367,12578400,32.69959259033203,0.0,0.0
TECK,2025-09-05,33.380001068115234,34.45000076293945,33.2400016784668,34.310001373291016,5199900,34.23628616333008,0.0,0.0
TECK,2025-09-08,35.34000015258789,35.75,34.310001373291016,35.11000061035156,6389400,35.03456497192383,0.0,0.0
TECK,2025-09-09,40.650001525878906,41.54999923706055,38.560001373291016,39.06999969482422,41720700,38.98605728149414,0.0,0.0
TECK,2025-09-10,40.0,40.68000030517578,39.72999954223633,40.45000076293945,13160500,40.363094329833984,0.0,0.0
TECK,2025-09-11,40.0099983215332,41.900001525878906,40.0099983215332,41.65999984741211,8267100,41.570491790771484,0.0,0.0
TECK,2025-09-12,41.72999954223633,42.209999084472656,41.06999969482422,41.88999938964844,6614500,41.79999923706055,0.0,0.0
TECK,2025-09-15,41.75,42.77000045776367,41.61000061035156,41.939998626708984,5959500,41.939998626708984,0.09,0.0
TECK,2025-09-16,41.810001373291016,42.209999084472656,40.09000015258789,40.189998626708984,8716600,40.189998626708984,0.0,0.0
TECK,2025-09-17,39.79999923706055,40.599998474121094,39.220001220703125,39.65999984741211,4689000,39.65999984741211,0.0,0.0
TECK,2025-09-18,39.869998931884766,40.349998474121094,39.369998931884766,39.439998626708984,2985400,39.439998626708984,0.0,0.0
TECK,2025-09-19,39.56999969482422,39.90999984741211,38.9900016784668,39.2400016784668,4049000,39.2400016784668,0.0,0.0
TECK,2025-09-22,39.38999938964844,39.529998779296875,38.599998474121094,38.75,4743200,38.75,0.0,0.0
TECK,2025-09-23,38.970001220703125,39.189998626708984,38.040000915527344,38.619998931884766,5702000,38.619998931884766,0.0,0.0
TECK,2025-09-24,39.810001373291016,41.029998779296875,39.619998931884766,40.0099983215332,10631100,40.0099983215332,0.0,0.0
TECK,2025-09-25,39.939998626708984,40.40999984741211,39.16999816894531,39.970001220703125,5283500,39.970001220703125,0.0,0.0
TECK,2025-09-26,39.61000061035156,41.70000076293945,39.560001373291016,41.439998626708984,5310400,41.439998626708984,0.0,0.0
TECK,2025-09-29,41.84000015258789,44.150001525878906,41.5,44.099998474121094,6747300,44.099998474121094,0.0,0.0
